{
  "type": "FeatureCollection",
  "features": [
    {
      "type": "Feature",
      "geometry": {
        "type": "Point",
        "coordinates": [
          121.53133118506987,
          25.08545599095467
        ]
      },
      "properties": {
        "city": "臺北市",
        "district": "士林區",
        "category": "充電站",
        "name": "中華汽車社子服務廠",
        "address": "臺北市士林區延平北路6段434號"
      }
    },
    {
      "type": "Feature",
      "geometry": {
        "type": "Point",
        "coordinates": [
          121.5764236403326,
          25.08254485360609
        ]
      },
      "properties": {
        "city": "臺北市",
        "district": "內湖區",
        "category": "充電站",
        "name": "中華汽車內湖1服務廠",
        "address": "臺北市內湖區內湖路一段411巷56號"
      }
    },
    {
      "type": "Feature",
      "geometry": {
        "type": "Point",
        "coordinates": [
          121.51071021572746,
          25.134718640415617
        ]
      },
      "properties": {
        "city": "臺北市",
        "district": "北投區",
        "category": "充電站",
        "name": "中華汽車北投服務廠",
        "address": "臺北市北投區大業路262號"
      }
    },
    {
      "type": "Feature",
      "geometry": {
        "type": "Point",
        "coordinates": [
          121.61200551756522,
          25.055288491894668
        ]
      },
      "properties": {
        "city": "臺北市",
        "district": "南港區",
        "category": "充電站",
        "name": "中華汽車南港服務廠",
        "address": "臺北市南港區成功路一段36巷20號"
      }
    },
    {
      "type": "Feature",
      "geometry": {
        "type": "Point",
        "coordinates": [
          121.53805362792629,
          25.096373875285277
        ]
      },
      "properties": {
        "city": "臺北市",
        "district": "士林區",
        "category": "充電站",
        "name": "福林公園地下停車場",
        "address": "臺北市士林區中正路17號"
      }
    },
    {
      "type": "Feature",
      "geometry": {
        "type": "Point",
        "coordinates": [
          121.53219366493083,
          25.084644517655587
        ]
      },
      "properties": {
        "city": "臺北市",
        "district": "士林區",
        "category": "充電站",
        "name": "文昌國小地下停車場",
        "address": "臺北市士林區文林路615巷20號地下"
      }
    },
    {
      "type": "Feature",
      "geometry": {
        "type": "Point",
        "coordinates": [
          121.52745116019891,
          25.076178293319142
        ]
      },
      "properties": {
        "city": "臺北市",
        "district": "士林區",
        "category": "充電站",
        "name": "社子國小地下停車場",
        "address": "臺北市士林區延平北路6段308號地下"
      }
    },
    {
      "type": "Feature",
      "geometry": {
        "type": "Point",
        "coordinates": [
          121.51983929652322,
          25.097986850677074
        ]
      },
      "properties": {
        "city": "臺北市",
        "district": "士林區",
        "category": "充電站",
        "name": "承德公園地下停車場",
        "address": "臺北市士林區基河路150號"
      }
    },
    {
      "type": "Feature",
      "geometry": {
        "type": "Point",
        "coordinates": [
          121.52144242776166,
          25.05846154016678
        ]
      },
      "properties": {
        "city": "臺北市",
        "district": "大同區",
        "category": "充電站",
        "name": "啟聰學校地下停車場",
        "address": "臺北市大同區延平北路4段205號"
      }
    },
    {
      "type": "Feature",
      "geometry": {
        "type": "Point",
        "coordinates": [
          121.52951553271734,
          25.061892056452788
        ]
      },
      "properties": {
        "city": "臺北市",
        "district": "大同區",
        "category": "充電站",
        "name": "建成公園地下停車場",
        "address": "臺北市大同區承德路2段31號"
      }
    },
    {
      "type": "Feature",
      "geometry": {
        "type": "Point",
        "coordinates": [
          121.50474591958135,
          25.06798529142364
        ]
      },
      "properties": {
        "city": "臺北市",
        "district": "大同區",
        "category": "充電站",
        "name": "建成國中地下停車場",
        "address": "臺北市大同區長安西路37號之1"
      }
    },
    {
      "type": "Feature",
      "geometry": {
        "type": "Point",
        "coordinates": [
          121.50625522442054,
          25.063311275136634
        ]
      },
      "properties": {
        "city": "臺北市",
        "district": "大同區",
        "category": "充電站",
        "name": "大龍國小地下停車場",
        "address": "臺北市大同區哈密街47號"
      }
    },
    {
      "type": "Feature",
      "geometry": {
        "type": "Point",
        "coordinates": [
          121.51092669977136,
          25.05773636357347
        ]
      },
      "properties": {
        "city": "臺北市",
        "district": "大同區",
        "category": "充電站",
        "name": "蓬萊國小地下停車場",
        "address": "臺北市大同區寧夏路35號"
      }
    },
    {
      "type": "Feature",
      "geometry": {
        "type": "Point",
        "coordinates": [
          121.55308116479657,
          25.026129541257404
        ]
      },
      "properties": {
        "city": "臺北市",
        "district": "大安區",
        "category": "充電站",
        "name": "龍門國中地下停車場",
        "address": "臺北市大安區建國南路2段269號地下停車場"
      }
    },
    {
      "type": "Feature",
      "geometry": {
        "type": "Point",
        "coordinates": [
          121.52887712420582,
          25.015882432471567
        ]
      },
      "properties": {
        "city": "臺北市",
        "district": "大安區",
        "category": "充電站",
        "name": "大安森林公園地下停車場",
        "address": "臺北市大安區建國南路2段2號"
      }
    },
    {
      "type": "Feature",
      "geometry": {
        "type": "Point",
        "coordinates": [
          121.54236406843707,
          25.026282373754732
        ]
      },
      "properties": {
        "city": "臺北市",
        "district": "大安區",
        "category": "充電站",
        "name": "嘉興公園地下停車場",
        "address": "臺北市大安區嘉興街373號"
      }
    },
    {
      "type": "Feature",
      "geometry": {
        "type": "Point",
        "coordinates": [
          121.52377781962245,
          25.06177946795103
        ]
      },
      "properties": {
        "city": "臺北市",
        "district": "中山區",
        "category": "充電站",
        "name": "永盛公園地下停車場",
        "address": "臺北市中山區中山北路2段93巷30號"
      }
    },
    {
      "type": "Feature",
      "geometry": {
        "type": "Point",
        "coordinates": [
          121.5210764635507,
          25.05179458410027
        ]
      },
      "properties": {
        "city": "臺北市",
        "district": "中山區",
        "category": "充電站",
        "name": "長安國小地下停車場",
        "address": "臺北市中山區松江路90巷14號B1樓"
      }
    },
    {
      "type": "Feature",
      "geometry": {
        "type": "Point",
        "coordinates": [
          121.53980365018431,
          25.065917960084573
        ]
      },
      "properties": {
        "city": "臺北市",
        "district": "中山區",
        "category": "充電站",
        "name": "榮星花園地下停車場",
        "address": "臺北市中山區建國北路3段39號"
      }
    },
    {
      "type": "Feature",
      "geometry": {
        "type": "Point",
        "coordinates": [
          121.54389251352734,
          25.0646057923399
        ]
      },
      "properties": {
        "city": "臺北市",
        "district": "中山區",
        "category": "充電站",
        "name": "濱江國中地下停車場",
        "address": "臺北市中山區樂群2路266巷1號地下停車場"
      }
    },
    {
      "type": "Feature",
      "geometry": {
        "type": "Point",
        "coordinates": [
          121.57950232869968,
          25.061351888698578
        ]
      },
      "properties": {
        "city": "臺北市",
        "district": "內湖區",
        "category": "充電站",
        "name": "大湖公園地下停車場",
        "address": "臺北市內湖區成功路5段7號"
      }
    },
    {
      "type": "Feature",
      "geometry": {
        "type": "Point",
        "coordinates": [
          121.5767506193472,
          25.067380356625815
        ]
      },
      "properties": {
        "city": "臺北市",
        "district": "內湖區",
        "category": "充電站",
        "name": "東湖國小地下停車場",
        "address": "臺北市內湖區東湖路115號地下停車場"
      }
    },
    {
      "type": "Feature",
      "geometry": {
        "type": "Point",
        "coordinates": [
          121.58442674585075,
          25.063162905641065
        ]
      },
      "properties": {
        "city": "臺北市",
        "district": "內湖區",
        "category": "充電站",
        "name": "康樂合署大樓地下停車場",
        "address": "臺北市內湖區康樂街150號"
      }
    },
    {
      "type": "Feature",
      "geometry": {
        "type": "Point",
        "coordinates": [
          121.5866738257015,
          24.99150330190937
        ]
      },
      "properties": {
        "city": "臺北市",
        "district": "文山區",
        "category": "充電站",
        "name": "永建國小地下停車場",
        "address": "臺北市文山區木柵路1段311巷1號"
      }
    },
    {
      "type": "Feature",
      "geometry": {
        "type": "Point",
        "coordinates": [
          121.5906815067577,
          24.983157318227256
        ]
      },
      "properties": {
        "city": "臺北市",
        "district": "文山區",
        "category": "充電站",
        "name": "興隆公園地下停車場",
        "address": "臺北市文山區仙岩路128號"
      }
    },
    {
      "type": "Feature",
      "geometry": {
        "type": "Point",
        "coordinates": [
          121.57552468780882,
          25.001677637027367
        ]
      },
      "properties": {
        "city": "臺北市",
        "district": "文山區",
        "category": "充電站",
        "name": "萬興國小地下停車場",
        "address": "臺北市文山區秀明路2段116號"
      }
    },
    {
      "type": "Feature",
      "geometry": {
        "type": "Point",
        "coordinates": [
          121.58164435914692,
          24.996725106038728
        ]
      },
      "properties": {
        "city": "臺北市",
        "district": "文山區",
        "category": "充電站",
        "name": "景美國小地下停車場",
        "address": "臺北市文山區景文街142巷2號地下停車場"
      }
    },
    {
      "type": "Feature",
      "geometry": {
        "type": "Point",
        "coordinates": [
          121.58348240661842,
          24.990595261763254
        ]
      },
      "properties": {
        "city": "臺北市",
        "district": "文山區",
        "category": "充電站",
        "name": "臺北花木批發市場地下停車場",
        "address": "臺北市文山區興隆路1段15號"
      }
    },
    {
      "type": "Feature",
      "geometry": {
        "type": "Point",
        "coordinates": [
          121.57020735746764,
          24.97558083661585
        ]
      },
      "properties": {
        "city": "臺北市",
        "district": "文山區",
        "category": "充電站",
        "name": "興隆D2區公共住宅地下停車場",
        "address": "臺北市文山區興隆路4段105巷45號"
      }
    },
    {
      "type": "Feature",
      "geometry": {
        "type": "Point",
        "coordinates": [
          121.49330881874076,
          25.12505359861688
        ]
      },
      "properties": {
        "city": "臺北市",
        "district": "北投區",
        "category": "充電站",
        "name": "七星公園地下停車場",
        "address": "臺北市北投區七星街3號"
      }
    },
    {
      "type": "Feature",
      "geometry": {
        "type": "Point",
        "coordinates": [
          121.48822571772659,
          25.13771627020892
        ]
      },
      "properties": {
        "city": "臺北市",
        "district": "北投區",
        "category": "充電站",
        "name": "振興公園地下停車場",
        "address": "臺北市北投區天母西路112號"
      }
    },
    {
      "type": "Feature",
      "geometry": {
        "type": "Point",
        "coordinates": [
          121.50758539110107,
          25.12128014605893
        ]
      },
      "properties": {
        "city": "臺北市",
        "district": "北投區",
        "category": "充電站",
        "name": "立農公園地下停車場",
        "address": "臺北市北投區承德路7段372號"
      }
    },
    {
      "type": "Feature",
      "geometry": {
        "type": "Point",
        "coordinates": [
          121.49232841112321,
          25.133777857998613
        ]
      },
      "properties": {
        "city": "臺北市",
        "district": "北投區",
        "category": "充電站",
        "name": "石牌國小地下停車場",
        "address": "臺北市北投區致遠二路80號地下停車場"
      }
    },
    {
      "type": "Feature",
      "geometry": {
        "type": "Point",
        "coordinates": [
          121.50821507951854,
          25.127981343855275
        ]
      },
      "properties": {
        "city": "臺北市",
        "district": "北投區",
        "category": "充電站",
        "name": "陽明山立體停車場",
        "address": "臺北市北投區湖山路1段51號"
      }
    },
    {
      "type": "Feature",
      "geometry": {
        "type": "Point",
        "coordinates": [
          121.56459360232239,
          25.067288970154713
        ]
      },
      "properties": {
        "city": "臺北市",
        "district": "松山區",
        "category": "充電站",
        "name": "八德立體停車場",
        "address": "臺北市松山區八德路4段580號"
      }
    },
    {
      "type": "Feature",
      "geometry": {
        "type": "Point",
        "coordinates": [
          121.5560916477798,
          25.05996667040544
        ]
      },
      "properties": {
        "city": "臺北市",
        "district": "松山區",
        "category": "充電站",
        "name": "松山國小地下停車場",
        "address": "台北市松山區八德路四段746號"
      }
    },
    {
      "type": "Feature",
      "geometry": {
        "type": "Point",
        "coordinates": [
          121.5615582732729,
          25.061172343423042
        ]
      },
      "properties": {
        "city": "臺北市",
        "district": "松山區",
        "category": "充電站",
        "name": "偶戲博物館地下停車場",
        "address": "臺北市松山區市民大道5段99號"
      }
    },
    {
      "type": "Feature",
      "geometry": {
        "type": "Point",
        "coordinates": [
          121.55247614489724,
          25.049552815135765
        ]
      },
      "properties": {
        "city": "臺北市",
        "district": "松山區",
        "category": "充電站",
        "name": "民有市場地下停車場",
        "address": "臺北市松山區民權東路3段140巷15號"
      }
    },
    {
      "type": "Feature",
      "geometry": {
        "type": "Point",
        "coordinates": [
          121.57562795309869,
          25.025509158268424
        ]
      },
      "properties": {
        "city": "臺北市",
        "district": "信義區",
        "category": "充電站",
        "name": "府前廣場地下停車場",
        "address": "台北市信義區松壽路1號B1"
      }
    },
    {
      "type": "Feature",
      "geometry": {
        "type": "Point",
        "coordinates": [
          121.58135246090792,
          25.03721118412567
        ]
      },
      "properties": {
        "city": "臺北市",
        "district": "信義區",
        "category": "充電站",
        "name": "松山工農地下停車場",
        "address": "台北市信義區忠孝東路五段236巷15號"
      }
    },
    {
      "type": "Feature",
      "geometry": {
        "type": "Point",
        "coordinates": [
          121.55813189080665,
          25.024561417827663
        ]
      },
      "properties": {
        "city": "臺北市",
        "district": "信義區",
        "category": "充電站",
        "name": "春光公園地下停車場",
        "address": "臺北市信義區忠孝東路5段666號"
      }
    },
    {
      "type": "Feature",
      "geometry": {
        "type": "Point",
        "coordinates": [
          121.56351879966932,
          25.032632915635357
        ]
      },
      "properties": {
        "city": "臺北市",
        "district": "信義區",
        "category": "充電站",
        "name": "忠信廣場地下停車場",
        "address": "臺北市信義區松仁路2號"
      }
    },
    {
      "type": "Feature",
      "geometry": {
        "type": "Point",
        "coordinates": [
          121.56588140623117,
          25.032137857455602
        ]
      },
      "properties": {
        "city": "臺北市",
        "district": "信義區",
        "category": "充電站",
        "name": "三張里公園地下停車場",
        "address": "臺北市信義區松平路81號"
      }
    },
    {
      "type": "Feature",
      "geometry": {
        "type": "Point",
        "coordinates": [
          121.57073678880165,
          25.017618185051273
        ]
      },
      "properties": {
        "city": "臺北市",
        "district": "信義區",
        "category": "充電站",
        "name": "信義國小地下停車場",
        "address": "臺北市信義區松勤街60號"
      }
    },
    {
      "type": "Feature",
      "geometry": {
        "type": "Point",
        "coordinates": [
          121.57285383698171,
          25.029320619411923
        ]
      },
      "properties": {
        "city": "臺北市",
        "district": "信義區",
        "category": "充電站",
        "name": "景勤二號公園地下停車場",
        "address": "臺北市信義區信安街49號"
      }
    },
    {
      "type": "Feature",
      "geometry": {
        "type": "Point",
        "coordinates": [
          121.58064995768369,
          25.039714616971544
        ]
      },
      "properties": {
        "city": "臺北市",
        "district": "信義區",
        "category": "充電站",
        "name": "信義廣場地下停車場",
        "address": "臺北市信義區信義路5段11號"
      }
    },
    {
      "type": "Feature",
      "geometry": {
        "type": "Point",
        "coordinates": [
          121.56129523772852,
          25.03142717205564
        ]
      },
      "properties": {
        "city": "臺北市",
        "district": "信義區",
        "category": "充電站",
        "name": "臺北市災害應變中心地下停車場",
        "address": "台北市信義區莊敬路391巷11弄2號1樓"
      }
    },
    {
      "type": "Feature",
      "geometry": {
        "type": "Point",
        "coordinates": [
          121.60250163723747,
          25.06216633202341
        ]
      },
      "properties": {
        "city": "臺北市",
        "district": "南港區",
        "category": "充電站",
        "name": "玉成公園地下停車場",
        "address": "臺北市南港區成福路116號"
      }
    },
    {
      "type": "Feature",
      "geometry": {
        "type": "Point",
        "coordinates": [
          121.60614519205306,
          25.05392894841428
        ]
      },
      "properties": {
        "city": "臺北市",
        "district": "南港區",
        "category": "充電站",
        "name": "玉成國小地下停車場",
        "address": "臺北市南港區昆陽街23號"
      }
    },
    {
      "type": "Feature",
      "geometry": {
        "type": "Point",
        "coordinates": [
          121.59293514917064,
          25.06669887185809
        ]
      },
      "properties": {
        "city": "臺北市",
        "district": "南港區",
        "category": "充電站",
        "name": "世貿公園地下停車場",
        "address": "臺北市南港區經貿二路88巷1號"
      }
    },
    {
      "type": "Feature",
      "geometry": {
        "type": "Point",
        "coordinates": [
          121.61674774978353,
          25.056563642723916
        ]
      },
      "properties": {
        "city": "臺北市",
        "district": "南港區",
        "category": "充電站",
        "name": "興中立體停車場",
        "address": "臺北市南港區興中路44巷1號"
      }
    },
    {
      "type": "Feature",
      "geometry": {
        "type": "Point",
        "coordinates": [
          121.59412440633689,
          25.064020463975
        ]
      },
      "properties": {
        "city": "臺北市",
        "district": "南港區",
        "category": "充電站",
        "name": "南港國小地下停車場",
        "address": "台北市南港區興東街59號"
      }
    },
    {
      "type": "Feature",
      "geometry": {
        "type": "Point",
        "coordinates": [
          121.50225827814184,
          25.0234285135899
        ]
      },
      "properties": {
        "city": "臺北市",
        "district": "萬華區",
        "category": "充電站",
        "name": "艋舺公園地下停車場",
        "address": "臺北市萬華區西園路1段145號"
      }
    },
    {
      "type": "Feature",
      "geometry": {
        "type": "Point",
        "coordinates": [
          121.49502719118634,
          25.02085351939446
        ]
      },
      "properties": {
        "city": "臺北市",
        "district": "萬華區",
        "category": "充電站",
        "name": "萬華國中地下停車場",
        "address": "臺北市萬華區西藏路201號地下停車場"
      }
    },
    {
      "type": "Feature",
      "geometry": {
        "type": "Point",
        "coordinates": [
          121.49475518841291,
          25.038315386959574
        ]
      },
      "properties": {
        "city": "臺北市",
        "district": "萬華區",
        "category": "充電站",
        "name": "青年公園棒球場地下停車場",
        "address": "臺北市萬華區青年路69號"
      }
    },
    {
      "type": "Feature",
      "geometry": {
        "type": "Point",
        "coordinates": [
          121.50357154983834,
          25.04137822128707
        ]
      },
      "properties": {
        "city": "臺北市",
        "district": "萬華區",
        "category": "充電站",
        "name": "峨眉立體停車場",
        "address": "臺北市萬華區峨眉街83號"
      }
    },
    {
      "type": "Feature",
      "geometry": {
        "type": "Point",
        "coordinates": [
          121.51016609563963,
          25.045723153877834
        ]
      },
      "properties": {
        "city": "臺北市",
        "district": "萬華區",
        "category": "充電站",
        "name": "青年公園高爾夫球場地下停車場",
        "address": "臺北市萬華區國興路5號"
      }
    },
    {
      "type": "Feature",
      "geometry": {
        "type": "Point",
        "coordinates": [
          121.50755425358717,
          25.043346566321663
        ]
      },
      "properties": {
        "city": "臺北市",
        "district": "萬華區",
        "category": "充電站",
        "name": "洛陽停車場",
        "address": "臺北市萬華區環河南路1段1號"
      }
    },
    {
      "type": "Feature",
      "geometry": {
        "type": "Point",
        "coordinates": [
          121.56282973532029,
          25.002312473471775
        ]
      },
      "properties": {
        "city": "臺北市",
        "district": "文山區",
        "category": "充電站",
        "name": "水源快速道路高架橋下停車場",
        "address": "臺北市文山區溪洲街128號"
      }
    },
    {
      "type": "Feature",
      "geometry": {
        "type": "Point",
        "coordinates": [
          121.56591463520205,
          24.979013770069212
        ]
      },
      "properties": {
        "city": "臺北市",
        "district": "文山區",
        "category": "充電站",
        "name": "公務人員訓練中心",
        "address": "臺北市文山區萬美街二段21巷20號"
      }
    },
    {
      "type": "Feature",
      "geometry": {
        "type": "Point",
        "coordinates": [
          121.56212395335407,
          25.04751275959543
        ]
      },
      "properties": {
        "city": "臺北市",
        "district": "松山區",
        "category": "充電站",
        "name": "體育局田徑場地下停車場",
        "address": "臺北市松山區敦化北路3-177號"
      }
    },
    {
      "type": "Feature",
      "geometry": {
        "type": "Point",
        "coordinates": [
          121.51394480466465,
          25.042553623427377
        ]
      },
      "properties": {
        "city": "臺北市",
        "district": "中正區",
        "category": "充電站",
        "name": "臺北市立大學(博愛校區)",
        "address": "臺北市中正區愛國西路1號"
      }
    },
    {
      "type": "Feature",
      "geometry": {
        "type": "Point",
        "coordinates": [
          121.52420091568717,
          25.097052838188297
        ]
      },
      "properties": {
        "city": "臺北市",
        "district": "士林區",
        "category": "充電站",
        "name": "瑞展機車行",
        "address": "臺北市士林區文林路752號"
      }
    },
    {
      "type": "Feature",
      "geometry": {
        "type": "Point",
        "coordinates": [
          121.53350864075031,
          25.08476975230388
        ]
      },
      "properties": {
        "city": "臺北市",
        "district": "士林區",
        "category": "充電站",
        "name": "金晉車業行",
        "address": "臺北市士林區延平北路5段111號"
      }
    },
    {
      "type": "Feature",
      "geometry": {
        "type": "Point",
        "coordinates": [
          121.52156653616744,
          25.082054107861573
        ]
      },
      "properties": {
        "city": "臺北市",
        "district": "士林區",
        "category": "充電站",
        "name": "得勝機車行",
        "address": "臺北市士林區延平北路8段175號"
      }
    },
    {
      "type": "Feature",
      "geometry": {
        "type": "Point",
        "coordinates": [
          121.52530591221893,
          25.104956321288988
        ]
      },
      "properties": {
        "city": "臺北市",
        "district": "士林區",
        "category": "充電站",
        "name": "文發機車行",
        "address": "臺北市士林區社中街462號"
      }
    },
    {
      "type": "Feature",
      "geometry": {
        "type": "Point",
        "coordinates": [
          121.51166877080723,
          25.078769896192217
        ]
      },
      "properties": {
        "city": "臺北市",
        "district": "士林區",
        "category": "充電站",
        "name": "正大機車行",
        "address": "臺北市士林區德行東路206號"
      }
    },
    {
      "type": "Feature",
      "geometry": {
        "type": "Point",
        "coordinates": [
          121.52204479994339,
          25.076248782130214
        ]
      },
      "properties": {
        "city": "臺北市",
        "district": "大同區",
        "category": "充電站",
        "name": "甲翊機車行",
        "address": "臺北市大同區大龍街230號"
      }
    },
    {
      "type": "Feature",
      "geometry": {
        "type": "Point",
        "coordinates": [
          121.50406513048875,
          25.054971121182685
        ]
      },
      "properties": {
        "city": "臺北市",
        "district": "大同區",
        "category": "充電站",
        "name": "國真車業有限公司",
        "address": "臺北市大同區承德路3段312號"
      }
    },
    {
      "type": "Feature",
      "geometry": {
        "type": "Point",
        "coordinates": [
          121.52379892531425,
          25.061640522510476
        ]
      },
      "properties": {
        "city": "臺北市",
        "district": "大同區",
        "category": "充電站",
        "name": "進益機車行",
        "address": "臺北市大同區庫倫街31號"
      }
    },
    {
      "type": "Feature",
      "geometry": {
        "type": "Point",
        "coordinates": [
          121.54332678768014,
          25.019830937184146
        ]
      },
      "properties": {
        "city": "臺北市",
        "district": "大安區",
        "category": "充電站",
        "name": "福全車業",
        "address": "臺北市大安區和平東路3段228巷88號"
      }
    },
    {
      "type": "Feature",
      "geometry": {
        "type": "Point",
        "coordinates": [
          121.53616982713251,
          25.030950530943933
        ]
      },
      "properties": {
        "city": "臺北市",
        "district": "大安區",
        "category": "充電站",
        "name": "福元車業行",
        "address": "臺北市大安區富陽街2號"
      }
    },
    {
      "type": "Feature",
      "geometry": {
        "type": "Point",
        "coordinates": [
          121.54081435202399,
          25.058271496047308
        ]
      },
      "properties": {
        "city": "臺北市",
        "district": "中山區",
        "category": "充電站",
        "name": "材洋車業",
        "address": "臺北市中山區八德路2段61號"
      }
    },
    {
      "type": "Feature",
      "geometry": {
        "type": "Point",
        "coordinates": [
          121.52818553980482,
          25.070114951066046
        ]
      },
      "properties": {
        "city": "臺北市",
        "district": "中山區",
        "category": "充電站",
        "name": "正良機車有限公司",
        "address": "臺北市中山區八德路2段70號"
      }
    },
    {
      "type": "Feature",
      "geometry": {
        "type": "Point",
        "coordinates": [
          121.53129841610227,
          25.053868467054414
        ]
      },
      "properties": {
        "city": "臺北市",
        "district": "中山區",
        "category": "充電站",
        "name": "旭峰機車行",
        "address": "臺北市中山區北安路670巷9號"
      }
    },
    {
      "type": "Feature",
      "geometry": {
        "type": "Point",
        "coordinates": [
          121.54196993116115,
          25.078852054978427
        ]
      },
      "properties": {
        "city": "臺北市",
        "district": "中山區",
        "category": "充電站",
        "name": "東舜機車行",
        "address": "臺北市中山區龍江路16號"
      }
    },
    {
      "type": "Feature",
      "geometry": {
        "type": "Point",
        "coordinates": [
          121.52459795706324,
          25.019298211151924
        ]
      },
      "properties": {
        "city": "臺北市",
        "district": "中正區",
        "category": "充電站",
        "name": "興珍機車行",
        "address": "臺北市中正區汀州路1段204號"
      }
    },
    {
      "type": "Feature",
      "geometry": {
        "type": "Point",
        "coordinates": [
          121.57761710489763,
          25.08100398865841
        ]
      },
      "properties": {
        "city": "臺北市",
        "district": "內湖區",
        "category": "充電站",
        "name": "欣隆機車行",
        "address": "臺北市內湖區內湖路1段411巷11號"
      }
    },
    {
      "type": "Feature",
      "geometry": {
        "type": "Point",
        "coordinates": [
          121.60020491751362,
          25.074562874899136
        ]
      },
      "properties": {
        "city": "臺北市",
        "district": "內湖區",
        "category": "充電站",
        "name": "國生機車行",
        "address": "臺北市內湖區內湖路2段67號"
      }
    },
    {
      "type": "Feature",
      "geometry": {
        "type": "Point",
        "coordinates": [
          121.6008971757572,
          25.058475289500677
        ]
      },
      "properties": {
        "city": "臺北市",
        "district": "內湖區",
        "category": "充電站",
        "name": "吉川二輪工作室",
        "address": "臺北市內湖區內湖路3段59巷17號"
      }
    },
    {
      "type": "Feature",
      "geometry": {
        "type": "Point",
        "coordinates": [
          121.60235430976046,
          25.0745037869257
        ]
      },
      "properties": {
        "city": "臺北市",
        "district": "內湖區",
        "category": "充電站",
        "name": "柏成機車行",
        "address": "臺北市內湖區成功路4段331號"
      }
    },
    {
      "type": "Feature",
      "geometry": {
        "type": "Point",
        "coordinates": [
          121.59494152485614,
          25.069315578063932
        ]
      },
      "properties": {
        "city": "臺北市",
        "district": "內湖區",
        "category": "充電站",
        "name": "新翔發車業",
        "address": "臺北市內湖區環山路2段10巷2號"
      }
    },
    {
      "type": "Feature",
      "geometry": {
        "type": "Point",
        "coordinates": [
          121.5640444439707,
          24.98001653363475
        ]
      },
      "properties": {
        "city": "臺北市",
        "district": "文山區",
        "category": "充電站",
        "name": "嘉聰車行",
        "address": "臺北市文山區指南路2段128號"
      }
    },
    {
      "type": "Feature",
      "geometry": {
        "type": "Point",
        "coordinates": [
          121.58129623092675,
          24.978761091202376
        ]
      },
      "properties": {
        "city": "臺北市",
        "district": "文山區",
        "category": "充電站",
        "name": "德勝車業",
        "address": "臺北市文山區興隆路1段139號"
      }
    },
    {
      "type": "Feature",
      "geometry": {
        "type": "Point",
        "coordinates": [
          121.48592202592383,
          25.146130276237724
        ]
      },
      "properties": {
        "city": "臺北市",
        "district": "北投區",
        "category": "充電站",
        "name": "義成機車行",
        "address": "臺北市北投區中央南路一段225巷4號"
      }
    },
    {
      "type": "Feature",
      "geometry": {
        "type": "Point",
        "coordinates": [
          121.5066079481729,
          25.126772099320814
        ]
      },
      "properties": {
        "city": "臺北市",
        "district": "北投區",
        "category": "充電站",
        "name": "福盛車業行",
        "address": "臺北市北投區中央南路二段123號"
      }
    },
    {
      "type": "Feature",
      "geometry": {
        "type": "Point",
        "coordinates": [
          121.48895121492407,
          25.143717149166417
        ]
      },
      "properties": {
        "city": "臺北市",
        "district": "北投區",
        "category": "充電站",
        "name": "嘉麟車業行",
        "address": "臺北市北投區中和街486號"
      }
    },
    {
      "type": "Feature",
      "geometry": {
        "type": "Point",
        "coordinates": [
          121.50901150488932,
          25.131087366560532
        ]
      },
      "properties": {
        "city": "臺北市",
        "district": "北投區",
        "category": "充電站",
        "name": "銘洋機車行",
        "address": "臺北市北投區東陽街423號"
      }
    },
    {
      "type": "Feature",
      "geometry": {
        "type": "Point",
        "coordinates": [
          121.51096674649489,
          25.144000306000006
        ]
      },
      "properties": {
        "city": "臺北市",
        "district": "北投區",
        "category": "充電站",
        "name": "友盛機車",
        "address": "臺北市北投區致遠一路1段4號"
      }
    },
    {
      "type": "Feature",
      "geometry": {
        "type": "Point",
        "coordinates": [
          121.51361162387508,
          25.125543388332876
        ]
      },
      "properties": {
        "city": "臺北市",
        "district": "北投區",
        "category": "充電站",
        "name": "眾欣機車行",
        "address": "台北市北投區崇仁路一段25號"
      }
    },
    {
      "type": "Feature",
      "geometry": {
        "type": "Point",
        "coordinates": [
          121.51411011130186,
          25.14439543134309
        ]
      },
      "properties": {
        "city": "臺北市",
        "district": "北投區",
        "category": "充電站",
        "name": "舜益車業行",
        "address": "臺北市北投區懷德街30號"
      }
    },
    {
      "type": "Feature",
      "geometry": {
        "type": "Point",
        "coordinates": [
          121.56997354417686,
          25.051771022174886
        ]
      },
      "properties": {
        "city": "臺北市",
        "district": "松山區",
        "category": "充電站",
        "name": "山崎動機車業",
        "address": "臺北市松山區龍江路384巷31號"
      }
    },
    {
      "type": "Feature",
      "geometry": {
        "type": "Point",
        "coordinates": [
          121.58481431784955,
          25.022244317080055
        ]
      },
      "properties": {
        "city": "臺北市",
        "district": "信義區",
        "category": "充電站",
        "name": "生暉機車行",
        "address": "台北市信義區中坡南路271號"
      }
    },
    {
      "type": "Feature",
      "geometry": {
        "type": "Point",
        "coordinates": [
          121.56673024684939,
          25.029730155694807
        ]
      },
      "properties": {
        "city": "臺北市",
        "district": "信義區",
        "category": "充電站",
        "name": "帛林機車行",
        "address": "臺北市信義區松信路45號"
      }
    },
    {
      "type": "Feature",
      "geometry": {
        "type": "Point",
        "coordinates": [
          121.599339048395,
          25.041073510170218
        ]
      },
      "properties": {
        "city": "臺北市",
        "district": "南港區",
        "category": "充電站",
        "name": "易展機車行",
        "address": "臺北市南港區忠孝東路7段589號"
      }
    },
    {
      "type": "Feature",
      "geometry": {
        "type": "Point",
        "coordinates": [
          121.6092915991826,
          25.06081146140791
        ]
      },
      "properties": {
        "city": "臺北市",
        "district": "南港區",
        "category": "充電站",
        "name": "技專車業行",
        "address": "臺北市南港區昆陽街157巷11號"
      }
    },
    {
      "type": "Feature",
      "geometry": {
        "type": "Point",
        "coordinates": [
          121.5951838172255,
          25.0632282853158
        ]
      },
      "properties": {
        "city": "臺北市",
        "district": "南港區",
        "category": "充電站",
        "name": "興揚機車有限公司",
        "address": "臺北市南港區南港路3段16巷2-1號"
      }
    },
    {
      "type": "Feature",
      "geometry": {
        "type": "Point",
        "coordinates": [
          121.59174937866098,
          25.040734916654348
        ]
      },
      "properties": {
        "city": "臺北市",
        "district": "南港區",
        "category": "充電站",
        "name": "正鑫車業行",
        "address": "臺北市南港區舊莊街1段185號"
      }
    },
    {
      "type": "Feature",
      "geometry": {
        "type": "Point",
        "coordinates": [
          121.48597449160138,
          25.03218895387361
        ]
      },
      "properties": {
        "city": "臺北市",
        "district": "萬華區",
        "category": "充電站",
        "name": "東石機車行",
        "address": "臺北市萬華區民和街70號"
      }
    },
    {
      "type": "Feature",
      "geometry": {
        "type": "Point",
        "coordinates": [
          121.49343794202996,
          25.02820581400705
        ]
      },
      "properties": {
        "city": "臺北市",
        "district": "萬華區",
        "category": "充電站",
        "name": "俊展車業",
        "address": "臺北市萬華區青年路114號"
      }
    },
    {
      "type": "Feature",
      "geometry": {
        "type": "Point",
        "coordinates": [
          121.49742849494702,
          25.023512126149633
        ]
      },
      "properties": {
        "city": "臺北市",
        "district": "萬華區",
        "category": "充電站",
        "name": "正勝車業行",
        "address": "臺北市萬華區青年路152巷35號"
      }
    },
    {
      "type": "Feature",
      "geometry": {
        "type": "Point",
        "coordinates": [
          121.49686109606796,
          25.04237922211061
        ]
      },
      "properties": {
        "city": "臺北市",
        "district": "萬華區",
        "category": "充電站",
        "name": "萬華國生車業",
        "address": "臺北市萬華區環河南路2段154巷2號"
      }
    },
    {
      "type": "Feature",
      "geometry": {
        "type": "Point",
        "coordinates": [
          121.48412775089918,
          25.039518147103344
        ]
      },
      "properties": {
        "city": "臺北市",
        "district": "萬華區",
        "category": "充電站",
        "name": "華中機車行",
        "address": "臺北市萬華區雙和街75號"
      }
    },
    {
      "type": "Feature",
      "geometry": {
        "type": "Point",
        "coordinates": [
          121.51421944680844,
          25.097759453723857
        ]
      },
      "properties": {
        "city": "臺北市",
        "district": "士林區",
        "category": "充電站",
        "name": "福安里辦公室",
        "address": "臺北市士林區延平北路7段107巷10號"
      }
    },
    {
      "type": "Feature",
      "geometry": {
        "type": "Point",
        "coordinates": [
          121.53063512138348,
          25.096897590718463
        ]
      },
      "properties": {
        "city": "臺北市",
        "district": "士林區",
        "category": "充電站",
        "name": "名山里貓頭鷹之家",
        "address": "臺北市士林區雨聲街68號"
      }
    },
    {
      "type": "Feature",
      "geometry": {
        "type": "Point",
        "coordinates": [
          121.52592661765199,
          25.03353214427413
        ]
      },
      "properties": {
        "city": "臺北市",
        "district": "中正區",
        "category": "充電站",
        "name": "河堤里辦公室",
        "address": "臺北市中正區金門街11之1號"
      }
    },
    {
      "type": "Feature",
      "geometry": {
        "type": "Point",
        "coordinates": [
          121.52384596472285,
          25.033571421213388
        ]
      },
      "properties": {
        "city": "臺北市",
        "district": "中正區",
        "category": "充電站",
        "name": "網溪里辦公室",
        "address": "臺北市中正區牯嶺街165號"
      }
    },
    {
      "type": "Feature",
      "geometry": {
        "type": "Point",
        "coordinates": [
          121.59602723145215,
          25.072402059887683
        ]
      },
      "properties": {
        "city": "臺北市",
        "district": "內湖區",
        "category": "充電站",
        "name": "安泰里辦公室",
        "address": "臺北市內湖區安泰街49巷1號1樓"
      }
    },
    {
      "type": "Feature",
      "geometry": {
        "type": "Point",
        "coordinates": [
          121.58227353810366,
          24.983998381799
        ]
      },
      "properties": {
        "city": "臺北市",
        "district": "文山區",
        "category": "充電站",
        "name": "景東里里辦公室",
        "address": "臺北市文山區景興路153巷1號"
      }
    },
    {
      "type": "Feature",
      "geometry": {
        "type": "Point",
        "coordinates": [
          121.53106614856051,
          25.071085007417903
        ]
      },
      "properties": {
        "city": "臺北市",
        "district": "中山區",
        "category": "充電站",
        "name": "東和藝品有限公司(77號單車店)",
        "address": "臺北市中山區民生東路2段77號"
      }
    },
    {
      "type": "Feature",
      "geometry": {
        "type": "Point",
        "coordinates": [
          121.51000567866102,
          25.094532421282583
        ]
      },
      "properties": {
        "city": "臺北市",
        "district": "士林區",
        "category": "充電站",
        "name": "捷運淡水線芝山站",
        "address": "臺北市士林區福國路70號"
      }
    },
    {
      "type": "Feature",
      "geometry": {
        "type": "Point",
        "coordinates": [
          121.55074808275505,
          25.030554213303816
        ]
      },
      "properties": {
        "city": "臺北市",
        "district": "大安區",
        "category": "充電站",
        "name": "捷運木柵線麟光站",
        "address": "臺北市大安區和平東路3段410號"
      }
    },
    {
      "type": "Feature",
      "geometry": {
        "type": "Point",
        "coordinates": [
          121.48689583360927,
          25.13111107777207
        ]
      },
      "properties": {
        "city": "臺北市",
        "district": "北投區",
        "category": "充電站",
        "name": "捷運淡水線奇岩站",
        "address": "臺北市北投區三合街2段489號"
      }
    },
    {
      "type": "Feature",
      "geometry": {
        "type": "Point",
        "coordinates": [
          121.51246679523706,
          25.135426337782707
        ]
      },
      "properties": {
        "city": "臺北市",
        "district": "北投區",
        "category": "充電站",
        "name": "捷運淡水線復興崗站",
        "address": "臺北市北投區中央北路3段53巷10號"
      }
    },
    {
      "type": "Feature",
      "geometry": {
        "type": "Point",
        "coordinates": [
          121.50186685036022,
          25.141457098157662
        ]
      },
      "properties": {
        "city": "臺北市",
        "district": "北投區",
        "category": "充電站",
        "name": "捷運淡水線忠義站",
        "address": "臺北市北投區中央北路4段301號"
      }
    },
    {
      "type": "Feature",
      "geometry": {
        "type": "Point",
        "coordinates": [
          121.4872508670393,
          25.11874609753011
        ]
      },
      "properties": {
        "city": "臺北市",
        "district": "北投區",
        "category": "充電站",
        "name": "捷運淡水線石牌站",
        "address": "臺北市北投區石牌路1段200號"
      }
    },
    {
      "type": "Feature",
      "geometry": {
        "type": "Point",
        "coordinates": [
          121.50875321322664,
          25.127736155741452
        ]
      },
      "properties": {
        "city": "臺北市",
        "district": "北投區",
        "category": "充電站",
        "name": "捷運淡水線北投站",
        "address": "臺北市北投區光明路1號"
      }
    },
    {
      "type": "Feature",
      "geometry": {
        "type": "Point",
        "coordinates": [
          121.50766147927278,
          25.125272098876607
        ]
      },
      "properties": {
        "city": "臺北市",
        "district": "北投區",
        "category": "充電站",
        "name": "捷運淡水線明德站",
        "address": "臺北市北投區明德路95號"
      }
    },
    {
      "type": "Feature",
      "geometry": {
        "type": "Point",
        "coordinates": [
          121.52906697156085,
          25.095070975151593
        ]
      },
      "properties": {
        "city": "臺北市",
        "district": "士林區",
        "category": "充電站",
        "name": "社子清潔分隊(葫蘆)",
        "address": "臺北市士林區中正路臨707-1號(重陽橋下)"
      }
    },
    {
      "type": "Feature",
      "geometry": {
        "type": "Point",
        "coordinates": [
          121.52607408401575,
          25.100530281741744
        ]
      },
      "properties": {
        "city": "臺北市",
        "district": "士林區",
        "category": "充電站",
        "name": "草山清潔分隊",
        "address": "臺北市士林區格致路34號"
      }
    },
    {
      "type": "Feature",
      "geometry": {
        "type": "Point",
        "coordinates": [
          121.52862282541733,
          25.075839699110368
        ]
      },
      "properties": {
        "city": "臺北市",
        "district": "大同區",
        "category": "充電站",
        "name": "建成清潔分隊",
        "address": "臺北市大同區民權西路194之1號"
      }
    },
    {
      "type": "Feature",
      "geometry": {
        "type": "Point",
        "coordinates": [
          121.51119520562474,
          25.05624085278415
        ]
      },
      "properties": {
        "city": "臺北市",
        "district": "大同區",
        "category": "充電站",
        "name": "大龍清潔分隊",
        "address": "臺北市大同區承德路3段303之1號(承德橋下)"
      }
    },
    {
      "type": "Feature",
      "geometry": {
        "type": "Point",
        "coordinates": [
          121.50192807640778,
          25.060002166241514
        ]
      },
      "properties": {
        "city": "臺北市",
        "district": "大同區",
        "category": "充電站",
        "name": "蘭州清潔分隊",
        "address": "臺北市大同區敦煌路151之1號"
      }
    },
    {
      "type": "Feature",
      "geometry": {
        "type": "Point",
        "coordinates": [
          121.51249222570765,
          25.07389672041598
        ]
      },
      "properties": {
        "city": "臺北市",
        "district": "大同區",
        "category": "充電站",
        "name": "直屬夜勤清潔分隊",
        "address": "臺北市大同區鄭州路臨50號"
      }
    },
    {
      "type": "Feature",
      "geometry": {
        "type": "Point",
        "coordinates": [
          121.51765704481375,
          25.076183718970718
        ]
      },
      "properties": {
        "city": "臺北市",
        "district": "大同區",
        "category": "充電站",
        "name": "延平清潔分隊",
        "address": "臺北市大同區環河北路1段臨63-1號"
      }
    },
    {
      "type": "Feature",
      "geometry": {
        "type": "Point",
        "coordinates": [
          121.55463891922335,
          25.019691124340135
        ]
      },
      "properties": {
        "city": "臺北市",
        "district": "大安區",
        "category": "充電站",
        "name": "台大清潔分隊",
        "address": "臺北市大安區辛亥路1段臨138號"
      }
    },
    {
      "type": "Feature",
      "geometry": {
        "type": "Point",
        "coordinates": [
          121.53269626567666,
          25.03349649524358
        ]
      },
      "properties": {
        "city": "臺北市",
        "district": "大安區",
        "category": "充電站",
        "name": "和平清潔分隊",
        "address": "臺北市大安區辛亥路1段臨143號"
      }
    },
    {
      "type": "Feature",
      "geometry": {
        "type": "Point",
        "coordinates": [
          121.5368220951671,
          25.02249428440939
        ]
      },
      "properties": {
        "city": "臺北市",
        "district": "大安區",
        "category": "充電站",
        "name": "敦化清潔分隊",
        "address": "臺北市大安區忠孝東路3段31號(建國北路橋孔下)"
      }
    },
    {
      "type": "Feature",
      "geometry": {
        "type": "Point",
        "coordinates": [
          121.53353099064671,
          25.01835345048071
        ]
      },
      "properties": {
        "city": "臺北市",
        "district": "大安區",
        "category": "充電站",
        "name": "新生清潔分隊",
        "address": "臺北市大安區建國南路1段臨173號(近濟南路3段)"
      }
    },
    {
      "type": "Feature",
      "geometry": {
        "type": "Point",
        "coordinates": [
          121.5316682643015,
          25.020854518418265
        ]
      },
      "properties": {
        "city": "臺北市",
        "district": "大安區",
        "category": "充電站",
        "name": "瑞安清潔分隊",
        "address": "臺北市大安區建國南路2段臨263號"
      }
    },
    {
      "type": "Feature",
      "geometry": {
        "type": "Point",
        "coordinates": [
          121.54890481503713,
          25.036264447124562
        ]
      },
      "properties": {
        "city": "臺北市",
        "district": "大安區",
        "category": "充電站",
        "name": "臥龍清潔分隊",
        "address": "臺北市大安區基隆路3段臨24號"
      }
    },
    {
      "type": "Feature",
      "geometry": {
        "type": "Point",
        "coordinates": [
          121.52289382563856,
          25.060138128920563
        ]
      },
      "properties": {
        "city": "臺北市",
        "district": "中山區",
        "category": "充電站",
        "name": "中山區清潔隊大直分隊",
        "address": "臺北市中山區大直街21巷2號"
      }
    },
    {
      "type": "Feature",
      "geometry": {
        "type": "Point",
        "coordinates": [
          121.53580361432938,
          25.0786533915779
        ]
      },
      "properties": {
        "city": "臺北市",
        "district": "中山區",
        "category": "充電站",
        "name": "中山區清潔隊長安分隊",
        "address": "臺北市中山區建國北路1段臨5-1號"
      }
    },
    {
      "type": "Feature",
      "geometry": {
        "type": "Point",
        "coordinates": [
          121.52571372382869,
          25.06735278042671
        ]
      },
      "properties": {
        "city": "臺北市",
        "district": "中山區",
        "category": "充電站",
        "name": "溝一清潔分隊",
        "address": "臺北市中山區建國北路2段63號對面"
      }
    },
    {
      "type": "Feature",
      "geometry": {
        "type": "Point",
        "coordinates": [
          121.53676824626292,
          25.072017425737357
        ]
      },
      "properties": {
        "city": "臺北市",
        "district": "中山區",
        "category": "充電站",
        "name": "民一清潔分隊",
        "address": "臺北市中山區建國北路3段96之1號"
      }
    },
    {
      "type": "Feature",
      "geometry": {
        "type": "Point",
        "coordinates": [
          121.52548121714689,
          25.06984952262201
        ]
      },
      "properties": {
        "city": "臺北市",
        "district": "中山區",
        "category": "充電站",
        "name": "中山清潔分隊",
        "address": "臺北市中山區新生北路2段臨30-1號"
      }
    },
    {
      "type": "Feature",
      "geometry": {
        "type": "Point",
        "coordinates": [
          121.5400771984025,
          25.06623217018466
        ]
      },
      "properties": {
        "city": "臺北市",
        "district": "中山區",
        "category": "充電站",
        "name": "民二清潔分隊",
        "address": "臺北市中山區錦州街臨306號"
      }
    },
    {
      "type": "Feature",
      "geometry": {
        "type": "Point",
        "coordinates": [
          121.50202650704509,
          25.024508876334757
        ]
      },
      "properties": {
        "city": "臺北市",
        "district": "中正區",
        "category": "充電站",
        "name": "公館清潔分隊",
        "address": "臺北市中正區水源路臨2號"
      }
    },
    {
      "type": "Feature",
      "geometry": {
        "type": "Point",
        "coordinates": [
          121.50463739540724,
          25.017870840536148
        ]
      },
      "properties": {
        "city": "臺北市",
        "district": "中正區",
        "category": "充電站",
        "name": "泉州清潔分隊",
        "address": "臺北市中正區惠安街47號"
      }
    },
    {
      "type": "Feature",
      "geometry": {
        "type": "Point",
        "coordinates": [
          121.58524894761808,
          24.990431091214283
        ]
      },
      "properties": {
        "city": "臺北市",
        "district": "文山區",
        "category": "充電站",
        "name": "景美清潔分隊",
        "address": "臺北市文山區溪洲街臨220號"
      }
    },
    {
      "type": "Feature",
      "geometry": {
        "type": "Point",
        "coordinates": [
          121.48558078879769,
          25.133128586508796
        ]
      },
      "properties": {
        "city": "臺北市",
        "district": "北投區",
        "category": "充電站",
        "name": "關渡清潔分隊",
        "address": "臺北市北投區大度路3段臨250號"
      }
    },
    {
      "type": "Feature",
      "geometry": {
        "type": "Point",
        "coordinates": [
          121.50829195024066,
          25.134714657766157
        ]
      },
      "properties": {
        "city": "臺北市",
        "district": "北投區",
        "category": "充電站",
        "name": "石牌清潔分隊",
        "address": "臺北市北投區承德路7段393巷200號"
      }
    },
    {
      "type": "Feature",
      "geometry": {
        "type": "Point",
        "coordinates": [
          121.5554465984595,
          25.059968977841113
        ]
      },
      "properties": {
        "city": "臺北市",
        "district": "松山區",
        "category": "充電站",
        "name": "松山清潔分隊",
        "address": "台北市松山區南京東路五段372號"
      }
    },
    {
      "type": "Feature",
      "geometry": {
        "type": "Point",
        "coordinates": [
          121.55734391845893,
          25.0383135444266
        ]
      },
      "properties": {
        "city": "臺北市",
        "district": "信義區",
        "category": "充電站",
        "name": "三張犁與五分埔分隊",
        "address": "臺北市信義區忠孝東路5段255巷臨6號"
      }
    },
    {
      "type": "Feature",
      "geometry": {
        "type": "Point",
        "coordinates": [
          121.6030561435592,
          25.042912463418627
        ]
      },
      "properties": {
        "city": "臺北市",
        "district": "南港區",
        "category": "充電站",
        "name": "玉成清潔分隊",
        "address": "臺北市南港區向陽路49號"
      }
    },
    {
      "type": "Feature",
      "geometry": {
        "type": "Point",
        "coordinates": [
          121.61467379139039,
          25.06437381638353
        ]
      },
      "properties": {
        "city": "臺北市",
        "district": "南港區",
        "category": "充電站",
        "name": "南港清潔分隊",
        "address": "臺北市南港區松河街699號"
      }
    },
    {
      "type": "Feature",
      "geometry": {
        "type": "Point",
        "coordinates": [
          121.49444897139853,
          25.03033382574312
        ]
      },
      "properties": {
        "city": "臺北市",
        "district": "萬華區",
        "category": "充電站",
        "name": "昆明清潔分隊",
        "address": "臺北市萬華區和平西路3段251號1,2樓"
      }
    },
    {
      "type": "Feature",
      "geometry": {
        "type": "Point",
        "coordinates": [
          121.51185617751447,
          25.02132723379392
        ]
      },
      "properties": {
        "city": "臺北市",
        "district": "萬華區",
        "category": "充電站",
        "name": "大理清潔分隊",
        "address": "臺北市萬華區長順街臨131號"
      }
    },
    {
      "type": "Feature",
      "geometry": {
        "type": "Point",
        "coordinates": [
          121.51073607454236,
          25.02496138334226
        ]
      },
      "properties": {
        "city": "臺北市",
        "district": "萬華區",
        "category": "充電站",
        "name": "漢中清潔分隊",
        "address": "臺北市萬華區環河南路1段臨280之1號"
      }
    },
    {
      "type": "Feature",
      "geometry": {
        "type": "Point",
        "coordinates": [
          121.58793244058118,
          25.062691607019072
        ]
      },
      "properties": {
        "city": "臺北市",
        "district": "內湖區",
        "category": "充電站",
        "name": "內湖垃圾焚化廠",
        "address": "臺北市內湖區安康路290號"
      }
    },
    {
      "type": "Feature",
      "geometry": {
        "type": "Point",
        "coordinates": [
          121.57040844012522,
          24.993104070506856
        ]
      },
      "properties": {
        "city": "臺北市",
        "district": "文山區",
        "category": "充電站",
        "name": "木柵垃圾焚化廠",
        "address": "臺北市文山區木柵路5段53號"
      }
    },
    {
      "type": "Feature",
      "geometry": {
        "type": "Point",
        "coordinates": [
          121.50211124505313,
          25.146240984366305
        ]
      },
      "properties": {
        "city": "臺北市",
        "district": "北投區",
        "category": "充電站",
        "name": "北投垃圾焚化廠",
        "address": "臺北市北投區洲美街271號"
      }
    },
    {
      "type": "Feature",
      "geometry": {
        "type": "Point",
        "coordinates": [
          121.52304439167821,
          25.04997822290545
        ]
      },
      "properties": {
        "city": "臺北市",
        "district": "中山區",
        "category": "充電站",
        "name": "臺北市中山運動中心",
        "address": "臺北市中山區中山北路二段44巷2號B1"
      }
    },
    {
      "type": "Feature",
      "geometry": {
        "type": "Point",
        "coordinates": [
          121.52897339691863,
          25.03970889065707
        ]
      },
      "properties": {
        "city": "臺北市",
        "district": "大安區",
        "category": "充電站",
        "name": "宏立機車事業有限公司",
        "address": "臺北市大安區和平東路2段141號"
      }
    },
    {
      "type": "Feature",
      "geometry": {
        "type": "Point",
        "coordinates": [
          121.54825620721383,
          25.06980969702249
        ]
      },
      "properties": {
        "city": "臺北市",
        "district": "松山區",
        "category": "充電站",
        "name": "群億車業商行",
        "address": "臺北市松山區八德路4段336號"
      }
    },
    {
      "type": "Feature",
      "geometry": {
        "type": "Point",
        "coordinates": [
          121.5547560528693,
          25.04674068357893
        ]
      },
      "properties": {
        "city": "臺北市",
        "district": "松山區",
        "category": "充電站",
        "name": "松春來車業有限公司",
        "address": "臺北市松山區民權東路5段30號"
      }
    },
    {
      "type": "Feature",
      "geometry": {
        "type": "Point",
        "coordinates": [
          121.55274112355941,
          25.04686033549228
        ]
      },
      "properties": {
        "city": "臺北市",
        "district": "松山區",
        "category": "充電站",
        "name": "國盛機車行",
        "address": "臺北市松山區撫遠街189號"
      }
    },
    {
      "type": "Feature",
      "geometry": {
        "type": "Point",
        "coordinates": [
          121.52190407553186,
          25.089830483450935
        ]
      },
      "properties": {
        "city": "臺北市",
        "district": "士林區",
        "category": "充電站",
        "name": "益隆車業有限公司",
        "address": "臺北市士林區重慶北路4段244號"
      }
    },
    {
      "type": "Feature",
      "geometry": {
        "type": "Point",
        "coordinates": [
          121.53708401524305,
          25.089727422191608
        ]
      },
      "properties": {
        "city": "臺北市",
        "district": "士林區",
        "category": "充電站",
        "name": "台益機車有限公司",
        "address": "臺北市士林區延平北路5段129號"
      }
    },
    {
      "type": "Feature",
      "geometry": {
        "type": "Point",
        "coordinates": [
          121.52255085292678,
          25.09779961179368
        ]
      },
      "properties": {
        "city": "臺北市",
        "district": "士林區",
        "category": "充電站",
        "name": "良陽國際有限公司",
        "address": "臺北市士林區士東路250號"
      }
    },
    {
      "type": "Feature",
      "geometry": {
        "type": "Point",
        "coordinates": [
          121.5097742955975,
          25.072222616596324
        ]
      },
      "properties": {
        "city": "臺北市",
        "district": "大同區",
        "category": "充電站",
        "name": "加祥車業有限公司",
        "address": "臺北市大同區延平北路2段256號"
      }
    },
    {
      "type": "Feature",
      "geometry": {
        "type": "Point",
        "coordinates": [
          121.50903885542543,
          25.06187782065076
        ]
      },
      "properties": {
        "city": "臺北市",
        "district": "大同區",
        "category": "充電站",
        "name": "忠億車業有限公司",
        "address": "臺北市大同區西寧北路17-4號"
      }
    },
    {
      "type": "Feature",
      "geometry": {
        "type": "Point",
        "coordinates": [
          121.5112889730516,
          25.05077836367957
        ]
      },
      "properties": {
        "city": "臺北市",
        "district": "大同區",
        "category": "充電站",
        "name": "順旺車業有限公司",
        "address": "臺北市大同區延平北路1段24號"
      }
    },
    {
      "type": "Feature",
      "geometry": {
        "type": "Point",
        "coordinates": [
          121.50568862388327,
          25.073011671598028
        ]
      },
      "properties": {
        "city": "臺北市",
        "district": "大同區",
        "category": "充電站",
        "name": "新協大車業有限公司",
        "address": "臺北市大同區延平北路3段67-1號"
      }
    },
    {
      "type": "Feature",
      "geometry": {
        "type": "Point",
        "coordinates": [
          121.59221970997363,
          25.06263898870805
        ]
      },
      "properties": {
        "city": "臺北市",
        "district": "南港區",
        "category": "充電站",
        "name": "大輝車業有限公司",
        "address": "臺北市南港區忠孝東路7段600號"
      }
    },
    {
      "type": "Feature",
      "geometry": {
        "type": "Point",
        "coordinates": [
          121.57815210804112,
          25.084541897407586
        ]
      },
      "properties": {
        "city": "臺北市",
        "district": "內湖區",
        "category": "充電站",
        "name": "日盛車業有限公司",
        "address": "臺北市內湖區成功路3段73號"
      }
    },
    {
      "type": "Feature",
      "geometry": {
        "type": "Point",
        "coordinates": [
          121.50791890967662,
          25.040662225935186
        ]
      },
      "properties": {
        "city": "臺北市",
        "district": "萬華區",
        "category": "充電站",
        "name": "東龍旺車業有限公司",
        "address": "臺北市萬華區東園街133號"
      }
    },
    {
      "type": "Feature",
      "geometry": {
        "type": "Point",
        "coordinates": [
          121.50339711827888,
          25.047245877345734
        ]
      },
      "properties": {
        "city": "臺北市",
        "district": "萬華區",
        "category": "充電站",
        "name": "得山車業有限公司",
        "address": "臺北市萬華區康定路114號"
      }
    },
    {
      "type": "Feature",
      "geometry": {
        "type": "Point",
        "coordinates": [
          121.50896612738802,
          25.0210861934948
        ]
      },
      "properties": {
        "city": "臺北市",
        "district": "萬華區",
        "category": "充電站",
        "name": "健立車業有限公司",
        "address": "臺北市萬華區桂林路206號"
      }
    },
    {
      "type": "Feature",
      "geometry": {
        "type": "Point",
        "coordinates": [
          121.49003050207226,
          25.020751780919564
        ]
      },
      "properties": {
        "city": "臺北市",
        "district": "萬華區",
        "category": "充電站",
        "name": "永振億實業有限公司",
        "address": "臺北市萬華區柳州街87號"
      }
    },
    {
      "type": "Feature",
      "geometry": {
        "type": "Point",
        "coordinates": [
          121.54406803752887,
          25.072340155005087
        ]
      },
      "properties": {
        "city": "臺北市",
        "district": "中山區",
        "category": "充電站",
        "name": "運輪機車行",
        "address": "臺北市中山區八德路2段88巷20號"
      }
    },
    {
      "type": "Feature",
      "geometry": {
        "type": "Point",
        "coordinates": [
          121.51850156395298,
          25.062301302801735
        ]
      },
      "properties": {
        "city": "臺北市",
        "district": "大同區",
        "category": "充電站",
        "name": "弘展機車有限公司",
        "address": "臺北市大同區西寧北路93號"
      }
    },
    {
      "type": "Feature",
      "geometry": {
        "type": "Point",
        "coordinates": [
          121.56609096182969,
          24.985997310559057
        ]
      },
      "properties": {
        "city": "臺北市",
        "district": "文山區",
        "category": "充電站",
        "name": "高旺企業股份有限公司",
        "address": "臺北市文山區羅斯福路5段182號"
      }
    },
    {
      "type": "Feature",
      "geometry": {
        "type": "Point",
        "coordinates": [
          121.50563075372996,
          25.120974484232992
        ]
      },
      "properties": {
        "city": "臺北市",
        "district": "北投區",
        "category": "充電站",
        "name": "福盛全有限公司",
        "address": "臺北市北投區中央南路1段210號"
      }
    },
    {
      "type": "Feature",
      "geometry": {
        "type": "Point",
        "coordinates": [
          121.48721507340306,
          25.14056239071939
        ]
      },
      "properties": {
        "city": "臺北市",
        "district": "北投區",
        "category": "充電站",
        "name": "汶吉車業行",
        "address": "臺北市北投區大業路560號"
      }
    },
    {
      "type": "Feature",
      "geometry": {
        "type": "Point",
        "coordinates": [
          121.49959816349738,
          25.13751543753523
        ]
      },
      "properties": {
        "city": "臺北市",
        "district": "北投區",
        "category": "充電站",
        "name": "聯螢車業有限公司",
        "address": "臺北市北投區中央南路1段156號"
      }
    },
    {
      "type": "Feature",
      "geometry": {
        "type": "Point",
        "coordinates": [
          121.56943571292724,
          25.026051059950067
        ]
      },
      "properties": {
        "city": "臺北市",
        "district": "信義區",
        "category": "充電站",
        "name": "大仁車業有限公司",
        "address": "臺北市信義區松隆路80號"
      }
    },
    {
      "type": "Feature",
      "geometry": {
        "type": "Point",
        "coordinates": [
          121.56763362140596,
          25.03224318545636
        ]
      },
      "properties": {
        "city": "臺北市",
        "district": "信義區",
        "category": "充電站",
        "name": "松宏車業有限公司",
        "address": "臺北市信義區忠孝東路5段205號"
      }
    },
    {
      "type": "Feature",
      "geometry": {
        "type": "Point",
        "coordinates": [
          121.5910000815128,
          25.078593243264656
        ]
      },
      "properties": {
        "city": "臺北市",
        "district": "內湖區",
        "category": "充電站",
        "name": "四維通車業有限公司",
        "address": "臺北市內湖區民權東路6段128號"
      }
    },
    {
      "type": "Feature",
      "geometry": {
        "type": "Point",
        "coordinates": [
          121.56373430562941,
          24.98422210572392
        ]
      },
      "properties": {
        "city": "臺北市",
        "district": "文山區",
        "category": "充電站",
        "name": "展嘉輪業有限公司",
        "address": "臺北市文山區羅斯福路5段48號"
      }
    },
    {
      "type": "Feature",
      "geometry": {
        "type": "Point",
        "coordinates": [
          121.58939985575319,
          24.993102495507785
        ]
      },
      "properties": {
        "city": "臺北市",
        "district": "文山區",
        "category": "充電站",
        "name": "鋒權輪有限公司",
        "address": "臺北市文山區興隆路2段241號"
      }
    },
    {
      "type": "Feature",
      "geometry": {
        "type": "Point",
        "coordinates": [
          121.53331617958342,
          25.027406381077785
        ]
      },
      "properties": {
        "city": "臺北市",
        "district": "大安區",
        "category": "充電站",
        "name": "盛昌機車行",
        "address": "臺北市大安區辛亥路1段58號"
      }
    },
    {
      "type": "Feature",
      "geometry": {
        "type": "Point",
        "coordinates": [
          121.49569128254915,
          25.11914948023653
        ]
      },
      "properties": {
        "city": "臺北市",
        "district": "北投區",
        "category": "充電站",
        "name": "進山車業有限公司",
        "address": "臺北市北投區石牌路1段24號"
      }
    },
    {
      "type": "Feature",
      "geometry": {
        "type": "Point",
        "coordinates": [
          121.4972620512365,
          25.02912716606495
        ]
      },
      "properties": {
        "city": "臺北市",
        "district": "萬華區",
        "category": "充電站",
        "name": "良江企業有限公司",
        "address": "臺北市萬華區中華路2段98號"
      }
    },
    {
      "type": "Feature",
      "geometry": {
        "type": "Point",
        "coordinates": [
          121.50843572226869,
          25.04543115744768
        ]
      },
      "properties": {
        "city": "臺北市",
        "district": "萬華區",
        "category": "充電站",
        "name": "大旺車行",
        "address": "臺北市萬華區萬大路214號"
      }
    },
    {
      "type": "Feature",
      "geometry": {
        "type": "Point",
        "coordinates": [
          121.52034535553346,
          25.038106880031517
        ]
      },
      "properties": {
        "city": "臺北市",
        "district": "中正區",
        "category": "充電站",
        "name": "后里車業有限公司",
        "address": "臺北市中正區牯嶺街47號"
      }
    },
    {
      "type": "Feature",
      "geometry": {
        "type": "Point",
        "coordinates": [
          121.5127123776777,
          25.04561953504945
        ]
      },
      "properties": {
        "city": "臺北市",
        "district": "中正區",
        "category": "充電站",
        "name": "松大車業有限公司",
        "address": "臺北市中正區牯嶺街61-3號"
      }
    },
    {
      "type": "Feature",
      "geometry": {
        "type": "Point",
        "coordinates": [
          121.50720636125445,
          25.119156907737167
        ]
      },
      "properties": {
        "city": "臺北市",
        "district": "北投區",
        "category": "充電站",
        "name": "隆大車業行",
        "address": "臺北市北投區承德路7段344巷15號"
      }
    },
    {
      "type": "Feature",
      "geometry": {
        "type": "Point",
        "coordinates": [
          121.52648609079401,
          25.042571020889127
        ]
      },
      "properties": {
        "city": "臺北市",
        "district": "中正區",
        "category": "充電站",
        "name": "鉍勝車業有限公司",
        "address": "臺北市中正區師大路146號"
      }
    },
    {
      "type": "Feature",
      "geometry": {
        "type": "Point",
        "coordinates": [
          121.5220644387862,
          25.021033443575018
        ]
      },
      "properties": {
        "city": "臺北市",
        "district": "中正區",
        "category": "充電站",
        "name": "忠豪車業有限公司",
        "address": "臺北市中正區忠孝東路2段31號"
      }
    },
    {
      "type": "Feature",
      "geometry": {
        "type": "Point",
        "coordinates": [
          121.5037283732206,
          25.071322528760113
        ]
      },
      "properties": {
        "city": "臺北市",
        "district": "大同區",
        "category": "充電站",
        "name": "磬葉企業有限公司",
        "address": "臺北市大同區錦西街56號"
      }
    },
    {
      "type": "Feature",
      "geometry": {
        "type": "Point",
        "coordinates": [
          121.52769269359749,
          25.068908051059474
        ]
      },
      "properties": {
        "city": "臺北市",
        "district": "大同區",
        "category": "充電站",
        "name": "良星車業有限公司",
        "address": "臺北市大同區重慶北路2段39號"
      }
    },
    {
      "type": "Feature",
      "geometry": {
        "type": "Point",
        "coordinates": [
          121.53078332016842,
          25.050319021412342
        ]
      },
      "properties": {
        "city": "臺北市",
        "district": "大同區",
        "category": "充電站",
        "name": "大華車業有限公司",
        "address": "臺北市大同區承德路1段47號"
      }
    },
    {
      "type": "Feature",
      "geometry": {
        "type": "Point",
        "coordinates": [
          121.61703884322789,
          25.04878256604504
        ]
      },
      "properties": {
        "city": "臺北市",
        "district": "南港區",
        "category": "充電站",
        "name": "中盛機車有限公司",
        "address": "臺北市南港區東新街4號"
      }
    },
    {
      "type": "Feature",
      "geometry": {
        "type": "Point",
        "coordinates": [
          121.51740048374053,
          25.09302188633559
        ]
      },
      "properties": {
        "city": "臺北市",
        "district": "士林區",
        "category": "充電站",
        "name": "富偉機車行",
        "address": "臺北市士林區文林路663號"
      }
    },
    {
      "type": "Feature",
      "geometry": {
        "type": "Point",
        "coordinates": [
          121.51103559585705,
          25.101626692039567
        ]
      },
      "properties": {
        "city": "臺北市",
        "district": "士林區",
        "category": "充電站",
        "name": "力泰車業有限公司",
        "address": "臺北市士林區延平北路5段220號"
      }
    },
    {
      "type": "Feature",
      "geometry": {
        "type": "Point",
        "coordinates": [
          121.51052977106009,
          25.086412121287996
        ]
      },
      "properties": {
        "city": "臺北市",
        "district": "士林區",
        "category": "充電站",
        "name": "永生車業有限公司",
        "address": "臺北市士林區華齡街71號"
      }
    },
    {
      "type": "Feature",
      "geometry": {
        "type": "Point",
        "coordinates": [
          121.51656696935926,
          25.068435609307326
        ]
      },
      "properties": {
        "city": "臺北市",
        "district": "大同區",
        "category": "充電站",
        "name": "長豐車業行",
        "address": "臺北市大同區承德路3段160號"
      }
    },
    {
      "type": "Feature",
      "geometry": {
        "type": "Point",
        "coordinates": [
          121.52652501748199,
          25.066102725079908
        ]
      },
      "properties": {
        "city": "臺北市",
        "district": "大同區",
        "category": "充電站",
        "name": "弘達車業有限公司",
        "address": "臺北市大同區承德路3段162號"
      }
    },
    {
      "type": "Feature",
      "geometry": {
        "type": "Point",
        "coordinates": [
          121.53066528331651,
          25.016185010660593
        ]
      },
      "properties": {
        "city": "臺北市",
        "district": "大安區",
        "category": "充電站",
        "name": "金理車業有限公司",
        "address": "臺北市大安區八德路2段35號"
      }
    },
    {
      "type": "Feature",
      "geometry": {
        "type": "Point",
        "coordinates": [
          121.54425121108267,
          25.040348086200986
        ]
      },
      "properties": {
        "city": "臺北市",
        "district": "大安區",
        "category": "充電站",
        "name": "宏興車業有限公司",
        "address": "臺北市大安區和平東路3段127號"
      }
    },
    {
      "type": "Feature",
      "geometry": {
        "type": "Point",
        "coordinates": [
          121.52985329342317,
          25.015280206792745
        ]
      },
      "properties": {
        "city": "臺北市",
        "district": "大安區",
        "category": "充電站",
        "name": "車王二輪社",
        "address": "臺北市大安區延吉街64-1號"
      }
    },
    {
      "type": "Feature",
      "geometry": {
        "type": "Point",
        "coordinates": [
          121.53303519902785,
          25.02438124540228
        ]
      },
      "properties": {
        "city": "臺北市",
        "district": "大安區",
        "category": "充電站",
        "name": "益揚車業有限公司",
        "address": "臺北市大安區羅斯福路3段93號"
      }
    },
    {
      "type": "Feature",
      "geometry": {
        "type": "Point",
        "coordinates": [
          121.52842844849143,
          25.05108694686215
        ]
      },
      "properties": {
        "city": "臺北市",
        "district": "中山區",
        "category": "充電站",
        "name": "農安機車有限公司",
        "address": "臺北市中山區龍江路375號"
      }
    },
    {
      "type": "Feature",
      "geometry": {
        "type": "Point",
        "coordinates": [
          121.5240131271511,
          25.072032197608507
        ]
      },
      "properties": {
        "city": "臺北市",
        "district": "中山區",
        "category": "充電站",
        "name": "大昌機車有限公司",
        "address": "臺北市中山區北安路458巷3號"
      }
    },
    {
      "type": "Feature",
      "geometry": {
        "type": "Point",
        "coordinates": [
          121.51852141833687,
          25.062943757729318
        ]
      },
      "properties": {
        "city": "臺北市",
        "district": "中山區",
        "category": "充電站",
        "name": "展欣豪車業有限公司",
        "address": "臺北市中山區民權東路2段126號"
      }
    },
    {
      "type": "Feature",
      "geometry": {
        "type": "Point",
        "coordinates": [
          121.54779927198707,
          25.070650855944923
        ]
      },
      "properties": {
        "city": "臺北市",
        "district": "中山區",
        "category": "充電站",
        "name": "异城車業有限公司",
        "address": "臺北市中山區八德路2段329號"
      }
    },
    {
      "type": "Feature",
      "geometry": {
        "type": "Point",
        "coordinates": [
          121.54706566614603,
          25.066587513496305
        ]
      },
      "properties": {
        "city": "臺北市",
        "district": "中山區",
        "category": "充電站",
        "name": "達誠車業有限公司",
        "address": "臺北市中山區吉林路12-3號"
      }
    },
    {
      "type": "Feature",
      "geometry": {
        "type": "Point",
        "coordinates": [
          121.53644297753023,
          25.057242251539964
        ]
      },
      "properties": {
        "city": "臺北市",
        "district": "中山區",
        "category": "充電站",
        "name": "名佳車業行",
        "address": "臺北市中山區錦州街310號"
      }
    },
    {
      "type": "Feature",
      "geometry": {
        "type": "Point",
        "coordinates": [
          121.523789337961,
          25.046021274948263
        ]
      },
      "properties": {
        "city": "臺北市",
        "district": "中正區",
        "category": "充電站",
        "name": "慶發車業有限公司",
        "address": "臺北市中正區汀洲路1段182號"
      }
    },
    {
      "type": "Feature",
      "geometry": {
        "type": "Point",
        "coordinates": [
          121.53160942574262,
          25.04022307068735
        ]
      },
      "properties": {
        "city": "臺北市",
        "district": "中正區",
        "category": "充電站",
        "name": "隆發車業有限公司",
        "address": "臺北市中正區重慶南路3段135號"
      }
    },
    {
      "type": "Feature",
      "geometry": {
        "type": "Point",
        "coordinates": [
          121.5810546850665,
          25.062373811721773
        ]
      },
      "properties": {
        "city": "臺北市",
        "district": "內湖區",
        "category": "充電站",
        "name": "春琳國際車業有限公司",
        "address": "臺北市內湖區江南街28號"
      }
    },
    {
      "type": "Feature",
      "geometry": {
        "type": "Point",
        "coordinates": [
          121.59031921401136,
          24.976539523546453
        ]
      },
      "properties": {
        "city": "臺北市",
        "district": "文山區",
        "category": "充電站",
        "name": "鳳翔車業行",
        "address": "臺北市文山區木柵路1段57-6號"
      }
    },
    {
      "type": "Feature",
      "geometry": {
        "type": "Point",
        "coordinates": [
          121.57636846322136,
          24.98798762556557
        ]
      },
      "properties": {
        "city": "臺北市",
        "district": "文山區",
        "category": "充電站",
        "name": "元土車行",
        "address": "臺北市文山區木柵路1段212號"
      }
    },
    {
      "type": "Feature",
      "geometry": {
        "type": "Point",
        "coordinates": [
          121.56713969566994,
          24.999103636152697
        ]
      },
      "properties": {
        "city": "臺北市",
        "district": "文山區",
        "category": "充電站",
        "name": "光輝機車行",
        "address": "臺北市文山區忠順街1段36、38號"
      }
    },
    {
      "type": "Feature",
      "geometry": {
        "type": "Point",
        "coordinates": [
          121.56129222918851,
          25.0042842198758
        ]
      },
      "properties": {
        "city": "臺北市",
        "district": "文山區",
        "category": "充電站",
        "name": "順利機車行",
        "address": "臺北市文山區木新路2段285號"
      }
    },
    {
      "type": "Feature",
      "geometry": {
        "type": "Point",
        "coordinates": [
          121.582646211714,
          24.982196035471034
        ]
      },
      "properties": {
        "city": "臺北市",
        "district": "文山區",
        "category": "充電站",
        "name": "拓源機車行",
        "address": "臺北市文山區木新路3段73號"
      }
    },
    {
      "type": "Feature",
      "geometry": {
        "type": "Point",
        "coordinates": [
          121.57276729288989,
          24.980296081400805
        ]
      },
      "properties": {
        "city": "臺北市",
        "district": "文山區",
        "category": "充電站",
        "name": "東和機車行",
        "address": "臺北市文山區指南路1段4號"
      }
    },
    {
      "type": "Feature",
      "geometry": {
        "type": "Point",
        "coordinates": [
          121.56315160360342,
          24.976248717540045
        ]
      },
      "properties": {
        "city": "臺北市",
        "district": "文山區",
        "category": "充電站",
        "name": "祥騰機車行",
        "address": "臺北市文山區景興路94號"
      }
    },
    {
      "type": "Feature",
      "geometry": {
        "type": "Point",
        "coordinates": [
          121.57629623952242,
          24.98366752053354
        ]
      },
      "properties": {
        "city": "臺北市",
        "district": "文山區",
        "category": "充電站",
        "name": "威烝車業行",
        "address": "臺北市文山區景興路28-1號"
      }
    },
    {
      "type": "Feature",
      "geometry": {
        "type": "Point",
        "coordinates": [
          121.57959390930742,
          24.975821412834744
        ]
      },
      "properties": {
        "city": "臺北市",
        "district": "文山區",
        "category": "充電站",
        "name": "騰暉車業行",
        "address": "臺北市文山區興隆路2段18號"
      }
    },
    {
      "type": "Feature",
      "geometry": {
        "type": "Point",
        "coordinates": [
          121.5626276164726,
          24.98308217238674
        ]
      },
      "properties": {
        "city": "臺北市",
        "district": "文山區",
        "category": "充電站",
        "name": "弘偉車業有限公司",
        "address": "臺北市文山區羅斯福路6段317號"
      }
    },
    {
      "type": "Feature",
      "geometry": {
        "type": "Point",
        "coordinates": [
          121.51383439719835,
          25.14327978255472
        ]
      },
      "properties": {
        "city": "臺北市",
        "district": "北投區",
        "category": "充電站",
        "name": "雄大車業行",
        "address": "臺北市北投區中和街453-11號"
      }
    },
    {
      "type": "Feature",
      "geometry": {
        "type": "Point",
        "coordinates": [
          121.51099746524598,
          25.146161330179275
        ]
      },
      "properties": {
        "city": "臺北市",
        "district": "北投區",
        "category": "充電站",
        "name": "和峯車業有限公司",
        "address": "台北市北投區致遠一路一段92號"
      }
    },
    {
      "type": "Feature",
      "geometry": {
        "type": "Point",
        "coordinates": [
          121.5032940329769,
          25.131274908553713
        ]
      },
      "properties": {
        "city": "臺北市",
        "district": "北投區",
        "category": "充電站",
        "name": "重輪車業有限公司",
        "address": "台北市北投區崇仁路一段21號"
      }
    },
    {
      "type": "Feature",
      "geometry": {
        "type": "Point",
        "coordinates": [
          121.55549133331982,
          25.068121785560272
        ]
      },
      "properties": {
        "city": "臺北市",
        "district": "松山區",
        "category": "充電站",
        "name": "日星車業行",
        "address": "臺北市松山區八德路3段198號"
      }
    },
    {
      "type": "Feature",
      "geometry": {
        "type": "Point",
        "coordinates": [
          121.5962826412487,
          25.04865666144473
        ]
      },
      "properties": {
        "city": "臺北市",
        "district": "南港區",
        "category": "充電站",
        "name": "亞帝車業有限公司",
        "address": "臺北市南港區中坡南路43號"
      }
    },
    {
      "type": "Feature",
      "geometry": {
        "type": "Point",
        "coordinates": [
          121.55734927028207,
          25.061451881879805
        ]
      },
      "properties": {
        "city": "臺北市",
        "district": "松山區",
        "category": "充電站",
        "name": "尚益車業有限公司",
        "address": "臺北市松山區五常街281-2號"
      }
    },
    {
      "type": "Feature",
      "geometry": {
        "type": "Point",
        "coordinates": [
          121.5584844881317,
          25.046218367521572
        ]
      },
      "properties": {
        "city": "臺北市",
        "district": "松山區",
        "category": "充電站",
        "name": "新光機車行",
        "address": "臺北市松山區民生東路5段57號"
      }
    },
    {
      "type": "Feature",
      "geometry": {
        "type": "Point",
        "coordinates": [
          121.55221806664281,
          25.050810179783543
        ]
      },
      "properties": {
        "city": "臺北市",
        "district": "松山區",
        "category": "充電站",
        "name": "千翔車業行",
        "address": "臺北市松山區光復北路109號"
      }
    },
    {
      "type": "Feature",
      "geometry": {
        "type": "Point",
        "coordinates": [
          121.5556019512692,
          25.0744667903132
        ]
      },
      "properties": {
        "city": "臺北市",
        "district": "松山區",
        "category": "充電站",
        "name": "佳昇機車行",
        "address": "臺北市松山區健康路44號"
      }
    },
    {
      "type": "Feature",
      "geometry": {
        "type": "Point",
        "coordinates": [
          121.57225737644124,
          25.01956645077355
        ]
      },
      "properties": {
        "city": "臺北市",
        "district": "信義區",
        "category": "充電站",
        "name": "吉安運動器材有限公司",
        "address": "台北市信義區中坡南路287號"
      }
    },
    {
      "type": "Feature",
      "geometry": {
        "type": "Point",
        "coordinates": [
          121.55580912866868,
          25.025669730001926
        ]
      },
      "properties": {
        "city": "臺北市",
        "district": "信義區",
        "category": "充電站",
        "name": "春崇車業行",
        "address": "臺北市信義區福德街268巷1號"
      }
    },
    {
      "type": "Feature",
      "geometry": {
        "type": "Point",
        "coordinates": [
          121.59229712492936,
          25.05640450424377
        ]
      },
      "properties": {
        "city": "臺北市",
        "district": "南港區",
        "category": "充電站",
        "name": "儀弘機車行",
        "address": "臺北市南港區研究院路1段185號"
      }
    },
    {
      "type": "Feature",
      "geometry": {
        "type": "Point",
        "coordinates": [
          121.6098817209209,
          25.05043146080903
        ]
      },
      "properties": {
        "city": "臺北市",
        "district": "南港區",
        "category": "充電站",
        "name": "高陞機車行",
        "address": "臺北市南港區研究院路2段72號"
      }
    },
    {
      "type": "Feature",
      "geometry": {
        "type": "Point",
        "coordinates": [
          121.50674142517755,
          25.053417994806114
        ]
      },
      "properties": {
        "city": "臺北市",
        "district": "大同區",
        "category": "充電站",
        "name": "瑞明機車行",
        "address": "臺北市大同區長安西路199號"
      }
    },
    {
      "type": "Feature",
      "geometry": {
        "type": "Point",
        "coordinates": [
          121.5644984890953,
          24.984768521463604
        ]
      },
      "properties": {
        "city": "臺北市",
        "district": "文山區",
        "category": "充電站",
        "name": "三育機車有限公司",
        "address": "臺北市文山區景隆街54號"
      }
    },
    {
      "type": "Feature",
      "geometry": {
        "type": "Point",
        "coordinates": [
          121.50107169098781,
          25.040051312371514
        ]
      },
      "properties": {
        "city": "臺北市",
        "district": "萬華區",
        "category": "充電站",
        "name": "欣利機車有限公司",
        "address": "臺北市萬華區西園路2段288之1號"
      }
    },
    {
      "type": "Feature",
      "geometry": {
        "type": "Point",
        "coordinates": [
          121.51325212152057,
          25.028227459979387
        ]
      },
      "properties": {
        "city": "臺北市",
        "district": "萬華區",
        "category": "充電站",
        "name": "鑫東園車業有限公司",
        "address": "臺北市萬華區東園街105號"
      }
    },
    {
      "type": "Feature",
      "geometry": {
        "type": "Point",
        "coordinates": [
          121.49215030032096,
          25.04574252116248
        ]
      },
      "properties": {
        "city": "臺北市",
        "district": "萬華區",
        "category": "充電站",
        "name": "葉山車行",
        "address": "臺北市萬華區桂林路30號"
      }
    },
    {
      "type": "Feature",
      "geometry": {
        "type": "Point",
        "coordinates": [
          121.50657638021728,
          25.035364473033642
        ]
      },
      "properties": {
        "city": "臺北市",
        "district": "萬華區",
        "category": "充電站",
        "name": "尚億車業有限公司",
        "address": "臺北市萬華區萬大路500號"
      }
    },
    {
      "type": "Feature",
      "geometry": {
        "type": "Point",
        "coordinates": [
          121.52413286566639,
          25.086614613522553
        ]
      },
      "properties": {
        "city": "臺北市",
        "district": "士林區",
        "category": "充電站",
        "name": "盟業車業行",
        "address": "臺北市士林區通河街169號"
      }
    },
    {
      "type": "Feature",
      "geometry": {
        "type": "Point",
        "coordinates": [
          121.50990336924195,
          25.10434300323316
        ]
      },
      "properties": {
        "city": "臺北市",
        "district": "士林區",
        "category": "充電站",
        "name": "好發達車業",
        "address": "臺北市士林區天母東路8巷99號"
      }
    },
    {
      "type": "Feature",
      "geometry": {
        "type": "Point",
        "coordinates": [
          121.52556027091973,
          25.08828070745445
        ]
      },
      "properties": {
        "city": "臺北市",
        "district": "士林區",
        "category": "充電站",
        "name": "新天母機車行",
        "address": "臺北市士林區中山北路6段405巷83號"
      }
    },
    {
      "type": "Feature",
      "geometry": {
        "type": "Point",
        "coordinates": [
          121.51355897804618,
          25.088466019908314
        ]
      },
      "properties": {
        "city": "臺北市",
        "district": "士林區",
        "category": "充電站",
        "name": "銘豐機車行",
        "address": "臺北市士林區文林路314號"
      }
    },
    {
      "type": "Feature",
      "geometry": {
        "type": "Point",
        "coordinates": [
          121.51306772090396,
          25.050293033778967
        ]
      },
      "properties": {
        "city": "臺北市",
        "district": "大同區",
        "category": "充電站",
        "name": "小緯機車行",
        "address": "臺北市大同區大龍街26號"
      }
    },
    {
      "type": "Feature",
      "geometry": {
        "type": "Point",
        "coordinates": [
          121.57246257817216,
          25.02917286273492
        ]
      },
      "properties": {
        "city": "臺北市",
        "district": "信義區",
        "category": "充電站",
        "name": "旭宏車業行",
        "address": "台北市信義區和平東路三段285號"
      }
    },
    {
      "type": "Feature",
      "geometry": {
        "type": "Point",
        "coordinates": [
          121.55677313792579,
          25.01467499705215
        ]
      },
      "properties": {
        "city": "臺北市",
        "district": "大安區",
        "category": "充電站",
        "name": "東貿機車有限公司",
        "address": "臺北市大安區基隆路2段233號"
      }
    },
    {
      "type": "Feature",
      "geometry": {
        "type": "Point",
        "coordinates": [
          121.54644398612633,
          25.073904039657243
        ]
      },
      "properties": {
        "city": "臺北市",
        "district": "中山區",
        "category": "充電站",
        "name": "德剛車行有限公司",
        "address": "臺北市中山區天津街27號"
      }
    },
    {
      "type": "Feature",
      "geometry": {
        "type": "Point",
        "coordinates": [
          121.52761403114036,
          25.065486466903845
        ]
      },
      "properties": {
        "city": "臺北市",
        "district": "中山區",
        "category": "充電站",
        "name": "偉恆有限公司",
        "address": "臺北市中山區吉林路408號"
      }
    },
    {
      "type": "Feature",
      "geometry": {
        "type": "Point",
        "coordinates": [
          121.53127741273113,
          25.036204223751213
        ]
      },
      "properties": {
        "city": "臺北市",
        "district": "中正區",
        "category": "充電站",
        "name": "世輪機車行",
        "address": "臺北市中正區汀州路2段76號"
      }
    },
    {
      "type": "Feature",
      "geometry": {
        "type": "Point",
        "coordinates": [
          121.58825136362859,
          25.056687938233758
        ]
      },
      "properties": {
        "city": "臺北市",
        "district": "內湖區",
        "category": "充電站",
        "name": "日昇機車行",
        "address": "臺北市內湖區康寧路3段16巷115號"
      }
    },
    {
      "type": "Feature",
      "geometry": {
        "type": "Point",
        "coordinates": [
          121.60413859243369,
          25.081760283548626
        ]
      },
      "properties": {
        "city": "臺北市",
        "district": "內湖區",
        "category": "充電站",
        "name": "宏淞車業有限公司",
        "address": "臺北市內湖區金龍路87號"
      }
    },
    {
      "type": "Feature",
      "geometry": {
        "type": "Point",
        "coordinates": [
          121.57843573702097,
          25.064082131163246
        ]
      },
      "properties": {
        "city": "臺北市",
        "district": "內湖區",
        "category": "充電站",
        "name": "正倫車業行",
        "address": "臺北市內湖區康樂街67號"
      }
    },
    {
      "type": "Feature",
      "geometry": {
        "type": "Point",
        "coordinates": [
          121.51312101321689,
          25.122798950393907
        ]
      },
      "properties": {
        "city": "臺北市",
        "district": "北投區",
        "category": "充電站",
        "name": "金展機車行",
        "address": "臺北市北投區自強街62號"
      }
    },
    {
      "type": "Feature",
      "geometry": {
        "type": "Point",
        "coordinates": [
          121.48575686589395,
          25.037852251737444
        ]
      },
      "properties": {
        "city": "臺北市",
        "district": "萬華區",
        "category": "充電站",
        "name": "聯耀機車行",
        "address": "臺北市萬華區環河南路1段21號"
      }
    },
    {
      "type": "Feature",
      "geometry": {
        "type": "Point",
        "coordinates": [
          121.5075294637657,
          25.13903722552416
        ]
      },
      "properties": {
        "city": "臺北市",
        "district": "北投區",
        "category": "充電站",
        "name": "唭哩岸機車行",
        "address": "臺北市北投區致遠二路89號"
      }
    },
    {
      "type": "Feature",
      "geometry": {
        "type": "Point",
        "coordinates": [
          121.57191601939982,
          25.015365300871334
        ]
      },
      "properties": {
        "city": "臺北市",
        "district": "信義區",
        "category": "充電站",
        "name": "昇輪機車行",
        "address": "臺北市信義區信義路6段47號"
      }
    },
    {
      "type": "Feature",
      "geometry": {
        "type": "Point",
        "coordinates": [
          121.50966064317545,
          25.03769778619032
        ]
      },
      "properties": {
        "city": "臺北市",
        "district": "萬華區",
        "category": "充電站",
        "name": "友順機車行",
        "address": "臺北市萬華區萬大路423巷27號"
      }
    },
    {
      "type": "Feature",
      "geometry": {
        "type": "Point",
        "coordinates": [
          121.51064367824702,
          25.084119813594555
        ]
      },
      "properties": {
        "city": "臺北市",
        "district": "士林區",
        "category": "充電站",
        "name": "巨揚機車行",
        "address": "臺北市士林區中正路605號"
      }
    },
    {
      "type": "Feature",
      "geometry": {
        "type": "Point",
        "coordinates": [
          121.55569512776862,
          25.02511211495803
        ]
      },
      "properties": {
        "city": "臺北市",
        "district": "大安區",
        "category": "充電站",
        "name": "信全車業有限公司",
        "address": "臺北市大安區通化街168號"
      }
    },
    {
      "type": "Feature",
      "geometry": {
        "type": "Point",
        "coordinates": [
          121.50259618108458,
          25.038923210624258
        ]
      },
      "properties": {
        "city": "臺北市",
        "district": "中正區",
        "category": "充電站",
        "name": "立豐機車行",
        "address": "臺北市中正區重慶南路3段32號"
      }
    },
    {
      "type": "Feature",
      "geometry": {
        "type": "Point",
        "coordinates": [
          121.5857550222773,
          25.082873058058027
        ]
      },
      "properties": {
        "city": "臺北市",
        "district": "內湖區",
        "category": "充電站",
        "name": "國祥機車行",
        "address": "臺北市內湖區康樂街32號"
      }
    },
    {
      "type": "Feature",
      "geometry": {
        "type": "Point",
        "coordinates": [
          121.57941616376554,
          25.070946237080005
        ]
      },
      "properties": {
        "city": "臺北市",
        "district": "內湖區",
        "category": "充電站",
        "name": "葉陽車業行",
        "address": "臺北市內湖區民權東路6段320號"
      }
    },
    {
      "type": "Feature",
      "geometry": {
        "type": "Point",
        "coordinates": [
          121.59765674889407,
          25.063226931309654
        ]
      },
      "properties": {
        "city": "臺北市",
        "district": "內湖區",
        "category": "充電站",
        "name": "通龍車業行",
        "address": "臺北市內湖區港墘路34號"
      }
    },
    {
      "type": "Feature",
      "geometry": {
        "type": "Point",
        "coordinates": [
          121.48670702824202,
          25.125218944763574
        ]
      },
      "properties": {
        "city": "臺北市",
        "district": "北投區",
        "category": "充電站",
        "name": "大發車業",
        "address": "臺北市北投區中央北路2段167號"
      }
    },
    {
      "type": "Feature",
      "geometry": {
        "type": "Point",
        "coordinates": [
          121.55775920511066,
          25.0704439231795
        ]
      },
      "properties": {
        "city": "臺北市",
        "district": "松山區",
        "category": "充電站",
        "name": "崑宏機車行",
        "address": "臺北市松山區撫遠街362號"
      }
    },
    {
      "type": "Feature",
      "geometry": {
        "type": "Point",
        "coordinates": [
          121.57593378395362,
          25.02406180099516
        ]
      },
      "properties": {
        "city": "臺北市",
        "district": "信義區",
        "category": "充電站",
        "name": "大慶機車材料行",
        "address": "臺北市信義區莊敬路325巷33號"
      }
    },
    {
      "type": "Feature",
      "geometry": {
        "type": "Point",
        "coordinates": [
          121.57537954758669,
          25.03748908085754
        ]
      },
      "properties": {
        "city": "臺北市",
        "district": "信義區",
        "category": "充電站",
        "name": "東勝機車行",
        "address": "臺北市信義區松仁路167號"
      }
    },
    {
      "type": "Feature",
      "geometry": {
        "type": "Point",
        "coordinates": [
          121.60037211458236,
          25.068198932104078
        ]
      },
      "properties": {
        "city": "臺北市",
        "district": "南港區",
        "category": "充電站",
        "name": "益群車業有限公司",
        "address": "臺北市南港區東新街69號"
      }
    },
    {
      "type": "Feature",
      "geometry": {
        "type": "Point",
        "coordinates": [
          121.61404498995893,
          25.062351878494425
        ]
      },
      "properties": {
        "city": "臺北市",
        "district": "南港區",
        "category": "充電站",
        "name": "民豐機車行",
        "address": "臺北市南港區成福路137號"
      }
    },
    {
      "type": "Feature",
      "geometry": {
        "type": "Point",
        "coordinates": [
          121.5977274071058,
          25.052969958769083
        ]
      },
      "properties": {
        "city": "臺北市",
        "district": "南港區",
        "category": "充電站",
        "name": "政賢機車行",
        "address": "臺北市南港區忠孝東路7段564號"
      }
    },
    {
      "type": "Feature",
      "geometry": {
        "type": "Point",
        "coordinates": [
          121.48555125625916,
          25.03356043385423
        ]
      },
      "properties": {
        "city": "臺北市",
        "district": "萬華區",
        "category": "充電站",
        "name": "億林機車行",
        "address": "臺北市萬華區艋舺大道416號"
      }
    },
    {
      "type": "Feature",
      "geometry": {
        "type": "Point",
        "coordinates": [
          121.50578766173699,
          25.034385748031042
        ]
      },
      "properties": {
        "city": "臺北市",
        "district": "中正區",
        "category": "充電站",
        "name": "一成機車有限公司",
        "address": "臺北市中正區新生南路1段134-1號"
      }
    },
    {
      "type": "Feature",
      "geometry": {
        "type": "Point",
        "coordinates": [
          121.53060477492481,
          25.023719115072655
        ]
      },
      "properties": {
        "city": "臺北市",
        "district": "中正區",
        "category": "充電站",
        "name": "紘益機車行",
        "address": "臺北市中正區牯嶺街77號"
      }
    },
    {
      "type": "Feature",
      "geometry": {
        "type": "Point",
        "coordinates": [
          121.55592944246817,
          25.029743782762516
        ]
      },
      "properties": {
        "city": "臺北市",
        "district": "大安區",
        "category": "充電站",
        "name": "皇信機車行",
        "address": "臺北市大安區濟南路3段68號"
      }
    },
    {
      "type": "Feature",
      "geometry": {
        "type": "Point",
        "coordinates": [
          121.60032876738558,
          25.05674344228546
        ]
      },
      "properties": {
        "city": "臺北市",
        "district": "內湖區",
        "category": "充電站",
        "name": "興陽機車行",
        "address": "臺北市內湖區五分街39號"
      }
    },
    {
      "type": "Feature",
      "geometry": {
        "type": "Point",
        "coordinates": [
          121.52692126368053,
          25.0988499932916
        ]
      },
      "properties": {
        "city": "臺北市",
        "district": "士林區",
        "category": "充電站",
        "name": "誠鎰車業行",
        "address": "臺北市士林區德行東路23號"
      }
    },
    {
      "type": "Feature",
      "geometry": {
        "type": "Point",
        "coordinates": [
          121.50105315973295,
          25.06317431292693
        ]
      },
      "properties": {
        "city": "臺北市",
        "district": "大同區",
        "category": "充電站",
        "name": "翊翔機車行",
        "address": "臺北市大同區錦西街53巷2號"
      }
    },
    {
      "type": "Feature",
      "geometry": {
        "type": "Point",
        "coordinates": [
          121.49301145768855,
          25.146732756630453
        ]
      },
      "properties": {
        "city": "臺北市",
        "district": "北投區",
        "category": "充電站",
        "name": "欣民機車行",
        "address": "臺北市北投區行義路21號"
      }
    },
    {
      "type": "Feature",
      "geometry": {
        "type": "Point",
        "coordinates": [
          121.58367155587605,
          25.031981894636992
        ]
      },
      "properties": {
        "city": "臺北市",
        "district": "信義區",
        "category": "充電站",
        "name": "裕進車業行",
        "address": "臺北市信義區富陽街63號"
      }
    },
    {
      "type": "Feature",
      "geometry": {
        "type": "Point",
        "coordinates": [
          121.5509083051726,
          25.040573582867257
        ]
      },
      "properties": {
        "city": "臺北市",
        "district": "大安區",
        "category": "充電站",
        "name": "小林機車行",
        "address": "臺北市大安區建國南路2段79巷3號"
      }
    },
    {
      "type": "Feature",
      "geometry": {
        "type": "Point",
        "coordinates": [
          121.49298131775043,
          25.026349593764223
        ]
      },
      "properties": {
        "city": "臺北市",
        "district": "萬華區",
        "category": "充電站",
        "name": "協合國際行銷有限公司",
        "address": "臺北市萬華區和平西路2段151號"
      }
    },
    {
      "type": "Feature",
      "geometry": {
        "type": "Point",
        "coordinates": [
          121.57821078036392,
          25.07244543520128
        ]
      },
      "properties": {
        "city": "臺北市",
        "district": "內湖區",
        "category": "充電站",
        "name": "鎧詮機車行",
        "address": "臺北市內湖區內湖路1段31號"
      }
    },
    {
      "type": "Feature",
      "geometry": {
        "type": "Point",
        "coordinates": [
          121.52949956667842,
          25.01189244156544
        ]
      },
      "properties": {
        "city": "臺北市",
        "district": "大安區",
        "category": "充電站",
        "name": "駿全車坊",
        "address": "臺北市大安區市民大道4段22號"
      }
    },
    {
      "type": "Feature",
      "geometry": {
        "type": "Point",
        "coordinates": [
          121.53386544880124,
          25.01787969441537
        ]
      },
      "properties": {
        "city": "臺北市",
        "district": "大安區",
        "category": "充電站",
        "name": "致盛機車行",
        "address": "臺北市大安區金華街118-4號"
      }
    },
    {
      "type": "Feature",
      "geometry": {
        "type": "Point",
        "coordinates": [
          121.57997300365055,
          25.073288372853995
        ]
      },
      "properties": {
        "city": "臺北市",
        "district": "內湖區",
        "category": "充電站",
        "name": "成功車業行",
        "address": "臺北市內湖區金龍路9號"
      }
    },
    {
      "type": "Feature",
      "geometry": {
        "type": "Point",
        "coordinates": [
          121.5859329940362,
          24.976707268864313
        ]
      },
      "properties": {
        "city": "臺北市",
        "district": "文山區",
        "category": "充電站",
        "name": "達成車業有限公司",
        "address": "臺北市文山區興隆路2段177號"
      }
    },
    {
      "type": "Feature",
      "geometry": {
        "type": "Point",
        "coordinates": [
          121.51888757695369,
          25.099867299123193
        ]
      },
      "properties": {
        "city": "臺北市",
        "district": "士林區",
        "category": "充電站",
        "name": "嘉盛車業行",
        "address": "臺北市士林區延平北路6段139號"
      }
    },
    {
      "type": "Feature",
      "geometry": {
        "type": "Point",
        "coordinates": [
          121.56261568821309,
          25.066977445620324
        ]
      },
      "properties": {
        "city": "臺北市",
        "district": "松山區",
        "category": "充電站",
        "name": "永承車業行",
        "address": "臺北市松山區健康路230號"
      }
    },
    {
      "type": "Feature",
      "geometry": {
        "type": "Point",
        "coordinates": [
          121.52364292708891,
          25.091402256142537
        ]
      },
      "properties": {
        "city": "臺北市",
        "district": "士林區",
        "category": "充電站",
        "name": "德龍車業行",
        "address": "臺北市士林區故宮路41巷1號"
      }
    },
    {
      "type": "Feature",
      "geometry": {
        "type": "Point",
        "coordinates": [
          121.56690206491635,
          25.0426580875254
        ]
      },
      "properties": {
        "city": "臺北市",
        "district": "信義區",
        "category": "充電站",
        "name": "俊明機車行",
        "address": "臺北市信義區吳興街469號"
      }
    },
    {
      "type": "Feature",
      "geometry": {
        "type": "Point",
        "coordinates": [
          121.58469513853647,
          25.025555892077527
        ]
      },
      "properties": {
        "city": "臺北市",
        "district": "信義區",
        "category": "充電站",
        "name": "勵瑩車業有限公司",
        "address": "台北市信義區松山路348號"
      }
    },
    {
      "type": "Feature",
      "geometry": {
        "type": "Point",
        "coordinates": [
          121.50586056954802,
          25.137851516748597
        ]
      },
      "properties": {
        "city": "臺北市",
        "district": "北投區",
        "category": "充電站",
        "name": "順達機車行",
        "address": "臺北市北投區立農街2段206號"
      }
    },
    {
      "type": "Feature",
      "geometry": {
        "type": "Point",
        "coordinates": [
          121.50407724690227,
          25.034104905559467
        ]
      },
      "properties": {
        "city": "臺北市",
        "district": "萬華區",
        "category": "充電站",
        "name": "車強機車行",
        "address": "臺北市萬華區環河南路2段105號"
      }
    },
    {
      "type": "Feature",
      "geometry": {
        "type": "Point",
        "coordinates": [
          121.61584956609053,
          25.05918209771768
        ]
      },
      "properties": {
        "city": "臺北市",
        "district": "南港區",
        "category": "充電站",
        "name": "季祥車業行",
        "address": "臺北市南港區研究院路1段45號"
      }
    },
    {
      "type": "Feature",
      "geometry": {
        "type": "Point",
        "coordinates": [
          121.50779469517113,
          25.029826812087357
        ]
      },
      "properties": {
        "city": "臺北市",
        "district": "萬華區",
        "category": "充電站",
        "name": "祥和機車行",
        "address": "臺北市萬華區環河南路2段117號"
      }
    },
    {
      "type": "Feature",
      "geometry": {
        "type": "Point",
        "coordinates": [
          121.51979890777476,
          25.063586418601837
        ]
      },
      "properties": {
        "city": "臺北市",
        "district": "大同區",
        "category": "充電站",
        "name": "國真機車有限公司",
        "address": "臺北市大同區哈密街63巷1號"
      }
    },
    {
      "type": "Feature",
      "geometry": {
        "type": "Point",
        "coordinates": [
          121.58160065651767,
          25.036629878760476
        ]
      },
      "properties": {
        "city": "臺北市",
        "district": "信義區",
        "category": "充電站",
        "name": "三沅行車業股份有限公司",
        "address": "臺北市信義區忠孝東路5段713號"
      }
    },
    {
      "type": "Feature",
      "geometry": {
        "type": "Point",
        "coordinates": [
          121.59414890921273,
          25.070508600048285
        ]
      },
      "properties": {
        "city": "臺北市",
        "district": "內湖區",
        "category": "充電站",
        "name": "玟樺機車行",
        "address": "臺北市內湖區內湖路1段91巷7號"
      }
    },
    {
      "type": "Feature",
      "geometry": {
        "type": "Point",
        "coordinates": [
          121.53403750686333,
          25.026793877069657
        ]
      },
      "properties": {
        "city": "臺北市",
        "district": "大安區",
        "category": "充電站",
        "name": "典輪機車行",
        "address": "臺北市大安區建國南路2段161號"
      }
    },
    {
      "type": "Feature",
      "geometry": {
        "type": "Point",
        "coordinates": [
          121.5397706320076,
          25.066755032104727
        ]
      },
      "properties": {
        "city": "臺北市",
        "district": "中山區",
        "category": "充電站",
        "name": "偉翔機車行",
        "address": "臺北市中山區長安東路1段45號"
      }
    },
    {
      "type": "Feature",
      "geometry": {
        "type": "Point",
        "coordinates": [
          121.50293269985642,
          25.13848785060715
        ]
      },
      "properties": {
        "city": "臺北市",
        "district": "北投區",
        "category": "充電站",
        "name": "展悅機車行",
        "address": "臺北市北投區公館路146號"
      }
    },
    {
      "type": "Feature",
      "geometry": {
        "type": "Point",
        "coordinates": [
          121.5066378839035,
          25.123849541775083
        ]
      },
      "properties": {
        "city": "臺北市",
        "district": "北投區",
        "category": "充電站",
        "name": "僑王機車行",
        "address": "臺北市北投區致遠二路116號"
      }
    },
    {
      "type": "Feature",
      "geometry": {
        "type": "Point",
        "coordinates": [
          121.58991194053195,
          24.9949037779846
        ]
      },
      "properties": {
        "city": "臺北市",
        "district": "文山區",
        "category": "充電站",
        "name": "鴻吉機車行",
        "address": "臺北市文山區興隆路3段117號"
      }
    },
    {
      "type": "Feature",
      "geometry": {
        "type": "Point",
        "coordinates": [
          121.56378603862,
          24.996458320868765
        ]
      },
      "properties": {
        "city": "臺北市",
        "district": "文山區",
        "category": "充電站",
        "name": "慧昌機車行",
        "address": "臺北市文山區木柵路3段102巷7號"
      }
    },
    {
      "type": "Feature",
      "geometry": {
        "type": "Point",
        "coordinates": [
          121.5220709622984,
          25.084663255677984
        ]
      },
      "properties": {
        "city": "臺北市",
        "district": "士林區",
        "category": "充電站",
        "name": "駿輝機車行",
        "address": "臺北市士林區大南路295號"
      }
    },
    {
      "type": "Feature",
      "geometry": {
        "type": "Point",
        "coordinates": [
          121.53883382827425,
          25.09105839403828
        ]
      },
      "properties": {
        "city": "臺北市",
        "district": "士林區",
        "category": "充電站",
        "name": "新鎰昌機車行",
        "address": "臺北市士林區至誠路1段2-6號"
      }
    },
    {
      "type": "Feature",
      "geometry": {
        "type": "Point",
        "coordinates": [
          121.52859646173108,
          25.065789043373506
        ]
      },
      "properties": {
        "city": "臺北市",
        "district": "中山區",
        "category": "充電站",
        "name": "朝日車業行",
        "address": "臺北市中山區民權東路2段133號"
      }
    },
    {
      "type": "Feature",
      "geometry": {
        "type": "Point",
        "coordinates": [
          121.49786650004873,
          25.132532931647454
        ]
      },
      "properties": {
        "city": "臺北市",
        "district": "北投區",
        "category": "充電站",
        "name": "聯盈機車材料行",
        "address": "臺北市北投區中央北路4段545號"
      }
    },
    {
      "type": "Feature",
      "geometry": {
        "type": "Point",
        "coordinates": [
          121.59893381421361,
          25.08486862621233
        ]
      },
      "properties": {
        "city": "臺北市",
        "district": "內湖區",
        "category": "充電站",
        "name": "坤達機車行",
        "address": "臺北市內湖區文湖街75號"
      }
    },
    {
      "type": "Feature",
      "geometry": {
        "type": "Point",
        "coordinates": [
          121.57837013623697,
          25.055277606276896
        ]
      },
      "properties": {
        "city": "臺北市",
        "district": "內湖區",
        "category": "充電站",
        "name": "峻東機車行",
        "address": "臺北市內湖區東湖路119巷49弄30號"
      }
    },
    {
      "type": "Feature",
      "geometry": {
        "type": "Point",
        "coordinates": [
          121.50909736974124,
          25.03727456792096
        ]
      },
      "properties": {
        "city": "臺北市",
        "district": "萬華區",
        "category": "充電站",
        "name": "承鋒車業行",
        "address": "臺北市萬華區西園路2段67-2號"
      }
    },
    {
      "type": "Feature",
      "geometry": {
        "type": "Point",
        "coordinates": [
          121.55139003950269,
          25.03733316518416
        ]
      },
      "properties": {
        "city": "臺北市",
        "district": "大安區",
        "category": "充電站",
        "name": "建維機車行",
        "address": "臺北市大安區潮州街86號"
      }
    },
    {
      "type": "Feature",
      "geometry": {
        "type": "Point",
        "coordinates": [
          121.59998201848843,
          25.046961939223127
        ]
      },
      "properties": {
        "city": "臺北市",
        "district": "南港區",
        "category": "充電站",
        "name": "力鼎機車行",
        "address": "台北市信義區基隆路一段99號"
      }
    },
    {
      "type": "Feature",
      "geometry": {
        "type": "Point",
        "coordinates": [
          121.51313212693495,
          25.082967485435383
        ]
      },
      "properties": {
        "city": "臺北市",
        "district": "士林區",
        "category": "充電站",
        "name": "原益車業行",
        "address": "臺北市士林區延平北路5段14號"
      }
    },
    {
      "type": "Feature",
      "geometry": {
        "type": "Point",
        "coordinates": [
          121.52262098476766,
          25.075234736232723
        ]
      },
      "properties": {
        "city": "臺北市",
        "district": "士林區",
        "category": "充電站",
        "name": "卉茂實業有限公司",
        "address": "臺北市士林區文林路764號"
      }
    },
    {
      "type": "Feature",
      "geometry": {
        "type": "Point",
        "coordinates": [
          121.59372967625893,
          25.07793202225664
        ]
      },
      "properties": {
        "city": "臺北市",
        "district": "內湖區",
        "category": "充電站",
        "name": "百鉅機車行",
        "address": "臺北市內湖區成功路2段314號"
      }
    },
    {
      "type": "Feature",
      "geometry": {
        "type": "Point",
        "coordinates": [
          121.55563159504477,
          25.023066915719728
        ]
      },
      "properties": {
        "city": "臺北市",
        "district": "信義區",
        "category": "充電站",
        "name": "豪信機車行",
        "address": "臺北市信義區松隆路217號"
      }
    },
    {
      "type": "Feature",
      "geometry": {
        "type": "Point",
        "coordinates": [
          121.53177993320357,
          25.07824827519955
        ]
      },
      "properties": {
        "city": "臺北市",
        "district": "中山區",
        "category": "充電站",
        "name": "泓原彰車業行",
        "address": "臺北市中山區中原街23號"
      }
    },
    {
      "type": "Feature",
      "geometry": {
        "type": "Point",
        "coordinates": [
          121.60199246845112,
          25.08175422613125
        ]
      },
      "properties": {
        "city": "臺北市",
        "district": "內湖區",
        "category": "充電站",
        "name": "誠鴻機車行",
        "address": "臺北市內湖區民權東路6段60號"
      }
    },
    {
      "type": "Feature",
      "geometry": {
        "type": "Point",
        "coordinates": [
          121.50302523277034,
          25.11983135666613
        ]
      },
      "properties": {
        "city": "臺北市",
        "district": "北投區",
        "category": "充電站",
        "name": "大利車業行",
        "address": "臺北市北投區中央北路1段203號"
      }
    },
    {
      "type": "Feature",
      "geometry": {
        "type": "Point",
        "coordinates": [
          121.55628711796432,
          25.0126805198736
        ]
      },
      "properties": {
        "city": "臺北市",
        "district": "大安區",
        "category": "充電站",
        "name": "樺新車業行",
        "address": "臺北市大安區市民大道4段64號"
      }
    },
    {
      "type": "Feature",
      "geometry": {
        "type": "Point",
        "coordinates": [
          121.52256134450707,
          25.0782120089295
        ]
      },
      "properties": {
        "city": "臺北市",
        "district": "中山區",
        "category": "充電站",
        "name": "永全機車行",
        "address": "臺北市中山區中山北路2段137巷36-2號"
      }
    },
    {
      "type": "Feature",
      "geometry": {
        "type": "Point",
        "coordinates": [
          121.49468718852664,
          25.125958219542643
        ]
      },
      "properties": {
        "city": "臺北市",
        "district": "北投區",
        "category": "充電站",
        "name": "浩成機車行",
        "address": "臺北市北投區崇仁路1段40號"
      }
    },
    {
      "type": "Feature",
      "geometry": {
        "type": "Point",
        "coordinates": [
          121.58625843686636,
          25.06670614785266
        ]
      },
      "properties": {
        "city": "臺北市",
        "district": "內湖區",
        "category": "充電站",
        "name": "飛皇車業行",
        "address": "臺北市內湖區內湖路2段9號"
      }
    },
    {
      "type": "Feature",
      "geometry": {
        "type": "Point",
        "coordinates": [
          121.50985045486941,
          25.04338579751617
        ]
      },
      "properties": {
        "city": "臺北市",
        "district": "萬華區",
        "category": "充電站",
        "name": "豪成機車行",
        "address": "臺北市萬華區和平西路2段190巷5號"
      }
    },
    {
      "type": "Feature",
      "geometry": {
        "type": "Point",
        "coordinates": [
          121.52168226572506,
          25.080323315358
        ]
      },
      "properties": {
        "city": "臺北市",
        "district": "士林區",
        "category": "充電站",
        "name": "日輝車業有限公司",
        "address": "臺北市士林區延平北路5段41號1樓"
      }
    },
    {
      "type": "Feature",
      "geometry": {
        "type": "Point",
        "coordinates": [
          121.564381282621,
          24.986947648356487
        ]
      },
      "properties": {
        "city": "臺北市",
        "district": "文山區",
        "category": "充電站",
        "name": "元信機車行有限公司",
        "address": "臺北市文山區木柵路2段125號"
      }
    },
    {
      "type": "Feature",
      "geometry": {
        "type": "Point",
        "coordinates": [
          121.5728724531227,
          25.025781855913863
        ]
      },
      "properties": {
        "city": "臺北市",
        "district": "信義區",
        "category": "充電站",
        "name": "益昇機車行",
        "address": "臺北市信義區莊敬路214號"
      }
    },
    {
      "type": "Feature",
      "geometry": {
        "type": "Point",
        "coordinates": [
          121.56075010017186,
          25.0509650179478
        ]
      },
      "properties": {
        "city": "臺北市",
        "district": "松山區",
        "category": "充電站",
        "name": "老羅機車行",
        "address": "臺北市松山區塔悠路206號"
      }
    },
    {
      "type": "Feature",
      "geometry": {
        "type": "Point",
        "coordinates": [
          121.61028091222096,
          25.062900682827298
        ]
      },
      "properties": {
        "city": "臺北市",
        "district": "南港區",
        "category": "充電站",
        "name": "惠展車業",
        "address": "臺北市南港區福德街354號"
      }
    },
    {
      "type": "Feature",
      "geometry": {
        "type": "Point",
        "coordinates": [
          121.60257833062127,
          25.063978481273924
        ]
      },
      "properties": {
        "city": "臺北市",
        "district": "內湖區",
        "category": "充電站",
        "name": "米德車業行",
        "address": "臺北市內湖區環山路2段21號"
      }
    },
    {
      "type": "Feature",
      "geometry": {
        "type": "Point",
        "coordinates": [
          121.54452826798888,
          25.02286403350437
        ]
      },
      "properties": {
        "city": "臺北市",
        "district": "大安區",
        "category": "充電站",
        "name": "迅誠機車行",
        "address": "臺北市大安區通化街171巷11號"
      }
    },
    {
      "type": "Feature",
      "geometry": {
        "type": "Point",
        "coordinates": [
          121.52429113240767,
          25.051162872382484
        ]
      },
      "properties": {
        "city": "臺北市",
        "district": "中山區",
        "category": "充電站",
        "name": "新星機車行",
        "address": "臺北市中山區新生北路3段91號"
      }
    },
    {
      "type": "Feature",
      "geometry": {
        "type": "Point",
        "coordinates": [
          121.50350675904097,
          25.145898113472015
        ]
      },
      "properties": {
        "city": "臺北市",
        "district": "北投區",
        "category": "充電站",
        "name": "草山車業",
        "address": "臺北市北投區東陽街470號1樓"
      }
    },
    {
      "type": "Feature",
      "geometry": {
        "type": "Point",
        "coordinates": [
          121.50790521218165,
          25.02913867325311
        ]
      },
      "properties": {
        "city": "臺北市",
        "district": "萬華區",
        "category": "充電站",
        "name": "德客隆機車行",
        "address": "臺北市萬華區西藏路170號1樓"
      }
    },
    {
      "type": "Feature",
      "geometry": {
        "type": "Point",
        "coordinates": [
          121.5686807270102,
          25.054445852221804
        ]
      },
      "properties": {
        "city": "臺北市",
        "district": "松山區",
        "category": "充電站",
        "name": "尚勇車業行",
        "address": "臺北市松山區八德路4段332號"
      }
    },
    {
      "type": "Feature",
      "geometry": {
        "type": "Point",
        "coordinates": [
          121.59762556253416,
          25.063290625188834
        ]
      },
      "properties": {
        "city": "臺北市",
        "district": "南港區",
        "category": "充電站",
        "name": "嘉駿機車行",
        "address": "臺北市南港區成福路155號1樓"
      }
    },
    {
      "type": "Feature",
      "geometry": {
        "type": "Point",
        "coordinates": [
          121.58487634609526,
          25.037925194888714
        ]
      },
      "properties": {
        "city": "臺北市",
        "district": "信義區",
        "category": "充電站",
        "name": "翔偉機車行",
        "address": "臺北市信義區福德街66號"
      }
    },
    {
      "type": "Feature",
      "geometry": {
        "type": "Point",
        "coordinates": [
          121.59071657258625,
          24.98638646255386
        ]
      },
      "properties": {
        "city": "臺北市",
        "district": "文山區",
        "category": "充電站",
        "name": "福星機車行",
        "address": "臺北市文山區木新路2段123號"
      }
    },
    {
      "type": "Feature",
      "geometry": {
        "type": "Point",
        "coordinates": [
          121.52681061873628,
          25.09130029951958
        ]
      },
      "properties": {
        "city": "臺北市",
        "district": "士林區",
        "category": "充電站",
        "name": "北大機車材料行",
        "address": "臺北市士林區中正路411、413號"
      }
    },
    {
      "type": "Feature",
      "geometry": {
        "type": "Point",
        "coordinates": [
          121.62083447372906,
          25.0669930601692
        ]
      },
      "properties": {
        "city": "臺北市",
        "district": "南港區",
        "category": "充電站",
        "name": "家育車業行",
        "address": "臺北市南港區成福路200之1號1樓"
      }
    },
    {
      "type": "Feature",
      "geometry": {
        "type": "Point",
        "coordinates": [
          121.61087149294137,
          25.04022645301148
        ]
      },
      "properties": {
        "city": "臺北市",
        "district": "南港區",
        "category": "充電站",
        "name": "三漾輪業行",
        "address": "臺北市南港區忠孝東路6段240號1樓"
      }
    },
    {
      "type": "Feature",
      "geometry": {
        "type": "Point",
        "coordinates": [
          121.57805367906673,
          24.976504319965922
        ]
      },
      "properties": {
        "city": "臺北市",
        "district": "文山區",
        "category": "充電站",
        "name": "合展車業行",
        "address": "臺北市文山區羅斯福路6段73、75號"
      }
    },
    {
      "type": "Feature",
      "geometry": {
        "type": "Point",
        "coordinates": [
          121.52417344170323,
          25.061549211994176
        ]
      },
      "properties": {
        "city": "臺北市",
        "district": "大同區",
        "category": "充電站",
        "name": "立偉成有限公司",
        "address": "臺北市大同區寧夏路127號"
      }
    },
    {
      "type": "Feature",
      "geometry": {
        "type": "Point",
        "coordinates": [
          121.59283523291089,
          25.066212928450756
        ]
      },
      "properties": {
        "city": "臺北市",
        "district": "內湖區",
        "category": "充電站",
        "name": "內湖車業有限公司",
        "address": "臺北市內湖區文德路18號"
      }
    },
    {
      "type": "Feature",
      "geometry": {
        "type": "Point",
        "coordinates": [
          121.60397192118106,
          25.084122886563982
        ]
      },
      "properties": {
        "city": "臺北市",
        "district": "內湖區",
        "category": "充電站",
        "name": "法仕德車業有限公司",
        "address": "臺北市內湖區新明路363號"
      }
    },
    {
      "type": "Feature",
      "geometry": {
        "type": "Point",
        "coordinates": [
          121.55629490606827,
          25.016774736672904
        ]
      },
      "properties": {
        "city": "臺北市",
        "district": "信義區",
        "category": "充電站",
        "name": "摩都車業行",
        "address": "臺北市信義區吳興街378號1樓"
      }
    },
    {
      "type": "Feature",
      "geometry": {
        "type": "Point",
        "coordinates": [
          121.55830216378995,
          25.01547841254597
        ]
      },
      "properties": {
        "city": "臺北市",
        "district": "信義區",
        "category": "充電站",
        "name": "光明車業有限公司",
        "address": "臺北市信義區基隆路2段165號"
      }
    },
    {
      "type": "Feature",
      "geometry": {
        "type": "Point",
        "coordinates": [
          121.57352753870317,
          24.97964258705418
        ]
      },
      "properties": {
        "city": "臺北市",
        "district": "文山區",
        "category": "充電站",
        "name": "三光機車行",
        "address": "臺北市文山區景興路7號1樓"
      }
    },
    {
      "type": "Feature",
      "geometry": {
        "type": "Point",
        "coordinates": [
          121.51044397004286,
          25.09628799991721
        ]
      },
      "properties": {
        "city": "臺北市",
        "district": "士林區",
        "category": "充電站",
        "name": "永景機車材料行",
        "address": "臺北市士林區中山北路6段405巷79號1樓"
      }
    },
    {
      "type": "Feature",
      "geometry": {
        "type": "Point",
        "coordinates": [
          121.51412037939669,
          25.08860871096339
        ]
      },
      "properties": {
        "city": "臺北市",
        "district": "士林區",
        "category": "充電站",
        "name": "進喆車業行",
        "address": "臺北市士林區通河東街1段198號1樓"
      }
    },
    {
      "type": "Feature",
      "geometry": {
        "type": "Point",
        "coordinates": [
          121.50651915417637,
          25.0182963074849
        ]
      },
      "properties": {
        "city": "臺北市",
        "district": "萬華區",
        "category": "充電站",
        "name": "金里車行",
        "address": "臺北市萬華區桂林路244巷57號"
      }
    },
    {
      "type": "Feature",
      "geometry": {
        "type": "Point",
        "coordinates": [
          121.50421031136585,
          25.0448802531338
        ]
      },
      "properties": {
        "city": "臺北市",
        "district": "萬華區",
        "category": "充電站",
        "name": "永盛機車行",
        "address": "臺北市萬華區環河南路2段300號1樓"
      }
    },
    {
      "type": "Feature",
      "geometry": {
        "type": "Point",
        "coordinates": [
          121.53683987133142,
          25.015246180095712
        ]
      },
      "properties": {
        "city": "臺北市",
        "district": "大安區",
        "category": "充電站",
        "name": "立暉機車行",
        "address": "臺北市大安區新生南路2段82-1號1樓"
      }
    },
    {
      "type": "Feature",
      "geometry": {
        "type": "Point",
        "coordinates": [
          121.58237651067356,
          25.028804602814763
        ]
      },
      "properties": {
        "city": "臺北市",
        "district": "信義區",
        "category": "充電站",
        "name": "世貿機車材料行",
        "address": "臺北市信義區松信路162號"
      }
    },
    {
      "type": "Feature",
      "geometry": {
        "type": "Point",
        "coordinates": [
          121.53634519699109,
          25.065587193714748
        ]
      },
      "properties": {
        "city": "臺北市",
        "district": "中山區",
        "category": "充電站",
        "name": "旭順車業行",
        "address": "臺北市中山區中原街55號"
      }
    },
    {
      "type": "Feature",
      "geometry": {
        "type": "Point",
        "coordinates": [
          121.56724507817795,
          24.98979171036269
        ]
      },
      "properties": {
        "city": "臺北市",
        "district": "文山區",
        "category": "充電站",
        "name": "龍杰車業行",
        "address": "臺北市文山區木柵路1段206號"
      }
    },
    {
      "type": "Feature",
      "geometry": {
        "type": "Point",
        "coordinates": [
          121.5224588376155,
          25.060588147431705
        ]
      },
      "properties": {
        "city": "臺北市",
        "district": "中山區",
        "category": "充電站",
        "name": "興羨機車行",
        "address": "臺北市中山區興安街65號"
      }
    },
    {
      "type": "Feature",
      "geometry": {
        "type": "Point",
        "coordinates": [
          121.59120730770209,
          25.08092267680385
        ]
      },
      "properties": {
        "city": "臺北市",
        "district": "內湖區",
        "category": "充電站",
        "name": "千豐車業行",
        "address": "臺北市內湖區安康路191號"
      }
    },
    {
      "type": "Feature",
      "geometry": {
        "type": "Point",
        "coordinates": [
          121.54842700025917,
          25.030374143521303
        ]
      },
      "properties": {
        "city": "臺北市",
        "district": "大安區",
        "category": "充電站",
        "name": "崇盛機車行",
        "address": "臺北市大安區瑞安街152號"
      }
    },
    {
      "type": "Feature",
      "geometry": {
        "type": "Point",
        "coordinates": [
          121.52018057278846,
          25.077896777602923
        ]
      },
      "properties": {
        "city": "臺北市",
        "district": "大同區",
        "category": "充電站",
        "name": "雄偉機車行",
        "address": "臺北市大同區環河北路1段335號"
      }
    },
    {
      "type": "Feature",
      "geometry": {
        "type": "Point",
        "coordinates": [
          121.60251401109495,
          25.06875600112722
        ]
      },
      "properties": {
        "city": "臺北市",
        "district": "內湖區",
        "category": "充電站",
        "name": "冠頡車業行",
        "address": "臺北市內湖區康樂街200號1樓"
      }
    },
    {
      "type": "Feature",
      "geometry": {
        "type": "Point",
        "coordinates": [
          121.53875140313335,
          25.089096310519178
        ]
      },
      "properties": {
        "city": "臺北市",
        "district": "士林區",
        "category": "充電站",
        "name": "學生機車行有限公司",
        "address": "臺北市士林區華岡路31之3號1樓"
      }
    },
    {
      "type": "Feature",
      "geometry": {
        "type": "Point",
        "coordinates": [
          121.55991829835187,
          25.06508814188688
        ]
      },
      "properties": {
        "city": "臺北市",
        "district": "松山區",
        "category": "充電站",
        "name": "祥瑞車業行",
        "address": "台北市松山區光復南路46號"
      }
    },
    {
      "type": "Feature",
      "geometry": {
        "type": "Point",
        "coordinates": [
          121.62010050492901,
          25.04682949298793
        ]
      },
      "properties": {
        "city": "臺北市",
        "district": "南港區",
        "category": "充電站",
        "name": "祥銘機車行",
        "address": "臺北市南港區興中路80巷14號1樓"
      }
    },
    {
      "type": "Feature",
      "geometry": {
        "type": "Point",
        "coordinates": [
          121.58940294426705,
          24.984123502881847
        ]
      },
      "properties": {
        "city": "臺北市",
        "district": "文山區",
        "category": "充電站",
        "name": "吉全機車行",
        "address": "臺北市文山區興隆路4段111-2號"
      }
    },
    {
      "type": "Feature",
      "geometry": {
        "type": "Point",
        "coordinates": [
          121.56223214894005,
          25.040112268478538
        ]
      },
      "properties": {
        "city": "臺北市",
        "district": "信義區",
        "category": "充電站",
        "name": "展旗車業行",
        "address": "台北市信義區松山路225號"
      }
    },
    {
      "type": "Feature",
      "geometry": {
        "type": "Point",
        "coordinates": [
          121.49915374467359,
          25.14167189018108
        ]
      },
      "properties": {
        "city": "臺北市",
        "district": "北投區",
        "category": "充電站",
        "name": "百傑車業行",
        "address": "臺北市北投區中央北路2段303號"
      }
    },
    {
      "type": "Feature",
      "geometry": {
        "type": "Point",
        "coordinates": [
          121.60211814938842,
          25.053005469949465
        ]
      },
      "properties": {
        "city": "臺北市",
        "district": "南港區",
        "category": "充電站",
        "name": "景隆機車有限公司",
        "address": "臺北市南港區忠孝東路7段597號"
      }
    },
    {
      "type": "Feature",
      "geometry": {
        "type": "Point",
        "coordinates": [
          121.52734131914184,
          25.037406259093235
        ]
      },
      "properties": {
        "city": "臺北市",
        "district": "中正區",
        "category": "充電站",
        "name": "三之三車業有限公司",
        "address": "臺北市中正區重慶南路3段56號"
      }
    },
    {
      "type": "Feature",
      "geometry": {
        "type": "Point",
        "coordinates": [
          121.58211432857411,
          25.018001014217088
        ]
      },
      "properties": {
        "city": "臺北市",
        "district": "信義區",
        "category": "充電站",
        "name": "正泓機車行",
        "address": "臺北市信義區崇德街78號1樓"
      }
    },
    {
      "type": "Feature",
      "geometry": {
        "type": "Point",
        "coordinates": [
          121.59871109343324,
          25.05695343189715
        ]
      },
      "properties": {
        "city": "臺北市",
        "district": "南港區",
        "category": "充電站",
        "name": "伍邦車業",
        "address": "臺北市南港區忠孝東路6段284號"
      }
    },
    {
      "type": "Feature",
      "geometry": {
        "type": "Point",
        "coordinates": [
          121.59128819853294,
          25.064895073948797
        ]
      },
      "properties": {
        "city": "臺北市",
        "district": "內湖區",
        "category": "充電站",
        "name": "豪展機車行",
        "address": "臺北市內湖區康寧路1段206號"
      }
    },
    {
      "type": "Feature",
      "geometry": {
        "type": "Point",
        "coordinates": [
          121.56657367953406,
          25.016780127032916
        ]
      },
      "properties": {
        "city": "臺北市",
        "district": "信義區",
        "category": "充電站",
        "name": "大仁機車行",
        "address": "臺北市信義區莊敬路325巷38號"
      }
    },
    {
      "type": "Feature",
      "geometry": {
        "type": "Point",
        "coordinates": [
          121.56386497980715,
          25.035417067162356
        ]
      },
      "properties": {
        "city": "臺北市",
        "district": "信義區",
        "category": "充電站",
        "name": "政辰車業行",
        "address": "臺北市信義區信安街184號"
      }
    },
    {
      "type": "Feature",
      "geometry": {
        "type": "Point",
        "coordinates": [
          121.60143592962733,
          25.06139908828086
        ]
      },
      "properties": {
        "city": "臺北市",
        "district": "內湖區",
        "category": "充電站",
        "name": "熊大車業行",
        "address": "臺北市內湖區內湖路2段114號"
      }
    },
    {
      "type": "Feature",
      "geometry": {
        "type": "Point",
        "coordinates": [
          121.5979312803839,
          25.068531281698892
        ]
      },
      "properties": {
        "city": "臺北市",
        "district": "內湖區",
        "category": "充電站",
        "name": "東和機車有限公司",
        "address": "臺北市內湖區環山路1段96號"
      }
    },
    {
      "type": "Feature",
      "geometry": {
        "type": "Point",
        "coordinates": [
          121.51351027416997,
          25.08886330357469
        ]
      },
      "properties": {
        "city": "臺北市",
        "district": "士林區",
        "category": "充電站",
        "name": "聖平車業行",
        "address": "臺北市士林區延平北路6段149號"
      }
    },
    {
      "type": "Feature",
      "geometry": {
        "type": "Point",
        "coordinates": [
          121.52965948414047,
          25.05887930827197
        ]
      },
      "properties": {
        "city": "臺北市",
        "district": "中山區",
        "category": "充電站",
        "name": "英詮機車行",
        "address": "臺北市中山區北安路656號1樓"
      }
    },
    {
      "type": "Feature",
      "geometry": {
        "type": "Point",
        "coordinates": [
          121.51200720732717,
          25.121373371751083
        ]
      },
      "properties": {
        "city": "臺北市",
        "district": "北投區",
        "category": "充電站",
        "name": "良偉機車行",
        "address": "臺北市北投區立農街2段284號1樓"
      }
    },
    {
      "type": "Feature",
      "geometry": {
        "type": "Point",
        "coordinates": [
          121.49487283756253,
          25.138764146394838
        ]
      },
      "properties": {
        "city": "臺北市",
        "district": "北投區",
        "category": "充電站",
        "name": "健展車業行",
        "address": "臺北市北投區中央北路4段479號"
      }
    },
    {
      "type": "Feature",
      "geometry": {
        "type": "Point",
        "coordinates": [
          121.57681664341484,
          24.985867687103664
        ]
      },
      "properties": {
        "city": "臺北市",
        "district": "文山區",
        "category": "充電站",
        "name": "龍騰車業行",
        "address": "臺北市文山區木柵路1段34號"
      }
    },
    {
      "type": "Feature",
      "geometry": {
        "type": "Point",
        "coordinates": [
          121.50486545457989,
          25.041443067218452
        ]
      },
      "properties": {
        "city": "臺北市",
        "district": "中正區",
        "category": "充電站",
        "name": "致盛國際車業有限公司",
        "address": "臺北市中正區重慶南路3段130-1、130-2號"
      }
    },
    {
      "type": "Feature",
      "geometry": {
        "type": "Point",
        "coordinates": [
          121.512300796071,
          25.132608755347203
        ]
      },
      "properties": {
        "city": "臺北市",
        "district": "北投區",
        "category": "充電站",
        "name": "凱聿車業有限公司",
        "address": "臺北市北投區明德路150巷5號1樓"
      }
    },
    {
      "type": "Feature",
      "geometry": {
        "type": "Point",
        "coordinates": [
          121.48859590841045,
          25.125271254838598
        ]
      },
      "properties": {
        "city": "臺北市",
        "district": "北投區",
        "category": "充電站",
        "name": "振昇機車行",
        "address": "臺北市北投區中和街241號1樓"
      }
    },
    {
      "type": "Feature",
      "geometry": {
        "type": "Point",
        "coordinates": [
          121.50432154153862,
          25.123059568165395
        ]
      },
      "properties": {
        "city": "臺北市",
        "district": "北投區",
        "category": "充電站",
        "name": "金順機車行",
        "address": "臺北市北投區育仁路137號1樓"
      }
    },
    {
      "type": "Feature",
      "geometry": {
        "type": "Point",
        "coordinates": [
          121.58144129352976,
          25.01605377072314
        ]
      },
      "properties": {
        "city": "臺北市",
        "district": "信義區",
        "category": "充電站",
        "name": "丞時機車行",
        "address": "臺北市信義區大道路31號"
      }
    },
    {
      "type": "Feature",
      "geometry": {
        "type": "Point",
        "coordinates": [
          121.5190809286552,
          25.039339384770244
        ]
      },
      "properties": {
        "city": "臺北市",
        "district": "中正區",
        "category": "充電站",
        "name": "禾錡車業行",
        "address": "臺北市中正區汀州路2段251號"
      }
    },
    {
      "type": "Feature",
      "geometry": {
        "type": "Point",
        "coordinates": [
          121.56420464016219,
          24.989400981063582
        ]
      },
      "properties": {
        "city": "臺北市",
        "district": "文山區",
        "category": "充電站",
        "name": "孟軒機車行",
        "address": "臺北市文山區木柵路一段180號1樓"
      }
    },
    {
      "type": "Feature",
      "geometry": {
        "type": "Point",
        "coordinates": [
          121.59614650247283,
          25.058746314486214
        ]
      },
      "properties": {
        "city": "臺北市",
        "district": "內湖區",
        "category": "充電站",
        "name": "動力羊機車部品開發有限公司",
        "address": "臺北市內湖區新明路339號1樓"
      }
    },
    {
      "type": "Feature",
      "geometry": {
        "type": "Point",
        "coordinates": [
          121.6002983980095,
          25.065735358684783
        ]
      },
      "properties": {
        "city": "臺北市",
        "district": "內湖區",
        "category": "充電站",
        "name": "鑫勝車業行",
        "address": "臺北市內湖區文德路90巷28號1樓"
      }
    },
    {
      "type": "Feature",
      "geometry": {
        "type": "Point",
        "coordinates": [
          121.55349463205967,
          25.025700932205243
        ]
      },
      "properties": {
        "city": "臺北市",
        "district": "大安區",
        "category": "充電站",
        "name": "德興鑫車業行",
        "address": "臺北市大安區延吉街270號"
      }
    },
    {
      "type": "Feature",
      "geometry": {
        "type": "Point",
        "coordinates": [
          121.57590090953643,
          25.033248634782336
        ]
      },
      "properties": {
        "city": "臺北市",
        "district": "信義區",
        "category": "充電站",
        "name": "辰昶機車行",
        "address": "臺北市信義區信安街80號"
      }
    },
    {
      "type": "Feature",
      "geometry": {
        "type": "Point",
        "coordinates": [
          121.48564385722376,
          25.129627698975284
        ]
      },
      "properties": {
        "city": "臺北市",
        "district": "北投區",
        "category": "充電站",
        "name": "原馳機車行",
        "address": "台北市北投區東華街二段14號1樓"
      }
    },
    {
      "type": "Feature",
      "geometry": {
        "type": "Point",
        "coordinates": [
          121.4887702356087,
          25.13485574057317
        ]
      },
      "properties": {
        "city": "臺北市",
        "district": "北投區",
        "category": "充電站",
        "name": "聲豪機車行",
        "address": "臺北市北投區西安街2段185號1樓"
      }
    },
    {
      "type": "Feature",
      "geometry": {
        "type": "Point",
        "coordinates": [
          121.57059378802379,
          25.044428647652996
        ]
      },
      "properties": {
        "city": "臺北市",
        "district": "信義區",
        "category": "充電站",
        "name": "人豪機車行",
        "address": "臺北市信義區莊敬路204號1樓"
      }
    },
    {
      "type": "Feature",
      "geometry": {
        "type": "Point",
        "coordinates": [
          121.5311993322903,
          25.055246492862544
        ]
      },
      "properties": {
        "city": "臺北市",
        "district": "中山區",
        "category": "充電站",
        "name": "台北花博公園超級充電站",
        "address": "台北市中山區玉門街1號"
      }
    },
    {
      "type": "Feature",
      "geometry": {
        "type": "Point",
        "coordinates": [
          121.59402238049216,
          25.060527817813224
        ]
      },
      "properties": {
        "city": "臺北市",
        "district": "內湖區",
        "category": "充電站",
        "name": "台北內湖服務體驗中心超級充電站",
        "address": "台北市內湖區舊宗路二段1號"
      }
    },
    {
      "type": "Feature",
      "geometry": {
        "type": "Point",
        "coordinates": [
          121.5956970891492,
          25.043155530672248
        ]
      },
      "properties": {
        "city": "臺北市",
        "district": "南港區",
        "category": "充電站",
        "name": "台北南港展覽館2館超級充電站",
        "address": "台北市南港區經貿二路2號 B1F 165-170車位"
      }
    },
    {
      "type": "Feature",
      "geometry": {
        "type": "Point",
        "coordinates": [
          121.50565770596022,
          25.136152296957356
        ]
      },
      "properties": {
        "city": "臺北市",
        "district": "北投區",
        "category": "充電站",
        "name": "北投雅樂軒超級充電站",
        "address": "台北市北投區大業路300巷1號 B2"
      }
    },
    {
      "type": "Feature",
      "geometry": {
        "type": "Point",
        "coordinates": [
          121.55600197289131,
          25.01759447931055
        ]
      },
      "properties": {
        "city": "臺北市",
        "district": "大安區",
        "category": "充電站",
        "name": "臺灣大學超級充電站",
        "address": "台北市大安區羅斯福路四段1號"
      }
    },
    {
      "type": "Feature",
      "geometry": {
        "type": "Point",
        "coordinates": [
          121.5273957024531,
          25.09665591586886
        ]
      },
      "properties": {
        "city": "臺北市",
        "district": "士林區",
        "category": "充電站",
        "name": "福林超級充電站",
        "address": "台北市士林區中山北路五段465號旁"
      }
    },
    {
      "type": "Feature",
      "geometry": {
        "type": "Point",
        "coordinates": [
          121.55773726331216,
          25.031078420355364
        ]
      },
      "properties": {
        "city": "臺北市",
        "district": "信義區",
        "category": "充電站",
        "name": "松山超級充電站",
        "address": "台北市信義區市民大道六段246號"
      }
    },
    {
      "type": "Feature",
      "geometry": {
        "type": "Point",
        "coordinates": [
          121.55932142786052,
          25.01920009985956
        ]
      },
      "properties": {
        "city": "臺北市",
        "district": "信義區",
        "category": "充電站",
        "name": "信義交易廣場充電站",
        "address": "台北市信義區松仁路101號B3樓"
      }
    },
    {
      "type": "Feature",
      "geometry": {
        "type": "Point",
        "coordinates": [
          121.51564909644964,
          25.09201070975632
        ]
      },
      "properties": {
        "city": "臺北市",
        "district": "士林區",
        "category": "充電站",
        "name": "大葉高島屋充電站",
        "address": "台北市士林區忠誠路二段55號B2"
      }
    },
    {
      "type": "Feature",
      "geometry": {
        "type": "Point",
        "coordinates": [
          121.49196610338667,
          25.030363490028304
        ]
      },
      "properties": {
        "city": "臺北市",
        "district": "萬華區",
        "category": "充電站",
        "name": "台北萬華家樂福桂林店超級充電站",
        "address": "台北市萬華區桂林路1號 7F"
      }
    },
    {
      "type": "Feature",
      "geometry": {
        "type": "Point",
        "coordinates": [
          121.52198169908789,
          25.054920875611923
        ]
      },
      "properties": {
        "city": "臺北市",
        "district": "中山區",
        "category": "充電站",
        "name": "台北大直NOKE忠泰樂生活超級充電站",
        "address": "台北市中山區樂群三路200號 B2"
      }
    },
    {
      "type": "Feature",
      "geometry": {
        "type": "Point",
        "coordinates": [
          121.5432646917215,
          25.03458433433582
        ]
      },
      "properties": {
        "city": "臺北市",
        "district": "大安區",
        "category": "充電站",
        "name": "臺大體育館超級充電站",
        "address": "台北市大安區羅斯福路四段1號 B2"
      }
    },
    {
      "type": "Feature",
      "geometry": {
        "type": "Point",
        "coordinates": [
          121.53595198250929,
          25.01386822210621
        ]
      },
      "properties": {
        "city": "臺北市",
        "district": "大安區",
        "category": "充電站",
        "name": "台北政治大學公企中心超級充電站",
        "address": "台北市大安區金華街187號 B2"
      }
    },
    {
      "type": "Feature",
      "geometry": {
        "type": "Point",
        "coordinates": [
          121.53060789450457,
          25.02137076963652
        ]
      },
      "properties": {
        "city": "臺北市",
        "district": "大安區",
        "category": "充電站",
        "name": "台北富邦超級充電站",
        "address": "台北市大安區仁愛路四段169號B3"
      }
    },
    {
      "type": "Feature",
      "geometry": {
        "type": "Point",
        "coordinates": [
          121.53805815274863,
          25.067578555203955
        ]
      },
      "properties": {
        "city": "臺北市",
        "district": "中山區",
        "category": "充電站",
        "name": "台北大倉久和大飯站",
        "address": "台北市中山區南京東路?段9號"
      }
    },
    {
      "type": "Feature",
      "geometry": {
        "type": "Point",
        "coordinates": [
          121.61338388204277,
          25.046957866833075
        ]
      },
      "properties": {
        "city": "臺北市",
        "district": "南港區",
        "category": "充電站",
        "name": "台北新光南軟站",
        "address": "台北市南港區經貿二路196號"
      }
    },
    {
      "type": "Feature",
      "geometry": {
        "type": "Point",
        "coordinates": [
          121.57285722947218,
          25.055128267362257
        ]
      },
      "properties": {
        "city": "臺北市",
        "district": "松山區",
        "category": "充電站",
        "name": "台日交流協會",
        "address": "台北市松山區慶城街28號"
      }
    },
    {
      "type": "Feature",
      "geometry": {
        "type": "Point",
        "coordinates": [
          121.6000968035017,
          25.073482534126388
        ]
      },
      "properties": {
        "city": "臺北市",
        "district": "內湖區",
        "category": "充電站",
        "name": "台北內湖亞太經貿廣場A棟站",
        "address": "台北市內湖區舊宗路二段187號 B2"
      }
    },
    {
      "type": "Feature",
      "geometry": {
        "type": "Point",
        "coordinates": [
          121.50710685695937,
          25.046958327056764
        ]
      },
      "properties": {
        "city": "臺北市",
        "district": "中正區",
        "category": "充電站",
        "name": "台北花園大酒店",
        "address": "台北市中正區中華路二段1號"
      }
    },
    {
      "type": "Feature",
      "geometry": {
        "type": "Point",
        "coordinates": [
          121.58636880128608,
          25.06487565939369
        ]
      },
      "properties": {
        "city": "臺北市",
        "district": "內湖區",
        "category": "充電站",
        "name": "EVALUE內湖旗艦站",
        "address": "臺北市內湖區民權東路6段186-8號"
      }
    },
    {
      "type": "Feature",
      "geometry": {
        "type": "Point",
        "coordinates": [
          121.525043099866,
          25.074048789971037
        ]
      },
      "properties": {
        "city": "臺北市",
        "district": "中山區",
        "category": "充電站",
        "name": "維多麗亞酒店",
        "address": "台北市中山區敬業四路168號"
      }
    },
    {
      "type": "Feature",
      "geometry": {
        "type": "Point",
        "coordinates": [
          121.51988869083898,
          25.043923935980615
        ]
      },
      "properties": {
        "city": "臺北市",
        "district": "中正區",
        "category": "充電站",
        "name": "台糖台北會館",
        "address": "台北市中正區中華路?段39號1至21樓及B1至B4"
      }
    },
    {
      "type": "Feature",
      "geometry": {
        "type": "Point",
        "coordinates": [
          121.60264714357761,
          25.071863553201418
        ]
      },
      "properties": {
        "city": "臺北市",
        "district": "內湖區",
        "category": "充電站",
        "name": "燦坤內湖總部站",
        "address": "台北市內湖區堤頂大道一段331號 1F&B2"
      }
    },
    {
      "type": "Feature",
      "geometry": {
        "type": "Point",
        "coordinates": [
          121.53633367490227,
          25.075535663232355
        ]
      },
      "properties": {
        "city": "臺北市",
        "district": "士林區",
        "category": "充電站",
        "name": "雀客藏居_台北陽明山",
        "address": "台北市士林區格致路237號"
      }
    },
    {
      "type": "Feature",
      "geometry": {
        "type": "Point",
        "coordinates": [
          121.57112491575633,
          25.030056092104125
        ]
      },
      "properties": {
        "city": "臺北市",
        "district": "信義區",
        "category": "充電站",
        "name": "台北市信義之星",
        "address": "臺北市信義區松智路14號B2"
      }
    },
    {
      "type": "Feature",
      "geometry": {
        "type": "Point",
        "coordinates": [
          121.55780596205732,
          25.020671549317075
        ]
      },
      "properties": {
        "city": "臺北市",
        "district": "信義區",
        "category": "充電站",
        "name": "台北金融大樓股份有限公司(101購物中心)",
        "address": "台北市信義區市府路45號B3、B4"
      }
    },
    {
      "type": "Feature",
      "geometry": {
        "type": "Point",
        "coordinates": [
          121.54446016766454,
          25.068875315047638
        ]
      },
      "properties": {
        "city": "臺北市",
        "district": "中山區",
        "category": "充電站",
        "name": "順益汽車_濱江營業所",
        "address": "台北市中山區濱江街309號"
      }
    },
    {
      "type": "Feature",
      "geometry": {
        "type": "Point",
        "coordinates": [
          121.58056644622494,
          25.0825039711561
        ]
      },
      "properties": {
        "city": "臺北市",
        "district": "內湖區",
        "category": "充電站",
        "name": "台北企業總部園區",
        "address": "台北市內湖區南京東路六段370號W棟B1停車場"
      }
    },
    {
      "type": "Feature",
      "geometry": {
        "type": "Point",
        "coordinates": [
          121.57123724667404,
          25.055261912647687
        ]
      },
      "properties": {
        "city": "臺北市",
        "district": "松山區",
        "category": "充電站",
        "name": "台北松山運動中心",
        "address": "台北市松山區敦化北路1號"
      }
    },
    {
      "type": "Feature",
      "geometry": {
        "type": "Point",
        "coordinates": [
          121.58477647043972,
          24.99480507529146
        ]
      },
      "properties": {
        "city": "臺北市",
        "district": "文山區",
        "category": "充電站",
        "name": "台北市文山運動中心",
        "address": "台北市文山區興隆路三段222號B1停車場"
      }
    },
    {
      "type": "Feature",
      "geometry": {
        "type": "Point",
        "coordinates": [
          121.53582859720673,
          25.062537767483043
        ]
      },
      "properties": {
        "city": "臺北市",
        "district": "中山區",
        "category": "充電站",
        "name": "台北中崙第一停車場",
        "address": "台北市中山區八德路二段210巷10號"
      }
    },
    {
      "type": "Feature",
      "geometry": {
        "type": "Point",
        "coordinates": [
          121.51066920166822,
          25.060819878582663
        ]
      },
      "properties": {
        "city": "臺北市",
        "district": "",
        "category": "充電站",
        "name": "台北世貿公園地下停車場",
        "address": "台北市南港經貿二路88巷19號"
      }
    },
    {
      "type": "Feature",
      "geometry": {
        "type": "Point",
        "coordinates": [
          121.4928671847538,
          25.033617260883773
        ]
      },
      "properties": {
        "city": "臺北市",
        "district": "萬華區",
        "category": "充電站",
        "name": "台北萬華車站地下停車場",
        "address": "台北市萬華區西園路一段306巷1號"
      }
    },
    {
      "type": "Feature",
      "geometry": {
        "type": "Point",
        "coordinates": [
          121.55479915630643,
          25.032033305678908
        ]
      },
      "properties": {
        "city": "臺北市",
        "district": "大安區",
        "category": "充電站",
        "name": "國立台灣大學_新南地下停車場",
        "address": "台北市大安區新生南路三段_新南停車場B1"
      }
    },
    {
      "type": "Feature",
      "geometry": {
        "type": "Point",
        "coordinates": [
          121.53450563066477,
          25.03511633089554
        ]
      },
      "properties": {
        "city": "臺北市",
        "district": "大安區",
        "category": "充電站",
        "name": "國立台灣大學_芳蘭第一平面停車場",
        "address": "106台北市大安區芳蘭路71號"
      }
    },
    {
      "type": "Feature",
      "geometry": {
        "type": "Point",
        "coordinates": [
          121.50835942806053,
          25.036304107312812
        ]
      },
      "properties": {
        "city": "臺北市",
        "district": "中正區",
        "category": "充電站",
        "name": "國立台灣大學_水源校區臨時停車場",
        "address": "100台北市中正區思源街18號"
      }
    },
    {
      "type": "Feature",
      "geometry": {
        "type": "Point",
        "coordinates": [
          121.53688191658985,
          25.035428764435498
        ]
      },
      "properties": {
        "city": "臺北市",
        "district": "大安區",
        "category": "充電站",
        "name": "國立台灣大學_生醫工程館地下停車場",
        "address": "台北市大安區芳蘭路49號B2"
      }
    },
    {
      "type": "Feature",
      "geometry": {
        "type": "Point",
        "coordinates": [
          121.61750978523087,
          25.056430088786023
        ]
      },
      "properties": {
        "city": "臺北市",
        "district": "南港區",
        "category": "充電站",
        "name": "台北興中立體停車場",
        "address": "台北市南港區興中路44巷1號"
      }
    },
    {
      "type": "Feature",
      "geometry": {
        "type": "Point",
        "coordinates": [
          121.59784940664231,
          25.062135405152063
        ]
      },
      "properties": {
        "city": "臺北市",
        "district": "內湖區",
        "category": "充電站",
        "name": "台北洲子立體停車場",
        "address": "台北市內湖區瑞光路513巷22弄2號"
      }
    },
    {
      "type": "Feature",
      "geometry": {
        "type": "Point",
        "coordinates": [
          121.59643869900891,
          25.06237203647551
        ]
      },
      "properties": {
        "city": "臺北市",
        "district": "內湖區",
        "category": "充電站",
        "name": "台北東湖國小地下停車場",
        "address": "台北市內湖區東湖路115號"
      }
    },
    {
      "type": "Feature",
      "geometry": {
        "type": "Point",
        "coordinates": [
          121.48913042687957,
          25.135475817160625
        ]
      },
      "properties": {
        "city": "臺北市",
        "district": "北投區",
        "category": "充電站",
        "name": "台北大豐公園地下停車場",
        "address": "台北市北投區大興街145號B1"
      }
    },
    {
      "type": "Feature",
      "geometry": {
        "type": "Point",
        "coordinates": [
          121.51081347058305,
          25.13917957595132
        ]
      },
      "properties": {
        "city": "臺北市",
        "district": "北投區",
        "category": "充電站",
        "name": "台北立農公園地下停車場",
        "address": "台北市北投區承德路七段372號B1"
      }
    },
    {
      "type": "Feature",
      "geometry": {
        "type": "Point",
        "coordinates": [
          121.61112369595995,
          25.0518219114849
        ]
      },
      "properties": {
        "city": "臺北市",
        "district": "南港區",
        "category": "充電站",
        "name": "台北南港國小地下停車場",
        "address": "台北市南港區東興街59號"
      }
    },
    {
      "type": "Feature",
      "geometry": {
        "type": "Point",
        "coordinates": [
          121.61743352903333,
          25.044884470716973
        ]
      },
      "properties": {
        "city": "臺北市",
        "district": "南港區",
        "category": "充電站",
        "name": "台北玉成公園地下停車場",
        "address": "台北市南港區成福路116號"
      }
    },
    {
      "type": "Feature",
      "geometry": {
        "type": "Point",
        "coordinates": [
          121.56199817503986,
          25.000468633019736
        ]
      },
      "properties": {
        "city": "臺北市",
        "district": "文山區",
        "category": "充電站",
        "name": "歐特儀_捷運木柵站轉乘停車場",
        "address": "台北市文山區木柵路四段135號B1樓"
      }
    },
    {
      "type": "Feature",
      "geometry": {
        "type": "Point",
        "coordinates": [
          121.5494425815729,
          25.03166689757012
        ]
      },
      "properties": {
        "city": "臺北市",
        "district": "大安區",
        "category": "充電站",
        "name": "聯合醫院_台北仁愛院區",
        "address": "台北市大安區仁愛路四段10號"
      }
    },
    {
      "type": "Feature",
      "geometry": {
        "type": "Point",
        "coordinates": [
          121.57753765662603,
          25.020417313329872
        ]
      },
      "properties": {
        "city": "臺北市",
        "district": "信義區",
        "category": "充電站",
        "name": "聯合醫院_台北松德院區",
        "address": "台北市信義區松德路309號"
      }
    },
    {
      "type": "Feature",
      "geometry": {
        "type": "Point",
        "coordinates": [
          121.51152376667258,
          25.03717224819503
        ]
      },
      "properties": {
        "city": "臺北市",
        "district": "中正區",
        "category": "充電站",
        "name": "聯合醫院_台北婦幼院區",
        "address": "台北市中正區福州街12號"
      }
    },
    {
      "type": "Feature",
      "geometry": {
        "type": "Point",
        "coordinates": [
          121.51022900373387,
          25.087785027715295
        ]
      },
      "properties": {
        "city": "臺北市",
        "district": "士林區",
        "category": "充電站",
        "name": "聯合醫院_台北陽明院區",
        "address": "台北市士林區雨聲街105號"
      }
    },
    {
      "type": "Feature",
      "geometry": {
        "type": "Point",
        "coordinates": [
          121.50674293289359,
          25.075157768125216
        ]
      },
      "properties": {
        "city": "臺北市",
        "district": "大同區",
        "category": "充電站",
        "name": "聯合醫院_台北中興院區",
        "address": "台北市大同區鄭州路145號"
      }
    },
    {
      "type": "Feature",
      "geometry": {
        "type": "Point",
        "coordinates": [
          121.50573948137801,
          25.01804663917989
        ]
      },
      "properties": {
        "city": "臺北市",
        "district": "中正區",
        "category": "充電站",
        "name": "聯合醫院_台北和平院區",
        "address": "台北市中正區中華路二段33號"
      }
    },
    {
      "type": "Feature",
      "geometry": {
        "type": "Point",
        "coordinates": [
          121.51979369506977,
          25.055958615966958
        ]
      },
      "properties": {
        "city": "臺北市",
        "district": "大同區",
        "category": "充電站",
        "name": "台北大龍國小地下停車場",
        "address": "台北市大同區哈密街47號B1"
      }
    },
    {
      "type": "Feature",
      "geometry": {
        "type": "Point",
        "coordinates": [
          121.51667308587581,
          25.08159769601792
        ]
      },
      "properties": {
        "city": "臺北市",
        "district": "士林區",
        "category": "充電站",
        "name": "台北蘭雅公園地下停車場",
        "address": "台北市士林區德行東路129巷31號"
      }
    },
    {
      "type": "Feature",
      "geometry": {
        "type": "Point",
        "coordinates": [
          121.51334636965154,
          25.023099929958775
        ]
      },
      "properties": {
        "city": "臺北市",
        "district": "萬華區",
        "category": "充電站",
        "name": "台北青年公園高爾夫球場",
        "address": "台北市萬華區國興路5號"
      }
    },
    {
      "type": "Feature",
      "geometry": {
        "type": "Point",
        "coordinates": [
          121.51298349663884,
          25.085979885376343
        ]
      },
      "properties": {
        "city": "臺北市",
        "district": "士林區",
        "category": "充電站",
        "name": "台北前港公園地下停車場",
        "address": "台北市士林區前港街45號"
      }
    },
    {
      "type": "Feature",
      "geometry": {
        "type": "Point",
        "coordinates": [
          121.52666869020082,
          25.079748682263748
        ]
      },
      "properties": {
        "city": "臺北市",
        "district": "士林區",
        "category": "充電站",
        "name": "台北海光公園地下停車場",
        "address": "台北市士林區葫蘆街83號B1樓"
      }
    },
    {
      "type": "Feature",
      "geometry": {
        "type": "Point",
        "coordinates": [
          121.50418249179238,
          25.06959244725521
        ]
      },
      "properties": {
        "city": "臺北市",
        "district": "大同區",
        "category": "充電站",
        "name": "台北啟聰學校地下停車場",
        "address": "台北市大同區延平北路四段205號"
      }
    },
    {
      "type": "Feature",
      "geometry": {
        "type": "Point",
        "coordinates": [
          121.56086370692451,
          25.03719519936074
        ]
      },
      "properties": {
        "city": "臺北市",
        "district": "信義區",
        "category": "充電站",
        "name": "台北南山廣場",
        "address": "台北市信義區松仁路100號B4"
      }
    },
    {
      "type": "Feature",
      "geometry": {
        "type": "Point",
        "coordinates": [
          121.49178752530409,
          25.020508452573544
        ]
      },
      "properties": {
        "city": "臺北市",
        "district": "萬華區",
        "category": "充電站",
        "name": "台北古亭國中地下停車場",
        "address": "台北市萬華區中華路二段606巷1號"
      }
    },
    {
      "type": "Feature",
      "geometry": {
        "type": "Point",
        "coordinates": [
          121.52589175548965,
          25.08161742787862
        ]
      },
      "properties": {
        "city": "臺北市",
        "district": "士林區",
        "category": "充電站",
        "name": "台北至誠平面停車場",
        "address": "台北士林區至誠路1段295號對面"
      }
    },
    {
      "type": "Feature",
      "geometry": {
        "type": "Point",
        "coordinates": [
          121.51454216693288,
          25.088696495474885
        ]
      },
      "properties": {
        "city": "臺北市",
        "district": "士林區",
        "category": "充電站",
        "name": "台北福林公園地下停車場",
        "address": "台北市士林區中正路17號"
      }
    },
    {
      "type": "Feature",
      "geometry": {
        "type": "Point",
        "coordinates": [
          121.54574841504814,
          25.05004150953255
        ]
      },
      "properties": {
        "city": "臺北市",
        "district": "中山區",
        "category": "充電站",
        "name": "台北中山運動中心旁平面停車場",
        "address": "台北市中山區中山北路2段44巷及46巷中間"
      }
    },
    {
      "type": "Feature",
      "geometry": {
        "type": "Point",
        "coordinates": [
          121.52619554114759,
          25.062009420210927
        ]
      },
      "properties": {
        "city": "臺北市",
        "district": "大同區",
        "category": "充電站",
        "name": "台北慶昌橋下停車場",
        "address": "台北市大同區哈密街59巷-延平北路"
      }
    },
    {
      "type": "Feature",
      "geometry": {
        "type": "Point",
        "coordinates": [
          121.53382512354435,
          25.08275991716175
        ]
      },
      "properties": {
        "city": "臺北市",
        "district": "士林區",
        "category": "充電站",
        "name": "台北福港街平面停車場",
        "address": "台北市士林區福港街149巷2號"
      }
    },
    {
      "type": "Feature",
      "geometry": {
        "type": "Point",
        "coordinates": [
          121.51034600504215,
          25.027680965763693
        ]
      },
      "properties": {
        "city": "臺北市",
        "district": "萬華區",
        "category": "充電站",
        "name": "台北萬華國中地下停車場",
        "address": "108台北市萬華區西藏路201號B1樓"
      }
    },
    {
      "type": "Feature",
      "geometry": {
        "type": "Point",
        "coordinates": [
          121.48571042883377,
          25.143646346809835
        ]
      },
      "properties": {
        "city": "臺北市",
        "district": "北投區",
        "category": "充電站",
        "name": "台北關渡水岸自然公園平面停車場",
        "address": "台北市北投區知行路360號(關渡宮對面空地)"
      }
    },
    {
      "type": "Feature",
      "geometry": {
        "type": "Point",
        "coordinates": [
          121.4990930671135,
          25.1369208502417
        ]
      },
      "properties": {
        "city": "臺北市",
        "district": "北投區",
        "category": "充電站",
        "name": "台北開勝平面停車場",
        "address": "台北市北投區珠海路88號"
      }
    },
    {
      "type": "Feature",
      "geometry": {
        "type": "Point",
        "coordinates": [
          121.51944564238667,
          25.088718346567727
        ]
      },
      "properties": {
        "city": "臺北市",
        "district": "士林區",
        "category": "充電站",
        "name": "台北東和平面停車場",
        "address": "台北市士林區天母東路69巷旁"
      }
    },
    {
      "type": "Feature",
      "geometry": {
        "type": "Point",
        "coordinates": [
          121.54536196344876,
          25.065246205219434
        ]
      },
      "properties": {
        "city": "臺北市",
        "district": "松山區",
        "category": "充電站",
        "name": "宏達_台北松仁停車場",
        "address": "台北市松山區松仁路277號"
      }
    },
    {
      "type": "Feature",
      "geometry": {
        "type": "Point",
        "coordinates": [
          121.59006252962857,
          25.061363748187254
        ]
      },
      "properties": {
        "city": "臺北市",
        "district": "內湖區",
        "category": "充電站",
        "name": "台北康樂合署大樓地下停車場",
        "address": "114台北市內湖區康樂街150號號地下室"
      }
    },
    {
      "type": "Feature",
      "geometry": {
        "type": "Point",
        "coordinates": [
          121.54248700800287,
          25.016018408803937
        ]
      },
      "properties": {
        "city": "臺北市",
        "district": "大安區",
        "category": "充電站",
        "name": "歐特儀_台北台大癌醫停車場",
        "address": "台北市大安區基隆路三段155巷57號"
      }
    },
    {
      "type": "Feature",
      "geometry": {
        "type": "Point",
        "coordinates": [
          121.51068290278357,
          25.05596491049622
        ]
      },
      "properties": {
        "city": "臺北市",
        "district": "大同區",
        "category": "充電站",
        "name": "台北成淵高中地下停車場",
        "address": "103台北市大同區承德路二段235號之1地下"
      }
    },
    {
      "type": "Feature",
      "geometry": {
        "type": "Point",
        "coordinates": [
          121.50901427958998,
          25.04388055072171
        ]
      },
      "properties": {
        "city": "臺北市",
        "district": "萬華區",
        "category": "充電站",
        "name": "台北華江橋下雙層停車場",
        "address": "台北市萬華區和平西路3段382巷對面"
      }
    },
    {
      "type": "Feature",
      "geometry": {
        "type": "Point",
        "coordinates": [
          121.53844628156976,
          25.100819529602393
        ]
      },
      "properties": {
        "city": "臺北市",
        "district": "士林區",
        "category": "充電站",
        "name": "台北福國路橋下平面停車場",
        "address": "台北市士林區文林路台灣戲曲中心與臺北高等行政法院間福國路橋下"
      }
    },
    {
      "type": "Feature",
      "geometry": {
        "type": "Point",
        "coordinates": [
          121.49262481153391,
          25.04210736131137
        ]
      },
      "properties": {
        "city": "臺北市",
        "district": "萬華區",
        "category": "充電站",
        "name": "台北雙園國中地下停車場",
        "address": "108台北市萬華區西園路二段320巷55弄3號"
      }
    },
    {
      "type": "Feature",
      "geometry": {
        "type": "Point",
        "coordinates": [
          121.5009073684371,
          25.121138612714642
        ]
      },
      "properties": {
        "city": "臺北市",
        "district": "北投區",
        "category": "充電站",
        "name": "台北陽明山立體停車場",
        "address": "台北市北投區湖山路(陽明山公園大門口旁)"
      }
    },
    {
      "type": "Feature",
      "geometry": {
        "type": "Point",
        "coordinates": [
          121.50509111739149,
          25.136921506753268
        ]
      },
      "properties": {
        "city": "臺北市",
        "district": "北投區",
        "category": "充電站",
        "name": "台北陽明山第二停車場",
        "address": "台北市北投區陽金公路(陽明山國家公園遊客服務中心對面)"
      }
    },
    {
      "type": "Feature",
      "geometry": {
        "type": "Point",
        "coordinates": [
          121.49110494322218,
          25.138226435283052
        ]
      },
      "properties": {
        "city": "臺北市",
        "district": "北投區",
        "category": "充電站",
        "name": "台北陽明山花鐘停車場",
        "address": "台北市北投區湖山路2段(陽明山公園花鐘前)"
      }
    },
    {
      "type": "Feature",
      "geometry": {
        "type": "Point",
        "coordinates": [
          121.50383891467247,
          25.146330262100165
        ]
      },
      "properties": {
        "city": "臺北市",
        "district": "北投區",
        "category": "充電站",
        "name": "台北豐年運動公園平面停車場",
        "address": "台北市北投區大業路527巷旁"
      }
    },
    {
      "type": "Feature",
      "geometry": {
        "type": "Point",
        "coordinates": [
          121.50172894307453,
          25.07555622993962
        ]
      },
      "properties": {
        "city": "臺北市",
        "district": "大同區",
        "category": "充電站",
        "name": "力揚_台北大稻埕停車場",
        "address": "台北市大同區歸綏街243號B1"
      }
    },
    {
      "type": "Feature",
      "geometry": {
        "type": "Point",
        "coordinates": [
          121.51875940499713,
          25.025086326094993
        ]
      },
      "properties": {
        "city": "臺北市",
        "district": "中正區",
        "category": "充電站",
        "name": "台北全球人壽希望園區停車場",
        "address": "台北市中正區八德路一段55號"
      }
    },
    {
      "type": "Feature",
      "geometry": {
        "type": "Point",
        "coordinates": [
          121.51345392426205,
          25.131190440419118
        ]
      },
      "properties": {
        "city": "臺北市",
        "district": "北投區",
        "category": "充電站",
        "name": "國立陽明交通大學_生物醫學大樓",
        "address": "臺北市北投區立農街二段155號"
      }
    },
    {
      "type": "Feature",
      "geometry": {
        "type": "Point",
        "coordinates": [
          121.5292764557157,
          25.03376562227454
        ]
      },
      "properties": {
        "city": "臺北市",
        "district": "大安區",
        "category": "充電站",
        "name": "國立台灣大學_公館平面停車場",
        "address": "台北市大安區羅斯福路四段1號"
      }
    },
    {
      "type": "Feature",
      "geometry": {
        "type": "Point",
        "coordinates": [
          121.52739473429064,
          25.062849773084803
        ]
      },
      "properties": {
        "city": "臺北市",
        "district": "中山區",
        "category": "充電站",
        "name": "台北美福大飯店",
        "address": "台北市中山區樂群二路55號 B4"
      }
    },
    {
      "type": "Feature",
      "geometry": {
        "type": "Point",
        "coordinates": [
          121.54449011593093,
          25.069973660314016
        ]
      },
      "properties": {
        "city": "臺北市",
        "district": "松山區",
        "category": "充電站",
        "name": "台北民生社區中心地下停車場",
        "address": "台北市松山區民生東路五段163之1號B2樓"
      }
    },
    {
      "type": "Feature",
      "geometry": {
        "type": "Point",
        "coordinates": [
          121.51260097015765,
          25.134591183327796
        ]
      },
      "properties": {
        "city": "臺北市",
        "district": "北投區",
        "category": "充電站",
        "name": "台北關渡醫院旁平面停車場",
        "address": "台北市北投區大度路3段301巷"
      }
    },
    {
      "type": "Feature",
      "geometry": {
        "type": "Point",
        "coordinates": [
          121.52299677143914,
          25.077186471481316
        ]
      },
      "properties": {
        "city": "臺北市",
        "district": "大同區",
        "category": "充電站",
        "name": "台北大橋橋下停車場",
        "address": "台北市大同區環河北路2段-延平北路3段間之臺北大橋橋下空間"
      }
    },
    {
      "type": "Feature",
      "geometry": {
        "type": "Point",
        "coordinates": [
          121.51343854627905,
          25.137734643914182
        ]
      },
      "properties": {
        "city": "臺北市",
        "district": "北投區",
        "category": "充電站",
        "name": "台北公?路228巷臨時平面停車場",
        "address": "台北市北投區公館路228巷"
      }
    },
    {
      "type": "Feature",
      "geometry": {
        "type": "Point",
        "coordinates": [
          121.51033951611447,
          25.026775171411288
        ]
      },
      "properties": {
        "city": "臺北市",
        "district": "萬華區",
        "category": "充電站",
        "name": "台北青年公園棒球場地下停車場",
        "address": "台北市萬華區青年路69號"
      }
    },
    {
      "type": "Feature",
      "geometry": {
        "type": "Point",
        "coordinates": [
          121.50551475979854,
          25.1463557423812
        ]
      },
      "properties": {
        "city": "臺北市",
        "district": "北投區",
        "category": "充電站",
        "name": "台北懷德街55巷平面停車場",
        "address": "台北市北投區懷德街與懷德街55巷交叉口"
      }
    },
    {
      "type": "Feature",
      "geometry": {
        "type": "Point",
        "coordinates": [
          121.53208362678893,
          25.088386722418463
        ]
      },
      "properties": {
        "city": "臺北市",
        "district": "士林區",
        "category": "充電站",
        "name": "台北社正路平面停車場",
        "address": "台北市士林區社正路12號旁"
      }
    },
    {
      "type": "Feature",
      "geometry": {
        "type": "Point",
        "coordinates": [
          121.50806976015109,
          25.057637967283277
        ]
      },
      "properties": {
        "city": "臺北市",
        "district": "大同區",
        "category": "充電站",
        "name": "台北建成公園地下停車場",
        "address": "台北市大同區承德路二段31號B1樓"
      }
    },
    {
      "type": "Feature",
      "geometry": {
        "type": "Point",
        "coordinates": [
          121.5371731140732,
          25.09809612055599
        ]
      },
      "properties": {
        "city": "臺北市",
        "district": "士林區",
        "category": "充電站",
        "name": "台北延平北路5段1巷平面停車場",
        "address": "台北市士林區延平北路5段1巷平面停車場"
      }
    },
    {
      "type": "Feature",
      "geometry": {
        "type": "Point",
        "coordinates": [
          121.50644138552664,
          25.077270281005813
        ]
      },
      "properties": {
        "city": "臺北市",
        "district": "大同區",
        "category": "充電站",
        "name": "台北建成國中地下停車場",
        "address": "台北市大同區長安西路37號B1"
      }
    },
    {
      "type": "Feature",
      "geometry": {
        "type": "Point",
        "coordinates": [
          121.51233583481687,
          25.142891566114958
        ]
      },
      "properties": {
        "city": "臺北市",
        "district": "北投區",
        "category": "充電站",
        "name": "台北公館路平面停車場",
        "address": "台北市北投區公館路、西安路口"
      }
    },
    {
      "type": "Feature",
      "geometry": {
        "type": "Point",
        "coordinates": [
          121.49376725358586,
          25.12673462546616
        ]
      },
      "properties": {
        "city": "臺北市",
        "district": "北投區",
        "category": "充電站",
        "name": "台北大業路280巷平面停車場",
        "address": "台北市北投區大業路280巷"
      }
    },
    {
      "type": "Feature",
      "geometry": {
        "type": "Point",
        "coordinates": [
          121.60510188937923,
          25.060977099707213
        ]
      },
      "properties": {
        "city": "臺北市",
        "district": "南港區",
        "category": "充電站",
        "name": "台北市南港運動中心",
        "address": "台北市南港區玉成街69號"
      }
    },
    {
      "type": "Feature",
      "geometry": {
        "type": "Point",
        "coordinates": [
          121.49615015085956,
          25.138826518306708
        ]
      },
      "properties": {
        "city": "臺北市",
        "district": "北投區",
        "category": "充電站",
        "name": "台北市北投運動中心",
        "address": "台北市北投區石牌路一段39巷100號"
      }
    },
    {
      "type": "Feature",
      "geometry": {
        "type": "Point",
        "coordinates": [
          121.58600612364482,
          25.081857993334978
        ]
      },
      "properties": {
        "city": "臺北市",
        "district": "內湖區",
        "category": "充電站",
        "name": "台北內湖CITYLINK停車場",
        "address": "台北市內湖區成功路四段188號2F、5F"
      }
    },
    {
      "type": "Feature",
      "geometry": {
        "type": "Point",
        "coordinates": [
          121.52842062401129,
          25.092855367992694
        ]
      },
      "properties": {
        "city": "臺北市",
        "district": "士林區",
        "category": "充電站",
        "name": "台北福林路平面停車場",
        "address": "臺北市士林區福林路與中正路交叉口南側空地(福林2小段578、583及584地號內)"
      }
    },
    {
      "type": "Feature",
      "geometry": {
        "type": "Point",
        "coordinates": [
          121.51024423555756,
          25.022537674891012
        ]
      },
      "properties": {
        "city": "臺北市",
        "district": "萬華區",
        "category": "充電站",
        "name": "台北新和庭園平面停車場",
        "address": "臺北市萬華區中華路2段416巷口"
      }
    },
    {
      "type": "Feature",
      "geometry": {
        "type": "Point",
        "coordinates": [
          121.52733566668587,
          25.07509023092754
        ]
      },
      "properties": {
        "city": "臺北市",
        "district": "中山區",
        "category": "充電站",
        "name": "台北大直計程車服務站",
        "address": "臺北市中山區北安路676號"
      }
    },
    {
      "type": "Feature",
      "geometry": {
        "type": "Point",
        "coordinates": [
          121.51274460529818,
          25.0340292856246
        ]
      },
      "properties": {
        "city": "臺北市",
        "district": "中正區",
        "category": "充電站",
        "name": "台北公館計程車服務站",
        "address": "臺北市中正區汀州路三段230巷17號"
      }
    },
    {
      "type": "Feature",
      "geometry": {
        "type": "Point",
        "coordinates": [
          121.53536144144428,
          25.05738065595105
        ]
      },
      "properties": {
        "city": "臺北市",
        "district": "中山區",
        "category": "充電站",
        "name": "台北中山計程車服務站",
        "address": "臺北市中山區新生北路3段(臺北市立美術館後面)"
      }
    },
    {
      "type": "Feature",
      "geometry": {
        "type": "Point",
        "coordinates": [
          121.53994367758783,
          25.025578600073864
        ]
      },
      "properties": {
        "city": "臺北市",
        "district": "大安區",
        "category": "充電站",
        "name": "台北建國計程車服務站",
        "address": "臺北市大安區建國南路一段34號"
      }
    },
    {
      "type": "Feature",
      "geometry": {
        "type": "Point",
        "coordinates": [
          121.57615310356127,
          25.01668882474648
        ]
      },
      "properties": {
        "city": "臺北市",
        "district": "信義區",
        "category": "充電站",
        "name": "市府轉運停車場",
        "address": "臺北市信義區忠孝東路五段6號B4"
      }
    },
    {
      "type": "Feature",
      "geometry": {
        "type": "Point",
        "coordinates": [
          121.54638338248418,
          25.07841639456412
        ]
      },
      "properties": {
        "city": "臺北市",
        "district": "中山區",
        "category": "充電站",
        "name": "Times_台北植福路停車場",
        "address": "臺北市中山區植福路11號"
      }
    },
    {
      "type": "Feature",
      "geometry": {
        "type": "Point",
        "coordinates": [
          121.50822255416651,
          25.132531873685124
        ]
      },
      "properties": {
        "city": "臺北市",
        "district": "北投區",
        "category": "充電站",
        "name": "Times_台北北護大學思樓停車場",
        "address": "臺北市北投區明德路365號教學綜合研究大樓B1(北護大學思樓)"
      }
    },
    {
      "type": "Feature",
      "geometry": {
        "type": "Point",
        "coordinates": [
          121.59496358604794,
          25.059343994632574
        ]
      },
      "properties": {
        "city": "臺北市",
        "district": "內湖區",
        "category": "充電站",
        "name": "Times_台北內湖陽光街停車場",
        "address": "臺北市內湖區陽光街381號旁空地"
      }
    },
    {
      "type": "Feature",
      "geometry": {
        "type": "Point",
        "coordinates": [
          121.52981370801012,
          25.080867217435166
        ]
      },
      "properties": {
        "city": "臺北市",
        "district": "士林區",
        "category": "充電站",
        "name": "台北忠誠路(二)平面停車場",
        "address": "臺北市士林區忠誠路1段182號旁"
      }
    },
    {
      "type": "Feature",
      "geometry": {
        "type": "Point",
        "coordinates": [
          121.52752547490267,
          25.06237387516205
        ]
      },
      "properties": {
        "city": "臺北市",
        "district": "大同區",
        "category": "充電站",
        "name": "Times_台北地下街停車場",
        "address": "臺北市大同區市民大道一段100號B2"
      }
    },
    {
      "type": "Feature",
      "geometry": {
        "type": "Point",
        "coordinates": [
          121.5878866400248,
          24.998958456312334
        ]
      },
      "properties": {
        "city": "臺北市",
        "district": "文山區",
        "category": "充電站",
        "name": "台北景美國小地下停車場",
        "address": "臺北市文山區景文街142巷2號B1"
      }
    },
    {
      "type": "Feature",
      "geometry": {
        "type": "Point",
        "coordinates": [
          121.53232494490348,
          25.061983444604937
        ]
      },
      "properties": {
        "city": "臺北市",
        "district": "中山區",
        "category": "充電站",
        "name": "台隆賓士_台北濱江",
        "address": "台北市中山區濱江街277號"
      }
    },
    {
      "type": "Feature",
      "geometry": {
        "type": "Point",
        "coordinates": [
          121.59995377680602,
          25.06038387838882
        ]
      },
      "properties": {
        "city": "臺北市",
        "district": "南港區",
        "category": "充電站",
        "name": "中華賓士_台北南港",
        "address": "台北市南港區南港路三段53號1樓"
      }
    },
    {
      "type": "Feature",
      "geometry": {
        "type": "Point",
        "coordinates": [
          121.50257547523874,
          25.12435970792248
        ]
      },
      "properties": {
        "city": "臺北市",
        "district": "北投區",
        "category": "充電站",
        "name": "中華賓士_台北關渡",
        "address": "台北市北投區大度路三段168號"
      }
    },
    {
      "type": "Feature",
      "geometry": {
        "type": "Point",
        "coordinates": [
          121.57654696756993,
          25.064415435291053
        ]
      },
      "properties": {
        "city": "臺北市",
        "district": "內湖區",
        "category": "充電站",
        "name": "中華賓士_台北內湖",
        "address": "台北市內湖區舊宗路一段279號"
      }
    },
    {
      "type": "Feature",
      "geometry": {
        "type": "Point",
        "coordinates": [
          121.53018659553393,
          25.036079700628925
        ]
      },
      "properties": {
        "city": "臺北市",
        "district": "大安區",
        "category": "充電站",
        "name": "新凱汽車仁愛充電站",
        "address": "台北市大安區新生南路?段125號"
      }
    },
    {
      "type": "Feature",
      "geometry": {
        "type": "Point",
        "coordinates": [
          121.58874112932585,
          25.068416015615963
        ]
      },
      "properties": {
        "city": "臺北市",
        "district": "內湖區",
        "category": "充電站",
        "name": "新凱汽車內湖充電站",
        "address": "台北市內湖區民權東路六段17號1樓"
      }
    },
    {
      "type": "Feature",
      "geometry": {
        "type": "Point",
        "coordinates": [
          121.50080523159394,
          25.12902898723509
        ]
      },
      "properties": {
        "city": "臺北市",
        "district": "北投區",
        "category": "充電站",
        "name": "新凱汽車士林充電站",
        "address": "台北市北投區承德路6段80號"
      }
    },
    {
      "type": "Feature",
      "geometry": {
        "type": "Point",
        "coordinates": [
          121.51817683099449,
          25.067116792106507
        ]
      },
      "properties": {
        "city": "臺北市",
        "district": "中山區",
        "category": "充電站",
        "name": "匯勝汽車濱江充電站",
        "address": "台北市中山區濱江街209號"
      }
    },
    {
      "type": "Feature",
      "geometry": {
        "type": "Point",
        "coordinates": [
          121.56869444588293,
          25.060462833671636
        ]
      },
      "properties": {
        "city": "臺北市",
        "district": "松山區",
        "category": "充電站",
        "name": "家樂福台北三民店",
        "address": "台北市松山區三民路160號"
      }
    },
    {
      "type": "Feature",
      "geometry": {
        "type": "Point",
        "coordinates": [
          121.52671731491047,
          25.095592418585866
        ]
      },
      "properties": {
        "city": "臺北市",
        "district": "士林區",
        "category": "充電站",
        "name": "陽明山草山小鎮",
        "address": "台北市士林區國泰街5號斜對面停車場"
      }
    },
    {
      "type": "Feature",
      "geometry": {
        "type": "Point",
        "coordinates": [
          121.58044429517777,
          25.024672470578842
        ]
      },
      "properties": {
        "city": "臺北市",
        "district": "信義區",
        "category": "充電站",
        "name": "台北信義忠駝社區",
        "address": "台北市信義區基隆路一段364巷20號1樓"
      }
    },
    {
      "type": "Feature",
      "geometry": {
        "type": "Point",
        "coordinates": [
          121.5164004052659,
          25.051159053365215
        ]
      },
      "properties": {
        "city": "臺北市",
        "district": "大同區",
        "category": "充電站",
        "name": "家樂福重慶店",
        "address": "台北市大同區重慶北路二段171號4F"
      }
    },
    {
      "type": "Feature",
      "geometry": {
        "type": "Point",
        "coordinates": [
          121.53745357691615,
          25.03124977133812
        ]
      },
      "properties": {
        "city": "臺北市",
        "district": "大安區",
        "category": "充電站",
        "name": "台大公館超充站",
        "address": "台北市大安區羅斯福路四段1號"
      }
    },
    {
      "type": "Feature",
      "geometry": {
        "type": "Point",
        "coordinates": [
          121.53376539161955,
          25.055242944517385
        ]
      },
      "properties": {
        "city": "臺北市",
        "district": "中山區",
        "category": "充電站",
        "name": "台北永盛公園地下停車場",
        "address": "台北市中山區中山北路2段93巷30號地下"
      }
    },
    {
      "type": "Feature",
      "geometry": {
        "type": "Point",
        "coordinates": [
          121.52274240581798,
          25.050414920173655
        ]
      },
      "properties": {
        "city": "臺北市",
        "district": "中山區",
        "category": "充電站",
        "name": "台北長安國小地下停車場",
        "address": "台北市中山區吉林路15號地下"
      }
    },
    {
      "type": "Feature",
      "geometry": {
        "type": "Point",
        "coordinates": [
          121.54710014059098,
          25.064843579810702
        ]
      },
      "properties": {
        "city": "臺北市",
        "district": "松山區",
        "category": "充電站",
        "name": "台北西松高中地下停車場",
        "address": "台北市松山區健康路325巷19弄1號地下"
      }
    },
    {
      "type": "Feature",
      "geometry": {
        "type": "Point",
        "coordinates": [
          121.52894288985689,
          25.015052009071702
        ]
      },
      "properties": {
        "city": "臺北市",
        "district": "大安區",
        "category": "充電站",
        "name": "台北金華公園地下停車場",
        "address": "台北市大安區金華街190號地下"
      }
    },
    {
      "type": "Feature",
      "geometry": {
        "type": "Point",
        "coordinates": [
          121.54417830490193,
          25.03369385127247
        ]
      },
      "properties": {
        "city": "臺北市",
        "district": "大安區",
        "category": "充電站",
        "name": "台北嘉興公園地下停車場",
        "address": "台北市大安區嘉興街373號地下"
      }
    },
    {
      "type": "Feature",
      "geometry": {
        "type": "Point",
        "coordinates": [
          121.574168863055,
          25.038343567479963
        ]
      },
      "properties": {
        "city": "臺北市",
        "district": "信義區",
        "category": "充電站",
        "name": "台北松山高中地下停車場",
        "address": "台北市信義區基隆路1段156號地下"
      }
    },
    {
      "type": "Feature",
      "geometry": {
        "type": "Point",
        "coordinates": [
          121.57113745169259,
          25.05415104143296
        ]
      },
      "properties": {
        "city": "臺北市",
        "district": "松山區",
        "category": "充電站",
        "name": "台北松山國小地下停車場",
        "address": "台北市松山區八德路4段746號"
      }
    },
    {
      "type": "Feature",
      "geometry": {
        "type": "Point",
        "coordinates": [
          121.56315903424371,
          25.017712392797698
        ]
      },
      "properties": {
        "city": "臺北市",
        "district": "信義區",
        "category": "充電站",
        "name": "台北忠信公園地下停車場",
        "address": "台北市信義區松仁路2號地下"
      }
    },
    {
      "type": "Feature",
      "geometry": {
        "type": "Point",
        "coordinates": [
          121.57887071296179,
          25.02875978435915
        ]
      },
      "properties": {
        "city": "臺北市",
        "district": "信義區",
        "category": "充電站",
        "name": "台北信義廣場地下停車場",
        "address": "台北市信義區信義路5段11號地下"
      }
    },
    {
      "type": "Feature",
      "geometry": {
        "type": "Point",
        "coordinates": [
          121.5767439799325,
          25.043881704911623
        ]
      },
      "properties": {
        "city": "臺北市",
        "district": "信義區",
        "category": "充電站",
        "name": "台北信義國小地下停車場",
        "address": "台北市信義區松勤路60號地下"
      }
    },
    {
      "type": "Feature",
      "geometry": {
        "type": "Point",
        "coordinates": [
          121.5817764377197,
          24.997172417860643
        ]
      },
      "properties": {
        "city": "臺北市",
        "district": "文山區",
        "category": "充電站",
        "name": "台北興隆公園地下停車場",
        "address": "台北市文山區仙岩路128號地下"
      }
    },
    {
      "type": "Feature",
      "geometry": {
        "type": "Point",
        "coordinates": [
          121.59070118471058,
          24.97680163640761
        ]
      },
      "properties": {
        "city": "臺北市",
        "district": "文山區",
        "category": "充電站",
        "name": "台北萬興國小地下停車場",
        "address": "台北市文山區秀明路2段116號地下"
      }
    },
    {
      "type": "Feature",
      "geometry": {
        "type": "Point",
        "coordinates": [
          121.56088020802925,
          25.0185256532896
        ]
      },
      "properties": {
        "city": "臺北市",
        "district": "信義區",
        "category": "充電站",
        "name": "微風南山站",
        "address": "台北市信義區松智路17號"
      }
    },
    {
      "type": "Feature",
      "geometry": {
        "type": "Point",
        "coordinates": [
          121.55676565877008,
          25.022564826193108
        ]
      },
      "properties": {
        "city": "臺北市",
        "district": "信義區",
        "category": "充電站",
        "name": "微風松高站",
        "address": "台北市信義區松高路16號"
      }
    },
    {
      "type": "Feature",
      "geometry": {
        "type": "Point",
        "coordinates": [
          121.57391630330187,
          25.03845822979193
        ]
      },
      "properties": {
        "city": "臺北市",
        "district": "信義區",
        "category": "充電站",
        "name": "微風信義站",
        "address": "台北市信義區忠孝東路五段68號"
      }
    },
    {
      "type": "Feature",
      "geometry": {
        "type": "Point",
        "coordinates": [
          121.60337695208271,
          25.05690855432988
        ]
      },
      "properties": {
        "city": "臺北市",
        "district": "內湖區",
        "category": "充電站",
        "name": "台北禮客內湖店",
        "address": "台北市內湖區民善街205號"
      }
    },
    {
      "type": "Feature",
      "geometry": {
        "type": "Point",
        "coordinates": [
          121.58066139541535,
          25.068165337024407
        ]
      },
      "properties": {
        "city": "臺北市",
        "district": "內湖區",
        "category": "充電站",
        "name": "麥當勞台北舊宗二餐廳",
        "address": "台北市內湖區舊宗路一段189號內湖舊宗郵局旁"
      }
    },
    {
      "type": "Feature",
      "geometry": {
        "type": "Point",
        "coordinates": [
          121.54898974740752,
          25.070433215507343
        ]
      },
      "properties": {
        "city": "臺北市",
        "district": "松山區",
        "category": "充電站",
        "name": "台北民生立體停車場",
        "address": "台北市松山區民生東路5段84號"
      }
    },
    {
      "type": "Feature",
      "geometry": {
        "type": "Point",
        "coordinates": [
          121.5539101843244,
          25.033943172709275
        ]
      },
      "properties": {
        "city": "臺北市",
        "district": "大安區",
        "category": "充電站",
        "name": "台北大安高工地下停車場",
        "address": "台北市大安區信義路3段166巷6弄12 號地下"
      }
    },
    {
      "type": "Feature",
      "geometry": {
        "type": "Point",
        "coordinates": [
          121.53021967216772,
          25.033598730976877
        ]
      },
      "properties": {
        "city": "臺北市",
        "district": "大安區",
        "category": "充電站",
        "name": "台北大安森林公園地下停車場",
        "address": "台北市大安區建國南路2段2號地下"
      }
    },
    {
      "type": "Feature",
      "geometry": {
        "type": "Point",
        "coordinates": [
          121.57409714454452,
          25.040374822492215
        ]
      },
      "properties": {
        "city": "臺北市",
        "district": "信義區",
        "category": "充電站",
        "name": "台北五分埔公園地下停車場",
        "address": "台北市信義區中坡北路57號地下"
      }
    },
    {
      "type": "Feature",
      "geometry": {
        "type": "Point",
        "coordinates": [
          121.55736332574388,
          25.01664917799903
        ]
      },
      "properties": {
        "city": "臺北市",
        "district": "信義區",
        "category": "充電站",
        "name": "台北興雅國中地下停車場",
        "address": "台北市信義區松德路200巷18號地下"
      }
    },
    {
      "type": "Feature",
      "geometry": {
        "type": "Point",
        "coordinates": [
          121.56674259091817,
          25.01694568573063
        ]
      },
      "properties": {
        "city": "臺北市",
        "district": "信義區",
        "category": "充電站",
        "name": "台北松山工農地下停車場",
        "address": "台北市信義區忠孝東路5段236巷15號地下"
      }
    },
    {
      "type": "Feature",
      "geometry": {
        "type": "Point",
        "coordinates": [
          121.57645298010185,
          25.04408292397152
        ]
      },
      "properties": {
        "city": "臺北市",
        "district": "信義區",
        "category": "充電站",
        "name": "台北臺北市災害應變中心地下停車場",
        "address": "台北市信義區莊敬路391巷11弄2號地下"
      }
    },
    {
      "type": "Feature",
      "geometry": {
        "type": "Point",
        "coordinates": [
          121.58256552611832,
          25.05502811718438
        ]
      },
      "properties": {
        "city": "臺北市",
        "district": "內湖區",
        "category": "充電站",
        "name": "台北石潭平面停車場",
        "address": "台北市內湖區民權東路6段與成功路二段旁"
      }
    },
    {
      "type": "Feature",
      "geometry": {
        "type": "Point",
        "coordinates": [
          121.58666938876112,
          25.081814059528064
        ]
      },
      "properties": {
        "city": "臺北市",
        "district": "內湖區",
        "category": "充電站",
        "name": "台北環山平面停車場",
        "address": "台北市內湖區環山路2段與內湖路1段411巷口"
      }
    },
    {
      "type": "Feature",
      "geometry": {
        "type": "Point",
        "coordinates": [
          121.62091757466769,
          25.057508118821094
        ]
      },
      "properties": {
        "city": "臺北市",
        "district": "南港區",
        "category": "充電站",
        "name": "台北福山平面停車場",
        "address": "台北市南港區福山街4號旁"
      }
    },
    {
      "type": "Feature",
      "geometry": {
        "type": "Point",
        "coordinates": [
          121.59774417040207,
          25.05973184493183
        ]
      },
      "properties": {
        "city": "臺北市",
        "district": "內湖區",
        "category": "充電站",
        "name": "台北文湖平面停車場",
        "address": "台北市內湖區文湖街21巷口文湖國小旁"
      }
    },
    {
      "type": "Feature",
      "geometry": {
        "type": "Point",
        "coordinates": [
          121.56846806026849,
          25.05233905529422
        ]
      },
      "properties": {
        "city": "臺北市",
        "district": "松山區",
        "category": "充電站",
        "name": "台北吉祥平面停車場",
        "address": "台北市松山區光復北路11巷81號旁"
      }
    },
    {
      "type": "Feature",
      "geometry": {
        "type": "Point",
        "coordinates": [
          121.55571760620153,
          25.026864906524878
        ]
      },
      "properties": {
        "city": "臺北市",
        "district": "信義區",
        "category": "充電站",
        "name": "台北正氣橋下平面停車場",
        "address": "台北市信義區基隆路1段35巷至65號間對面"
      }
    },
    {
      "type": "Feature",
      "geometry": {
        "type": "Point",
        "coordinates": [
          121.5346099028029,
          25.06168146640981
        ]
      },
      "properties": {
        "city": "臺北市",
        "district": "中山區",
        "category": "充電站",
        "name": "台北長春路龍江路臨時平面停車場",
        "address": "台北市中山區長春路、龍江路交叉口"
      }
    },
    {
      "type": "Feature",
      "geometry": {
        "type": "Point",
        "coordinates": [
          121.50227437736129,
          25.037043478310494
        ]
      },
      "properties": {
        "city": "臺北市",
        "district": "中正區",
        "category": "充電站",
        "name": "台北耕莘文教院前平面停車場",
        "address": "台北市中正區辛亥路1段22號前(耕莘文教院前)"
      }
    },
    {
      "type": "Feature",
      "geometry": {
        "type": "Point",
        "coordinates": [
          121.56126793077223,
          24.976227625533497
        ]
      },
      "properties": {
        "city": "臺北市",
        "district": "文山區",
        "category": "充電站",
        "name": "台北三福街平面停車場",
        "address": "台北市文山區景隆街36巷內"
      }
    },
    {
      "type": "Feature",
      "geometry": {
        "type": "Point",
        "coordinates": [
          121.59034400551127,
          24.983030428896818
        ]
      },
      "properties": {
        "city": "臺北市",
        "district": "文山區",
        "category": "充電站",
        "name": "台北保儀路平面停車場",
        "address": "台北市文山區保儀路157號對面"
      }
    },
    {
      "type": "Feature",
      "geometry": {
        "type": "Point",
        "coordinates": [
          121.58786341853265,
          24.99028949589538
        ]
      },
      "properties": {
        "city": "臺北市",
        "district": "文山區",
        "category": "充電站",
        "name": "台北政大三街臨時平面停車場",
        "address": "台北市文山區政大三街53號旁"
      }
    },
    {
      "type": "Feature",
      "geometry": {
        "type": "Point",
        "coordinates": [
          121.56412211026549,
          24.99927714393802
        ]
      },
      "properties": {
        "city": "臺北市",
        "district": "文山區",
        "category": "充電站",
        "name": "台北景豐臨時平面停車場",
        "address": "台北市文山區景豐街79號旁"
      }
    },
    {
      "type": "Feature",
      "geometry": {
        "type": "Point",
        "coordinates": [
          121.58953067958369,
          24.997326776560286
        ]
      },
      "properties": {
        "city": "臺北市",
        "district": "文山區",
        "category": "充電站",
        "name": "台北樟新平面停車場",
        "address": "台北市文山區一壽街3巷與17巷之間"
      }
    },
    {
      "type": "Feature",
      "geometry": {
        "type": "Point",
        "coordinates": [
          121.57856888391245,
          25.031737126007652
        ]
      },
      "properties": {
        "city": "臺北市",
        "district": "信義區",
        "category": "充電站",
        "name": "台北吳興街284巷臨時平面",
        "address": "台北市信義區吳興街284巷與吳興街260 巷21弄交叉口旁"
      }
    },
    {
      "type": "Feature",
      "geometry": {
        "type": "Point",
        "coordinates": [
          121.57902630382198,
          25.02322102129728
        ]
      },
      "properties": {
        "city": "臺北市",
        "district": "信義區",
        "category": "充電站",
        "name": "台北信義路5段150巷臨時平面停車場",
        "address": "台北市信義區信義路5段150巷與信義路5段150巷342弄交叉口"
      }
    },
    {
      "type": "Feature",
      "geometry": {
        "type": "Point",
        "coordinates": [
          121.60000848175247,
          25.07842922299437
        ]
      },
      "properties": {
        "city": "臺北市",
        "district": "內湖區",
        "category": "充電站",
        "name": "台北康寧平面停車場",
        "address": "台北市內湖區民權東路6段與康寧路2段圓環旁"
      }
    },
    {
      "type": "Feature",
      "geometry": {
        "type": "Point",
        "coordinates": [
          121.54607414298336,
          25.061433358869593
        ]
      },
      "properties": {
        "city": "臺北市",
        "district": "松山區",
        "category": "充電站",
        "name": "台北光復北路平面停車場",
        "address": "台北市松山區八德路4段17巷9號"
      }
    },
    {
      "type": "Feature",
      "geometry": {
        "type": "Point",
        "coordinates": [
          121.581384912407,
          25.027824321223225
        ]
      },
      "properties": {
        "city": "臺北市",
        "district": "信義區",
        "category": "充電站",
        "name": "台北中油大樓停車場",
        "address": "台北市信義區松仁路3號"
      }
    },
    {
      "type": "Feature",
      "geometry": {
        "type": "Point",
        "coordinates": [
          121.57759915867588,
          25.034146150866732
        ]
      },
      "properties": {
        "city": "臺北市",
        "district": "信義區",
        "category": "充電站",
        "name": "台北松山車站地下停車場",
        "address": "台北市信義區松山路11號南廣場地下"
      }
    },
    {
      "type": "Feature",
      "geometry": {
        "type": "Point",
        "coordinates": [
          121.5857720632363,
          25.056823763460688
        ]
      },
      "properties": {
        "city": "臺北市",
        "district": "內湖區",
        "category": "充電站",
        "name": "台北金湖臨時平面停車場",
        "address": "台北市內湖區金湖路100號旁"
      }
    },
    {
      "type": "Feature",
      "geometry": {
        "type": "Point",
        "coordinates": [
          121.59721877548925,
          25.072663327320274
        ]
      },
      "properties": {
        "city": "臺北市",
        "district": "內湖區",
        "category": "充電站",
        "name": "台北安康公車調度站臨時平面",
        "address": "台北市內湖區五分街12號"
      }
    },
    {
      "type": "Feature",
      "geometry": {
        "type": "Point",
        "coordinates": [
          121.56900117196244,
          24.98378404834868
        ]
      },
      "properties": {
        "city": "臺北市",
        "district": "文山區",
        "category": "充電站",
        "name": "台北水源快速道路下平面停車場",
        "address": "台北市文山區溪州街水源快速道路下"
      }
    },
    {
      "type": "Feature",
      "geometry": {
        "type": "Point",
        "coordinates": [
          121.570050147763,
          25.05055230135623
        ]
      },
      "properties": {
        "city": "臺北市",
        "district": "松山區",
        "category": "充電站",
        "name": "中油復興北路加油站",
        "address": "台北市松山區復興北路31號"
      }
    },
    {
      "type": "Feature",
      "geometry": {
        "type": "Point",
        "coordinates": [
          121.5621092172286,
          25.061345466967058
        ]
      },
      "properties": {
        "city": "臺北市",
        "district": "松山區",
        "category": "充電站",
        "name": "台北民有市場地下停車場",
        "address": "台北市松山區民權東路3段140巷15號地下"
      }
    },
    {
      "type": "Feature",
      "geometry": {
        "type": "Point",
        "coordinates": [
          121.54319302923892,
          25.021777200178832
        ]
      },
      "properties": {
        "city": "臺北市",
        "district": "大安區",
        "category": "充電站",
        "name": "台北龍門國中地下停車場",
        "address": "台北市大安區建國南路2段269號地下"
      }
    },
    {
      "type": "Feature",
      "geometry": {
        "type": "Point",
        "coordinates": [
          121.52983686389892,
          25.036130201979976
        ]
      },
      "properties": {
        "city": "臺北市",
        "district": "大安區",
        "category": "充電站",
        "name": "台北辛亥路高架橋下停車場",
        "address": "台北市大安區新生南路、辛亥高架橋下"
      }
    },
    {
      "type": "Feature",
      "geometry": {
        "type": "Point",
        "coordinates": [
          121.54136848987662,
          25.07083384416997
        ]
      },
      "properties": {
        "city": "臺北市",
        "district": "中山區",
        "category": "充電站",
        "name": "台北新生公園停車場",
        "address": "台北市中山區民族東路與吉林路口(新生公園溫水游泳池旁)"
      }
    },
    {
      "type": "Feature",
      "geometry": {
        "type": "Point",
        "coordinates": [
          121.54623614853305,
          25.066922824926802
        ]
      },
      "properties": {
        "city": "臺北市",
        "district": "中山區",
        "category": "充電站",
        "name": "台北中山北路3段55巷停車場",
        "address": "台北市中山區中山北路3段55巷"
      }
    },
    {
      "type": "Feature",
      "geometry": {
        "type": "Point",
        "coordinates": [
          121.53255196945284,
          25.060051331115762
        ]
      },
      "properties": {
        "city": "臺北市",
        "district": "中山區",
        "category": "充電站",
        "name": "台北五常街臨時平面停車場",
        "address": "台北市中山區五常街與民權東路3段39 巷口"
      }
    },
    {
      "type": "Feature",
      "geometry": {
        "type": "Point",
        "coordinates": [
          121.57533586270729,
          25.033703568925137
        ]
      },
      "properties": {
        "city": "臺北市",
        "district": "信義區",
        "category": "充電站",
        "name": "台北松德臨時平面停車場",
        "address": "台北市信義區松德路底(中強公園旁)"
      }
    },
    {
      "type": "Feature",
      "geometry": {
        "type": "Point",
        "coordinates": [
          121.58852380104543,
          24.978962017146536
        ]
      },
      "properties": {
        "city": "臺北市",
        "district": "文山區",
        "category": "充電站",
        "name": "台北和平東路4段381巷平面停車場",
        "address": "台北市文山區和平東路4段381巷內"
      }
    },
    {
      "type": "Feature",
      "geometry": {
        "type": "Point",
        "coordinates": [
          121.58836160780983,
          24.977040353422822
        ]
      },
      "properties": {
        "city": "臺北市",
        "district": "文山區",
        "category": "充電站",
        "name": "台北興隆市場旁停車場",
        "address": "台北市文山區興隆路2段97號旁"
      }
    },
    {
      "type": "Feature",
      "geometry": {
        "type": "Point",
        "coordinates": [
          121.57492828513284,
          24.984116440231784
        ]
      },
      "properties": {
        "city": "臺北市",
        "district": "文山區",
        "category": "充電站",
        "name": "台北萬芳八號公園停車場",
        "address": "台北市文山區公務員訓練中心旁"
      }
    },
    {
      "type": "Feature",
      "geometry": {
        "type": "Point",
        "coordinates": [
          121.52870681365822,
          25.063778673621858
        ]
      },
      "properties": {
        "city": "臺北市",
        "district": "中山區",
        "category": "充電站",
        "name": "台北長春路平面停車場",
        "address": "台北市中山區松江路160巷5-5號旁"
      }
    },
    {
      "type": "Feature",
      "geometry": {
        "type": "Point",
        "coordinates": [
          121.5307920878186,
          25.052751356877877
        ]
      },
      "properties": {
        "city": "臺北市",
        "district": "中山區",
        "category": "充電站",
        "name": "台北龍江平面停車場",
        "address": "台北市中山區遼寧街、龍江路155巷口"
      }
    },
    {
      "type": "Feature",
      "geometry": {
        "type": "Point",
        "coordinates": [
          121.61555032732724,
          25.062135005220124
        ]
      },
      "properties": {
        "city": "臺北市",
        "district": "南港區",
        "category": "充電站",
        "name": "台北南港軟體園區二期南站",
        "address": "台北市南港區新民街興東街口南側廣場(H棟大樓側)"
      }
    },
    {
      "type": "Feature",
      "geometry": {
        "type": "Point",
        "coordinates": [
          121.61395749019965,
          25.04056778821837
        ]
      },
      "properties": {
        "city": "臺北市",
        "district": "南港區",
        "category": "充電站",
        "name": "台北南港軟體園區二期北站",
        "address": "台北市南港區園區街58巷北側廣場(F棟大樓側)"
      }
    },
    {
      "type": "Feature",
      "geometry": {
        "type": "Point",
        "coordinates": [
          121.59732065864726,
          25.077479251786723
        ]
      },
      "properties": {
        "city": "臺北市",
        "district": "內湖區",
        "category": "充電站",
        "name": "台北內湖堤頂大道超級綠洲",
        "address": "台北市內湖區堤頂大道二段與瑞光路316巷口"
      }
    },
    {
      "type": "Feature",
      "geometry": {
        "type": "Point",
        "coordinates": [
          121.50724430677808,
          25.121421393717636
        ]
      },
      "properties": {
        "city": "臺北市",
        "district": "北投區",
        "category": "充電站",
        "name": "洲美運動公園地下停車場",
        "address": "台北市北投區洲美街271號"
      }
    },
    {
      "type": "Feature",
      "geometry": {
        "type": "Point",
        "coordinates": [
          121.58806933091466,
          24.982545398533865
        ]
      },
      "properties": {
        "city": "臺北市",
        "district": "文山區",
        "category": "充電站",
        "name": "台北景文平面停車場",
        "address": "台北市文山區景文街90巷內廣場停車場"
      }
    },
    {
      "type": "Feature",
      "geometry": {
        "type": "Point",
        "coordinates": [
          121.51268772777725,
          25.12120556013893
        ]
      },
      "properties": {
        "city": "臺北市",
        "district": "北投區",
        "category": "充電站",
        "name": "北投大度路超級綠洲",
        "address": "台北市北投區大度路三段慈濟大愛電視台斜對面"
      }
    },
    {
      "type": "Feature",
      "geometry": {
        "type": "Point",
        "coordinates": [
          121.53979486966229,
          25.058171229420896
        ]
      },
      "properties": {
        "city": "臺北市",
        "district": "中山區",
        "category": "充電站",
        "name": "台北新生高架橋下(民族-農安段)停車場",
        "address": "台北市中山區新生北路三段75號前高架下入口"
      }
    },
    {
      "type": "Feature",
      "geometry": {
        "type": "Point",
        "coordinates": [
          121.57765662107087,
          25.06198068476082
        ]
      },
      "properties": {
        "city": "臺北市",
        "district": "內湖區",
        "category": "充電站",
        "name": "奧迪北區股份有限公司",
        "address": "台北市內湖區行忠路178巷2號"
      }
    },
    {
      "type": "Feature",
      "geometry": {
        "type": "Point",
        "coordinates": [
          121.59704405547836,
          25.068709032042147
        ]
      },
      "properties": {
        "city": "臺北市",
        "district": "南港區",
        "category": "充電站",
        "name": "奧迪北區股份有限公司",
        "address": "台北市南港區南港路二段155號"
      }
    },
    {
      "type": "Feature",
      "geometry": {
        "type": "Point",
        "coordinates": [
          121.50529274576245,
          25.05898491220298
        ]
      },
      "properties": {
        "city": "臺北市",
        "district": "大同區",
        "category": "充電站",
        "name": "京站時尚廣場附屬停車場",
        "address": "台北市大同區承德路一段一號B5樓"
      }
    },
    {
      "type": "Feature",
      "geometry": {
        "type": "Point",
        "coordinates": [
          121.5763175430463,
          25.05958695263136
        ]
      },
      "properties": {
        "city": "臺北市",
        "district": "內湖區",
        "category": "充電站",
        "name": "順益汽車股份有限公司(內湖營業所)",
        "address": "台北市內湖區民權東路六段13-15號"
      }
    },
    {
      "type": "Feature",
      "geometry": {
        "type": "Point",
        "coordinates": [
          121.55787529351426,
          25.01817052681046
        ]
      },
      "properties": {
        "city": "臺北市",
        "district": "信義區",
        "category": "充電站",
        "name": "YES 松菸文創",
        "address": "台北市信義區菸廠路88號B4"
      }
    },
    {
      "type": "Feature",
      "geometry": {
        "type": "Point",
        "coordinates": [
          121.51707947996844,
          25.059053171429024
        ]
      },
      "properties": {
        "city": "臺北市",
        "district": "大同區",
        "category": "充電站",
        "name": "保證責任台北市台北地下街場地利用合作社",
        "address": "台北市大同區鄭州路115號"
      }
    },
    {
      "type": "Feature",
      "geometry": {
        "type": "Point",
        "coordinates": [
          121.54448477738768,
          25.06621591812873
        ]
      },
      "properties": {
        "city": "臺北市",
        "district": "中山區",
        "category": "充電站",
        "name": "亞都麗緻大飯店股份有限公司",
        "address": "台北市中山區民權東路二段41號"
      }
    },
    {
      "type": "Feature",
      "geometry": {
        "type": "Point",
        "coordinates": [
          121.50896066546618,
          25.019823422118623
        ]
      },
      "properties": {
        "city": "臺北市",
        "district": "中正區",
        "category": "充電站",
        "name": "YES匯泰大樓華山站",
        "address": "臺北市中正區北平東路30-1號"
      }
    },
    {
      "type": "Feature",
      "geometry": {
        "type": "Point",
        "coordinates": [
          121.51982721289046,
          25.05154878953464
        ]
      },
      "properties": {
        "city": "臺北市",
        "district": "中山區",
        "category": "充電站",
        "name": "YES欣欣百貨",
        "address": "臺北市中山區新生北路二段28巷1號"
      }
    },
    {
      "type": "Feature",
      "geometry": {
        "type": "Point",
        "coordinates": [
          121.53023943077301,
          25.080935681498943
        ]
      },
      "properties": {
        "city": "臺北市",
        "district": "士林區",
        "category": "充電站",
        "name": "台北福林站",
        "address": "台北市士林區中山北路五段465號旁"
      }
    },
    {
      "type": "Feature",
      "geometry": {
        "type": "Point",
        "coordinates": [
          121.54663939038738,
          25.056838540523724
        ]
      },
      "properties": {
        "city": "臺北市",
        "district": "中山區",
        "category": "充電站",
        "name": "大直美麗華站",
        "address": "台北市中山區敬業三路20號"
      }
    },
    {
      "type": "Feature",
      "geometry": {
        "type": "Point",
        "coordinates": [
          121.59608764701856,
          25.060776479663147
        ]
      },
      "properties": {
        "city": "臺北市",
        "district": "南港區",
        "category": "充電站",
        "name": "南港研究院路站",
        "address": "台北市南港區研究院路一段101巷16弄8號"
      }
    },
    {
      "type": "Feature",
      "geometry": {
        "type": "Point",
        "coordinates": [
          121.51392140465191,
          25.078800658741933
        ]
      },
      "properties": {
        "city": "臺北市",
        "district": "士林區",
        "category": "充電站",
        "name": "士林瑋信捷豹路虎快充站",
        "address": "台北市士林區中正路418號"
      }
    },
    {
      "type": "Feature",
      "geometry": {
        "type": "Point",
        "coordinates": [
          121.51669945039653,
          25.03788276882236
        ]
      },
      "properties": {
        "city": "臺北市",
        "district": "中正區",
        "category": "充電站",
        "name": "自來水公館慢充站",
        "address": "台北市中正區汀洲路三段230巷15號"
      }
    },
    {
      "type": "Feature",
      "geometry": {
        "type": "Point",
        "coordinates": [
          121.50632662024886,
          25.017849223343767
        ]
      },
      "properties": {
        "city": "臺北市",
        "district": "中正區",
        "category": "充電站",
        "name": "自來水水源慢充站",
        "address": "台北市中正區汀洲路三段104巷"
      }
    },
    {
      "type": "Feature",
      "geometry": {
        "type": "Point",
        "coordinates": [
          121.52384295736903,
          25.07855858952845
        ]
      },
      "properties": {
        "city": "臺北市",
        "district": "士林區",
        "category": "充電站",
        "name": "台北士林萬麗酒店",
        "address": "台北市士林區中山北路五段470巷8號"
      }
    },
    {
      "type": "Feature",
      "geometry": {
        "type": "Point",
        "coordinates": [
          121.57641570522561,
          25.081326036195904
        ]
      },
      "properties": {
        "city": "臺北市",
        "district": "內湖區",
        "category": "充電站",
        "name": "IKEA 宜家家居 內湖店",
        "address": "台北市內湖區舊宗路一段128號"
      }
    },
    {
      "type": "Feature",
      "geometry": {
        "type": "Point",
        "coordinates": [
          121.5349363277687,
          25.031227228146484
        ]
      },
      "properties": {
        "city": "臺北市",
        "district": "大安區",
        "category": "充電站",
        "name": "遠東SOGO台北復興館",
        "address": "台北市大安區忠孝東路三段300號"
      }
    },
    {
      "type": "Feature",
      "geometry": {
        "type": "Point",
        "coordinates": [
          121.52792887881859,
          25.098380849855335
        ]
      },
      "properties": {
        "city": "臺北市",
        "district": "士林區",
        "category": "充電站",
        "name": "遠東SOGO天母館",
        "address": "台北市士林區中山北路六段77號"
      }
    },
    {
      "type": "Feature",
      "geometry": {
        "type": "Point",
        "coordinates": [
          121.55596495717258,
          25.030238174216798
        ]
      },
      "properties": {
        "city": "臺北市",
        "district": "大安區",
        "category": "充電站",
        "name": "遠東SOGO忠孝館",
        "address": "台北市大安區忠孝東路四段45號"
      }
    },
    {
      "type": "Feature",
      "geometry": {
        "type": "Point",
        "coordinates": [
          121.57011012701946,
          25.03714139620376
        ]
      },
      "properties": {
        "city": "臺北市",
        "district": "信義區",
        "category": "充電站",
        "name": "大遠百A13",
        "address": "台北市信義區松仁路58號"
      }
    },
    {
      "type": "Feature",
      "geometry": {
        "type": "Point",
        "coordinates": [
          121.5561855223757,
          25.031874988973
        ]
      },
      "properties": {
        "city": "臺北市",
        "district": "大安區",
        "category": "充電站",
        "name": "遠企中心",
        "address": "台北市大安區敦化南路二段207號"
      }
    },
    {
      "type": "Feature",
      "geometry": {
        "type": "Point",
        "coordinates": [
          121.59743850104721,
          25.06915039897828
        ]
      },
      "properties": {
        "city": "臺北市",
        "district": "內湖區",
        "category": "充電站",
        "name": "U-POWER 內湖行忠站",
        "address": "台北市內湖區行忠路65號"
      }
    },
    {
      "type": "Feature",
      "geometry": {
        "type": "Point",
        "coordinates": [
          121.49206678923535,
          25.12659905720202
        ]
      },
      "properties": {
        "city": "臺北市",
        "district": "北投區",
        "category": "充電站",
        "name": "U-POWER 臺北北投立德站",
        "address": "臺北市北投區立德路2號"
      }
    },
    {
      "type": "Feature",
      "geometry": {
        "type": "Point",
        "coordinates": [
          121.58113323621596,
          25.07383612135772
        ]
      },
      "properties": {
        "city": "臺北市",
        "district": "內湖區",
        "category": "充電站",
        "name": "U-POWER 臺北內湖行忠站",
        "address": "臺北市內湖區新湖二路與民善街口(新湖一路141號對面停車場(含電動車充電樁))"
      }
    },
    {
      "type": "Feature",
      "geometry": {
        "type": "Point",
        "coordinates": [
          121.58221638193584,
          24.982184888337077
        ]
      },
      "properties": {
        "city": "臺北市",
        "district": "文山區",
        "category": "充電站",
        "name": "U-POWER 臺北文山木柵站",
        "address": "臺北市文山區木柵路四段111巷捷運站對面"
      }
    },
    {
      "type": "Feature",
      "geometry": {
        "type": "Point",
        "coordinates": [
          121.5281791280722,
          25.01990211842333
        ]
      },
      "properties": {
        "city": "臺北市",
        "district": "中正區",
        "category": "充電站",
        "name": "U-POWER 臺北仁愛金山南站",
        "address": "臺北市中正區金山南路一段67巷12號"
      }
    },
    {
      "type": "Feature",
      "geometry": {
        "type": "Point",
        "coordinates": [
          121.57227941729697,
          25.053610925743573
        ]
      },
      "properties": {
        "city": "臺北市",
        "district": "松山區",
        "category": "充電站",
        "name": "台北小巨蛋地下停車場",
        "address": "台北市松山區南京東路四段2號"
      }
    },
    {
      "type": "Feature",
      "geometry": {
        "type": "Point",
        "coordinates": [
          121.61180545446118,
          25.04472979947951
        ]
      },
      "properties": {
        "city": "臺北市",
        "district": "南港區",
        "category": "充電站",
        "name": "南港展覽館2館",
        "address": "台北市南港區經貿二路2號"
      }
    },
    {
      "type": "Feature",
      "geometry": {
        "type": "Point",
        "coordinates": [
          121.49928631878954,
          25.04076287770178
        ]
      },
      "properties": {
        "city": "臺北市",
        "district": "萬華區",
        "category": "充電站",
        "name": "昆明地下停車場(亞曼尼大樓)",
        "address": "台北市萬華區昆明街46號B1"
      }
    },
    {
      "type": "Feature",
      "geometry": {
        "type": "Point",
        "coordinates": [
          121.58065581953132,
          25.060821242165535
        ]
      },
      "properties": {
        "city": "臺北市",
        "district": "內湖區",
        "category": "充電站",
        "name": "內湖污水處理廠附屬公園停車場",
        "address": "台北市內湖區舊宗路二段2號汙水廠旁停車場"
      }
    },
    {
      "type": "Feature",
      "geometry": {
        "type": "Point",
        "coordinates": [
          121.51978932477019,
          25.074498461686286
        ]
      },
      "properties": {
        "city": "臺北市",
        "district": "中山區",
        "category": "充電站",
        "name": "新生高架(錦州街-民權東路)停車場",
        "address": "台北市中山區新生北路二段144號對面停車場"
      }
    },
    {
      "type": "Feature",
      "geometry": {
        "type": "Point",
        "coordinates": [
          121.52117892392353,
          25.06631047106117
        ]
      },
      "properties": {
        "city": "臺北市",
        "district": "中山區",
        "category": "充電站",
        "name": "新生高架(南京東路-長安東路)停車場",
        "address": "台北市中山區新生北路一段122號對面停車場"
      }
    },
    {
      "type": "Feature",
      "geometry": {
        "type": "Point",
        "coordinates": [
          121.54033273836372,
          25.07807509368888
        ]
      },
      "properties": {
        "city": "臺北市",
        "district": "中山區",
        "category": "充電站",
        "name": "富邦人壽保險股份有限公司",
        "address": "台北市中山區遼寧街177號B1及B4至B6停車場"
      }
    },
    {
      "type": "Feature",
      "geometry": {
        "type": "Point",
        "coordinates": [
          121.5891204920625,
          25.082216775744012
        ]
      },
      "properties": {
        "city": "臺北市",
        "district": "內湖區",
        "category": "充電站",
        "name": "永固便利(港墘站)停車場",
        "address": "台北市內湖區內湖路一段596號旁停車場"
      }
    },
    {
      "type": "Feature",
      "geometry": {
        "type": "Point",
        "coordinates": [
          121.52983676547119,
          25.076046242611135
        ]
      },
      "properties": {
        "city": "臺北市",
        "district": "士林區",
        "category": "充電站",
        "name": "台北至善站",
        "address": "台北市士林區至善路1段雙溪公園斜對面"
      }
    },
    {
      "type": "Feature",
      "geometry": {
        "type": "Point",
        "coordinates": [
          121.50231612571778,
          25.021274001858874
        ]
      },
      "properties": {
        "city": "臺北市",
        "district": "中正區",
        "category": "充電站",
        "name": "台北市新光摩天大樓B3停車場",
        "address": "台北市中正區忠孝西路一段66號"
      }
    },
    {
      "type": "Feature",
      "geometry": {
        "type": "Point",
        "coordinates": [
          121.52937381508977,
          25.097787449547265
        ]
      },
      "properties": {
        "city": "臺北市",
        "district": "士林區",
        "category": "充電站",
        "name": "泓德總部",
        "address": "台北市士林區德行西路35號B1"
      }
    },
    {
      "type": "Feature",
      "geometry": {
        "type": "Point",
        "coordinates": [
          121.52772204778994,
          25.084604899032875
        ]
      },
      "properties": {
        "city": "臺北市",
        "district": "士林區",
        "category": "充電站",
        "name": "天母傑仕堡站",
        "address": "台北市士林區忠誠路二段180號B1"
      }
    },
    {
      "type": "Feature",
      "geometry": {
        "type": "Point",
        "coordinates": [
          121.53115669896113,
          25.064514137426823
        ]
      },
      "properties": {
        "city": "臺北市",
        "district": "中山區",
        "category": "充電站",
        "name": "大直NOKE忠泰樂生活",
        "address": "台北市中山區樂群三路200號 (B1、B2)"
      }
    },
    {
      "type": "Feature",
      "geometry": {
        "type": "Point",
        "coordinates": [
          121.60301146604586,
          25.06087005884696
        ]
      },
      "properties": {
        "city": "臺北市",
        "district": "內湖區",
        "category": "充電站",
        "name": "恰吉先生充電站",
        "address": "台北市內湖區蘆洲里安美街123號1樓"
      }
    },
    {
      "type": "Feature",
      "geometry": {
        "type": "Point",
        "coordinates": [
          121.52363115076106,
          25.09738857636729
        ]
      },
      "properties": {
        "city": "臺北市",
        "district": "士林區",
        "category": "充電站",
        "name": "台北市士林區Lexus士林營業所",
        "address": "台北市士林區中正路350號"
      }
    },
    {
      "type": "Feature",
      "geometry": {
        "type": "Point",
        "coordinates": [
          121.58029272694368,
          25.02679604677333
        ]
      },
      "properties": {
        "city": "臺北市",
        "district": "信義區",
        "category": "充電站",
        "name": "台北市信義區松高路19號",
        "address": "台北市信義區松高路19號"
      }
    },
    {
      "type": "Feature",
      "geometry": {
        "type": "Point",
        "coordinates": [
          121.5554693049607,
          25.044002631102167
        ]
      },
      "properties": {
        "city": "臺北市",
        "district": "信義區",
        "category": "充電站",
        "name": "台北市信義區松壽路11號",
        "address": "台北市信義區松壽路11號"
      }
    },
    {
      "type": "Feature",
      "geometry": {
        "type": "Point",
        "coordinates": [
          121.57457457596853,
          25.01510155711105
        ]
      },
      "properties": {
        "city": "臺北市",
        "district": "信義區",
        "category": "充電站",
        "name": "台北市信義區松高路12號",
        "address": "台北市信義區松高路12號"
      }
    },
    {
      "type": "Feature",
      "geometry": {
        "type": "Point",
        "coordinates": [
          121.53733551671338,
          25.077990919838538
        ]
      },
      "properties": {
        "city": "臺北市",
        "district": "士林區",
        "category": "充電站",
        "name": "台北市士林區忠誠路二段200號",
        "address": "台北市士林區忠誠路二段200號"
      }
    },
    {
      "type": "Feature",
      "geometry": {
        "type": "Point",
        "coordinates": [
          121.54321904861565,
          25.050611229928545
        ]
      },
      "properties": {
        "city": "臺北市",
        "district": "中山區",
        "category": "充電站",
        "name": "台北市中山區南京西路12號",
        "address": "台北市中山區南京西路12號"
      }
    },
    {
      "type": "Feature",
      "geometry": {
        "type": "Point",
        "coordinates": [
          121.5171521028145,
          25.104170814517555
        ]
      },
      "properties": {
        "city": "臺北市",
        "district": "士林區",
        "category": "充電站",
        "name": "全國台北交流道加油站",
        "address": "台北市士林區重慶北路四段141號"
      }
    },
    {
      "type": "Feature",
      "geometry": {
        "type": "Point",
        "coordinates": [
          121.5944950567401,
          25.07398518175576
        ]
      },
      "properties": {
        "city": "臺北市",
        "district": "內湖區",
        "category": "充電站",
        "name": "全國港墘路加油站",
        "address": "台北市內湖區港墘路250號"
      }
    },
    {
      "type": "Feature",
      "geometry": {
        "type": "Point",
        "coordinates": [
          121.49105557364531,
          25.02357879080561
        ]
      },
      "properties": {
        "city": "臺北市",
        "district": "萬華區",
        "category": "充電站",
        "name": "環南市場西一門超級充電站",
        "address": "臺北市萬華區環河南路二段245號"
      }
    },
    {
      "type": "Feature",
      "geometry": {
        "type": "Point",
        "coordinates": [
          121.5681948807493,
          25.05385332816577
        ]
      },
      "properties": {
        "city": "臺北市",
        "district": "松山區",
        "category": "充電站",
        "name": "家樂福三民店超級充電站",
        "address": "臺北市松山區三民路160號"
      }
    },
    {
      "type": "Feature",
      "geometry": {
        "type": "Point",
        "coordinates": [
          121.59315869063549,
          25.078630761207474
        ]
      },
      "properties": {
        "city": "臺北市",
        "district": "內湖區",
        "category": "充電站",
        "name": "家樂福內湖超級充電站",
        "address": "臺北市內湖區民善街88號"
      }
    },
    {
      "type": "Feature",
      "geometry": {
        "type": "Point",
        "coordinates": [
          121.52552440716299,
          25.07679822944652
        ]
      },
      "properties": {
        "city": "臺北市",
        "district": "大同區",
        "category": "充電站",
        "name": "家樂福重慶超級充電站",
        "address": "臺北市大同區重慶北路二段171號"
      }
    },
    {
      "type": "Feature",
      "geometry": {
        "type": "Point",
        "coordinates": [
          121.57757975834828,
          25.0835993735713
        ]
      },
      "properties": {
        "city": "臺北市",
        "district": "內湖區",
        "category": "充電站",
        "name": "順益汽車內湖所超級充電站",
        "address": "臺北市內湖區民權東路六段13之15號"
      }
    },
    {
      "type": "Feature",
      "geometry": {
        "type": "Point",
        "coordinates": [
          121.54360488721633,
          25.072540002480476
        ]
      },
      "properties": {
        "city": "臺北市",
        "district": "中山區",
        "category": "充電站",
        "name": "中華汽車濱江大樓超級充電站",
        "address": "臺北市中山區濱江街309號"
      }
    },
    {
      "type": "Feature",
      "geometry": {
        "type": "Point",
        "coordinates": [
          121.51387759677614,
          25.03757494776893
        ]
      },
      "properties": {
        "city": "臺北市",
        "district": "萬華區",
        "category": "充電站",
        "name": "萬華和平西專賣店超級充電站",
        "address": "臺北市萬華區和平西路二段149號"
      }
    },
    {
      "type": "Feature",
      "geometry": {
        "type": "Point",
        "coordinates": [
          121.52125534733068,
          25.061928971614
        ]
      },
      "properties": {
        "city": "臺北市",
        "district": "中山區",
        "category": "充電站",
        "name": "中崙站",
        "address": "台北市中山區八德路二段214號"
      }
    },
    {
      "type": "Feature",
      "geometry": {
        "type": "Point",
        "coordinates": [
          121.58585519535491,
          25.07472685420056
        ]
      },
      "properties": {
        "city": "臺北市",
        "district": "內湖區",
        "category": "充電站",
        "name": "內湖站",
        "address": "台北市內湖區民權東路六段50號"
      }
    },
    {
      "type": "Feature",
      "geometry": {
        "type": "Point",
        "coordinates": [
          121.5387682878757,
          25.035267200094424
        ]
      },
      "properties": {
        "city": "臺北市",
        "district": "大安區",
        "category": "充電站",
        "name": "信義路站",
        "address": "台北市大安區信義路四段374號"
      }
    },
    {
      "type": "Feature",
      "geometry": {
        "type": "Point",
        "coordinates": [
          121.55656800771551,
          25.057089447760465
        ]
      },
      "properties": {
        "city": "臺北市",
        "district": "松山區",
        "category": "充電站",
        "name": "民生東路站",
        "address": "台北市松山區三民路126號"
      }
    },
    {
      "type": "Feature",
      "geometry": {
        "type": "Point",
        "coordinates": [
          121.53184362188608,
          25.092015288596993
        ]
      },
      "properties": {
        "city": "臺北市",
        "district": "士林區",
        "category": "充電站",
        "name": "文林路站",
        "address": "台北市士林區文林路100號"
      }
    },
    {
      "type": "Feature",
      "geometry": {
        "type": "Point",
        "coordinates": [
          121.51240684050565,
          25.076699830060065
        ]
      },
      "properties": {
        "city": "臺北市",
        "district": "士林區",
        "category": "充電站",
        "name": "臺北市公有士東市場站",
        "address": "台北市士林區士東路100號"
      }
    },
    {
      "type": "Feature",
      "geometry": {
        "type": "Point",
        "coordinates": [
          121.51840134391506,
          25.101522987869636
        ]
      },
      "properties": {
        "city": "臺北市",
        "district": "士林區",
        "category": "充電站",
        "name": "士林運動中心站",
        "address": "台北市士林區士商路1號"
      }
    },
    {
      "type": "Feature",
      "geometry": {
        "type": "Point",
        "coordinates": [
          121.51301164945981,
          25.078263502000745
        ]
      },
      "properties": {
        "city": "臺北市",
        "district": "士林區",
        "category": "充電站",
        "name": "台亞台北士林加油站",
        "address": "台北市士林區中山北路五段570號旁"
      }
    },
    {
      "type": "Feature",
      "geometry": {
        "type": "Point",
        "coordinates": [
          121.52613627156701,
          25.08051954256409
        ]
      },
      "properties": {
        "city": "臺北市",
        "district": "士林區",
        "category": "充電站",
        "name": "全聯士林中正店站",
        "address": "台北市士林區中正路115號"
      }
    },
    {
      "type": "Feature",
      "geometry": {
        "type": "Point",
        "coordinates": [
          121.51675066116172,
          25.103135225801193
        ]
      },
      "properties": {
        "city": "臺北市",
        "district": "士林區",
        "category": "充電站",
        "name": "社子國小地下停車場B1F站",
        "address": "台北市士林區延平北路6段308號"
      }
    },
    {
      "type": "Feature",
      "geometry": {
        "type": "Point",
        "coordinates": [
          121.52172660588818,
          25.080556440949454
        ]
      },
      "properties": {
        "city": "臺北市",
        "district": "士林區",
        "category": "充電站",
        "name": "延平北路5段臨時平面停車場站",
        "address": "台北市士林區延平北路五段1巷"
      }
    },
    {
      "type": "Feature",
      "geometry": {
        "type": "Point",
        "coordinates": [
          121.52094846337305,
          25.091133004481037
        ]
      },
      "properties": {
        "city": "臺北市",
        "district": "士林區",
        "category": "充電站",
        "name": "Gogoro 天母忠誠門市站",
        "address": "台北市士林區忠誠路一段101號"
      }
    },
    {
      "type": "Feature",
      "geometry": {
        "type": "Point",
        "coordinates": [
          121.50924026879846,
          25.103154870397933
        ]
      },
      "properties": {
        "city": "臺北市",
        "district": "士林區",
        "category": "充電站",
        "name": "天母大葉高島屋百貨公司站",
        "address": "台北市士林區忠誠路二段55號"
      }
    },
    {
      "type": "Feature",
      "geometry": {
        "type": "Point",
        "coordinates": [
          121.53345516295013,
          25.10291301946823
        ]
      },
      "properties": {
        "city": "臺北市",
        "district": "士林區",
        "category": "充電站",
        "name": "Gogoro 士林承德服務中心站",
        "address": "台北市士林區承德路4段340號"
      }
    },
    {
      "type": "Feature",
      "geometry": {
        "type": "Point",
        "coordinates": [
          121.52438347847634,
          25.102909367077547
        ]
      },
      "properties": {
        "city": "臺北市",
        "district": "士林區",
        "category": "充電站",
        "name": "宏佳騰士林承德店站",
        "address": "台北市士林區承德路四段83號"
      }
    },
    {
      "type": "Feature",
      "geometry": {
        "type": "Point",
        "coordinates": [
          121.51253359287686,
          25.08262211204307
        ]
      },
      "properties": {
        "city": "臺北市",
        "district": "士林區",
        "category": "充電站",
        "name": "台北市格致路站",
        "address": "台北市士林區格致路59號"
      }
    },
    {
      "type": "Feature",
      "geometry": {
        "type": "Point",
        "coordinates": [
          121.53031087811198,
          25.085186662708047
        ]
      },
      "properties": {
        "city": "臺北市",
        "district": "士林區",
        "category": "充電站",
        "name": "台灣聯通士林官邸場站",
        "address": "台北市士林區福林路100巷11弄交叉口"
      }
    },
    {
      "type": "Feature",
      "geometry": {
        "type": "Point",
        "coordinates": [
          121.51296032053146,
          25.09581128875578
        ]
      },
      "properties": {
        "city": "臺北市",
        "district": "士林區",
        "category": "充電站",
        "name": "台北捷運芝山站",
        "address": "台北市士林區福國路70號捷運站1號出口"
      }
    },
    {
      "type": "Feature",
      "geometry": {
        "type": "Point",
        "coordinates": [
          121.5281829349567,
          25.06684457589238
        ]
      },
      "properties": {
        "city": "臺北市",
        "district": "大同區",
        "category": "充電站",
        "name": "臺北市樹德公園站",
        "address": "台北市大同區大龍街91巷7號對面"
      }
    },
    {
      "type": "Feature",
      "geometry": {
        "type": "Point",
        "coordinates": [
          121.5206499004998,
          25.07106164408423
        ]
      },
      "properties": {
        "city": "臺北市",
        "district": "大同區",
        "category": "充電站",
        "name": "啟聰學校地下停車場B1F站",
        "address": "台北市大同區延平北路四段205號"
      }
    },
    {
      "type": "Feature",
      "geometry": {
        "type": "Point",
        "coordinates": [
          121.51816455184598,
          25.073472969865666
        ]
      },
      "properties": {
        "city": "臺北市",
        "district": "大同區",
        "category": "充電站",
        "name": "建成公園地下停車場B1F站",
        "address": "台北市大同區承德路二段31號"
      }
    },
    {
      "type": "Feature",
      "geometry": {
        "type": "Point",
        "coordinates": [
          121.51669491057493,
          25.07544579682547
        ]
      },
      "properties": {
        "city": "臺北市",
        "district": "大同區",
        "category": "充電站",
        "name": "建成國中地下停車場B1F站",
        "address": "台北市大同區長安西路37號之1"
      }
    },
    {
      "type": "Feature",
      "geometry": {
        "type": "Point",
        "coordinates": [
          121.51262773468751,
          25.062511482908956
        ]
      },
      "properties": {
        "city": "臺北市",
        "district": "大同區",
        "category": "充電站",
        "name": "第一銀行大稻埕分行站",
        "address": "台北市大同區迪化街一段63號"
      }
    },
    {
      "type": "Feature",
      "geometry": {
        "type": "Point",
        "coordinates": [
          121.50417147687446,
          25.071475538568443
        ]
      },
      "properties": {
        "city": "臺北市",
        "district": "大同區",
        "category": "充電站",
        "name": "第一銀行重慶北路站",
        "address": "台北市大同區重慶北路二段180號"
      }
    },
    {
      "type": "Feature",
      "geometry": {
        "type": "Point",
        "coordinates": [
          121.53136860834994,
          25.028784249971345
        ]
      },
      "properties": {
        "city": "臺北市",
        "district": "大安區",
        "category": "充電站",
        "name": "臺北市四維廣場停車場站",
        "address": "台北市大安區四維路78號對面"
      }
    },
    {
      "type": "Feature",
      "geometry": {
        "type": "Point",
        "coordinates": [
          121.52961651930356,
          25.02627832212602
        ]
      },
      "properties": {
        "city": "臺北市",
        "district": "大安區",
        "category": "充電站",
        "name": "Gogoro 師大和平店站",
        "address": "台北市大安區和平東路一段129號"
      }
    },
    {
      "type": "Feature",
      "geometry": {
        "type": "Point",
        "coordinates": [
          121.53151560019155,
          25.032003098049884
        ]
      },
      "properties": {
        "city": "臺北市",
        "district": "大安區",
        "category": "充電站",
        "name": "台北捷運六張犁站",
        "address": "台北市大安區和平東路三段168號"
      }
    },
    {
      "type": "Feature",
      "geometry": {
        "type": "Point",
        "coordinates": [
          121.53885642757797,
          25.02535448203003
        ]
      },
      "properties": {
        "city": "臺北市",
        "district": "大安區",
        "category": "充電站",
        "name": "國立臺北教育大學站",
        "address": "台北市大安區臥龍街20之1號旁"
      }
    },
    {
      "type": "Feature",
      "geometry": {
        "type": "Point",
        "coordinates": [
          121.54905189225148,
          25.039210478085153
        ]
      },
      "properties": {
        "city": "臺北市",
        "district": "大安區",
        "category": "充電站",
        "name": "勝利加油站",
        "address": "台北市大安區建國南路二段75-1號"
      }
    },
    {
      "type": "Feature",
      "geometry": {
        "type": "Point",
        "coordinates": [
          121.54016695008438,
          25.01170869719178
        ]
      },
      "properties": {
        "city": "臺北市",
        "district": "大安區",
        "category": "充電站",
        "name": "更生保護會基隆路站",
        "address": "台北市大安區基隆路二段166-1號旁"
      }
    },
    {
      "type": "Feature",
      "geometry": {
        "type": "Point",
        "coordinates": [
          121.54148427269197,
          25.015232184317885
        ]
      },
      "properties": {
        "city": "臺北市",
        "district": "大安區",
        "category": "充電站",
        "name": "國立臺灣科技大學站",
        "address": "台北市大安區基隆路四段43號"
      }
    },
    {
      "type": "Feature",
      "geometry": {
        "type": "Point",
        "coordinates": [
          121.54358024497702,
          25.014559086476122
        ]
      },
      "properties": {
        "city": "臺北市",
        "district": "大安區",
        "category": "充電站",
        "name": "7-ELEVEN 華電店站",
        "address": "台北市大安區通化街177號"
      }
    },
    {
      "type": "Feature",
      "geometry": {
        "type": "Point",
        "coordinates": [
          121.5483237345597,
          25.01322604233968
        ]
      },
      "properties": {
        "city": "臺北市",
        "district": "大安區",
        "category": "充電站",
        "name": "7-ELEVEN 誠安店站",
        "address": "台北市大安區敦化南路1段247巷12號"
      }
    },
    {
      "type": "Feature",
      "geometry": {
        "type": "Point",
        "coordinates": [
          121.53776234796248,
          25.036338968658438
        ]
      },
      "properties": {
        "city": "臺北市",
        "district": "大安區",
        "category": "充電站",
        "name": "臺大二活停車場站",
        "address": "台北市大安區羅斯福路4段107號"
      }
    },
    {
      "type": "Feature",
      "geometry": {
        "type": "Point",
        "coordinates": [
          121.52578048937245,
          25.073280579240574
        ]
      },
      "properties": {
        "city": "臺北市",
        "district": "中山區",
        "category": "充電站",
        "name": "實踐大學站",
        "address": "台北市中山區大直街70號"
      }
    },
    {
      "type": "Feature",
      "geometry": {
        "type": "Point",
        "coordinates": [
          121.54476914010519,
          25.053188342836766
        ]
      },
      "properties": {
        "city": "臺北市",
        "district": "中山區",
        "category": "充電站",
        "name": "第一銀行中山分行站",
        "address": "台北市中山區中山北路二段59巷3弄7號"
      }
    },
    {
      "type": "Feature",
      "geometry": {
        "type": "Point",
        "coordinates": [
          121.5406459309273,
          25.074458219204608
        ]
      },
      "properties": {
        "city": "臺北市",
        "district": "中山區",
        "category": "充電站",
        "name": "全家美華店站",
        "address": "台北市中山區北安路819之1號"
      }
    },
    {
      "type": "Feature",
      "geometry": {
        "type": "Point",
        "coordinates": [
          121.54477211051494,
          25.072763786468304
        ]
      },
      "properties": {
        "city": "臺北市",
        "district": "中山區",
        "category": "充電站",
        "name": "臺北市新生公園停車場站",
        "address": "台北市中山區民族東路與吉林路口"
      }
    },
    {
      "type": "Feature",
      "geometry": {
        "type": "Point",
        "coordinates": [
          121.54147551906395,
          25.05924136161711
        ]
      },
      "properties": {
        "city": "臺北市",
        "district": "中山區",
        "category": "充電站",
        "name": "台北捷運民權西路站",
        "address": "台北市中山區民權西路72號捷運3號出入口"
      }
    },
    {
      "type": "Feature",
      "geometry": {
        "type": "Point",
        "coordinates": [
          121.54776118103908,
          25.05791416304904
        ]
      },
      "properties": {
        "city": "臺北市",
        "district": "中山區",
        "category": "充電站",
        "name": "Gogoro 中山松江服務中心站",
        "address": "台北市中山區松江路530號"
      }
    },
    {
      "type": "Feature",
      "geometry": {
        "type": "Point",
        "coordinates": [
          121.52671497112918,
          25.066795720488347
        ]
      },
      "properties": {
        "city": "臺北市",
        "district": "中山區",
        "category": "充電站",
        "name": "合作金庫銀行自強分行站",
        "address": "台北市中山區南京東路二段85號"
      }
    },
    {
      "type": "Feature",
      "geometry": {
        "type": "Point",
        "coordinates": [
          121.53644366002906,
          25.066906293797416
        ]
      },
      "properties": {
        "city": "臺北市",
        "district": "中山區",
        "category": "充電站",
        "name": "臺北市建國北路高架橋下停車場站",
        "address": "台北市中山區建國北路一段13號對面(近建國北路一段八德路二段口)"
      }
    },
    {
      "type": "Feature",
      "geometry": {
        "type": "Point",
        "coordinates": [
          121.51888520584794,
          25.068955039833423
        ]
      },
      "properties": {
        "city": "臺北市",
        "district": "中山區",
        "category": "充電站",
        "name": "便利停車場建國站",
        "address": "台北市中山區建國北路二段11巷內空地"
      }
    },
    {
      "type": "Feature",
      "geometry": {
        "type": "Point",
        "coordinates": [
          121.52172324322049,
          25.067362464800688
        ]
      },
      "properties": {
        "city": "臺北市",
        "district": "中山區",
        "category": "充電站",
        "name": "7-ELEVEN 金宴店站",
        "address": "台北市中山區建國北路二段151巷8號"
      }
    },
    {
      "type": "Feature",
      "geometry": {
        "type": "Point",
        "coordinates": [
          121.52596910741619,
          25.057702066597887
        ]
      },
      "properties": {
        "city": "臺北市",
        "district": "中山區",
        "category": "充電站",
        "name": "榮星花園地下停車場B1F站",
        "address": "台北市中山區建國北路三段39號"
      }
    },
    {
      "type": "Feature",
      "geometry": {
        "type": "Point",
        "coordinates": [
          121.5293923981129,
          25.052169521039275
        ]
      },
      "properties": {
        "city": "臺北市",
        "district": "中山區",
        "category": "充電站",
        "name": "7-ELEVEN 榮鑫店站",
        "address": "台北市中山區建國北路三段89及91號前"
      }
    },
    {
      "type": "Feature",
      "geometry": {
        "type": "Point",
        "coordinates": [
          121.54521870638216,
          25.068096950858695
        ]
      },
      "properties": {
        "city": "臺北市",
        "district": "中山區",
        "category": "充電站",
        "name": "Gogoro 新生市民服務中心站",
        "address": "台北市中山區新生北路一段23號1樓"
      }
    },
    {
      "type": "Feature",
      "geometry": {
        "type": "Point",
        "coordinates": [
          121.52755468202338,
          25.074229399153374
        ]
      },
      "properties": {
        "city": "臺北市",
        "district": "中山區",
        "category": "充電站",
        "name": "臺北市新壽公園站",
        "address": "台北市中山區新生北路三段3巷56號對面"
      }
    },
    {
      "type": "Feature",
      "geometry": {
        "type": "Point",
        "coordinates": [
          121.5219875861347,
          25.067786272598664
        ]
      },
      "properties": {
        "city": "臺北市",
        "district": "中山區",
        "category": "充電站",
        "name": "臺北市新生北廣場停車場站",
        "address": "台北市中山區新生北路—段36號前"
      }
    },
    {
      "type": "Feature",
      "geometry": {
        "type": "Point",
        "coordinates": [
          121.50215631674715,
          25.017585420271416
        ]
      },
      "properties": {
        "city": "臺北市",
        "district": "中正區",
        "category": "充電站",
        "name": "公館水岸新世界機車臨時平面停車場站",
        "address": "台北市中正區汀州路三段160巷8號"
      }
    },
    {
      "type": "Feature",
      "geometry": {
        "type": "Point",
        "coordinates": [
          121.50827530051889,
          25.022382985776478
        ]
      },
      "properties": {
        "city": "臺北市",
        "district": "中正區",
        "category": "充電站",
        "name": "東吳大學城區部站",
        "address": "台北市中正區延平南路133巷底"
      }
    },
    {
      "type": "Feature",
      "geometry": {
        "type": "Point",
        "coordinates": [
          121.5297003243481,
          25.017644436967785
        ]
      },
      "properties": {
        "city": "臺北市",
        "district": "中正區",
        "category": "充電站",
        "name": "全聯中正延平店站",
        "address": "台北市中正區延平南路189號"
      }
    },
    {
      "type": "Feature",
      "geometry": {
        "type": "Point",
        "coordinates": [
          121.52261474203347,
          25.01930226468385
        ]
      },
      "properties": {
        "city": "臺北市",
        "district": "中正區",
        "category": "充電站",
        "name": "台北喜來登大飯店站",
        "address": "台北市中正區忠孝東路一段12號"
      }
    },
    {
      "type": "Feature",
      "geometry": {
        "type": "Point",
        "coordinates": [
          121.51413565261244,
          25.035416089945997
        ]
      },
      "properties": {
        "city": "臺北市",
        "district": "中正區",
        "category": "充電站",
        "name": "SOKER 中正重慶店站",
        "address": "台北市中正區重慶南路二段73號"
      }
    },
    {
      "type": "Feature",
      "geometry": {
        "type": "Point",
        "coordinates": [
          121.5775847330773,
          25.067595518229464
        ]
      },
      "properties": {
        "city": "臺北市",
        "district": "內湖區",
        "category": "充電站",
        "name": "西湖公園站",
        "address": "台北市內湖區內湖路一段387巷38號"
      }
    },
    {
      "type": "Feature",
      "geometry": {
        "type": "Point",
        "coordinates": [
          121.60205702090644,
          25.08097394541884
        ]
      },
      "properties": {
        "city": "臺北市",
        "district": "內湖區",
        "category": "充電站",
        "name": "Gogoro 內湖西湖服務中心站",
        "address": "台北市內湖區內湖路一段411巷19弄17號"
      }
    },
    {
      "type": "Feature",
      "geometry": {
        "type": "Point",
        "coordinates": [
          121.58764888526505,
          25.076805789411843
        ]
      },
      "properties": {
        "city": "臺北市",
        "district": "內湖區",
        "category": "充電站",
        "name": "臺北市立圖書館西湖分館站",
        "address": "台北市內湖區內湖路一段594號"
      }
    },
    {
      "type": "Feature",
      "geometry": {
        "type": "Point",
        "coordinates": [
          121.57871651962965,
          25.057577164806766
        ]
      },
      "properties": {
        "city": "臺北市",
        "district": "內湖區",
        "category": "充電站",
        "name": "家樂福內湖店站",
        "address": "台北市內湖區民善街88號"
      }
    },
    {
      "type": "Feature",
      "geometry": {
        "type": "Point",
        "coordinates": [
          121.58330917401462,
          25.07737379024302
        ]
      },
      "properties": {
        "city": "臺北市",
        "district": "內湖區",
        "category": "充電站",
        "name": "台北市網球中心站",
        "address": "台北市內湖區民權東路六段208號"
      }
    },
    {
      "type": "Feature",
      "geometry": {
        "type": "Point",
        "coordinates": [
          121.60252977689723,
          25.063903330140846
        ]
      },
      "properties": {
        "city": "臺北市",
        "district": "內湖區",
        "category": "充電站",
        "name": "Gogoro 台北內湖服務中心站",
        "address": "台北市內湖區民權東路六段296巷66-3號"
      }
    },
    {
      "type": "Feature",
      "geometry": {
        "type": "Point",
        "coordinates": [
          121.58203366070666,
          25.078940067881017
        ]
      },
      "properties": {
        "city": "臺北市",
        "district": "內湖區",
        "category": "充電站",
        "name": "臺北市內湖焚化廠站",
        "address": "台北市內湖區安康路228巷11號對面(機車停車場內)"
      }
    },
    {
      "type": "Feature",
      "geometry": {
        "type": "Point",
        "coordinates": [
          121.57689486095813,
          25.076786190587114
        ]
      },
      "properties": {
        "city": "臺北市",
        "district": "內湖區",
        "category": "充電站",
        "name": "台北捷運大湖公園站",
        "address": "台北市內湖區成功路五段11號捷運站1號出口"
      }
    },
    {
      "type": "Feature",
      "geometry": {
        "type": "Point",
        "coordinates": [
          121.58068617032559,
          25.067322139486084
        ]
      },
      "properties": {
        "city": "臺北市",
        "district": "內湖區",
        "category": "充電站",
        "name": "CITYLINK 內湖店站",
        "address": "台北市內湖區成功路四段188號"
      }
    },
    {
      "type": "Feature",
      "geometry": {
        "type": "Point",
        "coordinates": [
          121.60253367964111,
          25.05687596962353
        ]
      },
      "properties": {
        "city": "臺北市",
        "district": "內湖區",
        "category": "充電站",
        "name": "內湖運動中心站",
        "address": "台北市內湖區洲子街12號"
      }
    },
    {
      "type": "Feature",
      "geometry": {
        "type": "Point",
        "coordinates": [
          121.59002440205713,
          25.06014151191484
        ]
      },
      "properties": {
        "city": "臺北市",
        "district": "內湖區",
        "category": "充電站",
        "name": "7-ELEVEN 瓏馬店站",
        "address": "台北市內湖區康樂街213號"
      }
    },
    {
      "type": "Feature",
      "geometry": {
        "type": "Point",
        "coordinates": [
          121.58931838164156,
          25.084464862617033
        ]
      },
      "properties": {
        "city": "臺北市",
        "district": "內湖區",
        "category": "充電站",
        "name": "遠傳總部大樓站",
        "address": "台北市內湖區瑞光路468號"
      }
    },
    {
      "type": "Feature",
      "geometry": {
        "type": "Point",
        "coordinates": [
          121.57638507985757,
          25.08076172269652
        ]
      },
      "properties": {
        "city": "臺北市",
        "district": "內湖區",
        "category": "充電站",
        "name": "IKEA 內湖店站",
        "address": "台北市內湖區舊宗路一段128號"
      }
    },
    {
      "type": "Feature",
      "geometry": {
        "type": "Point",
        "coordinates": [
          121.59634475177911,
          25.082530106352912
        ]
      },
      "properties": {
        "city": "臺北市",
        "district": "內湖區",
        "category": "充電站",
        "name": "麗車坊內湖旗艦店站",
        "address": "台北市內湖區舊宗路一段86號"
      }
    },
    {
      "type": "Feature",
      "geometry": {
        "type": "Point",
        "coordinates": [
          121.57780890363841,
          25.074860329169084
        ]
      },
      "properties": {
        "city": "臺北市",
        "district": "內湖區",
        "category": "充電站",
        "name": "台亞堤頂交流道加油站",
        "address": "台北市內湖區舊宗路二段111號"
      }
    },
    {
      "type": "Feature",
      "geometry": {
        "type": "Point",
        "coordinates": [
          121.56499416359893,
          24.99014820184127
        ]
      },
      "properties": {
        "city": "臺北市",
        "district": "文山區",
        "category": "充電站",
        "name": "全家明興店站",
        "address": "台北市文山區木柵路二段109巷25弄2號1樓、2-1號"
      }
    },
    {
      "type": "Feature",
      "geometry": {
        "type": "Point",
        "coordinates": [
          121.56308896042793,
          25.00395910318657
        ]
      },
      "properties": {
        "city": "臺北市",
        "district": "文山區",
        "category": "充電站",
        "name": "全家名門店站",
        "address": "台北市文山區和平東路四段95號"
      }
    },
    {
      "type": "Feature",
      "geometry": {
        "type": "Point",
        "coordinates": [
          121.58264268424766,
          24.97967256689634
        ]
      },
      "properties": {
        "city": "臺北市",
        "district": "文山區",
        "category": "充電站",
        "name": "政大加油站",
        "address": "台北市文山區指南路一段53號"
      }
    },
    {
      "type": "Feature",
      "geometry": {
        "type": "Point",
        "coordinates": [
          121.57314514068428,
          24.985853295883413
        ]
      },
      "properties": {
        "city": "臺北市",
        "district": "文山區",
        "category": "充電站",
        "name": "全家政富店站",
        "address": "台北市文山區指南路二段145號"
      }
    },
    {
      "type": "Feature",
      "geometry": {
        "type": "Point",
        "coordinates": [
          121.57651356084402,
          25.00226845785889
        ]
      },
      "properties": {
        "city": "臺北市",
        "district": "文山區",
        "category": "充電站",
        "name": "景美國小地下停車場B1F站",
        "address": "台北市文山區景文街142巷2號B1樓"
      }
    },
    {
      "type": "Feature",
      "geometry": {
        "type": "Point",
        "coordinates": [
          121.56403494629193,
          24.996210266070705
        ]
      },
      "properties": {
        "city": "臺北市",
        "district": "文山區",
        "category": "充電站",
        "name": "福華加油站",
        "address": "台北市文山區興隆路二段244巷1號"
      }
    },
    {
      "type": "Feature",
      "geometry": {
        "type": "Point",
        "coordinates": [
          121.4855794900579,
          25.12464704754464
        ]
      },
      "properties": {
        "city": "臺北市",
        "district": "北投區",
        "category": "充電站",
        "name": "台北捷運復興崗站",
        "address": "台北市北投區中央北路三段53巷10號捷運站1號出口"
      }
    },
    {
      "type": "Feature",
      "geometry": {
        "type": "Point",
        "coordinates": [
          121.49747771982447,
          25.1281664902914
        ]
      },
      "properties": {
        "city": "臺北市",
        "district": "北投區",
        "category": "充電站",
        "name": "台北捷運忠義站",
        "address": "台北市北投區中央北路四段301號捷運站1號出口"
      }
    },
    {
      "type": "Feature",
      "geometry": {
        "type": "Point",
        "coordinates": [
          121.48951581752027,
          25.12686716580994
        ]
      },
      "properties": {
        "city": "臺北市",
        "district": "北投區",
        "category": "充電站",
        "name": "振興公園地下停車場B1F站",
        "address": "台北市北投區天母西路112號B1"
      }
    },
    {
      "type": "Feature",
      "geometry": {
        "type": "Point",
        "coordinates": [
          121.50911892314026,
          25.117422385577584
        ]
      },
      "properties": {
        "city": "臺北市",
        "district": "北投區",
        "category": "充電站",
        "name": "Gogoro 北投文林北門市站",
        "address": "台北市北投區文林北路230號1樓"
      }
    },
    {
      "type": "Feature",
      "geometry": {
        "type": "Point",
        "coordinates": [
          121.49887580771335,
          25.130562746457688
        ]
      },
      "properties": {
        "city": "臺北市",
        "district": "北投區",
        "category": "充電站",
        "name": "台北捷運石牌站",
        "address": "台北市北投區石牌路一段200號"
      }
    },
    {
      "type": "Feature",
      "geometry": {
        "type": "Point",
        "coordinates": [
          121.48747932632725,
          25.141408885842626
        ]
      },
      "properties": {
        "city": "臺北市",
        "district": "北投區",
        "category": "充電站",
        "name": "北投運動中心站",
        "address": "台北市北投區石牌路一段39巷100號"
      }
    },
    {
      "type": "Feature",
      "geometry": {
        "type": "Point",
        "coordinates": [
          121.48951542800398,
          25.133366478264797
        ]
      },
      "properties": {
        "city": "臺北市",
        "district": "北投區",
        "category": "充電站",
        "name": "第一銀行北投分行站",
        "address": "台北市北投區光明路133號1、2樓前"
      }
    },
    {
      "type": "Feature",
      "geometry": {
        "type": "Point",
        "coordinates": [
          121.50996956827662,
          25.13770658699009
        ]
      },
      "properties": {
        "city": "臺北市",
        "district": "北投區",
        "category": "充電站",
        "name": "台北捷運北投站",
        "address": "台北市北投區光明路1號"
      }
    },
    {
      "type": "Feature",
      "geometry": {
        "type": "Point",
        "coordinates": [
          121.49097773941432,
          25.131006368679067
        ]
      },
      "properties": {
        "city": "臺北市",
        "district": "北投區",
        "category": "充電站",
        "name": "台北捷運唭哩岸站",
        "address": "台北市北投區西安街二段253號對面"
      }
    },
    {
      "type": "Feature",
      "geometry": {
        "type": "Point",
        "coordinates": [
          121.49373731635728,
          25.146666398322505
        ]
      },
      "properties": {
        "city": "臺北市",
        "district": "北投區",
        "category": "充電站",
        "name": "台亞承德加油站",
        "address": "台北市北投區承德路七段303號旁"
      }
    },
    {
      "type": "Feature",
      "geometry": {
        "type": "Point",
        "coordinates": [
          121.49332062148146,
          25.125635974794687
        ]
      },
      "properties": {
        "city": "臺北市",
        "district": "北投區",
        "category": "充電站",
        "name": "台北捷運明德站",
        "address": "台北市北投區明德路95號旁"
      }
    },
    {
      "type": "Feature",
      "geometry": {
        "type": "Point",
        "coordinates": [
          121.55390140536021,
          25.052914187774643
        ]
      },
      "properties": {
        "city": "臺北市",
        "district": "松山區",
        "category": "充電站",
        "name": "蒲園商旅站",
        "address": "台北市松山區八德路四段176號"
      }
    },
    {
      "type": "Feature",
      "geometry": {
        "type": "Point",
        "coordinates": [
          121.56425371250451,
          25.052457251082174
        ]
      },
      "properties": {
        "city": "臺北市",
        "district": "松山區",
        "category": "充電站",
        "name": "松山區公所站",
        "address": "台北市松山區八德路四段692號"
      }
    },
    {
      "type": "Feature",
      "geometry": {
        "type": "Point",
        "coordinates": [
          121.55119028371156,
          25.055742242159212
        ]
      },
      "properties": {
        "city": "臺北市",
        "district": "松山區",
        "category": "充電站",
        "name": "家樂福三民店2F站",
        "address": "台北市松山區三民路160號"
      }
    },
    {
      "type": "Feature",
      "geometry": {
        "type": "Point",
        "coordinates": [
          121.5560362549734,
          25.07292446093559
        ]
      },
      "properties": {
        "city": "臺北市",
        "district": "松山區",
        "category": "充電站",
        "name": "民生配水池加壓站停車場站",
        "address": "台北市松山區民生東路四段133號車道出口旁"
      }
    },
    {
      "type": "Feature",
      "geometry": {
        "type": "Point",
        "coordinates": [
          121.56584225977946,
          25.068182121017056
        ]
      },
      "properties": {
        "city": "臺北市",
        "district": "松山區",
        "category": "充電站",
        "name": "民有市場地下停車場B1F站",
        "address": "台北市松山區民權東路三段140巷15號"
      }
    },
    {
      "type": "Feature",
      "geometry": {
        "type": "Point",
        "coordinates": [
          121.55389061939981,
          25.06397958791399
        ]
      },
      "properties": {
        "city": "臺北市",
        "district": "松山區",
        "category": "充電站",
        "name": "第一銀行延吉站",
        "address": "台北市松山區延吉街13號"
      }
    },
    {
      "type": "Feature",
      "geometry": {
        "type": "Point",
        "coordinates": [
          121.56087610678682,
          25.056791525097072
        ]
      },
      "properties": {
        "city": "臺北市",
        "district": "松山區",
        "category": "充電站",
        "name": "合作金庫銀行總行站",
        "address": "台北市松山區長安東路二段225號"
      }
    },
    {
      "type": "Feature",
      "geometry": {
        "type": "Point",
        "coordinates": [
          121.54863339487609,
          25.045505494421164
        ]
      },
      "properties": {
        "city": "臺北市",
        "district": "松山區",
        "category": "充電站",
        "name": "全家新健康店站",
        "address": "台北市松山區南京東路四段133巷9弄2號"
      }
    },
    {
      "type": "Feature",
      "geometry": {
        "type": "Point",
        "coordinates": [
          121.57139525897239,
          25.065078025124986
        ]
      },
      "properties": {
        "city": "臺北市",
        "district": "松山區",
        "category": "充電站",
        "name": "康晰汽車有限公司站",
        "address": "台北市松山區濱江街375號"
      }
    },
    {
      "type": "Feature",
      "geometry": {
        "type": "Point",
        "coordinates": [
          121.56461162001392,
          25.0377289860959
        ]
      },
      "properties": {
        "city": "臺北市",
        "district": "信義區",
        "category": "充電站",
        "name": "和雲台北永吉路停車場站",
        "address": "台北市信義區永吉路120巷83號旁"
      }
    },
    {
      "type": "Feature",
      "geometry": {
        "type": "Point",
        "coordinates": [
          121.56832904534708,
          25.022594316941916
        ]
      },
      "properties": {
        "city": "臺北市",
        "district": "信義區",
        "category": "充電站",
        "name": "春光公園地下停車場B1F站",
        "address": "台北市信義區忠孝東路 5 段 666 號"
      }
    },
    {
      "type": "Feature",
      "geometry": {
        "type": "Point",
        "coordinates": [
          121.57214027304424,
          25.015308830819915
        ]
      },
      "properties": {
        "city": "臺北市",
        "district": "信義區",
        "category": "充電站",
        "name": "松山工農地下停車場B1F站",
        "address": "台北市信義區忠孝東路五段236巷15號"
      }
    },
    {
      "type": "Feature",
      "geometry": {
        "type": "Point",
        "coordinates": [
          121.56972016590936,
          25.03114654670287
        ]
      },
      "properties": {
        "city": "臺北市",
        "district": "信義區",
        "category": "充電站",
        "name": "台北市環保局三張犁分隊部站",
        "address": "台北市信義區忠孝東路五段257號後門"
      }
    },
    {
      "type": "Feature",
      "geometry": {
        "type": "Point",
        "coordinates": [
          121.55601179363785,
          25.023963238843155
        ]
      },
      "properties": {
        "city": "臺北市",
        "district": "信義區",
        "category": "充電站",
        "name": "全家新忠隆店站",
        "address": "台北市信義區忠孝東路五段71巷8號"
      }
    },
    {
      "type": "Feature",
      "geometry": {
        "type": "Point",
        "coordinates": [
          121.56982503473273,
          25.02833078628935
        ]
      },
      "properties": {
        "city": "臺北市",
        "district": "信義區",
        "category": "充電站",
        "name": "Gogoro瑞協社區電站",
        "address": "台北市信義區松仁路174號(近三犁公園)"
      }
    },
    {
      "type": "Feature",
      "geometry": {
        "type": "Point",
        "coordinates": [
          121.57725702171746,
          25.030124711529442
        ]
      },
      "properties": {
        "city": "臺北市",
        "district": "信義區",
        "category": "充電站",
        "name": "臺北市松隆平面停車場站",
        "address": "台北市信義區松隆路282號前"
      }
    },
    {
      "type": "Feature",
      "geometry": {
        "type": "Point",
        "coordinates": [
          121.57537901700923,
          25.036506394259042
        ]
      },
      "properties": {
        "city": "臺北市",
        "district": "信義區",
        "category": "充電站",
        "name": "府前廣場地下停車場B1F站",
        "address": "台北市信義區松壽路1號"
      }
    },
    {
      "type": "Feature",
      "geometry": {
        "type": "Point",
        "coordinates": [
          121.56400369753696,
          25.017998284989833
        ]
      },
      "properties": {
        "city": "臺北市",
        "district": "信義區",
        "category": "充電站",
        "name": "臺北市公共運輸處大樓站",
        "address": "台北市信義區信義路五段300號後"
      }
    },
    {
      "type": "Feature",
      "geometry": {
        "type": "Point",
        "coordinates": [
          121.56606144900344,
          25.019191532013906
        ]
      },
      "properties": {
        "city": "臺北市",
        "district": "信義區",
        "category": "充電站",
        "name": "SOKER 台北基隆路店站",
        "address": "台北市信義區基隆路一段131號"
      }
    },
    {
      "type": "Feature",
      "geometry": {
        "type": "Point",
        "coordinates": [
          121.58456276734886,
          25.015730897171125
        ]
      },
      "properties": {
        "city": "臺北市",
        "district": "信義區",
        "category": "充電站",
        "name": "臺北市災害應變中心地下停車場B1F站",
        "address": "台北市信義區莊敬路391巷11弄2號"
      }
    },
    {
      "type": "Feature",
      "geometry": {
        "type": "Point",
        "coordinates": [
          121.5958356641285,
          25.059548743969987
        ]
      },
      "properties": {
        "city": "臺北市",
        "district": "南港區",
        "category": "充電站",
        "name": "臺北市公有成德市場站",
        "address": "台北市南港區同德路100號"
      }
    },
    {
      "type": "Feature",
      "geometry": {
        "type": "Point",
        "coordinates": [
          121.61402480318118,
          25.04798993585059
        ]
      },
      "properties": {
        "city": "臺北市",
        "district": "南港區",
        "category": "充電站",
        "name": "玉成國小地下停車場B1F站",
        "address": "台北市南港區昆陽街23號B1樓"
      }
    },
    {
      "type": "Feature",
      "geometry": {
        "type": "Point",
        "coordinates": [
          121.5966428206991,
          25.05922331127767
        ]
      },
      "properties": {
        "city": "臺北市",
        "district": "南港區",
        "category": "充電站",
        "name": "全家研究院店站",
        "address": "台北市南港區研究院路2段70巷1號"
      }
    },
    {
      "type": "Feature",
      "geometry": {
        "type": "Point",
        "coordinates": [
          121.61989640088392,
          25.04982545603247
        ]
      },
      "properties": {
        "city": "臺北市",
        "district": "南港區",
        "category": "充電站",
        "name": "台北捷運內湖機廠站",
        "address": "台北市南港區經貿一路265號"
      }
    },
    {
      "type": "Feature",
      "geometry": {
        "type": "Point",
        "coordinates": [
          121.61176336995601,
          25.052145512187447
        ]
      },
      "properties": {
        "city": "臺北市",
        "district": "南港區",
        "category": "充電站",
        "name": "南港國小地下停車場B1F站",
        "address": "台北市南港區興東街59號地下一樓"
      }
    },
    {
      "type": "Feature",
      "geometry": {
        "type": "Point",
        "coordinates": [
          121.5114663074821,
          25.03906857387451
        ]
      },
      "properties": {
        "city": "臺北市",
        "district": "萬華區",
        "category": "充電站",
        "name": "峨眉立體停車場B1F站",
        "address": "台北市萬華區峨眉街83號"
      }
    },
    {
      "type": "Feature",
      "geometry": {
        "type": "Point",
        "coordinates": [
          121.50482760314688,
          25.024721957046154
        ]
      },
      "properties": {
        "city": "臺北市",
        "district": "萬華區",
        "category": "充電站",
        "name": "家樂福桂林店站",
        "address": "台北市萬華區桂林路1號"
      }
    },
    {
      "type": "Feature",
      "geometry": {
        "type": "Point",
        "coordinates": [
          121.49677678403577,
          25.027226724437767
        ]
      },
      "properties": {
        "city": "臺北市",
        "district": "萬華區",
        "category": "充電站",
        "name": "山隆萬大加油站",
        "address": "台北市萬華區萬大路207號"
      }
    },
    {
      "type": "Feature",
      "geometry": {
        "type": "Point",
        "coordinates": [
          121.51275097693168,
          25.028400401409826
        ]
      },
      "properties": {
        "city": "臺北市",
        "district": "萬華區",
        "category": "充電站",
        "name": "山隆華中加油站",
        "address": "台北市萬華區萬大路388號"
      }
    },
    {
      "type": "Feature",
      "geometry": {
        "type": "Point",
        "coordinates": [
          121.50682442850457,
          25.03343110531887
        ]
      },
      "properties": {
        "city": "臺北市",
        "district": "萬華區",
        "category": "充電站",
        "name": "臺北市公有環南市場站",
        "address": "台北市萬華區環河南路二段245號"
      }
    },
    {
      "type": "Feature",
      "geometry": {
        "type": "Point",
        "coordinates": [
          121.51827176154771,
          25.058744642031243
        ]
      },
      "properties": {
        "city": "臺北市",
        "district": "大同區",
        "category": "充電站",
        "name": "臺北市大龍公園站",
        "address": "台北市大同區大龍街262號(近大龍夜市商圈)"
      }
    },
    {
      "type": "Feature",
      "geometry": {
        "type": "Point",
        "coordinates": [
          121.5208181004401,
          25.02966323908473
        ]
      },
      "properties": {
        "city": "臺北市",
        "district": "中正區",
        "category": "充電站",
        "name": "光華數位新天地站",
        "address": "台北市中正區市民大道三段8號(近市民大道三段/金山北路口)"
      }
    },
    {
      "type": "Feature",
      "geometry": {
        "type": "Point",
        "coordinates": [
          121.56061877688737,
          25.04097315514462
        ]
      },
      "properties": {
        "city": "臺北市",
        "district": "信義區",
        "category": "充電站",
        "name": "臺北市永吉路120巷平面停車場站",
        "address": "台北市信義區永吉路120巷83號(近永吉路120巷22弄松隆路口)"
      }
    },
    {
      "type": "Feature",
      "geometry": {
        "type": "Point",
        "coordinates": [
          121.51464894400686,
          25.146620973055022
        ]
      },
      "properties": {
        "city": "臺北市",
        "district": "北投區",
        "category": "充電站",
        "name": "中油石牌愛心加油站",
        "address": "台北市北投區承德路七段139號"
      }
    },
    {
      "type": "Feature",
      "geometry": {
        "type": "Point",
        "coordinates": [
          121.56083619472305,
          25.036501374093227
        ]
      },
      "properties": {
        "city": "臺北市",
        "district": "信義區",
        "category": "充電站",
        "name": "臺北市象山公園站",
        "address": "台北市信義區信義路五段150巷與松仁路153巷口電池交換站"
      }
    },
    {
      "type": "Feature",
      "geometry": {
        "type": "Point",
        "coordinates": [
          121.5126624519013,
          25.082989074193957
        ]
      },
      "properties": {
        "city": "臺北市",
        "district": "士林區",
        "category": "充電站",
        "name": "USPACE 中油福林停車場站",
        "address": "台北市士林區中山北路五段465號旁電池交換站"
      }
    },
    {
      "type": "Feature",
      "geometry": {
        "type": "Point",
        "coordinates": [
          121.50951365462132,
          25.075752942956527
        ]
      },
      "properties": {
        "city": "臺北市",
        "district": "大同區",
        "category": "充電站",
        "name": "臺北市蔣渭水紀念公園站",
        "address": "台北市大同區歸綏街79巷11號"
      }
    },
    {
      "type": "Feature",
      "geometry": {
        "type": "Point",
        "coordinates": [
          121.57150468618825,
          24.989162799416512
        ]
      },
      "properties": {
        "city": "臺北市",
        "district": "文山區",
        "category": "充電站",
        "name": "臺北市考選部國家考場站",
        "address": "台北市文山區木柵路一段70巷3號對面電池交換站"
      }
    },
    {
      "type": "Feature",
      "geometry": {
        "type": "Point",
        "coordinates": [
          121.53138322678484,
          25.030253506200136
        ]
      },
      "properties": {
        "city": "臺北市",
        "district": "大安區",
        "category": "充電站",
        "name": "臺北市台新金控大樓站",
        "address": "台北市大安區仁愛路四段118號"
      }
    },
    {
      "type": "Feature",
      "geometry": {
        "type": "Point",
        "coordinates": [
          121.58131442107387,
          24.999959245901106
        ]
      },
      "properties": {
        "city": "臺北市",
        "district": "文山區",
        "category": "充電站",
        "name": "臺北市興隆市場站",
        "address": "台北市文山區興隆路二段97號(近興隆路二段/興隆路二段123巷交叉口)"
      }
    },
    {
      "type": "Feature",
      "geometry": {
        "type": "Point",
        "coordinates": [
          121.57174279963338,
          25.05313648019648
        ]
      },
      "properties": {
        "city": "臺北市",
        "district": "松山區",
        "category": "充電站",
        "name": "臺北市民權公園站",
        "address": "臺北市松山區民權東路四段180號旁(近民權公園地下停車場出入口)"
      }
    },
    {
      "type": "Feature",
      "geometry": {
        "type": "Point",
        "coordinates": [
          121.53115656597315,
          25.034495947818087
        ]
      },
      "properties": {
        "city": "臺北市",
        "district": "中正區",
        "category": "充電站",
        "name": "應安168 福州停車場站",
        "address": "台北市中正區福州街62號(近福州街/汀州路二段13巷口)"
      }
    },
    {
      "type": "Feature",
      "geometry": {
        "type": "Point",
        "coordinates": [
          121.53284547580655,
          25.072872654120783
        ]
      },
      "properties": {
        "city": "臺北市",
        "district": "中山區",
        "category": "充電站",
        "name": "臺北市中山市場站",
        "address": "臺北市中山區長安西路3號"
      }
    },
    {
      "type": "Feature",
      "geometry": {
        "type": "Point",
        "coordinates": [
          121.50740006470816,
          25.042000057868126
        ]
      },
      "properties": {
        "city": "臺北市",
        "district": "中正區",
        "category": "充電站",
        "name": "臺北市國家兩廳院站",
        "address": "台北市中正區中山南路21-1號(近景福門)"
      }
    },
    {
      "type": "Feature",
      "geometry": {
        "type": "Point",
        "coordinates": [
          121.55674848588937,
          25.030068029182516
        ]
      },
      "properties": {
        "city": "臺北市",
        "district": "大安區",
        "category": "充電站",
        "name": "臺北市安祥公園旁平面停車場站",
        "address": "台北市大安區信義路3段157巷10弄2號旁"
      }
    },
    {
      "type": "Feature",
      "geometry": {
        "type": "Point",
        "coordinates": [
          121.53827701268884,
          25.099127690843822
        ]
      },
      "properties": {
        "city": "臺北市",
        "district": "士林區",
        "category": "充電站",
        "name": "太平洋建設德行東路站",
        "address": "臺北市士林區德行東路249號旁"
      }
    },
    {
      "type": "Feature",
      "geometry": {
        "type": "Point",
        "coordinates": [
          121.52548828448425,
          25.068250325497416
        ]
      },
      "properties": {
        "city": "臺北市",
        "district": "中山區",
        "category": "充電站",
        "name": "臺北市中山區興安街站",
        "address": "臺北市中山區興安街近合江街口"
      }
    },
    {
      "type": "Feature",
      "geometry": {
        "type": "Point",
        "coordinates": [
          121.56994148268232,
          25.02536251337529
        ]
      },
      "properties": {
        "city": "臺北市",
        "district": "信義區",
        "category": "充電站",
        "name": "臺北市信義廣場站",
        "address": "臺北市信義區松廉路/松智路交叉口(近信義廣場地下停車場1號出口)"
      }
    },
    {
      "type": "Feature",
      "geometry": {
        "type": "Point",
        "coordinates": [
          121.55615850766394,
          25.019256137424204
        ]
      },
      "properties": {
        "city": "臺北市",
        "district": "信義區",
        "category": "充電站",
        "name": "臺北市中山公園站",
        "address": "臺北市信義區仁愛路四段505號"
      }
    },
    {
      "type": "Feature",
      "geometry": {
        "type": "Point",
        "coordinates": [
          121.57873605189393,
          25.070859650915253
        ]
      },
      "properties": {
        "city": "臺北市",
        "district": "內湖區",
        "category": "充電站",
        "name": "臺北市樂活公園站",
        "address": "台北市內湖區康樂街61巷2號對面"
      }
    },
    {
      "type": "Feature",
      "geometry": {
        "type": "Point",
        "coordinates": [
          121.49993991633997,
          25.11909840073534
        ]
      },
      "properties": {
        "city": "臺北市",
        "district": "北投區",
        "category": "充電站",
        "name": "台北捷運奇岩站",
        "address": "台北市北投區三合街二段489號"
      }
    },
    {
      "type": "Feature",
      "geometry": {
        "type": "Point",
        "coordinates": [
          121.52251003734388,
          25.065976591081533
        ]
      },
      "properties": {
        "city": "臺北市",
        "district": "大同區",
        "category": "充電站",
        "name": "臺北市玉泉公園站",
        "address": "台北市大同區西寧北路28號"
      }
    },
    {
      "type": "Feature",
      "geometry": {
        "type": "Point",
        "coordinates": [
          121.50162316128066,
          25.023881746272213
        ]
      },
      "properties": {
        "city": "臺北市",
        "district": "萬華區",
        "category": "充電站",
        "name": "臺北市萬華站前廣場站",
        "address": "臺北市萬華區康定路380號旁"
      }
    },
    {
      "type": "Feature",
      "geometry": {
        "type": "Point",
        "coordinates": [
          121.61473782242881,
          25.051014222306485
        ]
      },
      "properties": {
        "city": "臺北市",
        "district": "南港區",
        "category": "充電站",
        "name": "臺北市南港區向陽路站",
        "address": "台北市南港區向陽路80號旁100公尺電池交換站"
      }
    },
    {
      "type": "Feature",
      "geometry": {
        "type": "Point",
        "coordinates": [
          121.49018607130843,
          25.01934656663476
        ]
      },
      "properties": {
        "city": "臺北市",
        "district": "萬華區",
        "category": "充電站",
        "name": "Gogoro萬華南寧門市站",
        "address": "台北市萬華區南寧路62、64、66號(近三水街口)"
      }
    },
    {
      "type": "Feature",
      "geometry": {
        "type": "Point",
        "coordinates": [
          121.5521914710788,
          25.058722259405425
        ]
      },
      "properties": {
        "city": "臺北市",
        "district": "松山區",
        "category": "充電站",
        "name": "臺北市健康公宅站",
        "address": "臺北市松山區健康路305號前方(近健康路/延壽街72巷口)"
      }
    },
    {
      "type": "Feature",
      "geometry": {
        "type": "Point",
        "coordinates": [
          121.50405359687235,
          25.03516378321829
        ]
      },
      "properties": {
        "city": "臺北市",
        "district": "中正區",
        "category": "充電站",
        "name": "臺北植物園站",
        "address": "臺北市中正區和平西路二段102號前(近和平西路二段104巷口)"
      }
    },
    {
      "type": "Feature",
      "geometry": {
        "type": "Point",
        "coordinates": [
          121.51291539896422,
          25.043302835614764
        ]
      },
      "properties": {
        "city": "臺北市",
        "district": "中正區",
        "category": "充電站",
        "name": "國立臺北教育大學產學合作暨育成中心站",
        "address": "臺北市中正區和平西路一段90號(近牯嶺街84巷內)"
      }
    },
    {
      "type": "Feature",
      "geometry": {
        "type": "Point",
        "coordinates": [
          121.52594794804246,
          25.07324855979084
        ]
      },
      "properties": {
        "city": "臺北市",
        "district": "大同區",
        "category": "充電站",
        "name": "臺北市大同區承德路三段站",
        "address": "臺北市大同區承德路三段237號前"
      }
    },
    {
      "type": "Feature",
      "geometry": {
        "type": "Point",
        "coordinates": [
          121.51175167249862,
          25.137257227043666
        ]
      },
      "properties": {
        "city": "臺北市",
        "district": "北投區",
        "category": "充電站",
        "name": "台北捷運新北投站",
        "address": "臺北市北投區大業路700號"
      }
    },
    {
      "type": "Feature",
      "geometry": {
        "type": "Point",
        "coordinates": [
          121.53847196363652,
          25.07572425817444
        ]
      },
      "properties": {
        "city": "臺北市",
        "district": "士林區",
        "category": "充電站",
        "name": "臺北市前港公園站",
        "address": "臺北市士林區前港街45號"
      }
    },
    {
      "type": "Feature",
      "geometry": {
        "type": "Point",
        "coordinates": [
          121.4991207396091,
          25.045258225963956
        ]
      },
      "properties": {
        "city": "臺北市",
        "district": "萬華區",
        "category": "充電站",
        "name": "臺北市華江高中站",
        "address": "臺北市萬華區西藏路213號"
      }
    },
    {
      "type": "Feature",
      "geometry": {
        "type": "Point",
        "coordinates": [
          121.56680825250776,
          25.054967310806592
        ]
      },
      "properties": {
        "city": "臺北市",
        "district": "松山區",
        "category": "充電站",
        "name": "臺北市民權東路四段站",
        "address": "臺北市松山區敦化北路405巷123弄3號前"
      }
    },
    {
      "type": "Feature",
      "geometry": {
        "type": "Point",
        "coordinates": [
          121.52861134309269,
          25.024393543514083
        ]
      },
      "properties": {
        "city": "臺北市",
        "district": "大安區",
        "category": "充電站",
        "name": "臺北市龍門國中站",
        "address": "臺北市大安區建國南路二段305號"
      }
    },
    {
      "type": "Feature",
      "geometry": {
        "type": "Point",
        "coordinates": [
          121.52938303094807,
          25.060939869330923
        ]
      },
      "properties": {
        "city": "臺北市",
        "district": "中山區",
        "category": "充電站",
        "name": "臺北市華山公園站",
        "address": "臺北市中山區長安東路一段52巷14號旁(近市民大道二段/長安東路一段52巷口)"
      }
    },
    {
      "type": "Feature",
      "geometry": {
        "type": "Point",
        "coordinates": [
          121.53757461567128,
          25.07163957273605
        ]
      },
      "properties": {
        "city": "臺北市",
        "district": "中山區",
        "category": "充電站",
        "name": "臺北市榮星公園站",
        "address": "臺北市中山區民權東路三段1號榮星公園"
      }
    },
    {
      "type": "Feature",
      "geometry": {
        "type": "Point",
        "coordinates": [
          121.49437734233558,
          25.039637997284817
        ]
      },
      "properties": {
        "city": "臺北市",
        "district": "萬華區",
        "category": "充電站",
        "name": "臺北市老松國小站",
        "address": "台北市萬華區康定路250巷"
      }
    },
    {
      "type": "Feature",
      "geometry": {
        "type": "Point",
        "coordinates": [
          121.61046966124421,
          25.04479449898767
        ]
      },
      "properties": {
        "city": "臺北市",
        "district": "南港區",
        "category": "充電站",
        "name": "臺北市南港自來水加壓站",
        "address": "臺北市南港區研究院路二段1號"
      }
    },
    {
      "type": "Feature",
      "geometry": {
        "type": "Point",
        "coordinates": [
          121.5598561791815,
          25.07307242388497
        ]
      },
      "properties": {
        "city": "臺北市",
        "district": "松山區",
        "category": "充電站",
        "name": "臺北市光復民權站",
        "address": "臺北市松山區光復北路268號前"
      }
    },
    {
      "type": "Feature",
      "geometry": {
        "type": "Point",
        "coordinates": [
          121.61391065841306,
          25.041103492544757
        ]
      },
      "properties": {
        "city": "臺北市",
        "district": "南港區",
        "category": "充電站",
        "name": "台北捷運昆陽站",
        "address": "臺北市南港區忠孝東路6段451號"
      }
    },
    {
      "type": "Feature",
      "geometry": {
        "type": "Point",
        "coordinates": [
          121.60858838329688,
          25.058735189717915
        ]
      },
      "properties": {
        "city": "臺北市",
        "district": "南港區",
        "category": "充電站",
        "name": "臺北市玉成公園站",
        "address": "台北市南港區中坡南路55號"
      }
    },
    {
      "type": "Feature",
      "geometry": {
        "type": "Point",
        "coordinates": [
          121.5673602844484,
          24.982625158906295
        ]
      },
      "properties": {
        "city": "臺北市",
        "district": "文山區",
        "category": "充電站",
        "name": "台北捷運萬芳社區站",
        "address": "臺北市文山區萬芳路60號"
      }
    },
    {
      "type": "Feature",
      "geometry": {
        "type": "Point",
        "coordinates": [
          121.5942633703759,
          25.073956741756405
        ]
      },
      "properties": {
        "city": "臺北市",
        "district": "內湖區",
        "category": "充電站",
        "name": "臺北市金湖路站",
        "address": "臺北市內湖區金湖路239號旁"
      }
    },
    {
      "type": "Feature",
      "geometry": {
        "type": "Point",
        "coordinates": [
          121.54960856717318,
          25.017210636031287
        ]
      },
      "properties": {
        "city": "臺北市",
        "district": "大安區",
        "category": "充電站",
        "name": "台北捷運麟光站",
        "address": "臺北市大安區和平東路3段410號"
      }
    },
    {
      "type": "Feature",
      "geometry": {
        "type": "Point",
        "coordinates": [
          121.59677173116995,
          25.081361333584198
        ]
      },
      "properties": {
        "city": "臺北市",
        "district": "內湖區",
        "category": "充電站",
        "name": "臺北市環山路站",
        "address": "臺北市內湖區環山路一段56號對面"
      }
    },
    {
      "type": "Feature",
      "geometry": {
        "type": "Point",
        "coordinates": [
          121.5303275535364,
          25.032795160403175
        ]
      },
      "properties": {
        "city": "臺北市",
        "district": "大安區",
        "category": "充電站",
        "name": "臺北市金山公園站",
        "address": "臺北市大安區愛國東路31號前"
      }
    },
    {
      "type": "Feature",
      "geometry": {
        "type": "Point",
        "coordinates": [
          121.4849039351523,
          25.02565480884242
        ]
      },
      "properties": {
        "city": "臺北市",
        "district": "萬華區",
        "category": "充電站",
        "name": "臺北市青年公園站",
        "address": "臺北市萬華區水源路與國興路口"
      }
    },
    {
      "type": "Feature",
      "geometry": {
        "type": "Point",
        "coordinates": [
          121.54394042368011,
          25.0783143325041
        ]
      },
      "properties": {
        "city": "臺北市",
        "district": "中山區",
        "category": "充電站",
        "name": "臺北市建國仁愛路口站",
        "address": "臺北市中山區建國南路一段與仁愛路交叉口"
      }
    },
    {
      "type": "Feature",
      "geometry": {
        "type": "Point",
        "coordinates": [
          121.50797141035042,
          25.035296973334802
        ]
      },
      "properties": {
        "city": "臺北市",
        "district": "中正區",
        "category": "充電站",
        "name": "臺北市仁愛路林森路口站",
        "address": "臺北市中正區仁愛路一段"
      }
    },
    {
      "type": "Feature",
      "geometry": {
        "type": "Point",
        "coordinates": [
          121.57885696230223,
          25.041277289594742
        ]
      },
      "properties": {
        "city": "臺北市",
        "district": "信義區",
        "category": "充電站",
        "name": "Gogoro 信義信安門市站",
        "address": "臺北市信義區信安街202號"
      }
    },
    {
      "type": "Feature",
      "geometry": {
        "type": "Point",
        "coordinates": [
          121.55675984574052,
          25.02846252803783
        ]
      },
      "properties": {
        "city": "臺北市",
        "district": "大安區",
        "category": "充電站",
        "name": "師大校本部站",
        "address": "臺北市大安區師大路9號"
      }
    },
    {
      "type": "Feature",
      "geometry": {
        "type": "Point",
        "coordinates": [
          121.55111426142594,
          25.03110595670638
        ]
      },
      "properties": {
        "city": "臺北市",
        "district": "大安區",
        "category": "充電站",
        "name": "Gogoro大安敦南門市站",
        "address": "臺北市大安區敦化南路1段142號"
      }
    },
    {
      "type": "Feature",
      "geometry": {
        "type": "Point",
        "coordinates": [
          121.55670711141293,
          25.021857676514003
        ]
      },
      "properties": {
        "city": "臺北市",
        "district": "信義區",
        "category": "充電站",
        "name": "臺北市景勤二號公園站",
        "address": "臺北市信義區信安街56號對面(近景勤二號公園)"
      }
    },
    {
      "type": "Feature",
      "geometry": {
        "type": "Point",
        "coordinates": [
          121.60607984359193,
          25.055544735820373
        ]
      },
      "properties": {
        "city": "臺北市",
        "district": "南港區",
        "category": "充電站",
        "name": "臺北市南港自來水加壓站",
        "address": "台北市南港區大坑街南港自來水加壓站旁電池交換站(南港區中南段)"
      }
    },
    {
      "type": "Feature",
      "geometry": {
        "type": "Point",
        "coordinates": [
          121.50433607043081,
          25.056819644132585
        ]
      },
      "properties": {
        "city": "臺北市",
        "district": "大同區",
        "category": "充電站",
        "name": "臺北市玉泉公園站",
        "address": "臺北市大同區西寧北路與鄭州路口電池交換站"
      }
    },
    {
      "type": "Feature",
      "geometry": {
        "type": "Point",
        "coordinates": [
          121.51088003315742,
          25.125465851088418
        ]
      },
      "properties": {
        "city": "臺北市",
        "district": "北投區",
        "category": "充電站",
        "name": "台北捷運唭哩岸站",
        "address": "台北市北投區西安街二段354號斜對面(立農段五小段586地號)"
      }
    },
    {
      "type": "Feature",
      "geometry": {
        "type": "Point",
        "coordinates": [
          121.59156424097253,
          25.041983046804273
        ]
      },
      "properties": {
        "city": "臺北市",
        "district": "南港區",
        "category": "充電站",
        "name": "南港軟體園區站",
        "address": "臺北市南港區園區街3號"
      }
    },
    {
      "type": "Feature",
      "geometry": {
        "type": "Point",
        "coordinates": [
          121.51196547294953,
          25.076591807526235
        ]
      },
      "properties": {
        "city": "臺北市",
        "district": "士林區",
        "category": "充電站",
        "name": "臺北市中山天母路口站",
        "address": "臺北市士林區天母西路3-53號前"
      }
    },
    {
      "type": "Feature",
      "geometry": {
        "type": "Point",
        "coordinates": [
          121.53834148168819,
          25.077560555041753
        ]
      },
      "properties": {
        "city": "臺北市",
        "district": "中山區",
        "category": "充電站",
        "name": "國立臺北大學臺北校區站",
        "address": "臺北市中山區民生東路三段67號"
      }
    },
    {
      "type": "Feature",
      "geometry": {
        "type": "Point",
        "coordinates": [
          121.604192389691,
          25.082719054672747
        ]
      },
      "properties": {
        "city": "臺北市",
        "district": "內湖區",
        "category": "充電站",
        "name": "U-POWER 內湖民善站",
        "address": "臺北市內湖區民善路與新湖一路交叉口"
      }
    },
    {
      "type": "Feature",
      "geometry": {
        "type": "Point",
        "coordinates": [
          121.59010814333244,
          24.97953912075018
        ]
      },
      "properties": {
        "city": "臺北市",
        "district": "文山區",
        "category": "充電站",
        "name": "U-POWER 台北文山木柵站",
        "address": "臺北市文山區木柵路四段123號"
      }
    },
    {
      "type": "Feature",
      "geometry": {
        "type": "Point",
        "coordinates": [
          121.60136505993945,
          25.075264000723045
        ]
      },
      "properties": {
        "city": "臺北市",
        "district": "內湖區",
        "category": "充電站",
        "name": "T.CBD台塑總部站",
        "address": "台北市內湖區南京東路六段370號"
      }
    },
    {
      "type": "Feature",
      "geometry": {
        "type": "Point",
        "coordinates": [
          121.50209820705842,
          25.041305431681913
        ]
      },
      "properties": {
        "city": "臺北市",
        "district": "中正區",
        "category": "充電站",
        "name": "臺北市臨沂街平面停車場站",
        "address": "臺北市中正區金山南路一段79巷9號"
      }
    },
    {
      "type": "Feature",
      "geometry": {
        "type": "Point",
        "coordinates": [
          121.56950363210287,
          24.996347662642876
        ]
      },
      "properties": {
        "city": "臺北市",
        "district": "文山區",
        "category": "充電站",
        "name": "臺北市文山運動中心站",
        "address": "臺北市文山區興隆路三段222號"
      }
    },
    {
      "type": "Feature",
      "geometry": {
        "type": "Point",
        "coordinates": [
          121.5644381695578,
          25.0347448139606
        ]
      },
      "properties": {
        "city": "臺北市",
        "district": "信義區",
        "category": "充電站",
        "name": "臺北市信義區富台里站",
        "address": "臺北市信義區虎林街120巷270號對面"
      }
    },
    {
      "type": "Feature",
      "geometry": {
        "type": "Point",
        "coordinates": [
          121.58202883686691,
          24.992854703608725
        ]
      },
      "properties": {
        "city": "臺北市",
        "district": "文山區",
        "category": "充電站",
        "name": "貓空茶推廣中心停車場站",
        "address": "臺北市文山區指南路三段40巷8-4號"
      }
    },
    {
      "type": "Feature",
      "geometry": {
        "type": "Point",
        "coordinates": [
          121.5161013393387,
          25.051910535569597
        ]
      },
      "properties": {
        "city": "臺北市",
        "district": "大同區",
        "category": "充電站",
        "name": "臺北市數位產業園區站",
        "address": "臺北市大同區承德路三段287號"
      }
    },
    {
      "type": "Feature",
      "geometry": {
        "type": "Point",
        "coordinates": [
          121.57174506325035,
          25.023721853132187
        ]
      },
      "properties": {
        "city": "臺北市",
        "district": "信義區",
        "category": "充電站",
        "name": "臺北市警察局信義分局站",
        "address": "臺北市信義區信義路五段17號"
      }
    },
    {
      "type": "Feature",
      "geometry": {
        "type": "Point",
        "coordinates": [
          121.59758222104185,
          25.07108520420655
        ]
      },
      "properties": {
        "city": "臺北市",
        "district": "內湖區",
        "category": "充電站",
        "name": "臺北市東湖二號公園站",
        "address": "臺北市內湖區康寧路三段99巷39弄19-1號"
      }
    },
    {
      "type": "Feature",
      "geometry": {
        "type": "Point",
        "coordinates": [
          121.55856790975118,
          25.06567219170431
        ]
      },
      "properties": {
        "city": "臺北市",
        "district": "松山區",
        "category": "充電站",
        "name": "臺北市吉祥平面停車場站",
        "address": "臺北市松山區光復北路11巷81號"
      }
    },
    {
      "type": "Feature",
      "geometry": {
        "type": "Point",
        "coordinates": [
          121.50143916401944,
          25.054186288028394
        ]
      },
      "properties": {
        "city": "臺北市",
        "district": "大同區",
        "category": "充電站",
        "name": "臺北市永樂國小站",
        "address": "臺北市大同區涼州街84號對面"
      }
    },
    {
      "type": "Feature",
      "geometry": {
        "type": "Point",
        "coordinates": [
          121.6144925376443,
          25.062492176047694
        ]
      },
      "properties": {
        "city": "臺北市",
        "district": "南港區",
        "category": "充電站",
        "name": "臺北市新新公園站",
        "address": "臺北市南港區南港路三段47巷8號對面"
      }
    },
    {
      "type": "Feature",
      "geometry": {
        "type": "Point",
        "coordinates": [
          121.50900125791489,
          25.117066503689383
        ]
      },
      "properties": {
        "city": "臺北市",
        "district": "北投區",
        "category": "充電站",
        "name": "慈濟北投大愛電視台站",
        "address": "臺北市北投區立德路8號"
      }
    },
    {
      "type": "Feature",
      "geometry": {
        "type": "Point",
        "coordinates": [
          121.59120589571845,
          25.06595082281685
        ]
      },
      "properties": {
        "city": "臺北市",
        "district": "內湖區",
        "category": "充電站",
        "name": "中油康寧加油站",
        "address": "台北市內湖區康寧路三段30號"
      }
    },
    {
      "type": "Feature",
      "geometry": {
        "type": "Point",
        "coordinates": [
          121.56933984669553,
          24.977572077062092
        ]
      },
      "properties": {
        "city": "臺北市",
        "district": "文山區",
        "category": "充電站",
        "name": "國立政治大學所屬指南派出所旁機車停車場站",
        "address": "臺北市文山區指南路二段177號旁"
      }
    },
    {
      "type": "Feature",
      "geometry": {
        "type": "Point",
        "coordinates": [
          121.58386342550563,
          24.99174671126088
        ]
      },
      "properties": {
        "city": "臺北市",
        "district": "文山區",
        "category": "充電站",
        "name": "臺北市萬有公園站",
        "address": "臺北市文山區景隆街22號對面"
      }
    },
    {
      "type": "Feature",
      "geometry": {
        "type": "Point",
        "coordinates": [
          121.53187471592281,
          25.04904594671315
        ]
      },
      "properties": {
        "city": "臺北市",
        "district": "中山區",
        "category": "充電站",
        "name": "臺北市中山區中央里站",
        "address": "臺北市中山區松江路199號前"
      }
    },
    {
      "type": "Feature",
      "geometry": {
        "type": "Point",
        "coordinates": [
          121.59638863502244,
          25.059616013605137
        ]
      },
      "properties": {
        "city": "臺北市",
        "district": "南港區",
        "category": "充電站",
        "name": "臺北市東陽公園站",
        "address": "臺北市南港區重陽路187巷6號"
      }
    },
    {
      "type": "Feature",
      "geometry": {
        "type": "Point",
        "coordinates": [
          121.60497954609654,
          25.06227265335349
        ]
      },
      "properties": {
        "city": "臺北市",
        "district": "內湖區",
        "category": "充電站",
        "name": "臺北市扶輪親恩公園站",
        "address": "臺北市內湖區行忠路139號旁"
      }
    },
    {
      "type": "Feature",
      "geometry": {
        "type": "Point",
        "coordinates": [
          121.53554030120807,
          25.040926449859445
        ]
      },
      "properties": {
        "city": "臺北市",
        "district": "大安區",
        "category": "充電站",
        "name": "臺北市警察局臥龍街派出所站",
        "address": "臺北市大安區臥龍區206號旁"
      }
    },
    {
      "type": "Feature",
      "geometry": {
        "type": "Point",
        "coordinates": [
          121.50818217787564,
          25.05622370440081
        ]
      },
      "properties": {
        "city": "臺北市",
        "district": "大同區",
        "category": "充電站",
        "name": "台北-新豐騎士用品店",
        "address": "台北市大同區承德路三段291號"
      }
    },
    {
      "type": "Feature",
      "geometry": {
        "type": "Point",
        "coordinates": [
          121.55199066472463,
          25.070887620204182
        ]
      },
      "properties": {
        "city": "臺北市",
        "district": "松山區",
        "category": "充電站",
        "name": "台北-家樂福三民店",
        "address": "台北市松山區三民路160號"
      }
    },
    {
      "type": "Feature",
      "geometry": {
        "type": "Point",
        "coordinates": [
          121.53863335777127,
          25.08878289152305
        ]
      },
      "properties": {
        "city": "臺北市",
        "district": "士林區",
        "category": "充電站",
        "name": "台北-家樂福天母店",
        "address": "台北市士林區德行西路47號"
      }
    },
    {
      "type": "Feature",
      "geometry": {
        "type": "Point",
        "coordinates": [
          121.60457926948848,
          25.0651145470962
        ]
      },
      "properties": {
        "city": "臺北市",
        "district": "內湖區",
        "category": "充電站",
        "name": "台北-家樂福內湖店",
        "address": "台北市內湖區民善街88號"
      }
    },
    {
      "type": "Feature",
      "geometry": {
        "type": "Point",
        "coordinates": [
          121.53193836151613,
          25.051554599859
        ]
      },
      "properties": {
        "city": "臺北市",
        "district": "中山區",
        "category": "充電站",
        "name": "台北-萊爾富北市中原二店",
        "address": "台北市中山區中原街77號"
      }
    },
    {
      "type": "Feature",
      "geometry": {
        "type": "Point",
        "coordinates": [
          121.52975556014327,
          25.078546536186924
        ]
      },
      "properties": {
        "city": "臺北市",
        "district": "中山區",
        "category": "充電站",
        "name": "台北-萊爾富北市山擎店",
        "address": "台北市中山區天祥路70號"
      }
    },
    {
      "type": "Feature",
      "geometry": {
        "type": "Point",
        "coordinates": [
          121.50697343240795,
          25.05380280502544
        ]
      },
      "properties": {
        "city": "臺北市",
        "district": "大同區",
        "category": "充電站",
        "name": "台北-大千國際開發",
        "address": "台北市大同區承德路二段164號"
      }
    },
    {
      "type": "Feature",
      "geometry": {
        "type": "Point",
        "coordinates": [
          121.54219166749957,
          25.07876774679023
        ]
      },
      "properties": {
        "city": "臺北市",
        "district": "中山區",
        "category": "充電站",
        "name": "台北-展欣豪車業有限公司",
        "address": "台北市中山區民權東路二段126號"
      }
    },
    {
      "type": "Feature",
      "geometry": {
        "type": "Point",
        "coordinates": [
          121.50294869513083,
          25.023639761565686
        ]
      },
      "properties": {
        "city": "臺北市",
        "district": "萬華區",
        "category": "充電站",
        "name": "台北-台灣7天精品旅店",
        "address": "台北市萬華區環河南路二段282號"
      }
    },
    {
      "type": "Feature",
      "geometry": {
        "type": "Point",
        "coordinates": [
          121.52709460445807,
          25.060565330827558
        ]
      },
      "properties": {
        "city": "臺北市",
        "district": "大同區",
        "category": "充電站",
        "name": "台北-禾豐精品",
        "address": "台北市大同區庫倫街1號"
      }
    },
    {
      "type": "Feature",
      "geometry": {
        "type": "Point",
        "coordinates": [
          121.57638697427782,
          25.01507667345694
        ]
      },
      "properties": {
        "city": "臺北市",
        "district": "信義區",
        "category": "充電站",
        "name": "台北-建安重車有限公司",
        "address": "台北市信義區嘉興街181巷6號"
      }
    },
    {
      "type": "Feature",
      "geometry": {
        "type": "Point",
        "coordinates": [
          121.58265798536208,
          25.01983107859901
        ]
      },
      "properties": {
        "city": "臺北市",
        "district": "信義區",
        "category": "充電站",
        "name": "台北-光明車業有限公司",
        "address": "台北市信義區基隆路二段165號"
      }
    },
    {
      "type": "Feature",
      "geometry": {
        "type": "Point",
        "coordinates": [
          121.52950774487344,
          25.075723886140246
        ]
      },
      "properties": {
        "city": "臺北市",
        "district": "士林區",
        "category": "充電站",
        "name": "台北-德龍車業",
        "address": "台北市士林區故宮路41巷1號"
      }
    },
    {
      "type": "Feature",
      "geometry": {
        "type": "Point",
        "coordinates": [
          121.58608103129734,
          25.0730756478294
        ]
      },
      "properties": {
        "city": "臺北市",
        "district": "內湖區",
        "category": "充電站",
        "name": "台北-葉陽車業行",
        "address": "台北市內湖區民權東路六段320號"
      }
    },
    {
      "type": "Feature",
      "geometry": {
        "type": "Point",
        "coordinates": [
          121.53952355265716,
          25.069643786096844
        ]
      },
      "properties": {
        "city": "臺北市",
        "district": "中山區",
        "category": "充電站",
        "name": "台北-車麗屋松江店",
        "address": "台北市中山區松江路550號"
      }
    },
    {
      "type": "Feature",
      "geometry": {
        "type": "Point",
        "coordinates": [
          121.59314687007362,
          25.06261291207276
        ]
      },
      "properties": {
        "city": "臺北市",
        "district": "內湖區",
        "category": "充電站",
        "name": "台北-車麗屋行忠店",
        "address": "台北市內湖區行忠路67號"
      }
    },
    {
      "type": "Feature",
      "geometry": {
        "type": "Point",
        "coordinates": [
          121.56839945723297,
          24.976967765374663
        ]
      },
      "properties": {
        "city": "臺北市",
        "district": "文山區",
        "category": "充電站",
        "name": "台北-瀚立車業行",
        "address": "台北市文山區恆光街19號"
      }
    },
    {
      "type": "Feature",
      "geometry": {
        "type": "Point",
        "coordinates": [
          121.52405294360669,
          25.077205559653617
        ]
      },
      "properties": {
        "city": "臺北市",
        "district": "士林區",
        "category": "充電站",
        "name": "台北-中油福林站加油站",
        "address": "台北市士林區中山北路五段465號"
      }
    },
    {
      "type": "Feature",
      "geometry": {
        "type": "Point",
        "coordinates": [
          121.55323131549129,
          25.01720146294424
        ]
      },
      "properties": {
        "city": "臺北市",
        "district": "大安區",
        "category": "充電站",
        "name": "台北-中油新生南路站加油站",
        "address": "台北市大安區仁愛路三段1號"
      }
    },
    {
      "type": "Feature",
      "geometry": {
        "type": "Point",
        "coordinates": [
          121.54049953074238,
          25.06123037853931
        ]
      },
      "properties": {
        "city": "臺北市",
        "district": "中山區",
        "category": "充電站",
        "name": "台北-中油中崙站加油站",
        "address": "台北市中山區八德路二段214號"
      }
    },
    {
      "type": "Feature",
      "geometry": {
        "type": "Point",
        "coordinates": [
          121.50295169280002,
          25.03697947755374
        ]
      },
      "properties": {
        "city": "臺北市",
        "district": "中正區",
        "category": "充電站",
        "name": "台北-中油汀州路站加油站",
        "address": "台北市中正區汀州路三段1號"
      }
    },
    {
      "type": "Feature",
      "geometry": {
        "type": "Point",
        "coordinates": [
          121.51017161848252,
          25.034058847071858
        ]
      },
      "properties": {
        "city": "臺北市",
        "district": "中正區",
        "category": "充電站",
        "name": "台北-中油林森北路站加油站",
        "address": "台北市中正區林森北路11號"
      }
    },
    {
      "type": "Feature",
      "geometry": {
        "type": "Point",
        "coordinates": [
          121.5888078051405,
          25.063485140663172
        ]
      },
      "properties": {
        "city": "臺北市",
        "district": "內湖區",
        "category": "充電站",
        "name": "台北-中油內湖站加油站",
        "address": "台北市內湖區民權東路六段50號"
      }
    },
    {
      "type": "Feature",
      "geometry": {
        "type": "Point",
        "coordinates": [
          121.61410393288949,
          25.041348237155947
        ]
      },
      "properties": {
        "city": "臺北市",
        "district": "南港區",
        "category": "充電站",
        "name": "台北-中油南港站加油站",
        "address": "台北市南港區南港路二段50號"
      }
    },
    {
      "type": "Feature",
      "geometry": {
        "type": "Point",
        "coordinates": [
          121.5305082034557,
          25.03968137272319
        ]
      },
      "properties": {
        "city": "臺北市",
        "district": "大安區",
        "category": "充電站",
        "name": "台北-中油富陽街站加油站",
        "address": "台北市大安區富陽街129號"
      }
    },
    {
      "type": "Feature",
      "geometry": {
        "type": "Point",
        "coordinates": [
          121.53802504283736,
          25.07049042333609
        ]
      },
      "properties": {
        "city": "臺北市",
        "district": "中山區",
        "category": "充電站",
        "name": "台北-明欣機車行",
        "address": "台北市中山區吉林路401號"
      }
    },
    {
      "type": "Feature",
      "geometry": {
        "type": "Point",
        "coordinates": [
          121.56254893727797,
          24.976096659166874
        ]
      },
      "properties": {
        "city": "臺北市",
        "district": "文山區",
        "category": "充電站",
        "name": "台北-嘉能事業有限公司",
        "address": "台北市文山區木新路三段29號"
      }
    },
    {
      "type": "Feature",
      "geometry": {
        "type": "Point",
        "coordinates": [
          121.48427428423368,
          25.0352382369735
        ]
      },
      "properties": {
        "city": "臺北市",
        "district": "萬華區",
        "category": "充電站",
        "name": "台北-建成機車",
        "address": "台北市萬華區萬大路424巷83號"
      }
    },
    {
      "type": "Feature",
      "geometry": {
        "type": "Point",
        "coordinates": [
          121.59832107169008,
          25.06549007247926
        ]
      },
      "properties": {
        "city": "臺北市",
        "district": "內湖區",
        "category": "充電站",
        "name": "台北-昇陽綠能企業社",
        "address": "台北市內湖區成功路三段90號"
      }
    },
    {
      "type": "Feature",
      "geometry": {
        "type": "Point",
        "coordinates": [
          121.51795066652402,
          25.076156716645766
        ]
      },
      "properties": {
        "city": "臺北市",
        "district": "大同區",
        "category": "充電站",
        "name": "台北-進揚機車行",
        "address": "台北市大同區重慶北路二段164號"
      }
    },
    {
      "type": "Feature",
      "geometry": {
        "type": "Point",
        "coordinates": [
          121.48677335887669,
          25.141101234312952
        ]
      },
      "properties": {
        "city": "臺北市",
        "district": "北投區",
        "category": "充電站",
        "name": "台北-捷利機車行",
        "address": "台北市北投區大同街202之2號"
      }
    },
    {
      "type": "Feature",
      "geometry": {
        "type": "Point",
        "coordinates": [
          121.52367225958488,
          25.0565721156794
        ]
      },
      "properties": {
        "city": "臺北市",
        "district": "中山區",
        "category": "充電站",
        "name": "台北-英全機車行",
        "address": "台北市中山區北安路656號"
      }
    },
    {
      "type": "Feature",
      "geometry": {
        "type": "Point",
        "coordinates": [
          121.59339790301748,
          25.052270882414938
        ]
      },
      "properties": {
        "city": "臺北市",
        "district": "南港區",
        "category": "充電站",
        "name": "台北-安忻車業",
        "address": "台北市南港區南港路三段314巷16號"
      }
    },
    {
      "type": "Feature",
      "geometry": {
        "type": "Point",
        "coordinates": [
          121.59633961309564,
          25.06249946317922
        ]
      },
      "properties": {
        "city": "臺北市",
        "district": "南港區",
        "category": "充電站",
        "name": "台北-友誠機車行",
        "address": "台北市南港區八德路四段832號"
      }
    },
    {
      "type": "Feature",
      "geometry": {
        "type": "Point",
        "coordinates": [
          121.56444897019065,
          25.0235658417354
        ]
      },
      "properties": {
        "city": "臺北市",
        "district": "信義區",
        "category": "充電站",
        "name": "台北-翔偉機車行",
        "address": "台北市信義區福德街66號"
      }
    },
    {
      "type": "Feature",
      "geometry": {
        "type": "Point",
        "coordinates": [
          121.56355055063987,
          24.98842304036135
        ]
      },
      "properties": {
        "city": "臺北市",
        "district": "文山區",
        "category": "充電站",
        "name": "台北-德勝車業",
        "address": "台北市文山區興隆路一段139號"
      }
    },
    {
      "type": "Feature",
      "geometry": {
        "type": "Point",
        "coordinates": [
          121.58494674301576,
          25.00331460395864
        ]
      },
      "properties": {
        "city": "臺北市",
        "district": "文山區",
        "category": "充電站",
        "name": "台北-益欣車業",
        "address": "台北市文山區木柵路二段109巷23號"
      }
    },
    {
      "type": "Feature",
      "geometry": {
        "type": "Point",
        "coordinates": [
          121.57768930485811,
          24.998735425559275
        ]
      },
      "properties": {
        "city": "臺北市",
        "district": "文山區",
        "category": "充電站",
        "name": "台北-宏大機車行",
        "address": "台北市文山區木新路二段112號"
      }
    },
    {
      "type": "Feature",
      "geometry": {
        "type": "Point",
        "coordinates": [
          121.5772221944966,
          24.982472770310423
        ]
      },
      "properties": {
        "city": "臺北市",
        "district": "文山區",
        "category": "充電站",
        "name": "台北-興陽車業行",
        "address": "台北市文山區興隆路二段155號"
      }
    },
    {
      "type": "Feature",
      "geometry": {
        "type": "Point",
        "coordinates": [
          121.56389784195476,
          24.985245626528318
        ]
      },
      "properties": {
        "city": "臺北市",
        "district": "文山區",
        "category": "充電站",
        "name": "台北-鋒權輪機車精品",
        "address": "台北市文山區興隆路二段249號"
      }
    },
    {
      "type": "Feature",
      "geometry": {
        "type": "Point",
        "coordinates": [
          121.58107476006526,
          24.982825324010232
        ]
      },
      "properties": {
        "city": "臺北市",
        "district": "文山區",
        "category": "充電站",
        "name": "台北-運詳機車有限公司",
        "address": "台北市文山區久康街1號"
      }
    },
    {
      "type": "Feature",
      "geometry": {
        "type": "Point",
        "coordinates": [
          121.57964102664796,
          24.996953318468776
        ]
      },
      "properties": {
        "city": "臺北市",
        "district": "文山區",
        "category": "充電站",
        "name": "台北-祥騰機車行",
        "address": "台北市文山區景興路94號"
      }
    },
    {
      "type": "Feature",
      "geometry": {
        "type": "Point",
        "coordinates": [
          121.57771313469114,
          24.997609286775283
        ]
      },
      "properties": {
        "city": "臺北市",
        "district": "文山區",
        "category": "充電站",
        "name": "台北-青林車業",
        "address": "台北市文山區景興路172號"
      }
    },
    {
      "type": "Feature",
      "geometry": {
        "type": "Point",
        "coordinates": [
          121.57649537888462,
          24.979673256567086
        ]
      },
      "properties": {
        "city": "臺北市",
        "district": "文山區",
        "category": "充電站",
        "name": "台北-高旺車業",
        "address": "台北市文山區羅斯福路五段182號"
      }
    },
    {
      "type": "Feature",
      "geometry": {
        "type": "Point",
        "coordinates": [
          121.56348864562845,
          24.98708983511595
        ]
      },
      "properties": {
        "city": "臺北市",
        "district": "文山區",
        "category": "充電站",
        "name": "台北-旺佳車業",
        "address": "台北市文山區羅斯福路六段52號"
      }
    },
    {
      "type": "Feature",
      "geometry": {
        "type": "Point",
        "coordinates": [
          121.5835235512839,
          25.033280470745545
        ]
      },
      "properties": {
        "city": "臺北市",
        "district": "信義區",
        "category": "充電站",
        "name": "台北-辰昶車業",
        "address": "台北市信義區信安街80號"
      }
    },
    {
      "type": "Feature",
      "geometry": {
        "type": "Point",
        "coordinates": [
          121.57861008630209,
          25.031100897261926
        ]
      },
      "properties": {
        "city": "臺北市",
        "district": "信義區",
        "category": "充電站",
        "name": "台北-益昇機車行",
        "address": "台北市信義區莊敬路214號"
      }
    },
    {
      "type": "Feature",
      "geometry": {
        "type": "Point",
        "coordinates": [
          121.48893684296273,
          25.021466115644646
        ]
      },
      "properties": {
        "city": "臺北市",
        "district": "萬華區",
        "category": "充電站",
        "name": "台北-尚億車業有限公司",
        "address": "台北市萬華區萬大路500號"
      }
    },
    {
      "type": "Feature",
      "geometry": {
        "type": "Point",
        "coordinates": [
          121.51247307473729,
          25.050181315600973
        ]
      },
      "properties": {
        "city": "臺北市",
        "district": "大同區",
        "category": "充電站",
        "name": "台北-加祥車業",
        "address": "台北市大同區延平北路二段256號"
      }
    },
    {
      "type": "Feature",
      "geometry": {
        "type": "Point",
        "coordinates": [
          121.5836100512696,
          24.995344840613775
        ]
      },
      "properties": {
        "city": "臺北市",
        "district": "文山區",
        "category": "充電站",
        "name": "台北-嘉能事業有限公司二站",
        "address": "台北市文山區木新路三段29號"
      }
    },
    {
      "type": "Feature",
      "geometry": {
        "type": "Point",
        "coordinates": [
          121.57440469996959,
          25.003810086253157
        ]
      },
      "properties": {
        "city": "臺北市",
        "district": "文山區",
        "category": "充電站",
        "name": "台北-旺利車業行",
        "address": "台北市文山區興隆路二段243號"
      }
    },
    {
      "type": "Feature",
      "geometry": {
        "type": "Point",
        "coordinates": [
          121.52742445580832,
          25.088921614073115
        ]
      },
      "properties": {
        "city": "臺北市",
        "district": "士林區",
        "category": "充電站",
        "name": "台北-嘉盛車業有限公司",
        "address": "台北市士林區延平北路六段139號"
      }
    },
    {
      "type": "Feature",
      "geometry": {
        "type": "Point",
        "coordinates": [
          121.51902365235381,
          25.024580806159033
        ]
      },
      "properties": {
        "city": "臺北市",
        "district": "中正區",
        "category": "充電站",
        "name": "台北-金讚汽車中正廠",
        "address": "台北市中正區泉州街22號"
      }
    },
    {
      "type": "Feature",
      "geometry": {
        "type": "Point",
        "coordinates": [
          121.58437245888805,
          25.075125822743107
        ]
      },
      "properties": {
        "city": "臺北市",
        "district": "內湖區",
        "category": "充電站",
        "name": "台北-柏成車業",
        "address": "台北市內湖區成功路四段331號"
      }
    },
    {
      "type": "Feature",
      "geometry": {
        "type": "Point",
        "coordinates": [
          121.56557664750522,
          25.06393903428325
        ]
      },
      "properties": {
        "city": "臺北市",
        "district": "松山區",
        "category": "充電站",
        "name": "台北-老羅機車行",
        "address": "台北市松山區塔悠路206號"
      }
    },
    {
      "type": "Feature",
      "geometry": {
        "type": "Point",
        "coordinates": [
          121.50015484016849,
          25.01980843278052
        ]
      },
      "properties": {
        "city": "臺北市",
        "district": "萬華區",
        "category": "充電站",
        "name": "台北-璟興車業有限公司",
        "address": "台北市萬華區西園路二段265號"
      }
    },
    {
      "type": "Feature",
      "geometry": {
        "type": "Point",
        "coordinates": [
          121.57013188582454,
          25.02070844982554
        ]
      },
      "properties": {
        "city": "臺北市",
        "district": "信義區",
        "category": "充電站",
        "name": "台北-群輝車業",
        "address": "台北市信義區永吉路237號"
      }
    },
    {
      "type": "Feature",
      "geometry": {
        "type": "Point",
        "coordinates": [
          121.5710767987249,
          25.03812735611971
        ]
      },
      "properties": {
        "city": "臺北市",
        "district": "信義區",
        "category": "充電站",
        "name": "台北-力鼎機車行",
        "address": "台北市信義區基隆路一段99號"
      }
    },
    {
      "type": "Feature",
      "geometry": {
        "type": "Point",
        "coordinates": [
          121.57928717970975,
          25.017896270735392
        ]
      },
      "properties": {
        "city": "臺北市",
        "district": "信義區",
        "category": "充電站",
        "name": "台北-大仁北醫店",
        "address": "台北市信義區莊敬路325巷38號"
      }
    },
    {
      "type": "Feature",
      "geometry": {
        "type": "Point",
        "coordinates": [
          121.60371535086495,
          25.065356364602152
        ]
      },
      "properties": {
        "city": "臺北市",
        "district": "南港區",
        "category": "充電站",
        "name": "台北-技專機車行",
        "address": "台北市南港區昆陽街157巷11號"
      }
    },
    {
      "type": "Feature",
      "geometry": {
        "type": "Point",
        "coordinates": [
          121.59558470237204,
          25.04409335007772
        ]
      },
      "properties": {
        "city": "臺北市",
        "district": "南港區",
        "category": "充電站",
        "name": "台北-成豈車業",
        "address": "台北市南港區東新街8之5號"
      }
    },
    {
      "type": "Feature",
      "geometry": {
        "type": "Point",
        "coordinates": [
          121.61679408218683,
          25.05042091466753
        ]
      },
      "properties": {
        "city": "臺北市",
        "district": "南港區",
        "category": "充電站",
        "name": "台北-南港研究院路二段站",
        "address": "台北市南港區研究院路二段84巷3號"
      }
    },
    {
      "type": "Feature",
      "geometry": {
        "type": "Point",
        "coordinates": [
          121.58198683214667,
          25.000996490805687
        ]
      },
      "properties": {
        "city": "臺北市",
        "district": "文山區",
        "category": "充電站",
        "name": "台北-三育機車",
        "address": "台北市文山區景隆街54號"
      }
    },
    {
      "type": "Feature",
      "geometry": {
        "type": "Point",
        "coordinates": [
          121.60122644644646,
          25.05875542702046
        ]
      },
      "properties": {
        "city": "臺北市",
        "district": "內湖區",
        "category": "充電站",
        "name": "台北-大祥機車行",
        "address": "台北市內湖區星雲街61號"
      }
    },
    {
      "type": "Feature",
      "geometry": {
        "type": "Point",
        "coordinates": [
          121.6020597148216,
          25.056487949071236
        ]
      },
      "properties": {
        "city": "臺北市",
        "district": "內湖區",
        "category": "充電站",
        "name": "台北-新廣新機車行",
        "address": "台北市內湖區金龍路148號"
      }
    },
    {
      "type": "Feature",
      "geometry": {
        "type": "Point",
        "coordinates": [
          121.51733502175948,
          25.094340092120365
        ]
      },
      "properties": {
        "city": "臺北市",
        "district": "士林區",
        "category": "充電站",
        "name": "台北-便利購士林雨聲店",
        "address": "台北市士林區雨聲街52號、52-1號、52巷1號"
      }
    },
    {
      "type": "Feature",
      "geometry": {
        "type": "Point",
        "coordinates": [
          121.50907590476032,
          25.06354674168987
        ]
      },
      "properties": {
        "city": "臺北市",
        "district": "大同區",
        "category": "充電站",
        "name": "台北-便利購台北酒泉店",
        "address": "台北市大同區酒泉街105號"
      }
    },
    {
      "type": "Feature",
      "geometry": {
        "type": "Point",
        "coordinates": [
          121.5979281192428,
          25.066216417867736
        ]
      },
      "properties": {
        "city": "臺北市",
        "district": "內湖區",
        "category": "充電站",
        "name": "台北-國立車業",
        "address": "台北市內湖區康樂街95號"
      }
    },
    {
      "type": "Feature",
      "geometry": {
        "type": "Point",
        "coordinates": [
          121.58348072867851,
          25.08305205465358
        ]
      },
      "properties": {
        "city": "臺北市",
        "district": "內湖區",
        "category": "充電站",
        "name": "台北-玟樺機車行",
        "address": "台北市內湖區內湖路一段91巷7號"
      }
    },
    {
      "type": "Feature",
      "geometry": {
        "type": "Point",
        "coordinates": [
          121.5087506225258,
          25.065373697853857
        ]
      },
      "properties": {
        "city": "臺北市",
        "district": "大同區",
        "category": "充電站",
        "name": "台北-中一車業行",
        "address": "台北市大同區蘭州街42號"
      }
    },
    {
      "type": "Feature",
      "geometry": {
        "type": "Point",
        "coordinates": [
          121.55990136713676,
          25.06607446553142
        ]
      },
      "properties": {
        "city": "臺北市",
        "district": "松山區",
        "category": "充電站",
        "name": "台北-好記機車行",
        "address": "台北市松山區民權東路五段19號"
      }
    },
    {
      "type": "Feature",
      "geometry": {
        "type": "Point",
        "coordinates": [
          121.56567597327494,
          25.036694348396686
        ]
      },
      "properties": {
        "city": "臺北市",
        "district": "信義區",
        "category": "充電站",
        "name": "台北-和撒那車業行",
        "address": "台北市信義區吳興街281巷52號"
      }
    },
    {
      "type": "Feature",
      "geometry": {
        "type": "Point",
        "coordinates": [
          121.50584975079062,
          25.02869367844992
        ]
      },
      "properties": {
        "city": "臺北市",
        "district": "萬華區",
        "category": "充電站",
        "name": "台北-正中機車行",
        "address": "台北市萬華區雙和街75號"
      }
    },
    {
      "type": "Feature",
      "geometry": {
        "type": "Point",
        "coordinates": [
          121.53763450648736,
          25.062452175666547
        ]
      },
      "properties": {
        "city": "臺北市",
        "district": "中山區",
        "category": "充電站",
        "name": "台北-中山松江路站",
        "address": "台北市中山區松江路534號"
      }
    },
    {
      "type": "Feature",
      "geometry": {
        "type": "Point",
        "coordinates": [
          121.51337039088376,
          25.08988333123005
        ]
      },
      "properties": {
        "city": "臺北市",
        "district": "士林區",
        "category": "充電站",
        "name": "台北-泰承車業",
        "address": "台北市士林區大南路334號"
      }
    },
    {
      "type": "Feature",
      "geometry": {
        "type": "Point",
        "coordinates": [
          121.56714062370165,
          25.037798017921823
        ]
      },
      "properties": {
        "city": "臺北市",
        "district": "信義區",
        "category": "充電站",
        "name": "台北-鴻源機車行",
        "address": "台北市信義區松隆路292號"
      }
    },
    {
      "type": "Feature",
      "geometry": {
        "type": "Point",
        "coordinates": [
          121.59771465371149,
          25.079539811558046
        ]
      },
      "properties": {
        "city": "臺北市",
        "district": "內湖區",
        "category": "充電站",
        "name": "台北-新明機車材料行",
        "address": "台北市內湖區新明路304-1號"
      }
    },
    {
      "type": "Feature",
      "geometry": {
        "type": "Point",
        "coordinates": [
          121.59701005105202,
          25.075576422814468
        ]
      },
      "properties": {
        "city": "臺北市",
        "district": "內湖區",
        "category": "充電站",
        "name": "台北-四維通",
        "address": "台北市內湖區民權東路六段130號"
      }
    },
    {
      "type": "Feature",
      "geometry": {
        "type": "Point",
        "coordinates": [
          121.60803244210435,
          25.055835754085187
        ]
      },
      "properties": {
        "city": "臺北市",
        "district": "南港區",
        "category": "充電站",
        "name": "台北-興揚機車",
        "address": "台北市南港區南港路三段16巷4號"
      }
    },
    {
      "type": "Feature",
      "geometry": {
        "type": "Point",
        "coordinates": [
          121.58730727637274,
          25.077122096133074
        ]
      },
      "properties": {
        "city": "臺北市",
        "district": "內湖區",
        "category": "充電站",
        "name": "台北-興陽機車行",
        "address": "台北市內湖區五分街39號"
      }
    },
    {
      "type": "Feature",
      "geometry": {
        "type": "Point",
        "coordinates": [
          121.50460757618265,
          25.032708994726654
        ]
      },
      "properties": {
        "city": "臺北市",
        "district": "萬華區",
        "category": "充電站",
        "name": "台北-東龍旺車業",
        "address": "台北市萬華區東園街133號"
      }
    },
    {
      "type": "Feature",
      "geometry": {
        "type": "Point",
        "coordinates": [
          121.50781241092557,
          25.13757875681696
        ]
      },
      "properties": {
        "city": "臺北市",
        "district": "北投區",
        "category": "充電站",
        "name": "台北-聯盈機車材料行",
        "address": "台北市北投區中央北路四段545號"
      }
    },
    {
      "type": "Feature",
      "geometry": {
        "type": "Point",
        "coordinates": [
          121.54150947586498,
          25.022375925586747
        ]
      },
      "properties": {
        "city": "臺北市",
        "district": "大安區",
        "category": "充電站",
        "name": "台北-黑騎士工坊",
        "address": "台北市大安區通化街19巷39號"
      }
    },
    {
      "type": "Feature",
      "geometry": {
        "type": "Point",
        "coordinates": [
          121.49492909588699,
          25.13494734032439
        ]
      },
      "properties": {
        "city": "臺北市",
        "district": "北投區",
        "category": "充電站",
        "name": "台北-雄發車業",
        "address": "台北市北投區吉利街119號"
      }
    },
    {
      "type": "Feature",
      "geometry": {
        "type": "Point",
        "coordinates": [
          121.61431890372809,
          25.061980775668964
        ]
      },
      "properties": {
        "city": "臺北市",
        "district": "南港區",
        "category": "充電站",
        "name": "台北-大輝車業有限公司",
        "address": "台北市南港區忠孝東路七段600號"
      }
    },
    {
      "type": "Feature",
      "geometry": {
        "type": "Point",
        "coordinates": [
          121.50016987745958,
          25.134026643614586
        ]
      },
      "properties": {
        "city": "臺北市",
        "district": "北投區",
        "category": "充電站",
        "name": "台北-百傑車業行",
        "address": "台北市北投區中央北路二段303號"
      }
    },
    {
      "type": "Feature",
      "geometry": {
        "type": "Point",
        "coordinates": [
          121.57131397464613,
          25.045347284774017
        ]
      },
      "properties": {
        "city": "臺北市",
        "district": "松山區",
        "category": "充電站",
        "name": "台北-日新汽車",
        "address": "台北市松山區八德路四段282號"
      }
    },
    {
      "type": "Feature",
      "geometry": {
        "type": "Point",
        "coordinates": [
          121.49504111616645,
          25.0193084390295
        ]
      },
      "properties": {
        "city": "臺北市",
        "district": "萬華區",
        "category": "充電站",
        "name": "台北-萬華西藏路站",
        "address": "台北市萬華區西藏路450之3號"
      }
    },
    {
      "type": "Feature",
      "geometry": {
        "type": "Point",
        "coordinates": [
          121.52825602735932,
          25.07599021775015
        ]
      },
      "properties": {
        "city": "臺北市",
        "district": "大同區",
        "category": "充電站",
        "name": "台北-大千國際開發二站",
        "address": "台北市大同區承德路二段164號"
      }
    },
    {
      "type": "Feature",
      "geometry": {
        "type": "Point",
        "coordinates": [
          121.52110991788645,
          25.055872882217646
        ]
      },
      "properties": {
        "city": "臺北市",
        "district": "大同區",
        "category": "充電站",
        "name": "台北-大千國際開發三站",
        "address": "台北市大同區承德路二段164號"
      }
    },
    {
      "type": "Feature",
      "geometry": {
        "type": "Point",
        "coordinates": [
          121.50167053250127,
          25.137886014815816
        ]
      },
      "properties": {
        "city": "臺北市",
        "district": "北投區",
        "category": "充電站",
        "name": "台北-萊爾富北市奇岩店",
        "address": "台北市北投區中央南路二段5、7號"
      }
    },
    {
      "type": "Feature",
      "geometry": {
        "type": "Point",
        "coordinates": [
          121.54598193738425,
          25.01736326629698
        ]
      },
      "properties": {
        "city": "臺北市",
        "district": "大安區",
        "category": "充電站",
        "name": "台北-萊爾富北市安興店",
        "address": "台北市大安區復興南路2段148號"
      }
    },
    {
      "type": "Feature",
      "geometry": {
        "type": "Point",
        "coordinates": [
          121.52327319624732,
          25.075231268352027
        ]
      },
      "properties": {
        "city": "臺北市",
        "district": "士林區",
        "category": "充電站",
        "name": "台北-萊爾富北市社子店",
        "address": "台北市士林區社子街63巷2號"
      }
    },
    {
      "type": "Feature",
      "geometry": {
        "type": "Point",
        "coordinates": [
          121.52507713170161,
          25.08946829088577
        ]
      },
      "properties": {
        "city": "臺北市",
        "district": "士林區",
        "category": "充電站",
        "name": "台北-萊爾富士林花好店",
        "address": "台北市士林區重慶北路四段78號及80號"
      }
    },
    {
      "type": "Feature",
      "geometry": {
        "type": "Point",
        "coordinates": [
          121.50875967475292,
          25.125353759058733
        ]
      },
      "properties": {
        "city": "臺北市",
        "district": "北投區",
        "category": "充電站",
        "name": "台北-萊爾富北市立農店",
        "address": "台北市北投區義理街96號及立農街2段292號"
      }
    },
    {
      "type": "Feature",
      "geometry": {
        "type": "Point",
        "coordinates": [
          121.57599677336836,
          25.075017029969892
        ]
      },
      "properties": {
        "city": "臺北市",
        "district": "內湖區",
        "category": "充電站",
        "name": "台北-萊爾富內湖樂康店",
        "address": "台北市內湖區康樂街136巷18弄1號"
      }
    },
    {
      "type": "Feature",
      "geometry": {
        "type": "Point",
        "coordinates": [
          121.5907923726164,
          25.05921233326702
        ]
      },
      "properties": {
        "city": "臺北市",
        "district": "內湖區",
        "category": "充電站",
        "name": "台北-萊爾富北市安泰店",
        "address": "台北市內湖區安泰街31號"
      }
    },
    {
      "type": "Feature",
      "geometry": {
        "type": "Point",
        "coordinates": [
          121.58574666642485,
          25.058588419561588
        ]
      },
      "properties": {
        "city": "臺北市",
        "district": "內湖區",
        "category": "充電站",
        "name": "台北-萊爾富北市金碧店",
        "address": "台北市內湖區金龍路64、66號"
      }
    },
    {
      "type": "Feature",
      "geometry": {
        "type": "Point",
        "coordinates": [
          121.596123697816,
          25.083538221068643
        ]
      },
      "properties": {
        "city": "臺北市",
        "district": "內湖區",
        "category": "充電站",
        "name": "台北-萊爾富北市湖康店",
        "address": "台北市內湖區文湖街21巷26、28號"
      }
    },
    {
      "type": "Feature",
      "geometry": {
        "type": "Point",
        "coordinates": [
          121.62042710256776,
          25.051517767411987
        ]
      },
      "properties": {
        "city": "臺北市",
        "district": "南港區",
        "category": "充電站",
        "name": "台北-萊爾富北市南港二店",
        "address": "台北市南港區忠孝東路七段639號"
      }
    },
    {
      "type": "Feature",
      "geometry": {
        "type": "Point",
        "coordinates": [
          121.59718366781293,
          25.061475282343547
        ]
      },
      "properties": {
        "city": "臺北市",
        "district": "南港區",
        "category": "充電站",
        "name": "台北-萊爾富南港慈祐宮店",
        "address": "台北市南港區南港路三段358、360號"
      }
    },
    {
      "type": "Feature",
      "geometry": {
        "type": "Point",
        "coordinates": [
          121.57903208140092,
          24.990376831460164
        ]
      },
      "properties": {
        "city": "臺北市",
        "district": "文山區",
        "category": "充電站",
        "name": "台北-萊爾富北市文武店",
        "address": "台北市文山區羅斯福路五段203號"
      }
    },
    {
      "type": "Feature",
      "geometry": {
        "type": "Point",
        "coordinates": [
          121.57835845190989,
          24.984897760970284
        ]
      },
      "properties": {
        "city": "臺北市",
        "district": "文山區",
        "category": "充電站",
        "name": "台北-萊爾富文山大王店",
        "address": "台北市文山區木新路二段141、143號"
      }
    },
    {
      "type": "Feature",
      "geometry": {
        "type": "Point",
        "coordinates": [
          121.56995122013413,
          24.995993467743627
        ]
      },
      "properties": {
        "city": "臺北市",
        "district": "文山區",
        "category": "充電站",
        "name": "台北-7ELEVEN新萬隆店",
        "address": "台北市文山區羅斯福路六段20號22號"
      }
    },
    {
      "type": "Feature",
      "geometry": {
        "type": "Point",
        "coordinates": [
          121.58575914133694,
          24.988459267504087
        ]
      },
      "properties": {
        "city": "臺北市",
        "district": "文山區",
        "category": "充電站",
        "name": "台北-7ELEVEN華興店",
        "address": "台北市文山區木柵路一段284號286號"
      }
    },
    {
      "type": "Feature",
      "geometry": {
        "type": "Point",
        "coordinates": [
          121.58780290135508,
          24.987276209579555
        ]
      },
      "properties": {
        "city": "臺北市",
        "district": "文山區",
        "category": "充電站",
        "name": "台北-7ELEVEN景興店",
        "address": "台北市文山區景興路113號115號"
      }
    },
    {
      "type": "Feature",
      "geometry": {
        "type": "Point",
        "coordinates": [
          121.57173887545163,
          24.980318997909738
        ]
      },
      "properties": {
        "city": "臺北市",
        "district": "文山區",
        "category": "充電站",
        "name": "台北-7ELEVEN萬福店",
        "address": "台北市文山區萬年里羅斯福路五段170巷33及35號"
      }
    },
    {
      "type": "Feature",
      "geometry": {
        "type": "Point",
        "coordinates": [
          121.57505977611896,
          24.995512127572518
        ]
      },
      "properties": {
        "city": "臺北市",
        "district": "文山區",
        "category": "充電站",
        "name": "台北-7ELEVEN羅斯福店",
        "address": "台北市文山區羅斯福路五段216號"
      }
    },
    {
      "type": "Feature",
      "geometry": {
        "type": "Point",
        "coordinates": [
          121.58537836518278,
          24.99600929112018
        ]
      },
      "properties": {
        "city": "臺北市",
        "district": "文山區",
        "category": "充電站",
        "name": "台北-7ELEVEN景捷店",
        "address": "台北市文山區景福街252號"
      }
    },
    {
      "type": "Feature",
      "geometry": {
        "type": "Point",
        "coordinates": [
          121.49518159948428,
          25.144386726387722
        ]
      },
      "properties": {
        "city": "臺北市",
        "district": "北投區",
        "category": "充電站",
        "name": "台北-草山車業",
        "address": "台北市北投區東陽街470號"
      }
    },
    {
      "type": "Feature",
      "geometry": {
        "type": "Point",
        "coordinates": [
          121.52628683164541,
          25.07408785899332
        ]
      },
      "properties": {
        "city": "臺北市",
        "district": "大同區",
        "category": "充電站",
        "name": "台北-玖宏車業",
        "address": "台北市大同區雙連街45號"
      }
    },
    {
      "type": "Feature",
      "geometry": {
        "type": "Point",
        "coordinates": [
          121.50949873453675,
          25.0355354742709
        ]
      },
      "properties": {
        "city": "臺北市",
        "district": "萬華區",
        "category": "充電站",
        "name": "台北-永盛機車行",
        "address": "台北市萬華區環河南路二段300號"
      }
    },
    {
      "type": "Feature",
      "geometry": {
        "type": "Point",
        "coordinates": [
          121.49257456739329,
          25.12116010370131
        ]
      },
      "properties": {
        "city": "臺北市",
        "district": "北投區",
        "category": "充電站",
        "name": "台北-先進國際車業",
        "address": "台北市北投區立賢路63號"
      }
    },
    {
      "type": "Feature",
      "geometry": {
        "type": "Point",
        "coordinates": [
          121.59097577517763,
          24.977428561977245
        ]
      },
      "properties": {
        "city": "臺北市",
        "district": "文山區",
        "category": "充電站",
        "name": "台北-炫超車業",
        "address": "台北市文山區興隆路四段23號"
      }
    },
    {
      "type": "Feature",
      "geometry": {
        "type": "Point",
        "coordinates": [
          121.51101717561554,
          25.04292717359476
        ]
      },
      "properties": {
        "city": "臺北市",
        "district": "萬華區",
        "category": "充電站",
        "name": "台北-永盛機車行二站",
        "address": "台北市萬華區環河南路二段300號"
      }
    },
    {
      "type": "Feature",
      "geometry": {
        "type": "Point",
        "coordinates": [
          121.60357086623726,
          25.068712714718245
        ]
      },
      "properties": {
        "city": "臺北市",
        "district": "內湖區",
        "category": "充電站",
        "name": "台北-蠻牛車業",
        "address": "台北市內湖區內湖路二段61號"
      }
    },
    {
      "type": "Feature",
      "geometry": {
        "type": "Point",
        "coordinates": [
          121.56530338864489,
          25.073283069803047
        ]
      },
      "properties": {
        "city": "臺北市",
        "district": "松山區",
        "category": "充電站",
        "name": "台北-雙欣車行",
        "address": "台北市松山區民生東路四段80巷13號"
      }
    },
    {
      "type": "Feature",
      "geometry": {
        "type": "Point",
        "coordinates": [
          121.48590520521405,
          25.141318251421005
        ]
      },
      "properties": {
        "city": "臺北市",
        "district": "北投區",
        "category": "充電站",
        "name": "台北-昕蕎髮藝",
        "address": "台北市北投區永興路一段31號"
      }
    },
    {
      "type": "Feature",
      "geometry": {
        "type": "Point",
        "coordinates": [
          121.5296894858675,
          25.104384274819324
        ]
      },
      "properties": {
        "city": "臺北市",
        "district": "士林區",
        "category": "充電站",
        "name": "台北-金輪機車行",
        "address": "台北市士林區中山北路六段405巷79號"
      }
    },
    {
      "type": "Feature",
      "geometry": {
        "type": "Point",
        "coordinates": [
          121.52866427979863,
          25.03316270162432
        ]
      },
      "properties": {
        "city": "臺北市",
        "district": "中正區",
        "category": "充電站",
        "name": "台北-尚興車業行",
        "address": "台北市中正區中華路二段173號"
      }
    },
    {
      "type": "Feature",
      "geometry": {
        "type": "Point",
        "coordinates": [
          121.4857513940234,
          25.130112753521086
        ]
      },
      "properties": {
        "city": "臺北市",
        "district": "北投區",
        "category": "充電站",
        "name": "台北-義成車行",
        "address": "台北市北投區中央南路一段225巷4號"
      }
    },
    {
      "type": "Feature",
      "geometry": {
        "type": "Point",
        "coordinates": [
          121.49889782571127,
          25.121953248896578
        ]
      },
      "properties": {
        "city": "臺北市",
        "district": "北投區",
        "category": "充電站",
        "name": "台北-福盛全有限公司",
        "address": "台北市北投區中央南路一段210號"
      }
    },
    {
      "type": "Feature",
      "geometry": {
        "type": "Point",
        "coordinates": [
          121.4899746139244,
          25.029159821138684
        ]
      },
      "properties": {
        "city": "臺北市",
        "district": "萬華區",
        "category": "充電站",
        "name": "台北-環南市場",
        "address": "台北市萬華區環河南路二段245號"
      }
    },
    {
      "type": "Feature",
      "geometry": {
        "type": "Point",
        "coordinates": [
          121.51877743552154,
          25.08818616683002
        ]
      },
      "properties": {
        "city": "臺北市",
        "district": "士林區",
        "category": "充電站",
        "name": "台北-士林永平街站",
        "address": "台北市士林區永平街39號"
      }
    },
    {
      "type": "Feature",
      "geometry": {
        "type": "Point",
        "coordinates": [
          121.54641744426121,
          25.048389767458147
        ]
      },
      "properties": {
        "city": "臺北市",
        "district": "松山區",
        "category": "充電站",
        "name": "台北-尚勇機車行",
        "address": "台北市松山區八德路四段332號"
      }
    },
    {
      "type": "Feature",
      "geometry": {
        "type": "Point",
        "coordinates": [
          121.50817031297821,
          25.12520134771252
        ]
      },
      "properties": {
        "city": "臺北市",
        "district": "北投區",
        "category": "充電站",
        "name": "台北-振昇機車行",
        "address": "台北市北投區中和街241號"
      }
    },
    {
      "type": "Feature",
      "geometry": {
        "type": "Point",
        "coordinates": [
          121.56573424692762,
          24.99480421101294
        ]
      },
      "properties": {
        "city": "臺北市",
        "district": "文山區",
        "category": "充電站",
        "name": "台北-愛眉山莊",
        "address": "台北市文山區辛亥路四段77巷92弄1號"
      }
    },
    {
      "type": "Feature",
      "geometry": {
        "type": "Point",
        "coordinates": [
          121.57072460447039,
          25.069523099485284
        ]
      },
      "properties": {
        "city": "臺北市",
        "district": "松山區",
        "category": "充電站",
        "name": "台北-日星車業行",
        "address": "台北市松山區八德路三段198號"
      }
    },
    {
      "type": "Feature",
      "geometry": {
        "type": "Point",
        "coordinates": [
          121.54782576512727,
          25.036672260266116
        ]
      },
      "properties": {
        "city": "臺北市",
        "district": "大安區",
        "category": "充電站",
        "name": "台北-台灣大學公館平面停車場",
        "address": "台北市大安區羅斯福路四段3號"
      }
    },
    {
      "type": "Feature",
      "geometry": {
        "type": "Point",
        "coordinates": [
          121.51019941340567,
          25.128540894462063
        ]
      },
      "properties": {
        "city": "臺北市",
        "district": "北投區",
        "category": "充電站",
        "name": "台北-祥光機車行",
        "address": "台北市北投區中央北路四段398號"
      }
    },
    {
      "type": "Feature",
      "geometry": {
        "type": "Point",
        "coordinates": [
          121.5186199146877,
          25.100636919591146
        ]
      },
      "properties": {
        "city": "臺北市",
        "district": "士林區",
        "category": "充電站",
        "name": "台北-茶咖商行",
        "address": "台北市士林區社中街133號"
      }
    },
    {
      "type": "Feature",
      "geometry": {
        "type": "Point",
        "coordinates": [
          121.51216344441595,
          25.020389317344634
        ]
      },
      "properties": {
        "city": "臺北市",
        "district": "中正區",
        "category": "充電站",
        "name": "台北-三之三車業",
        "address": "台北市中正區重慶南路三段56號"
      }
    },
    {
      "type": "Feature",
      "geometry": {
        "type": "Point",
        "coordinates": [
          121.5324630960196,
          25.08482606218016
        ]
      },
      "properties": {
        "city": "臺北市",
        "district": "士林區",
        "category": "充電站",
        "name": "台北-協展機車行",
        "address": "台北市士林區德行東路149號"
      }
    },
    {
      "type": "Feature",
      "geometry": {
        "type": "Point",
        "coordinates": [
          121.48524335520924,
          25.13857816032325
        ]
      },
      "properties": {
        "city": "臺北市",
        "district": "北投區",
        "category": "充電站",
        "name": "台北-上益車業行",
        "address": "台北市北投區文林北路94巷133號"
      }
    },
    {
      "type": "Feature",
      "geometry": {
        "type": "Point",
        "coordinates": [
          121.48795010512242,
          25.124943815753102
        ]
      },
      "properties": {
        "city": "臺北市",
        "district": "北投區",
        "category": "充電站",
        "name": "台北-力通機車行",
        "address": "台北市北投區公館路146號"
      }
    },
    {
      "type": "Feature",
      "geometry": {
        "type": "Point",
        "coordinates": [
          121.58541504438007,
          25.082382287934625
        ]
      },
      "properties": {
        "city": "臺北市",
        "district": "內湖區",
        "category": "充電站",
        "name": "台北-OK便利商店內湖金龍店",
        "address": "台北市內湖區內湖路三段60巷10弄1號"
      }
    },
    {
      "type": "Feature",
      "geometry": {
        "type": "Point",
        "coordinates": [
          121.56446169369448,
          25.02086084179674
        ]
      },
      "properties": {
        "city": "臺北市",
        "district": "信義區",
        "category": "充電站",
        "name": "台北-OK便利商店台北景聯店",
        "address": "台北市信義區吳興街110號"
      }
    },
    {
      "type": "Feature",
      "geometry": {
        "type": "Point",
        "coordinates": [
          121.48460325537876,
          25.0355160418119
        ]
      },
      "properties": {
        "city": "臺北市",
        "district": "萬華區",
        "category": "充電站",
        "name": "台北-OK便利商店萬大店",
        "address": "台北市萬華區萬大路423巷12號"
      }
    },
    {
      "type": "Feature",
      "geometry": {
        "type": "Point",
        "coordinates": [
          121.50663508800484,
          25.136508774788528
        ]
      },
      "properties": {
        "city": "臺北市",
        "district": "北投區",
        "category": "充電站",
        "name": "台北-OK便利商店北投吉利店",
        "address": "台北市北投區吉利街140號"
      }
    },
    {
      "type": "Feature",
      "geometry": {
        "type": "Point",
        "coordinates": [
          121.53948767594802,
          25.02154462713832
        ]
      },
      "properties": {
        "city": "臺北市",
        "district": "大安區",
        "category": "充電站",
        "name": "台北-車王二輪社",
        "address": "台北市大安區延吉街64之1號"
      }
    },
    {
      "type": "Feature",
      "geometry": {
        "type": "Point",
        "coordinates": [
          121.5136344057989,
          25.017858390724115
        ]
      },
      "properties": {
        "city": "臺北市",
        "district": "中正區",
        "category": "充電站",
        "name": "台北-隆發車業",
        "address": "台北市中正區重慶南路三段135號"
      }
    },
    {
      "type": "Feature",
      "geometry": {
        "type": "Point",
        "coordinates": [
          121.51206634967566,
          25.128315890274084
        ]
      },
      "properties": {
        "city": "臺北市",
        "district": "北投區",
        "category": "充電站",
        "name": "台北-金展機車行",
        "address": "台北市北投區自強街62號"
      }
    },
    {
      "type": "Feature",
      "geometry": {
        "type": "Point",
        "coordinates": [
          121.51046614720079,
          25.042366641023346
        ]
      },
      "properties": {
        "city": "臺北市",
        "district": "中正區",
        "category": "充電站",
        "name": "台北-弘安重車",
        "address": "台北市中正區汀洲路二段192號"
      }
    },
    {
      "type": "Feature",
      "geometry": {
        "type": "Point",
        "coordinates": [
          121.57082817284517,
          25.02945153337803
        ]
      },
      "properties": {
        "city": "臺北市",
        "district": "信義區",
        "category": "充電站",
        "name": "台北-大仁車業",
        "address": "台北市信義區松隆路80號"
      }
    },
    {
      "type": "Feature",
      "geometry": {
        "type": "Point",
        "coordinates": [
          121.57009239608168,
          25.042280433975836
        ]
      },
      "properties": {
        "city": "臺北市",
        "district": "信義區",
        "category": "充電站",
        "name": "台北-裕源車業行",
        "address": "台北市信義區永吉路27號"
      }
    },
    {
      "type": "Feature",
      "geometry": {
        "type": "Point",
        "coordinates": [
          121.54341796532592,
          25.055315067208404
        ]
      },
      "properties": {
        "city": "臺北市",
        "district": "中山區",
        "category": "充電站",
        "name": "台北-興羨車業",
        "address": "台北市中山區興安街65號"
      }
    },
    {
      "type": "Feature",
      "geometry": {
        "type": "Point",
        "coordinates": [
          121.55706730964171,
          25.014670882116246
        ]
      },
      "properties": {
        "city": "臺北市",
        "district": "大安區",
        "category": "充電站",
        "name": "台北-日立永大電梯股份有限公司",
        "address": "台北市大安區敦化南路二段63巷54弄6號"
      }
    },
    {
      "type": "Feature",
      "geometry": {
        "type": "Point",
        "coordinates": [
          121.51999655475284,
          25.06505783290582
        ]
      },
      "properties": {
        "city": "臺北市",
        "district": "中山區",
        "category": "充電站",
        "name": "台北-祐泰電能車業",
        "address": "台北市中山區德惠街202號"
      }
    },
    {
      "type": "Feature",
      "geometry": {
        "type": "Point",
        "coordinates": [
          121.52989863118826,
          25.059244666012777
        ]
      },
      "properties": {
        "city": "臺北市",
        "district": "中山區",
        "category": "充電站",
        "name": "台北-全益機車行",
        "address": "台北市中山區中山北路二段59巷34號"
      }
    },
    {
      "type": "Feature",
      "geometry": {
        "type": "Point",
        "coordinates": [
          121.51042943809612,
          25.09833738477718
        ]
      },
      "properties": {
        "city": "臺北市",
        "district": "士林區",
        "category": "充電站",
        "name": "台北-學生機車行",
        "address": "台北市士林區華岡路31之3號"
      }
    },
    {
      "type": "Feature",
      "geometry": {
        "type": "Point",
        "coordinates": [
          121.57189405243146,
          25.073756970709614
        ]
      },
      "properties": {
        "city": "臺北市",
        "district": "松山區",
        "category": "充電站",
        "name": "台北-國民車鋪",
        "address": "台北市松山區民權東路五段9號"
      }
    },
    {
      "type": "Feature",
      "geometry": {
        "type": "Point",
        "coordinates": [
          121.51893998329099,
          25.0619420947317
        ]
      },
      "properties": {
        "city": "臺北市",
        "district": "大同區",
        "category": "充電站",
        "name": "台北-大瑩車業行",
        "address": "台北市大同區承德路三段20號"
      }
    },
    {
      "type": "Feature",
      "geometry": {
        "type": "Point",
        "coordinates": [
          121.61893832210137,
          25.054492047723723
        ]
      },
      "properties": {
        "city": "臺北市",
        "district": "南港區",
        "category": "充電站",
        "name": "台北-南港高工",
        "address": "台北市南港區興中路29號"
      }
    },
    {
      "type": "Feature",
      "geometry": {
        "type": "Point",
        "coordinates": [
          121.55639200720081,
          25.05126409223317
        ]
      },
      "properties": {
        "city": "臺北市",
        "district": "松山區",
        "category": "充電站",
        "name": "台北-興鈺國際",
        "address": "台北市松山區健康路325巷36號"
      }
    },
    {
      "type": "Feature",
      "geometry": {
        "type": "Point",
        "coordinates": [
          121.53204358677435,
          25.075920809288593
        ]
      },
      "properties": {
        "city": "臺北市",
        "district": "士林區",
        "category": "充電站",
        "name": "台北-盛鑫電能有限公司",
        "address": "台北市士林區永平街35號"
      }
    },
    {
      "type": "Feature",
      "geometry": {
        "type": "Point",
        "coordinates": [
          121.51256103728053,
          25.118795263338594
        ]
      },
      "properties": {
        "city": "臺北市",
        "district": "北投區",
        "category": "充電站",
        "name": "台北-中油降2元站加油站",
        "address": "台北市北投區承德路六段359號"
      }
    },
    {
      "type": "Feature",
      "geometry": {
        "type": "Point",
        "coordinates": [
          121.54269128474031,
          25.016555025877558
        ]
      },
      "properties": {
        "city": "臺北市",
        "district": "大安區",
        "category": "充電站",
        "name": "中油信義路站",
        "address": "台北市大安區信義路四段374號"
      }
    },
    {
      "type": "Feature",
      "geometry": {
        "type": "Point",
        "coordinates": [
          121.53591133137874,
          25.052168932666046
        ]
      },
      "properties": {
        "city": "臺北市",
        "district": "中山區",
        "category": "充電站",
        "name": "中油新生北路站",
        "address": "台北市中山區新生北路二段71號"
      }
    },
    {
      "type": "Feature",
      "geometry": {
        "type": "Point",
        "coordinates": [
          121.57956661548555,
          25.072125425345195
        ]
      },
      "properties": {
        "city": "臺北市",
        "district": "內湖區",
        "category": "充電站",
        "name": "中油內湖麗山街站",
        "address": "台北市內湖區內湖路一段362號"
      }
    },
    {
      "type": "Feature",
      "geometry": {
        "type": "Point",
        "coordinates": [
          121.59593882000837,
          25.062550043854003
        ]
      },
      "properties": {
        "city": "臺北市",
        "district": "內湖區",
        "category": "充電站",
        "name": "中油西湖站",
        "address": "台北市內湖區內湖路一段59號"
      }
    },
    {
      "type": "Feature",
      "geometry": {
        "type": "Point",
        "coordinates": [
          121.5844121556933,
          25.080338287265448
        ]
      },
      "properties": {
        "city": "臺北市",
        "district": "內湖區",
        "category": "充電站",
        "name": "中油東湖站",
        "address": "台北市內湖區康寧路三段225號"
      }
    },
    {
      "type": "Feature",
      "geometry": {
        "type": "Point",
        "coordinates": [
          121.58006764285362,
          25.06502974030142
        ]
      },
      "properties": {
        "city": "臺北市",
        "district": "內湖區",
        "category": "充電站",
        "name": "中油康寧加油站",
        "address": "台北市內湖區康寧路三段30號"
      }
    },
    {
      "type": "Feature",
      "geometry": {
        "type": "Point",
        "coordinates": [
          121.56977411804594,
          24.99761560939807
        ]
      },
      "properties": {
        "city": "臺北市",
        "district": "文山區",
        "category": "充電站",
        "name": "中油萬隆站",
        "address": "台北市文山區興隆路一段13號"
      }
    },
    {
      "type": "Feature",
      "geometry": {
        "type": "Point",
        "coordinates": [
          121.48935106399573,
          25.122770695711612
        ]
      },
      "properties": {
        "city": "臺北市",
        "district": "北投區",
        "category": "充電站",
        "name": "中油北投加油站",
        "address": "台北市北投區承德路七段384號"
      }
    },
    {
      "type": "Feature",
      "geometry": {
        "type": "Point",
        "coordinates": [
          121.54659889545002,
          25.059325447603154
        ]
      },
      "properties": {
        "city": "臺北市",
        "district": "松山區",
        "category": "充電站",
        "name": "中油民生東路站",
        "address": "台北市松山區三民路126號"
      }
    },
    {
      "type": "Feature",
      "geometry": {
        "type": "Point",
        "coordinates": [
          121.55362757318174,
          25.0626052866282
        ]
      },
      "properties": {
        "city": "臺北市",
        "district": "松山區",
        "category": "充電站",
        "name": "中油復興北路加油站",
        "address": "台北市松山區復興北路31號"
      }
    },
    {
      "type": "Feature",
      "geometry": {
        "type": "Point",
        "coordinates": [
          121.52604817282042,
          25.07264443352885
        ]
      },
      "properties": {
        "city": "臺北市",
        "district": "中山區",
        "category": "充電站",
        "name": "中油中崙站",
        "address": "台北市中山區八德路二段214號"
      }
    },
    {
      "type": "Feature",
      "geometry": {
        "type": "Point",
        "coordinates": [
          121.53337782298776,
          25.092035457837156
        ]
      },
      "properties": {
        "city": "臺北市",
        "district": "士林區",
        "category": "充電站",
        "name": "中油福林站",
        "address": "台北市士林區中山北路五段465號"
      }
    },
    {
      "type": "Feature",
      "geometry": {
        "type": "Point",
        "coordinates": [
          121.58261621139931,
          25.06200864076035
        ]
      },
      "properties": {
        "city": "臺北市",
        "district": "內湖區",
        "category": "充電站",
        "name": "中油內湖站",
        "address": "台北市內湖區民權東路六段50號"
      }
    },
    {
      "type": "Feature",
      "geometry": {
        "type": "Point",
        "coordinates": [
          121.53052851955702,
          25.014942338451636
        ]
      },
      "properties": {
        "city": "臺北市",
        "district": "大安區",
        "category": "充電站",
        "name": "中油新生南路站",
        "address": "台北市大安區仁愛路三段1號"
      }
    },
    {
      "type": "Feature",
      "geometry": {
        "type": "Point",
        "coordinates": [
          121.61947712336395,
          25.053854024653855
        ]
      },
      "properties": {
        "city": "臺北市",
        "district": "南港區",
        "category": "充電站",
        "name": "中油南港站",
        "address": "台北市南港區南港路二段50號"
      }
    },
    {
      "type": "Feature",
      "geometry": {
        "type": "Point",
        "coordinates": [
          121.50715807430149,
          25.04332934040242
        ]
      },
      "properties": {
        "city": "臺北市",
        "district": "中正區",
        "category": "充電站",
        "name": "中油汀州路站",
        "address": "台北市中正區汀州路三段1號"
      }
    },
    {
      "type": "Feature",
      "geometry": {
        "type": "Point",
        "coordinates": [
          121.55261765243351,
          25.028513714058395
        ]
      },
      "properties": {
        "city": "臺北市",
        "district": "大安區",
        "category": "充電站",
        "name": "中油富陽街站",
        "address": "台北市大安區富陽街129號"
      }
    },
    {
      "type": "Feature",
      "geometry": {
        "type": "Point",
        "coordinates": [
          121.52334673990936,
          25.026144407204157
        ]
      },
      "properties": {
        "city": "臺北市",
        "district": "中正區",
        "category": "充電站",
        "name": "中油林森北路站",
        "address": "台北市中正區林森北路11號"
      }
    },
    {
      "type": "Feature",
      "geometry": {
        "type": "Point",
        "coordinates": [
          121.36871874268796,
          24.92499042786636
        ]
      },
      "properties": {
        "city": "新北市",
        "district": "三峽區",
        "category": "充電站",
        "name": "巴黎花都社區",
        "address": "新北市三峽區學成路265號"
      }
    },
    {
      "type": "Feature",
      "geometry": {
        "type": "Point",
        "coordinates": [
          121.48450421022243,
          25.07009797707092
        ]
      },
      "properties": {
        "city": "新北市",
        "district": "蘆洲區",
        "category": "充電站",
        "name": "知森堂社區",
        "address": "新北市蘆洲區光榮路120巷8弄33號"
      }
    },
    {
      "type": "Feature",
      "geometry": {
        "type": "Point",
        "coordinates": [
          121.438812526572,
          25.03804588358517
        ]
      },
      "properties": {
        "city": "新北市",
        "district": "新莊區",
        "category": "充電站",
        "name": "都市特區",
        "address": "新北市新莊區中平路270號7弄12號8樓"
      }
    },
    {
      "type": "Feature",
      "geometry": {
        "type": "Point",
        "coordinates": [
          121.44358926357144,
          25.050680127015923
        ]
      },
      "properties": {
        "city": "新北市",
        "district": "新莊區",
        "category": "充電站",
        "name": "歐洲之星社區",
        "address": "新北市新莊區中原路193-203號"
      }
    },
    {
      "type": "Feature",
      "geometry": {
        "type": "Point",
        "coordinates": [
          121.44416754750009,
          25.045706358959688
        ]
      },
      "properties": {
        "city": "新北市",
        "district": "新莊區",
        "category": "充電站",
        "name": "峰景鳳翔社區管理委員會",
        "address": "新北市新莊區中正路７０６號１樓"
      }
    },
    {
      "type": "Feature",
      "geometry": {
        "type": "Point",
        "coordinates": [
          121.41608693495841,
          25.005667191376958
        ]
      },
      "properties": {
        "city": "新北市",
        "district": "樹林區",
        "category": "充電站",
        "name": "愛在歐洲社區",
        "address": "新北市樹林區大成路20-1號"
      }
    },
    {
      "type": "Feature",
      "geometry": {
        "type": "Point",
        "coordinates": [
          121.5071992584226,
          25.008445157892147
        ]
      },
      "properties": {
        "city": "新北市",
        "district": "中和區",
        "category": "充電站",
        "name": "泰和園",
        "address": "新北市中和區泰和街1號"
      }
    },
    {
      "type": "Feature",
      "geometry": {
        "type": "Point",
        "coordinates": [
          121.42605040358359,
          24.995717452162747
        ]
      },
      "properties": {
        "city": "新北市",
        "district": "樹林區",
        "category": "充電站",
        "name": "遠雄紫京城社區",
        "address": "新北市樹林區學勤路500號"
      }
    },
    {
      "type": "Feature",
      "geometry": {
        "type": "Point",
        "coordinates": [
          121.44827755548062,
          25.09099829676335
        ]
      },
      "properties": {
        "city": "新北市",
        "district": "五股區",
        "category": "充電站",
        "name": "五股區公所",
        "address": "新北市五股區中興路四段50號"
      }
    },
    {
      "type": "Feature",
      "geometry": {
        "type": "Point",
        "coordinates": [
          121.49044146399812,
          25.046336852802785
        ]
      },
      "properties": {
        "city": "新北市",
        "district": "石門區",
        "category": "充電站",
        "name": "石門區公所",
        "address": "新北市石門區中山路66號(石門區公所)"
      }
    },
    {
      "type": "Feature",
      "geometry": {
        "type": "Point",
        "coordinates": [
          121.50097912623706,
          25.052830434202367
        ]
      },
      "properties": {
        "city": "新北市",
        "district": "貢寮區",
        "category": "充電站",
        "name": "貢寮區公所",
        "address": "新北市貢寮區朝陽街54號"
      }
    },
    {
      "type": "Feature",
      "geometry": {
        "type": "Point",
        "coordinates": [
          121.4346806966997,
          25.041008996844056
        ]
      },
      "properties": {
        "city": "新北市",
        "district": "新莊區",
        "category": "充電站",
        "name": "新莊區公所",
        "address": "新北市新莊區中正路176號"
      }
    },
    {
      "type": "Feature",
      "geometry": {
        "type": "Point",
        "coordinates": [
          121.50075249030243,
          25.057181849381926
        ]
      },
      "properties": {
        "city": "新北市",
        "district": "萬里區",
        "category": "充電站",
        "name": "萬里區公所",
        "address": "新北市萬里區瑪鋉路123號"
      }
    },
    {
      "type": "Feature",
      "geometry": {
        "type": "Point",
        "coordinates": [
          121.48500083226442,
          25.013168213419085
        ]
      },
      "properties": {
        "city": "新北市",
        "district": "中和區",
        "category": "充電站",
        "name": "中和區公所",
        "address": "新北市中和區景平路634之2號"
      }
    },
    {
      "type": "Feature",
      "geometry": {
        "type": "Point",
        "coordinates": [
          121.54783590007818,
          24.970073375519792
        ]
      },
      "properties": {
        "city": "新北市",
        "district": "新店區",
        "category": "充電站",
        "name": "新店區公所",
        "address": "新北市新店區北新路一段80號"
      }
    },
    {
      "type": "Feature",
      "geometry": {
        "type": "Point",
        "coordinates": [
          121.46764598799813,
          25.024876364140333
        ]
      },
      "properties": {
        "city": "新北市",
        "district": "板橋區",
        "category": "充電站",
        "name": "板橋區公所",
        "address": "新北市板橋區府中路30號"
      }
    },
    {
      "type": "Feature",
      "geometry": {
        "type": "Point",
        "coordinates": [
          121.80617459141355,
          25.104725683194374
        ]
      },
      "properties": {
        "city": "新北市",
        "district": "瑞芳區",
        "category": "充電站",
        "name": "瑞芳區公所",
        "address": "新北市瑞芳區逢甲路82號"
      }
    },
    {
      "type": "Feature",
      "geometry": {
        "type": "Point",
        "coordinates": [
          121.43730483688053,
          24.97900793775592
        ]
      },
      "properties": {
        "city": "新北市",
        "district": "樹林區",
        "category": "充電站",
        "name": "樹林區公所",
        "address": "新北市樹林區鎮前街93號"
      }
    },
    {
      "type": "Feature",
      "geometry": {
        "type": "Point",
        "coordinates": [
          121.37496155388313,
          24.940750495159378
        ]
      },
      "properties": {
        "city": "新北市",
        "district": "三峽區",
        "category": "充電站",
        "name": "三峽區公所",
        "address": "新北市三峽區中山路17號"
      }
    },
    {
      "type": "Feature",
      "geometry": {
        "type": "Point",
        "coordinates": [
          121.52807039260223,
          24.998922418198333
        ]
      },
      "properties": {
        "city": "新北市",
        "district": "永和區",
        "category": "充電站",
        "name": "永和區公所",
        "address": "新北市永和區竹林路200號"
      }
    },
    {
      "type": "Feature",
      "geometry": {
        "type": "Point",
        "coordinates": [
          121.65764018706251,
          25.079327198153823
        ]
      },
      "properties": {
        "city": "新北市",
        "district": "汐止區",
        "category": "充電站",
        "name": "汐止區公所",
        "address": "新北市汐止區新台五路1段268號"
      }
    },
    {
      "type": "Feature",
      "geometry": {
        "type": "Point",
        "coordinates": [
          121.48639676767405,
          25.038219988489345
        ]
      },
      "properties": {
        "city": "新北市",
        "district": "深坑區",
        "category": "充電站",
        "name": "深坑區公所",
        "address": "新北市深坑區深坑街10號"
      }
    },
    {
      "type": "Feature",
      "geometry": {
        "type": "Point",
        "coordinates": [
          121.40091537998822,
          25.144613087004732
        ]
      },
      "properties": {
        "city": "新北市",
        "district": "八里區",
        "category": "充電站",
        "name": "八里區公所",
        "address": "新北市八里區中山路2段356巷16號"
      }
    },
    {
      "type": "Feature",
      "geometry": {
        "type": "Point",
        "coordinates": [
          121.39823152758142,
          25.08913670928913
        ]
      },
      "properties": {
        "city": "新北市",
        "district": "林口區",
        "category": "充電站",
        "name": "林口區公所",
        "address": "新北市林口區仁愛路1段378號"
      }
    },
    {
      "type": "Feature",
      "geometry": {
        "type": "Point",
        "coordinates": [
          121.42084879824613,
          25.06487190896801
        ]
      },
      "properties": {
        "city": "新北市",
        "district": "泰山區",
        "category": "充電站",
        "name": "泰山區公所",
        "address": "新北市泰山區明志路1段322號"
      }
    },
    {
      "type": "Feature",
      "geometry": {
        "type": "Point",
        "coordinates": [
          121.36634186620275,
          24.950918453070948
        ]
      },
      "properties": {
        "city": "新北市",
        "district": "鶯歌區",
        "category": "充電站",
        "name": "鶯歌區公所",
        "address": "新北市鶯歌區仁愛路55號"
      }
    },
    {
      "type": "Feature",
      "geometry": {
        "type": "Point",
        "coordinates": [
          121.51226984012345,
          25.044601161528767
        ]
      },
      "properties": {
        "city": "新北市",
        "district": "金山區",
        "category": "充電站",
        "name": "金山區公所",
        "address": "新北市金山區金美里中正路11號"
      }
    },
    {
      "type": "Feature",
      "geometry": {
        "type": "Point",
        "coordinates": [
          121.50170372140974,
          25.041038415413606
        ]
      },
      "properties": {
        "city": "新北市",
        "district": "石碇區",
        "category": "充電站",
        "name": "石碇區公所",
        "address": "新北市石碇區石崁路25號"
      }
    },
    {
      "type": "Feature",
      "geometry": {
        "type": "Point",
        "coordinates": [
          121.4385498248729,
          25.02853844502943
        ]
      },
      "properties": {
        "city": "新北市",
        "district": "新莊區",
        "category": "充電站",
        "name": "新莊地政事務所",
        "address": "新北市新莊區中華路一段3號"
      }
    },
    {
      "type": "Feature",
      "geometry": {
        "type": "Point",
        "coordinates": [
          121.36623110831908,
          24.943202150381207
        ]
      },
      "properties": {
        "city": "新北市",
        "district": "三峽區",
        "category": "充電站",
        "name": "三峽區清潔隊",
        "address": "新北市三峽區隆恩街243號"
      }
    },
    {
      "type": "Feature",
      "geometry": {
        "type": "Point",
        "coordinates": [
          121.49954725650836,
          25.039084311506166
        ]
      },
      "properties": {
        "city": "新北市",
        "district": "",
        "category": "充電站",
        "name": "充電站",
        "address": ""
      }
    },
    {
      "type": "Feature",
      "geometry": {
        "type": "Point",
        "coordinates": [
          121.50587380585658,
          25.04867826998085
        ]
      },
      "properties": {
        "city": "新北市",
        "district": "",
        "category": "充電站",
        "name": "充電站",
        "address": ""
      }
    },
    {
      "type": "Feature",
      "geometry": {
        "type": "Point",
        "coordinates": [
          121.50665509644129,
          25.057376828710808
        ]
      },
      "properties": {
        "city": "新北市",
        "district": "",
        "category": "充電站",
        "name": "充電站",
        "address": ""
      }
    },
    {
      "type": "Feature",
      "geometry": {
        "type": "Point",
        "coordinates": [
          121.5024458298467,
          25.05299833684842
        ]
      },
      "properties": {
        "city": "新北市",
        "district": "",
        "category": "充電站",
        "name": "充電站",
        "address": ""
      }
    },
    {
      "type": "Feature",
      "geometry": {
        "type": "Point",
        "coordinates": [
          121.49309459743793,
          25.055832972587023
        ]
      },
      "properties": {
        "city": "新北市",
        "district": "",
        "category": "充電站",
        "name": "充電站",
        "address": ""
      }
    },
    {
      "type": "Feature",
      "geometry": {
        "type": "Point",
        "coordinates": [
          121.48583251492859,
          25.057092424433872
        ]
      },
      "properties": {
        "city": "新北市",
        "district": "",
        "category": "充電站",
        "name": "充電站",
        "address": ""
      }
    },
    {
      "type": "Feature",
      "geometry": {
        "type": "Point",
        "coordinates": [
          121.49317915583897,
          25.05887075087066
        ]
      },
      "properties": {
        "city": "新北市",
        "district": "",
        "category": "充電站",
        "name": "充電站",
        "address": ""
      }
    },
    {
      "type": "Feature",
      "geometry": {
        "type": "Point",
        "coordinates": [
          121.50237498757573,
          25.03683526171604
        ]
      },
      "properties": {
        "city": "新北市",
        "district": "",
        "category": "充電站",
        "name": "充電站",
        "address": ""
      }
    },
    {
      "type": "Feature",
      "geometry": {
        "type": "Point",
        "coordinates": [
          121.51474680021371,
          25.056196958221072
        ]
      },
      "properties": {
        "city": "新北市",
        "district": "",
        "category": "充電站",
        "name": "充電站",
        "address": ""
      }
    },
    {
      "type": "Feature",
      "geometry": {
        "type": "Point",
        "coordinates": [
          121.5140715156287,
          25.063542813729114
        ]
      },
      "properties": {
        "city": "新北市",
        "district": "",
        "category": "充電站",
        "name": "充電站",
        "address": ""
      }
    },
    {
      "type": "Feature",
      "geometry": {
        "type": "Point",
        "coordinates": [
          121.50850949564057,
          25.040475916845267
        ]
      },
      "properties": {
        "city": "新北市",
        "district": "",
        "category": "充電站",
        "name": "充電站",
        "address": ""
      }
    },
    {
      "type": "Feature",
      "geometry": {
        "type": "Point",
        "coordinates": [
          121.51315325521377,
          25.036001975591493
        ]
      },
      "properties": {
        "city": "新北市",
        "district": "",
        "category": "充電站",
        "name": "充電站",
        "address": ""
      }
    },
    {
      "type": "Feature",
      "geometry": {
        "type": "Point",
        "coordinates": [
          121.51063405009286,
          25.05781185634163
        ]
      },
      "properties": {
        "city": "新北市",
        "district": "",
        "category": "充電站",
        "name": "充電站",
        "address": ""
      }
    },
    {
      "type": "Feature",
      "geometry": {
        "type": "Point",
        "coordinates": [
          121.5053459847051,
          25.041943883274953
        ]
      },
      "properties": {
        "city": "新北市",
        "district": "",
        "category": "充電站",
        "name": "充電站",
        "address": ""
      }
    },
    {
      "type": "Feature",
      "geometry": {
        "type": "Point",
        "coordinates": [
          121.5142933437185,
          25.057686296632923
        ]
      },
      "properties": {
        "city": "新北市",
        "district": "",
        "category": "充電站",
        "name": "充電站",
        "address": ""
      }
    },
    {
      "type": "Feature",
      "geometry": {
        "type": "Point",
        "coordinates": [
          121.49353246944479,
          25.06257263531875
        ]
      },
      "properties": {
        "city": "新北市",
        "district": "",
        "category": "充電站",
        "name": "充電站",
        "address": ""
      }
    },
    {
      "type": "Feature",
      "geometry": {
        "type": "Point",
        "coordinates": [
          121.50474396951918,
          25.050387623304605
        ]
      },
      "properties": {
        "city": "新北市",
        "district": "",
        "category": "充電站",
        "name": "充電站",
        "address": ""
      }
    },
    {
      "type": "Feature",
      "geometry": {
        "type": "Point",
        "coordinates": [
          121.49823654002459,
          25.062247200465826
        ]
      },
      "properties": {
        "city": "新北市",
        "district": "",
        "category": "充電站",
        "name": "充電站",
        "address": ""
      }
    },
    {
      "type": "Feature",
      "geometry": {
        "type": "Point",
        "coordinates": [
          121.5097979800242,
          25.03726021957654
        ]
      },
      "properties": {
        "city": "新北市",
        "district": "",
        "category": "充電站",
        "name": "充電站",
        "address": ""
      }
    },
    {
      "type": "Feature",
      "geometry": {
        "type": "Point",
        "coordinates": [
          121.50191054170541,
          25.058807048198748
        ]
      },
      "properties": {
        "city": "新北市",
        "district": "",
        "category": "充電站",
        "name": "充電站",
        "address": ""
      }
    },
    {
      "type": "Feature",
      "geometry": {
        "type": "Point",
        "coordinates": [
          121.49678650456326,
          25.0378154450378
        ]
      },
      "properties": {
        "city": "新北市",
        "district": "",
        "category": "充電站",
        "name": "充電站",
        "address": ""
      }
    },
    {
      "type": "Feature",
      "geometry": {
        "type": "Point",
        "coordinates": [
          121.49323962367951,
          25.04154621706093
        ]
      },
      "properties": {
        "city": "新北市",
        "district": "",
        "category": "充電站",
        "name": "充電站",
        "address": ""
      }
    },
    {
      "type": "Feature",
      "geometry": {
        "type": "Point",
        "coordinates": [
          121.49604339698877,
          25.03805804744112
        ]
      },
      "properties": {
        "city": "新北市",
        "district": "",
        "category": "充電站",
        "name": "充電站",
        "address": ""
      }
    },
    {
      "type": "Feature",
      "geometry": {
        "type": "Point",
        "coordinates": [
          121.49729877109661,
          25.05584327197877
        ]
      },
      "properties": {
        "city": "新北市",
        "district": "",
        "category": "充電站",
        "name": "充電站",
        "address": ""
      }
    },
    {
      "type": "Feature",
      "geometry": {
        "type": "Point",
        "coordinates": [
          121.51153287498308,
          25.0356679503491
        ]
      },
      "properties": {
        "city": "新北市",
        "district": "",
        "category": "充電站",
        "name": "充電站",
        "address": ""
      }
    },
    {
      "type": "Feature",
      "geometry": {
        "type": "Point",
        "coordinates": [
          121.49525676417525,
          25.049346333476553
        ]
      },
      "properties": {
        "city": "新北市",
        "district": "",
        "category": "充電站",
        "name": "充電站",
        "address": ""
      }
    },
    {
      "type": "Feature",
      "geometry": {
        "type": "Point",
        "coordinates": [
          121.5004765783031,
          25.047940766711545
        ]
      },
      "properties": {
        "city": "新北市",
        "district": "",
        "category": "充電站",
        "name": "充電站",
        "address": ""
      }
    },
    {
      "type": "Feature",
      "geometry": {
        "type": "Point",
        "coordinates": [
          121.51146364716448,
          25.05131178252229
        ]
      },
      "properties": {
        "city": "新北市",
        "district": "",
        "category": "充電站",
        "name": "充電站",
        "address": ""
      }
    },
    {
      "type": "Feature",
      "geometry": {
        "type": "Point",
        "coordinates": [
          121.5071754141842,
          25.04558274116579
        ]
      },
      "properties": {
        "city": "新北市",
        "district": "",
        "category": "充電站",
        "name": "充電站",
        "address": ""
      }
    },
    {
      "type": "Feature",
      "geometry": {
        "type": "Point",
        "coordinates": [
          121.5126091599992,
          25.041043466663528
        ]
      },
      "properties": {
        "city": "新北市",
        "district": "",
        "category": "充電站",
        "name": "充電站",
        "address": ""
      }
    }
  ]
}