{
  "type": "FeatureCollection",
  "features": [
    {
      "type": "Feature",
      "geometry": {
        "type": "Point",
        "coordinates": [
          121.5236985772165,
          25.088201692412255
        ]
      },
      "properties": {
        "city": "臺北市",
        "district": "士林區",
        "category": "綠色商店",
        "name": "7-11OPEN門市",
        "address": "111台北市士林區基河路128號"
      }
    },
    {
      "type": "Feature",
      "geometry": {
        "type": "Point",
        "coordinates": [
          121.5098723261684,
          25.125047242687593
        ]
      },
      "properties": {
        "city": "臺北市",
        "district": "北投區",
        "category": "綠色商店",
        "name": "7-11一德門市",
        "address": "112台北市北投區中央北路4段513號"
      }
    },
    {
      "type": "Feature",
      "geometry": {
        "type": "Point",
        "coordinates": [
          121.5142858279386,
          25.06023986406312
        ]
      },
      "properties": {
        "city": "臺北市",
        "district": "大同區",
        "category": "綠色商店",
        "name": "7-11三德門市",
        "address": "103台北市大同區承德路3段53號"
      }
    },
    {
      "type": "Feature",
      "geometry": {
        "type": "Point",
        "coordinates": [
          121.51940620552472,
          25.076838856630566
        ]
      },
      "properties": {
        "city": "臺北市",
        "district": "士林區",
        "category": "綠色商店",
        "name": "7-11三樂門市",
        "address": "111台北市士林區劍潭路15號"
      }
    },
    {
      "type": "Feature",
      "geometry": {
        "type": "Point",
        "coordinates": [
          121.57023493794136,
          25.033416870019916
        ]
      },
      "properties": {
        "city": "臺北市",
        "district": "信義區",
        "category": "綠色商店",
        "name": "7-11三興門市",
        "address": "110台北市信義區吳興街156巷16弄1號"
      }
    },
    {
      "type": "Feature",
      "geometry": {
        "type": "Point",
        "coordinates": [
          121.54639919010788,
          25.063464519660624
        ]
      },
      "properties": {
        "city": "臺北市",
        "district": "松山區",
        "category": "綠色商店",
        "name": "7-11上弘門市",
        "address": "105台北市松山區敦化北路168號B2"
      }
    },
    {
      "type": "Feature",
      "geometry": {
        "type": "Point",
        "coordinates": [
          121.51732350127014,
          25.0295365726446
        ]
      },
      "properties": {
        "city": "臺北市",
        "district": "中正區",
        "category": "綠色商店",
        "name": "7-11千成門市",
        "address": "100台北市中正區林森南路4號之3"
      }
    },
    {
      "type": "Feature",
      "geometry": {
        "type": "Point",
        "coordinates": [
          121.51750905596178,
          25.022485698043834
        ]
      },
      "properties": {
        "city": "臺北市",
        "district": "中正區",
        "category": "綠色商店",
        "name": "7-11千翔門市",
        "address": "100台北市中正區公園路18號"
      }
    },
    {
      "type": "Feature",
      "geometry": {
        "type": "Point",
        "coordinates": [
          121.53877998124999,
          25.083735960245928
        ]
      },
      "properties": {
        "city": "臺北市",
        "district": "士林區",
        "category": "綠色商店",
        "name": "7-11士東門市",
        "address": "111台北市士林區士東路48號"
      }
    },
    {
      "type": "Feature",
      "geometry": {
        "type": "Point",
        "coordinates": [
          121.5297021583611,
          25.08989682498776
        ]
      },
      "properties": {
        "city": "臺北市",
        "district": "士林區",
        "category": "綠色商店",
        "name": "7-11士陽門市",
        "address": "111台北市士林區中正路503號"
      }
    },
    {
      "type": "Feature",
      "geometry": {
        "type": "Point",
        "coordinates": [
          121.52850660778634,
          25.086622190808953
        ]
      },
      "properties": {
        "city": "臺北市",
        "district": "士林區",
        "category": "綠色商店",
        "name": "7-11士鑽門市",
        "address": "111台北市士林區文林路102號B1"
      }
    },
    {
      "type": "Feature",
      "geometry": {
        "type": "Point",
        "coordinates": [
          121.49827406199387,
          25.131467395881185
        ]
      },
      "properties": {
        "city": "臺北市",
        "district": "北投區",
        "category": "綠色商店",
        "name": "7-11大中門市",
        "address": "112台北市北投區中央南路一段114號"
      }
    },
    {
      "type": "Feature",
      "geometry": {
        "type": "Point",
        "coordinates": [
          121.55613384773785,
          25.024692948159
        ]
      },
      "properties": {
        "city": "臺北市",
        "district": "大安區",
        "category": "綠色商店",
        "name": "7-11大台門市",
        "address": "106台北市大安區新生南路3段94巷3號"
      }
    },
    {
      "type": "Feature",
      "geometry": {
        "type": "Point",
        "coordinates": [
          121.52425413935516,
          25.028086287890073
        ]
      },
      "properties": {
        "city": "臺北市",
        "district": "中正區",
        "category": "綠色商店",
        "name": "7-11大永博門市",
        "address": "100台北市中正區博愛路97號1樓"
      }
    },
    {
      "type": "Feature",
      "geometry": {
        "type": "Point",
        "coordinates": [
          121.52281739892119,
          25.070606408777152
        ]
      },
      "properties": {
        "city": "臺北市",
        "district": "中山區",
        "category": "綠色商店",
        "name": "7-11大吉門市",
        "address": "104台北市中山區吉林路101號"
      }
    },
    {
      "type": "Feature",
      "geometry": {
        "type": "Point",
        "coordinates": [
          121.55382036887472,
          25.023235247041555
        ]
      },
      "properties": {
        "city": "臺北市",
        "district": "大安區",
        "category": "綠色商店",
        "name": "7-11大安門市",
        "address": "106台北市大安區忠孝東路四段77號(捷運地下街5號店鋪)"
      }
    },
    {
      "type": "Feature",
      "geometry": {
        "type": "Point",
        "coordinates": [
          121.56746097666719,
          25.060626065726993
        ]
      },
      "properties": {
        "city": "臺北市",
        "district": "松山區",
        "category": "綠色商店",
        "name": "7-11大昇門市",
        "address": "105台北市松山區南京東路5段104號"
      }
    },
    {
      "type": "Feature",
      "geometry": {
        "type": "Point",
        "coordinates": [
          121.54755848266446,
          25.020485030066936
        ]
      },
      "properties": {
        "city": "臺北市",
        "district": "大安區",
        "category": "綠色商店",
        "name": "7-11大信門市",
        "address": "106台北市大安區信義路三段33號"
      }
    },
    {
      "type": "Feature",
      "geometry": {
        "type": "Point",
        "coordinates": [
          121.49621142025684,
          25.036778433707973
        ]
      },
      "properties": {
        "city": "臺北市",
        "district": "萬華區",
        "category": "綠色商店",
        "name": "7-11大埔門市",
        "address": "108台北市萬華區中華路2段34號"
      }
    },
    {
      "type": "Feature",
      "geometry": {
        "type": "Point",
        "coordinates": [
          121.58557815329448,
          25.083926749338666
        ]
      },
      "properties": {
        "city": "臺北市",
        "district": "內湖區",
        "category": "綠色商店",
        "name": "7-11大眾門市",
        "address": "114台北市內湖區陽光街298號"
      }
    },
    {
      "type": "Feature",
      "geometry": {
        "type": "Point",
        "coordinates": [
          121.55235876122568,
          25.025826042009033
        ]
      },
      "properties": {
        "city": "臺北市",
        "district": "大安區",
        "category": "綠色商店",
        "name": "7-11大敦門市",
        "address": "106台北市大安區敦化南路2段63巷24號"
      }
    },
    {
      "type": "Feature",
      "geometry": {
        "type": "Point",
        "coordinates": [
          121.50836773925683,
          25.02279276878654
        ]
      },
      "properties": {
        "city": "臺北市",
        "district": "萬華區",
        "category": "綠色商店",
        "name": "7-11大華門市",
        "address": "108台北市萬華區萬大路495.497號"
      }
    },
    {
      "type": "Feature",
      "geometry": {
        "type": "Point",
        "coordinates": [
          121.53513611878945,
          25.090413292194242
        ]
      },
      "properties": {
        "city": "臺北市",
        "district": "士林區",
        "category": "綠色商店",
        "name": "7-11大葉門市",
        "address": "111台北市士林區德行東路109巷81號"
      }
    },
    {
      "type": "Feature",
      "geometry": {
        "type": "Point",
        "coordinates": [
          121.54249553704408,
          25.061425008734446
        ]
      },
      "properties": {
        "city": "臺北市",
        "district": "中山區",
        "category": "綠色商店",
        "name": "7-11大運門市",
        "address": "105台北市中山區大直街11號"
      }
    },
    {
      "type": "Feature",
      "geometry": {
        "type": "Point",
        "coordinates": [
          121.57700710720081,
          25.067573988195296
        ]
      },
      "properties": {
        "city": "臺北市",
        "district": "內湖區",
        "category": "綠色商店",
        "name": "7-11大潤發門市",
        "address": "114台北市內湖區舊宗路128號"
      }
    },
    {
      "type": "Feature",
      "geometry": {
        "type": "Point",
        "coordinates": [
          121.51410150998879,
          25.07109248232835
        ]
      },
      "properties": {
        "city": "臺北市",
        "district": "大同區",
        "category": "綠色商店",
        "name": "7-11大龍門市",
        "address": "103台北市大同區昌吉街72.74.76號"
      }
    },
    {
      "type": "Feature",
      "geometry": {
        "type": "Point",
        "coordinates": [
          121.54342702515788,
          25.047340608434883
        ]
      },
      "properties": {
        "city": "臺北市",
        "district": "松山區",
        "category": "綠色商店",
        "name": "7-11小巨蛋門市",
        "address": "105台北市松山區南京東路4段2號1樓第10櫃位"
      }
    },
    {
      "type": "Feature",
      "geometry": {
        "type": "Point",
        "coordinates": [
          121.53959482040347,
          25.02627867286863
        ]
      },
      "properties": {
        "city": "臺北市",
        "district": "大安區",
        "category": "綠色商店",
        "name": "7-11小福樓門市",
        "address": "106台北市大安區羅斯福路4段1號2樓(台灣大學小福樓)"
      }
    },
    {
      "type": "Feature",
      "geometry": {
        "type": "Point",
        "coordinates": [
          121.59234153660798,
          25.051571150511183
        ]
      },
      "properties": {
        "city": "臺北市",
        "district": "南港區",
        "category": "綠色商店",
        "name": "7-11中坡門市",
        "address": "115台北市南港區中坡南路15號"
      }
    },
    {
      "type": "Feature",
      "geometry": {
        "type": "Point",
        "coordinates": [
          121.51442356296572,
          25.03146079006822
        ]
      },
      "properties": {
        "city": "臺北市",
        "district": "中正區",
        "category": "綠色商店",
        "name": "7-11中航門市",
        "address": "100台北市中正區林森南路12號"
      }
    },
    {
      "type": "Feature",
      "geometry": {
        "type": "Point",
        "coordinates": [
          121.55057706727331,
          25.048886288998734
        ]
      },
      "properties": {
        "city": "臺北市",
        "district": "松山區",
        "category": "綠色商店",
        "name": "7-11中崙門市",
        "address": "105台北市松山區八德路3段27號"
      }
    },
    {
      "type": "Feature",
      "geometry": {
        "type": "Point",
        "coordinates": [
          121.51110083329107,
          25.14192232585946
        ]
      },
      "properties": {
        "city": "臺北市",
        "district": "北投區",
        "category": "綠色商店",
        "name": "7-11中陽門市",
        "address": "112台北市北投區中央北路3段2號"
      }
    },
    {
      "type": "Feature",
      "geometry": {
        "type": "Point",
        "coordinates": [
          121.5148062789271,
          25.02607092012719
        ]
      },
      "properties": {
        "city": "臺北市",
        "district": "中正區",
        "category": "綠色商店",
        "name": "7-11中愛門市",
        "address": "100台北市中正區愛國東路102號"
      }
    },
    {
      "type": "Feature",
      "geometry": {
        "type": "Point",
        "coordinates": [
          121.50444901726812,
          25.020351561956733
        ]
      },
      "properties": {
        "city": "臺北市",
        "district": "萬華區",
        "category": "綠色商店",
        "name": "7-11中寧門市",
        "address": "108台北市萬華區中華路2段6(02)1-2號一樓"
      }
    },
    {
      "type": "Feature",
      "geometry": {
        "type": "Point",
        "coordinates": [
          121.53370928569575,
          25.06975553354803
        ]
      },
      "properties": {
        "city": "臺北市",
        "district": "中山區",
        "category": "綠色商店",
        "name": "7-11中福門市",
        "address": "104台北市中山區民生東路2段113號."
      }
    },
    {
      "type": "Feature",
      "geometry": {
        "type": "Point",
        "coordinates": [
          121.5361271015905,
          25.020835235914234
        ]
      },
      "properties": {
        "city": "臺北市",
        "district": "大安區",
        "category": "綠色商店",
        "name": "7-11中廣門市",
        "address": "106台北市大安區仁愛路三段25-1.27號"
      }
    },
    {
      "type": "Feature",
      "geometry": {
        "type": "Point",
        "coordinates": [
          121.52857978954965,
          25.08723893338883
        ]
      },
      "properties": {
        "city": "臺北市",
        "district": "士林區",
        "category": "綠色商店",
        "name": "7-11中影門市",
        "address": "111台北市士林區至善路二段34號"
      }
    },
    {
      "type": "Feature",
      "geometry": {
        "type": "Point",
        "coordinates": [
          121.51033993038298,
          25.042025022566285
        ]
      },
      "properties": {
        "city": "臺北市",
        "district": "中正區",
        "category": "綠色商店",
        "name": "7-11中樂門市",
        "address": "100台北市中正區延平南路47號"
      }
    },
    {
      "type": "Feature",
      "geometry": {
        "type": "Point",
        "coordinates": [
          121.57519611634463,
          25.039599514188307
        ]
      },
      "properties": {
        "city": "臺北市",
        "district": "信義區",
        "category": "綠色商店",
        "name": "7-11中興門市",
        "address": "110台北市信義區基隆路2段22號"
      }
    },
    {
      "type": "Feature",
      "geometry": {
        "type": "Point",
        "coordinates": [
          121.52963542281901,
          25.06650349726932
        ]
      },
      "properties": {
        "city": "臺北市",
        "district": "大同區",
        "category": "綠色商店",
        "name": "7-11中興醫門市",
        "address": "103台北市大同區鄭州路145號B1"
      }
    },
    {
      "type": "Feature",
      "geometry": {
        "type": "Point",
        "coordinates": [
          121.53849990810998,
          25.065278403823335
        ]
      },
      "properties": {
        "city": "臺北市",
        "district": "中山區",
        "category": "綠色商店",
        "name": "7-11中錦門市",
        "address": "104台北市中山區中山北路二段98號"
      }
    },
    {
      "type": "Feature",
      "geometry": {
        "type": "Point",
        "coordinates": [
          121.53105314266939,
          25.02197536329236
        ]
      },
      "properties": {
        "city": "臺北市",
        "district": "中正區",
        "category": "綠色商店",
        "name": "7-11丹陽門市",
        "address": "100台北市中正區杭州南路一段83號"
      }
    },
    {
      "type": "Feature",
      "geometry": {
        "type": "Point",
        "coordinates": [
          121.52093592922976,
          25.080985737077203
        ]
      },
      "properties": {
        "city": "臺北市",
        "district": "士林區",
        "category": "綠色商店",
        "name": "7-11丹樺門市",
        "address": "111台北市士林區文林路530號"
      }
    },
    {
      "type": "Feature",
      "geometry": {
        "type": "Point",
        "coordinates": [
          121.55121967109632,
          25.028429522408448
        ]
      },
      "properties": {
        "city": "臺北市",
        "district": "大安區",
        "category": "綠色商店",
        "name": "7-11仁安門市",
        "address": "106台北市大安區仁愛路四段27巷1號"
      }
    },
    {
      "type": "Feature",
      "geometry": {
        "type": "Point",
        "coordinates": [
          121.55742262238883,
          25.044571278216413
        ]
      },
      "properties": {
        "city": "臺北市",
        "district": "信義區",
        "category": "綠色商店",
        "name": "7-11仁和門市",
        "address": "110台北市信義區正和里光復南路419巷41號"
      }
    },
    {
      "type": "Feature",
      "geometry": {
        "type": "Point",
        "coordinates": [
          121.50812490147808,
          25.04256664475432
        ]
      },
      "properties": {
        "city": "臺北市",
        "district": "中正區",
        "category": "綠色商店",
        "name": "7-11仁金門市",
        "address": "100台北市中正區仁愛路二段39.39-1號"
      }
    },
    {
      "type": "Feature",
      "geometry": {
        "type": "Point",
        "coordinates": [
          121.53686553307625,
          25.054437160909863
        ]
      },
      "properties": {
        "city": "臺北市",
        "district": "中山區",
        "category": "綠色商店",
        "name": "7-11元大門市",
        "address": "104台北市中山區復興北路148號"
      }
    },
    {
      "type": "Feature",
      "geometry": {
        "type": "Point",
        "coordinates": [
          121.49207370268863,
          25.023802230929615
        ]
      },
      "properties": {
        "city": "臺北市",
        "district": "萬華區",
        "category": "綠色商店",
        "name": "7-11六福門市",
        "address": "108台北市萬華區漢口街二段56號"
      }
    },
    {
      "type": "Feature",
      "geometry": {
        "type": "Point",
        "coordinates": [
          121.49156053117704,
          25.14693610649393
        ]
      },
      "properties": {
        "city": "臺北市",
        "district": "北投區",
        "category": "綠色商店",
        "name": "7-11公館門市",
        "address": "112台北市北投區公館路31號"
      }
    },
    {
      "type": "Feature",
      "geometry": {
        "type": "Point",
        "coordinates": [
          121.5153030614901,
          25.092467840704103
        ]
      },
      "properties": {
        "city": "臺北市",
        "district": "士林區",
        "category": "綠色商店",
        "name": "7-11友成門市",
        "address": "111台北市士林區社中街214號"
      }
    },
    {
      "type": "Feature",
      "geometry": {
        "type": "Point",
        "coordinates": [
          121.51137483813507,
          25.07773754864206
        ]
      },
      "properties": {
        "city": "臺北市",
        "district": "士林區",
        "category": "綠色商店",
        "name": "7-11天北門市",
        "address": "111台北市士林區天母北路12號"
      }
    },
    {
      "type": "Feature",
      "geometry": {
        "type": "Point",
        "coordinates": [
          121.52390255759346,
          25.09997495900814
        ]
      },
      "properties": {
        "city": "臺北市",
        "district": "士林區",
        "category": "綠色商店",
        "name": "7-11天成門市",
        "address": "111台北市士林區忠誠路二段168號1樓"
      }
    },
    {
      "type": "Feature",
      "geometry": {
        "type": "Point",
        "coordinates": [
          121.52584311368742,
          25.092155419695438
        ]
      },
      "properties": {
        "city": "臺北市",
        "district": "士林區",
        "category": "綠色商店",
        "name": "7-11天東門市",
        "address": "111台北市士林區中山北路7段14巷2-1號"
      }
    },
    {
      "type": "Feature",
      "geometry": {
        "type": "Point",
        "coordinates": [
          121.53256125267215,
          25.05620016819674
        ]
      },
      "properties": {
        "city": "臺北市",
        "district": "中山區",
        "category": "綠色商店",
        "name": "7-11天津門市",
        "address": "104台北市中山區天津街65號"
      }
    },
    {
      "type": "Feature",
      "geometry": {
        "type": "Point",
        "coordinates": [
          121.51324175282535,
          25.08168749204378
        ]
      },
      "properties": {
        "city": "臺北市",
        "district": "士林區",
        "category": "綠色商店",
        "name": "7-11天美門市",
        "address": "111台北市士林區天母東路8巷98號"
      }
    },
    {
      "type": "Feature",
      "geometry": {
        "type": "Point",
        "coordinates": [
          121.51579484901953,
          25.09248667685337
        ]
      },
      "properties": {
        "city": "臺北市",
        "district": "士林區",
        "category": "綠色商店",
        "name": "7-11天真門市",
        "address": "111台北市士林區中山北路7段126號"
      }
    },
    {
      "type": "Feature",
      "geometry": {
        "type": "Point",
        "coordinates": [
          121.53838117529087,
          25.09039373306292
        ]
      },
      "properties": {
        "city": "臺北市",
        "district": "士林區",
        "category": "綠色商店",
        "name": "7-11天麥門市",
        "address": "111台北市士林區天母西路5巷6號"
      }
    },
    {
      "type": "Feature",
      "geometry": {
        "type": "Point",
        "coordinates": [
          121.51448646371217,
          25.12679206056651
        ]
      },
      "properties": {
        "city": "臺北市",
        "district": "北投區",
        "category": "綠色商店",
        "name": "7-11天富門市",
        "address": "112台北市北投區富貴一路3號1樓"
      }
    },
    {
      "type": "Feature",
      "geometry": {
        "type": "Point",
        "coordinates": [
          121.51667362873313,
          25.081299231188122
        ]
      },
      "properties": {
        "city": "臺北市",
        "district": "士林區",
        "category": "綠色商店",
        "name": "7-11天越門市",
        "address": "111台北市士林區天母東路50巷25號"
      }
    },
    {
      "type": "Feature",
      "geometry": {
        "type": "Point",
        "coordinates": [
          121.5342448041739,
          25.089703802495823
        ]
      },
      "properties": {
        "city": "臺北市",
        "district": "士林區",
        "category": "綠色商店",
        "name": "7-11天裕門市",
        "address": "111台北市士林區中山北路七段156號1樓"
      }
    },
    {
      "type": "Feature",
      "geometry": {
        "type": "Point",
        "coordinates": [
          121.51732463938555,
          25.088504986489745
        ]
      },
      "properties": {
        "city": "臺北市",
        "district": "士林區",
        "category": "綠色商店",
        "name": "7-11天福門市",
        "address": "111台北市士林區天母東路8巷31弄2號"
      }
    },
    {
      "type": "Feature",
      "geometry": {
        "type": "Point",
        "coordinates": [
          121.52424856900448,
          25.090484955640385
        ]
      },
      "properties": {
        "city": "臺北市",
        "district": "士林區",
        "category": "綠色商店",
        "name": "7-11天樂門市",
        "address": "111台北市士林區天利里天母東路109號一樓"
      }
    },
    {
      "type": "Feature",
      "geometry": {
        "type": "Point",
        "coordinates": [
          121.5153442386265,
          25.08156289414709
        ]
      },
      "properties": {
        "city": "臺北市",
        "district": "士林區",
        "category": "綠色商店",
        "name": "7-11天鑫門市",
        "address": "111台北市士林區天玉街8號"
      }
    },
    {
      "type": "Feature",
      "geometry": {
        "type": "Point",
        "coordinates": [
          121.52812334606939,
          25.09224465666333
        ]
      },
      "properties": {
        "city": "臺北市",
        "district": "士林區",
        "category": "綠色商店",
        "name": "7-11太學門市",
        "address": "111台北市士林區華岡路47巷1號"
      }
    },
    {
      "type": "Feature",
      "geometry": {
        "type": "Point",
        "coordinates": [
          121.57926154535188,
          24.99802247275571
        ]
      },
      "properties": {
        "city": "臺北市",
        "district": "文山區",
        "category": "綠色商店",
        "name": "7-11文一門市",
        "address": "116台北市文山區木新路三段327號"
      }
    },
    {
      "type": "Feature",
      "geometry": {
        "type": "Point",
        "coordinates": [
          121.5239454378427,
          25.075126160342073
        ]
      },
      "properties": {
        "city": "臺北市",
        "district": "士林區",
        "category": "綠色商店",
        "name": "7-11文大門市",
        "address": "111台北市士林區格致路57號"
      }
    },
    {
      "type": "Feature",
      "geometry": {
        "type": "Point",
        "coordinates": [
          121.5722227564295,
          24.995843172233084
        ]
      },
      "properties": {
        "city": "臺北市",
        "district": "文山區",
        "category": "綠色商店",
        "name": "7-11文山門市",
        "address": "116台北市文山區木新路二段42號"
      }
    },
    {
      "type": "Feature",
      "geometry": {
        "type": "Point",
        "coordinates": [
          121.58219235879362,
          24.989405223612867
        ]
      },
      "properties": {
        "city": "臺北市",
        "district": "文山區",
        "category": "綠色商店",
        "name": "7-11文忠門市",
        "address": "116台北市文山區忠順街二段16號"
      }
    },
    {
      "type": "Feature",
      "geometry": {
        "type": "Point",
        "coordinates": [
          121.52267668893788,
          25.087756746529884
        ]
      },
      "properties": {
        "city": "臺北市",
        "district": "士林區",
        "category": "綠色商店",
        "name": "7-11文林門市",
        "address": "111台北市士林區文林路169號"
      }
    },
    {
      "type": "Feature",
      "geometry": {
        "type": "Point",
        "coordinates": [
          121.5907597206067,
          24.986926626536388
        ]
      },
      "properties": {
        "city": "臺北市",
        "district": "文山區",
        "category": "綠色商店",
        "name": "7-11文新門市",
        "address": "116台北市文山區樟新里木新路三段276號"
      }
    },
    {
      "type": "Feature",
      "geometry": {
        "type": "Point",
        "coordinates": [
          121.56145248011613,
          24.985082704807684
        ]
      },
      "properties": {
        "city": "臺北市",
        "district": "文山區",
        "category": "綠色商店",
        "name": "7-11文儀門市",
        "address": "116台北市文山區木新路三段54.56號"
      }
    },
    {
      "type": "Feature",
      "geometry": {
        "type": "Point",
        "coordinates": [
          121.57500856537654,
          25.083833828731816
        ]
      },
      "properties": {
        "city": "臺北市",
        "district": "內湖區",
        "category": "綠色商店",
        "name": "7-11日內瓦門市",
        "address": "114台北市內湖區瑞光路76巷59號1樓"
      }
    },
    {
      "type": "Feature",
      "geometry": {
        "type": "Point",
        "coordinates": [
          121.59091958257713,
          24.993246140052207
        ]
      },
      "properties": {
        "city": "臺北市",
        "district": "文山區",
        "category": "綠色商店",
        "name": "7-11木柵門市",
        "address": "116台北市文山區木柵路2段157號"
      }
    },
    {
      "type": "Feature",
      "geometry": {
        "type": "Point",
        "coordinates": [
          121.58642934768302,
          24.99421857731062
        ]
      },
      "properties": {
        "city": "臺北市",
        "district": "文山區",
        "category": "綠色商店",
        "name": "7-11木盛門市",
        "address": "116台北市文山區木柵路三段88號"
      }
    },
    {
      "type": "Feature",
      "geometry": {
        "type": "Point",
        "coordinates": [
          121.5736568543539,
          24.980548086446827
        ]
      },
      "properties": {
        "city": "臺北市",
        "district": "文山區",
        "category": "綠色商店",
        "name": "7-11木新門市",
        "address": "116台北市文山區木新路2段255號"
      }
    },
    {
      "type": "Feature",
      "geometry": {
        "type": "Point",
        "coordinates": [
          121.57816364597369,
          24.978295723671845
        ]
      },
      "properties": {
        "city": "臺北市",
        "district": "文山區",
        "category": "綠色商店",
        "name": "7-11世新大門市",
        "address": "116台北市文山區木柵路1段17巷1號"
      }
    },
    {
      "type": "Feature",
      "geometry": {
        "type": "Point",
        "coordinates": [
          121.51221358807345,
          25.01955799969426
        ]
      },
      "properties": {
        "city": "臺北市",
        "district": "萬華區",
        "category": "綠色商店",
        "name": "7-11世運門市",
        "address": "108台北市萬華區昆明街81.83號"
      }
    },
    {
      "type": "Feature",
      "geometry": {
        "type": "Point",
        "coordinates": [
          121.53345863962937,
          25.015260065156838
        ]
      },
      "properties": {
        "city": "臺北市",
        "district": "大安區",
        "category": "綠色商店",
        "name": "7-11仕吉門市",
        "address": "106台北市大安區忠孝東路4段223巷42號"
      }
    },
    {
      "type": "Feature",
      "geometry": {
        "type": "Point",
        "coordinates": [
          121.58449235238818,
          24.98199031762169
        ]
      },
      "properties": {
        "city": "臺北市",
        "district": "文山區",
        "category": "綠色商店",
        "name": "7-11仙岩門市",
        "address": "116台北市文山區仙岩路18號"
      }
    },
    {
      "type": "Feature",
      "geometry": {
        "type": "Point",
        "coordinates": [
          121.5100330392275,
          25.102852898014866
        ]
      },
      "properties": {
        "city": "臺北市",
        "district": "士林區",
        "category": "綠色商店",
        "name": "7-11冬樂門市",
        "address": "111台北市士林區美崙街112號一樓"
      }
    },
    {
      "type": "Feature",
      "geometry": {
        "type": "Point",
        "coordinates": [
          121.49161351562499,
          25.139774536586682
        ]
      },
      "properties": {
        "city": "臺北市",
        "district": "北投區",
        "category": "綠色商店",
        "name": "7-11北投門市",
        "address": "112台北市北投區中和街222號"
      }
    },
    {
      "type": "Feature",
      "geometry": {
        "type": "Point",
        "coordinates": [
          121.56027008414591,
          25.02534053665523
        ]
      },
      "properties": {
        "city": "臺北市",
        "district": "信義區",
        "category": "綠色商店",
        "name": "7-11北府門市",
        "address": "110台北市信義區松仁路160號"
      }
    },
    {
      "type": "Feature",
      "geometry": {
        "type": "Point",
        "coordinates": [
          121.54748285363932,
          25.02449641297297
        ]
      },
      "properties": {
        "city": "臺北市",
        "district": "大安區",
        "category": "綠色商店",
        "name": "7-11北科大門市",
        "address": "106台北市大安區忠孝東路3段1號(台北科技大學大川堂)"
      }
    },
    {
      "type": "Feature",
      "geometry": {
        "type": "Point",
        "coordinates": [
          121.51159040965834,
          25.028745015132504
        ]
      },
      "properties": {
        "city": "臺北市",
        "district": "中正區",
        "category": "綠色商店",
        "name": "7-11北高鐵門市",
        "address": "100台北市中正區北平西路3號B1"
      }
    },
    {
      "type": "Feature",
      "geometry": {
        "type": "Point",
        "coordinates": [
          121.50148195842027,
          25.132807648350184
        ]
      },
      "properties": {
        "city": "臺北市",
        "district": "北投區",
        "category": "綠色商店",
        "name": "7-11北榮門市",
        "address": "112台北市北投區石牌路二段201號(榮民總醫院生活廣場)"
      }
    },
    {
      "type": "Feature",
      "geometry": {
        "type": "Point",
        "coordinates": [
          121.58180101273095,
          24.988082745117783
        ]
      },
      "properties": {
        "city": "臺北市",
        "district": "文山區",
        "category": "綠色商店",
        "name": "7-11北福興門市",
        "address": "116台北市文山區興旺里福興路20號"
      }
    },
    {
      "type": "Feature",
      "geometry": {
        "type": "Point",
        "coordinates": [
          121.57736746090892,
          25.022547347444064
        ]
      },
      "properties": {
        "city": "臺北市",
        "district": "信義區",
        "category": "綠色商店",
        "name": "7-11北醫大門市",
        "address": "110台北市信義區吳興街250號1樓"
      }
    },
    {
      "type": "Feature",
      "geometry": {
        "type": "Point",
        "coordinates": [
          121.55715755536109,
          25.044308882900673
        ]
      },
      "properties": {
        "city": "臺北市",
        "district": "信義區",
        "category": "綠色商店",
        "name": "7-11北醫門市",
        "address": "110台北市信義區吳興街252號"
      }
    },
    {
      "type": "Feature",
      "geometry": {
        "type": "Point",
        "coordinates": [
          121.55684400140055,
          25.061402275658654
        ]
      },
      "properties": {
        "city": "臺北市",
        "district": "松山區",
        "category": "綠色商店",
        "name": "7-11北體門市",
        "address": "105台北市松山區北寧路66號"
      }
    },
    {
      "type": "Feature",
      "geometry": {
        "type": "Point",
        "coordinates": [
          121.52968173035929,
          25.067683680723132
        ]
      },
      "properties": {
        "city": "臺北市",
        "district": "大同區",
        "category": "綠色商店",
        "name": "7-11仟發門市",
        "address": "103台北市大同區民生西路95.97號"
      }
    },
    {
      "type": "Feature",
      "geometry": {
        "type": "Point",
        "coordinates": [
          121.52577532404251,
          25.023624071563443
        ]
      },
      "properties": {
        "city": "臺北市",
        "district": "中正區",
        "category": "綠色商店",
        "name": "7-11古亭門市",
        "address": "106台北市中正區汀州路2段216號"
      }
    },
    {
      "type": "Feature",
      "geometry": {
        "type": "Point",
        "coordinates": [
          121.50204254878986,
          25.038224915393165
        ]
      },
      "properties": {
        "city": "臺北市",
        "district": "中正區",
        "category": "綠色商店",
        "name": "7-11台大門市",
        "address": "100台北市中正區林森南路53.55號"
      }
    },
    {
      "type": "Feature",
      "geometry": {
        "type": "Point",
        "coordinates": [
          121.50489199450014,
          25.020987982457736
        ]
      },
      "properties": {
        "city": "臺北市",
        "district": "中正區",
        "category": "綠色商店",
        "name": "7-11台大醫門市",
        "address": "100台北市中正區常德街1號"
      }
    },
    {
      "type": "Feature",
      "geometry": {
        "type": "Point",
        "coordinates": [
          121.52772737169825,
          25.0224813528444
        ]
      },
      "properties": {
        "city": "臺北市",
        "district": "中正區",
        "category": "綠色商店",
        "name": "7-11台北1門市",
        "address": "100台北市中正區北平西路3號(東南站)"
      }
    },
    {
      "type": "Feature",
      "geometry": {
        "type": "Point",
        "coordinates": [
          121.53166345972598,
          25.026420912439548
        ]
      },
      "properties": {
        "city": "臺北市",
        "district": "中正區",
        "category": "綠色商店",
        "name": "7-11台北2門市",
        "address": "100台北市中正區北平西路3號(西南站)"
      }
    },
    {
      "type": "Feature",
      "geometry": {
        "type": "Point",
        "coordinates": [
          121.52367699464484,
          25.022054650942913
        ]
      },
      "properties": {
        "city": "臺北市",
        "district": "中正區",
        "category": "綠色商店",
        "name": "7-11台北3門市",
        "address": "100台北市中正區北平西路3號(西北站)"
      }
    },
    {
      "type": "Feature",
      "geometry": {
        "type": "Point",
        "coordinates": [
          121.53074242591912,
          25.03636313267648
        ]
      },
      "properties": {
        "city": "臺北市",
        "district": "中正區",
        "category": "綠色商店",
        "name": "7-11台北4門市",
        "address": "100台北市中正區北平西路3號(東北站)"
      }
    },
    {
      "type": "Feature",
      "geometry": {
        "type": "Point",
        "coordinates": [
          121.51242929382424,
          25.031702215368146
        ]
      },
      "properties": {
        "city": "臺北市",
        "district": "中正區",
        "category": "綠色商店",
        "name": "7-11台北五門市",
        "address": "100台北市中正區北平西路3號"
      }
    },
    {
      "type": "Feature",
      "geometry": {
        "type": "Point",
        "coordinates": [
          121.52182070942416,
          25.042893745857814
        ]
      },
      "properties": {
        "city": "臺北市",
        "district": "中正區",
        "category": "綠色商店",
        "name": "7-11台北六門市",
        "address": "100台北市中正區北平西路3號"
      }
    },
    {
      "type": "Feature",
      "geometry": {
        "type": "Point",
        "coordinates": [
          121.56641219057003,
          25.029371576080074
        ]
      },
      "properties": {
        "city": "臺北市",
        "district": "信義區",
        "category": "綠色商店",
        "name": "7-11台金門市",
        "address": "110台北市信義區松智路8號"
      }
    },
    {
      "type": "Feature",
      "geometry": {
        "type": "Point",
        "coordinates": [
          121.54443547842057,
          25.026004828585602
        ]
      },
      "properties": {
        "city": "臺北市",
        "district": "大安區",
        "category": "綠色商店",
        "name": "7-11台科三門市",
        "address": "106台北市大安區基隆路四段43號第三餐廳"
      }
    },
    {
      "type": "Feature",
      "geometry": {
        "type": "Point",
        "coordinates": [
          121.56974863136266,
          25.063206815094347
        ]
      },
      "properties": {
        "city": "臺北市",
        "district": "松山區",
        "category": "綠色商店",
        "name": "7-11市大門市",
        "address": "105台北市松山區市民大道路四段105號"
      }
    },
    {
      "type": "Feature",
      "geometry": {
        "type": "Point",
        "coordinates": [
          121.5496541816957,
          25.06801986622693
        ]
      },
      "properties": {
        "city": "臺北市",
        "district": "松山區",
        "category": "綠色商店",
        "name": "7-11民北門市",
        "address": "105台北市松山區民生東路3段127巷6號"
      }
    },
    {
      "type": "Feature",
      "geometry": {
        "type": "Point",
        "coordinates": [
          121.56318969302478,
          25.065726977166445
        ]
      },
      "properties": {
        "city": "臺北市",
        "district": "松山區",
        "category": "綠色商店",
        "name": "7-11民有門市",
        "address": "105台北市松山區民權東路3段108號"
      }
    },
    {
      "type": "Feature",
      "geometry": {
        "type": "Point",
        "coordinates": [
          121.60051066012294,
          25.0697348529066
        ]
      },
      "properties": {
        "city": "臺北市",
        "district": "內湖區",
        "category": "綠色商店",
        "name": "7-11民東門市",
        "address": "114台北市內湖區民權東路6段88號"
      }
    },
    {
      "type": "Feature",
      "geometry": {
        "type": "Point",
        "coordinates": [
          121.53859952184611,
          25.052415939421472
        ]
      },
      "properties": {
        "city": "臺北市",
        "district": "中山區",
        "category": "綠色商店",
        "name": "7-11民美門市",
        "address": "104台北市中山區圓山里中山北路3段57號"
      }
    },
    {
      "type": "Feature",
      "geometry": {
        "type": "Point",
        "coordinates": [
          121.57049182262728,
          25.06129826463208
        ]
      },
      "properties": {
        "city": "臺北市",
        "district": "松山區",
        "category": "綠色商店",
        "name": "7-11民復門市",
        "address": "105台北市松山區民生東路四段130號"
      }
    },
    {
      "type": "Feature",
      "geometry": {
        "type": "Point",
        "coordinates": [
          121.56749162572248,
          25.015384677068955
        ]
      },
      "properties": {
        "city": "臺北市",
        "district": "信義區",
        "category": "綠色商店",
        "name": "7-11永信門市",
        "address": "110台北市信義區永吉路30巷103號"
      }
    },
    {
      "type": "Feature",
      "geometry": {
        "type": "Point",
        "coordinates": [
          121.55511937223851,
          25.036213398872256
        ]
      },
      "properties": {
        "city": "臺北市",
        "district": "大安區",
        "category": "綠色商店",
        "name": "7-11永康門市",
        "address": "106台北市大安區永康街43號"
      }
    },
    {
      "type": "Feature",
      "geometry": {
        "type": "Point",
        "coordinates": [
          121.52482477760827,
          25.03206631825848
        ]
      },
      "properties": {
        "city": "臺北市",
        "district": "中正區",
        "category": "綠色商店",
        "name": "7-11汀州門市",
        "address": "100台北市中正區汀州路一段129號"
      }
    },
    {
      "type": "Feature",
      "geometry": {
        "type": "Point",
        "coordinates": [
          121.59465153300917,
          25.04982427284398
        ]
      },
      "properties": {
        "city": "臺北市",
        "district": "南港區",
        "category": "綠色商店",
        "name": "7-11玉成門市",
        "address": "115台北市南港區南港路3段3號"
      }
    },
    {
      "type": "Feature",
      "geometry": {
        "type": "Point",
        "coordinates": [
          121.59372539667949,
          25.04283997906889
        ]
      },
      "properties": {
        "city": "臺北市",
        "district": "南港區",
        "category": "綠色商店",
        "name": "7-11玉德門市",
        "address": "115台北市南港區玉成街154號"
      }
    },
    {
      "type": "Feature",
      "geometry": {
        "type": "Point",
        "coordinates": [
          121.49127906475701,
          25.130882999918583
        ]
      },
      "properties": {
        "city": "臺北市",
        "district": "北投區",
        "category": "綠色商店",
        "name": "7-11石捷門市",
        "address": "112台北市北投區石牌路二段8號"
      }
    },
    {
      "type": "Feature",
      "geometry": {
        "type": "Point",
        "coordinates": [
          121.54148771156162,
          25.021744930964775
        ]
      },
      "properties": {
        "city": "臺北市",
        "district": "大安區",
        "category": "綠色商店",
        "name": "7-11禾光門市",
        "address": "106台北市大安區和平東路2段63號1樓"
      }
    },
    {
      "type": "Feature",
      "geometry": {
        "type": "Point",
        "coordinates": [
          121.54247026826803,
          25.02786510446984
        ]
      },
      "properties": {
        "city": "臺北市",
        "district": "大安區",
        "category": "綠色商店",
        "name": "7-11立仁門市",
        "address": "106台北市大安區安和路二段74巷1號"
      }
    },
    {
      "type": "Feature",
      "geometry": {
        "type": "Point",
        "coordinates": [
          121.50011922784175,
          25.14555885162518
        ]
      },
      "properties": {
        "city": "臺北市",
        "district": "北投區",
        "category": "綠色商店",
        "name": "7-11立農門市",
        "address": "112台北市北投區承德路7段378號"
      }
    },
    {
      "type": "Feature",
      "geometry": {
        "type": "Point",
        "coordinates": [
          121.54300460407711,
          25.057857831429796
        ]
      },
      "properties": {
        "city": "臺北市",
        "district": "中山區",
        "category": "綠色商店",
        "name": "7-11伊東門市",
        "address": "104台北市中山區伊通街50號"
      }
    },
    {
      "type": "Feature",
      "geometry": {
        "type": "Point",
        "coordinates": [
          121.50044382989239,
          25.130132080831434
        ]
      },
      "properties": {
        "city": "臺北市",
        "district": "北投區",
        "category": "綠色商店",
        "name": "7-11光中門市",
        "address": "112台北市北投區光明路122號"
      }
    },
    {
      "type": "Feature",
      "geometry": {
        "type": "Point",
        "coordinates": [
          121.49137706404873,
          25.130543367395482
        ]
      },
      "properties": {
        "city": "臺北市",
        "district": "北投區",
        "category": "綠色商店",
        "name": "7-11光明門市",
        "address": "112台北市北投區光明路162.164號"
      }
    },
    {
      "type": "Feature",
      "geometry": {
        "type": "Point",
        "coordinates": [
          121.57566577439432,
          25.026677148017928
        ]
      },
      "properties": {
        "city": "臺北市",
        "district": "信義區",
        "category": "綠色商店",
        "name": "7-11光東門市",
        "address": "110台北市信義區忠孝東路五段524巷1弄1號"
      }
    },
    {
      "type": "Feature",
      "geometry": {
        "type": "Point",
        "coordinates": [
          121.57851256432818,
          25.033780226822287
        ]
      },
      "properties": {
        "city": "臺北市",
        "district": "信義區",
        "category": "綠色商店",
        "name": "7-11光復門市",
        "address": "110台北市信義區光復南路471號"
      }
    },
    {
      "type": "Feature",
      "geometry": {
        "type": "Point",
        "coordinates": [
          121.5670371689611,
          25.053713128416607
        ]
      },
      "properties": {
        "city": "臺北市",
        "district": "松山區",
        "category": "綠色商店",
        "name": "7-11吉仁門市",
        "address": "105台北市松山區延吉街28號"
      }
    },
    {
      "type": "Feature",
      "geometry": {
        "type": "Point",
        "coordinates": [
          121.52553386040674,
          25.061313173441253
        ]
      },
      "properties": {
        "city": "臺北市",
        "district": "中山區",
        "category": "綠色商店",
        "name": "7-11吉安門市",
        "address": "104台北市中山區吉林路365.367號"
      }
    },
    {
      "type": "Feature",
      "geometry": {
        "type": "Point",
        "coordinates": [
          121.53789063840794,
          25.03672177475638
        ]
      },
      "properties": {
        "city": "臺北市",
        "district": "大安區",
        "category": "綠色商店",
        "name": "7-11吉忠門市",
        "address": "106台北市大安區延吉街72號"
      }
    },
    {
      "type": "Feature",
      "geometry": {
        "type": "Point",
        "coordinates": [
          121.51924376092951,
          25.05789099955534
        ]
      },
      "properties": {
        "city": "臺北市",
        "district": "中山區",
        "category": "綠色商店",
        "name": "7-11吉林門市",
        "address": "104台北市中山區吉林路211號"
      }
    },
    {
      "type": "Feature",
      "geometry": {
        "type": "Point",
        "coordinates": [
          121.55307962100414,
          25.05623515280237
        ]
      },
      "properties": {
        "city": "臺北市",
        "district": "松山區",
        "category": "綠色商店",
        "name": "7-11吉盛門市",
        "address": "105台北市松山區南京東路5段66巷3弄1號1樓"
      }
    },
    {
      "type": "Feature",
      "geometry": {
        "type": "Point",
        "coordinates": [
          121.5156258390434,
          25.023208360268693
        ]
      },
      "properties": {
        "city": "臺北市",
        "district": "中正區",
        "category": "綠色商店",
        "name": "7-11同昌門市",
        "address": "106台北市中正區南昌路2段173號"
      }
    },
    {
      "type": "Feature",
      "geometry": {
        "type": "Point",
        "coordinates": [
          121.52518433337282,
          25.074517641797687
        ]
      },
      "properties": {
        "city": "臺北市",
        "district": "中山區",
        "category": "綠色商店",
        "name": "7-11合江門市",
        "address": "104台北市中山區合江街60號"
      }
    },
    {
      "type": "Feature",
      "geometry": {
        "type": "Point",
        "coordinates": [
          121.54360488901038,
          25.01616945441004
        ]
      },
      "properties": {
        "city": "臺北市",
        "district": "大安區",
        "category": "綠色商店",
        "name": "7-11合旺門市",
        "address": "106台北市大安區復興南路2段151巷41號"
      }
    },
    {
      "type": "Feature",
      "geometry": {
        "type": "Point",
        "coordinates": [
          121.51364210389352,
          25.12176862986241
        ]
      },
      "properties": {
        "city": "臺北市",
        "district": "北投區",
        "category": "綠色商店",
        "name": "7-11安遠門市",
        "address": "112台北市北投區致遠二路149號"
      }
    },
    {
      "type": "Feature",
      "geometry": {
        "type": "Point",
        "coordinates": [
          121.5783156155682,
          25.070829947436586
        ]
      },
      "properties": {
        "city": "臺北市",
        "district": "內湖區",
        "category": "綠色商店",
        "name": "7-11成功門市",
        "address": "114台北市內湖區成功路二段252號"
      }
    },
    {
      "type": "Feature",
      "geometry": {
        "type": "Point",
        "coordinates": [
          121.60104923404867,
          25.058778880008433
        ]
      },
      "properties": {
        "city": "臺北市",
        "district": "內湖區",
        "category": "綠色商店",
        "name": "7-11成美門市",
        "address": "114台北市內湖區新明路317號"
      }
    },
    {
      "type": "Feature",
      "geometry": {
        "type": "Point",
        "coordinates": [
          121.51031878096836,
          25.02220026558959
        ]
      },
      "properties": {
        "city": "臺北市",
        "district": "萬華區",
        "category": "綠色商店",
        "name": "7-11成都門市",
        "address": "108台北市萬華區成都路94號"
      }
    },
    {
      "type": "Feature",
      "geometry": {
        "type": "Point",
        "coordinates": [
          121.58371258675089,
          25.068860381122366
        ]
      },
      "properties": {
        "city": "臺北市",
        "district": "內湖區",
        "category": "綠色商店",
        "name": "7-11成湖門市",
        "address": "114台北市內湖區成功路四段346號"
      }
    },
    {
      "type": "Feature",
      "geometry": {
        "type": "Point",
        "coordinates": [
          121.5361964012807,
          25.05253662755032
        ]
      },
      "properties": {
        "city": "臺北市",
        "district": "中山區",
        "category": "綠色商店",
        "name": "7-11江東門市",
        "address": "104台北市中山區長安東路2段35-1號"
      }
    },
    {
      "type": "Feature",
      "geometry": {
        "type": "Point",
        "coordinates": [
          121.52202472767723,
          25.068469476395514
        ]
      },
      "properties": {
        "city": "臺北市",
        "district": "中山區",
        "category": "綠色商店",
        "name": "7-11江陵門市",
        "address": "104台北市中山區一江街22號"
      }
    },
    {
      "type": "Feature",
      "geometry": {
        "type": "Point",
        "coordinates": [
          121.49741118935167,
          25.130513291951754
        ]
      },
      "properties": {
        "city": "臺北市",
        "district": "北投區",
        "category": "綠色商店",
        "name": "7-11百齡門市",
        "address": "111台北市北投區石牌路一段35號"
      }
    },
    {
      "type": "Feature",
      "geometry": {
        "type": "Point",
        "coordinates": [
          121.51985764775029,
          25.08829098761479
        ]
      },
      "properties": {
        "city": "臺北市",
        "district": "士林區",
        "category": "綠色商店",
        "name": "7-11至善天下門市",
        "address": "111台北市士林區至善路二段264號"
      }
    },
    {
      "type": "Feature",
      "geometry": {
        "type": "Point",
        "coordinates": [
          121.51378985313387,
          25.0789799163189
        ]
      },
      "properties": {
        "city": "臺北市",
        "district": "士林區",
        "category": "綠色商店",
        "name": "7-11至誠門市",
        "address": "112台北市士林區至誠路二段31號"
      }
    },
    {
      "type": "Feature",
      "geometry": {
        "type": "Point",
        "coordinates": [
          121.53345158550748,
          25.051541463432816
        ]
      },
      "properties": {
        "city": "臺北市",
        "district": "中山區",
        "category": "綠色商店",
        "name": "7-11行天門市",
        "address": "104台北市中山區農安街178號"
      }
    },
    {
      "type": "Feature",
      "geometry": {
        "type": "Point",
        "coordinates": [
          121.50994104276403,
          25.128626593652854
        ]
      },
      "properties": {
        "city": "臺北市",
        "district": "北投區",
        "category": "綠色商店",
        "name": "7-11行義門市",
        "address": "112台北市北投區行義路33號"
      }
    },
    {
      "type": "Feature",
      "geometry": {
        "type": "Point",
        "coordinates": [
          121.58676063887576,
          25.060155364433253
        ]
      },
      "properties": {
        "city": "臺北市",
        "district": "內湖區",
        "category": "綠色商店",
        "name": "7-11行龍門市",
        "address": "114台北市內湖區行愛路128號"
      }
    },
    {
      "type": "Feature",
      "geometry": {
        "type": "Point",
        "coordinates": [
          121.49799793184918,
          25.12516330816185
        ]
      },
      "properties": {
        "city": "臺北市",
        "district": "北投區",
        "category": "綠色商店",
        "name": "7-11西安門市",
        "address": "112台北市北投區大興街48號"
      }
    },
    {
      "type": "Feature",
      "geometry": {
        "type": "Point",
        "coordinates": [
          121.57710642224133,
          25.074108616061636
        ]
      },
      "properties": {
        "city": "臺北市",
        "district": "內湖區",
        "category": "綠色商店",
        "name": "7-11西武門市",
        "address": "114台北市內湖區內湖路一段285巷65弄2號"
      }
    },
    {
      "type": "Feature",
      "geometry": {
        "type": "Point",
        "coordinates": [
          121.60367370984109,
          25.064875398322418
        ]
      },
      "properties": {
        "city": "臺北市",
        "district": "內湖區",
        "category": "綠色商店",
        "name": "7-11西湖門市",
        "address": "114台北市內湖區內湖路一段321號"
      }
    },
    {
      "type": "Feature",
      "geometry": {
        "type": "Point",
        "coordinates": [
          121.60306254819142,
          25.060292300673062
        ]
      },
      "properties": {
        "city": "臺北市",
        "district": "南港區",
        "category": "綠色商店",
        "name": "7-11庄研門市",
        "address": "115台北市南港區研究院路二段152號"
      }
    },
    {
      "type": "Feature",
      "geometry": {
        "type": "Point",
        "coordinates": [
          121.54611769082071,
          25.025319402197646
        ]
      },
      "properties": {
        "city": "臺北市",
        "district": "大安區",
        "category": "綠色商店",
        "name": "7-11佑安門市",
        "address": "106台北市大安區忠孝東路三段217巷1弄2號"
      }
    },
    {
      "type": "Feature",
      "geometry": {
        "type": "Point",
        "coordinates": [
          121.57632736333672,
          25.06084714050993
        ]
      },
      "properties": {
        "city": "臺北市",
        "district": "內湖區",
        "category": "綠色商店",
        "name": "7-11克里斯門市",
        "address": "114台北市內湖區五分街41號1F"
      }
    },
    {
      "type": "Feature",
      "geometry": {
        "type": "Point",
        "coordinates": [
          121.4861800274487,
          25.030122324343854
        ]
      },
      "properties": {
        "city": "臺北市",
        "district": "萬華區",
        "category": "綠色商店",
        "name": "7-11克難門市",
        "address": "108台北市萬華區萬青街168號"
      }
    },
    {
      "type": "Feature",
      "geometry": {
        "type": "Point",
        "coordinates": [
          121.56411676398365,
          25.019056888689903
        ]
      },
      "properties": {
        "city": "臺北市",
        "district": "信義區",
        "category": "綠色商店",
        "name": "7-11吳興門市",
        "address": "110台北市信義區吳興街284巷18弄2號"
      }
    },
    {
      "type": "Feature",
      "geometry": {
        "type": "Point",
        "coordinates": [
          121.49450620370393,
          25.02791528298412
        ]
      },
      "properties": {
        "city": "臺北市",
        "district": "萬華區",
        "category": "綠色商店",
        "name": "7-11宏旭門市",
        "address": "108台北市萬華區西園路一段246號"
      }
    },
    {
      "type": "Feature",
      "geometry": {
        "type": "Point",
        "coordinates": [
          121.56783932727433,
          25.029151752957766
        ]
      },
      "properties": {
        "city": "臺北市",
        "district": "信義區",
        "category": "綠色商店",
        "name": "7-11宏泰門市",
        "address": "110台北市信義區松仁路91-1號1樓"
      }
    },
    {
      "type": "Feature",
      "geometry": {
        "type": "Point",
        "coordinates": [
          121.54108328922334,
          25.03942698768458
        ]
      },
      "properties": {
        "city": "臺北市",
        "district": "大安區",
        "category": "綠色商店",
        "name": "7-11技安門市",
        "address": "106台北市大安區和平東路3段97號"
      }
    },
    {
      "type": "Feature",
      "geometry": {
        "type": "Point",
        "coordinates": [
          121.50688463517864,
          25.133007684785177
        ]
      },
      "properties": {
        "city": "臺北市",
        "district": "北投區",
        "category": "綠色商店",
        "name": "7-11秀山門市",
        "address": "112台北市北投區中和街476.478號"
      }
    },
    {
      "type": "Feature",
      "geometry": {
        "type": "Point",
        "coordinates": [
          121.56227967684293,
          25.07267179007918
        ]
      },
      "properties": {
        "city": "臺北市",
        "district": "松山區",
        "category": "綠色商店",
        "name": "7-11育商門市",
        "address": "105台北市松山區八德路三段155巷2號"
      }
    },
    {
      "type": "Feature",
      "geometry": {
        "type": "Point",
        "coordinates": [
          121.59711851243067,
          25.072404106777388
        ]
      },
      "properties": {
        "city": "臺北市",
        "district": "內湖區",
        "category": "綠色商店",
        "name": "7-11見晴門市",
        "address": "114台北市內湖區瑞光路196號"
      }
    },
    {
      "type": "Feature",
      "geometry": {
        "type": "Point",
        "coordinates": [
          121.55534578161576,
          25.026368317542698
        ]
      },
      "properties": {
        "city": "臺北市",
        "district": "大安區",
        "category": "綠色商店",
        "name": "7-11辛亥門市",
        "address": "106台北市大安區辛亥路2段57號"
      }
    },
    {
      "type": "Feature",
      "geometry": {
        "type": "Point",
        "coordinates": [
          121.5467397149225,
          25.05325081174226
        ]
      },
      "properties": {
        "city": "臺北市",
        "district": "松山區",
        "category": "綠色商店",
        "name": "7-11京育門市",
        "address": "105台北市松山區南京東路四段70號"
      }
    },
    {
      "type": "Feature",
      "geometry": {
        "type": "Point",
        "coordinates": [
          121.53147465235132,
          25.0642518326692
        ]
      },
      "properties": {
        "city": "臺北市",
        "district": "中山區",
        "category": "綠色商店",
        "name": "7-11京都門市",
        "address": "104台北市中山區林森北路411號"
      }
    },
    {
      "type": "Feature",
      "geometry": {
        "type": "Point",
        "coordinates": [
          121.54477833787061,
          25.0677451674149
        ]
      },
      "properties": {
        "city": "臺北市",
        "district": "中山區",
        "category": "綠色商店",
        "name": "7-11佳佳門市",
        "address": "104台北市中山區民生東路二段157號"
      }
    },
    {
      "type": "Feature",
      "geometry": {
        "type": "Point",
        "coordinates": [
          121.59955848046539,
          25.061912398566015
        ]
      },
      "properties": {
        "city": "臺北市",
        "district": "南港區",
        "category": "綠色商店",
        "name": "7-11佳樂門市",
        "address": "115台北市南港區南港路一段305號"
      }
    },
    {
      "type": "Feature",
      "geometry": {
        "type": "Point",
        "coordinates": [
          121.53931355064218,
          25.012765932655544
        ]
      },
      "properties": {
        "city": "臺北市",
        "district": "大安區",
        "category": "綠色商店",
        "name": "7-11和安門市",
        "address": "106台北市大安區和平東路三段230號"
      }
    },
    {
      "type": "Feature",
      "geometry": {
        "type": "Point",
        "coordinates": [
          121.55763802842908,
          25.02619080078563
        ]
      },
      "properties": {
        "city": "臺北市",
        "district": "大安區",
        "category": "綠色商店",
        "name": "7-11和金門市",
        "address": "106台北市大安區和平東路1段91號"
      }
    },
    {
      "type": "Feature",
      "geometry": {
        "type": "Point",
        "coordinates": [
          121.52841949572806,
          25.04005778812189
        ]
      },
      "properties": {
        "city": "臺北市",
        "district": "大安區",
        "category": "綠色商店",
        "name": "7-11和泰門市",
        "address": "106台北市大安區和平東路一段169號"
      }
    },
    {
      "type": "Feature",
      "geometry": {
        "type": "Point",
        "coordinates": [
          121.50514263617882,
          25.132693205477366
        ]
      },
      "properties": {
        "city": "臺北市",
        "district": "北投區",
        "category": "綠色商店",
        "name": "7-11和業門市",
        "address": "112台北市北投區中和街10號"
      }
    },
    {
      "type": "Feature",
      "geometry": {
        "type": "Point",
        "coordinates": [
          121.50673278353673,
          25.128632833567284
        ]
      },
      "properties": {
        "city": "臺北市",
        "district": "北投區",
        "category": "綠色商店",
        "name": "7-11奇岩門市",
        "address": "112台北市北投區崇仁路一段76號"
      }
    },
    {
      "type": "Feature",
      "geometry": {
        "type": "Point",
        "coordinates": [
          121.5176697070694,
          25.08613899181322
        ]
      },
      "properties": {
        "city": "臺北市",
        "district": "士林區",
        "category": "綠色商店",
        "name": "7-11官邸門市",
        "address": "111台北市士林區中正路115號"
      }
    },
    {
      "type": "Feature",
      "geometry": {
        "type": "Point",
        "coordinates": [
          121.54169563428974,
          25.01243396348901
        ]
      },
      "properties": {
        "city": "臺北市",
        "district": "大安區",
        "category": "綠色商店",
        "name": "7-11延吉門市",
        "address": "106台北市大安區延吉街237號"
      }
    },
    {
      "type": "Feature",
      "geometry": {
        "type": "Point",
        "coordinates": [
          121.53090546522509,
          25.053100645377366
        ]
      },
      "properties": {
        "city": "臺北市",
        "district": "大同區",
        "category": "綠色商店",
        "name": "7-11延年門市",
        "address": "103台北市大同區延平北路3段61-5號"
      }
    },
    {
      "type": "Feature",
      "geometry": {
        "type": "Point",
        "coordinates": [
          121.51956601874282,
          25.051041693769854
        ]
      },
      "properties": {
        "city": "臺北市",
        "district": "大同區",
        "category": "綠色商店",
        "name": "7-11延埕門市",
        "address": "103台北市大同區延平北路2段159.161號."
      }
    },
    {
      "type": "Feature",
      "geometry": {
        "type": "Point",
        "coordinates": [
          121.5157384248226,
          25.067142573124354
        ]
      },
      "properties": {
        "city": "臺北市",
        "district": "大同區",
        "category": "綠色商店",
        "name": "7-11延華門市",
        "address": "103台北市大同區延平北路一段78.80號"
      }
    },
    {
      "type": "Feature",
      "geometry": {
        "type": "Point",
        "coordinates": [
          121.56699060273924,
          25.05748496060519
        ]
      },
      "properties": {
        "city": "臺北市",
        "district": "松山區",
        "category": "綠色商店",
        "name": "7-11延壽門市",
        "address": "105台北市松山區延壽街422號"
      }
    },
    {
      "type": "Feature",
      "geometry": {
        "type": "Point",
        "coordinates": [
          121.52261053833244,
          25.054119810584748
        ]
      },
      "properties": {
        "city": "臺北市",
        "district": "大同區",
        "category": "綠色商店",
        "name": "7-11延龍門市",
        "address": "103台北市大同區延平北路4段6.8號"
      }
    },
    {
      "type": "Feature",
      "geometry": {
        "type": "Point",
        "coordinates": [
          121.56865240373085,
          25.067070369516298
        ]
      },
      "properties": {
        "city": "臺北市",
        "district": "松山區",
        "category": "綠色商店",
        "name": "7-11征東門市",
        "address": "105台北市松山區新東街15巷1號"
      }
    },
    {
      "type": "Feature",
      "geometry": {
        "type": "Point",
        "coordinates": [
          121.54776979095435,
          25.066812853020284
        ]
      },
      "properties": {
        "city": "臺北市",
        "district": "松山區",
        "category": "綠色商店",
        "name": "7-11征唐門市",
        "address": "105台北市松山區民生東路五段197號"
      }
    },
    {
      "type": "Feature",
      "geometry": {
        "type": "Point",
        "coordinates": [
          121.56498367274789,
          24.98302875294486
        ]
      },
      "properties": {
        "city": "臺北市",
        "district": "文山區",
        "category": "綠色商店",
        "name": "7-11忠順門市",
        "address": "116台北市文山區忠順街一段101號"
      }
    },
    {
      "type": "Feature",
      "geometry": {
        "type": "Point",
        "coordinates": [
          121.51171797887768,
          25.04104829267301
        ]
      },
      "properties": {
        "city": "臺北市",
        "district": "中正區",
        "category": "綠色商店",
        "name": "7-11忠聯門市",
        "address": "100台北市中正區忠孝東路二段102號"
      }
    },
    {
      "type": "Feature",
      "geometry": {
        "type": "Point",
        "coordinates": [
          121.49968982670238,
          25.127325622037826
        ]
      },
      "properties": {
        "city": "臺北市",
        "district": "北投區",
        "category": "綠色商店",
        "name": "7-11承啟門市",
        "address": "112台北市北投區福興里承德路七段76號"
      }
    },
    {
      "type": "Feature",
      "geometry": {
        "type": "Point",
        "coordinates": [
          121.53608822121907,
          25.09993357166913
        ]
      },
      "properties": {
        "city": "臺北市",
        "district": "士林區",
        "category": "綠色商店",
        "name": "7-11承富門市",
        "address": "111台北市士林區承德路四段39號"
      }
    },
    {
      "type": "Feature",
      "geometry": {
        "type": "Point",
        "coordinates": [
          121.51884513908549,
          25.056690154948754
        ]
      },
      "properties": {
        "city": "臺北市",
        "district": "大同區",
        "category": "綠色商店",
        "name": "7-11承華門市",
        "address": "103台北市大同區承德路一段22號"
      }
    },
    {
      "type": "Feature",
      "geometry": {
        "type": "Point",
        "coordinates": [
          121.52642230142159,
          25.071881484227454
        ]
      },
      "properties": {
        "city": "臺北市",
        "district": "中山區",
        "category": "綠色商店",
        "name": "7-11承運門市",
        "address": "104台北市中山區南京西路16號捷運中山站B1區"
      }
    },
    {
      "type": "Feature",
      "geometry": {
        "type": "Point",
        "coordinates": [
          121.52781941707603,
          25.074839587011155
        ]
      },
      "properties": {
        "city": "臺北市",
        "district": "大同區",
        "category": "綠色商店",
        "name": "7-11昌吉門市",
        "address": "103台北市大同區承德路3段74號."
      }
    },
    {
      "type": "Feature",
      "geometry": {
        "type": "Point",
        "coordinates": [
          121.5649201016078,
          25.036177857123956
        ]
      },
      "properties": {
        "city": "臺北市",
        "district": "信義區",
        "category": "綠色商店",
        "name": "7-11昌隆門市",
        "address": "110台北市信義區基隆路二段131-4號"
      }
    },
    {
      "type": "Feature",
      "geometry": {
        "type": "Point",
        "coordinates": [
          121.5974149969529,
          25.065440023517343
        ]
      },
      "properties": {
        "city": "臺北市",
        "district": "南港區",
        "category": "綠色商店",
        "name": "7-11昆陽門市",
        "address": "115台北市南港區忠孝東路6段448號"
      }
    },
    {
      "type": "Feature",
      "geometry": {
        "type": "Point",
        "coordinates": [
          121.49906592656176,
          25.041346395509734
        ]
      },
      "properties": {
        "city": "臺北市",
        "district": "萬華區",
        "category": "綠色商店",
        "name": "7-11昆寧門市",
        "address": "108台北市萬華區西寧南路50巷3號.5號"
      }
    },
    {
      "type": "Feature",
      "geometry": {
        "type": "Point",
        "coordinates": [
          121.50617269140591,
          25.034938871578596
        ]
      },
      "properties": {
        "city": "臺北市",
        "district": "萬華區",
        "category": "綠色商店",
        "name": "7-11昆福門市",
        "address": "108台北市萬華區昆明街46號"
      }
    },
    {
      "type": "Feature",
      "geometry": {
        "type": "Point",
        "coordinates": [
          121.60387952775947,
          25.06456926993905
        ]
      },
      "properties": {
        "city": "臺北市",
        "district": "內湖區",
        "category": "綠色商店",
        "name": "7-11明湖門市",
        "address": "114台北市內湖區東湖路45號"
      }
    },
    {
      "type": "Feature",
      "geometry": {
        "type": "Point",
        "coordinates": [
          121.49286900880216,
          25.14306991026804
        ]
      },
      "properties": {
        "city": "臺北市",
        "district": "北投區",
        "category": "綠色商店",
        "name": "7-11明華門市",
        "address": "112台北市北投區明德路99號"
      }
    },
    {
      "type": "Feature",
      "geometry": {
        "type": "Point",
        "coordinates": [
          121.50639512659137,
          25.14374480733575
        ]
      },
      "properties": {
        "city": "臺北市",
        "district": "北投區",
        "category": "綠色商店",
        "name": "7-11明德門市",
        "address": "112台北市北投區明德路114號"
      }
    },
    {
      "type": "Feature",
      "geometry": {
        "type": "Point",
        "coordinates": [
          121.52423463014371,
          25.053557232932505
        ]
      },
      "properties": {
        "city": "臺北市",
        "district": "中山區",
        "category": "綠色商店",
        "name": "7-11東王門市",
        "address": "104台北市中山區南京東路一段92號"
      }
    },
    {
      "type": "Feature",
      "geometry": {
        "type": "Point",
        "coordinates": [
          121.56146962023837,
          25.065346873128043
        ]
      },
      "properties": {
        "city": "臺北市",
        "district": "松山區",
        "category": "綠色商店",
        "name": "7-11東光門市",
        "address": "105台北市松山區南京東路5段17號"
      }
    },
    {
      "type": "Feature",
      "geometry": {
        "type": "Point",
        "coordinates": [
          121.5548419256557,
          25.0539191391995
        ]
      },
      "properties": {
        "city": "臺北市",
        "district": "松山區",
        "category": "綠色商店",
        "name": "7-11東吉門市",
        "address": "105台北市松山區民生東路5段117號"
      }
    },
    {
      "type": "Feature",
      "geometry": {
        "type": "Point",
        "coordinates": [
          121.53819494242974,
          25.076679339280012
        ]
      },
      "properties": {
        "city": "臺北市",
        "district": "士林區",
        "category": "綠色商店",
        "name": "7-11東洋門市",
        "address": "111台北市士林區中山北路7段14巷19號Ｂ1"
      }
    },
    {
      "type": "Feature",
      "geometry": {
        "type": "Point",
        "coordinates": [
          121.53768478449264,
          25.074272606590657
        ]
      },
      "properties": {
        "city": "臺北市",
        "district": "中山區",
        "category": "綠色商店",
        "name": "7-11東崙門市",
        "address": "104台北市中山區八德路二段282號"
      }
    },
    {
      "type": "Feature",
      "geometry": {
        "type": "Point",
        "coordinates": [
          121.51035058441896,
          25.025121131647797
        ]
      },
      "properties": {
        "city": "臺北市",
        "district": "中正區",
        "category": "綠色商店",
        "name": "7-11東祥門市",
        "address": "100台北市中正區貴陽街一段56號B1"
      }
    },
    {
      "type": "Feature",
      "geometry": {
        "type": "Point",
        "coordinates": [
          121.5062863863838,
          25.14188237296623
        ]
      },
      "properties": {
        "city": "臺北市",
        "district": "北投區",
        "category": "綠色商店",
        "name": "7-11東華門市",
        "address": "112台北市北投區裕民一路40巷1號"
      }
    },
    {
      "type": "Feature",
      "geometry": {
        "type": "Point",
        "coordinates": [
          121.56698175167904,
          25.0559730563677
        ]
      },
      "properties": {
        "city": "臺北市",
        "district": "松山區",
        "category": "綠色商店",
        "name": "7-11東勢門市",
        "address": "105台北市松山區南京東路4段131號"
      }
    },
    {
      "type": "Feature",
      "geometry": {
        "type": "Point",
        "coordinates": [
          121.55773180021053,
          25.04346859720316
        ]
      },
      "properties": {
        "city": "臺北市",
        "district": "信義區",
        "category": "綠色商店",
        "name": "7-11東暉門市",
        "address": "110台北市信義區忠孝東路4段514號"
      }
    },
    {
      "type": "Feature",
      "geometry": {
        "type": "Point",
        "coordinates": [
          121.5643099011137,
          25.070713338679656
        ]
      },
      "properties": {
        "city": "臺北市",
        "district": "松山區",
        "category": "綠色商店",
        "name": "7-11東榮門市",
        "address": "105台北市松山區民生東路5段65號"
      }
    },
    {
      "type": "Feature",
      "geometry": {
        "type": "Point",
        "coordinates": [
          121.5670226385084,
          25.06414104300061
        ]
      },
      "properties": {
        "city": "臺北市",
        "district": "松山區",
        "category": "綠色商店",
        "name": "7-11東鑫門市",
        "address": "105台北市松山區民生東路4段55巷10號"
      }
    },
    {
      "type": "Feature",
      "geometry": {
        "type": "Point",
        "coordinates": [
          121.53290980112784,
          25.069889154452923
        ]
      },
      "properties": {
        "city": "臺北市",
        "district": "中山區",
        "category": "綠色商店",
        "name": "7-11林北門市",
        "address": "104台北市中山區林森北路362號"
      }
    },
    {
      "type": "Feature",
      "geometry": {
        "type": "Point",
        "coordinates": [
          121.54029538943348,
          25.053492412642502
        ]
      },
      "properties": {
        "city": "臺北市",
        "district": "中山區",
        "category": "綠色商店",
        "name": "7-11林安門市",
        "address": "104台北市中山區林森北路572號"
      }
    },
    {
      "type": "Feature",
      "geometry": {
        "type": "Point",
        "coordinates": [
          121.61885920067304,
          25.057754218807688
        ]
      },
      "properties": {
        "city": "臺北市",
        "district": "南港區",
        "category": "綠色商店",
        "name": "7-11林坊門市",
        "address": "115台北市南港區東新街80巷1號"
      }
    },
    {
      "type": "Feature",
      "geometry": {
        "type": "Point",
        "coordinates": [
          121.51928122462718,
          25.05532542589822
        ]
      },
      "properties": {
        "city": "臺北市",
        "district": "中山區",
        "category": "綠色商店",
        "name": "7-11林森門市",
        "address": "104台北市中山區林森北路500號"
      }
    },
    {
      "type": "Feature",
      "geometry": {
        "type": "Point",
        "coordinates": [
          121.58035222877773,
          25.019947999807197
        ]
      },
      "properties": {
        "city": "臺北市",
        "district": "信義區",
        "category": "綠色商店",
        "name": "7-11松山門市",
        "address": "110台北市信義區忠孝東路5段386號"
      }
    },
    {
      "type": "Feature",
      "geometry": {
        "type": "Point",
        "coordinates": [
          121.57014931620239,
          25.022724683922533
        ]
      },
      "properties": {
        "city": "臺北市",
        "district": "信義區",
        "category": "綠色商店",
        "name": "7-11松仁門市",
        "address": "110台北市信義區松仁路213號"
      }
    },
    {
      "type": "Feature",
      "geometry": {
        "type": "Point",
        "coordinates": [
          121.57211293560727,
          25.05923677253431
        ]
      },
      "properties": {
        "city": "臺北市",
        "district": "松山區",
        "category": "綠色商店",
        "name": "7-11松民門市",
        "address": "105台北市松山區三民路10號"
      }
    },
    {
      "type": "Feature",
      "geometry": {
        "type": "Point",
        "coordinates": [
          121.56968763749866,
          25.063564999781317
        ]
      },
      "properties": {
        "city": "臺北市",
        "district": "松山區",
        "category": "綠色商店",
        "name": "7-11松禾門市",
        "address": "105台北市松山區塔悠路31.33號"
      }
    },
    {
      "type": "Feature",
      "geometry": {
        "type": "Point",
        "coordinates": [
          121.5574535117521,
          25.021174327202644
        ]
      },
      "properties": {
        "city": "臺北市",
        "district": "信義區",
        "category": "綠色商店",
        "name": "7-11松信門市",
        "address": "110台北市信義區文藝里永吉路180巷67弄5號"
      }
    },
    {
      "type": "Feature",
      "geometry": {
        "type": "Point",
        "coordinates": [
          121.57688313387278,
          25.040411262039783
        ]
      },
      "properties": {
        "city": "臺北市",
        "district": "信義區",
        "category": "綠色商店",
        "name": "7-11松家門市",
        "address": "110台北市信義區松山路604號"
      }
    },
    {
      "type": "Feature",
      "geometry": {
        "type": "Point",
        "coordinates": [
          121.58029016702405,
          25.02194963390222
        ]
      },
      "properties": {
        "city": "臺北市",
        "district": "信義區",
        "category": "綠色商店",
        "name": "7-11松高門市",
        "address": "110台北市信義區基隆路一段135-2號"
      }
    },
    {
      "type": "Feature",
      "geometry": {
        "type": "Point",
        "coordinates": [
          121.55764275478519,
          25.024868103882696
        ]
      },
      "properties": {
        "city": "臺北市",
        "district": "信義區",
        "category": "綠色商店",
        "name": "7-11松捷門市",
        "address": "110台北市信義區忠孝東路五段1之6號"
      }
    },
    {
      "type": "Feature",
      "geometry": {
        "type": "Point",
        "coordinates": [
          121.52241166917365,
          25.071427658925213
        ]
      },
      "properties": {
        "city": "臺北市",
        "district": "中山區",
        "category": "綠色商店",
        "name": "7-11松盛門市",
        "address": "104台北市中山區南京東路二段115巷1號"
      }
    },
    {
      "type": "Feature",
      "geometry": {
        "type": "Point",
        "coordinates": [
          121.55799384277287,
          25.043430970044216
        ]
      },
      "properties": {
        "city": "臺北市",
        "district": "信義區",
        "category": "綠色商店",
        "name": "7-11松智門市",
        "address": "110台北市信義區莊敬路325巷43號"
      }
    },
    {
      "type": "Feature",
      "geometry": {
        "type": "Point",
        "coordinates": [
          121.57408698840295,
          25.04314730535804
        ]
      },
      "properties": {
        "city": "臺北市",
        "district": "信義區",
        "category": "綠色商店",
        "name": "7-11松隆門市",
        "address": "110台北市信義區松隆路286號"
      }
    },
    {
      "type": "Feature",
      "geometry": {
        "type": "Point",
        "coordinates": [
          121.57546130521376,
          25.025888441108535
        ]
      },
      "properties": {
        "city": "臺北市",
        "district": "信義區",
        "category": "綠色商店",
        "name": "7-11松義門市",
        "address": "110台北市信義區松德路271號"
      }
    },
    {
      "type": "Feature",
      "geometry": {
        "type": "Point",
        "coordinates": [
          121.5219617681665,
          25.072157760704663
        ]
      },
      "properties": {
        "city": "臺北市",
        "district": "中山區",
        "category": "綠色商店",
        "name": "7-11松運門市",
        "address": "104台北市中山區松江路101號"
      }
    },
    {
      "type": "Feature",
      "geometry": {
        "type": "Point",
        "coordinates": [
          121.56829186348244,
          25.033930060226986
        ]
      },
      "properties": {
        "city": "臺北市",
        "district": "信義區",
        "category": "綠色商店",
        "name": "7-11松錢門市",
        "address": "110台北市信義區松隆路159巷1號"
      }
    },
    {
      "type": "Feature",
      "geometry": {
        "type": "Point",
        "coordinates": [
          121.52581419972933,
          25.070459963351823
        ]
      },
      "properties": {
        "city": "臺北市",
        "district": "中山區",
        "category": "綠色商店",
        "name": "7-11松錦門市",
        "address": "104台北市中山區松江路305號."
      }
    },
    {
      "type": "Feature",
      "geometry": {
        "type": "Point",
        "coordinates": [
          121.54703045183625,
          25.058869586503953
        ]
      },
      "properties": {
        "city": "臺北市",
        "district": "松山區",
        "category": "綠色商店",
        "name": "7-11松饒門市",
        "address": "105台北市松山區慈祐里八德路4段767.769號."
      }
    },
    {
      "type": "Feature",
      "geometry": {
        "type": "Point",
        "coordinates": [
          121.5355906019627,
          25.06028551090095
        ]
      },
      "properties": {
        "city": "臺北市",
        "district": "中山區",
        "category": "綠色商店",
        "name": "7-11松鑫門市",
        "address": "104台北市中山區松江路208號"
      }
    },
    {
      "type": "Feature",
      "geometry": {
        "type": "Point",
        "coordinates": [
          121.57052713492952,
          25.05922401666296
        ]
      },
      "properties": {
        "city": "臺北市",
        "district": "松山區",
        "category": "綠色商店",
        "name": "7-11松鑽門市",
        "address": "105台北市松山區八德路四段686號"
      }
    },
    {
      "type": "Feature",
      "geometry": {
        "type": "Point",
        "coordinates": [
          121.54875401890315,
          25.02167495253845
        ]
      },
      "properties": {
        "city": "臺北市",
        "district": "大安區",
        "category": "綠色商店",
        "name": "7-11欣安和門市",
        "address": "106台北市大安區安和路一段47號"
      }
    },
    {
      "type": "Feature",
      "geometry": {
        "type": "Point",
        "coordinates": [
          121.5476269114967,
          25.057671182324253
        ]
      },
      "properties": {
        "city": "臺北市",
        "district": "中山區",
        "category": "綠色商店",
        "name": "7-11欣旺門市",
        "address": "104台北市中山區北安路604.606號"
      }
    },
    {
      "type": "Feature",
      "geometry": {
        "type": "Point",
        "coordinates": [
          121.5195617442469,
          25.03831739645279
        ]
      },
      "properties": {
        "city": "臺北市",
        "district": "中正區",
        "category": "綠色商店",
        "name": "7-11欣漢華門市",
        "address": "100台北市中正區中華路一段41號1樓"
      }
    },
    {
      "type": "Feature",
      "geometry": {
        "type": "Point",
        "coordinates": [
          121.58576756676779,
          25.073655673507787
        ]
      },
      "properties": {
        "city": "臺北市",
        "district": "內湖區",
        "category": "綠色商店",
        "name": "7-11欣福門市",
        "address": "114台北市內湖區民權東路6段120巷7弄8號"
      }
    },
    {
      "type": "Feature",
      "geometry": {
        "type": "Point",
        "coordinates": [
          121.52487307714387,
          25.050106936771734
        ]
      },
      "properties": {
        "city": "臺北市",
        "district": "中山區",
        "category": "綠色商店",
        "name": "7-11直安門市",
        "address": "104台北市中山區北安路649號"
      }
    },
    {
      "type": "Feature",
      "geometry": {
        "type": "Point",
        "coordinates": [
          121.50865150590732,
          25.145426707145266
        ]
      },
      "properties": {
        "city": "臺北市",
        "district": "北投區",
        "category": "綠色商店",
        "name": "7-11知心門市",
        "address": "112台北市北投區知行路201巷1號"
      }
    },
    {
      "type": "Feature",
      "geometry": {
        "type": "Point",
        "coordinates": [
          121.51423791599974,
          25.104628999330863
        ]
      },
      "properties": {
        "city": "臺北市",
        "district": "士林區",
        "category": "綠色商店",
        "name": "7-11社中門市",
        "address": "111台北市士林區社中街311-313號"
      }
    },
    {
      "type": "Feature",
      "geometry": {
        "type": "Point",
        "coordinates": [
          121.53021928334843,
          25.092343170559687
        ]
      },
      "properties": {
        "city": "臺北市",
        "district": "士林區",
        "category": "綠色商店",
        "name": "7-11社鑽門市",
        "address": "111台北市士林區中正路637號"
      }
    },
    {
      "type": "Feature",
      "geometry": {
        "type": "Point",
        "coordinates": [
          121.51718414222479,
          25.09831075835484
        ]
      },
      "properties": {
        "city": "臺北市",
        "district": "士林區",
        "category": "綠色商店",
        "name": "7-11芝山門市",
        "address": "112台北市士林區福華路128巷2號"
      }
    },
    {
      "type": "Feature",
      "geometry": {
        "type": "Point",
        "coordinates": [
          121.51602553563957,
          25.10314879566929
        ]
      },
      "properties": {
        "city": "臺北市",
        "district": "士林區",
        "category": "綠色商店",
        "name": "7-11芝玉門市",
        "address": "112台北市士林區忠義街121號"
      }
    },
    {
      "type": "Feature",
      "geometry": {
        "type": "Point",
        "coordinates": [
          121.54576752766687,
          25.01784476994309
        ]
      },
      "properties": {
        "city": "臺北市",
        "district": "大安區",
        "category": "綠色商店",
        "name": "7-11芙蓉門市",
        "address": "106台北市大安區仁愛路三段94號"
      }
    },
    {
      "type": "Feature",
      "geometry": {
        "type": "Point",
        "coordinates": [
          121.5377096999863,
          25.039166847294762
        ]
      },
      "properties": {
        "city": "臺北市",
        "district": "大安區",
        "category": "綠色商店",
        "name": "7-11花市門市",
        "address": "106台北市大安區建國南路一段274號"
      }
    },
    {
      "type": "Feature",
      "geometry": {
        "type": "Point",
        "coordinates": [
          121.56755635180146,
          25.031718597695022
        ]
      },
      "properties": {
        "city": "臺北市",
        "district": "信義區",
        "category": "綠色商店",
        "name": "7-11虎林門市",
        "address": "110台北市信義區忠孝東路5段472號"
      }
    },
    {
      "type": "Feature",
      "geometry": {
        "type": "Point",
        "coordinates": [
          121.51048394517674,
          25.045495497267627
        ]
      },
      "properties": {
        "city": "臺北市",
        "district": "中正區",
        "category": "綠色商店",
        "name": "7-11金山門市",
        "address": "100台北市中正區金山南路1段108號"
      }
    },
    {
      "type": "Feature",
      "geometry": {
        "type": "Point",
        "coordinates": [
          121.50130462259293,
          25.146395881252495
        ]
      },
      "properties": {
        "city": "臺北市",
        "district": "北投區",
        "category": "綠色商店",
        "name": "7-11金和門市",
        "address": "112台北市北投區中和街318號"
      }
    },
    {
      "type": "Feature",
      "geometry": {
        "type": "Point",
        "coordinates": [
          121.53353709724355,
          25.017345814710566
        ]
      },
      "properties": {
        "city": "臺北市",
        "district": "大安區",
        "category": "綠色商店",
        "name": "7-11金信門市",
        "address": "106台北市大安區金山南路2段18號1樓"
      }
    },
    {
      "type": "Feature",
      "geometry": {
        "type": "Point",
        "coordinates": [
          121.51929494241264,
          25.063948945794255
        ]
      },
      "properties": {
        "city": "臺北市",
        "district": "中山區",
        "category": "綠色商店",
        "name": "7-11金宴門市",
        "address": "104台北市中山區建國北路二段151巷8號1樓"
      }
    },
    {
      "type": "Feature",
      "geometry": {
        "type": "Point",
        "coordinates": [
          121.58717119011936,
          24.97800615189272
        ]
      },
      "properties": {
        "city": "臺北市",
        "district": "文山區",
        "category": "綠色商店",
        "name": "7-11金恩門市",
        "address": "116台北市文山區指南路二段149號"
      }
    },
    {
      "type": "Feature",
      "geometry": {
        "type": "Point",
        "coordinates": [
          121.58600849961499,
          25.056276944213433
        ]
      },
      "properties": {
        "city": "臺北市",
        "district": "內湖區",
        "category": "綠色商店",
        "name": "7-11金湖門市",
        "address": "114台北市內湖區文湖街83號1樓"
      }
    },
    {
      "type": "Feature",
      "geometry": {
        "type": "Point",
        "coordinates": [
          121.52879726448333,
          25.02624352782217
        ]
      },
      "properties": {
        "city": "臺北市",
        "district": "大安區",
        "category": "綠色商店",
        "name": "7-11金華門市",
        "address": "106台北市大安區金華街140之1號"
      }
    },
    {
      "type": "Feature",
      "geometry": {
        "type": "Point",
        "coordinates": [
          121.58620083179468,
          25.05804981864684
        ]
      },
      "properties": {
        "city": "臺北市",
        "district": "內湖區",
        "category": "綠色商店",
        "name": "7-11金雲門市",
        "address": "114台北市內湖區星雲街136號"
      }
    },
    {
      "type": "Feature",
      "geometry": {
        "type": "Point",
        "coordinates": [
          121.59840149909598,
          25.070135698187823
        ]
      },
      "properties": {
        "city": "臺北市",
        "district": "內湖區",
        "category": "綠色商店",
        "name": "7-11金碧門市",
        "address": "114台北市內湖區金龍路224號"
      }
    },
    {
      "type": "Feature",
      "geometry": {
        "type": "Point",
        "coordinates": [
          121.58828371628553,
          25.084984529629356
        ]
      },
      "properties": {
        "city": "臺北市",
        "district": "內湖區",
        "category": "綠色商店",
        "name": "7-11金德門市",
        "address": "114台北市內湖區金龍路5號1F"
      }
    },
    {
      "type": "Feature",
      "geometry": {
        "type": "Point",
        "coordinates": [
          121.59371925788855,
          25.06576809004551
        ]
      },
      "properties": {
        "city": "臺北市",
        "district": "內湖區",
        "category": "綠色商店",
        "name": "7-11金龍門市",
        "address": "114台北市內湖區金龍路64號"
      }
    },
    {
      "type": "Feature",
      "geometry": {
        "type": "Point",
        "coordinates": [
          121.59959630502205,
          25.06718911160847
        ]
      },
      "properties": {
        "city": "臺北市",
        "district": "內湖區",
        "category": "綠色商店",
        "name": "7-11金聯發門市",
        "address": "114台北市內湖區內湖路三段141巷7號"
      }
    },
    {
      "type": "Feature",
      "geometry": {
        "type": "Point",
        "coordinates": [
          121.51961828488984,
          25.055729949703316
        ]
      },
      "properties": {
        "city": "臺北市",
        "district": "中山區",
        "category": "綠色商店",
        "name": "7-11金鑽門市",
        "address": "104台北市中山區民權西路66號"
      }
    },
    {
      "type": "Feature",
      "geometry": {
        "type": "Point",
        "coordinates": [
          121.52501427535987,
          25.072244520098817
        ]
      },
      "properties": {
        "city": "臺北市",
        "district": "中山區",
        "category": "綠色商店",
        "name": "7-11長中門市",
        "address": "104台北市中山區中山北路2段40-1號"
      }
    },
    {
      "type": "Feature",
      "geometry": {
        "type": "Point",
        "coordinates": [
          121.52526958139755,
          25.05910289694324
        ]
      },
      "properties": {
        "city": "臺北市",
        "district": "中山區",
        "category": "綠色商店",
        "name": "7-11長北門市",
        "address": "104台北市中山區長春路11號"
      }
    },
    {
      "type": "Feature",
      "geometry": {
        "type": "Point",
        "coordinates": [
          121.52194143847468,
          25.077084493508767
        ]
      },
      "properties": {
        "city": "臺北市",
        "district": "中山區",
        "category": "綠色商店",
        "name": "7-11長松門市",
        "address": "104台北市中山區松江路65號"
      }
    },
    {
      "type": "Feature",
      "geometry": {
        "type": "Point",
        "coordinates": [
          121.53009061060264,
          25.034770560700164
        ]
      },
      "properties": {
        "city": "臺北市",
        "district": "大安區",
        "category": "綠色商店",
        "name": "7-11長星門市",
        "address": "106台北市大安區基隆路3段85號"
      }
    },
    {
      "type": "Feature",
      "geometry": {
        "type": "Point",
        "coordinates": [
          121.53259063423415,
          25.067644872605726
        ]
      },
      "properties": {
        "city": "臺北市",
        "district": "中山區",
        "category": "綠色商店",
        "name": "7-11長津門市",
        "address": "104台北市中山區長安東路1段12號"
      }
    },
    {
      "type": "Feature",
      "geometry": {
        "type": "Point",
        "coordinates": [
          121.50434266865368,
          25.074474133158013
        ]
      },
      "properties": {
        "city": "臺北市",
        "district": "大同區",
        "category": "綠色商店",
        "name": "7-11長峰門市",
        "address": "103台北市大同區長安西路45號之1"
      }
    },
    {
      "type": "Feature",
      "geometry": {
        "type": "Point",
        "coordinates": [
          121.54184124721523,
          25.076250298497257
        ]
      },
      "properties": {
        "city": "臺北市",
        "district": "中山區",
        "category": "綠色商店",
        "name": "7-11長通門市",
        "address": "104台北市中山區長安東路二段101號"
      }
    },
    {
      "type": "Feature",
      "geometry": {
        "type": "Point",
        "coordinates": [
          121.56584708817853,
          25.07256090869684
        ]
      },
      "properties": {
        "city": "臺北市",
        "district": "松山區",
        "category": "綠色商店",
        "name": "7-11長塑門市",
        "address": "105台北市松山區敦化北路199巷2弄1號"
      }
    },
    {
      "type": "Feature",
      "geometry": {
        "type": "Point",
        "coordinates": [
          121.5241925446181,
          25.051907714566656
        ]
      },
      "properties": {
        "city": "臺北市",
        "district": "中山區",
        "category": "綠色商店",
        "name": "7-11長新門市",
        "address": "104台北市中山區長安東路1段73號"
      }
    },
    {
      "type": "Feature",
      "geometry": {
        "type": "Point",
        "coordinates": [
          121.59917228020937,
          25.084417477874226
        ]
      },
      "properties": {
        "city": "臺北市",
        "district": "內湖區",
        "category": "綠色商店",
        "name": "7-11長鴻門市",
        "address": "114台北市內湖區大湖山莊街219巷1號1樓"
      }
    },
    {
      "type": "Feature",
      "geometry": {
        "type": "Point",
        "coordinates": [
          121.51583727840226,
          25.088665118815033
        ]
      },
      "properties": {
        "city": "臺北市",
        "district": "士林區",
        "category": "綠色商店",
        "name": "7-11雨聲門市",
        "address": "111台北市士林區雨聲街63號"
      }
    },
    {
      "type": "Feature",
      "geometry": {
        "type": "Point",
        "coordinates": [
          121.50632901846654,
          25.030937021769056
        ]
      },
      "properties": {
        "city": "臺北市",
        "district": "中正區",
        "category": "綠色商店",
        "name": "7-11青島門市",
        "address": "100台北市中正區青島東路4號"
      }
    },
    {
      "type": "Feature",
      "geometry": {
        "type": "Point",
        "coordinates": [
          121.50688684392303,
          25.031415056085955
        ]
      },
      "properties": {
        "city": "臺北市",
        "district": "萬華區",
        "category": "綠色商店",
        "name": "7-11青園門市",
        "address": "108台北市萬華區青年路12號"
      }
    },
    {
      "type": "Feature",
      "geometry": {
        "type": "Point",
        "coordinates": [
          121.53027471585801,
          25.018213260784943
        ]
      },
      "properties": {
        "city": "臺北市",
        "district": "大安區",
        "category": "綠色商店",
        "name": "7-11信中門市",
        "address": "106台北市大安區信義路三段101號"
      }
    },
    {
      "type": "Feature",
      "geometry": {
        "type": "Point",
        "coordinates": [
          121.57521405488266,
          25.03007663085003
        ]
      },
      "properties": {
        "city": "臺北市",
        "district": "信義區",
        "category": "綠色商店",
        "name": "7-11信吉門市",
        "address": "110台北市信義區永吉路278巷58弄2號"
      }
    },
    {
      "type": "Feature",
      "geometry": {
        "type": "Point",
        "coordinates": [
          121.55695467224295,
          25.024035983016155
        ]
      },
      "properties": {
        "city": "臺北市",
        "district": "大安區",
        "category": "綠色商店",
        "name": "7-11信安門市",
        "address": "106台北市大安區大安路一段218號"
      }
    },
    {
      "type": "Feature",
      "geometry": {
        "type": "Point",
        "coordinates": [
          121.5796746043256,
          25.03754137636448
        ]
      },
      "properties": {
        "city": "臺北市",
        "district": "信義區",
        "category": "綠色商店",
        "name": "7-11信林門市",
        "address": "110台北市信義區虎林街222巷8號"
      }
    },
    {
      "type": "Feature",
      "geometry": {
        "type": "Point",
        "coordinates": [
          121.54302443645295,
          25.02844830065943
        ]
      },
      "properties": {
        "city": "臺北市",
        "district": "大安區",
        "category": "綠色商店",
        "name": "7-11信義門市",
        "address": "106台北市大安區信義路4段265巷12弄1號"
      }
    },
    {
      "type": "Feature",
      "geometry": {
        "type": "Point",
        "coordinates": [
          121.57606479503679,
          25.033527959348937
        ]
      },
      "properties": {
        "city": "臺北市",
        "district": "信義區",
        "category": "綠色商店",
        "name": "7-11信運門市",
        "address": "110台北市信義區松勤街100號1樓"
      }
    },
    {
      "type": "Feature",
      "geometry": {
        "type": "Point",
        "coordinates": [
          121.56540881955291,
          25.022470736486724
        ]
      },
      "properties": {
        "city": "臺北市",
        "district": "信義區",
        "category": "綠色商店",
        "name": "7-11信嘉門市",
        "address": "110台北市信義區嘉興街181巷21號"
      }
    },
    {
      "type": "Feature",
      "geometry": {
        "type": "Point",
        "coordinates": [
          121.5620109397795,
          25.03366921598652
        ]
      },
      "properties": {
        "city": "臺北市",
        "district": "信義區",
        "category": "綠色商店",
        "name": "7-11信德門市",
        "address": "110台北市信義區松德路200巷10號"
      }
    },
    {
      "type": "Feature",
      "geometry": {
        "type": "Point",
        "coordinates": [
          121.53538311209084,
          25.032536217665424
        ]
      },
      "properties": {
        "city": "臺北市",
        "district": "大安區",
        "category": "綠色商店",
        "name": "7-11信興門市",
        "address": "106台北市大安區信義路四段32號"
      }
    },
    {
      "type": "Feature",
      "geometry": {
        "type": "Point",
        "coordinates": [
          121.56320005665529,
          25.023270592201985
        ]
      },
      "properties": {
        "city": "臺北市",
        "district": "信義區",
        "category": "綠色商店",
        "name": "7-11信醫門市",
        "address": "110台北市信義區吳興街346.348號"
      }
    },
    {
      "type": "Feature",
      "geometry": {
        "type": "Point",
        "coordinates": [
          121.51649706097214,
          25.067988011945918
        ]
      },
      "properties": {
        "city": "臺北市",
        "district": "大同區",
        "category": "綠色商店",
        "name": "7-11保聖門市",
        "address": "103台北市大同區酒泉街58.60號"
      }
    },
    {
      "type": "Feature",
      "geometry": {
        "type": "Point",
        "coordinates": [
          121.52258263849794,
          25.058758321456242
        ]
      },
      "properties": {
        "city": "臺北市",
        "district": "大同區",
        "category": "綠色商店",
        "name": "7-11南西門市",
        "address": "103台北市大同區南京西路316號"
      }
    },
    {
      "type": "Feature",
      "geometry": {
        "type": "Point",
        "coordinates": [
          121.54772706942336,
          25.07201383730351
        ]
      },
      "properties": {
        "city": "臺北市",
        "district": "松山區",
        "category": "綠色商店",
        "name": "7-11南京門市",
        "address": "105台北市松山區南京東路3段303巷5號"
      }
    },
    {
      "type": "Feature",
      "geometry": {
        "type": "Point",
        "coordinates": [
          121.53085767107055,
          25.024402898350246
        ]
      },
      "properties": {
        "city": "臺北市",
        "district": "中正區",
        "category": "綠色商店",
        "name": "7-11南昌門市",
        "address": "100台北市中正區南昌路一段72號"
      }
    },
    {
      "type": "Feature",
      "geometry": {
        "type": "Point",
        "coordinates": [
          121.51393448910285,
          25.029015356876503
        ]
      },
      "properties": {
        "city": "臺北市",
        "district": "中正區",
        "category": "綠色商店",
        "name": "7-11南海門市",
        "address": "100台北市中正區南海路50號"
      }
    },
    {
      "type": "Feature",
      "geometry": {
        "type": "Point",
        "coordinates": [
          121.51139189248919,
          25.025111839128844
        ]
      },
      "properties": {
        "city": "臺北市",
        "district": "萬華區",
        "category": "綠色商店",
        "name": "7-11南機場門市",
        "address": "108台北市萬華區中華路二段366號"
      }
    },
    {
      "type": "Feature",
      "geometry": {
        "type": "Point",
        "coordinates": [
          121.52364046653885,
          25.07682955165907
        ]
      },
      "properties": {
        "city": "臺北市",
        "district": "大同區",
        "category": "綠色商店",
        "name": "7-11哈蜜門市",
        "address": "103台北市大同區重慶北路3段309號."
      }
    },
    {
      "type": "Feature",
      "geometry": {
        "type": "Point",
        "coordinates": [
          121.53113063348664,
          25.078293400969244
        ]
      },
      "properties": {
        "city": "臺北市",
        "district": "中山區",
        "category": "綠色商店",
        "name": "7-11威克門市",
        "address": "104台北市中山區復興北路90號"
      }
    },
    {
      "type": "Feature",
      "geometry": {
        "type": "Point",
        "coordinates": [
          121.5501422240326,
          25.068191634775214
        ]
      },
      "properties": {
        "city": "臺北市",
        "district": "松山區",
        "category": "綠色商店",
        "name": "7-11威京門市",
        "address": "105台北市松山區八德路四段151號"
      }
    },
    {
      "type": "Feature",
      "geometry": {
        "type": "Point",
        "coordinates": [
          121.5305161926239,
          25.028912549233453
        ]
      },
      "properties": {
        "city": "臺北市",
        "district": "大安區",
        "category": "綠色商店",
        "name": "7-11建安門市",
        "address": "106台北市大安區敦化南路一段187巷29號"
      }
    },
    {
      "type": "Feature",
      "geometry": {
        "type": "Point",
        "coordinates": [
          121.5410252454819,
          25.039423626136596
        ]
      },
      "properties": {
        "city": "臺北市",
        "district": "大安區",
        "category": "綠色商店",
        "name": "7-11建忠門市",
        "address": "106台北市大安區忠孝東路三段249號"
      }
    },
    {
      "type": "Feature",
      "geometry": {
        "type": "Point",
        "coordinates": [
          121.53994093112799,
          25.066229083767126
        ]
      },
      "properties": {
        "city": "臺北市",
        "district": "中山區",
        "category": "綠色商店",
        "name": "7-11建欣門市",
        "address": "104台北市中山區建國北路二段65號"
      }
    },
    {
      "type": "Feature",
      "geometry": {
        "type": "Point",
        "coordinates": [
          121.53872582129956,
          25.033397262571565
        ]
      },
      "properties": {
        "city": "臺北市",
        "district": "大安區",
        "category": "綠色商店",
        "name": "7-11建南門市",
        "address": "106台北市大安區建國南路二段151巷6之8號"
      }
    },
    {
      "type": "Feature",
      "geometry": {
        "type": "Point",
        "coordinates": [
          121.55793362295651,
          25.040103169710278
        ]
      },
      "properties": {
        "city": "臺北市",
        "district": "大安區",
        "category": "綠色商店",
        "name": "7-11建綸門市",
        "address": "106台北市大安區仁愛路4段151巷27號"
      }
    },
    {
      "type": "Feature",
      "geometry": {
        "type": "Point",
        "coordinates": [
          121.52449619791595,
          25.071013999290912
        ]
      },
      "properties": {
        "city": "臺北市",
        "district": "中山區",
        "category": "綠色商店",
        "name": "7-11建錦門市",
        "address": "104台北市中山區錦州街308號"
      }
    },
    {
      "type": "Feature",
      "geometry": {
        "type": "Point",
        "coordinates": [
          121.53682893732274,
          25.066859201409027
        ]
      },
      "properties": {
        "city": "臺北市",
        "district": "中山區",
        "category": "綠色商店",
        "name": "7-11建龍門市",
        "address": "104台北市中山區龍江路238號"
      }
    },
    {
      "type": "Feature",
      "geometry": {
        "type": "Point",
        "coordinates": [
          121.54307587297508,
          25.027097327407432
        ]
      },
      "properties": {
        "city": "臺北市",
        "district": "大安區",
        "category": "綠色商店",
        "name": "7-11恆安門市",
        "address": "106台北市大安區永康街7-1號"
      }
    },
    {
      "type": "Feature",
      "geometry": {
        "type": "Point",
        "coordinates": [
          121.58165073874939,
          24.998552415360372
        ]
      },
      "properties": {
        "city": "臺北市",
        "district": "文山區",
        "category": "綠色商店",
        "name": "7-11指南門市",
        "address": "116台北市文山區指南路一段26號"
      }
    },
    {
      "type": "Feature",
      "geometry": {
        "type": "Point",
        "coordinates": [
          121.56633157262529,
          24.989903864332966
        ]
      },
      "properties": {
        "city": "臺北市",
        "district": "文山區",
        "category": "綠色商店",
        "name": "7-11政大門市",
        "address": "116台北市文山區指南路2段99.101號"
      }
    },
    {
      "type": "Feature",
      "geometry": {
        "type": "Point",
        "coordinates": [
          121.56181976293252,
          24.995569918002687
        ]
      },
      "properties": {
        "city": "臺北市",
        "district": "文山區",
        "category": "綠色商店",
        "name": "7-11政揚門市",
        "address": "116台北市文山區指南路二段64號(商學大樓)"
      }
    },
    {
      "type": "Feature",
      "geometry": {
        "type": "Point",
        "coordinates": [
          121.51440178080833,
          25.14024168140506
        ]
      },
      "properties": {
        "city": "臺北市",
        "district": "北投區",
        "category": "綠色商店",
        "name": "7-11政戰門市",
        "address": "112台北市北投區中央北路二段15.17號"
      }
    },
    {
      "type": "Feature",
      "geometry": {
        "type": "Point",
        "coordinates": [
          121.49901228622564,
          25.136028437030873
        ]
      },
      "properties": {
        "city": "臺北市",
        "district": "北投區",
        "category": "綠色商店",
        "name": "7-11春天門市",
        "address": "112台北市北投區泉源路12號"
      }
    },
    {
      "type": "Feature",
      "geometry": {
        "type": "Point",
        "coordinates": [
          121.5402277470131,
          25.058339266961195
        ]
      },
      "properties": {
        "city": "臺北市",
        "district": "中山區",
        "category": "綠色商店",
        "name": "7-11春城門市",
        "address": "104台北市中山區長春路135.135之1號"
      }
    },
    {
      "type": "Feature",
      "geometry": {
        "type": "Point",
        "coordinates": [
          121.54398682478501,
          25.052017495387172
        ]
      },
      "properties": {
        "city": "臺北市",
        "district": "中山區",
        "category": "綠色商店",
        "name": "7-11春森門市",
        "address": "104台北市中山區長春路67號"
      }
    },
    {
      "type": "Feature",
      "geometry": {
        "type": "Point",
        "coordinates": [
          121.52022536426405,
          25.07654326429923
        ]
      },
      "properties": {
        "city": "臺北市",
        "district": "中山區",
        "category": "綠色商店",
        "name": "7-11春龍門市",
        "address": "104台北市中山區長春路257號"
      }
    },
    {
      "type": "Feature",
      "geometry": {
        "type": "Point",
        "coordinates": [
          121.58664491723273,
          25.083866132265282
        ]
      },
      "properties": {
        "city": "臺北市",
        "district": "內湖區",
        "category": "綠色商店",
        "name": "7-11星成門市",
        "address": "114台北市內湖區星雲街17號"
      }
    },
    {
      "type": "Feature",
      "geometry": {
        "type": "Point",
        "coordinates": [
          121.50923731400735,
          25.143769685821578
        ]
      },
      "properties": {
        "city": "臺北市",
        "district": "北投區",
        "category": "綠色商店",
        "name": "7-11泉北門市",
        "address": "112台北市北投區溫泉路70號"
      }
    },
    {
      "type": "Feature",
      "geometry": {
        "type": "Point",
        "coordinates": [
          121.48607729977044,
          25.128164746012814
        ]
      },
      "properties": {
        "city": "臺北市",
        "district": "北投區",
        "category": "綠色商店",
        "name": "7-11泉源門市",
        "address": "112台北市北投區泉源路30號地下一樓"
      }
    },
    {
      "type": "Feature",
      "geometry": {
        "type": "Point",
        "coordinates": [
          121.59330935266128,
          25.07419961853228
        ]
      },
      "properties": {
        "city": "臺北市",
        "district": "內湖區",
        "category": "綠色商店",
        "name": "7-11洲子門市",
        "address": "114台北市內湖區瑞光路517號1樓"
      }
    },
    {
      "type": "Feature",
      "geometry": {
        "type": "Point",
        "coordinates": [
          121.53263395078955,
          25.090783011655702
        ]
      },
      "properties": {
        "city": "臺北市",
        "district": "士林區",
        "category": "綠色商店",
        "name": "7-11洲美門市",
        "address": "111台北市士林區延平北路六段505號"
      }
    },
    {
      "type": "Feature",
      "geometry": {
        "type": "Point",
        "coordinates": [
          121.5150802680999,
          25.030853758567265
        ]
      },
      "properties": {
        "city": "臺北市",
        "district": "中正區",
        "category": "綠色商店",
        "name": "7-11牯嶺門市",
        "address": "106台北市中正區廈門街113巷17號"
      }
    },
    {
      "type": "Feature",
      "geometry": {
        "type": "Point",
        "coordinates": [
          121.60406843097601,
          25.04039910498966
        ]
      },
      "properties": {
        "city": "臺北市",
        "district": "南港區",
        "category": "綠色商店",
        "name": "7-11研究門市",
        "address": "115台北市南港區研究院路2段14號"
      }
    },
    {
      "type": "Feature",
      "geometry": {
        "type": "Point",
        "coordinates": [
          121.5383810314521,
          25.014814604201117
        ]
      },
      "properties": {
        "city": "臺北市",
        "district": "大安區",
        "category": "綠色商店",
        "name": "7-11科技站門市",
        "address": "106台北市大安區復興南路2段203號"
      }
    },
    {
      "type": "Feature",
      "geometry": {
        "type": "Point",
        "coordinates": [
          121.55074207042296,
          25.037142707212876
        ]
      },
      "properties": {
        "city": "臺北市",
        "district": "大安區",
        "category": "綠色商店",
        "name": "7-11科建門市",
        "address": "106台北市大安區建國南路一段28.30號"
      }
    },
    {
      "type": "Feature",
      "geometry": {
        "type": "Point",
        "coordinates": [
          121.54656224749901,
          25.06024533602266
        ]
      },
      "properties": {
        "city": "臺北市",
        "district": "中山區",
        "category": "綠色商店",
        "name": "7-11美麗華門市",
        "address": "104台北市中山區北安路839-1號"
      }
    },
    {
      "type": "Feature",
      "geometry": {
        "type": "Point",
        "coordinates": [
          121.49206107221028,
          25.143052270374884
        ]
      },
      "properties": {
        "city": "臺北市",
        "district": "北投區",
        "category": "綠色商店",
        "name": "7-11致遠門市",
        "address": "112台北市北投區石牌路一段126號"
      }
    },
    {
      "type": "Feature",
      "geometry": {
        "type": "Point",
        "coordinates": [
          121.52954743727292,
          25.0287977963845
        ]
      },
      "properties": {
        "city": "臺北市",
        "district": "中正區",
        "category": "綠色商店",
        "name": "7-11軍總門市",
        "address": "106台北市中正區汀州路三段153.155號"
      }
    },
    {
      "type": "Feature",
      "geometry": {
        "type": "Point",
        "coordinates": [
          121.51713274293792,
          25.05616408352828
        ]
      },
      "properties": {
        "city": "臺北市",
        "district": "大同區",
        "category": "綠色商店",
        "name": "7-11迪化門市",
        "address": "103台北市大同區民生西路343.345號"
      }
    },
    {
      "type": "Feature",
      "geometry": {
        "type": "Point",
        "coordinates": [
          121.52363440879871,
          25.046867526707096
        ]
      },
      "properties": {
        "city": "臺北市",
        "district": "中正區",
        "category": "綠色商店",
        "name": "7-11重南門市",
        "address": "100台北市中正區重慶南路1段75號"
      }
    },
    {
      "type": "Feature",
      "geometry": {
        "type": "Point",
        "coordinates": [
          121.58432395269298,
          25.043451616137634
        ]
      },
      "properties": {
        "city": "臺北市",
        "district": "信義區",
        "category": "綠色商店",
        "name": "7-11革新門市",
        "address": "110台北市信義區永吉路32號"
      }
    },
    {
      "type": "Feature",
      "geometry": {
        "type": "Point",
        "coordinates": [
          121.55129029117515,
          25.0491607035011
        ]
      },
      "properties": {
        "city": "臺北市",
        "district": "松山區",
        "category": "綠色商店",
        "name": "7-11風復門市",
        "address": "105台北市松山區復興南路1段43號"
      }
    },
    {
      "type": "Feature",
      "geometry": {
        "type": "Point",
        "coordinates": [
          121.55111910334881,
          25.052825110238995
        ]
      },
      "properties": {
        "city": "臺北市",
        "district": "松山區",
        "category": "綠色商店",
        "name": "7-11首都門市",
        "address": "105台北市松山區南京東路4段51號之2"
      }
    },
    {
      "type": "Feature",
      "geometry": {
        "type": "Point",
        "coordinates": [
          121.6011073505944,
          25.060602740989573
        ]
      },
      "properties": {
        "city": "臺北市",
        "district": "南港區",
        "category": "綠色商店",
        "name": "7-11香城門市",
        "address": "115台北市南港區南港路一段167號1樓"
      }
    },
    {
      "type": "Feature",
      "geometry": {
        "type": "Point",
        "coordinates": [
          121.53767151424579,
          25.049315541644333
        ]
      },
      "properties": {
        "city": "臺北市",
        "district": "中山區",
        "category": "綠色商店",
        "name": "7-11原中門市",
        "address": "104台北市中山區中原街121號"
      }
    },
    {
      "type": "Feature",
      "geometry": {
        "type": "Point",
        "coordinates": [
          121.55797638134251,
          25.01311336114895
        ]
      },
      "properties": {
        "city": "臺北市",
        "district": "大安區",
        "category": "綠色商店",
        "name": "7-11師大門市",
        "address": "106台北市大安區師大路87號"
      }
    },
    {
      "type": "Feature",
      "geometry": {
        "type": "Point",
        "coordinates": [
          121.59387056610521,
          25.084786285239836
        ]
      },
      "properties": {
        "city": "臺北市",
        "district": "內湖區",
        "category": "綠色商店",
        "name": "7-11悅來門市",
        "address": "114台北市內湖區五分街1號"
      }
    },
    {
      "type": "Feature",
      "geometry": {
        "type": "Point",
        "coordinates": [
          121.50969437942418,
          25.141107872852345
        ]
      },
      "properties": {
        "city": "臺北市",
        "district": "北投區",
        "category": "綠色商店",
        "name": "7-11振華門市",
        "address": "112台北市北投區石牌路2段80.82號"
      }
    },
    {
      "type": "Feature",
      "geometry": {
        "type": "Point",
        "coordinates": [
          121.52952786034123,
          25.03738832289002
        ]
      },
      "properties": {
        "city": "臺北市",
        "district": "中正區",
        "category": "綠色商店",
        "name": "7-11晉江門市",
        "address": "106台北市中正區和平西路一段26號"
      }
    },
    {
      "type": "Feature",
      "geometry": {
        "type": "Point",
        "coordinates": [
          121.57985512594765,
          25.083036376157978
        ]
      },
      "properties": {
        "city": "臺北市",
        "district": "內湖區",
        "category": "綠色商店",
        "name": "7-11晏揚門市",
        "address": "114台北市內湖區康寧路三段99巷14號"
      }
    },
    {
      "type": "Feature",
      "geometry": {
        "type": "Point",
        "coordinates": [
          121.50428199086232,
          25.031262229174104
        ]
      },
      "properties": {
        "city": "臺北市",
        "district": "萬華區",
        "category": "綠色商店",
        "name": "7-11桂明門市",
        "address": "108台北市萬華區桂林路55號"
      }
    },
    {
      "type": "Feature",
      "geometry": {
        "type": "Point",
        "coordinates": [
          121.50069527498907,
          25.03752284530573
        ]
      },
      "properties": {
        "city": "臺北市",
        "district": "萬華區",
        "category": "綠色商店",
        "name": "7-11桂林門市",
        "address": "108台北市萬華區桂林路160號"
      }
    },
    {
      "type": "Feature",
      "geometry": {
        "type": "Point",
        "coordinates": [
          121.53991457756192,
          25.034430228358204
        ]
      },
      "properties": {
        "city": "臺北市",
        "district": "大安區",
        "category": "綠色商店",
        "name": "7-11泰利門市",
        "address": "106台北市大安區仁愛路四段266巷15弄22號"
      }
    },
    {
      "type": "Feature",
      "geometry": {
        "type": "Point",
        "coordinates": [
          121.57257449372041,
          25.034775577100067
        ]
      },
      "properties": {
        "city": "臺北市",
        "district": "信義區",
        "category": "綠色商店",
        "name": "7-11留公門市",
        "address": "110台北市信義區福德街249號"
      }
    },
    {
      "type": "Feature",
      "geometry": {
        "type": "Point",
        "coordinates": [
          121.51595357490588,
          25.08475460692053
        ]
      },
      "properties": {
        "city": "臺北市",
        "district": "士林區",
        "category": "綠色商店",
        "name": "7-11草山門市",
        "address": "111台北市士林區格致路28號"
      }
    },
    {
      "type": "Feature",
      "geometry": {
        "type": "Point",
        "coordinates": [
          121.52860445588374,
          25.057489564392927
        ]
      },
      "properties": {
        "city": "臺北市",
        "district": "大同區",
        "category": "綠色商店",
        "name": "7-11酒泉門市",
        "address": "103台北市大同區酒泉街110號"
      }
    },
    {
      "type": "Feature",
      "geometry": {
        "type": "Point",
        "coordinates": [
          121.56140738957819,
          25.022807596389022
        ]
      },
      "properties": {
        "city": "臺北市",
        "district": "信義區",
        "category": "綠色商店",
        "name": "7-11挹翠門市",
        "address": "110台北市信義區基隆路二段151號"
      }
    },
    {
      "type": "Feature",
      "geometry": {
        "type": "Point",
        "coordinates": [
          121.56994531078753,
          25.073994541992466
        ]
      },
      "properties": {
        "city": "臺北市",
        "district": "松山區",
        "category": "綠色商店",
        "name": "7-11健一門市",
        "address": "105台北市松山區健康路10號"
      }
    },
    {
      "type": "Feature",
      "geometry": {
        "type": "Point",
        "coordinates": [
          121.57883520902334,
          25.04168781656073
        ]
      },
      "properties": {
        "city": "臺北市",
        "district": "信義區",
        "category": "綠色商店",
        "name": "7-11曼哈頓門市",
        "address": "110台北市信義區松壽路12號之B1"
      }
    },
    {
      "type": "Feature",
      "geometry": {
        "type": "Point",
        "coordinates": [
          121.54128820707119,
          25.074188961441322
        ]
      },
      "properties": {
        "city": "臺北市",
        "district": "中山區",
        "category": "綠色商店",
        "name": "7-11國旺門市",
        "address": "104台北市中山區南京東路一段132巷8號"
      }
    },
    {
      "type": "Feature",
      "geometry": {
        "type": "Point",
        "coordinates": [
          121.58105875314195,
          25.022158758577326
        ]
      },
      "properties": {
        "city": "臺北市",
        "district": "信義區",
        "category": "綠色商店",
        "name": "7-11國貿門市",
        "address": "110台北市信義區基隆路一段333號B3"
      }
    },
    {
      "type": "Feature",
      "geometry": {
        "type": "Point",
        "coordinates": [
          121.52769003959253,
          25.050399095758316
        ]
      },
      "properties": {
        "city": "臺北市",
        "district": "中山區",
        "category": "綠色商店",
        "name": "7-11國賓門市",
        "address": "104台北市中山區中山北路二段75-1號"
      }
    },
    {
      "type": "Feature",
      "geometry": {
        "type": "Point",
        "coordinates": [
          121.52712907533952,
          25.049416858726623
        ]
      },
      "properties": {
        "city": "臺北市",
        "district": "中山區",
        "category": "綠色商店",
        "name": "7-11國學門市",
        "address": "104台北市中山區長春路182號"
      }
    },
    {
      "type": "Feature",
      "geometry": {
        "type": "Point",
        "coordinates": [
          121.48479336975066,
          25.019408421486368
        ]
      },
      "properties": {
        "city": "臺北市",
        "district": "萬華區",
        "category": "綠色商店",
        "name": "7-11國興門市",
        "address": "108台北市萬華區國興路104號"
      }
    },
    {
      "type": "Feature",
      "geometry": {
        "type": "Point",
        "coordinates": [
          121.58120333018039,
          25.068055896759358
        ]
      },
      "properties": {
        "city": "臺北市",
        "district": "內湖區",
        "category": "綠色商店",
        "name": "7-11國醫門市",
        "address": "114台北市內湖區成功路二段325號"
      }
    },
    {
      "type": "Feature",
      "geometry": {
        "type": "Point",
        "coordinates": [
          121.48545759853225,
          25.01880388867873
        ]
      },
      "properties": {
        "city": "臺北市",
        "district": "萬華區",
        "category": "綠色商店",
        "name": "7-11國雙門市",
        "address": "108台北市萬華區新忠里西藏路125巷17號"
      }
    },
    {
      "type": "Feature",
      "geometry": {
        "type": "Point",
        "coordinates": [
          121.5439617916388,
          25.070596164044478
        ]
      },
      "properties": {
        "city": "臺北市",
        "district": "中山區",
        "category": "綠色商店",
        "name": "7-11基河門市",
        "address": "104台北市中山區敬業3路162巷212號"
      }
    },
    {
      "type": "Feature",
      "geometry": {
        "type": "Point",
        "coordinates": [
          121.54511481166045,
          25.071437277830384
        ]
      },
      "properties": {
        "city": "臺北市",
        "district": "松山區",
        "category": "綠色商店",
        "name": "7-11婦聯門市",
        "address": "105台北市松山區健康路220號1樓"
      }
    },
    {
      "type": "Feature",
      "geometry": {
        "type": "Point",
        "coordinates": [
          121.5527470934025,
          25.03075923172415
        ]
      },
      "properties": {
        "city": "臺北市",
        "district": "大安區",
        "category": "綠色商店",
        "name": "7-11崇光門市",
        "address": "106台北市大安區復興南路一段135巷5號"
      }
    },
    {
      "type": "Feature",
      "geometry": {
        "type": "Point",
        "coordinates": [
          121.56939630053289,
          25.031438590802345
        ]
      },
      "properties": {
        "city": "臺北市",
        "district": "信義區",
        "category": "綠色商店",
        "name": "7-11崇德門市",
        "address": "110台北市信義區崇德街95號"
      }
    },
    {
      "type": "Feature",
      "geometry": {
        "type": "Point",
        "coordinates": [
          121.5440629876364,
          25.070468737044106
        ]
      },
      "properties": {
        "city": "臺北市",
        "district": "中山區",
        "category": "綠色商店",
        "name": "7-11崑崙門市",
        "address": "104台北市中山區中山北路一段105巷13號"
      }
    },
    {
      "type": "Feature",
      "geometry": {
        "type": "Point",
        "coordinates": [
          121.58800353486586,
          25.084129034629168
        ]
      },
      "properties": {
        "city": "臺北市",
        "district": "內湖區",
        "category": "綠色商店",
        "name": "7-11康明門市",
        "address": "114台北市內湖區康寧路三段165巷23弄1號"
      }
    },
    {
      "type": "Feature",
      "geometry": {
        "type": "Point",
        "coordinates": [
          121.57653553023214,
          24.992396720211893
        ]
      },
      "properties": {
        "city": "臺北市",
        "district": "文山區",
        "category": "綠色商店",
        "name": "7-11康喜門市",
        "address": "116台北市文山區興隆路三段42號"
      }
    },
    {
      "type": "Feature",
      "geometry": {
        "type": "Point",
        "coordinates": [
          121.59383359636092,
          25.067274088289736
        ]
      },
      "properties": {
        "city": "臺北市",
        "district": "內湖區",
        "category": "綠色商店",
        "name": "7-11康雲門市",
        "address": "114台北市內湖區康寧路一段160號"
      }
    },
    {
      "type": "Feature",
      "geometry": {
        "type": "Point",
        "coordinates": [
          121.5907033896944,
          25.07462653443544
        ]
      },
      "properties": {
        "city": "臺北市",
        "district": "內湖區",
        "category": "綠色商店",
        "name": "7-11康寧門市",
        "address": "114台北市內湖區康寧路三段26巷1號"
      }
    },
    {
      "type": "Feature",
      "geometry": {
        "type": "Point",
        "coordinates": [
          121.59883732796428,
          25.07752670244248
        ]
      },
      "properties": {
        "city": "臺北市",
        "district": "內湖區",
        "category": "綠色商店",
        "name": "7-11康醫門市",
        "address": "114台北市內湖區成功路5段420巷30號"
      }
    },
    {
      "type": "Feature",
      "geometry": {
        "type": "Point",
        "coordinates": [
          121.58725430195932,
          25.066089257058
        ]
      },
      "properties": {
        "city": "臺北市",
        "district": "內湖區",
        "category": "綠色商店",
        "name": "7-11彩龍門市",
        "address": "114台北市內湖區行善路35號1F"
      }
    },
    {
      "type": "Feature",
      "geometry": {
        "type": "Point",
        "coordinates": [
          121.58168807522642,
          25.019995116616904
        ]
      },
      "properties": {
        "city": "臺北市",
        "district": "信義區",
        "category": "綠色商店",
        "name": "7-11捷忠門市",
        "address": "110台北市信義區忠孝東路5段617號"
      }
    },
    {
      "type": "Feature",
      "geometry": {
        "type": "Point",
        "coordinates": [
          121.50571876844943,
          25.040401888803146
        ]
      },
      "properties": {
        "city": "臺北市",
        "district": "萬華區",
        "category": "綠色商店",
        "name": "7-11捷盟門市",
        "address": "108台北市萬華區漢中街51號"
      }
    },
    {
      "type": "Feature",
      "geometry": {
        "type": "Point",
        "coordinates": [
          121.5287648262914,
          25.045496672994197
        ]
      },
      "properties": {
        "city": "臺北市",
        "district": "中正區",
        "category": "綠色商店",
        "name": "7-11捷戰門市",
        "address": "100台北市中正區忠孝西路一段50-1號(捷運地下街)"
      }
    },
    {
      "type": "Feature",
      "geometry": {
        "type": "Point",
        "coordinates": [
          121.49937049625741,
          25.032196042373755
        ]
      },
      "properties": {
        "city": "臺北市",
        "district": "萬華區",
        "category": "綠色商店",
        "name": "7-11掬華門市",
        "address": "100台北市萬華區中華路2段407號"
      }
    },
    {
      "type": "Feature",
      "geometry": {
        "type": "Point",
        "coordinates": [
          121.50449749507915,
          25.034290230663906
        ]
      },
      "properties": {
        "city": "臺北市",
        "district": "中正區",
        "category": "綠色商店",
        "name": "7-11教育大門市",
        "address": "100台北市中正區愛國西路1號教育大學內"
      }
    },
    {
      "type": "Feature",
      "geometry": {
        "type": "Point",
        "coordinates": [
          121.53321430396981,
          25.01381907764561
        ]
      },
      "properties": {
        "city": "臺北市",
        "district": "大安區",
        "category": "綠色商店",
        "name": "7-11教育大學門市",
        "address": "106台北市大安區敦南街38號"
      }
    },
    {
      "type": "Feature",
      "geometry": {
        "type": "Point",
        "coordinates": [
          121.52254011670425,
          25.06740396332747
        ]
      },
      "properties": {
        "city": "臺北市",
        "district": "大同區",
        "category": "綠色商店",
        "name": "7-11涼州門市",
        "address": "103台北市大同區延平北路二段260號之1.2"
      }
    },
    {
      "type": "Feature",
      "geometry": {
        "type": "Point",
        "coordinates": [
          121.56110849879407,
          24.990194003921367
        ]
      },
      "properties": {
        "city": "臺北市",
        "district": "文山區",
        "category": "綠色商店",
        "name": "7-11添恩門市",
        "address": "116台北市文山區指南路3段8.10號"
      }
    },
    {
      "type": "Feature",
      "geometry": {
        "type": "Point",
        "coordinates": [
          121.58004106167155,
          25.07479780139867
        ]
      },
      "properties": {
        "city": "臺北市",
        "district": "內湖區",
        "category": "綠色商店",
        "name": "7-11清圳門市",
        "address": "114台北市內湖區東湖路113巷88號"
      }
    },
    {
      "type": "Feature",
      "geometry": {
        "type": "Point",
        "coordinates": [
          121.54928962100568,
          25.074568372819957
        ]
      },
      "properties": {
        "city": "臺北市",
        "district": "松山區",
        "category": "綠色商店",
        "name": "7-11清愿門市",
        "address": "105台北市松山區八德路2段439號"
      }
    },
    {
      "type": "Feature",
      "geometry": {
        "type": "Point",
        "coordinates": [
          121.50903060823246,
          25.041975970963815
        ]
      },
      "properties": {
        "city": "臺北市",
        "district": "中正區",
        "category": "綠色商店",
        "name": "7-11統全門市",
        "address": "106台北市中正區汀州路三段249號"
      }
    },
    {
      "type": "Feature",
      "geometry": {
        "type": "Point",
        "coordinates": [
          121.54718688739348,
          25.052501018432118
        ]
      },
      "properties": {
        "city": "臺北市",
        "district": "松山區",
        "category": "綠色商店",
        "name": "7-11統威門市",
        "address": "105台北市松山區東興路13之1號"
      }
    },
    {
      "type": "Feature",
      "geometry": {
        "type": "Point",
        "coordinates": [
          121.54131993427717,
          25.03755718920655
        ]
      },
      "properties": {
        "city": "臺北市",
        "district": "大安區",
        "category": "綠色商店",
        "name": "7-11統家門市",
        "address": "106台北市大安區忠孝東路4段216巷21號"
      }
    },
    {
      "type": "Feature",
      "geometry": {
        "type": "Point",
        "coordinates": [
          121.49318047108922,
          25.127337425784823
        ]
      },
      "properties": {
        "city": "臺北市",
        "district": "北投區",
        "category": "綠色商店",
        "name": "7-11統勝門市",
        "address": "112台北市北投區自強街82號"
      }
    },
    {
      "type": "Feature",
      "geometry": {
        "type": "Point",
        "coordinates": [
          121.55501125712279,
          25.035788031721054
        ]
      },
      "properties": {
        "city": "臺北市",
        "district": "信義區",
        "category": "綠色商店",
        "name": "7-11統誠門市",
        "address": "110台北市信義區松高路11號B2第57櫃"
      }
    },
    {
      "type": "Feature",
      "geometry": {
        "type": "Point",
        "coordinates": [
          121.52921872776433,
          25.026913384715257
        ]
      },
      "properties": {
        "city": "臺北市",
        "district": "大安區",
        "category": "綠色商店",
        "name": "7-11統領門市",
        "address": "106台北市大安區忠孝東路4段205巷7弄1號"
      }
    },
    {
      "type": "Feature",
      "geometry": {
        "type": "Point",
        "coordinates": [
          121.53060830402539,
          25.040845303081596
        ]
      },
      "properties": {
        "city": "臺北市",
        "district": "中正區",
        "category": "綠色商店",
        "name": "7-11統聯門市",
        "address": "100台北市中正區忠孝東路二段130-2.130-3"
      }
    },
    {
      "type": "Feature",
      "geometry": {
        "type": "Point",
        "coordinates": [
          121.53676302460781,
          25.06594871878274
        ]
      },
      "properties": {
        "city": "臺北市",
        "district": "中山區",
        "category": "綠色商店",
        "name": "7-11莊福門市",
        "address": "104台北市中山區長春路168號"
      }
    },
    {
      "type": "Feature",
      "geometry": {
        "type": "Point",
        "coordinates": [
          121.55353704391013,
          25.021791061227685
        ]
      },
      "properties": {
        "city": "臺北市",
        "district": "大安區",
        "category": "綠色商店",
        "name": "7-11通化門市",
        "address": "106台北市大安區通化街26之8號"
      }
    },
    {
      "type": "Feature",
      "geometry": {
        "type": "Point",
        "coordinates": [
          121.5312570476432,
          25.034812164592058
        ]
      },
      "properties": {
        "city": "臺北市",
        "district": "大安區",
        "category": "綠色商店",
        "name": "7-11頂好門市",
        "address": "106台北市大安區仁愛路4段65號"
      }
    },
    {
      "type": "Feature",
      "geometry": {
        "type": "Point",
        "coordinates": [
          121.53659490415167,
          25.028543278547815
        ]
      },
      "properties": {
        "city": "臺北市",
        "district": "大安區",
        "category": "綠色商店",
        "name": "7-11頂東門市",
        "address": "106台北市大安區大安路一段43號"
      }
    },
    {
      "type": "Feature",
      "geometry": {
        "type": "Point",
        "coordinates": [
          121.54315928259776,
          25.025890724559087
        ]
      },
      "properties": {
        "city": "臺北市",
        "district": "大安區",
        "category": "綠色商店",
        "name": "7-11鹿鳴門市",
        "address": "106台北市大安區羅斯福路4段1號"
      }
    },
    {
      "type": "Feature",
      "geometry": {
        "type": "Point",
        "coordinates": [
          121.52327692406504,
          25.066527029209546
        ]
      },
      "properties": {
        "city": "臺北市",
        "district": "中山區",
        "category": "綠色商店",
        "name": "7-11麥田門市",
        "address": "104台北市中山區晴光里中山北路3段47號"
      }
    },
    {
      "type": "Feature",
      "geometry": {
        "type": "Point",
        "coordinates": [
          121.53861227392846,
          25.103530913677858
        ]
      },
      "properties": {
        "city": "臺北市",
        "district": "士林區",
        "category": "綠色商店",
        "name": "7-11凱立門市",
        "address": "112台北市士林區忠義街68號"
      }
    },
    {
      "type": "Feature",
      "geometry": {
        "type": "Point",
        "coordinates": [
          121.60102555446413,
          25.05298988330623
        ]
      },
      "properties": {
        "city": "臺北市",
        "district": "南港區",
        "category": "綠色商店",
        "name": "7-11凱松門市",
        "address": "115台北市南港區八德路4段808-1.810號1樓."
      }
    },
    {
      "type": "Feature",
      "geometry": {
        "type": "Point",
        "coordinates": [
          121.57381526552224,
          25.02101396480978
        ]
      },
      "properties": {
        "city": "臺北市",
        "district": "信義區",
        "category": "綠色商店",
        "name": "7-11凱悅門市",
        "address": "110台北市信義區基隆路一段366號"
      }
    },
    {
      "type": "Feature",
      "geometry": {
        "type": "Point",
        "coordinates": [
          121.53929131466742,
          25.074898931890278
        ]
      },
      "properties": {
        "city": "臺北市",
        "district": "中山區",
        "category": "綠色商店",
        "name": "7-11勝權門市",
        "address": "104台北市中山區民權東路二段26號"
      }
    },
    {
      "type": "Feature",
      "geometry": {
        "type": "Point",
        "coordinates": [
          121.51045997528132,
          25.039228991040716
        ]
      },
      "properties": {
        "city": "臺北市",
        "district": "中正區",
        "category": "綠色商店",
        "name": "7-11博美門市",
        "address": "100台北市中正區博愛路98號"
      }
    },
    {
      "type": "Feature",
      "geometry": {
        "type": "Point",
        "coordinates": [
          121.51552792633657,
          25.02610460791097
        ]
      },
      "properties": {
        "city": "臺北市",
        "district": "中正區",
        "category": "綠色商店",
        "name": "7-11博源門市",
        "address": "100台北市中正區思源街16號"
      }
    },
    {
      "type": "Feature",
      "geometry": {
        "type": "Point",
        "coordinates": [
          121.5414340385201,
          25.018843735708316
        ]
      },
      "properties": {
        "city": "臺北市",
        "district": "大安區",
        "category": "綠色商店",
        "name": "7-11喜悅門市",
        "address": "106台北市大安區復興南路2段80號"
      }
    },
    {
      "type": "Feature",
      "geometry": {
        "type": "Point",
        "coordinates": [
          121.4871019916965,
          25.0404998640808
        ]
      },
      "properties": {
        "city": "臺北市",
        "district": "萬華區",
        "category": "綠色商店",
        "name": "7-11富帆門市",
        "address": "100台北市萬華區華中里萬大路464號一樓"
      }
    },
    {
      "type": "Feature",
      "geometry": {
        "type": "Point",
        "coordinates": [
          121.50539854421542,
          25.131688769317336
        ]
      },
      "properties": {
        "city": "臺北市",
        "district": "北投區",
        "category": "綠色商店",
        "name": "7-11富邦門市",
        "address": "112台北市北投區實踐街22.24號"
      }
    },
    {
      "type": "Feature",
      "geometry": {
        "type": "Point",
        "coordinates": [
          121.59344353179044,
          25.06687569946599
        ]
      },
      "properties": {
        "city": "臺北市",
        "district": "內湖區",
        "category": "綠色商店",
        "name": "7-11富港門市",
        "address": "114台北市內湖區港富里港墘路15號1樓"
      }
    },
    {
      "type": "Feature",
      "geometry": {
        "type": "Point",
        "coordinates": [
          121.5425783468477,
          25.016333927042997
        ]
      },
      "properties": {
        "city": "臺北市",
        "district": "大安區",
        "category": "綠色商店",
        "name": "7-11富陽門市",
        "address": "106台北市大安區和平東路3段310號"
      }
    },
    {
      "type": "Feature",
      "geometry": {
        "type": "Point",
        "coordinates": [
          121.53961479705595,
          25.070722882561185
        ]
      },
      "properties": {
        "city": "臺北市",
        "district": "中山區",
        "category": "綠色商店",
        "name": "7-11復北門市",
        "address": "104台北市中山區復興北路164號"
      }
    },
    {
      "type": "Feature",
      "geometry": {
        "type": "Point",
        "coordinates": [
          121.572253654721,
          25.061453966583375
        ]
      },
      "properties": {
        "city": "臺北市",
        "district": "松山區",
        "category": "綠色商店",
        "name": "7-11復旦門市",
        "address": "105台北市松山區敦化南路1段5號"
      }
    },
    {
      "type": "Feature",
      "geometry": {
        "type": "Point",
        "coordinates": [
          121.55301412536426,
          25.055866079929057
        ]
      },
      "properties": {
        "city": "臺北市",
        "district": "松山區",
        "category": "綠色商店",
        "name": "7-11復安門市",
        "address": "105台北市松山區復興北路231巷6號"
      }
    },
    {
      "type": "Feature",
      "geometry": {
        "type": "Point",
        "coordinates": [
          121.54851449519732,
          25.03158517666356
        ]
      },
      "properties": {
        "city": "臺北市",
        "district": "大安區",
        "category": "綠色商店",
        "name": "7-11復昌門市",
        "address": "106台北市大安區通化里光復南路616號"
      }
    },
    {
      "type": "Feature",
      "geometry": {
        "type": "Point",
        "coordinates": [
          121.562987040188,
          25.06984747226349
        ]
      },
      "properties": {
        "city": "臺北市",
        "district": "松山區",
        "category": "綠色商店",
        "name": "7-11復春門市",
        "address": "105台北市松山區復興北路179號"
      }
    },
    {
      "type": "Feature",
      "geometry": {
        "type": "Point",
        "coordinates": [
          121.55358633816101,
          25.0275941144339
        ]
      },
      "properties": {
        "city": "臺北市",
        "district": "大安區",
        "category": "綠色商店",
        "name": "7-11復維門市",
        "address": "106台北市大安區復興南路二段17號"
      }
    },
    {
      "type": "Feature",
      "geometry": {
        "type": "Point",
        "coordinates": [
          121.52625219916878,
          25.078567619178095
        ]
      },
      "properties": {
        "city": "臺北市",
        "district": "中山區",
        "category": "綠色商店",
        "name": "7-11復錦門市",
        "address": "104台北市中山區復興北路352號"
      }
    },
    {
      "type": "Feature",
      "geometry": {
        "type": "Point",
        "coordinates": [
          121.57350769208234,
          25.01903092654419
        ]
      },
      "properties": {
        "city": "臺北市",
        "district": "信義區",
        "category": "綠色商店",
        "name": "7-11惠安門市",
        "address": "110台北市信義區惠安里吳興街520號"
      }
    },
    {
      "type": "Feature",
      "geometry": {
        "type": "Point",
        "coordinates": [
          121.5537679217843,
          25.049501012018755
        ]
      },
      "properties": {
        "city": "臺北市",
        "district": "松山區",
        "category": "綠色商店",
        "name": "7-11敦化門市",
        "address": "105台北市松山區敦化北路222巷50號"
      }
    },
    {
      "type": "Feature",
      "geometry": {
        "type": "Point",
        "coordinates": [
          121.56439577669374,
          25.07158230969195
        ]
      },
      "properties": {
        "city": "臺北市",
        "district": "松山區",
        "category": "綠色商店",
        "name": "7-11敦北門市",
        "address": "105台北市松山區敦化北路143號"
      }
    },
    {
      "type": "Feature",
      "geometry": {
        "type": "Point",
        "coordinates": [
          121.5542908303249,
          25.039988763273687
        ]
      },
      "properties": {
        "city": "臺北市",
        "district": "大安區",
        "category": "綠色商店",
        "name": "7-11敦安門市",
        "address": "106台北市大安區安和路一段86號"
      }
    },
    {
      "type": "Feature",
      "geometry": {
        "type": "Point",
        "coordinates": [
          121.53594654436249,
          25.02233551931826
        ]
      },
      "properties": {
        "city": "臺北市",
        "district": "大安區",
        "category": "綠色商店",
        "name": "7-11敦信門市",
        "address": "106台北市大安區敦化南路1段329巷17號"
      }
    },
    {
      "type": "Feature",
      "geometry": {
        "type": "Point",
        "coordinates": [
          121.5467820147291,
          25.03466625273392
        ]
      },
      "properties": {
        "city": "臺北市",
        "district": "大安區",
        "category": "綠色商店",
        "name": "7-11敦南門市",
        "address": "106台北市大安區敦化南路一段236巷13號"
      }
    },
    {
      "type": "Feature",
      "geometry": {
        "type": "Point",
        "coordinates": [
          121.57775818764391,
          25.02767809123085
        ]
      },
      "properties": {
        "city": "臺北市",
        "district": "信義區",
        "category": "綠色商店",
        "name": "7-11敦厚門市",
        "address": "110台北市信義區永吉路30巷178弄1號"
      }
    },
    {
      "type": "Feature",
      "geometry": {
        "type": "Point",
        "coordinates": [
          121.54418679005775,
          25.028741087711612
        ]
      },
      "properties": {
        "city": "臺北市",
        "district": "大安區",
        "category": "綠色商店",
        "name": "7-11敦頂門市",
        "address": "106台北市大安區忠孝東路4段101巷7號"
      }
    },
    {
      "type": "Feature",
      "geometry": {
        "type": "Point",
        "coordinates": [
          121.55239575897613,
          25.021965193575664
        ]
      },
      "properties": {
        "city": "臺北市",
        "district": "大安區",
        "category": "綠色商店",
        "name": "7-11敦隆門市",
        "address": "106台北市大安區敦化南路2段200巷16號"
      }
    },
    {
      "type": "Feature",
      "geometry": {
        "type": "Point",
        "coordinates": [
          121.53433901949701,
          25.037297370582465
        ]
      },
      "properties": {
        "city": "臺北市",
        "district": "大安區",
        "category": "綠色商店",
        "name": "7-11敦維門市",
        "address": "106台北市大安區四維路21號"
      }
    },
    {
      "type": "Feature",
      "geometry": {
        "type": "Point",
        "coordinates": [
          121.55582493764598,
          25.021290241599452
        ]
      },
      "properties": {
        "city": "臺北市",
        "district": "大安區",
        "category": "綠色商店",
        "name": "7-11敦親門市",
        "address": "106台北市大安區辛亥路二段171巷8號"
      }
    },
    {
      "type": "Feature",
      "geometry": {
        "type": "Point",
        "coordinates": [
          121.53622334508378,
          25.053504484018116
        ]
      },
      "properties": {
        "city": "臺北市",
        "district": "中山區",
        "category": "綠色商店",
        "name": "7-11晶華門市",
        "address": "104台北市中山區林森北路262號"
      }
    },
    {
      "type": "Feature",
      "geometry": {
        "type": "Point",
        "coordinates": [
          121.56502758070143,
          24.994968511559275
        ]
      },
      "properties": {
        "city": "臺北市",
        "district": "文山區",
        "category": "綠色商店",
        "name": "7-11景中門市",
        "address": "116台北市文山區景文里景文街96.98號"
      }
    },
    {
      "type": "Feature",
      "geometry": {
        "type": "Point",
        "coordinates": [
          121.57824899299865,
          24.987910879484826
        ]
      },
      "properties": {
        "city": "臺北市",
        "district": "文山區",
        "category": "綠色商店",
        "name": "7-11景高門市",
        "address": "116台北市文山區景華里景興路14號"
      }
    },
    {
      "type": "Feature",
      "geometry": {
        "type": "Point",
        "coordinates": [
          121.56689796446629,
          24.9783520179165
        ]
      },
      "properties": {
        "city": "臺北市",
        "district": "文山區",
        "category": "綠色商店",
        "name": "7-11景捷門市",
        "address": "116台北市文山區景福街252號"
      }
    },
    {
      "type": "Feature",
      "geometry": {
        "type": "Point",
        "coordinates": [
          121.59092045565579,
          24.991118944447386
        ]
      },
      "properties": {
        "city": "臺北市",
        "district": "文山區",
        "category": "綠色商店",
        "name": "7-11景華門市",
        "address": "116台北市文山區興東里景華街130號"
      }
    },
    {
      "type": "Feature",
      "geometry": {
        "type": "Point",
        "coordinates": [
          121.57799918705763,
          25.00193557341801
        ]
      },
      "properties": {
        "city": "臺北市",
        "district": "文山區",
        "category": "綠色商店",
        "name": "7-11景興門市",
        "address": "116台北市文山區景興路113.115號."
      }
    },
    {
      "type": "Feature",
      "geometry": {
        "type": "Point",
        "coordinates": [
          121.52877981754654,
          25.067352573521543
        ]
      },
      "properties": {
        "city": "臺北市",
        "district": "中山區",
        "category": "綠色商店",
        "name": "7-11曾德門市",
        "address": "104台北市中山區錦州街21-2號"
      }
    },
    {
      "type": "Feature",
      "geometry": {
        "type": "Point",
        "coordinates": [
          121.54987913009643,
          25.054671574831684
        ]
      },
      "properties": {
        "city": "臺北市",
        "district": "松山區",
        "category": "綠色商店",
        "name": "7-11朝福門市",
        "address": "105台北市松山區三民路115號"
      }
    },
    {
      "type": "Feature",
      "geometry": {
        "type": "Point",
        "coordinates": [
          121.53050002145069,
          25.077595186886438
        ]
      },
      "properties": {
        "city": "臺北市",
        "district": "中山區",
        "category": "綠色商店",
        "name": "7-11森北門市",
        "address": "104台北市中山區林森北路110.112號"
      }
    },
    {
      "type": "Feature",
      "geometry": {
        "type": "Point",
        "coordinates": [
          121.59584444838536,
          25.069139510794642
        ]
      },
      "properties": {
        "city": "臺北市",
        "district": "內湖區",
        "category": "綠色商店",
        "name": "7-11港華門市",
        "address": "114台北市內湖區港華街53號"
      }
    },
    {
      "type": "Feature",
      "geometry": {
        "type": "Point",
        "coordinates": [
          121.61422184715032,
          25.04532799107469
        ]
      },
      "properties": {
        "city": "臺北市",
        "district": "南港區",
        "category": "綠色商店",
        "name": "7-11港福門市",
        "address": "115台北市南港區興華路90號"
      }
    },
    {
      "type": "Feature",
      "geometry": {
        "type": "Point",
        "coordinates": [
          121.60289031537081,
          25.05053640010445
        ]
      },
      "properties": {
        "city": "臺北市",
        "district": "南港區",
        "category": "綠色商店",
        "name": "7-11港德門市",
        "address": "115台北市南港區福德街373巷25號"
      }
    },
    {
      "type": "Feature",
      "geometry": {
        "type": "Point",
        "coordinates": [
          121.61302073048402,
          25.068060650411233
        ]
      },
      "properties": {
        "city": "臺北市",
        "district": "南港區",
        "category": "綠色商店",
        "name": "7-11港興門市",
        "address": "115台北市南港區興華路119.121.123.125號"
      }
    },
    {
      "type": "Feature",
      "geometry": {
        "type": "Point",
        "coordinates": [
          121.59563896918817,
          25.07129132920768
        ]
      },
      "properties": {
        "city": "臺北市",
        "district": "內湖區",
        "category": "綠色商店",
        "name": "7-11港鑫門市",
        "address": "114台北市內湖區內湖路1段737巷35號"
      }
    },
    {
      "type": "Feature",
      "geometry": {
        "type": "Point",
        "coordinates": [
          121.51781753564094,
          25.069866183804734
        ]
      },
      "properties": {
        "city": "臺北市",
        "district": "大同區",
        "category": "綠色商店",
        "name": "7-11湧久門市",
        "address": "103台北市大同區延平北路4段157.159號"
      }
    },
    {
      "type": "Feature",
      "geometry": {
        "type": "Point",
        "coordinates": [
          121.6011128582943,
          25.083821137300344
        ]
      },
      "properties": {
        "city": "臺北市",
        "district": "內湖區",
        "category": "綠色商店",
        "name": "7-11紫陽門市",
        "address": "114台北市內湖區紫陽里陽光街159號"
      }
    },
    {
      "type": "Feature",
      "geometry": {
        "type": "Point",
        "coordinates": [
          121.58526032196487,
          25.061266675994286
        ]
      },
      "properties": {
        "city": "臺北市",
        "district": "內湖區",
        "category": "綠色商店",
        "name": "7-11紫新門市",
        "address": "114台北市內湖區成功路三段201號1樓"
      }
    },
    {
      "type": "Feature",
      "geometry": {
        "type": "Point",
        "coordinates": [
          121.51233318395319,
          25.033266068393175
        ]
      },
      "properties": {
        "city": "臺北市",
        "district": "中正區",
        "category": "綠色商店",
        "name": "7-11華山門市",
        "address": "100台北市中正區忠孝東路1段138號"
      }
    },
    {
      "type": "Feature",
      "geometry": {
        "type": "Point",
        "coordinates": [
          121.4972460486911,
          25.035392235984435
        ]
      },
      "properties": {
        "city": "臺北市",
        "district": "萬華區",
        "category": "綠色商店",
        "name": "7-11華江門市",
        "address": "108台北市萬華區華江里20鄰環河南路2段200號"
      }
    },
    {
      "type": "Feature",
      "geometry": {
        "type": "Point",
        "coordinates": [
          121.59251664396236,
          25.062221051807228
        ]
      },
      "properties": {
        "city": "臺北市",
        "district": "南港區",
        "category": "綠色商店",
        "name": "7-11華技門市",
        "address": "115台北市南港區研究院路三段70號"
      }
    },
    {
      "type": "Feature",
      "geometry": {
        "type": "Point",
        "coordinates": [
          121.5257369503829,
          25.09541376112715
        ]
      },
      "properties": {
        "city": "臺北市",
        "district": "士林區",
        "category": "綠色商店",
        "name": "7-11華岡門市",
        "address": "111台北市士林區光華路26巷7-1號"
      }
    },
    {
      "type": "Feature",
      "geometry": {
        "type": "Point",
        "coordinates": [
          121.6186350449011,
          25.040267279961686
        ]
      },
      "properties": {
        "city": "臺北市",
        "district": "南港區",
        "category": "綠色商店",
        "name": "7-11華院門市",
        "address": "115台北市南港區研究院路三段234號"
      }
    },
    {
      "type": "Feature",
      "geometry": {
        "type": "Point",
        "coordinates": [
          121.60444288549337,
          25.067267991846897
        ]
      },
      "properties": {
        "city": "臺北市",
        "district": "內湖區",
        "category": "綠色商店",
        "name": "7-11華經門市",
        "address": "114台北市內湖區行忠路30號"
      }
    },
    {
      "type": "Feature",
      "geometry": {
        "type": "Point",
        "coordinates": [
          121.55494124285785,
          25.032604834475396
        ]
      },
      "properties": {
        "city": "臺北市",
        "district": "大安區",
        "category": "綠色商店",
        "name": "7-11華電門市",
        "address": "106台北市大安區通化街177號"
      }
    },
    {
      "type": "Feature",
      "geometry": {
        "type": "Point",
        "coordinates": [
          121.52570978040463,
          25.03528561806759
        ]
      },
      "properties": {
        "city": "臺北市",
        "district": "中正區",
        "category": "綠色商店",
        "name": "7-11華慶門市",
        "address": "100台北市中正區中華路一段59之16號"
      }
    },
    {
      "type": "Feature",
      "geometry": {
        "type": "Point",
        "coordinates": [
          121.57711436923064,
          24.997423473248194
        ]
      },
      "properties": {
        "city": "臺北市",
        "district": "文山區",
        "category": "綠色商店",
        "name": "7-11華興門市",
        "address": "116台北市文山區木柵路一段168.170號"
      }
    },
    {
      "type": "Feature",
      "geometry": {
        "type": "Point",
        "coordinates": [
          121.50430109335909,
          25.047810096498857
        ]
      },
      "properties": {
        "city": "臺北市",
        "district": "萬華區",
        "category": "綠色商店",
        "name": "7-11華雙門市",
        "address": "108台北市萬華區環河南路二段252號"
      }
    },
    {
      "type": "Feature",
      "geometry": {
        "type": "Point",
        "coordinates": [
          121.51341062392753,
          25.09678656113943
        ]
      },
      "properties": {
        "city": "臺北市",
        "district": "士林區",
        "category": "綠色商店",
        "name": "7-11華齡門市",
        "address": "111台北市士林區華齡街20號"
      }
    },
    {
      "type": "Feature",
      "geometry": {
        "type": "Point",
        "coordinates": [
          121.58276792286259,
          25.02098660834138
        ]
      },
      "properties": {
        "city": "臺北市",
        "district": "信義區",
        "category": "綠色商店",
        "name": "7-11萊福門市",
        "address": "110台北市信義區林口街48號"
      }
    },
    {
      "type": "Feature",
      "geometry": {
        "type": "Point",
        "coordinates": [
          121.52111629067115,
          25.066462911854504
        ]
      },
      "properties": {
        "city": "臺北市",
        "district": "大同區",
        "category": "綠色商店",
        "name": "7-11詠樂門市",
        "address": "103台北市大同區永樂里迪化街一段32巷2號"
      }
    },
    {
      "type": "Feature",
      "geometry": {
        "type": "Point",
        "coordinates": [
          121.57902895622182,
          25.033048982052083
        ]
      },
      "properties": {
        "city": "臺北市",
        "district": "信義區",
        "category": "綠色商店",
        "name": "7-11開源門市",
        "address": "110台北市信義區松山路136.138號"
      }
    },
    {
      "type": "Feature",
      "geometry": {
        "type": "Point",
        "coordinates": [
          121.49007127269813,
          25.036406531586188
        ]
      },
      "properties": {
        "city": "臺北市",
        "district": "萬華區",
        "category": "綠色商店",
        "name": "7-11開寧門市",
        "address": "108台北市萬華區西寧南路16號"
      }
    },
    {
      "type": "Feature",
      "geometry": {
        "type": "Point",
        "coordinates": [
          121.51419287971589,
          25.021867987485606
        ]
      },
      "properties": {
        "city": "臺北市",
        "district": "中正區",
        "category": "綠色商店",
        "name": "7-11開懷門市",
        "address": "100台北市中正區開封街一段25號"
      }
    },
    {
      "type": "Feature",
      "geometry": {
        "type": "Point",
        "coordinates": [
          121.54940089860595,
          25.032429488677153
        ]
      },
      "properties": {
        "city": "臺北市",
        "district": "大安區",
        "category": "綠色商店",
        "name": "7-11隆昌門市",
        "address": "106台北市大安區基隆路二段142-2號"
      }
    },
    {
      "type": "Feature",
      "geometry": {
        "type": "Point",
        "coordinates": [
          121.61563990815326,
          25.06609624650649
        ]
      },
      "properties": {
        "city": "臺北市",
        "district": "南港區",
        "category": "綠色商店",
        "name": "7-11雄強門市",
        "address": "115台北市南港區忠孝東路六段276號"
      }
    },
    {
      "type": "Feature",
      "geometry": {
        "type": "Point",
        "coordinates": [
          121.50902811540128,
          25.09012151150069
        ]
      },
      "properties": {
        "city": "臺北市",
        "district": "士林區",
        "category": "綠色商店",
        "name": "7-11集鑫門市",
        "address": "111台北市士林區延平北路6段202.204號"
      }
    },
    {
      "type": "Feature",
      "geometry": {
        "type": "Point",
        "coordinates": [
          121.58927066491344,
          25.055562167820508
        ]
      },
      "properties": {
        "city": "臺北市",
        "district": "內湖區",
        "category": "綠色商店",
        "name": "7-11匯陽門市",
        "address": "114台北市內湖區陽光街383號"
      }
    },
    {
      "type": "Feature",
      "geometry": {
        "type": "Point",
        "coordinates": [
          121.49971604531191,
          25.038572481361975
        ]
      },
      "properties": {
        "city": "臺北市",
        "district": "萬華區",
        "category": "綠色商店",
        "name": "7-11園舺門市",
        "address": "108台北市萬華區西園路二段140巷52號"
      }
    },
    {
      "type": "Feature",
      "geometry": {
        "type": "Point",
        "coordinates": [
          121.51865390509892,
          25.07657529707579
        ]
      },
      "properties": {
        "city": "臺北市",
        "district": "中山區",
        "category": "綠色商店",
        "name": "7-11圓武門市",
        "address": "104台北市中山區吉林路28號"
      }
    },
    {
      "type": "Feature",
      "geometry": {
        "type": "Point",
        "coordinates": [
          121.51675414852366,
          25.06210598736211
        ]
      },
      "properties": {
        "city": "臺北市",
        "district": "大同區",
        "category": "綠色商店",
        "name": "7-11圓慶門市",
        "address": "103台北市大同區南京西路127號"
      }
    },
    {
      "type": "Feature",
      "geometry": {
        "type": "Point",
        "coordinates": [
          121.51140591217597,
          25.071381459259186
        ]
      },
      "properties": {
        "city": "臺北市",
        "district": "大同區",
        "category": "綠色商店",
        "name": "7-11塔城門市",
        "address": "103台北市大同區長安西路342號"
      }
    },
    {
      "type": "Feature",
      "geometry": {
        "type": "Point",
        "coordinates": [
          121.54502507659696,
          25.059783421637352
        ]
      },
      "properties": {
        "city": "臺北市",
        "district": "松山區",
        "category": "綠色商店",
        "name": "7-11塔優門市",
        "address": "105台北市松山區新東街30巷44號"
      }
    },
    {
      "type": "Feature",
      "geometry": {
        "type": "Point",
        "coordinates": [
          121.61703454869956,
          25.050316375778923
        ]
      },
      "properties": {
        "city": "臺北市",
        "district": "南港區",
        "category": "綠色商店",
        "name": "7-11慈愛門市",
        "address": "115台北市南港區重陽路164號"
      }
    },
    {
      "type": "Feature",
      "geometry": {
        "type": "Point",
        "coordinates": [
          121.58462439175781,
          25.027008482100324
        ]
      },
      "properties": {
        "city": "臺北市",
        "district": "信義區",
        "category": "綠色商店",
        "name": "7-11敬仁門市",
        "address": "110台北市信義區莊敬路470號"
      }
    },
    {
      "type": "Feature",
      "geometry": {
        "type": "Point",
        "coordinates": [
          121.52429002424084,
          25.07883037718439
        ]
      },
      "properties": {
        "city": "臺北市",
        "district": "中山區",
        "category": "綠色商店",
        "name": "7-11敬群門市",
        "address": "104台北市中山區樂群2路142號"
      }
    },
    {
      "type": "Feature",
      "geometry": {
        "type": "Point",
        "coordinates": [
          121.56180244786589,
          25.03575129815015
        ]
      },
      "properties": {
        "city": "臺北市",
        "district": "信義區",
        "category": "綠色商店",
        "name": "7-11新三連門市",
        "address": "110台北市信義區逸仙路42巷27號"
      }
    },
    {
      "type": "Feature",
      "geometry": {
        "type": "Point",
        "coordinates": [
          121.536539405738,
          25.07693255841395
        ]
      },
      "properties": {
        "city": "臺北市",
        "district": "士林區",
        "category": "綠色商店",
        "name": "7-11新士林門市",
        "address": "111台北市士林區大東路82號"
      }
    },
    {
      "type": "Feature",
      "geometry": {
        "type": "Point",
        "coordinates": [
          121.53638293582847,
          25.075774622933793
        ]
      },
      "properties": {
        "city": "臺北市",
        "district": "中山區",
        "category": "綠色商店",
        "name": "7-11新大直門市",
        "address": "104台北市中山區北安路621巷48號"
      }
    },
    {
      "type": "Feature",
      "geometry": {
        "type": "Point",
        "coordinates": [
          121.53294901007395,
          25.090358951030105
        ]
      },
      "properties": {
        "city": "臺北市",
        "district": "士林區",
        "category": "綠色商店",
        "name": "7-11新大學門市",
        "address": "111台北市士林區華岡路55號2樓"
      }
    },
    {
      "type": "Feature",
      "geometry": {
        "type": "Point",
        "coordinates": [
          121.57657276672806,
          25.0270174703435
        ]
      },
      "properties": {
        "city": "臺北市",
        "district": "信義區",
        "category": "綠色商店",
        "name": "7-11新工農門市",
        "address": "110台北市信義區忠孝東路5段236巷6-3.8號1樓"
      }
    },
    {
      "type": "Feature",
      "geometry": {
        "type": "Point",
        "coordinates": [
          121.53744845670118,
          25.07900300735922
        ]
      },
      "properties": {
        "city": "臺北市",
        "district": "士林區",
        "category": "綠色商店",
        "name": "7-11新天強門市",
        "address": "111台北市士林區克強路13之1號"
      }
    },
    {
      "type": "Feature",
      "geometry": {
        "type": "Point",
        "coordinates": [
          121.53479088509523,
          25.086649290360658
        ]
      },
      "properties": {
        "city": "臺北市",
        "district": "士林區",
        "category": "綠色商店",
        "name": "7-11新文門市",
        "address": "112台北市士林區文昌路64號"
      }
    },
    {
      "type": "Feature",
      "geometry": {
        "type": "Point",
        "coordinates": [
          121.56112765410073,
          24.981676621895687
        ]
      },
      "properties": {
        "city": "臺北市",
        "district": "文山區",
        "category": "綠色商店",
        "name": "7-11新安康門市",
        "address": "116台北市文山區木柵路二段88.90號1樓"
      }
    },
    {
      "type": "Feature",
      "geometry": {
        "type": "Point",
        "coordinates": [
          121.53102392880487,
          25.0590428182726
        ]
      },
      "properties": {
        "city": "臺北市",
        "district": "中山區",
        "category": "綠色商店",
        "name": "7-11新西華門市",
        "address": "104台北市中山區民生東路3段31號"
      }
    },
    {
      "type": "Feature",
      "geometry": {
        "type": "Point",
        "coordinates": [
          121.57904248284167,
          24.983100951982596
        ]
      },
      "properties": {
        "city": "臺北市",
        "district": "文山區",
        "category": "綠色商店",
        "name": "7-11新秀門市",
        "address": "116台北市文山區秀明路二段6號"
      }
    },
    {
      "type": "Feature",
      "geometry": {
        "type": "Point",
        "coordinates": [
          121.51035063626227,
          25.0916058332448
        ]
      },
      "properties": {
        "city": "臺北市",
        "district": "士林區",
        "category": "綠色商店",
        "name": "7-11新忠誠門市",
        "address": "111台北市士林區忠誠路一段23號"
      }
    },
    {
      "type": "Feature",
      "geometry": {
        "type": "Point",
        "coordinates": [
          121.52272326938828,
          25.08950958827488
        ]
      },
      "properties": {
        "city": "臺北市",
        "district": "士林區",
        "category": "綠色商店",
        "name": "7-11新承德門市",
        "address": "111台北市士林區承德路4段30號"
      }
    },
    {
      "type": "Feature",
      "geometry": {
        "type": "Point",
        "coordinates": [
          121.51380850318942,
          25.09682035460929
        ]
      },
      "properties": {
        "city": "臺北市",
        "district": "士林區",
        "category": "綠色商店",
        "name": "7-11新東吳門市",
        "address": "111台北市士林區臨溪路70號"
      }
    },
    {
      "type": "Feature",
      "geometry": {
        "type": "Point",
        "coordinates": [
          121.54718420870083,
          25.040896509692132
        ]
      },
      "properties": {
        "city": "臺北市",
        "district": "大安區",
        "category": "綠色商店",
        "name": "7-11新東帝門市",
        "address": "106台北市大安區敦化南路2段97號"
      }
    },
    {
      "type": "Feature",
      "geometry": {
        "type": "Point",
        "coordinates": [
          121.57475504517569,
          25.039985443088042
        ]
      },
      "properties": {
        "city": "臺北市",
        "district": "信義區",
        "category": "綠色商店",
        "name": "7-11新東宮門市",
        "address": "110台北市信義區松山路455號"
      }
    },
    {
      "type": "Feature",
      "geometry": {
        "type": "Point",
        "coordinates": [
          121.51056791803865,
          25.02244255789839
        ]
      },
      "properties": {
        "city": "臺北市",
        "district": "中正區",
        "category": "綠色商店",
        "name": "7-11新南門市",
        "address": "100台北市中正區新生南路1段130號"
      }
    },
    {
      "type": "Feature",
      "geometry": {
        "type": "Point",
        "coordinates": [
          121.4864821958205,
          25.03160402691189
        ]
      },
      "properties": {
        "city": "臺北市",
        "district": "萬華區",
        "category": "綠色商店",
        "name": "7-11新峨嵋門市",
        "address": "108台北市萬華區峨嵋街111之2號之3號"
      }
    },
    {
      "type": "Feature",
      "geometry": {
        "type": "Point",
        "coordinates": [
          121.50816697961754,
          25.040491516841453
        ]
      },
      "properties": {
        "city": "臺北市",
        "district": "中正區",
        "category": "綠色商店",
        "name": "7-11新格蘭門市",
        "address": "100台北市中正區衡陽路27號"
      }
    },
    {
      "type": "Feature",
      "geometry": {
        "type": "Point",
        "coordinates": [
          121.53030770841681,
          25.020293617359595
        ]
      },
      "properties": {
        "city": "臺北市",
        "district": "大安區",
        "category": "綠色商店",
        "name": "7-11新泰順門市",
        "address": "106台北市大安區泰順街13號"
      }
    },
    {
      "type": "Feature",
      "geometry": {
        "type": "Point",
        "coordinates": [
          121.49561231794783,
          25.0407859858801
        ]
      },
      "properties": {
        "city": "臺北市",
        "district": "萬華區",
        "category": "綠色商店",
        "name": "7-11新起門市",
        "address": "100台北市萬華區新起里長沙街二段104號"
      }
    },
    {
      "type": "Feature",
      "geometry": {
        "type": "Point",
        "coordinates": [
          121.52944920055062,
          25.026482605492674
        ]
      },
      "properties": {
        "city": "臺北市",
        "district": "大安區",
        "category": "綠色商店",
        "name": "7-11新國聯門市",
        "address": "106台北市大安區光復南路180巷12號"
      }
    },
    {
      "type": "Feature",
      "geometry": {
        "type": "Point",
        "coordinates": [
          121.516074695864,
          25.040516345391246
        ]
      },
      "properties": {
        "city": "臺北市",
        "district": "中正區",
        "category": "綠色商店",
        "name": "7-11新紹南門市",
        "address": "100台北市中正區信義路一段13-1號"
      }
    },
    {
      "type": "Feature",
      "geometry": {
        "type": "Point",
        "coordinates": [
          121.57109217183574,
          25.052222288947224
        ]
      },
      "properties": {
        "city": "臺北市",
        "district": "松山區",
        "category": "綠色商店",
        "name": "7-11新復勢門市",
        "address": "105台北市松山區八德路三段200.202號1樓"
      }
    },
    {
      "type": "Feature",
      "geometry": {
        "type": "Point",
        "coordinates": [
          121.53522193777913,
          25.055122687467
        ]
      },
      "properties": {
        "city": "臺北市",
        "district": "中山區",
        "category": "綠色商店",
        "name": "7-11新晴光門市",
        "address": "104台北市中山區農安街21號"
      }
    },
    {
      "type": "Feature",
      "geometry": {
        "type": "Point",
        "coordinates": [
          121.58308969535953,
          24.998345177689526
        ]
      },
      "properties": {
        "city": "臺北市",
        "district": "文山區",
        "category": "綠色商店",
        "name": "7-11新景美門市",
        "address": "116台北市文山區木新路三段179.181號"
      }
    },
    {
      "type": "Feature",
      "geometry": {
        "type": "Point",
        "coordinates": [
          121.52670101997431,
          25.026023599721082
        ]
      },
      "properties": {
        "city": "臺北市",
        "district": "中正區",
        "category": "綠色商店",
        "name": "7-11新雲門市",
        "address": "100台北市中正區三愛里連雲街81號"
      }
    },
    {
      "type": "Feature",
      "geometry": {
        "type": "Point",
        "coordinates": [
          121.50956073718228,
          25.028118559310947
        ]
      },
      "properties": {
        "city": "臺北市",
        "district": "中正區",
        "category": "綠色商店",
        "name": "7-11新廈門門市",
        "address": "106台北市中正區廈門街42.46號"
      }
    },
    {
      "type": "Feature",
      "geometry": {
        "type": "Point",
        "coordinates": [
          121.5101615343863,
          25.03569828805864
        ]
      },
      "properties": {
        "city": "臺北市",
        "district": "中正區",
        "category": "綠色商店",
        "name": "7-11新愛國門市",
        "address": "100台北市中正區延平南路177號"
      }
    },
    {
      "type": "Feature",
      "geometry": {
        "type": "Point",
        "coordinates": [
          121.58942603258465,
          24.99635426656091
        ]
      },
      "properties": {
        "city": "臺北市",
        "district": "文山區",
        "category": "綠色商店",
        "name": "7-11新萬盛門市",
        "address": "116台北市文山區萬盛里羅斯福路5段59號"
      }
    },
    {
      "type": "Feature",
      "geometry": {
        "type": "Point",
        "coordinates": [
          121.57293278729607,
          25.0005652905736
        ]
      },
      "properties": {
        "city": "臺北市",
        "district": "文山區",
        "category": "綠色商店",
        "name": "7-11新萬隆門市",
        "address": "116台北市文山區羅斯福路六段20.22號"
      }
    },
    {
      "type": "Feature",
      "geometry": {
        "type": "Point",
        "coordinates": [
          121.50322318218873,
          25.023602010380408
        ]
      },
      "properties": {
        "city": "臺北市",
        "district": "萬華區",
        "category": "綠色商店",
        "name": "7-11新寧南門市",
        "address": "108台北市萬華區西寧南路80號"
      }
    },
    {
      "type": "Feature",
      "geometry": {
        "type": "Point",
        "coordinates": [
          121.61992727081926,
          25.054573763827687
        ]
      },
      "properties": {
        "city": "臺北市",
        "district": "南港區",
        "category": "綠色商店",
        "name": "7-11新福玉門市",
        "address": "115台北市南港區成福路145.147號"
      }
    },
    {
      "type": "Feature",
      "geometry": {
        "type": "Point",
        "coordinates": [
          121.51360460097305,
          25.07673782141887
        ]
      },
      "properties": {
        "city": "臺北市",
        "district": "士林區",
        "category": "綠色商店",
        "name": "7-11新福林門市",
        "address": "112台北市士林區福林路191號"
      }
    },
    {
      "type": "Feature",
      "geometry": {
        "type": "Point",
        "coordinates": [
          121.53307372501683,
          25.095466358932153
        ]
      },
      "properties": {
        "city": "臺北市",
        "district": "士林區",
        "category": "綠色商店",
        "name": "7-11新福慶門市",
        "address": "111台北市士林區基河路1號1樓(部份)"
      }
    },
    {
      "type": "Feature",
      "geometry": {
        "type": "Point",
        "coordinates": [
          121.5024090941364,
          25.035928072369718
        ]
      },
      "properties": {
        "city": "臺北市",
        "district": "萬華區",
        "category": "綠色商店",
        "name": "7-11新艋舺門市",
        "address": "108台北市萬華區萬大路292號"
      }
    },
    {
      "type": "Feature",
      "geometry": {
        "type": "Point",
        "coordinates": [
          121.49433865978096,
          25.135779775109846
        ]
      },
      "properties": {
        "city": "臺北市",
        "district": "北投區",
        "category": "綠色商店",
        "name": "7-11新豪美門市",
        "address": "112台北市北投區文林北路98.100號"
      }
    },
    {
      "type": "Feature",
      "geometry": {
        "type": "Point",
        "coordinates": [
          121.53702476496339,
          25.097493893520074
        ]
      },
      "properties": {
        "city": "臺北市",
        "district": "士林區",
        "category": "綠色商店",
        "name": "7-11新劍潭門市",
        "address": "111台北市士林區福港街246號"
      }
    },
    {
      "type": "Feature",
      "geometry": {
        "type": "Point",
        "coordinates": [
          121.50773971422731,
          25.061132094600175
        ]
      },
      "properties": {
        "city": "臺北市",
        "district": "大同區",
        "category": "綠色商店",
        "name": "7-11新慶陽門市",
        "address": "103台北市大同區重慶北路2段60號"
      }
    },
    {
      "type": "Feature",
      "geometry": {
        "type": "Point",
        "coordinates": [
          121.5814382798907,
          25.083854279773067
        ]
      },
      "properties": {
        "city": "臺北市",
        "district": "內湖區",
        "category": "綠色商店",
        "name": "7-11新潭美門市",
        "address": "114台北市內湖區新明路425.427號"
      }
    },
    {
      "type": "Feature",
      "geometry": {
        "type": "Point",
        "coordinates": [
          121.52967856474751,
          25.071167805725292
        ]
      },
      "properties": {
        "city": "臺北市",
        "district": "中山區",
        "category": "綠色商店",
        "name": "7-11新錦祥門市",
        "address": "104台北市中山區錦西街16號"
      }
    },
    {
      "type": "Feature",
      "geometry": {
        "type": "Point",
        "coordinates": [
          121.52526806226889,
          25.031893024073952
        ]
      },
      "properties": {
        "city": "臺北市",
        "district": "中正區",
        "category": "綠色商店",
        "name": "7-11新羅福門市",
        "address": "106台北市中正區羅斯福路3段82號"
      }
    },
    {
      "type": "Feature",
      "geometry": {
        "type": "Point",
        "coordinates": [
          121.52720027736476,
          25.065012436079414
        ]
      },
      "properties": {
        "city": "臺北市",
        "district": "中山區",
        "category": "綠色商店",
        "name": "7-11新寶門市",
        "address": "104台北市中山區建國北路一段136號"
      }
    },
    {
      "type": "Feature",
      "geometry": {
        "type": "Point",
        "coordinates": [
          121.55026231552824,
          25.07342667322032
        ]
      },
      "properties": {
        "city": "臺北市",
        "district": "松山區",
        "category": "綠色商店",
        "name": "7-11新寶清門市",
        "address": "105台北市松山區南京東路5段260號"
      }
    },
    {
      "type": "Feature",
      "geometry": {
        "type": "Point",
        "coordinates": [
          121.56061899910074,
          25.07293099241571
        ]
      },
      "properties": {
        "city": "臺北市",
        "district": "松山區",
        "category": "綠色商店",
        "name": "7-11新饒河門市",
        "address": "105台北市松山區八德路四段687.687-1號1樓"
      }
    },
    {
      "type": "Feature",
      "geometry": {
        "type": "Point",
        "coordinates": [
          121.5539345937415,
          25.02162983646143
        ]
      },
      "properties": {
        "city": "臺北市",
        "district": "大安區",
        "category": "綠色商店",
        "name": "7-11溫州門市",
        "address": "106台北市大安區羅斯福路三段267號"
      }
    },
    {
      "type": "Feature",
      "geometry": {
        "type": "Point",
        "coordinates": [
          121.53781683658852,
          25.01547915624777
        ]
      },
      "properties": {
        "city": "臺北市",
        "district": "大安區",
        "category": "綠色商店",
        "name": "7-11溫東門市",
        "address": "106台北市大安區和平東路一段266號"
      }
    },
    {
      "type": "Feature",
      "geometry": {
        "type": "Point",
        "coordinates": [
          121.53523172921776,
          25.040821845774733
        ]
      },
      "properties": {
        "city": "臺北市",
        "district": "大安區",
        "category": "綠色商店",
        "name": "7-11瑞升門市",
        "address": "106台北市大安區杭州南路二段91號"
      }
    },
    {
      "type": "Feature",
      "geometry": {
        "type": "Point",
        "coordinates": [
          121.54389575476817,
          25.02757764652637
        ]
      },
      "properties": {
        "city": "臺北市",
        "district": "大安區",
        "category": "綠色商店",
        "name": "7-11瑞安門市",
        "address": "106台北市大安區瑞安街182號"
      }
    },
    {
      "type": "Feature",
      "geometry": {
        "type": "Point",
        "coordinates": [
          121.57840866832973,
          25.076260567203153
        ]
      },
      "properties": {
        "city": "臺北市",
        "district": "內湖區",
        "category": "綠色商店",
        "name": "7-11瑞江門市",
        "address": "114台北市內湖區瑞陽里江南街71巷16弄76號"
      }
    },
    {
      "type": "Feature",
      "geometry": {
        "type": "Point",
        "coordinates": [
          121.58119829251267,
          25.076131623439743
        ]
      },
      "properties": {
        "city": "臺北市",
        "district": "內湖區",
        "category": "綠色商店",
        "name": "7-11瑞泰門市",
        "address": "114台北市內湖區瑞光路356號"
      }
    },
    {
      "type": "Feature",
      "geometry": {
        "type": "Point",
        "coordinates": [
          121.57612130448037,
          25.06054221739957
        ]
      },
      "properties": {
        "city": "臺北市",
        "district": "內湖區",
        "category": "綠色商店",
        "name": "7-11瑞富門市",
        "address": "114台北市內湖區瑞光路188巷51號1樓"
      }
    },
    {
      "type": "Feature",
      "geometry": {
        "type": "Point",
        "coordinates": [
          121.58911828889262,
          25.07085979972994
        ]
      },
      "properties": {
        "city": "臺北市",
        "district": "內湖區",
        "category": "綠色商店",
        "name": "7-11瑞湖門市",
        "address": "114台北市內湖區江南街128號"
      }
    },
    {
      "type": "Feature",
      "geometry": {
        "type": "Point",
        "coordinates": [
          121.58320092203749,
          25.061908589740952
        ]
      },
      "properties": {
        "city": "臺北市",
        "district": "內湖區",
        "category": "綠色商店",
        "name": "7-11瑞寶門市",
        "address": "114台北市內湖區瑞光路583巷27號1樓"
      }
    },
    {
      "type": "Feature",
      "geometry": {
        "type": "Point",
        "coordinates": [
          121.58941382752697,
          25.071170986982402
        ]
      },
      "properties": {
        "city": "臺北市",
        "district": "內湖區",
        "category": "綠色商店",
        "name": "7-11瑞鑫門市",
        "address": "114台北市內湖區瑞光路580號"
      }
    },
    {
      "type": "Feature",
      "geometry": {
        "type": "Point",
        "coordinates": [
          121.50792562505166,
          25.0368061173817
        ]
      },
      "properties": {
        "city": "臺北市",
        "district": "萬華區",
        "category": "綠色商店",
        "name": "7-11萬大門市",
        "address": "108台北市萬華區萬大路275號"
      }
    },
    {
      "type": "Feature",
      "geometry": {
        "type": "Point",
        "coordinates": [
          121.50721058933922,
          25.03127032711764
        ]
      },
      "properties": {
        "city": "臺北市",
        "district": "中正區",
        "category": "綠色商店",
        "name": "7-11萬光門市",
        "address": "100台北市中正區中華路二段157號"
      }
    },
    {
      "type": "Feature",
      "geometry": {
        "type": "Point",
        "coordinates": [
          121.5113082486769,
          25.03497202063693
        ]
      },
      "properties": {
        "city": "臺北市",
        "district": "萬華區",
        "category": "綠色商店",
        "name": "7-11萬和門市",
        "address": "108台北市萬華區萬大路184號"
      }
    },
    {
      "type": "Feature",
      "geometry": {
        "type": "Point",
        "coordinates": [
          121.49883491331353,
          25.026630069207783
        ]
      },
      "properties": {
        "city": "臺北市",
        "district": "萬華區",
        "category": "綠色商店",
        "name": "7-11萬忠門市",
        "address": "108台北市萬華區東園街28巷58號"
      }
    },
    {
      "type": "Feature",
      "geometry": {
        "type": "Point",
        "coordinates": [
          121.5000590706979,
          25.02988067279036
        ]
      },
      "properties": {
        "city": "臺北市",
        "district": "萬華區",
        "category": "綠色商店",
        "name": "7-11萬東門市",
        "address": "108台北市萬華區萬大路486巷59弄1號"
      }
    },
    {
      "type": "Feature",
      "geometry": {
        "type": "Point",
        "coordinates": [
          121.56891521104994,
          24.997190357040406
        ]
      },
      "properties": {
        "city": "臺北市",
        "district": "文山區",
        "category": "綠色商店",
        "name": "7-11萬芳門市",
        "address": "116台北市文山區萬安街23.25號"
      }
    },
    {
      "type": "Feature",
      "geometry": {
        "type": "Point",
        "coordinates": [
          121.57774948242081,
          25.001739652857697
        ]
      },
      "properties": {
        "city": "臺北市",
        "district": "文山區",
        "category": "綠色商店",
        "name": "7-11萬芳醫門市",
        "address": "116台北市文山區興隆路三段111號"
      }
    },
    {
      "type": "Feature",
      "geometry": {
        "type": "Point",
        "coordinates": [
          121.49057816198325,
          25.04656759764625
        ]
      },
      "properties": {
        "city": "臺北市",
        "district": "萬華區",
        "category": "綠色商店",
        "name": "7-11萬長門市",
        "address": "108台北市萬華區東園街172.174號"
      }
    },
    {
      "type": "Feature",
      "geometry": {
        "type": "Point",
        "coordinates": [
          121.57592961756451,
          24.97917040894554
        ]
      },
      "properties": {
        "city": "臺北市",
        "district": "文山區",
        "category": "綠色商店",
        "name": "7-11萬美門市",
        "address": "116台北市文山區萬和街6號2樓之1"
      }
    },
    {
      "type": "Feature",
      "geometry": {
        "type": "Point",
        "coordinates": [
          121.51706486403295,
          25.03529887312786
        ]
      },
      "properties": {
        "city": "臺北市",
        "district": "中正區",
        "category": "綠色商店",
        "name": "7-11萬翔門市",
        "address": "100台北市中正區公園路13號"
      }
    },
    {
      "type": "Feature",
      "geometry": {
        "type": "Point",
        "coordinates": [
          121.5068455467153,
          25.032977806146157
        ]
      },
      "properties": {
        "city": "臺北市",
        "district": "萬華區",
        "category": "綠色商店",
        "name": "7-11萬華門市",
        "address": "108台北市萬華區萬大路64號莒光路251號"
      }
    },
    {
      "type": "Feature",
      "geometry": {
        "type": "Point",
        "coordinates": [
          121.4914166386228,
          25.03522075055881
        ]
      },
      "properties": {
        "city": "臺北市",
        "district": "萬華區",
        "category": "綠色商店",
        "name": "7-11萬華站門市",
        "address": "108台北市萬華區康定路382號"
      }
    },
    {
      "type": "Feature",
      "geometry": {
        "type": "Point",
        "coordinates": [
          121.56730454844865,
          24.99747409820653
        ]
      },
      "properties": {
        "city": "臺北市",
        "district": "文山區",
        "category": "綠色商店",
        "name": "7-11萬瑞門市",
        "address": "116台北市文山區羅斯福路6段29.31號"
      }
    },
    {
      "type": "Feature",
      "geometry": {
        "type": "Point",
        "coordinates": [
          121.48751986104642,
          25.037689767131386
        ]
      },
      "properties": {
        "city": "臺北市",
        "district": "萬華區",
        "category": "綠色商店",
        "name": "7-11萬運門市",
        "address": "108台北市萬華區西園路一段153號B1(捷運龍山寺站B1)"
      }
    },
    {
      "type": "Feature",
      "geometry": {
        "type": "Point",
        "coordinates": [
          121.58259810167252,
          24.99883246435625
        ]
      },
      "properties": {
        "city": "臺北市",
        "district": "文山區",
        "category": "綠色商店",
        "name": "7-11萬福門市",
        "address": "116台北市文山區萬年里羅斯福路5段170巷33及35號"
      }
    },
    {
      "type": "Feature",
      "geometry": {
        "type": "Point",
        "coordinates": [
          121.6099849235221,
          25.04309033386201
        ]
      },
      "properties": {
        "city": "臺北市",
        "district": "南港區",
        "category": "綠色商店",
        "name": "7-11經貿門市",
        "address": "115台北市南港區三重路一段19號1樓"
      }
    },
    {
      "type": "Feature",
      "geometry": {
        "type": "Point",
        "coordinates": [
          121.55412016104846,
          25.019241167008527
        ]
      },
      "properties": {
        "city": "臺北市",
        "district": "大安區",
        "category": "綠色商店",
        "name": "7-11義安門市",
        "address": "106台北市大安區信義路三段166號"
      }
    },
    {
      "type": "Feature",
      "geometry": {
        "type": "Point",
        "coordinates": [
          121.54988435196972,
          25.029400310310116
        ]
      },
      "properties": {
        "city": "臺北市",
        "district": "大安區",
        "category": "綠色商店",
        "name": "7-11義村門市",
        "address": "106台北市大安區忠孝東路三段160號"
      }
    },
    {
      "type": "Feature",
      "geometry": {
        "type": "Point",
        "coordinates": [
          121.50939165630929,
          25.076244830919784
        ]
      },
      "properties": {
        "city": "臺北市",
        "district": "士林區",
        "category": "綠色商店",
        "name": "7-11葫東門市",
        "address": "111台北市士林區延平北路五段222號"
      }
    },
    {
      "type": "Feature",
      "geometry": {
        "type": "Point",
        "coordinates": [
          121.58485243992571,
          24.98232753689638
        ]
      },
      "properties": {
        "city": "臺北市",
        "district": "文山區",
        "category": "綠色商店",
        "name": "7-11試院門市",
        "address": "116台北市文山區木柵路1段139號."
      }
    },
    {
      "type": "Feature",
      "geometry": {
        "type": "Point",
        "coordinates": [
          121.59051194016621,
          24.983761943474384
        ]
      },
      "properties": {
        "city": "臺北市",
        "district": "文山區",
        "category": "綠色商店",
        "name": "7-11試院門市",
        "address": "116台北市文山區木柵路1段139號."
      }
    },
    {
      "type": "Feature",
      "geometry": {
        "type": "Point",
        "coordinates": [
          121.53518418384114,
          25.08100830987698
        ]
      },
      "properties": {
        "city": "臺北市",
        "district": "士林區",
        "category": "綠色商店",
        "name": "7-11誠義門市",
        "address": "111台北市士林區忠誠路一段126號"
      }
    },
    {
      "type": "Feature",
      "geometry": {
        "type": "Point",
        "coordinates": [
          121.5369959499799,
          25.069800836167484
        ]
      },
      "properties": {
        "city": "臺北市",
        "district": "中山區",
        "category": "綠色商店",
        "name": "7-11農安門市",
        "address": "104台北市中山區農安街28-2號"
      }
    },
    {
      "type": "Feature",
      "geometry": {
        "type": "Point",
        "coordinates": [
          121.52961163367746,
          25.038904540695135
        ]
      },
      "properties": {
        "city": "臺北市",
        "district": "中正區",
        "category": "綠色商店",
        "name": "7-11運通門市",
        "address": "100台北市中正區忠孝西路1段49號U1"
      }
    },
    {
      "type": "Feature",
      "geometry": {
        "type": "Point",
        "coordinates": [
          121.57618802664764,
          25.040141617222645
        ]
      },
      "properties": {
        "city": "臺北市",
        "district": "信義區",
        "category": "綠色商店",
        "name": "7-11道生門市",
        "address": "110台北市信義區新仁里東興路57號"
      }
    },
    {
      "type": "Feature",
      "geometry": {
        "type": "Point",
        "coordinates": [
          121.6023453182175,
          25.08024336199436
        ]
      },
      "properties": {
        "city": "臺北市",
        "district": "內湖區",
        "category": "綠色商店",
        "name": "7-11達人門市",
        "address": "114台北市內湖區內湖路2段249.251號"
      }
    },
    {
      "type": "Feature",
      "geometry": {
        "type": "Point",
        "coordinates": [
          121.55628615733191,
          25.019487702452317
        ]
      },
      "properties": {
        "city": "臺北市",
        "district": "大安區",
        "category": "綠色商店",
        "name": "7-11僑信門市",
        "address": "106台北市大安區信義路四段197號"
      }
    },
    {
      "type": "Feature",
      "geometry": {
        "type": "Point",
        "coordinates": [
          121.55937806632498,
          25.027538603705622
        ]
      },
      "properties": {
        "city": "臺北市",
        "district": "信義區",
        "category": "綠色商店",
        "name": "7-11嘉馥門市",
        "address": "110台北市信義區信義路6段11號"
      }
    },
    {
      "type": "Feature",
      "geometry": {
        "type": "Point",
        "coordinates": [
          121.52022213345862,
          25.028231021416634
        ]
      },
      "properties": {
        "city": "臺北市",
        "district": "中正區",
        "category": "綠色商店",
        "name": "7-11寧波門市",
        "address": "100台北市中正區寧波西街3號"
      }
    },
    {
      "type": "Feature",
      "geometry": {
        "type": "Point",
        "coordinates": [
          121.51887129234296,
          25.062621522704777
        ]
      },
      "properties": {
        "city": "臺北市",
        "district": "中山區",
        "category": "綠色商店",
        "name": "7-11實踐大學門市",
        "address": "105台北市中山區大直街70號1樓"
      }
    },
    {
      "type": "Feature",
      "geometry": {
        "type": "Point",
        "coordinates": [
          121.5345141748601,
          25.070975801575276
        ]
      },
      "properties": {
        "city": "臺北市",
        "district": "中山區",
        "category": "綠色商店",
        "name": "7-11榮金門市",
        "address": "104台北市中山區龍江路384巷1號"
      }
    },
    {
      "type": "Feature",
      "geometry": {
        "type": "Point",
        "coordinates": [
          121.53355763048258,
          25.07851674044657
        ]
      },
      "properties": {
        "city": "臺北市",
        "district": "中山區",
        "category": "綠色商店",
        "name": "7-11榮星門市",
        "address": "104台北市中山區龍江路322號"
      }
    },
    {
      "type": "Feature",
      "geometry": {
        "type": "Point",
        "coordinates": [
          121.5219193158299,
          25.094753166019842
        ]
      },
      "properties": {
        "city": "臺北市",
        "district": "士林區",
        "category": "綠色商店",
        "name": "7-11榮總門市",
        "address": "111台北市士林區石牌路2段301號"
      }
    },
    {
      "type": "Feature",
      "geometry": {
        "type": "Point",
        "coordinates": [
          121.52899282030992,
          25.07734679024665
        ]
      },
      "properties": {
        "city": "臺北市",
        "district": "中山區",
        "category": "綠色商店",
        "name": "7-11榮鑫門市",
        "address": "104台北市中山區建國北路三段91號"
      }
    },
    {
      "type": "Feature",
      "geometry": {
        "type": "Point",
        "coordinates": [
          121.50358875127105,
          25.017996963870207
        ]
      },
      "properties": {
        "city": "臺北市",
        "district": "中正區",
        "category": "綠色商店",
        "name": "7-11漢竹門市",
        "address": "100台北市中正區漢口街一段70號"
      }
    },
    {
      "type": "Feature",
      "geometry": {
        "type": "Point",
        "coordinates": [
          121.5615964834982,
          24.989565323076135
        ]
      },
      "properties": {
        "city": "臺北市",
        "district": "文山區",
        "category": "綠色商店",
        "name": "7-11漢神門市",
        "address": "116台北市文山區景中街45號1樓"
      }
    },
    {
      "type": "Feature",
      "geometry": {
        "type": "Point",
        "coordinates": [
          121.50082633091716,
          25.029712905732406
        ]
      },
      "properties": {
        "city": "臺北市",
        "district": "萬華區",
        "category": "綠色商店",
        "name": "7-11漢陽門市",
        "address": "108台北市萬華區昆明街173號1F"
      }
    },
    {
      "type": "Feature",
      "geometry": {
        "type": "Point",
        "coordinates": [
          121.49417841478673,
          25.01803496805471
        ]
      },
      "properties": {
        "city": "臺北市",
        "district": "萬華區",
        "category": "綠色商店",
        "name": "7-11漢寧門市",
        "address": "108台北市萬華區西寧南路85號"
      }
    },
    {
      "type": "Feature",
      "geometry": {
        "type": "Point",
        "coordinates": [
          121.58959102139656,
          24.99249680343134
        ]
      },
      "properties": {
        "city": "臺北市",
        "district": "文山區",
        "category": "綠色商店",
        "name": "7-11滬江門市",
        "address": "116台北市文山區羅斯福路六段308.310號"
      }
    },
    {
      "type": "Feature",
      "geometry": {
        "type": "Point",
        "coordinates": [
          121.60089017806742,
          25.07512486154366
        ]
      },
      "properties": {
        "city": "臺北市",
        "district": "內湖區",
        "category": "綠色商店",
        "name": "7-11碧綠門市",
        "address": "114台北市內湖區內湖路三段60巷1弄2-1號1F"
      }
    },
    {
      "type": "Feature",
      "geometry": {
        "type": "Point",
        "coordinates": [
          121.5833509594323,
          25.03285384249951
        ]
      },
      "properties": {
        "city": "臺北市",
        "district": "信義區",
        "category": "綠色商店",
        "name": "7-11福中門市",
        "address": "110台北市信義區福德街189號"
      }
    },
    {
      "type": "Feature",
      "geometry": {
        "type": "Point",
        "coordinates": [
          121.52253685185057,
          25.02441907051907
        ]
      },
      "properties": {
        "city": "臺北市",
        "district": "中正區",
        "category": "綠色商店",
        "name": "7-11福州門市",
        "address": "100台北市中正區南昌路1段135號"
      }
    },
    {
      "type": "Feature",
      "geometry": {
        "type": "Point",
        "coordinates": [
          121.53372793853349,
          25.085318146552208
        ]
      },
      "properties": {
        "city": "臺北市",
        "district": "士林區",
        "category": "綠色商店",
        "name": "7-11福志門市",
        "address": "112台北市士林區雨農路25號"
      }
    },
    {
      "type": "Feature",
      "geometry": {
        "type": "Point",
        "coordinates": [
          121.51369027530508,
          25.075611221609236
        ]
      },
      "properties": {
        "city": "臺北市",
        "district": "士林區",
        "category": "綠色商店",
        "name": "7-11福芝門市",
        "address": "112台北市士林區福國路94號"
      }
    },
    {
      "type": "Feature",
      "geometry": {
        "type": "Point",
        "coordinates": [
          121.50757213222332,
          25.128353047733764
        ]
      },
      "properties": {
        "city": "臺北市",
        "district": "北投區",
        "category": "綠色商店",
        "name": "7-11福致門市",
        "address": "112台北市北投區致遠一路二段55號"
      }
    },
    {
      "type": "Feature",
      "geometry": {
        "type": "Point",
        "coordinates": [
          121.52615819130791,
          25.084481252707604
        ]
      },
      "properties": {
        "city": "臺北市",
        "district": "士林區",
        "category": "綠色商店",
        "name": "7-11福氣門市",
        "address": "111台北市士林區延平北路6段148號"
      }
    },
    {
      "type": "Feature",
      "geometry": {
        "type": "Point",
        "coordinates": [
          121.51027646538707,
          25.08357165477961
        ]
      },
      "properties": {
        "city": "臺北市",
        "district": "士林區",
        "category": "綠色商店",
        "name": "7-11福捷門市",
        "address": "111台北市士林區中正路235巷14號"
      }
    },
    {
      "type": "Feature",
      "geometry": {
        "type": "Point",
        "coordinates": [
          121.51041613077723,
          25.094178402997688
        ]
      },
      "properties": {
        "city": "臺北市",
        "district": "士林區",
        "category": "綠色商店",
        "name": "7-11福通門市",
        "address": "111台北市士林區大南路396號"
      }
    },
    {
      "type": "Feature",
      "geometry": {
        "type": "Point",
        "coordinates": [
          121.57642805029597,
          25.071478757520424
        ]
      },
      "properties": {
        "city": "臺北市",
        "district": "內湖區",
        "category": "綠色商店",
        "name": "7-11福湖門市",
        "address": "114台北市內湖區內湖路一段411巷19弄1號"
      }
    },
    {
      "type": "Feature",
      "geometry": {
        "type": "Point",
        "coordinates": [
          121.52075578188241,
          25.089694022032788
        ]
      },
      "properties": {
        "city": "臺北市",
        "district": "士林區",
        "category": "綠色商店",
        "name": "7-11福陽門市",
        "address": "111台北市士林區延平北路五段259號"
      }
    },
    {
      "type": "Feature",
      "geometry": {
        "type": "Point",
        "coordinates": [
          121.52556872322562,
          25.081417212793006
        ]
      },
      "properties": {
        "city": "臺北市",
        "district": "士林區",
        "category": "綠色商店",
        "name": "7-11福順門市",
        "address": "111台北市士林區福順里重慶北路四段117號"
      }
    },
    {
      "type": "Feature",
      "geometry": {
        "type": "Point",
        "coordinates": [
          121.52239641687646,
          25.090377656797784
        ]
      },
      "properties": {
        "city": "臺北市",
        "district": "士林區",
        "category": "綠色商店",
        "name": "7-11福溢門市",
        "address": "111台北市士林區德行西路96號"
      }
    },
    {
      "type": "Feature",
      "geometry": {
        "type": "Point",
        "coordinates": [
          121.55428478120997,
          25.054592588572376
        ]
      },
      "properties": {
        "city": "臺北市",
        "district": "松山區",
        "category": "綠色商店",
        "name": "7-11福源門市",
        "address": "105台北市松山區撫遠街306號"
      }
    },
    {
      "type": "Feature",
      "geometry": {
        "type": "Point",
        "coordinates": [
          121.53465055680896,
          25.09987689966736
        ]
      },
      "properties": {
        "city": "臺北市",
        "district": "士林區",
        "category": "綠色商店",
        "name": "7-11福榮門市",
        "address": "112台北市士林區中正路220.222號"
      }
    },
    {
      "type": "Feature",
      "geometry": {
        "type": "Point",
        "coordinates": [
          121.52628579668378,
          25.075170832536397
        ]
      },
      "properties": {
        "city": "臺北市",
        "district": "士林區",
        "category": "綠色商店",
        "name": "7-11福鑫門市",
        "address": "112台北市士林區中正路324號"
      }
    },
    {
      "type": "Feature",
      "geometry": {
        "type": "Point",
        "coordinates": [
          121.53025498411512,
          25.100113611941296
        ]
      },
      "properties": {
        "city": "臺北市",
        "district": "士林區",
        "category": "綠色商店",
        "name": "7-11福讚門市",
        "address": "111台北市士林區中正路227號"
      }
    },
    {
      "type": "Feature",
      "geometry": {
        "type": "Point",
        "coordinates": [
          121.52234204188034,
          25.090998203299474
        ]
      },
      "properties": {
        "city": "臺北市",
        "district": "士林區",
        "category": "綠色商店",
        "name": "7-11聚鑫門市",
        "address": "111台北市士林區延平北路六段350號"
      }
    },
    {
      "type": "Feature",
      "geometry": {
        "type": "Point",
        "coordinates": [
          121.55419337300847,
          25.039831819645485
        ]
      },
      "properties": {
        "city": "臺北市",
        "district": "大安區",
        "category": "綠色商店",
        "name": "7-11鳳翔門市",
        "address": "106台北市大安區忠孝東路4段216巷68號"
      }
    },
    {
      "type": "Feature",
      "geometry": {
        "type": "Point",
        "coordinates": [
          121.5750882214558,
          25.060504355591146
        ]
      },
      "properties": {
        "city": "臺北市",
        "district": "內湖區",
        "category": "綠色商店",
        "name": "7-11墘都門市",
        "address": "114台北市內湖區內湖路一段669號"
      }
    },
    {
      "type": "Feature",
      "geometry": {
        "type": "Point",
        "coordinates": [
          121.5166547377297,
          25.028302596761066
        ]
      },
      "properties": {
        "city": "臺北市",
        "district": "中正區",
        "category": "綠色商店",
        "name": "7-11億翔門市",
        "address": "100台北市中正區忠孝西路1段32號"
      }
    },
    {
      "type": "Feature",
      "geometry": {
        "type": "Point",
        "coordinates": [
          121.51393223941088,
          25.080911248048995
        ]
      },
      "properties": {
        "city": "臺北市",
        "district": "士林區",
        "category": "綠色商店",
        "name": "7-11劍潭站門市",
        "address": "111台北市士林區中山北路五段65號1樓"
      }
    },
    {
      "type": "Feature",
      "geometry": {
        "type": "Point",
        "coordinates": [
          121.48609736360216,
          25.03349530798446
        ]
      },
      "properties": {
        "city": "臺北市",
        "district": "萬華區",
        "category": "綠色商店",
        "name": "7-11廣明門市",
        "address": "108台北市萬華區福音里昆明街304號"
      }
    },
    {
      "type": "Feature",
      "geometry": {
        "type": "Point",
        "coordinates": [
          121.5500052563761,
          25.06090583056871
        ]
      },
      "properties": {
        "city": "臺北市",
        "district": "松山區",
        "category": "綠色商店",
        "name": "7-11影城門市",
        "address": "105台北市松山區八德路四段245巷35號"
      }
    },
    {
      "type": "Feature",
      "geometry": {
        "type": "Point",
        "coordinates": [
          121.53431591552689,
          25.100757769597966
        ]
      },
      "properties": {
        "city": "臺北市",
        "district": "士林區",
        "category": "綠色商店",
        "name": "7-11德天門市",
        "address": "111台北市士林區德行西路52號1樓"
      }
    },
    {
      "type": "Feature",
      "geometry": {
        "type": "Point",
        "coordinates": [
          121.60328183290267,
          25.056008863190772
        ]
      },
      "properties": {
        "city": "臺北市",
        "district": "內湖區",
        "category": "綠色商店",
        "name": "7-11德成門市",
        "address": "114台北市內湖區內湖路2段366號"
      }
    },
    {
      "type": "Feature",
      "geometry": {
        "type": "Point",
        "coordinates": [
          121.53561835766462,
          25.100220675157566
        ]
      },
      "properties": {
        "city": "臺北市",
        "district": "士林區",
        "category": "綠色商店",
        "name": "7-11德行門市",
        "address": "112台北市士林區忠誠路二段5號"
      }
    },
    {
      "type": "Feature",
      "geometry": {
        "type": "Point",
        "coordinates": [
          121.53095464904736,
          25.104460945676514
        ]
      },
      "properties": {
        "city": "臺北市",
        "district": "士林區",
        "category": "綠色商店",
        "name": "7-11德東門市",
        "address": "112台北市士林區德行東路282號"
      }
    },
    {
      "type": "Feature",
      "geometry": {
        "type": "Point",
        "coordinates": [
          121.52501167134072,
          25.103988902825655
        ]
      },
      "properties": {
        "city": "臺北市",
        "district": "士林區",
        "category": "綠色商店",
        "name": "7-11德芝門市",
        "address": "112台北市士林區德行東路330號"
      }
    },
    {
      "type": "Feature",
      "geometry": {
        "type": "Point",
        "coordinates": [
          121.50199470204173,
          25.117779916931447
        ]
      },
      "properties": {
        "city": "臺北市",
        "district": "北投區",
        "category": "綠色商店",
        "name": "7-11德致門市",
        "address": "112台北市北投區明德路33.35號"
      }
    },
    {
      "type": "Feature",
      "geometry": {
        "type": "Point",
        "coordinates": [
          121.50214861987466,
          25.06366229419226
        ]
      },
      "properties": {
        "city": "臺北市",
        "district": "大同區",
        "category": "綠色商店",
        "name": "7-11德倫門市",
        "address": "103台北市大同區庫倫街48-4.5號"
      }
    },
    {
      "type": "Feature",
      "geometry": {
        "type": "Point",
        "coordinates": [
          121.51220624461607,
          25.089960597374404
        ]
      },
      "properties": {
        "city": "臺北市",
        "district": "士林區",
        "category": "綠色商店",
        "name": "7-11德華門市",
        "address": "111台北市士林區文林路663號"
      }
    },
    {
      "type": "Feature",
      "geometry": {
        "type": "Point",
        "coordinates": [
          121.58471998714968,
          25.06456787695719
        ]
      },
      "properties": {
        "city": "臺北市",
        "district": "內湖區",
        "category": "綠色商店",
        "name": "7-11德福門市",
        "address": "114台北市內湖區成功路4段30巷27.29.31號"
      }
    },
    {
      "type": "Feature",
      "geometry": {
        "type": "Point",
        "coordinates": [
          121.55707459532448,
          25.021614724835864
        ]
      },
      "properties": {
        "city": "臺北市",
        "district": "信義區",
        "category": "綠色商店",
        "name": "7-11德鄰門市",
        "address": "110台北市信義區安康里松德路129.131號"
      }
    },
    {
      "type": "Feature",
      "geometry": {
        "type": "Point",
        "coordinates": [
          121.60471116086576,
          25.060623827362114
        ]
      },
      "properties": {
        "city": "臺北市",
        "district": "內湖區",
        "category": "綠色商店",
        "name": "7-11德馨門市",
        "address": "114台北市內湖區洲子街46號"
      }
    },
    {
      "type": "Feature",
      "geometry": {
        "type": "Point",
        "coordinates": [
          121.52478466141825,
          25.055146114322397
        ]
      },
      "properties": {
        "city": "臺北市",
        "district": "大同區",
        "category": "綠色商店",
        "name": "7-11慶吉門市",
        "address": "103台北市大同區蓬萊里重慶北路三段53-1號"
      }
    },
    {
      "type": "Feature",
      "geometry": {
        "type": "Point",
        "coordinates": [
          121.54695294471186,
          25.059278493018724
        ]
      },
      "properties": {
        "city": "臺北市",
        "district": "中山區",
        "category": "綠色商店",
        "name": "7-11撫順門市",
        "address": "104台北市中山區中山北路三段23-6號"
      }
    },
    {
      "type": "Feature",
      "geometry": {
        "type": "Point",
        "coordinates": [
          121.55666349180855,
          25.035791582918865
        ]
      },
      "properties": {
        "city": "臺北市",
        "district": "大安區",
        "category": "綠色商店",
        "name": "7-11樂安門市",
        "address": "106台北市大安區樂業街71.73號"
      }
    },
    {
      "type": "Feature",
      "geometry": {
        "type": "Point",
        "coordinates": [
          121.54377635309562,
          25.031337832648518
        ]
      },
      "properties": {
        "city": "臺北市",
        "district": "大安區",
        "category": "綠色商店",
        "name": "7-11樂利門市",
        "address": "106台北市大安區樂利路74號"
      }
    },
    {
      "type": "Feature",
      "geometry": {
        "type": "Point",
        "coordinates": [
          121.55797322771913,
          25.025621848530356
        ]
      },
      "properties": {
        "city": "臺北市",
        "district": "大安區",
        "category": "綠色商店",
        "name": "7-11樂和門市",
        "address": "106台北市大安區樂利路29.29-1號"
      }
    },
    {
      "type": "Feature",
      "geometry": {
        "type": "Point",
        "coordinates": [
          121.54603877319708,
          25.050753508334985
        ]
      },
      "properties": {
        "city": "臺北市",
        "district": "松山區",
        "category": "綠色商店",
        "name": "7-11樂得門市",
        "address": "105台北市松山區復興北路35號"
      }
    },
    {
      "type": "Feature",
      "geometry": {
        "type": "Point",
        "coordinates": [
          121.53382917271401,
          25.02499473649048
        ]
      },
      "properties": {
        "city": "臺北市",
        "district": "大安區",
        "category": "綠色商店",
        "name": "7-11樂隆門市",
        "address": "106台北市大安區虎嘯里樂業街43號"
      }
    },
    {
      "type": "Feature",
      "geometry": {
        "type": "Point",
        "coordinates": [
          121.53867624568745,
          25.057066195433237
        ]
      },
      "properties": {
        "city": "臺北市",
        "district": "中山區",
        "category": "綠色商店",
        "name": "7-11潤泰門市",
        "address": "104台北市中山區八德路二段314號"
      }
    },
    {
      "type": "Feature",
      "geometry": {
        "type": "Point",
        "coordinates": [
          121.53294230486912,
          25.078019934256154
        ]
      },
      "properties": {
        "city": "臺北市",
        "district": "中山區",
        "category": "綠色商店",
        "name": "7-11稻江門市",
        "address": "104台北市中山區新生北路3段35號"
      }
    },
    {
      "type": "Feature",
      "geometry": {
        "type": "Point",
        "coordinates": [
          121.51102662913117,
          25.05630903691151
        ]
      },
      "properties": {
        "city": "臺北市",
        "district": "大同區",
        "category": "綠色商店",
        "name": "7-11稻埕門市",
        "address": "103台北市大同區南京西路436號1F"
      }
    },
    {
      "type": "Feature",
      "geometry": {
        "type": "Point",
        "coordinates": [
          121.50184306440066,
          25.048439764047398
        ]
      },
      "properties": {
        "city": "臺北市",
        "district": "大同區",
        "category": "綠色商店",
        "name": "7-11鄭州門市",
        "address": "103台北市大同區鄭州路3-2號"
      }
    },
    {
      "type": "Feature",
      "geometry": {
        "type": "Point",
        "coordinates": [
          121.55717814573653,
          25.025842796158898
        ]
      },
      "properties": {
        "city": "臺北市",
        "district": "大安區",
        "category": "綠色商店",
        "name": "7-11黎元門市",
        "address": "106台北市大安區臥龍街188巷1號"
      }
    },
    {
      "type": "Feature",
      "geometry": {
        "type": "Point",
        "coordinates": [
          121.57269951461659,
          24.988941251241506
        ]
      },
      "properties": {
        "city": "臺北市",
        "district": "文山區",
        "category": "綠色商店",
        "name": "7-11憩賢門市",
        "address": "116台北市文山區指南路二段64號(憩賢樓A8櫃)"
      }
    },
    {
      "type": "Feature",
      "geometry": {
        "type": "Point",
        "coordinates": [
          121.57827312227269,
          24.982565023889986
        ]
      },
      "properties": {
        "city": "臺北市",
        "district": "文山區",
        "category": "綠色商店",
        "name": "7-11興北門市",
        "address": "116台北市文山區興隆路三段108號"
      }
    },
    {
      "type": "Feature",
      "geometry": {
        "type": "Point",
        "coordinates": [
          121.56510386787217,
          24.976138021862543
        ]
      },
      "properties": {
        "city": "臺北市",
        "district": "文山區",
        "category": "綠色商店",
        "name": "7-11興岩門市",
        "address": "116台北市文山區興隆路2段244巷20號1樓"
      }
    },
    {
      "type": "Feature",
      "geometry": {
        "type": "Point",
        "coordinates": [
          121.54897809871177,
          25.031794156669548
        ]
      },
      "properties": {
        "city": "臺北市",
        "district": "大安區",
        "category": "綠色商店",
        "name": "7-11興舍門市",
        "address": "106台北市大安區長興街50號"
      }
    },
    {
      "type": "Feature",
      "geometry": {
        "type": "Point",
        "coordinates": [
          121.57772723895684,
          24.975726063853674
        ]
      },
      "properties": {
        "city": "臺北市",
        "district": "文山區",
        "category": "綠色商店",
        "name": "7-11興芳門市",
        "address": "116台北市文山區興光里興隆路3段173-175號"
      }
    },
    {
      "type": "Feature",
      "geometry": {
        "type": "Point",
        "coordinates": [
          121.53135946216634,
          25.046376580684587
        ]
      },
      "properties": {
        "city": "臺北市",
        "district": "中正區",
        "category": "綠色商店",
        "name": "7-11興信鑫門市",
        "address": "100台北市中正區信陽街12.14號1樓"
      }
    },
    {
      "type": "Feature",
      "geometry": {
        "type": "Point",
        "coordinates": [
          121.53312540838098,
          25.06736195736937
        ]
      },
      "properties": {
        "city": "臺北市",
        "district": "中山區",
        "category": "綠色商店",
        "name": "7-11興復門市",
        "address": "104台北市中山區興安街99號一樓"
      }
    },
    {
      "type": "Feature",
      "geometry": {
        "type": "Point",
        "coordinates": [
          121.55787757145961,
          25.041720223857315
        ]
      },
      "properties": {
        "city": "臺北市",
        "district": "信義區",
        "category": "綠色商店",
        "name": "7-11興貿門市",
        "address": "110台北市信義區景新里莊敬路178巷2號"
      }
    },
    {
      "type": "Feature",
      "geometry": {
        "type": "Point",
        "coordinates": [
          121.58090689226417,
          24.979652516779637
        ]
      },
      "properties": {
        "city": "臺北市",
        "district": "文山區",
        "category": "綠色商店",
        "name": "7-11興隆門市",
        "address": "116台北市文山區興隆路2段150號"
      }
    },
    {
      "type": "Feature",
      "geometry": {
        "type": "Point",
        "coordinates": [
          121.55461499006496,
          25.030327088077588
        ]
      },
      "properties": {
        "city": "臺北市",
        "district": "大安區",
        "category": "綠色商店",
        "name": "7-11豫銘門市",
        "address": "106台北市大安區大安路2段102號"
      }
    },
    {
      "type": "Feature",
      "geometry": {
        "type": "Point",
        "coordinates": [
          121.52403181498978,
          25.104067595572555
        ]
      },
      "properties": {
        "city": "臺北市",
        "district": "士林區",
        "category": "綠色商店",
        "name": "7-11豫鋒門市",
        "address": "111台北市士林區大南路322號"
      }
    },
    {
      "type": "Feature",
      "geometry": {
        "type": "Point",
        "coordinates": [
          121.56599300818229,
          25.05598027884089
        ]
      },
      "properties": {
        "city": "臺北市",
        "district": "松山區",
        "category": "綠色商店",
        "name": "7-11錢京門市",
        "address": "105台北市松山區南京東路三段335巷5號之3.4.9.10.11.12"
      }
    },
    {
      "type": "Feature",
      "geometry": {
        "type": "Point",
        "coordinates": [
          121.54144767075663,
          25.028572883953803
        ]
      },
      "properties": {
        "city": "臺北市",
        "district": "大安區",
        "category": "綠色商店",
        "name": "7-11錢忠門市",
        "address": "106台北市大安區忠孝東路四段26巷5號"
      }
    },
    {
      "type": "Feature",
      "geometry": {
        "type": "Point",
        "coordinates": [
          121.51906326498624,
          25.055064429799526
        ]
      },
      "properties": {
        "city": "臺北市",
        "district": "中山區",
        "category": "綠色商店",
        "name": "7-11錦北門市",
        "address": "104台北市中山區錦州街8號"
      }
    },
    {
      "type": "Feature",
      "geometry": {
        "type": "Point",
        "coordinates": [
          121.5286633052109,
          25.070812116865117
        ]
      },
      "properties": {
        "city": "臺北市",
        "district": "中山區",
        "category": "綠色商店",
        "name": "7-11錦合門市",
        "address": "104台北市中山區合江街117號"
      }
    },
    {
      "type": "Feature",
      "geometry": {
        "type": "Point",
        "coordinates": [
          121.5476841235615,
          25.077441975250732
        ]
      },
      "properties": {
        "city": "臺北市",
        "district": "中山區",
        "category": "綠色商店",
        "name": "7-11錦龍門市",
        "address": "104台北市中山區龍江路281-1號"
      }
    },
    {
      "type": "Feature",
      "geometry": {
        "type": "Point",
        "coordinates": [
          121.50234864460127,
          25.076714134278
        ]
      },
      "properties": {
        "city": "臺北市",
        "district": "大同區",
        "category": "綠色商店",
        "name": "7-11靜中門市",
        "address": "103台北市大同區寧夏路71號"
      }
    },
    {
      "type": "Feature",
      "geometry": {
        "type": "Point",
        "coordinates": [
          121.52913487918309,
          25.01892408036076
        ]
      },
      "properties": {
        "city": "臺北市",
        "district": "大安區",
        "category": "綠色商店",
        "name": "7-11靜安門市",
        "address": "106台北市大安區光復南路262號"
      }
    },
    {
      "type": "Feature",
      "geometry": {
        "type": "Point",
        "coordinates": [
          121.50777894919817,
          25.018658258442454
        ]
      },
      "properties": {
        "city": "臺北市",
        "district": "萬華區",
        "category": "綠色商店",
        "name": "7-11龍山門市",
        "address": "108台北市萬華區康定路229號"
      }
    },
    {
      "type": "Feature",
      "geometry": {
        "type": "Point",
        "coordinates": [
          121.5424918922337,
          25.016410373462474
        ]
      },
      "properties": {
        "city": "臺北市",
        "district": "大安區",
        "category": "綠色商店",
        "name": "7-11龍延門市",
        "address": "106台北市大安區師大路59巷13號."
      }
    },
    {
      "type": "Feature",
      "geometry": {
        "type": "Point",
        "coordinates": [
          121.54599550012057,
          25.026306975528463
        ]
      },
      "properties": {
        "city": "臺北市",
        "district": "大安區",
        "category": "綠色商店",
        "name": "7-11龍門門市",
        "address": "106台北市大安區和平東路2段18號"
      }
    },
    {
      "type": "Feature",
      "geometry": {
        "type": "Point",
        "coordinates": [
          121.55321535977649,
          25.02973143642534
        ]
      },
      "properties": {
        "city": "臺北市",
        "district": "大安區",
        "category": "綠色商店",
        "name": "7-11龍淵門市",
        "address": "106台北市大安區和平東路二段118巷33號"
      }
    },
    {
      "type": "Feature",
      "geometry": {
        "type": "Point",
        "coordinates": [
          121.5306097708804,
          25.01832393696625
        ]
      },
      "properties": {
        "city": "臺北市",
        "district": "大安區",
        "category": "綠色商店",
        "name": "7-11龍普門市",
        "address": "106台北市大安區敦化南路一段233巷25號"
      }
    },
    {
      "type": "Feature",
      "geometry": {
        "type": "Point",
        "coordinates": [
          121.49893457126045,
          25.02547103387065
        ]
      },
      "properties": {
        "city": "臺北市",
        "district": "萬華區",
        "category": "綠色商店",
        "name": "7-11龍廣門市",
        "address": "108台北市萬華區廣州街148號"
      }
    },
    {
      "type": "Feature",
      "geometry": {
        "type": "Point",
        "coordinates": [
          121.50878564935842,
          25.129245985369664
        ]
      },
      "properties": {
        "city": "臺北市",
        "district": "北投區",
        "category": "綠色商店",
        "name": "7-11擎天崗門市",
        "address": "112台北市北投區湖山路一段12號"
      }
    },
    {
      "type": "Feature",
      "geometry": {
        "type": "Point",
        "coordinates": [
          121.53389240781121,
          25.02518174419771
        ]
      },
      "properties": {
        "city": "臺北市",
        "district": "大安區",
        "category": "綠色商店",
        "name": "7-11濟南門市",
        "address": "106台北市大安區濟南路3段7號"
      }
    },
    {
      "type": "Feature",
      "geometry": {
        "type": "Point",
        "coordinates": [
          121.50900936810011,
          25.02962450705251
        ]
      },
      "properties": {
        "city": "臺北市",
        "district": "中正區",
        "category": "綠色商店",
        "name": "7-11濟新門市",
        "address": "100台北市中正區濟南路2段50號"
      }
    },
    {
      "type": "Feature",
      "geometry": {
        "type": "Point",
        "coordinates": [
          121.5863604296629,
          25.07325561689604
        ]
      },
      "properties": {
        "city": "臺北市",
        "district": "內湖區",
        "category": "綠色商店",
        "name": "7-11環湖門市",
        "address": "114台北市內湖區環山路一段110號"
      }
    },
    {
      "type": "Feature",
      "geometry": {
        "type": "Point",
        "coordinates": [
          121.51578520623251,
          25.05259890767206
        ]
      },
      "properties": {
        "city": "臺北市",
        "district": "大同區",
        "category": "綠色商店",
        "name": "7-11篷萊門市",
        "address": "103台北市大同區寧夏路131-1號"
      }
    },
    {
      "type": "Feature",
      "geometry": {
        "type": "Point",
        "coordinates": [
          121.58496365652175,
          25.030665958329593
        ]
      },
      "properties": {
        "city": "臺北市",
        "district": "信義區",
        "category": "綠色商店",
        "name": "7-11總站門市",
        "address": "110台北市信義區吳興街487號"
      }
    },
    {
      "type": "Feature",
      "geometry": {
        "type": "Point",
        "coordinates": [
          121.56663986746416,
          25.034711112324498
        ]
      },
      "properties": {
        "city": "臺北市",
        "district": "信義區",
        "category": "綠色商店",
        "name": "7-11總部門市",
        "address": "110台北市信義區東興路65號"
      }
    },
    {
      "type": "Feature",
      "geometry": {
        "type": "Point",
        "coordinates": [
          121.5548368186553,
          25.052328157241504
        ]
      },
      "properties": {
        "city": "臺北市",
        "district": "松山區",
        "category": "綠色商店",
        "name": "7-11聰明門市",
        "address": "105台北市松山區南京東路5段363號"
      }
    },
    {
      "type": "Feature",
      "geometry": {
        "type": "Point",
        "coordinates": [
          121.58490855362429,
          25.030973889803736
        ]
      },
      "properties": {
        "city": "臺北市",
        "district": "信義區",
        "category": "綠色商店",
        "name": "7-11聯合門市",
        "address": "110台北市信義區忠孝東路四段559巷6號"
      }
    },
    {
      "type": "Feature",
      "geometry": {
        "type": "Point",
        "coordinates": [
          121.6055137457233,
          25.066399168508056
        ]
      },
      "properties": {
        "city": "臺北市",
        "district": "南港區",
        "category": "綠色商店",
        "name": "7-11聯成門市",
        "address": "115台北市南港區聯成里昆陽街150-1.150-3號"
      }
    },
    {
      "type": "Feature",
      "geometry": {
        "type": "Point",
        "coordinates": [
          121.60680882877463,
          25.064327509120247
        ]
      },
      "properties": {
        "city": "臺北市",
        "district": "南港區",
        "category": "綠色商店",
        "name": "7-11聯坊門市",
        "address": "115台北市南港區東新街118巷1號"
      }
    },
    {
      "type": "Feature",
      "geometry": {
        "type": "Point",
        "coordinates": [
          121.53960902512189,
          25.03672537909448
        ]
      },
      "properties": {
        "city": "臺北市",
        "district": "大安區",
        "category": "綠色商店",
        "name": "7-11臨江門市",
        "address": "106台北市大安區安和路二段67號"
      }
    },
    {
      "type": "Feature",
      "geometry": {
        "type": "Point",
        "coordinates": [
          121.52909773468116,
          25.027464495033367
        ]
      },
      "properties": {
        "city": "臺北市",
        "district": "中正區",
        "category": "綠色商店",
        "name": "7-11臨沂門市",
        "address": "100台北市中正區文祥里臨沂街74.76號"
      }
    },
    {
      "type": "Feature",
      "geometry": {
        "type": "Point",
        "coordinates": [
          121.5027583696305,
          25.13222351003752
        ]
      },
      "properties": {
        "city": "臺北市",
        "district": "北投區",
        "category": "綠色商店",
        "name": "7-11薇閣門市",
        "address": "112台北市北投區中央北路一段108號"
      }
    },
    {
      "type": "Feature",
      "geometry": {
        "type": "Point",
        "coordinates": [
          121.54871978546345,
          25.036190416521055
        ]
      },
      "properties": {
        "city": "臺北市",
        "district": "大安區",
        "category": "綠色商店",
        "name": "7-11豐安門市",
        "address": "106台北市大安區東豐街9號"
      }
    },
    {
      "type": "Feature",
      "geometry": {
        "type": "Point",
        "coordinates": [
          121.57028497083395,
          25.04134193002545
        ]
      },
      "properties": {
        "city": "臺北市",
        "district": "信義區",
        "category": "綠色商店",
        "name": "7-11醫學門市",
        "address": "110台北市信義區吳興街257.259號"
      }
    },
    {
      "type": "Feature",
      "geometry": {
        "type": "Point",
        "coordinates": [
          121.50857593585977,
          25.117069333588997
        ]
      },
      "properties": {
        "city": "臺北市",
        "district": "北投區",
        "category": "綠色商店",
        "name": "7-11雙全門市",
        "address": "112台北市北投區中庸里大業路715-717號"
      }
    },
    {
      "type": "Feature",
      "geometry": {
        "type": "Point",
        "coordinates": [
          121.52026745065413,
          25.07531570686713
        ]
      },
      "properties": {
        "city": "臺北市",
        "district": "大同區",
        "category": "綠色商店",
        "name": "7-11雙連門市",
        "address": "103台北市大同區民生西路176號"
      }
    },
    {
      "type": "Feature",
      "geometry": {
        "type": "Point",
        "coordinates": [
          121.49624101573136,
          25.023186629713
        ]
      },
      "properties": {
        "city": "臺北市",
        "district": "萬華區",
        "category": "綠色商店",
        "name": "7-11雙環門市",
        "address": "108台北市萬華區環河南路二段207號"
      }
    },
    {
      "type": "Feature",
      "geometry": {
        "type": "Point",
        "coordinates": [
          121.53058057197303,
          25.02939673958891
        ]
      },
      "properties": {
        "city": "臺北市",
        "district": "大安區",
        "category": "綠色商店",
        "name": "7-11懷生門市",
        "address": "106台北市大安區忠孝東路3段248巷9號"
      }
    },
    {
      "type": "Feature",
      "geometry": {
        "type": "Point",
        "coordinates": [
          121.49302991769953,
          25.13288285787988
        ]
      },
      "properties": {
        "city": "臺北市",
        "district": "北投區",
        "category": "綠色商店",
        "name": "7-11懷得門市",
        "address": "112台北市北投區懷德街85號1樓"
      }
    },
    {
      "type": "Feature",
      "geometry": {
        "type": "Point",
        "coordinates": [
          121.52243680159518,
          25.04601927029516
        ]
      },
      "properties": {
        "city": "臺北市",
        "district": "中正區",
        "category": "綠色商店",
        "name": "7-11羅亭門市",
        "address": "100台北市中正區羅斯福路二段68號"
      }
    },
    {
      "type": "Feature",
      "geometry": {
        "type": "Point",
        "coordinates": [
          121.57860505970473,
          25.000338588299453
        ]
      },
      "properties": {
        "city": "臺北市",
        "district": "文山區",
        "category": "綠色商店",
        "name": "7-11羅捷門市",
        "address": "116台北市文山區景行里羅斯福路6段391號"
      }
    },
    {
      "type": "Feature",
      "geometry": {
        "type": "Point",
        "coordinates": [
          121.56814141020213,
          24.977980395763552
        ]
      },
      "properties": {
        "city": "臺北市",
        "district": "文山區",
        "category": "綠色商店",
        "name": "7-11羅斯福門市",
        "address": "116台北市文山區羅斯福路五段190-3號."
      }
    },
    {
      "type": "Feature",
      "geometry": {
        "type": "Point",
        "coordinates": [
          121.58692271018475,
          24.999873345075542
        ]
      },
      "properties": {
        "city": "臺北市",
        "district": "文山區",
        "category": "綠色商店",
        "name": "7-11藝文門市",
        "address": "116台北市文山區指南路二段64號藝文中心4樓"
      }
    },
    {
      "type": "Feature",
      "geometry": {
        "type": "Point",
        "coordinates": [
          121.5011885286893,
          25.11998818014883
        ]
      },
      "properties": {
        "city": "臺北市",
        "district": "北投區",
        "category": "綠色商店",
        "name": "7-11關渡門市",
        "address": "112台北市北投區知行路282號"
      }
    },
    {
      "type": "Feature",
      "geometry": {
        "type": "Point",
        "coordinates": [
          121.5931119579914,
          25.052522655103957
        ]
      },
      "properties": {
        "city": "臺北市",
        "district": "南港區",
        "category": "綠色商店",
        "name": "7-11鵬馳門市",
        "address": "115台北市南港區南港路三段49-1號"
      }
    },
    {
      "type": "Feature",
      "geometry": {
        "type": "Point",
        "coordinates": [
          121.58905237087983,
          25.06789750248619
        ]
      },
      "properties": {
        "city": "臺北市",
        "district": "內湖區",
        "category": "綠色商店",
        "name": "7-11麗安門市",
        "address": "114台北市內湖區內湖路一段435號"
      }
    },
    {
      "type": "Feature",
      "geometry": {
        "type": "Point",
        "coordinates": [
          121.50890710588502,
          25.022808361855574
        ]
      },
      "properties": {
        "city": "臺北市",
        "district": "萬華區",
        "category": "綠色商店",
        "name": "7-11寶昌門市",
        "address": "108台北市萬華區寶興街186號"
      }
    },
    {
      "type": "Feature",
      "geometry": {
        "type": "Point",
        "coordinates": [
          121.5640397177152,
          25.057732639984817
        ]
      },
      "properties": {
        "city": "臺北市",
        "district": "松山區",
        "category": "綠色商店",
        "name": "7-11寶德門市",
        "address": "105台北市松山區八德路四段335號1F"
      }
    },
    {
      "type": "Feature",
      "geometry": {
        "type": "Point",
        "coordinates": [
          121.59220687389178,
          25.074189485541346
        ]
      },
      "properties": {
        "city": "臺北市",
        "district": "內湖區",
        "category": "綠色商店",
        "name": "7-11瓏山林門市",
        "address": "114台北市內湖區康樂街125巷2號"
      }
    },
    {
      "type": "Feature",
      "geometry": {
        "type": "Point",
        "coordinates": [
          121.59678768145164,
          25.06133412051255
        ]
      },
      "properties": {
        "city": "臺北市",
        "district": "內湖區",
        "category": "綠色商店",
        "name": "7-11瓏馬門市",
        "address": "114台北市內湖區康樂街213號"
      }
    },
    {
      "type": "Feature",
      "geometry": {
        "type": "Point",
        "coordinates": [
          121.59675036487926,
          25.04673149043037
        ]
      },
      "properties": {
        "city": "臺北市",
        "district": "南港區",
        "category": "綠色商店",
        "name": "7-11耀港門市",
        "address": "115台北市南港區研究院路一段99號1樓之14"
      }
    },
    {
      "type": "Feature",
      "geometry": {
        "type": "Point",
        "coordinates": [
          121.52793026663329,
          25.040422446665662
        ]
      },
      "properties": {
        "city": "臺北市",
        "district": "中正區",
        "category": "綠色商店",
        "name": "7-11警廣門市",
        "address": "100台北市中正區延平南路159號"
      }
    },
    {
      "type": "Feature",
      "geometry": {
        "type": "Point",
        "coordinates": [
          121.58012649561199,
          25.06338338924901
        ]
      },
      "properties": {
        "city": "臺北市",
        "district": "內湖區",
        "category": "綠色商店",
        "name": "7-11馨瑩門市",
        "address": "114台北市內湖區內湖路一段91巷2號"
      }
    },
    {
      "type": "Feature",
      "geometry": {
        "type": "Point",
        "coordinates": [
          121.48567139664549,
          25.12716972122215
        ]
      },
      "properties": {
        "city": "臺北市",
        "district": "北投區",
        "category": "綠色商店",
        "name": "7-11鐏賢門市",
        "address": "112台北市北投區尊賢街247號"
      }
    },
    {
      "type": "Feature",
      "geometry": {
        "type": "Point",
        "coordinates": [
          121.51958014007407,
          25.076961384123543
        ]
      },
      "properties": {
        "city": "臺北市",
        "district": "士林區",
        "category": "綠色商店",
        "name": "7-11蘭雅門市",
        "address": "111台北市士林區中山北路6段150號"
      }
    },
    {
      "type": "Feature",
      "geometry": {
        "type": "Point",
        "coordinates": [
          121.51029922350945,
          25.134086629959192
        ]
      },
      "properties": {
        "city": "臺北市",
        "district": "北投區",
        "category": "綠色商店",
        "name": "7-11護專門市",
        "address": "112台北市北投區振興街31號"
      }
    },
    {
      "type": "Feature",
      "geometry": {
        "type": "Point",
        "coordinates": [
          121.54561155213331,
          25.06311221961982
        ]
      },
      "properties": {
        "city": "臺北市",
        "district": "中山區",
        "category": "綠色商店",
        "name": "7-11權東門市",
        "address": "104台北市中山區民權東路3段73號"
      }
    },
    {
      "type": "Feature",
      "geometry": {
        "type": "Point",
        "coordinates": [
          121.53807168806622,
          25.060013603171686
        ]
      },
      "properties": {
        "city": "臺北市",
        "district": "中山區",
        "category": "綠色商店",
        "name": "7-11權松門市",
        "address": "104台北市中山區松江路363號"
      }
    },
    {
      "type": "Feature",
      "geometry": {
        "type": "Point",
        "coordinates": [
          121.53545324946178,
          25.051050739584078
        ]
      },
      "properties": {
        "city": "臺北市",
        "district": "中山區",
        "category": "綠色商店",
        "name": "7-11權站門市",
        "address": "104台北市中山區民權西路72號"
      }
    },
    {
      "type": "Feature",
      "geometry": {
        "type": "Point",
        "coordinates": [
          121.5154170090772,
          25.058828093932274
        ]
      },
      "properties": {
        "city": "臺北市",
        "district": "大同區",
        "category": "綠色商店",
        "name": "7-11權鑫門市",
        "address": "103台北市大同區民權西路157之1號1樓"
      }
    },
    {
      "type": "Feature",
      "geometry": {
        "type": "Point",
        "coordinates": [
          121.53769056581933,
          25.04934211608017
        ]
      },
      "properties": {
        "city": "臺北市",
        "district": "中山區",
        "category": "綠色商店",
        "name": "7-11歡唱門市",
        "address": "104台北市中山區林森北路310巷17號"
      }
    },
    {
      "type": "Feature",
      "geometry": {
        "type": "Point",
        "coordinates": [
          121.5385858529556,
          25.026385700277135
        ]
      },
      "properties": {
        "city": "臺北市",
        "district": "大安區",
        "category": "綠色商店",
        "name": "7-11麟光門市",
        "address": "106台北市大安區臥龍街275號"
      }
    },
    {
      "type": "Feature",
      "geometry": {
        "type": "Point",
        "coordinates": [
          121.51922602129076,
          25.032084926789494
        ]
      },
      "properties": {
        "city": "臺北市",
        "district": "中正區",
        "category": "綠色商店",
        "name": "7-11鑫大孝門市",
        "address": "100台北市中正區黎明里重慶南路一段1-1號一樓"
      }
    },
    {
      "type": "Feature",
      "geometry": {
        "type": "Point",
        "coordinates": [
          121.52432391648246,
          25.028871426707934
        ]
      },
      "properties": {
        "city": "臺北市",
        "district": "中正區",
        "category": "綠色商店",
        "name": "7-11鑫公信門市",
        "address": "100台北市中正區信陽街2-1號"
      }
    },
    {
      "type": "Feature",
      "geometry": {
        "type": "Point",
        "coordinates": [
          121.50808171522776,
          25.062585832656627
        ]
      },
      "properties": {
        "city": "臺北市",
        "district": "大同區",
        "category": "綠色商店",
        "name": "7-11鑫太原門市",
        "address": "103台北市大同區太原路40.42.44號"
      }
    },
    {
      "type": "Feature",
      "geometry": {
        "type": "Point",
        "coordinates": [
          121.58460158121417,
          25.06859033039157
        ]
      },
      "properties": {
        "city": "臺北市",
        "district": "內湖區",
        "category": "綠色商店",
        "name": "7-11鑫文德門市",
        "address": "114台北市內湖區文德路99號1樓"
      }
    },
    {
      "type": "Feature",
      "geometry": {
        "type": "Point",
        "coordinates": [
          121.54770788126363,
          25.02613362894738
        ]
      },
      "properties": {
        "city": "臺北市",
        "district": "大安區",
        "category": "綠色商店",
        "name": "7-11鑫北科門市",
        "address": "106台北市大安區忠孝東路3段1號第六教學大樓B4"
      }
    },
    {
      "type": "Feature",
      "geometry": {
        "type": "Point",
        "coordinates": [
          121.5045797650023,
          25.023550618624352
        ]
      },
      "properties": {
        "city": "臺北市",
        "district": "中正區",
        "category": "綠色商店",
        "name": "7-11鑫台北門市",
        "address": "100台北市中正區黎明里忠孝西路一段35號一樓"
      }
    },
    {
      "type": "Feature",
      "geometry": {
        "type": "Point",
        "coordinates": [
          121.52628832688417,
          25.065289645727876
        ]
      },
      "properties": {
        "city": "臺北市",
        "district": "中山區",
        "category": "綠色商店",
        "name": "7-11鑫生門市",
        "address": "104台北市中山區南京東路二段23號"
      }
    },
    {
      "type": "Feature",
      "geometry": {
        "type": "Point",
        "coordinates": [
          121.51251782168625,
          25.084464514440874
        ]
      },
      "properties": {
        "city": "臺北市",
        "district": "士林區",
        "category": "綠色商店",
        "name": "7-11鑫仰德門市",
        "address": "111台北市士林區仰德大道三段68.70號"
      }
    },
    {
      "type": "Feature",
      "geometry": {
        "type": "Point",
        "coordinates": [
          121.56041120749771,
          25.02132835548633
        ]
      },
      "properties": {
        "city": "臺北市",
        "district": "信義區",
        "category": "綠色商店",
        "name": "7-11鑫吉門市",
        "address": "110台北市信義區虎林街85號"
      }
    },
    {
      "type": "Feature",
      "geometry": {
        "type": "Point",
        "coordinates": [
          121.53546224490368,
          25.058663755816152
        ]
      },
      "properties": {
        "city": "臺北市",
        "district": "中山區",
        "category": "綠色商店",
        "name": "7-11鑫安江門市",
        "address": "104台北市中山區長安東路二段178.178-1號1樓"
      }
    },
    {
      "type": "Feature",
      "geometry": {
        "type": "Point",
        "coordinates": [
          121.59415993938514,
          25.058242625627727
        ]
      },
      "properties": {
        "city": "臺北市",
        "district": "內湖區",
        "category": "綠色商店",
        "name": "7-11鑫江南門市",
        "address": "114台北市內湖區文德路6號1樓"
      }
    },
    {
      "type": "Feature",
      "geometry": {
        "type": "Point",
        "coordinates": [
          121.50502032162363,
          25.04373304009232
        ]
      },
      "properties": {
        "city": "臺北市",
        "district": "中正區",
        "category": "綠色商店",
        "name": "7-11鑫杭門市",
        "address": "100台北市中正區杭州南路1段23號"
      }
    },
    {
      "type": "Feature",
      "geometry": {
        "type": "Point",
        "coordinates": [
          121.53144340573145,
          25.076272044897674
        ]
      },
      "properties": {
        "city": "臺北市",
        "district": "中山區",
        "category": "綠色商店",
        "name": "7-11鑫東一門市",
        "address": "104台北市中山區一江街11.13號"
      }
    },
    {
      "type": "Feature",
      "geometry": {
        "type": "Point",
        "coordinates": [
          121.5099493810397,
          25.032102344585702
        ]
      },
      "properties": {
        "city": "臺北市",
        "district": "萬華區",
        "category": "綠色商店",
        "name": "7-11鑫武昌門市",
        "address": "108台北市萬華區武昌街二段57號1樓"
      }
    },
    {
      "type": "Feature",
      "geometry": {
        "type": "Point",
        "coordinates": [
          121.53082450820085,
          25.05863505166729
        ]
      },
      "properties": {
        "city": "臺北市",
        "district": "中山區",
        "category": "綠色商店",
        "name": "7-11鑫長安門市",
        "address": "104台北市中山區長安東路一段53巷1之3號"
      }
    },
    {
      "type": "Feature",
      "geometry": {
        "type": "Point",
        "coordinates": [
          121.49557102022283,
          25.032187169178297
        ]
      },
      "properties": {
        "city": "臺北市",
        "district": "萬華區",
        "category": "綠色商店",
        "name": "7-11鑫青天門市",
        "address": "108台北市萬華區青年路144號"
      }
    },
    {
      "type": "Feature",
      "geometry": {
        "type": "Point",
        "coordinates": [
          121.52055293389255,
          25.03493949351358
        ]
      },
      "properties": {
        "city": "臺北市",
        "district": "中正區",
        "category": "綠色商店",
        "name": "7-11鑫泉州門市",
        "address": "100台北市中正區汀州路一段285號一樓"
      }
    },
    {
      "type": "Feature",
      "geometry": {
        "type": "Point",
        "coordinates": [
          121.5104449734039,
          25.02738962054264
        ]
      },
      "properties": {
        "city": "臺北市",
        "district": "中正區",
        "category": "綠色商店",
        "name": "7-11鑫重寧門市",
        "address": "100台北市中正區寧波西街86號1樓"
      }
    },
    {
      "type": "Feature",
      "geometry": {
        "type": "Point",
        "coordinates": [
          121.51368015522786,
          25.03762515943365
        ]
      },
      "properties": {
        "city": "臺北市",
        "district": "中正區",
        "category": "綠色商店",
        "name": "7-11鑫國語門市",
        "address": "100台北市中正區福州街11-3.11-4號"
      }
    },
    {
      "type": "Feature",
      "geometry": {
        "type": "Point",
        "coordinates": [
          121.5912147015131,
          25.06725747828902
        ]
      },
      "properties": {
        "city": "臺北市",
        "district": "內湖區",
        "category": "綠色商店",
        "name": "7-11鑫湖門市",
        "address": "114台北市內湖區內湖路二段103巷64號"
      }
    },
    {
      "type": "Feature",
      "geometry": {
        "type": "Point",
        "coordinates": [
          121.51310400724614,
          25.038523631614574
        ]
      },
      "properties": {
        "city": "臺北市",
        "district": "中正區",
        "category": "綠色商店",
        "name": "7-11鑫華福門市",
        "address": "100台北市中正區懷寧街30.32號1樓"
      }
    },
    {
      "type": "Feature",
      "geometry": {
        "type": "Point",
        "coordinates": [
          121.58924742659944,
          25.0775116813993
        ]
      },
      "properties": {
        "city": "臺北市",
        "district": "內湖區",
        "category": "綠色商店",
        "name": "7-11鑫碁泰門市",
        "address": "114台北市內湖區康寧路三段63.65.67號"
      }
    },
    {
      "type": "Feature",
      "geometry": {
        "type": "Point",
        "coordinates": [
          121.5580540601875,
          25.057200617879126
        ]
      },
      "properties": {
        "city": "臺北市",
        "district": "松山區",
        "category": "綠色商店",
        "name": "7-11鑫壽門市",
        "address": "105台北市松山區延壽街323號"
      }
    },
    {
      "type": "Feature",
      "geometry": {
        "type": "Point",
        "coordinates": [
          121.51213449776093,
          25.07020064219356
        ]
      },
      "properties": {
        "city": "臺北市",
        "district": "大同區",
        "category": "綠色商店",
        "name": "7-11鑫寧門市",
        "address": "103台北市大同區民生西路214.216號1樓"
      }
    },
    {
      "type": "Feature",
      "geometry": {
        "type": "Point",
        "coordinates": [
          121.51968089821594,
          25.055691664829112
        ]
      },
      "properties": {
        "city": "臺北市",
        "district": "中山區",
        "category": "綠色商店",
        "name": "7-11鑫德惠門市",
        "address": "104台北市中山區德惠街15號1樓"
      }
    },
    {
      "type": "Feature",
      "geometry": {
        "type": "Point",
        "coordinates": [
          121.49918522712716,
          25.02198496250862
        ]
      },
      "properties": {
        "city": "臺北市",
        "district": "萬華區",
        "category": "綠色商店",
        "name": "7-11鑫樂昇門市",
        "address": "108台北市萬華區武昌街二段114之3號"
      }
    },
    {
      "type": "Feature",
      "geometry": {
        "type": "Point",
        "coordinates": [
          121.5825680977804,
          25.07154434829253
        ]
      },
      "properties": {
        "city": "臺北市",
        "district": "內湖區",
        "category": "綠色商店",
        "name": "7-11鑫輝煌門市",
        "address": "114台北市內湖區東湖路119巷49弄2號1樓"
      }
    },
    {
      "type": "Feature",
      "geometry": {
        "type": "Point",
        "coordinates": [
          121.5214220535301,
          25.032485690128336
        ]
      },
      "properties": {
        "city": "臺北市",
        "district": "中正區",
        "category": "綠色商店",
        "name": "7-11鑫衡陽門市",
        "address": "100台北市中正區衡陽路6號1樓"
      }
    },
    {
      "type": "Feature",
      "geometry": {
        "type": "Point",
        "coordinates": [
          121.54627056398823,
          25.05960524463982
        ]
      },
      "properties": {
        "city": "臺北市",
        "district": "中山區",
        "category": "綠色商店",
        "name": "7-11鑫錦州門市",
        "address": "104台北市中山區錦州街263號"
      }
    },
    {
      "type": "Feature",
      "geometry": {
        "type": "Point",
        "coordinates": [
          121.5419580955934,
          25.06900242804401
        ]
      },
      "properties": {
        "city": "臺北市",
        "district": "中山區",
        "category": "綠色商店",
        "name": "7-11鑫櫃門市",
        "address": "104台北市中山區松江路183.183-1號1樓"
      }
    },
    {
      "type": "Feature",
      "geometry": {
        "type": "Point",
        "coordinates": [
          121.50670685741134,
          25.020904927988052
        ]
      },
      "properties": {
        "city": "臺北市",
        "district": "萬華區",
        "category": "綠色商店",
        "name": "7-11鑫寶門市",
        "address": "108台北市萬華區寶興街41號1樓"
      }
    },
    {
      "type": "Feature",
      "geometry": {
        "type": "Point",
        "coordinates": [
          121.50795969426589,
          25.034211967085213
        ]
      },
      "properties": {
        "city": "臺北市",
        "district": "中正區",
        "category": "綠色商店",
        "name": "7-11鑫鑫運門市",
        "address": "100台北市中正區忠孝西路一段49號B1"
      }
    },
    {
      "type": "Feature",
      "geometry": {
        "type": "Point",
        "coordinates": [
          121.52214506197622,
          25.059866191861232
        ]
      },
      "properties": {
        "city": "臺北市",
        "district": "大同區",
        "category": "綠色商店",
        "name": "大同綜合訊電股份有限公司-大同3C_仁愛服務站",
        "address": "103台北市大同區重慶北路三段133號"
      }
    },
    {
      "type": "Feature",
      "geometry": {
        "type": "Point",
        "coordinates": [
          121.53154242394851,
          25.069605378362596
        ]
      },
      "properties": {
        "city": "臺北市",
        "district": "中山區",
        "category": "綠色商店",
        "name": "大同綜合訊電股份有限公司-大同3C_台北中山門市",
        "address": "104臺北市中山區台北市中山北路三段13號"
      }
    },
    {
      "type": "Feature",
      "geometry": {
        "type": "Point",
        "coordinates": [
          121.49746677589108,
          25.14256094086662
        ]
      },
      "properties": {
        "city": "臺北市",
        "district": "北投區",
        "category": "綠色商店",
        "name": "大同綜合訊電股份有限公司-大同3C_台北中央北門市",
        "address": "112台北市北投區中央北路一段134號"
      }
    },
    {
      "type": "Feature",
      "geometry": {
        "type": "Point",
        "coordinates": [
          121.57859411577473,
          25.062740272311533
        ]
      },
      "properties": {
        "city": "臺北市",
        "district": "內湖區",
        "category": "綠色商店",
        "name": "大同綜合訊電股份有限公司-大同3C_台北內湖門市",
        "address": "114台北市內湖區內湖路二段259號"
      }
    },
    {
      "type": "Feature",
      "geometry": {
        "type": "Point",
        "coordinates": [
          121.53665394812265,
          25.076483196598463
        ]
      },
      "properties": {
        "city": "臺北市",
        "district": "士林區",
        "category": "綠色商店",
        "name": "大同綜合訊電股份有限公司-大同3C_台北文林門市",
        "address": "111臺北市士林區文林路488號"
      }
    },
    {
      "type": "Feature",
      "geometry": {
        "type": "Point",
        "coordinates": [
          121.56963669997523,
          24.987032841207323
        ]
      },
      "properties": {
        "city": "臺北市",
        "district": "文山區",
        "category": "綠色商店",
        "name": "大同綜合訊電股份有限公司-大同3C_台北木新門市",
        "address": "116台北市文山區木新路三段228號"
      }
    },
    {
      "type": "Feature",
      "geometry": {
        "type": "Point",
        "coordinates": [
          121.53835836510005,
          25.055914605896028
        ]
      },
      "properties": {
        "city": "臺北市",
        "district": "中山區",
        "category": "綠色商店",
        "name": "大同綜合訊電股份有限公司-大同3C_台北民權門市",
        "address": "104台北市中山區民權東路三段65號"
      }
    },
    {
      "type": "Feature",
      "geometry": {
        "type": "Point",
        "coordinates": [
          121.49121712611962,
          25.143530077781655
        ]
      },
      "properties": {
        "city": "臺北市",
        "district": "北投區",
        "category": "綠色商店",
        "name": "大同綜合訊電股份有限公司-大同3C_台北石牌門市",
        "address": "112臺北市北投區台北市石牌路一段144號"
      }
    },
    {
      "type": "Feature",
      "geometry": {
        "type": "Point",
        "coordinates": [
          121.49906794679433,
          25.03543329695565
        ]
      },
      "properties": {
        "city": "臺北市",
        "district": "",
        "category": "綠色商店",
        "name": "大同綜合訊電股份有限公司-大同3C_台北忠孝門市",
        "address": "台北市忠孝東路五段974號"
      }
    },
    {
      "type": "Feature",
      "geometry": {
        "type": "Point",
        "coordinates": [
          121.51905608951071,
          25.053846929366102
        ]
      },
      "properties": {
        "city": "臺北市",
        "district": "大同區",
        "category": "綠色商店",
        "name": "大同綜合訊電股份有限公司-大同3C_台北社子門市",
        "address": "111台北市大同區延平北路五段130、132號"
      }
    },
    {
      "type": "Feature",
      "geometry": {
        "type": "Point",
        "coordinates": [
          121.56578260505479,
          25.066462456606704
        ]
      },
      "properties": {
        "city": "臺北市",
        "district": "松山區",
        "category": "綠色商店",
        "name": "大同綜合訊電股份有限公司-大同3C_台北南京東門市",
        "address": "105台北市松山區南京東路五段267號"
      }
    },
    {
      "type": "Feature",
      "geometry": {
        "type": "Point",
        "coordinates": [
          121.50312986008619,
          25.06884504290808
        ]
      },
      "properties": {
        "city": "臺北市",
        "district": "大同區",
        "category": "綠色商店",
        "name": "大同綜合訊電股份有限公司-大同3C_台北重慶北門市",
        "address": "103台北市大同區重慶北路二段174-2、3號"
      }
    },
    {
      "type": "Feature",
      "geometry": {
        "type": "Point",
        "coordinates": [
          121.49744073030548,
          25.058138646006096
        ]
      },
      "properties": {
        "city": "臺北市",
        "district": "",
        "category": "綠色商店",
        "name": "大同綜合訊電股份有限公司-大同3C_台北莊敬門市",
        "address": "110台北市莊敬路386、388號"
      }
    },
    {
      "type": "Feature",
      "geometry": {
        "type": "Point",
        "coordinates": [
          121.5437857731655,
          25.05543001838712
        ]
      },
      "properties": {
        "city": "臺北市",
        "district": "松山區",
        "category": "綠色商店",
        "name": "大同綜合訊電股份有限公司-大同3C_台北復北二門市",
        "address": "105台北市松山區南京東路三段225號"
      }
    },
    {
      "type": "Feature",
      "geometry": {
        "type": "Point",
        "coordinates": [
          121.53205722794608,
          25.01991575605964
        ]
      },
      "properties": {
        "city": "臺北市",
        "district": "大安區",
        "category": "綠色商店",
        "name": "大同綜合訊電股份有限公司-大同3C_台北復南門市",
        "address": "106台北市大安區復興南路ㄧ段154~162號"
      }
    },
    {
      "type": "Feature",
      "geometry": {
        "type": "Point",
        "coordinates": [
          121.4979568957579,
          25.03682532297157
        ]
      },
      "properties": {
        "city": "臺北市",
        "district": "萬華區",
        "category": "綠色商店",
        "name": "大同綜合訊電股份有限公司-大同3C_台北萬華門市",
        "address": "108臺北市萬華區康定路215號"
      }
    },
    {
      "type": "Feature",
      "geometry": {
        "type": "Point",
        "coordinates": [
          121.54452720921695,
          25.063588586047818
        ]
      },
      "properties": {
        "city": "臺北市",
        "district": "松山區",
        "category": "綠色商店",
        "name": "大同綜合訊電股份有限公司-大同3C_民生東門市",
        "address": "105台北市松山區民生東路五段75號"
      }
    },
    {
      "type": "Feature",
      "geometry": {
        "type": "Point",
        "coordinates": [
          121.60034002417034,
          25.058862108455127
        ]
      },
      "properties": {
        "city": "臺北市",
        "district": "內湖區",
        "category": "綠色商店",
        "name": "大潤發流通事業股份有限公司內湖分公司",
        "address": "114臺北市內湖區"
      }
    },
    {
      "type": "Feature",
      "geometry": {
        "type": "Point",
        "coordinates": [
          121.57777445906741,
          25.06824898779166
        ]
      },
      "properties": {
        "city": "臺北市",
        "district": "內湖區",
        "category": "綠色商店",
        "name": "大潤發流通事業股份有限公司南湖分公司",
        "address": "114臺北市內湖區舊宗路一段188號"
      }
    },
    {
      "type": "Feature",
      "geometry": {
        "type": "Point",
        "coordinates": [
          121.49078663697664,
          25.035746271695842
        ]
      },
      "properties": {
        "city": "臺北市",
        "district": "",
        "category": "綠色商店",
        "name": "中華電信股份有限公司（股）台北營運處士林服務中心",
        "address": "111臺北市基河路10號"
      }
    },
    {
      "type": "Feature",
      "geometry": {
        "type": "Point",
        "coordinates": [
          121.51954885956941,
          25.084601877253174
        ]
      },
      "properties": {
        "city": "臺北市",
        "district": "士林區",
        "category": "綠色商店",
        "name": "中華電信股份有限公司台北營運處士林夜市服務中心",
        "address": "111臺北市士林區文林路158號"
      }
    },
    {
      "type": "Feature",
      "geometry": {
        "type": "Point",
        "coordinates": [
          121.51073380019054,
          25.05816335603234
        ]
      },
      "properties": {
        "city": "臺北市",
        "district": "",
        "category": "綠色商店",
        "name": "中華電信股份有限公司台北營運處大安服務中心",
        "address": "106臺北市信義路四段89之1號"
      }
    },
    {
      "type": "Feature",
      "geometry": {
        "type": "Point",
        "coordinates": [
          121.54234448153706,
          25.05764786309571
        ]
      },
      "properties": {
        "city": "臺北市",
        "district": "中山區",
        "category": "綠色商店",
        "name": "中華電信股份有限公司台北營運處大直服務中心",
        "address": "104臺北市中山區北安路662號1樓"
      }
    },
    {
      "type": "Feature",
      "geometry": {
        "type": "Point",
        "coordinates": [
          121.51731715055871,
          25.06360299252284
        ]
      },
      "properties": {
        "city": "臺北市",
        "district": "大同區",
        "category": "綠色商店",
        "name": "中華電信股份有限公司台北營運處大稻埕服務中心",
        "address": "103臺北市大同區民生西路305號"
      }
    },
    {
      "type": "Feature",
      "geometry": {
        "type": "Point",
        "coordinates": [
          121.50254827566928,
          25.047608521455235
        ]
      },
      "properties": {
        "city": "臺北市",
        "district": "",
        "category": "綠色商店",
        "name": "中華電信股份有限公司台北營運處大龍峒服務中心",
        "address": "103臺北市承德路三段249號"
      }
    },
    {
      "type": "Feature",
      "geometry": {
        "type": "Point",
        "coordinates": [
          121.57500219035116,
          25.02443019578516
        ]
      },
      "properties": {
        "city": "臺北市",
        "district": "信義區",
        "category": "綠色商店",
        "name": "中華電信股份有限公司台北營運處五分埔服務中心",
        "address": "110臺北市信義區永吉路525號"
      }
    },
    {
      "type": "Feature",
      "geometry": {
        "type": "Point",
        "coordinates": [
          121.59728718098513,
          25.083876494071376
        ]
      },
      "properties": {
        "city": "臺北市",
        "district": "內湖區",
        "category": "綠色商店",
        "name": "中華電信股份有限公司台北營運處內湖成功服務中心",
        "address": "114臺北市內湖區成功路三段135 號"
      }
    },
    {
      "type": "Feature",
      "geometry": {
        "type": "Point",
        "coordinates": [
          121.49134926936229,
          25.05988688094089
        ]
      },
      "properties": {
        "city": "臺北市",
        "district": "",
        "category": "綠色商店",
        "name": "中華電信股份有限公司台北營運處木柵服務中心",
        "address": "116臺北市木柵路三段79號"
      }
    },
    {
      "type": "Feature",
      "geometry": {
        "type": "Point",
        "coordinates": [
          121.49448189446953,
          25.118557677793646
        ]
      },
      "properties": {
        "city": "臺北市",
        "district": "北投區",
        "category": "綠色商店",
        "name": "中華電信股份有限公司台北營運處北投中和服務中心",
        "address": "112臺北市北投區中和街260號"
      }
    },
    {
      "type": "Feature",
      "geometry": {
        "type": "Point",
        "coordinates": [
          121.50681056102859,
          25.130419316197965
        ]
      },
      "properties": {
        "city": "臺北市",
        "district": "北投區",
        "category": "綠色商店",
        "name": "中華電信股份有限公司台北營運處北投服務中心",
        "address": "112臺北市北投區光明路176號"
      }
    },
    {
      "type": "Feature",
      "geometry": {
        "type": "Point",
        "coordinates": [
          121.5774053594164,
          25.0270118190729
        ]
      },
      "properties": {
        "city": "臺北市",
        "district": "信義區",
        "category": "綠色商店",
        "name": "中華電信股份有限公司台北營運處台北101服務中心",
        "address": "110臺北市信義區信義路五段7號35樓C室"
      }
    },
    {
      "type": "Feature",
      "geometry": {
        "type": "Point",
        "coordinates": [
          121.50222899067306,
          25.027077144726398
        ]
      },
      "properties": {
        "city": "臺北市",
        "district": "中正區",
        "category": "綠色商店",
        "name": "中華電信股份有限公司台北營運處台北三創服務中心",
        "address": "100臺北市中正區市民大道三段2號"
      }
    },
    {
      "type": "Feature",
      "geometry": {
        "type": "Point",
        "coordinates": [
          121.51022156654271,
          25.046756288301122
        ]
      },
      "properties": {
        "city": "臺北市",
        "district": "中正區",
        "category": "綠色商店",
        "name": "中華電信股份有限公司台北營運處台北公園服務中心",
        "address": "100臺北市中正區公園路18號"
      }
    },
    {
      "type": "Feature",
      "geometry": {
        "type": "Point",
        "coordinates": [
          121.5108492005448,
          25.017238198133217
        ]
      },
      "properties": {
        "city": "臺北市",
        "district": "中正區",
        "category": "綠色商店",
        "name": "中華電信股份有限公司台北營運處台北公館服務中心",
        "address": "100臺北市中正區羅斯福路四段76號"
      }
    },
    {
      "type": "Feature",
      "geometry": {
        "type": "Point",
        "coordinates": [
          121.57383582342779,
          25.002692609777522
        ]
      },
      "properties": {
        "city": "臺北市",
        "district": "文山區",
        "category": "綠色商店",
        "name": "中華電信股份有限公司台北營運處台北木新服務中心",
        "address": "116臺北市文山區木新路三段200號"
      }
    },
    {
      "type": "Feature",
      "geometry": {
        "type": "Point",
        "coordinates": [
          121.52668915851174,
          25.052053235351497
        ]
      },
      "properties": {
        "city": "臺北市",
        "district": "中山區",
        "category": "綠色商店",
        "name": "中華電信股份有限公司台北營運處台北北區服務中心",
        "address": "104臺北市中山區松江里建國北路2段216號1樓"
      }
    },
    {
      "type": "Feature",
      "geometry": {
        "type": "Point",
        "coordinates": [
          121.56782309137421,
          25.07456813172556
        ]
      },
      "properties": {
        "city": "臺北市",
        "district": "松山區",
        "category": "綠色商店",
        "name": "中華電信股份有限公司台北營運處台北民生服務中心",
        "address": "105臺北市松山區民生東路五段206號"
      }
    },
    {
      "type": "Feature",
      "geometry": {
        "type": "Point",
        "coordinates": [
          121.55801275566635,
          25.019099635453042
        ]
      },
      "properties": {
        "city": "臺北市",
        "district": "信義區",
        "category": "綠色商店",
        "name": "中華電信股份有限公司台北營運處台北光復服務中心",
        "address": "110台北市信義區仁愛路四段420-1號"
      }
    },
    {
      "type": "Feature",
      "geometry": {
        "type": "Point",
        "coordinates": [
          121.54963081016118,
          25.03050534539571
        ]
      },
      "properties": {
        "city": "臺北市",
        "district": "大安區",
        "category": "綠色商店",
        "name": "中華電信股份有限公司台北營運處台北忠孝服務中心",
        "address": "106臺北市大安區義村里忠孝東路3段214號1樓"
      }
    },
    {
      "type": "Feature",
      "geometry": {
        "type": "Point",
        "coordinates": [
          121.53991143758161,
          25.026212614029635
        ]
      },
      "properties": {
        "city": "臺北市",
        "district": "大安區",
        "category": "綠色商店",
        "name": "中華電信股份有限公司台北營運處台北東門服務中心",
        "address": "106臺北市大安區愛國東路35-1號"
      }
    },
    {
      "type": "Feature",
      "geometry": {
        "type": "Point",
        "coordinates": [
          121.57586291636902,
          25.020333260909332
        ]
      },
      "properties": {
        "city": "臺北市",
        "district": "信義區",
        "category": "綠色商店",
        "name": "中華電信股份有限公司台北營運處台北東區服務中心",
        "address": "110臺北市信義區松仁路130號"
      }
    },
    {
      "type": "Feature",
      "geometry": {
        "type": "Point",
        "coordinates": [
          121.5801227861997,
          25.058359240881746
        ]
      },
      "properties": {
        "city": "臺北市",
        "district": "內湖區",
        "category": "綠色商店",
        "name": "中華電信股份有限公司台北營運處台北東湖服務中心",
        "address": "114臺北市內湖區東湖路33巷1號"
      }
    },
    {
      "type": "Feature",
      "geometry": {
        "type": "Point",
        "coordinates": [
          121.51810591346664,
          25.07153628750991
        ]
      },
      "properties": {
        "city": "臺北市",
        "district": "中山區",
        "category": "綠色商店",
        "name": "中華電信股份有限公司台北營運處台北松江服務中心",
        "address": "104臺北市中山區朱園里松江路67之1號1樓"
      }
    },
    {
      "type": "Feature",
      "geometry": {
        "type": "Point",
        "coordinates": [
          121.50226363394337,
          25.038608171788262
        ]
      },
      "properties": {
        "city": "臺北市",
        "district": "",
        "category": "綠色商店",
        "name": "中華電信股份有限公司台北營運處台北南區服務中心",
        "address": "100臺北市仁愛路一段42號"
      }
    },
    {
      "type": "Feature",
      "geometry": {
        "type": "Point",
        "coordinates": [
          121.54629277428167,
          25.03631171671051
        ]
      },
      "properties": {
        "city": "臺北市",
        "district": "大安區",
        "category": "綠色商店",
        "name": "中華電信股份有限公司台北營運處台北師大服務中心",
        "address": "106臺北市大安區和平東路1段182之2號"
      }
    },
    {
      "type": "Feature",
      "geometry": {
        "type": "Point",
        "coordinates": [
          121.54581710298815,
          25.032851679951442
        ]
      },
      "properties": {
        "city": "臺北市",
        "district": "大安區",
        "category": "綠色商店",
        "name": "中華電信股份有限公司台北營運處台北通化服務中心",
        "address": "106臺北市大安區通化街177號"
      }
    },
    {
      "type": "Feature",
      "geometry": {
        "type": "Point",
        "coordinates": [
          121.511607777842,
          25.05922450524686
        ]
      },
      "properties": {
        "city": "臺北市",
        "district": "",
        "category": "綠色商店",
        "name": "中華電信股份有限公司台北營運處台北博愛服務中心",
        "address": "100臺北市博愛路168號"
      }
    },
    {
      "type": "Feature",
      "geometry": {
        "type": "Point",
        "coordinates": [
          121.5720567327793,
          25.061971983308997
        ]
      },
      "properties": {
        "city": "臺北市",
        "district": "松山區",
        "category": "綠色商店",
        "name": "中華電信股份有限公司台北營運處台北敦北服務中心",
        "address": "105臺北市松山區精忠里民生東路4段69號1樓"
      }
    },
    {
      "type": "Feature",
      "geometry": {
        "type": "Point",
        "coordinates": [
          121.514248640973,
          25.13384232289179
        ]
      },
      "properties": {
        "city": "臺北市",
        "district": "北投區",
        "category": "綠色商店",
        "name": "中華電信股份有限公司台北營運處石牌服務中心",
        "address": "112臺北市北投區石牌路一段73號"
      }
    },
    {
      "type": "Feature",
      "geometry": {
        "type": "Point",
        "coordinates": [
          121.50435082716274,
          25.042246876109907
        ]
      },
      "properties": {
        "city": "臺北市",
        "district": "",
        "category": "綠色商店",
        "name": "中華電信股份有限公司台北營運處立法院服務中心",
        "address": "100臺北市濟南路一段1號2樓"
      }
    },
    {
      "type": "Feature",
      "geometry": {
        "type": "Point",
        "coordinates": [
          121.503799258301,
          25.027835093214033
        ]
      },
      "properties": {
        "city": "臺北市",
        "district": "萬華區",
        "category": "綠色商店",
        "name": "中華電信股份有限公司台北營運處西門町服務中心",
        "address": "108臺北市萬華區昆明街126號"
      }
    },
    {
      "type": "Feature",
      "geometry": {
        "type": "Point",
        "coordinates": [
          121.55217828245559,
          25.052086255366316
        ]
      },
      "properties": {
        "city": "臺北市",
        "district": "松山區",
        "category": "綠色商店",
        "name": "中華電信股份有限公司台北營運處松山機場服務中心",
        "address": "105臺北市松山區敦化北路340之9號"
      }
    },
    {
      "type": "Feature",
      "geometry": {
        "type": "Point",
        "coordinates": [
          121.53353631748715,
          25.079376068508825
        ]
      },
      "properties": {
        "city": "臺北市",
        "district": "士林區",
        "category": "綠色商店",
        "name": "中華電信股份有限公司台北營運處社子服務中心",
        "address": "111臺北市士林區延平北路五段211號"
      }
    },
    {
      "type": "Feature",
      "geometry": {
        "type": "Point",
        "coordinates": [
          121.52232503634231,
          25.075264412167137
        ]
      },
      "properties": {
        "city": "臺北市",
        "district": "士林區",
        "category": "綠色商店",
        "name": "中華電信股份有限公司台北營運處芝山服務中心",
        "address": "111臺北市士林區福國路95號2F"
      }
    },
    {
      "type": "Feature",
      "geometry": {
        "type": "Point",
        "coordinates": [
          121.52283222387666,
          25.05556887603905
        ]
      },
      "properties": {
        "city": "臺北市",
        "district": "中山區",
        "category": "綠色商店",
        "name": "中華電信股份有限公司台北營運處長春服務中心",
        "address": "104臺北市中山區中山里長春路27號"
      }
    },
    {
      "type": "Feature",
      "geometry": {
        "type": "Point",
        "coordinates": [
          121.54739352189145,
          25.063272754927695
        ]
      },
      "properties": {
        "city": "臺北市",
        "district": "松山區",
        "category": "綠色商店",
        "name": "中華電信股份有限公司台北營運處南京東服務中心",
        "address": "105臺北市松山區南京東路五段135號"
      }
    },
    {
      "type": "Feature",
      "geometry": {
        "type": "Point",
        "coordinates": [
          121.49394020355051,
          25.059936328021298
        ]
      },
      "properties": {
        "city": "臺北市",
        "district": "",
        "category": "綠色商店",
        "name": "中華電信股份有限公司台北營運處南港服務中心",
        "address": "115臺北市南港路一段356號"
      }
    },
    {
      "type": "Feature",
      "geometry": {
        "type": "Point",
        "coordinates": [
          121.50333466731225,
          25.04373365148735
        ]
      },
      "properties": {
        "city": "臺北市",
        "district": "",
        "category": "綠色商店",
        "name": "中華電信股份有限公司台北營運處南機場服務中心",
        "address": "108臺北市西藏路125巷20號"
      }
    },
    {
      "type": "Feature",
      "geometry": {
        "type": "Point",
        "coordinates": [
          121.58127409695359,
          25.057301994411304
        ]
      },
      "properties": {
        "city": "臺北市",
        "district": "內湖區",
        "category": "綠色商店",
        "name": "中華電信股份有限公司台北營運處康寧服務中心",
        "address": "114臺北市內湖區康寧路三段75巷22號"
      }
    },
    {
      "type": "Feature",
      "geometry": {
        "type": "Point",
        "coordinates": [
          121.5523884190904,
          25.028899467255872
        ]
      },
      "properties": {
        "city": "臺北市",
        "district": "大安區",
        "category": "綠色商店",
        "name": "中華電信股份有限公司台北營運處頂好服務中心",
        "address": "106臺北市大安區光武里敦化南路1段158號1樓"
      }
    },
    {
      "type": "Feature",
      "geometry": {
        "type": "Point",
        "coordinates": [
          121.51488963173739,
          25.048557062280594
        ]
      },
      "properties": {
        "city": "臺北市",
        "district": "",
        "category": "綠色商店",
        "name": "中華電信股份有限公司台北營運處敦南服務中心",
        "address": "106臺北市敦化南路二段162號"
      }
    },
    {
      "type": "Feature",
      "geometry": {
        "type": "Point",
        "coordinates": [
          121.57079869118111,
          24.9876242924802
        ]
      },
      "properties": {
        "city": "臺北市",
        "district": "文山區",
        "category": "綠色商店",
        "name": "中華電信股份有限公司台北營運處景文服務中心",
        "address": "116臺北市文山區景文街60號"
      }
    },
    {
      "type": "Feature",
      "geometry": {
        "type": "Point",
        "coordinates": [
          121.5088879309148,
          25.035328213416832
        ]
      },
      "properties": {
        "city": "臺北市",
        "district": "",
        "category": "綠色商店",
        "name": "中華電信股份有限公司台北營運處景美服務中心",
        "address": "116臺北市羅斯福路六段159巷19號"
      }
    },
    {
      "type": "Feature",
      "geometry": {
        "type": "Point",
        "coordinates": [
          121.50741068933308,
          25.12212472393558
        ]
      },
      "properties": {
        "city": "臺北市",
        "district": "北投區",
        "category": "綠色商店",
        "name": "中華電信股份有限公司台北營運處陽明山服務中心",
        "address": "112臺北市北投區紗帽路139號"
      }
    },
    {
      "type": "Feature",
      "geometry": {
        "type": "Point",
        "coordinates": [
          121.53056250954144,
          25.10330718236028
        ]
      },
      "properties": {
        "city": "臺北市",
        "district": "士林區",
        "category": "綠色商店",
        "name": "中華電信股份有限公司台北營運處德行東服務中心",
        "address": "111臺北市士林區德行東路177號"
      }
    },
    {
      "type": "Feature",
      "geometry": {
        "type": "Point",
        "coordinates": [
          121.51371225654283,
          25.05157298845316
        ]
      },
      "properties": {
        "city": "臺北市",
        "district": "大同區",
        "category": "綠色商店",
        "name": "中華電信股份有限公司高雄營運處橋頭服務中心",
        "address": "103臺北市大同區延平北路三段68號"
      }
    },
    {
      "type": "Feature",
      "geometry": {
        "type": "Point",
        "coordinates": [
          121.58876961948513,
          25.066231632084513
        ]
      },
      "properties": {
        "city": "臺北市",
        "district": "內湖區",
        "category": "綠色商店",
        "name": "中華電信股份有限司公司台北營運處內湖服務中心",
        "address": "114臺北市內湖區港墘里內湖路1段596號"
      }
    },
    {
      "type": "Feature",
      "geometry": {
        "type": "Point",
        "coordinates": [
          121.58909252302587,
          25.082006723447805
        ]
      },
      "properties": {
        "city": "臺北市",
        "district": "內湖區",
        "category": "綠色商店",
        "name": "內德傢俱生活館",
        "address": "114台北市內湖區成功路三段152號1樓"
      }
    },
    {
      "type": "Feature",
      "geometry": {
        "type": "Point",
        "coordinates": [
          121.53128427543666,
          25.029578860416116
        ]
      },
      "properties": {
        "city": "臺北市",
        "district": "大安區",
        "category": "綠色商店",
        "name": "北都汽車股份有限公司-大安營業所",
        "address": "106台北市大安區和平東路2段128號"
      }
    },
    {
      "type": "Feature",
      "geometry": {
        "type": "Point",
        "coordinates": [
          121.58450825834433,
          25.060414219938213
        ]
      },
      "properties": {
        "city": "臺北市",
        "district": "內湖區",
        "category": "綠色商店",
        "name": "北都汽車股份有限公司-內湖營業所",
        "address": "114台北市內湖區內湖路1段91巷34號"
      }
    },
    {
      "type": "Feature",
      "geometry": {
        "type": "Point",
        "coordinates": [
          121.56798997589858,
          25.003360930417774
        ]
      },
      "properties": {
        "city": "臺北市",
        "district": "文山區",
        "category": "綠色商店",
        "name": "北都汽車股份有限公司-文山營業所",
        "address": "116台北市文山區羅斯福路6段88號1樓"
      }
    },
    {
      "type": "Feature",
      "geometry": {
        "type": "Point",
        "coordinates": [
          121.61156446620778,
          25.058240827200912
        ]
      },
      "properties": {
        "city": "臺北市",
        "district": "南港區",
        "category": "綠色商店",
        "name": "北都汽車股份有限公司-南港營業所",
        "address": "115台北市南港區南港路2段312號2樓"
      }
    },
    {
      "type": "Feature",
      "geometry": {
        "type": "Point",
        "coordinates": [
          121.54519034761506,
          25.07071761916957
        ]
      },
      "properties": {
        "city": "臺北市",
        "district": "松山區",
        "category": "綠色商店",
        "name": "北都汽車股份有限公司-敦化營業所",
        "address": "105台北市松山區八德路3段2號1樓"
      }
    },
    {
      "type": "Feature",
      "geometry": {
        "type": "Point",
        "coordinates": [
          121.49146817522842,
          25.018595053175787
        ]
      },
      "properties": {
        "city": "臺北市",
        "district": "萬華區",
        "category": "綠色商店",
        "name": "北都汽車股份有限公司-雙園營業所",
        "address": "108台北市萬華區西園路2段159號161號"
      }
    },
    {
      "type": "Feature",
      "geometry": {
        "type": "Point",
        "coordinates": [
          121.51929885365678,
          25.080830089587195
        ]
      },
      "properties": {
        "city": "臺北市",
        "district": "士林區",
        "category": "綠色商店",
        "name": "台象股份有限公司-象印SOGO天母據點",
        "address": "111臺北市士林區中山北路六段77號6樓"
      }
    },
    {
      "type": "Feature",
      "geometry": {
        "type": "Point",
        "coordinates": [
          121.54254252999652,
          25.02987855605542
        ]
      },
      "properties": {
        "city": "臺北市",
        "district": "大安區",
        "category": "綠色商店",
        "name": "台象股份有限公司-象印SOGO忠孝據點",
        "address": "106臺北市大安區忠孝東路四段45號?8F"
      }
    },
    {
      "type": "Feature",
      "geometry": {
        "type": "Point",
        "coordinates": [
          121.55559184636137,
          25.012472644183596
        ]
      },
      "properties": {
        "city": "臺北市",
        "district": "大安區",
        "category": "綠色商店",
        "name": "台象股份有限公司-象印SOGO復興據點",
        "address": "106臺北市大安區忠孝東路三段300號8F"
      }
    },
    {
      "type": "Feature",
      "geometry": {
        "type": "Point",
        "coordinates": [
          121.514495642405,
          25.08797351354258
        ]
      },
      "properties": {
        "city": "臺北市",
        "district": "士林區",
        "category": "綠色商店",
        "name": "台象股份有限公司-象印大葉高島屋據點",
        "address": "111臺北市士林區忠誠路二段55號12F"
      }
    },
    {
      "type": "Feature",
      "geometry": {
        "type": "Point",
        "coordinates": [
          121.5118787579223,
          25.090439088026574
        ]
      },
      "properties": {
        "city": "臺北市",
        "district": "士林區",
        "category": "綠色商店",
        "name": "台象股份有限公司-象印天母服務中心",
        "address": "111臺北市士林區克強路30號1樓"
      }
    },
    {
      "type": "Feature",
      "geometry": {
        "type": "Point",
        "coordinates": [
          121.54609348503273,
          25.071954892587602
        ]
      },
      "properties": {
        "city": "臺北市",
        "district": "中山區",
        "category": "綠色商店",
        "name": "台象股份有限公司-象印長安服務中心",
        "address": "104臺北市中山區長安東路二段80號1樓"
      }
    },
    {
      "type": "Feature",
      "geometry": {
        "type": "Point",
        "coordinates": [
          121.59353427191434,
          25.044439004216084
        ]
      },
      "properties": {
        "city": "臺北市",
        "district": "南港區",
        "category": "綠色商店",
        "name": "台象股份有限公司-象印南港服務中心",
        "address": "115臺北市南港區重陽路528號1樓"
      }
    },
    {
      "type": "Feature",
      "geometry": {
        "type": "Point",
        "coordinates": [
          121.54365785978428,
          25.061527510859474
        ]
      },
      "properties": {
        "city": "臺北市",
        "district": "中山區",
        "category": "綠色商店",
        "name": "台象股份有限公司-象印美麗華據點",
        "address": "104臺北市中山區敬業三路20號3F"
      }
    },
    {
      "type": "Feature",
      "geometry": {
        "type": "Point",
        "coordinates": [
          121.56320152451106,
          25.026759421342113
        ]
      },
      "properties": {
        "city": "臺北市",
        "district": "信義區",
        "category": "綠色商店",
        "name": "台象股份有限公司-象印統一時代台北據點",
        "address": "110臺北市信義區忠孝東路5段8號6F"
      }
    },
    {
      "type": "Feature",
      "geometry": {
        "type": "Point",
        "coordinates": [
          121.49970279959321,
          25.046248390224566
        ]
      },
      "properties": {
        "city": "臺北市",
        "district": "萬華區",
        "category": "綠色商店",
        "name": "台象股份有限公司-象印新光信義A8據點",
        "address": "108臺北市萬華區松高路12號7F"
      }
    },
    {
      "type": "Feature",
      "geometry": {
        "type": "Point",
        "coordinates": [
          121.52307243511996,
          25.061094853049195
        ]
      },
      "properties": {
        "city": "臺北市",
        "district": "中山區",
        "category": "綠色商店",
        "name": "台象股份有限公司-象印新光南西據點",
        "address": "104臺北市中山區臺北市中山區南京西路12號7F"
      }
    },
    {
      "type": "Feature",
      "geometry": {
        "type": "Point",
        "coordinates": [
          121.5275289493733,
          25.039029298530334
        ]
      },
      "properties": {
        "city": "臺北市",
        "district": "中正區",
        "category": "綠色商店",
        "name": "台象股份有限公司-象印新光站前據點",
        "address": "100臺北市中正區忠孝西路一段66號10F"
      }
    },
    {
      "type": "Feature",
      "geometry": {
        "type": "Point",
        "coordinates": [
          121.5240160608848,
          25.04410364333762
        ]
      },
      "properties": {
        "city": "臺北市",
        "district": "中正區",
        "category": "綠色商店",
        "name": "台象股份有限公司-象印遠東寶慶據點",
        "address": "100臺北市中正區寶慶路32號8F"
      }
    },
    {
      "type": "Feature",
      "geometry": {
        "type": "Point",
        "coordinates": [
          121.54377213597849,
          25.068143074737396
        ]
      },
      "properties": {
        "city": "臺北市",
        "district": "松山區",
        "category": "綠色商店",
        "name": "台灣歐德系統傢俱健安店",
        "address": "105臺北市松山區"
      }
    },
    {
      "type": "Feature",
      "geometry": {
        "type": "Point",
        "coordinates": [
          121.56050150478553,
          25.044039854666316
        ]
      },
      "properties": {
        "city": "臺北市",
        "district": "信義區",
        "category": "綠色商店",
        "name": "全家便利商店股份有限公司１０１分公司",
        "address": "110臺北市信義區信義路五段７號３５樓"
      }
    },
    {
      "type": "Feature",
      "geometry": {
        "type": "Point",
        "coordinates": [
          121.57331260863653,
          24.98369277985374
        ]
      },
      "properties": {
        "city": "臺北市",
        "district": "文山區",
        "category": "綠色商店",
        "name": "全家便利商店股份有限公司-一壽店",
        "address": "116臺北市文山區一壽街４４巷１號"
      }
    },
    {
      "type": "Feature",
      "geometry": {
        "type": "Point",
        "coordinates": [
          121.56828372869585,
          25.054506376661116
        ]
      },
      "properties": {
        "city": "臺北市",
        "district": "松山區",
        "category": "綠色商店",
        "name": "全家便利商店股份有限公司-力晶店",
        "address": "105臺北市松山區南京東路三段２５８號"
      }
    },
    {
      "type": "Feature",
      "geometry": {
        "type": "Point",
        "coordinates": [
          121.57587543443817,
          25.08405871884607
        ]
      },
      "properties": {
        "city": "臺北市",
        "district": "內湖區",
        "category": "綠色商店",
        "name": "全家便利商店股份有限公司-三民店",
        "address": "114臺北市內湖區民權東路六段９０巷１號"
      }
    },
    {
      "type": "Feature",
      "geometry": {
        "type": "Point",
        "coordinates": [
          121.57808246310466,
          25.02051595227841
        ]
      },
      "properties": {
        "city": "臺北市",
        "district": "信義區",
        "category": "綠色商店",
        "name": "全家便利商店股份有限公司-三興店",
        "address": "110臺北市信義區吳興街７號"
      }
    },
    {
      "type": "Feature",
      "geometry": {
        "type": "Point",
        "coordinates": [
          121.5313713576842,
          25.080341557423647
        ]
      },
      "properties": {
        "city": "臺北市",
        "district": "士林區",
        "category": "綠色商店",
        "name": "全家便利商店股份有限公司-士林店",
        "address": "111臺北市士林區中山北路５段６９７號"
      }
    },
    {
      "type": "Feature",
      "geometry": {
        "type": "Point",
        "coordinates": [
          121.51818495195742,
          25.10454749886145
        ]
      },
      "properties": {
        "city": "臺北市",
        "district": "士林區",
        "category": "綠色商店",
        "name": "全家便利商店股份有限公司-士誠店",
        "address": "111臺北市士林區士東路８６號"
      }
    },
    {
      "type": "Feature",
      "geometry": {
        "type": "Point",
        "coordinates": [
          121.5591152070163,
          25.06822079030458
        ]
      },
      "properties": {
        "city": "臺北市",
        "district": "松山區",
        "category": "綠色商店",
        "name": "全家便利商店股份有限公司-大吉店",
        "address": "105臺北市松山區八德路四段２４５巷３２弄６７號"
      }
    },
    {
      "type": "Feature",
      "geometry": {
        "type": "Point",
        "coordinates": [
          121.50751416426935,
          25.135938927909688
        ]
      },
      "properties": {
        "city": "臺北市",
        "district": "北投區",
        "category": "綠色商店",
        "name": "全家便利商店股份有限公司-大同店",
        "address": "112臺北市北投區大業路４５２巷３１號"
      }
    },
    {
      "type": "Feature",
      "geometry": {
        "type": "Point",
        "coordinates": [
          121.53073057844331,
          25.02304584000523
        ]
      },
      "properties": {
        "city": "臺北市",
        "district": "大安區",
        "category": "綠色商店",
        "name": "全家便利商店股份有限公司-大安店",
        "address": "106臺北市大安區大安路一段２０號"
      }
    },
    {
      "type": "Feature",
      "geometry": {
        "type": "Point",
        "coordinates": [
          121.51562553353828,
          25.021977637923737
        ]
      },
      "properties": {
        "city": "臺北市",
        "district": "中正區",
        "category": "綠色商店",
        "name": "全家便利商店股份有限公司-大孝店",
        "address": "100臺北市中正區愛國東路１１２號１樓．２樓"
      }
    },
    {
      "type": "Feature",
      "geometry": {
        "type": "Point",
        "coordinates": [
          121.53997713885312,
          25.076687023153127
        ]
      },
      "properties": {
        "city": "臺北市",
        "district": "中山區",
        "category": "綠色商店",
        "name": "全家便利商店股份有限公司-大直店",
        "address": "104臺北市中山區大直街３３巷１號"
      }
    },
    {
      "type": "Feature",
      "geometry": {
        "type": "Point",
        "coordinates": [
          121.52253316316823,
          25.08037735789098
        ]
      },
      "properties": {
        "city": "臺北市",
        "district": "士林區",
        "category": "綠色商店",
        "name": "全家便利商店股份有限公司-大南店",
        "address": "111臺北市士林區大南路５２號"
      }
    },
    {
      "type": "Feature",
      "geometry": {
        "type": "Point",
        "coordinates": [
          121.56945549389398,
          25.07437004607419
        ]
      },
      "properties": {
        "city": "臺北市",
        "district": "松山區",
        "category": "綠色商店",
        "name": "全家便利商店股份有限公司-大理店",
        "address": "105臺北市松山區光復北路１１巷５０號１樓"
      }
    },
    {
      "type": "Feature",
      "geometry": {
        "type": "Point",
        "coordinates": [
          121.5608306672647,
          25.066355123384113
        ]
      },
      "properties": {
        "city": "臺北市",
        "district": "松山區",
        "category": "綠色商店",
        "name": "全家便利商店股份有限公司-大盛店",
        "address": "105臺北市松山區南京東路五段６６巷２弄１之１號１樓"
      }
    },
    {
      "type": "Feature",
      "geometry": {
        "type": "Point",
        "coordinates": [
          121.5442822696688,
          25.06224780886149
        ]
      },
      "properties": {
        "city": "臺北市",
        "district": "中山區",
        "category": "綠色商店",
        "name": "全家便利商店股份有限公司-大通店",
        "address": "104臺北市中山區伊通街３９號１樓"
      }
    },
    {
      "type": "Feature",
      "geometry": {
        "type": "Point",
        "coordinates": [
          121.5217077023333,
          25.095984790435665
        ]
      },
      "properties": {
        "city": "臺北市",
        "district": "士林區",
        "category": "綠色商店",
        "name": "全家便利商店股份有限公司-大港店",
        "address": "111臺北市士林區前港街３９號"
      }
    },
    {
      "type": "Feature",
      "geometry": {
        "type": "Point",
        "coordinates": [
          121.50985258081319,
          25.1237184295748
        ]
      },
      "properties": {
        "city": "臺北市",
        "district": "北投區",
        "category": "綠色商店",
        "name": "全家便利商店股份有限公司-大業店",
        "address": "112臺北市北投區大興街２２號"
      }
    },
    {
      "type": "Feature",
      "geometry": {
        "type": "Point",
        "coordinates": [
          121.56522926517823,
          25.033297283125734
        ]
      },
      "properties": {
        "city": "臺北市",
        "district": "信義區",
        "category": "綠色商店",
        "name": "全家便利商店股份有限公司-大道店",
        "address": "110臺北市信義區大道路７９號１樓"
      }
    },
    {
      "type": "Feature",
      "geometry": {
        "type": "Point",
        "coordinates": [
          121.52937377392036,
          25.05725441962523
        ]
      },
      "properties": {
        "city": "臺北市",
        "district": "大同區",
        "category": "綠色商店",
        "name": "全家便利商店股份有限公司-大龍店",
        "address": "103臺北市大同區大龍街１３３號１樓"
      }
    },
    {
      "type": "Feature",
      "geometry": {
        "type": "Point",
        "coordinates": [
          121.61419295133061,
          25.052459591352463
        ]
      },
      "properties": {
        "city": "臺北市",
        "district": "南港區",
        "category": "綠色商店",
        "name": "全家便利商店股份有限公司-工業二店",
        "address": "115臺北市南港區園區街３號２樓之７"
      }
    },
    {
      "type": "Feature",
      "geometry": {
        "type": "Point",
        "coordinates": [
          121.61739294048246,
          25.040471265633986
        ]
      },
      "properties": {
        "city": "臺北市",
        "district": "南港區",
        "category": "綠色商店",
        "name": "全家便利商店股份有限公司-工業三店",
        "address": "115臺北市南港區三重路６６之２號１樓"
      }
    },
    {
      "type": "Feature",
      "geometry": {
        "type": "Point",
        "coordinates": [
          121.60782235313896,
          25.051276311338242
        ]
      },
      "properties": {
        "city": "臺北市",
        "district": "南港區",
        "category": "綠色商店",
        "name": "全家便利商店股份有限公司-工業店",
        "address": "115臺北市南港區三重路１９之４號"
      }
    },
    {
      "type": "Feature",
      "geometry": {
        "type": "Point",
        "coordinates": [
          121.5503478289586,
          25.04640185408517
        ]
      },
      "properties": {
        "city": "臺北市",
        "district": "松山區",
        "category": "綠色商店",
        "name": "全家便利商店股份有限公司-中央店",
        "address": "105臺北市松山區民生東路四段９５號"
      }
    },
    {
      "type": "Feature",
      "geometry": {
        "type": "Point",
        "coordinates": [
          121.49381583728679,
          25.123457735467127
        ]
      },
      "properties": {
        "city": "臺北市",
        "district": "北投區",
        "category": "綠色商店",
        "name": "全家便利商店股份有限公司-中永店",
        "address": "112臺北市北投區開明里中和街２５２號一樓"
      }
    },
    {
      "type": "Feature",
      "geometry": {
        "type": "Point",
        "coordinates": [
          121.50819143752803,
          25.144903281358655
        ]
      },
      "properties": {
        "city": "臺北市",
        "district": "北投區",
        "category": "綠色商店",
        "name": "全家便利商店股份有限公司-中和店",
        "address": "112臺北市北投區中和街４９１號１Ｆ"
      }
    },
    {
      "type": "Feature",
      "geometry": {
        "type": "Point",
        "coordinates": [
          121.55417874457767,
          25.06378573298263
        ]
      },
      "properties": {
        "city": "臺北市",
        "district": "松山區",
        "category": "綠色商店",
        "name": "全家便利商店股份有限公司-中崙店",
        "address": "105臺北市松山區八德路三段７４巷４３號"
      }
    },
    {
      "type": "Feature",
      "geometry": {
        "type": "Point",
        "coordinates": [
          121.61872131394482,
          25.053794013575924
        ]
      },
      "properties": {
        "city": "臺北市",
        "district": "南港區",
        "category": "綠色商店",
        "name": "全家便利商店股份有限公司-中視店",
        "address": "115臺北市南港區興南街３９號１樓"
      }
    },
    {
      "type": "Feature",
      "geometry": {
        "type": "Point",
        "coordinates": [
          121.51833967402011,
          25.05870617205972
        ]
      },
      "properties": {
        "city": "臺北市",
        "district": "中山區",
        "category": "綠色商店",
        "name": "全家便利商店股份有限公司-中賓店",
        "address": "104臺北市中山區中山里中山北路二段５９之３號１樓"
      }
    },
    {
      "type": "Feature",
      "geometry": {
        "type": "Point",
        "coordinates": [
          121.5450060835985,
          25.065045795299717
        ]
      },
      "properties": {
        "city": "臺北市",
        "district": "中山區",
        "category": "綠色商店",
        "name": "全家便利商店股份有限公司-中興店",
        "address": "104臺北市中山區龍江路２０１號１Ｆ"
      }
    },
    {
      "type": "Feature",
      "geometry": {
        "type": "Point",
        "coordinates": [
          121.52103081061085,
          25.05893532564703
        ]
      },
      "properties": {
        "city": "臺北市",
        "district": "中山區",
        "category": "綠色商店",
        "name": "全家便利商店股份有限公司-五常店",
        "address": "104臺北市中山區五常街５３巷２３號１號"
      }
    },
    {
      "type": "Feature",
      "geometry": {
        "type": "Point",
        "coordinates": [
          121.53575622728997,
          25.02319858812127
        ]
      },
      "properties": {
        "city": "臺北市",
        "district": "大安區",
        "category": "綠色商店",
        "name": "全家便利商店股份有限公司-仁慈店",
        "address": "106臺北市大安區仁愛路四段４８巷６號"
      }
    },
    {
      "type": "Feature",
      "geometry": {
        "type": "Point",
        "coordinates": [
          121.59795559489142,
          25.059952795895246
        ]
      },
      "properties": {
        "city": "臺北市",
        "district": "內湖區",
        "category": "綠色商店",
        "name": "全家便利商店股份有限公司-內華店",
        "address": "114臺北市內湖區民權東路六段１６２號"
      }
    },
    {
      "type": "Feature",
      "geometry": {
        "type": "Point",
        "coordinates": [
          121.56947563458483,
          25.03959320744069
        ]
      },
      "properties": {
        "city": "臺北市",
        "district": "信義區",
        "category": "綠色商店",
        "name": "全家便利商店股份有限公司-六張黎店",
        "address": "110臺北市信義區和平東路三段３８７號"
      }
    },
    {
      "type": "Feature",
      "geometry": {
        "type": "Point",
        "coordinates": [
          121.49352814109648,
          25.03879715499519
        ]
      },
      "properties": {
        "city": "臺北市",
        "district": "萬華區",
        "category": "綠色商店",
        "name": "全家便利商店股份有限公司-公園店",
        "address": "108臺北市萬華區青年路４８號"
      }
    },
    {
      "type": "Feature",
      "geometry": {
        "type": "Point",
        "coordinates": [
          121.52645116730682,
          25.03229506294406
        ]
      },
      "properties": {
        "city": "臺北市",
        "district": "中正區",
        "category": "綠色商店",
        "name": "全家便利商店股份有限公司-公館店",
        "address": "100臺北市中正區汀州路三段２５１號"
      }
    },
    {
      "type": "Feature",
      "geometry": {
        "type": "Point",
        "coordinates": [
          121.53155377337657,
          25.092694156502755
        ]
      },
      "properties": {
        "city": "臺北市",
        "district": "士林區",
        "category": "綠色商店",
        "name": "全家便利商店股份有限公司-天文店",
        "address": "111臺北市士林區美崙街１１８號"
      }
    },
    {
      "type": "Feature",
      "geometry": {
        "type": "Point",
        "coordinates": [
          121.53067430152369,
          25.09287478235932
        ]
      },
      "properties": {
        "city": "臺北市",
        "district": "士林區",
        "category": "綠色商店",
        "name": "全家便利商店股份有限公司-天玉店",
        "address": "111臺北市士林區天玉街３８巷１１之３號１樓"
      }
    },
    {
      "type": "Feature",
      "geometry": {
        "type": "Point",
        "coordinates": [
          121.53821851192735,
          25.07687657540023
        ]
      },
      "properties": {
        "city": "臺北市",
        "district": "士林區",
        "category": "綠色商店",
        "name": "全家便利商店股份有限公司-天成店",
        "address": "111臺北市士林區天福里天母東路３６號之５，之６"
      }
    },
    {
      "type": "Feature",
      "geometry": {
        "type": "Point",
        "coordinates": [
          121.51823937364088,
          25.095627282568266
        ]
      },
      "properties": {
        "city": "臺北市",
        "district": "士林區",
        "category": "綠色商店",
        "name": "全家便利商店股份有限公司-天和店",
        "address": "111臺北市士林區天母東路８３號"
      }
    },
    {
      "type": "Feature",
      "geometry": {
        "type": "Point",
        "coordinates": [
          121.51225479186093,
          25.069172931930613
        ]
      },
      "properties": {
        "city": "臺北市",
        "district": "大同區",
        "category": "綠色商店",
        "name": "全家便利商店股份有限公司-太原店",
        "address": "103臺北市大同區太原路８１號１樓"
      }
    },
    {
      "type": "Feature",
      "geometry": {
        "type": "Point",
        "coordinates": [
          121.50969042714614,
          25.095567194187325
        ]
      },
      "properties": {
        "city": "臺北市",
        "district": "士林區",
        "category": "綠色商店",
        "name": "全家便利商店股份有限公司-文大店",
        "address": "111臺北市士林區華崗路５５號"
      }
    },
    {
      "type": "Feature",
      "geometry": {
        "type": "Point",
        "coordinates": [
          121.4984260550539,
          25.12741280745383
        ]
      },
      "properties": {
        "city": "臺北市",
        "district": "北投區",
        "category": "綠色商店",
        "name": "全家便利商店股份有限公司-文化店",
        "address": "112臺北市北投區中央北路二段９７號１樓"
      }
    },
    {
      "type": "Feature",
      "geometry": {
        "type": "Point",
        "coordinates": [
          121.53077410487388,
          25.026582519229773
        ]
      },
      "properties": {
        "city": "臺北市",
        "district": "中正區",
        "category": "綠色商店",
        "name": "全家便利商店股份有限公司-文盛店",
        "address": "100臺北市中正區汀州路三段１７３號"
      }
    },
    {
      "type": "Feature",
      "geometry": {
        "type": "Point",
        "coordinates": [
          121.52701739613536,
          25.04537081332781
        ]
      },
      "properties": {
        "city": "臺北市",
        "district": "中正區",
        "category": "綠色商店",
        "name": "全家便利商店股份有限公司-文祥店",
        "address": "100臺北市中正區杭州南路一段１４７號"
      }
    },
    {
      "type": "Feature",
      "geometry": {
        "type": "Point",
        "coordinates": [
          121.58727525868566,
          25.058815805969925
        ]
      },
      "properties": {
        "city": "臺北市",
        "district": "內湖區",
        "category": "綠色商店",
        "name": "全家便利商店股份有限公司-文湖店",
        "address": "114臺北市內湖區文湖街５９號"
      }
    },
    {
      "type": "Feature",
      "geometry": {
        "type": "Point",
        "coordinates": [
          121.54414002223298,
          25.069244110200014
        ]
      },
      "properties": {
        "city": "臺北市",
        "district": "中山區",
        "category": "綠色商店",
        "name": "全家便利商店股份有限公司-日津店",
        "address": "104臺北市中山區正義里天津街４７號１樓及地下室"
      }
    },
    {
      "type": "Feature",
      "geometry": {
        "type": "Point",
        "coordinates": [
          121.4895945321463,
          25.04061911241495
        ]
      },
      "properties": {
        "city": "臺北市",
        "district": "萬華區",
        "category": "綠色商店",
        "name": "全家便利商店股份有限公司-日祥店",
        "address": "108臺北市萬華區青年路１５４號、１６８巷２弄１４號１樓"
      }
    },
    {
      "type": "Feature",
      "geometry": {
        "type": "Point",
        "coordinates": [
          121.50451055921624,
          25.073134721803637
        ]
      },
      "properties": {
        "city": "臺北市",
        "district": "大同區",
        "category": "綠色商店",
        "name": "全家便利商店股份有限公司-日新店",
        "address": "103臺北市大同區承德路二段３９＆４１號１樓"
      }
    },
    {
      "type": "Feature",
      "geometry": {
        "type": "Point",
        "coordinates": [
          121.58930562154343,
          24.98198623617279
        ]
      },
      "properties": {
        "city": "臺北市",
        "district": "文山區",
        "category": "綠色商店",
        "name": "全家便利商店股份有限公司-木柵路店",
        "address": "116臺北市文山區木柵路三段１４８號１５０號"
      }
    },
    {
      "type": "Feature",
      "geometry": {
        "type": "Point",
        "coordinates": [
          121.56993874602183,
          24.98906298139664
        ]
      },
      "properties": {
        "city": "臺北市",
        "district": "文山區",
        "category": "綠色商店",
        "name": "全家便利商店股份有限公司-木新店",
        "address": "116臺北市文山區木新路３段３３３．３３５號"
      }
    },
    {
      "type": "Feature",
      "geometry": {
        "type": "Point",
        "coordinates": [
          121.57764021758845,
          24.987551691967678
        ]
      },
      "properties": {
        "city": "臺北市",
        "district": "文山區",
        "category": "綠色商店",
        "name": "全家便利商店股份有限公司-木興店",
        "address": "116臺北市文山區木柵路２段５２號"
      }
    },
    {
      "type": "Feature",
      "geometry": {
        "type": "Point",
        "coordinates": [
          121.51538120697617,
          25.02384113095703
        ]
      },
      "properties": {
        "city": "臺北市",
        "district": "中正區",
        "category": "綠色商店",
        "name": "全家便利商店股份有限公司-水源店",
        "address": "100臺北市中正區汀州路三段２６１號"
      }
    },
    {
      "type": "Feature",
      "geometry": {
        "type": "Point",
        "coordinates": [
          121.57523871476992,
          24.980622610546476
        ]
      },
      "properties": {
        "city": "臺北市",
        "district": "文山區",
        "category": "綠色商店",
        "name": "全家便利商店股份有限公司-仙岩店",
        "address": "116臺北市文山區仙岩路２號"
      }
    },
    {
      "type": "Feature",
      "geometry": {
        "type": "Point",
        "coordinates": [
          121.53260626537447,
          25.06800907741485
        ]
      },
      "properties": {
        "city": "臺北市",
        "district": "中山區",
        "category": "綠色商店",
        "name": "全家便利商店股份有限公司-北大店",
        "address": "104臺北市中山區錦州街４２８號"
      }
    },
    {
      "type": "Feature",
      "geometry": {
        "type": "Point",
        "coordinates": [
          121.5087860228492,
          25.14473895439063
        ]
      },
      "properties": {
        "city": "臺北市",
        "district": "北投區",
        "category": "綠色商店",
        "name": "全家便利商店股份有限公司-北投店",
        "address": "112臺北市北投區光明路２１８之１號"
      }
    },
    {
      "type": "Feature",
      "geometry": {
        "type": "Point",
        "coordinates": [
          121.53216537220824,
          25.02966706413363
        ]
      },
      "properties": {
        "city": "臺北市",
        "district": "大安區",
        "category": "綠色商店",
        "name": "全家便利商店股份有限公司-北科大店",
        "address": "106臺北市大安區大安區忠孝東路三段１號"
      }
    },
    {
      "type": "Feature",
      "geometry": {
        "type": "Point",
        "coordinates": [
          121.53910884883541,
          25.076482574708862
        ]
      },
      "properties": {
        "city": "臺北市",
        "district": "中山區",
        "category": "綠色商店",
        "name": "全家便利商店股份有限公司-北鄰店",
        "address": "104臺北市中山區北安路４５８巷４７弄１３號１樓"
      }
    },
    {
      "type": "Feature",
      "geometry": {
        "type": "Point",
        "coordinates": [
          121.57602828594865,
          25.033457673921813
        ]
      },
      "properties": {
        "city": "臺北市",
        "district": "信義區",
        "category": "綠色商店",
        "name": "全家便利商店股份有限公司-北醫店",
        "address": "110臺北市信義區吳興街２６３號"
      }
    },
    {
      "type": "Feature",
      "geometry": {
        "type": "Point",
        "coordinates": [
          121.55973273085252,
          25.060533748704728
        ]
      },
      "properties": {
        "city": "臺北市",
        "district": "松山區",
        "category": "綠色商店",
        "name": "全家便利商店股份有限公司-北權店",
        "address": "105臺北市松山區民權東路三段１０６巷１１號"
      }
    },
    {
      "type": "Feature",
      "geometry": {
        "type": "Point",
        "coordinates": [
          121.5161145783646,
          25.037359774813577
        ]
      },
      "properties": {
        "city": "臺北市",
        "district": "中正區",
        "category": "綠色商店",
        "name": "全家便利商店股份有限公司-仟囍店",
        "address": "100臺北市中正區漢口街一段１５號"
      }
    },
    {
      "type": "Feature",
      "geometry": {
        "type": "Point",
        "coordinates": [
          121.54541825124282,
          25.03883084461358
        ]
      },
      "properties": {
        "city": "臺北市",
        "district": "大安區",
        "category": "綠色商店",
        "name": "全家便利商店股份有限公司-古亭店",
        "address": "106臺北市大安區羅斯福路２段１０３號"
      }
    },
    {
      "type": "Feature",
      "geometry": {
        "type": "Point",
        "coordinates": [
          121.53902653689508,
          25.03012511407116
        ]
      },
      "properties": {
        "city": "臺北市",
        "district": "大安區",
        "category": "綠色商店",
        "name": "全家便利商店股份有限公司-四維店",
        "address": "106臺北市大安區住安里四維路１５４巷１號一樓"
      }
    },
    {
      "type": "Feature",
      "geometry": {
        "type": "Point",
        "coordinates": [
          121.57039323920006,
          25.04311674264549
        ]
      },
      "properties": {
        "city": "臺北市",
        "district": "信義區",
        "category": "綠色商店",
        "name": "全家便利商店股份有限公司-外貿店",
        "address": "110臺北市信義區信義路五段５號２樓"
      }
    },
    {
      "type": "Feature",
      "geometry": {
        "type": "Point",
        "coordinates": [
          121.52837743621794,
          25.069292009904657
        ]
      },
      "properties": {
        "city": "臺北市",
        "district": "中山區",
        "category": "綠色商店",
        "name": "全家便利商店股份有限公司-市民店",
        "address": "104臺北市中山區中山北路一段５８號"
      }
    },
    {
      "type": "Feature",
      "geometry": {
        "type": "Point",
        "coordinates": [
          121.56856852787828,
          25.022274996494282
        ]
      },
      "properties": {
        "city": "臺北市",
        "district": "信義區",
        "category": "綠色商店",
        "name": "全家便利商店股份有限公司-市府店",
        "address": "110臺北市信義區市府路１號地下二樓"
      }
    },
    {
      "type": "Feature",
      "geometry": {
        "type": "Point",
        "coordinates": [
          121.5276806759827,
          25.06056195190677
        ]
      },
      "properties": {
        "city": "臺北市",
        "district": "中山區",
        "category": "綠色商店",
        "name": "全家便利商店股份有限公司-正義店",
        "address": "104臺北市中山區長安東路一段５５號"
      }
    },
    {
      "type": "Feature",
      "geometry": {
        "type": "Point",
        "coordinates": [
          121.55432689606059,
          25.04837735129447
        ]
      },
      "properties": {
        "city": "臺北市",
        "district": "松山區",
        "category": "綠色商店",
        "name": "全家便利商店股份有限公司-民東店",
        "address": "105臺北市松山區新東街１１巷２８號"
      }
    },
    {
      "type": "Feature",
      "geometry": {
        "type": "Point",
        "coordinates": [
          121.54609692134005,
          25.075493180301006
        ]
      },
      "properties": {
        "city": "臺北市",
        "district": "中山區",
        "category": "綠色商店",
        "name": "全家便利商店股份有限公司-民族店",
        "address": "104臺北市中山區民族東路４１０巷２３弄２４號"
      }
    },
    {
      "type": "Feature",
      "geometry": {
        "type": "Point",
        "coordinates": [
          121.57021316956673,
          25.05534543637709
        ]
      },
      "properties": {
        "city": "臺北市",
        "district": "松山區",
        "category": "綠色商店",
        "name": "全家便利商店股份有限公司-民復店",
        "address": "105臺北市松山區民生東路四段８０巷３號１Ｆ"
      }
    },
    {
      "type": "Feature",
      "geometry": {
        "type": "Point",
        "coordinates": [
          121.56206054631403,
          25.027979200178542
        ]
      },
      "properties": {
        "city": "臺北市",
        "district": "信義區",
        "category": "綠色商店",
        "name": "全家便利商店股份有限公司-永吉二店",
        "address": "110臺北市信義區永吉路２２３號"
      }
    },
    {
      "type": "Feature",
      "geometry": {
        "type": "Point",
        "coordinates": [
          121.52039945526664,
          25.055290745431837
        ]
      },
      "properties": {
        "city": "臺北市",
        "district": "中山區",
        "category": "綠色商店",
        "name": "全家便利商店股份有限公司-永安店",
        "address": "104臺北市中山區北安路６３０巷７號１樓"
      }
    },
    {
      "type": "Feature",
      "geometry": {
        "type": "Point",
        "coordinates": [
          121.56257571644144,
          25.03777396565566
        ]
      },
      "properties": {
        "city": "臺北市",
        "district": "信義區",
        "category": "綠色商店",
        "name": "全家便利商店股份有限公司-永孝店",
        "address": "110臺北市信義區松信路１４５號"
      }
    },
    {
      "type": "Feature",
      "geometry": {
        "type": "Point",
        "coordinates": [
          121.57836920360278,
          25.04108315894478
        ]
      },
      "properties": {
        "city": "臺北市",
        "district": "信義區",
        "category": "綠色商店",
        "name": "全家便利商店股份有限公司-永林店",
        "address": "110臺北市信義區虎林街８２巷２３號"
      }
    },
    {
      "type": "Feature",
      "geometry": {
        "type": "Point",
        "coordinates": [
          121.57404128371991,
          25.02728952614793
        ]
      },
      "properties": {
        "city": "臺北市",
        "district": "信義區",
        "category": "綠色商店",
        "name": "全家便利商店股份有限公司-永隆店",
        "address": "110臺北市信義區基隆路１段１４７巷７號"
      }
    },
    {
      "type": "Feature",
      "geometry": {
        "type": "Point",
        "coordinates": [
          121.51003546976614,
          25.097125202676875
        ]
      },
      "properties": {
        "city": "臺北市",
        "district": "士林區",
        "category": "綠色商店",
        "name": "全家便利商店股份有限公司-永新店",
        "address": "111臺北市士林區社子街２７號"
      }
    },
    {
      "type": "Feature",
      "geometry": {
        "type": "Point",
        "coordinates": [
          121.49016945832304,
          25.119686475735854
        ]
      },
      "properties": {
        "city": "臺北市",
        "district": "北投區",
        "category": "綠色商店",
        "name": "全家便利商店股份有限公司-永興店",
        "address": "112臺北市北投區中庸里永興路一段１號、３號一樓"
      }
    },
    {
      "type": "Feature",
      "geometry": {
        "type": "Point",
        "coordinates": [
          121.54637014519346,
          25.072362939868412
        ]
      },
      "properties": {
        "city": "臺北市",
        "district": "中山區",
        "category": "綠色商店",
        "name": "全家便利商店股份有限公司-玉林店",
        "address": "104臺北市中山區民生東路一段２７巷１５號"
      }
    },
    {
      "type": "Feature",
      "geometry": {
        "type": "Point",
        "coordinates": [
          121.4935468892057,
          25.119958720845347
        ]
      },
      "properties": {
        "city": "臺北市",
        "district": "北投區",
        "category": "綠色商店",
        "name": "全家便利商店股份有限公司-立農店",
        "address": "112臺北市北投區北投吉利街１１４號"
      }
    },
    {
      "type": "Feature",
      "geometry": {
        "type": "Point",
        "coordinates": [
          121.50620974776899,
          25.145537132200456
        ]
      },
      "properties": {
        "city": "臺北市",
        "district": "北投區",
        "category": "綠色商店",
        "name": "全家便利商店股份有限公司-立賢店",
        "address": "112臺北市北投區立賢里承德路七段２９０號"
      }
    },
    {
      "type": "Feature",
      "geometry": {
        "type": "Point",
        "coordinates": [
          121.49463256348534,
          25.118882123777087
        ]
      },
      "properties": {
        "city": "臺北市",
        "district": "北投區",
        "category": "綠色商店",
        "name": "全家便利商店股份有限公司-光明店",
        "address": "112臺北市北投區光明路２３號，２５號"
      }
    },
    {
      "type": "Feature",
      "geometry": {
        "type": "Point",
        "coordinates": [
          121.57126122402043,
          25.035649346853557
        ]
      },
      "properties": {
        "city": "臺北市",
        "district": "信義區",
        "category": "綠色商店",
        "name": "全家便利商店股份有限公司-光復南路店",
        "address": "110臺北市信義區光復南路４４７之２號"
      }
    },
    {
      "type": "Feature",
      "geometry": {
        "type": "Point",
        "coordinates": [
          121.54257682869071,
          25.054237841299308
        ]
      },
      "properties": {
        "city": "臺北市",
        "district": "中山區",
        "category": "綠色商店",
        "name": "全家便利商店股份有限公司-光華店",
        "address": "104臺北市中山區松江路２４之１號"
      }
    },
    {
      "type": "Feature",
      "geometry": {
        "type": "Point",
        "coordinates": [
          121.54122648563722,
          25.027517271747897
        ]
      },
      "properties": {
        "city": "臺北市",
        "district": "大安區",
        "category": "綠色商店",
        "name": "全家便利商店股份有限公司-光新店",
        "address": "106臺北市大安區光復南路４１８號"
      }
    },
    {
      "type": "Feature",
      "geometry": {
        "type": "Point",
        "coordinates": [
          121.54317021971188,
          25.07412034638234
        ]
      },
      "properties": {
        "city": "臺北市",
        "district": "中山區",
        "category": "綠色商店",
        "name": "全家便利商店股份有限公司-光輝店",
        "address": "104臺北市中山區晴光里德惠街３４之２號一樓"
      }
    },
    {
      "type": "Feature",
      "geometry": {
        "type": "Point",
        "coordinates": [
          121.58313644729726,
          24.997543181228963
        ]
      },
      "properties": {
        "city": "臺北市",
        "district": "文山區",
        "category": "綠色商店",
        "name": "全家便利商店股份有限公司-再興店",
        "address": "116臺北市文山區興隆路３段２０７巷１１弄２號"
      }
    },
    {
      "type": "Feature",
      "geometry": {
        "type": "Point",
        "coordinates": [
          121.49946070498646,
          25.047174246723777
        ]
      },
      "properties": {
        "city": "臺北市",
        "district": "萬華區",
        "category": "綠色商店",
        "name": "全家便利商店股份有限公司-吉利店",
        "address": "108臺北市萬華區東園街１２號"
      }
    },
    {
      "type": "Feature",
      "geometry": {
        "type": "Point",
        "coordinates": [
          121.53922146554804,
          25.07433977367063
        ]
      },
      "properties": {
        "city": "臺北市",
        "district": "中山區",
        "category": "綠色商店",
        "name": "全家便利商店股份有限公司-吉林店",
        "address": "104臺北市中山區吉林路３１４號"
      }
    },
    {
      "type": "Feature",
      "geometry": {
        "type": "Point",
        "coordinates": [
          121.52842115422413,
          25.05669912413942
        ]
      },
      "properties": {
        "city": "臺北市",
        "district": "中山區",
        "category": "綠色商店",
        "name": "全家便利商店股份有限公司-吉原店",
        "address": "104臺北市中山區中原街２７號"
      }
    },
    {
      "type": "Feature",
      "geometry": {
        "type": "Point",
        "coordinates": [
          121.5920821394364,
          25.050231161418377
        ]
      },
      "properties": {
        "city": "臺北市",
        "district": "南港區",
        "category": "綠色商店",
        "name": "全家便利商店股份有限公司-向陽店",
        "address": "115臺北市南港區東新里重陽路１６號一樓"
      }
    },
    {
      "type": "Feature",
      "geometry": {
        "type": "Point",
        "coordinates": [
          121.58039815533081,
          24.98296980485057
        ]
      },
      "properties": {
        "city": "臺北市",
        "district": "文山區",
        "category": "綠色商店",
        "name": "全家便利商店股份有限公司-名門店",
        "address": "116臺北市文山區軍功路１０９號"
      }
    },
    {
      "type": "Feature",
      "geometry": {
        "type": "Point",
        "coordinates": [
          121.53975299801226,
          25.024407296508432
        ]
      },
      "properties": {
        "city": "臺北市",
        "district": "大安區",
        "category": "綠色商店",
        "name": "全家便利商店股份有限公司-安居店",
        "address": "106臺北市大安區安居街７６號"
      }
    },
    {
      "type": "Feature",
      "geometry": {
        "type": "Point",
        "coordinates": [
          121.58006642574344,
          25.026784121884617
        ]
      },
      "properties": {
        "city": "臺北市",
        "district": "信義區",
        "category": "綠色商店",
        "name": "全家便利商店股份有限公司-安興店",
        "address": "110臺北市信義區松仁路２３８號"
      }
    },
    {
      "type": "Feature",
      "geometry": {
        "type": "Point",
        "coordinates": [
          121.55555915020406,
          25.023859781940622
        ]
      },
      "properties": {
        "city": "臺北市",
        "district": "大安區",
        "category": "綠色商店",
        "name": "全家便利商店股份有限公司-成功店",
        "address": "106臺北市大安區和平東路二段３１１巷３２號"
      }
    },
    {
      "type": "Feature",
      "geometry": {
        "type": "Point",
        "coordinates": [
          121.48837616409739,
          25.01906751398619
        ]
      },
      "properties": {
        "city": "臺北市",
        "district": "萬華區",
        "category": "綠色商店",
        "name": "全家便利商店股份有限公司-成都店",
        "address": "108臺北市萬華區昆明街１３４號；成都路８６號"
      }
    },
    {
      "type": "Feature",
      "geometry": {
        "type": "Point",
        "coordinates": [
          121.52680897753677,
          25.052018834464004
        ]
      },
      "properties": {
        "city": "臺北市",
        "district": "中山區",
        "category": "綠色商店",
        "name": "全家便利商店股份有限公司-朱崙店",
        "address": "104臺北市中山區朱崙街６７號"
      }
    },
    {
      "type": "Feature",
      "geometry": {
        "type": "Point",
        "coordinates": [
          121.53411817567573,
          25.071992538013323
        ]
      },
      "properties": {
        "city": "臺北市",
        "district": "中山區",
        "category": "綠色商店",
        "name": "全家便利商店股份有限公司-江寧店",
        "address": "104臺北市中山區民權東路三段６４號１樓"
      }
    },
    {
      "type": "Feature",
      "geometry": {
        "type": "Point",
        "coordinates": [
          121.50721933030447,
          25.120292362636526
        ]
      },
      "properties": {
        "city": "臺北市",
        "district": "北投區",
        "category": "綠色商店",
        "name": "全家便利商店股份有限公司-自強店",
        "address": "112臺北市北投區自強街８８號"
      }
    },
    {
      "type": "Feature",
      "geometry": {
        "type": "Point",
        "coordinates": [
          121.52990251299308,
          25.093976006903883
        ]
      },
      "properties": {
        "city": "臺北市",
        "district": "士林區",
        "category": "綠色商店",
        "name": "全家便利商店股份有限公司-至善店",
        "address": "111臺北市士林區臨溪里至善路二段２６８號一樓"
      }
    },
    {
      "type": "Feature",
      "geometry": {
        "type": "Point",
        "coordinates": [
          121.50849998326235,
          25.03907731071492
        ]
      },
      "properties": {
        "city": "臺北市",
        "district": "中正區",
        "category": "綠色商店",
        "name": "全家便利商店股份有限公司-西站店",
        "address": "100臺北市中正區懷寧街７之１號"
      }
    },
    {
      "type": "Feature",
      "geometry": {
        "type": "Point",
        "coordinates": [
          121.56191675487835,
          25.062481694655173
        ]
      },
      "properties": {
        "city": "臺北市",
        "district": "松山區",
        "category": "綠色商店",
        "name": "全家便利商店股份有限公司-宏大店",
        "address": "105臺北市松山區敦化北路１５５巷３號１樓"
      }
    },
    {
      "type": "Feature",
      "geometry": {
        "type": "Point",
        "coordinates": [
          121.51696212501828,
          25.04250439474097
        ]
      },
      "properties": {
        "city": "臺北市",
        "district": "中正區",
        "category": "綠色商店",
        "name": "全家便利商店股份有限公司-宏啟店",
        "address": "100臺北市中正區忠孝西路一段９６號"
      }
    },
    {
      "type": "Feature",
      "geometry": {
        "type": "Point",
        "coordinates": [
          121.55398507977131,
          25.02316496096145
        ]
      },
      "properties": {
        "city": "臺北市",
        "district": "大安區",
        "category": "綠色商店",
        "name": "全家便利商店股份有限公司-辛亥店",
        "address": "106臺北市大安區辛亥路二段１７１巷３號"
      }
    },
    {
      "type": "Feature",
      "geometry": {
        "type": "Point",
        "coordinates": [
          121.52111814353461,
          25.0211257227109
        ]
      },
      "properties": {
        "city": "臺北市",
        "district": "中正區",
        "category": "綠色商店",
        "name": "全家便利商店股份有限公司-酉陽店",
        "address": "100臺北市中正區永綏街２０號"
      }
    },
    {
      "type": "Feature",
      "geometry": {
        "type": "Point",
        "coordinates": [
          121.5446985674769,
          25.045222282406858
        ]
      },
      "properties": {
        "city": "臺北市",
        "district": "松山區",
        "category": "綠色商店",
        "name": "全家便利商店股份有限公司-京城店",
        "address": "105臺北市松山區八德路四段１０８號"
      }
    },
    {
      "type": "Feature",
      "geometry": {
        "type": "Point",
        "coordinates": [
          121.53003878165207,
          25.05408117634761
        ]
      },
      "properties": {
        "city": "臺北市",
        "district": "中山區",
        "category": "綠色商店",
        "name": "全家便利商店股份有限公司-京貿店",
        "address": "104臺北市中山區南京東路三段６５號"
      }
    },
    {
      "type": "Feature",
      "geometry": {
        "type": "Point",
        "coordinates": [
          121.559829789677,
          25.040260178623775
        ]
      },
      "properties": {
        "city": "臺北市",
        "district": "信義區",
        "category": "綠色商店",
        "name": "全家便利商店股份有限公司-協和店",
        "address": "110臺北市信義區中坡南路３８號１Ｆ"
      }
    },
    {
      "type": "Feature",
      "geometry": {
        "type": "Point",
        "coordinates": [
          121.50306623099387,
          25.032151313909747
        ]
      },
      "properties": {
        "city": "臺北市",
        "district": "萬華區",
        "category": "綠色商店",
        "name": "全家便利商店股份有限公司-和西店",
        "address": "108臺北市萬華區愛鄉里和平西路三段２９０之５號、２９０"
      }
    },
    {
      "type": "Feature",
      "geometry": {
        "type": "Point",
        "coordinates": [
          121.53457050417849,
          25.0111979040932
        ]
      },
      "properties": {
        "city": "臺北市",
        "district": "大安區",
        "category": "綠色商店",
        "name": "全家便利商店股份有限公司-和東店",
        "address": "106臺北市大安區和平東路二段１０２之３號１樓"
      }
    },
    {
      "type": "Feature",
      "geometry": {
        "type": "Point",
        "coordinates": [
          121.55381871281348,
          25.015243353042333
        ]
      },
      "properties": {
        "city": "臺北市",
        "district": "大安區",
        "category": "綠色商店",
        "name": "全家便利商店股份有限公司-和復店",
        "address": "106臺北市大安區和平東路二段２６１號，２６３號"
      }
    },
    {
      "type": "Feature",
      "geometry": {
        "type": "Point",
        "coordinates": [
          121.55517341523748,
          25.027086206290882
        ]
      },
      "properties": {
        "city": "臺北市",
        "district": "大安區",
        "category": "綠色商店",
        "name": "全家便利商店股份有限公司-和新店",
        "address": "106臺北市大安區和平東路二段２２號"
      }
    },
    {
      "type": "Feature",
      "geometry": {
        "type": "Point",
        "coordinates": [
          121.48732557434859,
          25.122948633668642
        ]
      },
      "properties": {
        "city": "臺北市",
        "district": "北投區",
        "category": "綠色商店",
        "name": "全家便利商店股份有限公司-和碩店",
        "address": "112臺北市北投區立功街７６號Ｂ１"
      }
    },
    {
      "type": "Feature",
      "geometry": {
        "type": "Point",
        "coordinates": [
          121.49625858765957,
          25.12625375099652
        ]
      },
      "properties": {
        "city": "臺北市",
        "district": "北投區",
        "category": "綠色商店",
        "name": "全家便利商店股份有限公司-和碩附店",
        "address": "112臺北市北投區立德路１５０號Ｂ１"
      }
    },
    {
      "type": "Feature",
      "geometry": {
        "type": "Point",
        "coordinates": [
          121.51811380654054,
          25.018960452032363
        ]
      },
      "properties": {
        "city": "臺北市",
        "district": "中正區",
        "category": "綠色商店",
        "name": "全家便利商店股份有限公司-和鄰店",
        "address": "100臺北市中正區和平西路一段８２號１樓"
      }
    },
    {
      "type": "Feature",
      "geometry": {
        "type": "Point",
        "coordinates": [
          121.49187914396563,
          25.144870063218075
        ]
      },
      "properties": {
        "city": "臺北市",
        "district": "北投區",
        "category": "綠色商店",
        "name": "全家便利商店股份有限公司-和聯店",
        "address": "112臺北市北投區承德路七段４００號２樓"
      }
    },
    {
      "type": "Feature",
      "geometry": {
        "type": "Point",
        "coordinates": [
          121.53024145930827,
          25.085752179673708
        ]
      },
      "properties": {
        "city": "臺北市",
        "district": "士林區",
        "category": "綠色商店",
        "name": "全家便利商店股份有限公司-和豐店",
        "address": "111臺北市士林區福華里和豐街２號一樓"
      }
    },
    {
      "type": "Feature",
      "geometry": {
        "type": "Point",
        "coordinates": [
          121.50912548291981,
          25.145897609005978
        ]
      },
      "properties": {
        "city": "臺北市",
        "district": "北投區",
        "category": "綠色商店",
        "name": "全家便利商店股份有限公司-奇岩店",
        "address": "112臺北市北投區公館路２５９號１Ｆ"
      }
    },
    {
      "type": "Feature",
      "geometry": {
        "type": "Point",
        "coordinates": [
          121.54095664818998,
          25.071112218381998
        ]
      },
      "properties": {
        "city": "臺北市",
        "district": "中山區",
        "category": "綠色商店",
        "name": "全家便利商店股份有限公司-宜興店",
        "address": "104臺北市中山區林森北路３２７號"
      }
    },
    {
      "type": "Feature",
      "geometry": {
        "type": "Point",
        "coordinates": [
          121.54869588353621,
          25.030644499042246
        ]
      },
      "properties": {
        "city": "臺北市",
        "district": "大安區",
        "category": "綠色商店",
        "name": "全家便利商店股份有限公司-延吉店",
        "address": "106臺北市大安區忠孝東路四段２１６巷３１號"
      }
    },
    {
      "type": "Feature",
      "geometry": {
        "type": "Point",
        "coordinates": [
          121.55195009537697,
          25.03354947843896
        ]
      },
      "properties": {
        "city": "臺北市",
        "district": "大安區",
        "category": "綠色商店",
        "name": "全家便利商店股份有限公司-延安店",
        "address": "106臺北市大安區延吉街１５８號"
      }
    },
    {
      "type": "Feature",
      "geometry": {
        "type": "Point",
        "coordinates": [
          121.55545077561997,
          25.015611019548594
        ]
      },
      "properties": {
        "city": "臺北市",
        "district": "大安區",
        "category": "綠色商店",
        "name": "全家便利商店股份有限公司-延孝店",
        "address": "106臺北市大安區延吉街１３５號之三，一樓"
      }
    },
    {
      "type": "Feature",
      "geometry": {
        "type": "Point",
        "coordinates": [
          121.55971654275275,
          25.03479190192065
        ]
      },
      "properties": {
        "city": "臺北市",
        "district": "信義區",
        "category": "綠色商店",
        "name": "全家便利商店股份有限公司-忠林店",
        "address": "110臺北市信義區虎林街１６６號１樓及地下室"
      }
    },
    {
      "type": "Feature",
      "geometry": {
        "type": "Point",
        "coordinates": [
          121.55581308166266,
          25.01865293647243
        ]
      },
      "properties": {
        "city": "臺北市",
        "district": "信義區",
        "category": "綠色商店",
        "name": "全家便利商店股份有限公司-忠信店",
        "address": "110臺北市信義區忠孝東路五段４２５號１樓及地下室"
      }
    },
    {
      "type": "Feature",
      "geometry": {
        "type": "Point",
        "coordinates": [
          121.5417371152861,
          25.025141622824954
        ]
      },
      "properties": {
        "city": "臺北市",
        "district": "大安區",
        "category": "綠色商店",
        "name": "全家便利商店股份有限公司-忠愛店",
        "address": "106臺北市大安區仁愛路４段２７巷４３號"
      }
    },
    {
      "type": "Feature",
      "geometry": {
        "type": "Point",
        "coordinates": [
          121.51999262660267,
          25.08388406763902
        ]
      },
      "properties": {
        "city": "臺北市",
        "district": "士林區",
        "category": "綠色商店",
        "name": "全家便利商店股份有限公司-忠誠店",
        "address": "111臺北市士林區中山北路六段２０號"
      }
    },
    {
      "type": "Feature",
      "geometry": {
        "type": "Point",
        "coordinates": [
          121.5481446342594,
          25.026458723995937
        ]
      },
      "properties": {
        "city": "臺北市",
        "district": "大安區",
        "category": "綠色商店",
        "name": "全家便利商店股份有限公司-昌隆店",
        "address": "106臺北市大安區忠孝東路３段２１７巷２弄１號１樓"
      }
    },
    {
      "type": "Feature",
      "geometry": {
        "type": "Point",
        "coordinates": [
          121.48449452685938,
          25.031766801984357
        ]
      },
      "properties": {
        "city": "臺北市",
        "district": "萬華區",
        "category": "綠色商店",
        "name": "全家便利商店股份有限公司-昆明店",
        "address": "108臺北市萬華區昆明街１８６號１樓"
      }
    },
    {
      "type": "Feature",
      "geometry": {
        "type": "Point",
        "coordinates": [
          121.54458514140114,
          25.069544408679917
        ]
      },
      "properties": {
        "city": "臺北市",
        "district": "中山區",
        "category": "綠色商店",
        "name": "全家便利商店股份有限公司-明水店",
        "address": "104臺北市中山區明水路５８１巷１１號１樓"
      }
    },
    {
      "type": "Feature",
      "geometry": {
        "type": "Point",
        "coordinates": [
          121.50573602416286,
          25.05624121910205
        ]
      },
      "properties": {
        "city": "臺北市",
        "district": "大同區",
        "category": "綠色商店",
        "name": "全家便利商店股份有限公司-明真店",
        "address": "103臺北市大同區延平北路四段１９號"
      }
    },
    {
      "type": "Feature",
      "geometry": {
        "type": "Point",
        "coordinates": [
          121.50379140875103,
          25.13028613708649
        ]
      },
      "properties": {
        "city": "臺北市",
        "district": "北投區",
        "category": "綠色商店",
        "name": "全家便利商店股份有限公司-明德店",
        "address": "112臺北市北投區石牌里明德路９３號"
      }
    },
    {
      "type": "Feature",
      "geometry": {
        "type": "Point",
        "coordinates": [
          121.5803775668869,
          24.98415808441028
        ]
      },
      "properties": {
        "city": "臺北市",
        "district": "文山區",
        "category": "綠色商店",
        "name": "全家便利商店股份有限公司-明興店",
        "address": "116臺北市文山區木柵路２段１０９巷２５弄２號．２－１號"
      }
    },
    {
      "type": "Feature",
      "geometry": {
        "type": "Point",
        "coordinates": [
          121.53340569219343,
          25.03445329629963
        ]
      },
      "properties": {
        "city": "臺北市",
        "district": "大安區",
        "category": "綠色商店",
        "name": "全家便利商店股份有限公司-明曜店",
        "address": "106臺北市大安區仁愛路四段１５１巷３４號．３６號"
      }
    },
    {
      "type": "Feature",
      "geometry": {
        "type": "Point",
        "coordinates": [
          121.56018565219071,
          25.050036123940657
        ]
      },
      "properties": {
        "city": "臺北市",
        "district": "松山區",
        "category": "綠色商店",
        "name": "全家便利商店股份有限公司-東光店",
        "address": "105臺北市松山區南京東路五段１２３巷１之８號"
      }
    },
    {
      "type": "Feature",
      "geometry": {
        "type": "Point",
        "coordinates": [
          121.59495794538728,
          25.066529710035116
        ]
      },
      "properties": {
        "city": "臺北市",
        "district": "內湖區",
        "category": "綠色商店",
        "name": "全家便利商店股份有限公司-東安店",
        "address": "114臺北市內湖區安康路４８０號"
      }
    },
    {
      "type": "Feature",
      "geometry": {
        "type": "Point",
        "coordinates": [
          121.51810378334402,
          25.019590048682172
        ]
      },
      "properties": {
        "city": "臺北市",
        "district": "中正區",
        "category": "綠色商店",
        "name": "全家便利商店股份有限公司-東門店",
        "address": "100臺北市中正區信義路１段１號（部份）"
      }
    },
    {
      "type": "Feature",
      "geometry": {
        "type": "Point",
        "coordinates": [
          121.56778580272538,
          25.06423402531732
        ]
      },
      "properties": {
        "city": "臺北市",
        "district": "松山區",
        "category": "綠色商店",
        "name": "全家便利商店股份有限公司-東清店",
        "address": "105臺北市松山區南京東路五段２９１巷８－１號"
      }
    },
    {
      "type": "Feature",
      "geometry": {
        "type": "Point",
        "coordinates": [
          121.49150082678177,
          25.131148891523104
        ]
      },
      "properties": {
        "city": "臺北市",
        "district": "北投區",
        "category": "綠色商店",
        "name": "全家便利商店股份有限公司-東華店",
        "address": "112臺北市北投區東華街二段８８號"
      }
    },
    {
      "type": "Feature",
      "geometry": {
        "type": "Point",
        "coordinates": [
          121.49619759238864,
          25.13812912389423
        ]
      },
      "properties": {
        "city": "臺北市",
        "district": "北投區",
        "category": "綠色商店",
        "name": "全家便利商店股份有限公司-東陽店",
        "address": "112臺北市北投區西安街一段２８３號"
      }
    },
    {
      "type": "Feature",
      "geometry": {
        "type": "Point",
        "coordinates": [
          121.50490427496257,
          25.03584879080911
        ]
      },
      "properties": {
        "city": "臺北市",
        "district": "萬華區",
        "category": "綠色商店",
        "name": "全家便利商店股份有限公司-東園店",
        "address": "108臺北市萬華區東園街６９７１７１之１７３之１號"
      }
    },
    {
      "type": "Feature",
      "geometry": {
        "type": "Point",
        "coordinates": [
          121.54378598234565,
          25.062149875725186
        ]
      },
      "properties": {
        "city": "臺北市",
        "district": "松山區",
        "category": "綠色商店",
        "name": "全家便利商店股份有限公司-東寶店",
        "address": "105臺北市松山區南京東路五段２９１巷１７之２號"
      }
    },
    {
      "type": "Feature",
      "geometry": {
        "type": "Point",
        "coordinates": [
          121.54730236462237,
          25.060036505460584
        ]
      },
      "properties": {
        "city": "臺北市",
        "district": "中山區",
        "category": "綠色商店",
        "name": "全家便利商店股份有限公司-林森北路店",
        "address": "104臺北市中山區林森北路１１９巷４９，５１號"
      }
    },
    {
      "type": "Feature",
      "geometry": {
        "type": "Point",
        "coordinates": [
          121.51961995289997,
          25.03758028958774
        ]
      },
      "properties": {
        "city": "臺北市",
        "district": "中正區",
        "category": "綠色商店",
        "name": "全家便利商店股份有限公司-林森南路店",
        "address": "100臺北市中正區林森南路５７．５９號"
      }
    },
    {
      "type": "Feature",
      "geometry": {
        "type": "Point",
        "coordinates": [
          121.55645150969484,
          25.021796080319042
        ]
      },
      "properties": {
        "city": "臺北市",
        "district": "信義區",
        "category": "綠色商店",
        "name": "全家便利商店股份有限公司-松三店",
        "address": "110臺北市信義區林口街１１６號"
      }
    },
    {
      "type": "Feature",
      "geometry": {
        "type": "Point",
        "coordinates": [
          121.56979087235226,
          25.031257802682514
        ]
      },
      "properties": {
        "city": "臺北市",
        "district": "信義區",
        "category": "綠色商店",
        "name": "全家便利商店股份有限公司-松仁店",
        "address": "110臺北市信義區信義路５段１５０巷２２１號"
      }
    },
    {
      "type": "Feature",
      "geometry": {
        "type": "Point",
        "coordinates": [
          121.56118882167335,
          25.028669054311926
        ]
      },
      "properties": {
        "city": "臺北市",
        "district": "信義區",
        "category": "綠色商店",
        "name": "全家便利商店股份有限公司-松友店",
        "address": "110臺北市信義區信義路六段７８號"
      }
    },
    {
      "type": "Feature",
      "geometry": {
        "type": "Point",
        "coordinates": [
          121.53565457948548,
          25.050179643502844
        ]
      },
      "properties": {
        "city": "臺北市",
        "district": "中山區",
        "category": "綠色商店",
        "name": "全家便利商店股份有限公司-松平店",
        "address": "104臺北市中山區四平街４７號"
      }
    },
    {
      "type": "Feature",
      "geometry": {
        "type": "Point",
        "coordinates": [
          121.58010955949678,
          25.020136474660582
        ]
      },
      "properties": {
        "city": "臺北市",
        "district": "信義區",
        "category": "綠色商店",
        "name": "全家便利商店股份有限公司-松盛店",
        "address": "110臺北市信義區松山路１５３號"
      }
    },
    {
      "type": "Feature",
      "geometry": {
        "type": "Point",
        "coordinates": [
          121.56245443819952,
          25.06541938855695
        ]
      },
      "properties": {
        "city": "臺北市",
        "district": "松山區",
        "category": "綠色商店",
        "name": "全家便利商店股份有限公司-松壽店",
        "address": "105臺北市松山區自強里延壽街３３０巷７弄２２號一樓"
      }
    },
    {
      "type": "Feature",
      "geometry": {
        "type": "Point",
        "coordinates": [
          121.56987904836744,
          25.03639754488095
        ]
      },
      "properties": {
        "city": "臺北市",
        "district": "信義區",
        "category": "綠色商店",
        "name": "全家便利商店股份有限公司-松德店",
        "address": "110臺北市信義區松山路６２７號"
      }
    },
    {
      "type": "Feature",
      "geometry": {
        "type": "Point",
        "coordinates": [
          121.57452160090058,
          25.043316404183535
        ]
      },
      "properties": {
        "city": "臺北市",
        "district": "信義區",
        "category": "綠色商店",
        "name": "全家便利商店股份有限公司-松興店",
        "address": "110臺北市信義區松山路１０７號"
      }
    },
    {
      "type": "Feature",
      "geometry": {
        "type": "Point",
        "coordinates": [
          121.555091002474,
          25.05522256765488
        ]
      },
      "properties": {
        "city": "臺北市",
        "district": "松山區",
        "category": "綠色商店",
        "name": "全家便利商店股份有限公司-松醫店",
        "address": "105臺北市松山區東光里健康路１５８號"
      }
    },
    {
      "type": "Feature",
      "geometry": {
        "type": "Point",
        "coordinates": [
          121.53647869168894,
          25.078561540272496
        ]
      },
      "properties": {
        "city": "臺北市",
        "district": "中山區",
        "category": "綠色商店",
        "name": "全家便利商店股份有限公司-松權店",
        "address": "104臺北市中山區松江路３６２巷４１號１樓"
      }
    },
    {
      "type": "Feature",
      "geometry": {
        "type": "Point",
        "coordinates": [
          121.52547775078251,
          25.05957757350908
        ]
      },
      "properties": {
        "city": "臺北市",
        "district": "中山區",
        "category": "綠色商店",
        "name": "全家便利商店股份有限公司-欣欣店",
        "address": "104臺北市中山區長春路１００號１樓"
      }
    },
    {
      "type": "Feature",
      "geometry": {
        "type": "Point",
        "coordinates": [
          121.51290484394787,
          25.030384379953855
        ]
      },
      "properties": {
        "city": "臺北市",
        "district": "萬華區",
        "category": "綠色商店",
        "name": "全家便利商店股份有限公司-武成店",
        "address": "108臺北市萬華區萬大路４８６巷３９號"
      }
    },
    {
      "type": "Feature",
      "geometry": {
        "type": "Point",
        "coordinates": [
          121.51971390775523,
          25.096266699984458
        ]
      },
      "properties": {
        "city": "臺北市",
        "district": "士林區",
        "category": "綠色商店",
        "name": "全家便利商店股份有限公司-芝山店",
        "address": "111臺北市士林區德行東路２５０號１樓"
      }
    },
    {
      "type": "Feature",
      "geometry": {
        "type": "Point",
        "coordinates": [
          121.52650901798425,
          25.08209748256536
        ]
      },
      "properties": {
        "city": "臺北市",
        "district": "士林區",
        "category": "綠色商店",
        "name": "全家便利商店股份有限公司-芝玉店",
        "address": "111臺北市士林區士東路２６６巷５弄１６號"
      }
    },
    {
      "type": "Feature",
      "geometry": {
        "type": "Point",
        "coordinates": [
          121.49237597724934,
          25.128350558874626
        ]
      },
      "properties": {
        "city": "臺北市",
        "district": "北投區",
        "category": "綠色商店",
        "name": "全家便利商店股份有限公司-金石店",
        "address": "112臺北市北投區石牌路一段２００號"
      }
    },
    {
      "type": "Feature",
      "geometry": {
        "type": "Point",
        "coordinates": [
          121.54751948274415,
          25.05192112834106
        ]
      },
      "properties": {
        "city": "臺北市",
        "district": "中山區",
        "category": "綠色商店",
        "name": "全家便利商店股份有限公司-金林店",
        "address": "104臺北市中山區林森北路１０９號１樓"
      }
    },
    {
      "type": "Feature",
      "geometry": {
        "type": "Point",
        "coordinates": [
          121.60066644224085,
          25.078882690732183
        ]
      },
      "properties": {
        "city": "臺北市",
        "district": "內湖區",
        "category": "綠色商店",
        "name": "全家便利商店股份有限公司-金湖店",
        "address": "114臺北市內湖區內湖路三段６０巷１０弄１號"
      }
    },
    {
      "type": "Feature",
      "geometry": {
        "type": "Point",
        "coordinates": [
          121.54568042366121,
          25.06604247149136
        ]
      },
      "properties": {
        "city": "臺北市",
        "district": "中山區",
        "category": "綠色商店",
        "name": "全家便利商店股份有限公司-金磚店",
        "address": "104臺北市中山區雙城街１９巷２號"
      }
    },
    {
      "type": "Feature",
      "geometry": {
        "type": "Point",
        "coordinates": [
          121.51204476761558,
          25.03146387373032
        ]
      },
      "properties": {
        "city": "臺北市",
        "district": "萬華區",
        "category": "綠色商店",
        "name": "全家便利商店股份有限公司-長沙店",
        "address": "108臺北市萬華區長沙街二段５０號"
      }
    },
    {
      "type": "Feature",
      "geometry": {
        "type": "Point",
        "coordinates": [
          121.54367802122133,
          25.06228281013747
        ]
      },
      "properties": {
        "city": "臺北市",
        "district": "中山區",
        "category": "綠色商店",
        "name": "全家便利商店股份有限公司-長林店",
        "address": "104臺北市中山區林森北路１０７巷５４號"
      }
    },
    {
      "type": "Feature",
      "geometry": {
        "type": "Point",
        "coordinates": [
          121.56843536349875,
          25.069586565049544
        ]
      },
      "properties": {
        "city": "臺北市",
        "district": "松山區",
        "category": "綠色商店",
        "name": "全家便利商店股份有限公司-長城店",
        "address": "105臺北市松山區敦化北路１２０巷８０號"
      }
    },
    {
      "type": "Feature",
      "geometry": {
        "type": "Point",
        "coordinates": [
          121.52574242227935,
          25.068882101185476
        ]
      },
      "properties": {
        "city": "臺北市",
        "district": "中山區",
        "category": "綠色商店",
        "name": "全家便利商店股份有限公司-長春店",
        "address": "104臺北市中山區長春路４８號"
      }
    },
    {
      "type": "Feature",
      "geometry": {
        "type": "Point",
        "coordinates": [
          121.50144331156439,
          25.037709370363505
        ]
      },
      "properties": {
        "city": "臺北市",
        "district": "萬華區",
        "category": "綠色商店",
        "name": "全家便利商店股份有限公司-長泰店",
        "address": "108臺北市萬華區壽德里長泰街２號２之１號一樓"
      }
    },
    {
      "type": "Feature",
      "geometry": {
        "type": "Point",
        "coordinates": [
          121.52706742710751,
          25.06673396394706
        ]
      },
      "properties": {
        "city": "臺北市",
        "district": "中山區",
        "category": "綠色商店",
        "name": "全家便利商店股份有限公司-長通店",
        "address": "104臺北市中山區伊通街１０８號１樓"
      }
    },
    {
      "type": "Feature",
      "geometry": {
        "type": "Point",
        "coordinates": [
          121.56052458659714,
          25.04817880076714
        ]
      },
      "properties": {
        "city": "臺北市",
        "district": "松山區",
        "category": "綠色商店",
        "name": "全家便利商店股份有限公司-長復店",
        "address": "105臺北市松山區長安東路二段２１９號"
      }
    },
    {
      "type": "Feature",
      "geometry": {
        "type": "Point",
        "coordinates": [
          121.54968957199887,
          25.061555639490155
        ]
      },
      "properties": {
        "city": "臺北市",
        "district": "松山區",
        "category": "綠色商店",
        "name": "全家便利商店股份有限公司-信大店",
        "address": "105臺北市松山區八德路四段７５８號"
      }
    },
    {
      "type": "Feature",
      "geometry": {
        "type": "Point",
        "coordinates": [
          121.56285988783686,
          25.02171540043418
        ]
      },
      "properties": {
        "city": "臺北市",
        "district": "信義區",
        "category": "綠色商店",
        "name": "全家便利商店股份有限公司-信德店",
        "address": "110臺北市信義區松德路２８９號"
      }
    },
    {
      "type": "Feature",
      "geometry": {
        "type": "Point",
        "coordinates": [
          121.50358815326994,
          25.059281959530427
        ]
      },
      "properties": {
        "city": "臺北市",
        "district": "大同區",
        "category": "綠色商店",
        "name": "全家便利商店股份有限公司-保生店",
        "address": "103臺北市大同區重慶北路三段３３３號"
      }
    },
    {
      "type": "Feature",
      "geometry": {
        "type": "Point",
        "coordinates": [
          121.5253787740389,
          25.03248043450765
        ]
      },
      "properties": {
        "city": "臺北市",
        "district": "中正區",
        "category": "綠色商店",
        "name": "全家便利商店股份有限公司-南陽店",
        "address": "100臺北市中正區信陽街１５號"
      }
    },
    {
      "type": "Feature",
      "geometry": {
        "type": "Point",
        "coordinates": [
          121.54042776312366,
          25.021089027302718
        ]
      },
      "properties": {
        "city": "臺北市",
        "district": "大安區",
        "category": "綠色商店",
        "name": "全家便利商店股份有限公司-建南店",
        "address": "106臺北市大安區建國南路１段１５６，１５８號"
      }
    },
    {
      "type": "Feature",
      "geometry": {
        "type": "Point",
        "coordinates": [
          121.54906256185647,
          25.03154392303408
        ]
      },
      "properties": {
        "city": "臺北市",
        "district": "大安區",
        "category": "綠色商店",
        "name": "全家便利商店股份有限公司-建國店",
        "address": "106臺北市大安區建國南路二段１５１巷３８號１樓"
      }
    },
    {
      "type": "Feature",
      "geometry": {
        "type": "Point",
        "coordinates": [
          121.58219532438883,
          25.02735959556305
        ]
      },
      "properties": {
        "city": "臺北市",
        "district": "信義區",
        "category": "綠色商店",
        "name": "全家便利商店股份有限公司-建鑫店",
        "address": "110臺北市信義區松壽路２４號"
      }
    },
    {
      "type": "Feature",
      "geometry": {
        "type": "Point",
        "coordinates": [
          121.52414626450734,
          25.08736755703273
        ]
      },
      "properties": {
        "city": "臺北市",
        "district": "士林區",
        "category": "綠色商店",
        "name": "全家便利商店股份有限公司-後港店",
        "address": "111臺北市士林區福港街２８號"
      }
    },
    {
      "type": "Feature",
      "geometry": {
        "type": "Point",
        "coordinates": [
          121.599848509983,
          25.04395900079896
        ]
      },
      "properties": {
        "city": "臺北市",
        "district": "南港區",
        "category": "綠色商店",
        "name": "全家便利商店股份有限公司-研究院店",
        "address": "115臺北市南港區研究院路２段７０巷１號"
      }
    },
    {
      "type": "Feature",
      "geometry": {
        "type": "Point",
        "coordinates": [
          121.51711892795063,
          25.096155502152776
        ]
      },
      "properties": {
        "city": "臺北市",
        "district": "士林區",
        "category": "綠色商店",
        "name": "全家便利商店股份有限公司-美崙店",
        "address": "111臺北市士林區華榮街９７號"
      }
    },
    {
      "type": "Feature",
      "geometry": {
        "type": "Point",
        "coordinates": [
          121.52909707977926,
          25.077604313945123
        ]
      },
      "properties": {
        "city": "臺北市",
        "district": "中山區",
        "category": "綠色商店",
        "name": "全家便利商店股份有限公司-美華店",
        "address": "104臺北市中山區北安路８１９之１號"
      }
    },
    {
      "type": "Feature",
      "geometry": {
        "type": "Point",
        "coordinates": [
          121.611674669941,
          25.054591142347878
        ]
      },
      "properties": {
        "city": "臺北市",
        "district": "南港區",
        "category": "綠色商店",
        "name": "全家便利商店股份有限公司-重陽店",
        "address": "115臺北市南港區重陽路１８３、１８５號１樓"
      }
    },
    {
      "type": "Feature",
      "geometry": {
        "type": "Point",
        "coordinates": [
          121.53070787725915,
          25.067079301034916
        ]
      },
      "properties": {
        "city": "臺北市",
        "district": "大同區",
        "category": "綠色商店",
        "name": "全家便利商店股份有限公司-重慶北路店",
        "address": "103臺北市大同區重慶北路二段１１６號"
      }
    },
    {
      "type": "Feature",
      "geometry": {
        "type": "Point",
        "coordinates": [
          121.51774342452367,
          25.025145247248854
        ]
      },
      "properties": {
        "city": "臺北市",
        "district": "中正區",
        "category": "綠色商店",
        "name": "全家便利商店股份有限公司-重慶店",
        "address": "100臺北市中正區重慶南路一段５８號"
      }
    },
    {
      "type": "Feature",
      "geometry": {
        "type": "Point",
        "coordinates": [
          121.55656633867252,
          25.022462340006374
        ]
      },
      "properties": {
        "city": "臺北市",
        "district": "大安區",
        "category": "綠色商店",
        "name": "全家便利商店股份有限公司-師大店",
        "address": "106臺北市大安區師大路７９號"
      }
    },
    {
      "type": "Feature",
      "geometry": {
        "type": "Point",
        "coordinates": [
          121.56841633768069,
          24.982274239218025
        ]
      },
      "properties": {
        "city": "臺北市",
        "district": "文山區",
        "category": "綠色商店",
        "name": "全家便利商店股份有限公司-師美店",
        "address": "116臺北市文山區汀州路４段７７號"
      }
    },
    {
      "type": "Feature",
      "geometry": {
        "type": "Point",
        "coordinates": [
          121.48610400528642,
          25.13701901629504
        ]
      },
      "properties": {
        "city": "臺北市",
        "district": "北投區",
        "category": "綠色商店",
        "name": "全家便利商店股份有限公司-振華店",
        "address": "112臺北市北投區振華街２號"
      }
    },
    {
      "type": "Feature",
      "geometry": {
        "type": "Point",
        "coordinates": [
          121.58003027558496,
          25.077612690068023
        ]
      },
      "properties": {
        "city": "臺北市",
        "district": "內湖區",
        "category": "綠色商店",
        "name": "全家便利商店股份有限公司-時代店",
        "address": "114臺北市內湖區瑞光路４１３號．４１５號１樓"
      }
    },
    {
      "type": "Feature",
      "geometry": {
        "type": "Point",
        "coordinates": [
          121.52546415413771,
          25.080668248088138
        ]
      },
      "properties": {
        "city": "臺北市",
        "district": "士林區",
        "category": "綠色商店",
        "name": "全家便利商店股份有限公司-格致店",
        "address": "111臺北市士林區陽明里格致路２２號１樓"
      }
    },
    {
      "type": "Feature",
      "geometry": {
        "type": "Point",
        "coordinates": [
          121.57197847235108,
          25.043256727688895
        ]
      },
      "properties": {
        "city": "臺北市",
        "district": "信義區",
        "category": "綠色商店",
        "name": "全家便利商店股份有限公司-海華店",
        "address": "110臺北市信義區虎林街１３２巷８１號１樓"
      }
    },
    {
      "type": "Feature",
      "geometry": {
        "type": "Point",
        "coordinates": [
          121.52863768550596,
          25.040404005299806
        ]
      },
      "properties": {
        "city": "臺北市",
        "district": "中正區",
        "category": "綠色商店",
        "name": "全家便利商店股份有限公司-郡王店",
        "address": "100臺北市中正區延平南路６８號"
      }
    },
    {
      "type": "Feature",
      "geometry": {
        "type": "Point",
        "coordinates": [
          121.51803549912653,
          25.078171651039565
        ]
      },
      "properties": {
        "city": "臺北市",
        "district": "中山區",
        "category": "綠色商店",
        "name": "全家便利商店股份有限公司-馬偕店",
        "address": "104臺北市中山區民生西路２９號"
      }
    },
    {
      "type": "Feature",
      "geometry": {
        "type": "Point",
        "coordinates": [
          121.55505302126456,
          25.029267080126765
        ]
      },
      "properties": {
        "city": "臺北市",
        "district": "大安區",
        "category": "綠色商店",
        "name": "全家便利商店股份有限公司-國泰店",
        "address": "106臺北市大安區仁愛路四段２６６巷１５弄１０號１樓"
      }
    },
    {
      "type": "Feature",
      "geometry": {
        "type": "Point",
        "coordinates": [
          121.51107879279547,
          25.048389752865695
        ]
      },
      "properties": {
        "city": "臺北市",
        "district": "大同區",
        "category": "綠色商店",
        "name": "全家便利商店股份有限公司-國順店",
        "address": "103臺北市大同區延平北路三段１１８號１樓"
      }
    },
    {
      "type": "Feature",
      "geometry": {
        "type": "Point",
        "coordinates": [
          121.6130379488531,
          25.04755647296099
        ]
      },
      "properties": {
        "city": "臺北市",
        "district": "南港區",
        "category": "綠色商店",
        "name": "全家便利商店股份有限公司-國興店",
        "address": "115臺北市南港區舊莊街一段３巷３弄２號"
      }
    },
    {
      "type": "Feature",
      "geometry": {
        "type": "Point",
        "coordinates": [
          121.50534342648774,
          25.12873411156523
        ]
      },
      "properties": {
        "city": "臺北市",
        "district": "北投區",
        "category": "綠色商店",
        "name": "全家便利商店股份有限公司-崇合店",
        "address": "112臺北市北投區清江里三合街二段４８７號１樓"
      }
    },
    {
      "type": "Feature",
      "geometry": {
        "type": "Point",
        "coordinates": [
          121.57896768479198,
          25.033799118042822
        ]
      },
      "properties": {
        "city": "臺北市",
        "district": "信義區",
        "category": "綠色商店",
        "name": "全家便利商店股份有限公司-崇德店",
        "address": "110臺北市信義區崇德街２９號"
      }
    },
    {
      "type": "Feature",
      "geometry": {
        "type": "Point",
        "coordinates": [
          121.55722650188608,
          25.07415192864206
        ]
      },
      "properties": {
        "city": "臺北市",
        "district": "松山區",
        "category": "綠色商店",
        "name": "全家便利商店股份有限公司-常興店",
        "address": "105臺北市松山區五常街３６４號１樓"
      }
    },
    {
      "type": "Feature",
      "geometry": {
        "type": "Point",
        "coordinates": [
          121.4899338364201,
          25.027266829320414
        ]
      },
      "properties": {
        "city": "臺北市",
        "district": "萬華區",
        "category": "綠色商店",
        "name": "全家便利商店股份有限公司-康定店",
        "address": "108臺北市萬華區康定路７３號"
      }
    },
    {
      "type": "Feature",
      "geometry": {
        "type": "Point",
        "coordinates": [
          121.58861240634062,
          25.059894796189916
        ]
      },
      "properties": {
        "city": "臺北市",
        "district": "內湖區",
        "category": "綠色商店",
        "name": "全家便利商店股份有限公司-康福店",
        "address": "114臺北市內湖區康樂街８７號"
      }
    },
    {
      "type": "Feature",
      "geometry": {
        "type": "Point",
        "coordinates": [
          121.5858517935823,
          24.980924515250866
        ]
      },
      "properties": {
        "city": "臺北市",
        "district": "文山區",
        "category": "綠色商店",
        "name": "全家便利商店股份有限公司-梅花鹿店",
        "address": "116臺北市文山區新光路二段３０號"
      }
    },
    {
      "type": "Feature",
      "geometry": {
        "type": "Point",
        "coordinates": [
          121.49166989086129,
          25.12183824256273
        ]
      },
      "properties": {
        "city": "臺北市",
        "district": "北投區",
        "category": "綠色商店",
        "name": "全家便利商店股份有限公司-清江店",
        "address": "112臺北市北投區中央里清江路１號，中央南路一段６３號"
      }
    },
    {
      "type": "Feature",
      "geometry": {
        "type": "Point",
        "coordinates": [
          121.55533535368593,
          25.028575312169693
        ]
      },
      "properties": {
        "city": "臺北市",
        "district": "信義區",
        "category": "綠色商店",
        "name": "全家便利商店股份有限公司-祥和店",
        "address": "110臺北市信義區信義路五段１５０巷４０１弄３１號"
      }
    },
    {
      "type": "Feature",
      "geometry": {
        "type": "Point",
        "coordinates": [
          121.59239368733363,
          25.040625273052296
        ]
      },
      "properties": {
        "city": "臺北市",
        "district": "南港區",
        "category": "綠色商店",
        "name": "全家便利商店股份有限公司-莊研店",
        "address": "115臺北市南港區舊莊街１段１４７號"
      }
    },
    {
      "type": "Feature",
      "geometry": {
        "type": "Point",
        "coordinates": [
          121.56670826147555,
          25.036244406995166
        ]
      },
      "properties": {
        "city": "臺北市",
        "district": "信義區",
        "category": "綠色商店",
        "name": "全家便利商店股份有限公司-莊敬店",
        "address": "110臺北市信義區莊敬路３７４號"
      }
    },
    {
      "type": "Feature",
      "geometry": {
        "type": "Point",
        "coordinates": [
          121.54187108296759,
          25.025245989081338
        ]
      },
      "properties": {
        "city": "臺北市",
        "district": "大安區",
        "category": "綠色商店",
        "name": "全家便利商店股份有限公司-通和店",
        "address": "106臺北市大安區通安街７７號"
      }
    },
    {
      "type": "Feature",
      "geometry": {
        "type": "Point",
        "coordinates": [
          121.5160229529652,
          25.08322599030847
        ]
      },
      "properties": {
        "city": "臺北市",
        "district": "士林區",
        "category": "綠色商店",
        "name": "全家便利商店股份有限公司-通河店",
        "address": "111臺北市士林區通河街１４５號"
      }
    },
    {
      "type": "Feature",
      "geometry": {
        "type": "Point",
        "coordinates": [
          121.53016418813459,
          25.021873839343105
        ]
      },
      "properties": {
        "city": "臺北市",
        "district": "中正區",
        "category": "綠色商店",
        "name": "全家便利商店股份有限公司-博陽店",
        "address": "100臺北市中正區光復里衡陽路６９號一樓"
      }
    },
    {
      "type": "Feature",
      "geometry": {
        "type": "Point",
        "coordinates": [
          121.54546895742709,
          25.02092747704518
        ]
      },
      "properties": {
        "city": "臺北市",
        "district": "大安區",
        "category": "綠色商店",
        "name": "全家便利商店股份有限公司-喬治店",
        "address": "106臺北市大安區基隆路二段１７２號"
      }
    },
    {
      "type": "Feature",
      "geometry": {
        "type": "Point",
        "coordinates": [
          121.50153573410195,
          25.043069599669455
        ]
      },
      "properties": {
        "city": "臺北市",
        "district": "萬華區",
        "category": "綠色商店",
        "name": "全家便利商店股份有限公司-富民店",
        "address": "108臺北市萬華區萬大路４９３巷４８弄２３－４號及Ｂ１"
      }
    },
    {
      "type": "Feature",
      "geometry": {
        "type": "Point",
        "coordinates": [
          121.60033600797016,
          25.055956028963486
        ]
      },
      "properties": {
        "city": "臺北市",
        "district": "南港區",
        "category": "綠色商店",
        "name": "全家便利商店股份有限公司-富康店",
        "address": "115臺北市南港區富康街８６號１Ｆ"
      }
    },
    {
      "type": "Feature",
      "geometry": {
        "type": "Point",
        "coordinates": [
          121.51196757772908,
          25.02285514647536
        ]
      },
      "properties": {
        "city": "臺北市",
        "district": "中正區",
        "category": "綠色商店",
        "name": "全家便利商店股份有限公司-富陽店",
        "address": "100臺北市中正區襄陽路７號１樓"
      }
    },
    {
      "type": "Feature",
      "geometry": {
        "type": "Point",
        "coordinates": [
          121.55728373753259,
          25.017841404779514
        ]
      },
      "properties": {
        "city": "臺北市",
        "district": "信義區",
        "category": "綠色商店",
        "name": "全家便利商店股份有限公司-富臺店",
        "address": "110臺北市信義區虎林街１２０巷１４８號１樓"
      }
    },
    {
      "type": "Feature",
      "geometry": {
        "type": "Point",
        "coordinates": [
          121.55385028165769,
          25.06212421048809
        ]
      },
      "properties": {
        "city": "臺北市",
        "district": "松山區",
        "category": "綠色商店",
        "name": "全家便利商店股份有限公司-富錦店",
        "address": "105臺北市松山區新益里富錦街５２９號一樓"
      }
    },
    {
      "type": "Feature",
      "geometry": {
        "type": "Point",
        "coordinates": [
          121.48722536312226,
          25.12224963666938
        ]
      },
      "properties": {
        "city": "臺北市",
        "district": "北投區",
        "category": "綠色商店",
        "name": "全家便利商店股份有限公司-尊賢店",
        "address": "112臺北市北投區尊賢街２６０號１Ｆ"
      }
    },
    {
      "type": "Feature",
      "geometry": {
        "type": "Point",
        "coordinates": [
          121.51264798748184,
          25.130048025557702
        ]
      },
      "properties": {
        "city": "臺北市",
        "district": "北投區",
        "category": "綠色商店",
        "name": "全家便利商店股份有限公司-復中店",
        "address": "112臺北市北投區中和街３２８號１樓"
      }
    },
    {
      "type": "Feature",
      "geometry": {
        "type": "Point",
        "coordinates": [
          121.56523595835486,
          25.04202812113323
        ]
      },
      "properties": {
        "city": "臺北市",
        "district": "信義區",
        "category": "綠色商店",
        "name": "全家便利商店股份有限公司-復昌店",
        "address": "110臺北市信義區光復南路５０５號、５０７號及文昌街３２"
      }
    },
    {
      "type": "Feature",
      "geometry": {
        "type": "Point",
        "coordinates": [
          121.54469833218329,
          25.05602285812989
        ]
      },
      "properties": {
        "city": "臺北市",
        "district": "中山區",
        "category": "綠色商店",
        "name": "全家便利商店股份有限公司-復林店",
        "address": "104臺北市中山區林森北路１４９－１．１４９－２號１樓"
      }
    },
    {
      "type": "Feature",
      "geometry": {
        "type": "Point",
        "coordinates": [
          121.54363084086235,
          25.059626828029383
        ]
      },
      "properties": {
        "city": "臺北市",
        "district": "松山區",
        "category": "綠色商店",
        "name": "全家便利商店股份有限公司-復盛店",
        "address": "105臺北市松山區八德路四段４０號．４２號"
      }
    },
    {
      "type": "Feature",
      "geometry": {
        "type": "Point",
        "coordinates": [
          121.54170363621814,
          25.0618752522261
        ]
      },
      "properties": {
        "city": "臺北市",
        "district": "中山區",
        "category": "綠色商店",
        "name": "全家便利商店股份有限公司-復榮店",
        "address": "104臺北市中山區復興北路５１４巷３６號１樓"
      }
    },
    {
      "type": "Feature",
      "geometry": {
        "type": "Point",
        "coordinates": [
          121.5592971812973,
          25.05104003236631
        ]
      },
      "properties": {
        "city": "臺北市",
        "district": "松山區",
        "category": "綠色商店",
        "name": "全家便利商店股份有限公司-敦北店",
        "address": "105臺北市松山區敦化北路４巷１６號１樓"
      }
    },
    {
      "type": "Feature",
      "geometry": {
        "type": "Point",
        "coordinates": [
          121.55507332597365,
          25.02856723557585
        ]
      },
      "properties": {
        "city": "臺北市",
        "district": "大安區",
        "category": "綠色商店",
        "name": "全家便利商店股份有限公司-敦安店",
        "address": "106臺北市大安區安和路一段１１２巷２７號"
      }
    },
    {
      "type": "Feature",
      "geometry": {
        "type": "Point",
        "coordinates": [
          121.54255721078862,
          25.03615045761423
        ]
      },
      "properties": {
        "city": "臺北市",
        "district": "大安區",
        "category": "綠色商店",
        "name": "全家便利商店股份有限公司-敦南店",
        "address": "106臺北市大安區敦化南路二段９８號"
      }
    },
    {
      "type": "Feature",
      "geometry": {
        "type": "Point",
        "coordinates": [
          121.54665960018707,
          25.039152148845556
        ]
      },
      "properties": {
        "city": "臺北市",
        "district": "大安區",
        "category": "綠色商店",
        "name": "全家便利商店股份有限公司-敦新店",
        "address": "106臺北市大安區敦安里仁愛路四段１１２巷５號一樓"
      }
    },
    {
      "type": "Feature",
      "geometry": {
        "type": "Point",
        "coordinates": [
          121.52435988855119,
          25.050921238916363
        ]
      },
      "properties": {
        "city": "臺北市",
        "district": "中山區",
        "category": "綠色商店",
        "name": "全家便利商店股份有限公司-晶華店",
        "address": "104臺北市中山區林森北路３３４號"
      }
    },
    {
      "type": "Feature",
      "geometry": {
        "type": "Point",
        "coordinates": [
          121.5904002388245,
          24.998734290915635
        ]
      },
      "properties": {
        "city": "臺北市",
        "district": "文山區",
        "category": "綠色商店",
        "name": "全家便利商店股份有限公司-景中店",
        "address": "116臺北市文山區景中街５號，七號一樓"
      }
    },
    {
      "type": "Feature",
      "geometry": {
        "type": "Point",
        "coordinates": [
          121.58207857802172,
          24.977225927085932
        ]
      },
      "properties": {
        "city": "臺北市",
        "district": "文山區",
        "category": "綠色商店",
        "name": "全家便利商店股份有限公司-景文店",
        "address": "116臺北市文山區景文街８３號"
      }
    },
    {
      "type": "Feature",
      "geometry": {
        "type": "Point",
        "coordinates": [
          121.57637139673142,
          24.998336836173205
        ]
      },
      "properties": {
        "city": "臺北市",
        "district": "文山區",
        "category": "綠色商店",
        "name": "全家便利商店股份有限公司-景行店",
        "address": "116臺北市文山區景興路２０２巷１４號"
      }
    },
    {
      "type": "Feature",
      "geometry": {
        "type": "Point",
        "coordinates": [
          121.56692707668296,
          24.986251067243796
        ]
      },
      "properties": {
        "city": "臺北市",
        "district": "文山區",
        "category": "綠色商店",
        "name": "全家便利商店股份有限公司-景和店",
        "address": "116臺北市文山區羅斯福路六段２７４號"
      }
    },
    {
      "type": "Feature",
      "geometry": {
        "type": "Point",
        "coordinates": [
          121.56141234863449,
          24.977748194402185
        ]
      },
      "properties": {
        "city": "臺北市",
        "district": "文山區",
        "category": "綠色商店",
        "name": "全家便利商店股份有限公司-景興店",
        "address": "116臺北市文山區興隆路一段２４９號１樓"
      }
    },
    {
      "type": "Feature",
      "geometry": {
        "type": "Point",
        "coordinates": [
          121.60683106063814,
          25.060523931033106
        ]
      },
      "properties": {
        "city": "臺北市",
        "district": "南港區",
        "category": "綠色商店",
        "name": "全家便利商店股份有限公司-港福店",
        "address": "115臺北市南港區福德街３７３巷６３號１樓"
      }
    },
    {
      "type": "Feature",
      "geometry": {
        "type": "Point",
        "coordinates": [
          121.57978714379874,
          25.055738761193453
        ]
      },
      "properties": {
        "city": "臺北市",
        "district": "內湖區",
        "category": "綠色商店",
        "name": "全家便利商店股份有限公司-港墘店",
        "address": "114臺北市內湖區港墘路４４號"
      }
    },
    {
      "type": "Feature",
      "geometry": {
        "type": "Point",
        "coordinates": [
          121.58914739642857,
          25.06159186335461
        ]
      },
      "properties": {
        "city": "臺北市",
        "district": "內湖區",
        "category": "綠色商店",
        "name": "全家便利商店股份有限公司-湖山店",
        "address": "114臺北市內湖區麗山街３４８巷１０弄２號"
      }
    },
    {
      "type": "Feature",
      "geometry": {
        "type": "Point",
        "coordinates": [
          121.57770157142481,
          25.06167980618943
        ]
      },
      "properties": {
        "city": "臺北市",
        "district": "內湖區",
        "category": "綠色商店",
        "name": "全家便利商店股份有限公司-湖光店",
        "address": "114臺北市內湖區金湖路４９號１樓"
      }
    },
    {
      "type": "Feature",
      "geometry": {
        "type": "Point",
        "coordinates": [
          121.58213568370458,
          25.06570630349334
        ]
      },
      "properties": {
        "city": "臺北市",
        "district": "內湖區",
        "category": "綠色商店",
        "name": "全家便利商店股份有限公司-湖安店",
        "address": "114臺北市內湖區內湖路一段２８５巷１９號１樓"
      }
    },
    {
      "type": "Feature",
      "geometry": {
        "type": "Point",
        "coordinates": [
          121.5970739047244,
          25.07187147994015
        ]
      },
      "properties": {
        "city": "臺北市",
        "district": "內湖區",
        "category": "綠色商店",
        "name": "全家便利商店股份有限公司-湖運店",
        "address": "114臺北市內湖區洲子街１２號"
      }
    },
    {
      "type": "Feature",
      "geometry": {
        "type": "Point",
        "coordinates": [
          121.5857964735678,
          25.081899417976196
        ]
      },
      "properties": {
        "city": "臺北市",
        "district": "內湖區",
        "category": "綠色商店",
        "name": "全家便利商店股份有限公司-紫陽店",
        "address": "114臺北市內湖區文德路２１２號"
      }
    },
    {
      "type": "Feature",
      "geometry": {
        "type": "Point",
        "coordinates": [
          121.51037097989455,
          25.08749093609812
        ]
      },
      "properties": {
        "city": "臺北市",
        "district": "士林區",
        "category": "綠色商店",
        "name": "全家便利商店股份有限公司-華林店",
        "address": "111臺北市士林區中正路２５３號１樓"
      }
    },
    {
      "type": "Feature",
      "geometry": {
        "type": "Point",
        "coordinates": [
          121.51284147541908,
          25.097910200181424
        ]
      },
      "properties": {
        "city": "臺北市",
        "district": "士林區",
        "category": "綠色商店",
        "name": "全家便利商店股份有限公司-華崗店",
        "address": "111臺北市士林區光華路２６巷３號－２"
      }
    },
    {
      "type": "Feature",
      "geometry": {
        "type": "Point",
        "coordinates": [
          121.55090606876657,
          25.024681570820086
        ]
      },
      "properties": {
        "city": "臺北市",
        "district": "大安區",
        "category": "綠色商店",
        "name": "全家便利商店股份有限公司-華視店",
        "address": "106臺北市大安區光復南路１１６巷２６號"
      }
    },
    {
      "type": "Feature",
      "geometry": {
        "type": "Point",
        "coordinates": [
          121.50455489854807,
          25.039141922614952
        ]
      },
      "properties": {
        "city": "臺北市",
        "district": "萬華區",
        "category": "綠色商店",
        "name": "全家便利商店股份有限公司-華園店",
        "address": "108臺北市萬華區和平里西園路二段１４０巷３２號一樓"
      }
    },
    {
      "type": "Feature",
      "geometry": {
        "type": "Point",
        "coordinates": [
          121.50062954362426,
          25.137152463667036
        ]
      },
      "properties": {
        "city": "臺北市",
        "district": "北投區",
        "category": "綠色商店",
        "name": "全家便利商店股份有限公司-華碩店",
        "address": "112臺北市北投區立德路１５號"
      }
    },
    {
      "type": "Feature",
      "geometry": {
        "type": "Point",
        "coordinates": [
          121.57813533632735,
          24.98281989525258
        ]
      },
      "properties": {
        "city": "臺北市",
        "district": "文山區",
        "category": "綠色商店",
        "name": "全家便利商店股份有限公司-華德店",
        "address": "116臺北市文山區景華街７５號"
      }
    },
    {
      "type": "Feature",
      "geometry": {
        "type": "Point",
        "coordinates": [
          121.50475359384066,
          25.022244427746966
        ]
      },
      "properties": {
        "city": "臺北市",
        "district": "萬華區",
        "category": "綠色商店",
        "name": "全家便利商店股份有限公司-貴陽店",
        "address": "108臺北市萬華區貴陽街二段１８２號，１８４號"
      }
    },
    {
      "type": "Feature",
      "geometry": {
        "type": "Point",
        "coordinates": [
          121.51833270120946,
          25.041725320759564
        ]
      },
      "properties": {
        "city": "臺北市",
        "district": "中正區",
        "category": "綠色商店",
        "name": "全家便利商店股份有限公司-開封店",
        "address": "100臺北市中正區開封街一段４１號１樓"
      }
    },
    {
      "type": "Feature",
      "geometry": {
        "type": "Point",
        "coordinates": [
          121.51625103945894,
          25.038604138779903
        ]
      },
      "properties": {
        "city": "臺北市",
        "district": "中正區",
        "category": "綠色商店",
        "name": "全家便利商店股份有限公司-開懷店",
        "address": "100臺北市中正區黎明里懷寧街１７號１樓"
      }
    },
    {
      "type": "Feature",
      "geometry": {
        "type": "Point",
        "coordinates": [
          121.4866194587427,
          25.060446471598866
        ]
      },
      "properties": {
        "city": "臺北市",
        "district": "",
        "category": "綠色商店",
        "name": "全家便利商店股份有限公司-陽大店",
        "address": "臺北市立農街二段１５５號１樓"
      }
    },
    {
      "type": "Feature",
      "geometry": {
        "type": "Point",
        "coordinates": [
          121.60495773179416,
          25.08086078763193
        ]
      },
      "properties": {
        "city": "臺北市",
        "district": "內湖區",
        "category": "綠色商店",
        "name": "全家便利商店股份有限公司-陽光店",
        "address": "114臺北市內湖區瑞光路２１０號"
      }
    },
    {
      "type": "Feature",
      "geometry": {
        "type": "Point",
        "coordinates": [
          121.56103748580988,
          24.97850834343946
        ]
      },
      "properties": {
        "city": "臺北市",
        "district": "文山區",
        "category": "綠色商店",
        "name": "全家便利商店股份有限公司-順輝店",
        "address": "116臺北市文山區光輝路７號"
      }
    },
    {
      "type": "Feature",
      "geometry": {
        "type": "Point",
        "coordinates": [
          121.52397994533794,
          25.060061958793845
        ]
      },
      "properties": {
        "city": "臺北市",
        "district": "中山區",
        "category": "綠色商店",
        "name": "全家便利商店股份有限公司-匯豐店",
        "address": "104臺北市中山區南京東路二段１１號"
      }
    },
    {
      "type": "Feature",
      "geometry": {
        "type": "Point",
        "coordinates": [
          121.5233158374679,
          25.036939804319537
        ]
      },
      "properties": {
        "city": "臺北市",
        "district": "中正區",
        "category": "綠色商店",
        "name": "全家便利商店股份有限公司-廈門店",
        "address": "100臺北市中正區廈門街５２號"
      }
    },
    {
      "type": "Feature",
      "geometry": {
        "type": "Point",
        "coordinates": [
          121.5571299812652,
          25.062848189232742
        ]
      },
      "properties": {
        "city": "臺北市",
        "district": "松山區",
        "category": "綠色商店",
        "name": "全家便利商店股份有限公司-微風店",
        "address": "105臺北市松山區市民大道四段５１號１樓"
      }
    },
    {
      "type": "Feature",
      "geometry": {
        "type": "Point",
        "coordinates": [
          121.55778632266492,
          25.04228781747866
        ]
      },
      "properties": {
        "city": "臺北市",
        "district": "信義區",
        "category": "綠色商店",
        "name": "全家便利商店股份有限公司-新中坡店",
        "address": "110臺北市信義區中坡南路２２９號"
      }
    },
    {
      "type": "Feature",
      "geometry": {
        "type": "Point",
        "coordinates": [
          121.60215704397491,
          25.061571355891708
        ]
      },
      "properties": {
        "city": "臺北市",
        "district": "內湖區",
        "category": "綠色商店",
        "name": "全家便利商店股份有限公司-新內湖店",
        "address": "114臺北市內湖區成功路２段４２０號"
      }
    },
    {
      "type": "Feature",
      "geometry": {
        "type": "Point",
        "coordinates": [
          121.57877166643034,
          24.984700486320694
        ]
      },
      "properties": {
        "city": "臺北市",
        "district": "文山區",
        "category": "綠色商店",
        "name": "全家便利商店股份有限公司-新文華店",
        "address": "116台北市文山區景華街３巷２號１樓及Ｂ１"
      }
    },
    {
      "type": "Feature",
      "geometry": {
        "type": "Point",
        "coordinates": [
          121.53302409852581,
          25.066072184024673
        ]
      },
      "properties": {
        "city": "臺北市",
        "district": "中山區",
        "category": "綠色商店",
        "name": "全家便利商店股份有限公司-新生店",
        "address": "104臺北市中山區正義里新生北路一段１１２號"
      }
    },
    {
      "type": "Feature",
      "geometry": {
        "type": "Point",
        "coordinates": [
          121.53171600110583,
          25.02171615617067
        ]
      },
      "properties": {
        "city": "臺北市",
        "district": "大安區",
        "category": "綠色商店",
        "name": "全家便利商店股份有限公司-新生南路店",
        "address": "106臺北市大安區新生南路一段１６３號"
      }
    },
    {
      "type": "Feature",
      "geometry": {
        "type": "Point",
        "coordinates": [
          121.54612600213709,
          25.07097944611105
        ]
      },
      "properties": {
        "city": "臺北市",
        "district": "中山區",
        "category": "綠色商店",
        "name": "全家便利商店股份有限公司-新光店",
        "address": "104臺北市中山區南京西路１２巷１號１樓"
      }
    },
    {
      "type": "Feature",
      "geometry": {
        "type": "Point",
        "coordinates": [
          121.54011602283418,
          25.019822172451104
        ]
      },
      "properties": {
        "city": "臺北市",
        "district": "大安區",
        "category": "綠色商店",
        "name": "全家便利商店股份有限公司-新安店",
        "address": "106臺北市大安區瑞安街２７４號１樓"
      }
    },
    {
      "type": "Feature",
      "geometry": {
        "type": "Point",
        "coordinates": [
          121.59195851789157,
          25.06887829795107
        ]
      },
      "properties": {
        "city": "臺北市",
        "district": "南港區",
        "category": "綠色商店",
        "name": "全家便利商店股份有限公司-新成鑫店",
        "address": "115臺北市南港區玉成街１７６巷１號"
      }
    },
    {
      "type": "Feature",
      "geometry": {
        "type": "Point",
        "coordinates": [
          121.57658640452605,
          25.03831910455121
        ]
      },
      "properties": {
        "city": "臺北市",
        "district": "信義區",
        "category": "綠色商店",
        "name": "全家便利商店股份有限公司-新忠隆店",
        "address": "110臺北市信義區興雅里忠孝東路五段７１巷８號壹樓"
      }
    },
    {
      "type": "Feature",
      "geometry": {
        "type": "Point",
        "coordinates": [
          121.51568043012928,
          25.03266339860171
        ]
      },
      "properties": {
        "city": "臺北市",
        "district": "中正區",
        "category": "綠色商店",
        "name": "全家便利商店股份有限公司-新昌店",
        "address": "100臺北市中正區龍福里南昌路一段４９號一樓"
      }
    },
    {
      "type": "Feature",
      "geometry": {
        "type": "Point",
        "coordinates": [
          121.61696970346614,
          25.052723953569416
        ]
      },
      "properties": {
        "city": "臺北市",
        "district": "南港區",
        "category": "綠色商店",
        "name": "全家便利商店股份有限公司-新昆陽店",
        "address": "115臺北市南港區昆陽街１４５號"
      }
    },
    {
      "type": "Feature",
      "geometry": {
        "type": "Point",
        "coordinates": [
          121.55137840318056,
          25.05170701695068
        ]
      },
      "properties": {
        "city": "臺北市",
        "district": "松山區",
        "category": "綠色商店",
        "name": "全家便利商店股份有限公司-新東店",
        "address": "105臺北市松山區新東街１４號"
      }
    },
    {
      "type": "Feature",
      "geometry": {
        "type": "Point",
        "coordinates": [
          121.52856395043077,
          25.063458738458106
        ]
      },
      "properties": {
        "city": "臺北市",
        "district": "中山區",
        "category": "綠色商店",
        "name": "全家便利商店股份有限公司-新林森店",
        "address": "104台北市中山區林森北路６３０號１樓"
      }
    },
    {
      "type": "Feature",
      "geometry": {
        "type": "Point",
        "coordinates": [
          121.56049206569121,
          25.015894631574543
        ]
      },
      "properties": {
        "city": "臺北市",
        "district": "信義區",
        "category": "綠色商店",
        "name": "全家便利商店股份有限公司-新松林店",
        "address": "110臺北市信義區虎林街６１－４號"
      }
    },
    {
      "type": "Feature",
      "geometry": {
        "type": "Point",
        "coordinates": [
          121.55744663868676,
          25.044055482003383
        ]
      },
      "properties": {
        "city": "臺北市",
        "district": "信義區",
        "category": "綠色商店",
        "name": "全家便利商店股份有限公司-新松春店",
        "address": "110臺北市信義區松山路２８１號１樓"
      }
    },
    {
      "type": "Feature",
      "geometry": {
        "type": "Point",
        "coordinates": [
          121.48637270918475,
          25.135584355374824
        ]
      },
      "properties": {
        "city": "臺北市",
        "district": "北投區",
        "category": "綠色商店",
        "name": "全家便利商店股份有限公司-新知行店",
        "address": "112臺北市北投區關渡里知行路２３７號"
      }
    },
    {
      "type": "Feature",
      "geometry": {
        "type": "Point",
        "coordinates": [
          121.48424620877915,
          25.04208627197585
        ]
      },
      "properties": {
        "city": "臺北市",
        "district": "萬華區",
        "category": "綠色商店",
        "name": "全家便利商店股份有限公司-新青年店",
        "address": "108臺北市萬華區青年路６號"
      }
    },
    {
      "type": "Feature",
      "geometry": {
        "type": "Point",
        "coordinates": [
          121.50930674058195,
          25.03589554970989
        ]
      },
      "properties": {
        "city": "臺北市",
        "district": "萬華區",
        "category": "綠色商店",
        "name": "全家便利商店股份有限公司-新峨嵋店",
        "address": "108臺北市萬華區峨眉街８２號１樓"
      }
    },
    {
      "type": "Feature",
      "geometry": {
        "type": "Point",
        "coordinates": [
          121.53823630415303,
          25.070654206325095
        ]
      },
      "properties": {
        "city": "臺北市",
        "district": "中山區",
        "category": "綠色商店",
        "name": "全家便利商店股份有限公司-新泰店",
        "address": "104臺北市中山區聚盛里民生東路一段４１號一樓"
      }
    },
    {
      "type": "Feature",
      "geometry": {
        "type": "Point",
        "coordinates": [
          121.57247980533535,
          25.053551773761466
        ]
      },
      "properties": {
        "city": "臺北市",
        "district": "松山區",
        "category": "綠色商店",
        "name": "全家便利商店股份有限公司-新健康店",
        "address": "105臺北市松山區南京東路四段１３３巷９弄２號"
      }
    },
    {
      "type": "Feature",
      "geometry": {
        "type": "Point",
        "coordinates": [
          121.51464186136239,
          25.017759869218235
        ]
      },
      "properties": {
        "city": "臺北市",
        "district": "中正區",
        "category": "綠色商店",
        "name": "全家便利商店股份有限公司-新惠安店",
        "address": "100台北市中正區中華路二段３０７巷４６號"
      }
    },
    {
      "type": "Feature",
      "geometry": {
        "type": "Point",
        "coordinates": [
          121.5796899015275,
          25.065254310058055
        ]
      },
      "properties": {
        "city": "臺北市",
        "district": "內湖區",
        "category": "綠色商店",
        "name": "全家便利商店股份有限公司-新湖店",
        "address": "114臺北市內湖區新湖二路２５０巷８號１樓"
      }
    },
    {
      "type": "Feature",
      "geometry": {
        "type": "Point",
        "coordinates": [
          121.5625244620984,
          25.015591071036408
        ]
      },
      "properties": {
        "city": "臺北市",
        "district": "信義區",
        "category": "綠色商店",
        "name": "全家便利商店股份有限公司-新貿店",
        "address": "110臺北市信義區信義路四段４０７號壹樓"
      }
    },
    {
      "type": "Feature",
      "geometry": {
        "type": "Point",
        "coordinates": [
          121.51841507648295,
          25.09095633959833
        ]
      },
      "properties": {
        "city": "臺北市",
        "district": "士林區",
        "category": "綠色商店",
        "name": "全家便利商店股份有限公司-新陽明店",
        "address": "111臺北市士林區中正路３２９號"
      }
    },
    {
      "type": "Feature",
      "geometry": {
        "type": "Point",
        "coordinates": [
          121.59465241410228,
          25.081493748014363
        ]
      },
      "properties": {
        "city": "臺北市",
        "district": "內湖區",
        "category": "綠色商店",
        "name": "全家便利商店股份有限公司-新瑞店",
        "address": "114臺北市內湖區堤頂大道２段４０７巷２６號一樓"
      }
    },
    {
      "type": "Feature",
      "geometry": {
        "type": "Point",
        "coordinates": [
          121.52877509537227,
          25.07449788809965
        ]
      },
      "properties": {
        "city": "臺北市",
        "district": "中山區",
        "category": "綠色商店",
        "name": "全家便利商店股份有限公司-新農店",
        "address": "104臺北市中山區恆安里農安街２６之３號一樓"
      }
    },
    {
      "type": "Feature",
      "geometry": {
        "type": "Point",
        "coordinates": [
          121.55987502187178,
          25.047049867081103
        ]
      },
      "properties": {
        "city": "臺北市",
        "district": "松山區",
        "category": "綠色商店",
        "name": "全家便利商店股份有限公司-新壽店",
        "address": "105臺北市松山區龍田里延壽街４００號１樓"
      }
    },
    {
      "type": "Feature",
      "geometry": {
        "type": "Point",
        "coordinates": [
          121.50427279971446,
          25.12154615460544
        ]
      },
      "properties": {
        "city": "臺北市",
        "district": "北投區",
        "category": "綠色商店",
        "name": "全家便利商店股份有限公司-新實店",
        "address": "112臺北市北投區吉利里實踐街５１號１樓"
      }
    },
    {
      "type": "Feature",
      "geometry": {
        "type": "Point",
        "coordinates": [
          121.58325264774756,
          24.980390442464223
        ]
      },
      "properties": {
        "city": "臺北市",
        "district": "文山區",
        "category": "綠色商店",
        "name": "全家便利商店股份有限公司-新福興店",
        "address": "116臺北市文山區福興路６５號"
      }
    },
    {
      "type": "Feature",
      "geometry": {
        "type": "Point",
        "coordinates": [
          121.54486822820117,
          25.03621423306309
        ]
      },
      "properties": {
        "city": "臺北市",
        "district": "大安區",
        "category": "綠色商店",
        "name": "全家便利商店股份有限公司-新遠企店",
        "address": "106臺北市大安區敦化南路二段２６１號"
      }
    },
    {
      "type": "Feature",
      "geometry": {
        "type": "Point",
        "coordinates": [
          121.51935123290721,
          25.049119789911828
        ]
      },
      "properties": {
        "city": "臺北市",
        "district": "中山區",
        "category": "綠色商店",
        "name": "全家便利商店股份有限公司-新德城店",
        "address": "104台北市中山區德惠街１６－７號"
      }
    },
    {
      "type": "Feature",
      "geometry": {
        "type": "Point",
        "coordinates": [
          121.52390319599598,
          25.075825576600757
        ]
      },
      "properties": {
        "city": "臺北市",
        "district": "中山區",
        "category": "綠色商店",
        "name": "全家便利商店股份有限公司-新稻江店",
        "address": "104台北市中山區農安街８６號１樓"
      }
    },
    {
      "type": "Feature",
      "geometry": {
        "type": "Point",
        "coordinates": [
          121.5148215218711,
          25.07633450054745
        ]
      },
      "properties": {
        "city": "臺北市",
        "district": "大同區",
        "category": "綠色商店",
        "name": "全家便利商店股份有限公司-新橋店",
        "address": "103臺北市大同區延平北路三段２５之３號"
      }
    },
    {
      "type": "Feature",
      "geometry": {
        "type": "Point",
        "coordinates": [
          121.50571519258722,
          25.02488657989136
        ]
      },
      "properties": {
        "city": "臺北市",
        "district": "萬華區",
        "category": "綠色商店",
        "name": "全家便利商店股份有限公司-新興義店",
        "address": "108臺北市萬華區和德里興義街４１號１樓"
      }
    },
    {
      "type": "Feature",
      "geometry": {
        "type": "Point",
        "coordinates": [
          121.50915995836567,
          25.03851080675027
        ]
      },
      "properties": {
        "city": "臺北市",
        "district": "中正區",
        "category": "綠色商店",
        "name": "全家便利商店股份有限公司-新龍口店",
        "address": "100台北市中正區汀州路一段２４４號"
      }
    },
    {
      "type": "Feature",
      "geometry": {
        "type": "Point",
        "coordinates": [
          121.57528260271093,
          25.084854926503287
        ]
      },
      "properties": {
        "city": "臺北市",
        "district": "內湖區",
        "category": "綠色商店",
        "name": "全家便利商店股份有限公司-瑞光店",
        "address": "114臺北市內湖區瑞光路５１０號１樓"
      }
    },
    {
      "type": "Feature",
      "geometry": {
        "type": "Point",
        "coordinates": [
          121.55578796419603,
          25.040041893677817
        ]
      },
      "properties": {
        "city": "臺北市",
        "district": "大安區",
        "category": "綠色商店",
        "name": "全家便利商店股份有限公司-瑞和店",
        "address": "106臺北市大安區瑞安街１３５巷２８號１樓"
      }
    },
    {
      "type": "Feature",
      "geometry": {
        "type": "Point",
        "coordinates": [
          121.58494545325317,
          25.082937735446187
        ]
      },
      "properties": {
        "city": "臺北市",
        "district": "內湖區",
        "category": "綠色商店",
        "name": "全家便利商店股份有限公司-瑞湖店",
        "address": "114臺北市內湖區港墘里瑞光路５１３巷３９號１樓"
      }
    },
    {
      "type": "Feature",
      "geometry": {
        "type": "Point",
        "coordinates": [
          121.59638111370026,
          25.08172332936087
        ]
      },
      "properties": {
        "city": "臺北市",
        "district": "內湖區",
        "category": "綠色商店",
        "name": "全家便利商店股份有限公司-瑞陽店",
        "address": "114臺北市內湖區文德路９０巷４９號"
      }
    },
    {
      "type": "Feature",
      "geometry": {
        "type": "Point",
        "coordinates": [
          121.52616637082126,
          25.067282440492573
        ]
      },
      "properties": {
        "city": "臺北市",
        "district": "大同區",
        "category": "綠色商店",
        "name": "全家便利商店股份有限公司-萬全店",
        "address": "103臺北市大同區民生西路６３號"
      }
    },
    {
      "type": "Feature",
      "geometry": {
        "type": "Point",
        "coordinates": [
          121.56206856756599,
          24.99643807954801
        ]
      },
      "properties": {
        "city": "臺北市",
        "district": "文山區",
        "category": "綠色商店",
        "name": "全家便利商店股份有限公司-萬安店",
        "address": "116臺北市文山區萬安街１７號"
      }
    },
    {
      "type": "Feature",
      "geometry": {
        "type": "Point",
        "coordinates": [
          121.48879812427028,
          25.03016760652935
        ]
      },
      "properties": {
        "city": "臺北市",
        "district": "萬華區",
        "category": "綠色商店",
        "name": "全家便利商店股份有限公司-萬年店",
        "address": "108臺北市萬華區西寧南路１５５號１樓"
      }
    },
    {
      "type": "Feature",
      "geometry": {
        "type": "Point",
        "coordinates": [
          121.5684510960845,
          24.991878951508024
        ]
      },
      "properties": {
        "city": "臺北市",
        "district": "文山區",
        "category": "綠色商店",
        "name": "全家便利商店股份有限公司-萬和店",
        "address": "116臺北市文山區羅斯福路五段２１８巷３８弄２號１樓"
      }
    },
    {
      "type": "Feature",
      "geometry": {
        "type": "Point",
        "coordinates": [
          121.49661577367264,
          25.018432545461142
        ]
      },
      "properties": {
        "city": "臺北市",
        "district": "萬華區",
        "category": "綠色商店",
        "name": "全家便利商店股份有限公司-萬國店",
        "address": "108臺北市萬華區峨嵋街２１號１樓"
      }
    },
    {
      "type": "Feature",
      "geometry": {
        "type": "Point",
        "coordinates": [
          121.56378163340248,
          24.97529780997037
        ]
      },
      "properties": {
        "city": "臺北市",
        "district": "文山區",
        "category": "綠色商店",
        "name": "全家便利商店股份有限公司-萬隆店",
        "address": "116臺北市文山區萬祥里羅斯福路五段２６３號一樓"
      }
    },
    {
      "type": "Feature",
      "geometry": {
        "type": "Point",
        "coordinates": [
          121.54560112312255,
          25.031651494449093
        ]
      },
      "properties": {
        "city": "臺北市",
        "district": "大安區",
        "category": "綠色商店",
        "name": "全家便利商店股份有限公司-義興店",
        "address": "106臺北市大安區信義路４段１之１０．１之１１號"
      }
    },
    {
      "type": "Feature",
      "geometry": {
        "type": "Point",
        "coordinates": [
          121.51908129866644,
          25.094387312941958
        ]
      },
      "properties": {
        "city": "臺北市",
        "district": "士林區",
        "category": "綠色商店",
        "name": "全家便利商店股份有限公司-葫東店",
        "address": "111臺北市士林區葫東里重慶北路四段１８８號一樓"
      }
    },
    {
      "type": "Feature",
      "geometry": {
        "type": "Point",
        "coordinates": [
          121.52608112111028,
          25.091065035627956
        ]
      },
      "properties": {
        "city": "臺北市",
        "district": "士林區",
        "category": "綠色商店",
        "name": "全家便利商店股份有限公司-葫蘆店",
        "address": "111臺北市士林區延平北路五段２８３之１號"
      }
    },
    {
      "type": "Feature",
      "geometry": {
        "type": "Point",
        "coordinates": [
          121.56341842787705,
          25.0043271600026
        ]
      },
      "properties": {
        "city": "臺北市",
        "district": "文山區",
        "category": "綠色商店",
        "name": "全家便利商店股份有限公司-試院店",
        "address": "116臺北市文山區木柵路一段９１號９３號一樓"
      }
    },
    {
      "type": "Feature",
      "geometry": {
        "type": "Point",
        "coordinates": [
          121.53059309676159,
          25.062237819673403
        ]
      },
      "properties": {
        "city": "臺北市",
        "district": "中山區",
        "category": "綠色商店",
        "name": "全家便利商店股份有限公司-農安店",
        "address": "104臺北市中山區農安街２４９號"
      }
    },
    {
      "type": "Feature",
      "geometry": {
        "type": "Point",
        "coordinates": [
          121.50197825335438,
          25.048614509153467
        ]
      },
      "properties": {
        "city": "臺北市",
        "district": "大同區",
        "category": "綠色商店",
        "name": "全家便利商店股份有限公司-寧夏店",
        "address": "103臺北市大同區寧夏路２８，３０，２８—１，２８—２號"
      }
    },
    {
      "type": "Feature",
      "geometry": {
        "type": "Point",
        "coordinates": [
          121.53111662063891,
          25.051034670620343
        ]
      },
      "properties": {
        "city": "臺北市",
        "district": "中山區",
        "category": "綠色商店",
        "name": "全家便利商店股份有限公司-榮濱店",
        "address": "104臺北市中山區民族東路４１０巷２４號１樓"
      }
    },
    {
      "type": "Feature",
      "geometry": {
        "type": "Point",
        "coordinates": [
          121.49086629831308,
          25.043614553581367
        ]
      },
      "properties": {
        "city": "臺北市",
        "district": "萬華區",
        "category": "綠色商店",
        "name": "全家便利商店股份有限公司-漢中店",
        "address": "108臺北市萬華區漢中街１３９號１樓"
      }
    },
    {
      "type": "Feature",
      "geometry": {
        "type": "Point",
        "coordinates": [
          121.59365454063911,
          25.083732774755642
        ]
      },
      "properties": {
        "city": "臺北市",
        "district": "內湖區",
        "category": "綠色商店",
        "name": "全家便利商店股份有限公司-碧湖店",
        "address": "114臺北市內湖區內湖路一段５９３號一樓及地下室"
      }
    },
    {
      "type": "Feature",
      "geometry": {
        "type": "Point",
        "coordinates": [
          121.50351775522174,
          25.06492529541738
        ]
      },
      "properties": {
        "city": "臺北市",
        "district": "大同區",
        "category": "綠色商店",
        "name": "全家便利商店股份有限公司-福安店",
        "address": "103臺北市大同區長安西路５４號１樓"
      }
    },
    {
      "type": "Feature",
      "geometry": {
        "type": "Point",
        "coordinates": [
          121.51159837138559,
          25.102392642973022
        ]
      },
      "properties": {
        "city": "臺北市",
        "district": "士林區",
        "category": "綠色商店",
        "name": "全家便利商店股份有限公司-福林店",
        "address": "111臺北市士林區福林里中正路２３３號，２３３之１號"
      }
    },
    {
      "type": "Feature",
      "geometry": {
        "type": "Point",
        "coordinates": [
          121.52261983942607,
          25.06159521660848
        ]
      },
      "properties": {
        "city": "臺北市",
        "district": "中山區",
        "category": "綠色商店",
        "name": "全家便利商店股份有限公司-福泰店",
        "address": "104臺北市中山區民生東路一段３６號１樓"
      }
    },
    {
      "type": "Feature",
      "geometry": {
        "type": "Point",
        "coordinates": [
          121.54008125585047,
          25.015608328747085
        ]
      },
      "properties": {
        "city": "臺北市",
        "district": "大安區",
        "category": "綠色商店",
        "name": "全家便利商店股份有限公司-福康店",
        "address": "106臺北市大安區信義路２段１９８巷６號一樓及地下室"
      }
    },
    {
      "type": "Feature",
      "geometry": {
        "type": "Point",
        "coordinates": [
          121.52782284510621,
          25.091004143800262
        ]
      },
      "properties": {
        "city": "臺北市",
        "district": "士林區",
        "category": "綠色商店",
        "name": "全家便利商店股份有限公司-福港店",
        "address": "111臺北市士林區前港街１２６號"
      }
    },
    {
      "type": "Feature",
      "geometry": {
        "type": "Point",
        "coordinates": [
          121.5297587517863,
          25.0662161203352
        ]
      },
      "properties": {
        "city": "臺北市",
        "district": "大同區",
        "category": "綠色商店",
        "name": "全家便利商店股份有限公司-福澤店",
        "address": "103臺北市大同區民權西路１４６號"
      }
    },
    {
      "type": "Feature",
      "geometry": {
        "type": "Point",
        "coordinates": [
          121.51888368079672,
          25.024283923748275
        ]
      },
      "properties": {
        "city": "臺北市",
        "district": "中正區",
        "category": "綠色商店",
        "name": "全家便利商店股份有限公司-福嶺店",
        "address": "100臺北市中正區牯嶺街４３號１樓"
      }
    },
    {
      "type": "Feature",
      "geometry": {
        "type": "Point",
        "coordinates": [
          121.58394400959116,
          25.068969938057712
        ]
      },
      "properties": {
        "city": "臺北市",
        "district": "內湖區",
        "category": "綠色商店",
        "name": "全家便利商店股份有限公司-精英店",
        "address": "114臺北市內湖區堤頂大道二段２４１號壹樓"
      }
    },
    {
      "type": "Feature",
      "geometry": {
        "type": "Point",
        "coordinates": [
          121.49064760901386,
          25.03171282408869
        ]
      },
      "properties": {
        "city": "臺北市",
        "district": "萬華區",
        "category": "綠色商店",
        "name": "全家便利商店股份有限公司-綠堤店",
        "address": "108臺北市萬華區環河南路二段１７３號"
      }
    },
    {
      "type": "Feature",
      "geometry": {
        "type": "Point",
        "coordinates": [
          121.52964843700038,
          25.068556669451894
        ]
      },
      "properties": {
        "city": "臺北市",
        "district": "中山區",
        "category": "綠色商店",
        "name": "全家便利商店股份有限公司-聚葉店",
        "address": "104臺北市中山區中山北路二段１３７巷３４號１樓"
      }
    },
    {
      "type": "Feature",
      "geometry": {
        "type": "Point",
        "coordinates": [
          121.55676768473268,
          25.033923722061846
        ]
      },
      "properties": {
        "city": "臺北市",
        "district": "大安區",
        "category": "綠色商店",
        "name": "全家便利商店股份有限公司-臺二店",
        "address": "106臺北市大安區羅斯福路四段１號第一學生活動中心側邊"
      }
    },
    {
      "type": "Feature",
      "geometry": {
        "type": "Point",
        "coordinates": [
          121.5402626175117,
          25.01650555847067
        ]
      },
      "properties": {
        "city": "臺北市",
        "district": "大安區",
        "category": "綠色商店",
        "name": "全家便利商店股份有限公司-臺大二活店",
        "address": "106臺北市大安區羅斯福路四段８５號（第二學生活動中心）"
      }
    },
    {
      "type": "Feature",
      "geometry": {
        "type": "Point",
        "coordinates": [
          121.53671838504636,
          25.01919652611977
        ]
      },
      "properties": {
        "city": "臺北市",
        "district": "大安區",
        "category": "綠色商店",
        "name": "全家便利商店股份有限公司-臺科大店",
        "address": "106臺北市大安區基隆路４段４３號地下一樓（活動中心地下"
      }
    },
    {
      "type": "Feature",
      "geometry": {
        "type": "Point",
        "coordinates": [
          121.53218658897912,
          25.014689785991067
        ]
      },
      "properties": {
        "city": "臺北市",
        "district": "大安區",
        "category": "綠色商店",
        "name": "全家便利商店股份有限公司-臺師大店",
        "address": "106臺北市大安區師大路９號地下一樓（男一舍）"
      }
    },
    {
      "type": "Feature",
      "geometry": {
        "type": "Point",
        "coordinates": [
          121.55624532698376,
          25.072836596501762
        ]
      },
      "properties": {
        "city": "臺北市",
        "district": "松山區",
        "category": "綠色商店",
        "name": "全家便利商店股份有限公司-臺視店",
        "address": "105臺北市松山區八德路三段１２巷５弄２號"
      }
    },
    {
      "type": "Feature",
      "geometry": {
        "type": "Point",
        "coordinates": [
          121.53811956635023,
          25.03972402133375
        ]
      },
      "properties": {
        "city": "臺北市",
        "district": "大安區",
        "category": "綠色商店",
        "name": "全家便利商店股份有限公司-臺新店",
        "address": "106臺北市大安區新生南路三段８４之８號"
      }
    },
    {
      "type": "Feature",
      "geometry": {
        "type": "Point",
        "coordinates": [
          121.50665547016409,
          25.046189692943074
        ]
      },
      "properties": {
        "city": "臺北市",
        "district": "中正區",
        "category": "綠色商店",
        "name": "全家便利商店股份有限公司-臺醫店",
        "address": "100臺北市中正區中山南路７號１樓"
      }
    },
    {
      "type": "Feature",
      "geometry": {
        "type": "Point",
        "coordinates": [
          121.5243020703308,
          25.02067711532133
        ]
      },
      "properties": {
        "city": "臺北市",
        "district": "中正區",
        "category": "綠色商店",
        "name": "全家便利商店股份有限公司-齊東店",
        "address": "100臺北市中正區濟南路二段３號之７，一樓"
      }
    },
    {
      "type": "Feature",
      "geometry": {
        "type": "Point",
        "coordinates": [
          121.56248654667156,
          25.05709371305476
        ]
      },
      "properties": {
        "city": "臺北市",
        "district": "松山區",
        "category": "綠色商店",
        "name": "全家便利商店股份有限公司-德光店",
        "address": "105臺北市松山區八德路三段１０６巷６０號"
      }
    },
    {
      "type": "Feature",
      "geometry": {
        "type": "Point",
        "coordinates": [
          121.53455504510184,
          25.07789976025231
        ]
      },
      "properties": {
        "city": "臺北市",
        "district": "士林區",
        "category": "綠色商店",
        "name": "全家便利商店股份有限公司-德行店",
        "address": "111臺北市士林區德行東路１０９巷３號"
      }
    },
    {
      "type": "Feature",
      "geometry": {
        "type": "Point",
        "coordinates": [
          121.54089531266405,
          25.052457439080662
        ]
      },
      "properties": {
        "city": "臺北市",
        "district": "中山區",
        "category": "綠色商店",
        "name": "全家便利商店股份有限公司-德惠店",
        "address": "104臺北市中山區吉林路４４８號"
      }
    },
    {
      "type": "Feature",
      "geometry": {
        "type": "Point",
        "coordinates": [
          121.54433461099309,
          25.06556223058513
        ]
      },
      "properties": {
        "city": "臺北市",
        "district": "松山區",
        "category": "綠色商店",
        "name": "全家便利商店股份有限公司-慶城店",
        "address": "105臺北市松山區中正里慶城街８號"
      }
    },
    {
      "type": "Feature",
      "geometry": {
        "type": "Point",
        "coordinates": [
          121.50757336689162,
          25.069946237580243
        ]
      },
      "properties": {
        "city": "臺北市",
        "district": "大同區",
        "category": "綠色商店",
        "name": "全家便利商店股份有限公司-慶權店",
        "address": "103臺北市大同區重慶北路二段２６３號１樓"
      }
    },
    {
      "type": "Feature",
      "geometry": {
        "type": "Point",
        "coordinates": [
          121.51634092952989,
          25.026357083399905
        ]
      },
      "properties": {
        "city": "臺北市",
        "district": "中正區",
        "category": "綠色商店",
        "name": "全家便利商店股份有限公司-摩天店",
        "address": "100臺北市中正區許昌街２６號"
      }
    },
    {
      "type": "Feature",
      "geometry": {
        "type": "Point",
        "coordinates": [
          121.54140777665951,
          25.06685365714051
        ]
      },
      "properties": {
        "city": "臺北市",
        "district": "中山區",
        "category": "綠色商店",
        "name": "全家便利商店股份有限公司-撫順店",
        "address": "104臺北市中山區撫順街１２之２號１樓"
      }
    },
    {
      "type": "Feature",
      "geometry": {
        "type": "Point",
        "coordinates": [
          121.56640942657944,
          25.065126324738642
        ]
      },
      "properties": {
        "city": "臺北市",
        "district": "松山區",
        "category": "綠色商店",
        "name": "全家便利商店股份有限公司-撫遠店",
        "address": "105臺北市松山區新東街６０巷１７號"
      }
    },
    {
      "type": "Feature",
      "geometry": {
        "type": "Point",
        "coordinates": [
          121.53067926006777,
          25.0324124274938
        ]
      },
      "properties": {
        "city": "臺北市",
        "district": "大安區",
        "category": "綠色商店",
        "name": "全家便利商店股份有限公司-樂利店",
        "address": "106臺北市大安區通化街１６８號之２號"
      }
    },
    {
      "type": "Feature",
      "geometry": {
        "type": "Point",
        "coordinates": [
          121.52234115843673,
          25.068037796357416
        ]
      },
      "properties": {
        "city": "臺北市",
        "district": "中山區",
        "category": "綠色商店",
        "name": "全家便利商店股份有限公司-樂群店",
        "address": "104臺北市中山區樂群二路１８６號"
      }
    },
    {
      "type": "Feature",
      "geometry": {
        "type": "Point",
        "coordinates": [
          121.54982021403981,
          25.02015074447527
        ]
      },
      "properties": {
        "city": "臺北市",
        "district": "大安區",
        "category": "綠色商店",
        "name": "全家便利商店股份有限公司-興仁店",
        "address": "106臺北市大安區復興南路一段２１７號"
      }
    },
    {
      "type": "Feature",
      "geometry": {
        "type": "Point",
        "coordinates": [
          121.57297470810299,
          25.062994058948536
        ]
      },
      "properties": {
        "city": "臺北市",
        "district": "松山區",
        "category": "綠色商店",
        "name": "全家便利商店股份有限公司-興北店",
        "address": "105臺北市松山區民權東路三段１０３巷１５—１號"
      }
    },
    {
      "type": "Feature",
      "geometry": {
        "type": "Point",
        "coordinates": [
          121.53060324233073,
          25.06053438681856
        ]
      },
      "properties": {
        "city": "臺北市",
        "district": "中山區",
        "category": "綠色商店",
        "name": "全家便利商店股份有限公司-興安店",
        "address": "104臺北市中山區興安街５７號"
      }
    },
    {
      "type": "Feature",
      "geometry": {
        "type": "Point",
        "coordinates": [
          121.54436152475672,
          25.015348450648556
        ]
      },
      "properties": {
        "city": "臺北市",
        "district": "大安區",
        "category": "綠色商店",
        "name": "全家便利商店股份有限公司-興和店",
        "address": "106臺北市大安區復興南路二段１５３號"
      }
    },
    {
      "type": "Feature",
      "geometry": {
        "type": "Point",
        "coordinates": [
          121.53999847865812,
          25.022408798230508
        ]
      },
      "properties": {
        "city": "臺北市",
        "district": "大安區",
        "category": "綠色商店",
        "name": "全家便利商店股份有限公司-興忠店",
        "address": "106臺北市大安區復興南路一段２００號"
      }
    },
    {
      "type": "Feature",
      "geometry": {
        "type": "Point",
        "coordinates": [
          121.57064129618901,
          24.99970792841584
        ]
      },
      "properties": {
        "city": "臺北市",
        "district": "文山區",
        "category": "綠色商店",
        "name": "全家便利商店股份有限公司-興昌店",
        "address": "116臺北市文山區辛亥路４段１０１巷１號"
      }
    },
    {
      "type": "Feature",
      "geometry": {
        "type": "Point",
        "coordinates": [
          121.56160777330982,
          24.99256542834675
        ]
      },
      "properties": {
        "city": "臺北市",
        "district": "文山區",
        "category": "綠色商店",
        "name": "全家便利商店股份有限公司-興欣店",
        "address": "116臺北市文山區興隆路二段２０５號"
      }
    },
    {
      "type": "Feature",
      "geometry": {
        "type": "Point",
        "coordinates": [
          121.55520928134851,
          25.021256393330894
        ]
      },
      "properties": {
        "city": "臺北市",
        "district": "大安區",
        "category": "綠色商店",
        "name": "全家便利商店股份有限公司-興南店",
        "address": "106臺北市大安區復興南路二段８，１０號"
      }
    },
    {
      "type": "Feature",
      "geometry": {
        "type": "Point",
        "coordinates": [
          121.58421395195936,
          24.99820494274942
        ]
      },
      "properties": {
        "city": "臺北市",
        "district": "文山區",
        "category": "綠色商店",
        "name": "全家便利商店股份有限公司-興崙店",
        "address": "116臺北市文山區興隆路四段５０之１號"
      }
    },
    {
      "type": "Feature",
      "geometry": {
        "type": "Point",
        "coordinates": [
          121.59796302250092,
          25.07950733637599
        ]
      },
      "properties": {
        "city": "臺北市",
        "district": "內湖區",
        "category": "綠色商店",
        "name": "全家便利商店股份有限公司-興盛店",
        "address": "114臺北市內湖區新明路１８２號"
      }
    },
    {
      "type": "Feature",
      "geometry": {
        "type": "Point",
        "coordinates": [
          121.59720727473481,
          25.05926553734129
        ]
      },
      "properties": {
        "city": "臺北市",
        "district": "南港區",
        "category": "綠色商店",
        "name": "全家便利商店股份有限公司-興華店",
        "address": "115臺北市南港區興華路８６號"
      }
    },
    {
      "type": "Feature",
      "geometry": {
        "type": "Point",
        "coordinates": [
          121.57478598282881,
          25.034002638177533
        ]
      },
      "properties": {
        "city": "臺北市",
        "district": "信義區",
        "category": "綠色商店",
        "name": "全家便利商店股份有限公司-興雅店",
        "address": "110臺北市信義區虎林街２２２巷７９號"
      }
    },
    {
      "type": "Feature",
      "geometry": {
        "type": "Point",
        "coordinates": [
          121.5899082668058,
          24.985341318276692
        ]
      },
      "properties": {
        "city": "臺北市",
        "district": "文山區",
        "category": "綠色商店",
        "name": "全家便利商店股份有限公司-興園店",
        "address": "116臺北市文山區興業里興隆路二段２２０巷３３號"
      }
    },
    {
      "type": "Feature",
      "geometry": {
        "type": "Point",
        "coordinates": [
          121.58324379431815,
          24.99647952546932
        ]
      },
      "properties": {
        "city": "臺北市",
        "district": "文山區",
        "category": "綠色商店",
        "name": "全家便利商店股份有限公司-興業店",
        "address": "116臺北市文山區興隆路二段２７９號"
      }
    },
    {
      "type": "Feature",
      "geometry": {
        "type": "Point",
        "coordinates": [
          121.53296703389428,
          25.055749345664832
        ]
      },
      "properties": {
        "city": "臺北市",
        "district": "中山區",
        "category": "綠色商店",
        "name": "全家便利商店股份有限公司-興德店",
        "address": "104臺北市中山區復興南路一段３８號"
      }
    },
    {
      "type": "Feature",
      "geometry": {
        "type": "Point",
        "coordinates": [
          121.5191025841733,
          25.07881433512392
        ]
      },
      "properties": {
        "city": "臺北市",
        "district": "中山區",
        "category": "綠色商店",
        "name": "全家便利商店股份有限公司-衡山店",
        "address": "104臺北市中山區通北街１１１號"
      }
    },
    {
      "type": "Feature",
      "geometry": {
        "type": "Point",
        "coordinates": [
          121.54135687089371,
          25.05394712252527
        ]
      },
      "properties": {
        "city": "臺北市",
        "district": "中山區",
        "category": "綠色商店",
        "name": "全家便利商店股份有限公司-錦江店",
        "address": "104臺北市中山區錦州街２１５號"
      }
    },
    {
      "type": "Feature",
      "geometry": {
        "type": "Point",
        "coordinates": [
          121.53467937333374,
          25.068822728103147
        ]
      },
      "properties": {
        "city": "臺北市",
        "district": "中山區",
        "category": "綠色商店",
        "name": "全家便利商店股份有限公司-錦西店",
        "address": "104臺北市中山區錦西街８號"
      }
    },
    {
      "type": "Feature",
      "geometry": {
        "type": "Point",
        "coordinates": [
          121.53707650961081,
          25.072252411101605
        ]
      },
      "properties": {
        "city": "臺北市",
        "district": "中山區",
        "category": "綠色商店",
        "name": "全家便利商店股份有限公司-錦原店",
        "address": "104臺北市中山區中原街１０１號１樓"
      }
    },
    {
      "type": "Feature",
      "geometry": {
        "type": "Point",
        "coordinates": [
          121.56793420599375,
          24.992411806675772
        ]
      },
      "properties": {
        "city": "臺北市",
        "district": "文山區",
        "category": "綠色商店",
        "name": "全家便利商店股份有限公司-靜心店",
        "address": "116臺北市文山區興隆路二段７３號"
      }
    },
    {
      "type": "Feature",
      "geometry": {
        "type": "Point",
        "coordinates": [
          121.52513724693924,
          25.03210956979104
        ]
      },
      "properties": {
        "city": "臺北市",
        "district": "中正區",
        "category": "綠色商店",
        "name": "全家便利商店股份有限公司-館中店",
        "address": "100臺北市中正區羅斯福路三段３１６巷８弄１號１樓"
      }
    },
    {
      "type": "Feature",
      "geometry": {
        "type": "Point",
        "coordinates": [
          121.54056915449388,
          25.01358973451621
        ]
      },
      "properties": {
        "city": "臺北市",
        "district": "大安區",
        "category": "綠色商店",
        "name": "全家便利商店股份有限公司-龍普店",
        "address": "106臺北市大安區忠孝東路４段１７０巷６弄２號"
      }
    },
    {
      "type": "Feature",
      "geometry": {
        "type": "Point",
        "coordinates": [
          121.52198665086343,
          25.0786746891651
        ]
      },
      "properties": {
        "city": "臺北市",
        "district": "中山區",
        "category": "綠色商店",
        "name": "全家便利商店股份有限公司-濱江店",
        "address": "104臺北市中山區建國北路三段１１１號１樓"
      }
    },
    {
      "type": "Feature",
      "geometry": {
        "type": "Point",
        "coordinates": [
          121.57696211754691,
          25.073865533414818
        ]
      },
      "properties": {
        "city": "臺北市",
        "district": "內湖區",
        "category": "綠色商店",
        "name": "全家便利商店股份有限公司-環山店",
        "address": "114臺北市內湖區環山路一段５號"
      }
    },
    {
      "type": "Feature",
      "geometry": {
        "type": "Point",
        "coordinates": [
          121.512284770883,
          25.046785988490363
        ]
      },
      "properties": {
        "city": "臺北市",
        "district": "萬華區",
        "category": "綠色商店",
        "name": "全家便利商店股份有限公司-環南店",
        "address": "108臺北市萬華區環河南路二段２９８號"
      }
    },
    {
      "type": "Feature",
      "geometry": {
        "type": "Point",
        "coordinates": [
          121.57976563399905,
          25.07867499254061
        ]
      },
      "properties": {
        "city": "臺北市",
        "district": "內湖區",
        "category": "綠色商店",
        "name": "全家便利商店股份有限公司-環德店",
        "address": "114臺北市內湖區港華里環山路二段５５號１樓"
      }
    },
    {
      "type": "Feature",
      "geometry": {
        "type": "Point",
        "coordinates": [
          121.53157679809087,
          25.09399606402043
        ]
      },
      "properties": {
        "city": "臺北市",
        "district": "士林區",
        "category": "綠色商店",
        "name": "全家便利商店股份有限公司-磺溪店",
        "address": "111臺北市士林區天母西路４０－１號"
      }
    },
    {
      "type": "Feature",
      "geometry": {
        "type": "Point",
        "coordinates": [
          121.57211084310174,
          25.02386195345627
        ]
      },
      "properties": {
        "city": "臺北市",
        "district": "信義區",
        "category": "綠色商店",
        "name": "全家便利商店股份有限公司-聯合店",
        "address": "110臺北市信義區忠孝東路四段５５３巷６弄１７號１樓"
      }
    },
    {
      "type": "Feature",
      "geometry": {
        "type": "Point",
        "coordinates": [
          121.54459269406517,
          25.045219959465697
        ]
      },
      "properties": {
        "city": "臺北市",
        "district": "松山區",
        "category": "綠色商店",
        "name": "全家便利商店股份有限公司-豐禾店",
        "address": "105臺北市松山區民生東路三段１３０巷５弄２號"
      }
    },
    {
      "type": "Feature",
      "geometry": {
        "type": "Point",
        "coordinates": [
          121.54768464235917,
          25.048851117016344
        ]
      },
      "properties": {
        "city": "臺北市",
        "district": "松山區",
        "category": "綠色商店",
        "name": "全家便利商店股份有限公司-豐華店",
        "address": "105臺北市松山區民生東路三段１１３巷６弄１號一樓"
      }
    },
    {
      "type": "Feature",
      "geometry": {
        "type": "Point",
        "coordinates": [
          121.56313523667073,
          25.072799515997822
        ]
      },
      "properties": {
        "city": "臺北市",
        "district": "松山區",
        "category": "綠色商店",
        "name": "全家便利商店股份有限公司-豐興店",
        "address": "105臺北市松山區民生東路三段１３０巷５弄２２號"
      }
    },
    {
      "type": "Feature",
      "geometry": {
        "type": "Point",
        "coordinates": [
          121.5201827467462,
          25.05637838704338
        ]
      },
      "properties": {
        "city": "臺北市",
        "district": "中山區",
        "category": "綠色商店",
        "name": "全家便利商店股份有限公司-雙城店",
        "address": "104臺北市中山區雙城街１２之１號"
      }
    },
    {
      "type": "Feature",
      "geometry": {
        "type": "Point",
        "coordinates": [
          121.53315954319858,
          25.050506115617114
        ]
      },
      "properties": {
        "city": "臺北市",
        "district": "中山區",
        "category": "綠色商店",
        "name": "全家便利商店股份有限公司-雙權店",
        "address": "104臺北市中山區雙城街１號１樓"
      }
    },
    {
      "type": "Feature",
      "geometry": {
        "type": "Point",
        "coordinates": [
          121.54368724727287,
          25.023353468831612
        ]
      },
      "properties": {
        "city": "臺北市",
        "district": "大安區",
        "category": "綠色商店",
        "name": "全家便利商店股份有限公司-懷生店",
        "address": "106臺北市大安區復興南路１段７０號"
      }
    },
    {
      "type": "Feature",
      "geometry": {
        "type": "Point",
        "coordinates": [
          121.54779247795909,
          25.019463336008318
        ]
      },
      "properties": {
        "city": "臺北市",
        "district": "大安區",
        "category": "綠色商店",
        "name": "全家便利商店股份有限公司-羅中店",
        "address": "106臺北市大安區羅斯福路二段１７號１Ｆ"
      }
    },
    {
      "type": "Feature",
      "geometry": {
        "type": "Point",
        "coordinates": [
          121.58491198704205,
          25.066279728719213
        ]
      },
      "properties": {
        "city": "臺北市",
        "district": "內湖區",
        "category": "綠色商店",
        "name": "全家便利商店股份有限公司-麗山店",
        "address": "114臺北市內湖區內湖路一段７３７巷４９號"
      }
    },
    {
      "type": "Feature",
      "geometry": {
        "type": "Point",
        "coordinates": [
          121.49706876455976,
          25.035161902158865
        ]
      },
      "properties": {
        "city": "臺北市",
        "district": "萬華區",
        "category": "綠色商店",
        "name": "全家便利商店股份有限公司-寶元店",
        "address": "108臺北市萬華區寶興街４０號"
      }
    },
    {
      "type": "Feature",
      "geometry": {
        "type": "Point",
        "coordinates": [
          121.57105561150713,
          25.046012859774876
        ]
      },
      "properties": {
        "city": "臺北市",
        "district": "松山區",
        "category": "綠色商店",
        "name": "全家便利商店股份有限公司-寶清店",
        "address": "105臺北市松山區八德路四段５９８號１樓"
      }
    },
    {
      "type": "Feature",
      "geometry": {
        "type": "Point",
        "coordinates": [
          121.5314868556077,
          25.0344358411525
        ]
      },
      "properties": {
        "city": "臺北市",
        "district": "中正區",
        "category": "綠色商店",
        "name": "全家便利商店股份有限公司-寶慶店",
        "address": "100臺北市中正區延平南路１１１號"
      }
    },
    {
      "type": "Feature",
      "geometry": {
        "type": "Point",
        "coordinates": [
          121.50973103429122,
          25.03543277339088
        ]
      },
      "properties": {
        "city": "臺北市",
        "district": "萬華區",
        "category": "綠色商店",
        "name": "全家便利商店股份有限公司-寶興店",
        "address": "108臺北市萬華區寶興街７８號"
      }
    },
    {
      "type": "Feature",
      "geometry": {
        "type": "Point",
        "coordinates": [
          121.50291554154887,
          25.065525181325842
        ]
      },
      "properties": {
        "city": "臺北市",
        "district": "大同區",
        "category": "綠色商店",
        "name": "全家便利商店股份有限公司-蘭州店",
        "address": "103臺北市大同區大龍街２１７號１樓"
      }
    },
    {
      "type": "Feature",
      "geometry": {
        "type": "Point",
        "coordinates": [
          121.51047169796004,
          25.085082760290604
        ]
      },
      "properties": {
        "city": "臺北市",
        "district": "士林區",
        "category": "綠色商店",
        "name": "全家便利商店股份有限公司-蘭雅店",
        "address": "111臺北市士林區忠誠路二段５０巷１０號"
      }
    },
    {
      "type": "Feature",
      "geometry": {
        "type": "Point",
        "coordinates": [
          121.57876436500958,
          24.982355148839545
        ]
      },
      "properties": {
        "city": "臺北市",
        "district": "文山區",
        "category": "綠色商店",
        "name": "全家便利商店股份有限公司-鑫順店",
        "address": "116台北市文山區忠順街二段１６號"
      }
    },
    {
      "type": "Feature",
      "geometry": {
        "type": "Point",
        "coordinates": [
          121.57150188129334,
          25.061466066824824
        ]
      },
      "properties": {
        "city": "臺北市",
        "district": "松山區",
        "category": "綠色商店",
        "name": "全國電子股份有公司台北市第二十六分公司",
        "address": "105臺北市松山區民生東路五段72號"
      }
    },
    {
      "type": "Feature",
      "geometry": {
        "type": "Point",
        "coordinates": [
          121.58555708171247,
          24.980137591715074
        ]
      },
      "properties": {
        "city": "臺北市",
        "district": "文山區",
        "category": "綠色商店",
        "name": "全國電子股份有公司台北市第三十七分公司全國電子台北木新門市",
        "address": "116臺北市文山區木新路三段180號1樓"
      }
    },
    {
      "type": "Feature",
      "geometry": {
        "type": "Point",
        "coordinates": [
          121.52819324837726,
          25.07416925069287
        ]
      },
      "properties": {
        "city": "臺北市",
        "district": "大同區",
        "category": "綠色商店",
        "name": "全國電子股份有公司台北市第三十三分公司",
        "address": "103臺北市大同區酒泉街111號"
      }
    },
    {
      "type": "Feature",
      "geometry": {
        "type": "Point",
        "coordinates": [
          121.52978860875676,
          25.10262014799226
        ]
      },
      "properties": {
        "city": "臺北市",
        "district": "士林區",
        "category": "綠色商店",
        "name": "全國電子股份有公司台北市第五十分公司",
        "address": "111台北市士林區延平北路五段250.252號"
      }
    },
    {
      "type": "Feature",
      "geometry": {
        "type": "Point",
        "coordinates": [
          121.56232101552976,
          25.064978772207166
        ]
      },
      "properties": {
        "city": "臺北市",
        "district": "松山區",
        "category": "綠色商店",
        "name": "全國電子股份有公司台北市第四十七分公司",
        "address": "105臺北市松山區建國北路二段123號"
      }
    },
    {
      "type": "Feature",
      "geometry": {
        "type": "Point",
        "coordinates": [
          121.55541022236005,
          25.047744379265957
        ]
      },
      "properties": {
        "city": "臺北市",
        "district": "松山區",
        "category": "綠色商店",
        "name": "全國電子股份有公司台北市第四十九分公司",
        "address": "105台北市松山區復興北路331號"
      }
    },
    {
      "type": "Feature",
      "geometry": {
        "type": "Point",
        "coordinates": [
          121.50771233873498,
          25.020685243522486
        ]
      },
      "properties": {
        "city": "臺北市",
        "district": "中正區",
        "category": "綠色商店",
        "name": "全國電子股份有公司台北市第四十八分公司",
        "address": "100臺北市中正區新生南路一段102號"
      }
    },
    {
      "type": "Feature",
      "geometry": {
        "type": "Point",
        "coordinates": [
          121.49549068905175,
          25.13334192916586
        ]
      },
      "properties": {
        "city": "臺北市",
        "district": "北投區",
        "category": "綠色商店",
        "name": "全國電子股份有限公司台北市第一分公司",
        "address": "112臺北市北投區中央北路1段138號"
      }
    },
    {
      "type": "Feature",
      "geometry": {
        "type": "Point",
        "coordinates": [
          121.60227917950917,
          25.06779042939708
        ]
      },
      "properties": {
        "city": "臺北市",
        "district": "南港區",
        "category": "綠色商店",
        "name": "全國電子股份有限公司台北市第七分公司",
        "address": "115臺北市南港區忠孝東路5段984號"
      }
    },
    {
      "type": "Feature",
      "geometry": {
        "type": "Point",
        "coordinates": [
          121.57767248911111,
          25.075014026724
        ]
      },
      "properties": {
        "city": "臺北市",
        "district": "內湖區",
        "category": "綠色商店",
        "name": "全國電子股份有限公司台北市第九分公司",
        "address": "114臺北市內湖區成功路4段155號"
      }
    },
    {
      "type": "Feature",
      "geometry": {
        "type": "Point",
        "coordinates": [
          121.5005166261508,
          25.0456917248045
        ]
      },
      "properties": {
        "city": "臺北市",
        "district": "萬華區",
        "category": "綠色商店",
        "name": "全國電子股份有限公司台北市第二十一分公司",
        "address": "108臺北市萬華區中華路二段436號"
      }
    },
    {
      "type": "Feature",
      "geometry": {
        "type": "Point",
        "coordinates": [
          121.52581499762465,
          25.025415434381266
        ]
      },
      "properties": {
        "city": "臺北市",
        "district": "中正區",
        "category": "綠色商店",
        "name": "全國電子股份有限公司台北市第二十七分公司",
        "address": "100臺北市中正區南昌路2段206號"
      }
    },
    {
      "type": "Feature",
      "geometry": {
        "type": "Point",
        "coordinates": [
          121.49512537988511,
          25.125615435837496
        ]
      },
      "properties": {
        "city": "臺北市",
        "district": "北投區",
        "category": "綠色商店",
        "name": "全國電子股份有限公司台北市第二十九分公司",
        "address": "112臺北市北投區泉源路12-1號"
      }
    },
    {
      "type": "Feature",
      "geometry": {
        "type": "Point",
        "coordinates": [
          121.51905679594074,
          25.048637270366367
        ]
      },
      "properties": {
        "city": "臺北市",
        "district": "大同區",
        "category": "綠色商店",
        "name": "全國電子股份有限公司台北市第二十二分公司",
        "address": "103臺北市大同區重慶北路2段100-106號"
      }
    },
    {
      "type": "Feature",
      "geometry": {
        "type": "Point",
        "coordinates": [
          121.51416525527435,
          25.10078474869843
        ]
      },
      "properties": {
        "city": "臺北市",
        "district": "士林區",
        "category": "綠色商店",
        "name": "全國電子股份有限公司台北市第二十八分公司",
        "address": "111臺北市士林區天母北路8號"
      }
    },
    {
      "type": "Feature",
      "geometry": {
        "type": "Point",
        "coordinates": [
          121.51213593889393,
          25.07734105485395
        ]
      },
      "properties": {
        "city": "臺北市",
        "district": "士林區",
        "category": "綠色商店",
        "name": "全國電子股份有限公司台北市第二十三分公司",
        "address": "111臺北市士林區福佳里文林路448號"
      }
    },
    {
      "type": "Feature",
      "geometry": {
        "type": "Point",
        "coordinates": [
          121.5741193693525,
          24.976595560421302
        ]
      },
      "properties": {
        "city": "臺北市",
        "district": "文山區",
        "category": "綠色商店",
        "name": "全國電子股份有限公司台北市第八分公司",
        "address": "116臺北市文山區興隆路2段333號"
      }
    },
    {
      "type": "Feature",
      "geometry": {
        "type": "Point",
        "coordinates": [
          121.56428666671677,
          24.992836085666102
        ]
      },
      "properties": {
        "city": "臺北市",
        "district": "文山區",
        "category": "綠色商店",
        "name": "全國電子股份有限公司台北市第十八分公司",
        "address": "116臺北市文山區羅斯福路5段238號1-2樓"
      }
    },
    {
      "type": "Feature",
      "geometry": {
        "type": "Point",
        "coordinates": [
          121.53133450305494,
          25.078124237949577
        ]
      },
      "properties": {
        "city": "臺北市",
        "district": "士林區",
        "category": "綠色商店",
        "name": "全國電子股份有限公司台北市第十三分公司",
        "address": "111臺北市士林區承德路4段128號"
      }
    },
    {
      "type": "Feature",
      "geometry": {
        "type": "Point",
        "coordinates": [
          121.60342784000927,
          25.06021693507351
        ]
      },
      "properties": {
        "city": "臺北市",
        "district": "內湖區",
        "category": "綠色商店",
        "name": "全國電子股份有限公司台北市第十五分公司",
        "address": "114臺北市內湖區東湖路84號"
      }
    },
    {
      "type": "Feature",
      "geometry": {
        "type": "Point",
        "coordinates": [
          121.55496338112569,
          25.07243287186125
        ]
      },
      "properties": {
        "city": "臺北市",
        "district": "松山區",
        "category": "綠色商店",
        "name": "全國電子股份有限公司台北市第十分公司",
        "address": "105臺北市松山區八德路三段103號"
      }
    },
    {
      "type": "Feature",
      "geometry": {
        "type": "Point",
        "coordinates": [
          121.57119062035383,
          25.060422318312092
        ]
      },
      "properties": {
        "city": "臺北市",
        "district": "松山區",
        "category": "綠色商店",
        "name": "全國電子股份有限公司台北市第三十一分公司",
        "address": "105臺北市松山區南京東路5段46號"
      }
    },
    {
      "type": "Feature",
      "geometry": {
        "type": "Point",
        "coordinates": [
          121.5107866161569,
          25.02511068585373
        ]
      },
      "properties": {
        "city": "臺北市",
        "district": "萬華區",
        "category": "綠色商店",
        "name": "全國電子股份有限公司台北市第三十九分公司",
        "address": "108臺北市萬華區西園路2段243號"
      }
    },
    {
      "type": "Feature",
      "geometry": {
        "type": "Point",
        "coordinates": [
          121.55098570878775,
          25.019148104502833
        ]
      },
      "properties": {
        "city": "臺北市",
        "district": "大安區",
        "category": "綠色商店",
        "name": "全國電子股份有限公司台北市第三十二分公司",
        "address": "106臺北市大安區樂業街152號"
      }
    },
    {
      "type": "Feature",
      "geometry": {
        "type": "Point",
        "coordinates": [
          121.58103176912029,
          24.99052555680788
        ]
      },
      "properties": {
        "city": "臺北市",
        "district": "文山區",
        "category": "綠色商店",
        "name": "全國電子股份有限公司台北市第三十八分公司",
        "address": "116臺北市文山區木柵路3段63、65號"
      }
    },
    {
      "type": "Feature",
      "geometry": {
        "type": "Point",
        "coordinates": [
          121.53984243124447,
          25.053111620664286
        ]
      },
      "properties": {
        "city": "臺北市",
        "district": "中山區",
        "category": "綠色商店",
        "name": "全國電子股份有限公司台北市第三十六分公司",
        "address": "104臺北市中山區北安路577號"
      }
    },
    {
      "type": "Feature",
      "geometry": {
        "type": "Point",
        "coordinates": [
          121.49560940999874,
          25.026210684919374
        ]
      },
      "properties": {
        "city": "臺北市",
        "district": "萬華區",
        "category": "綠色商店",
        "name": "全國電子股份有限公司台北市第三十四分公司",
        "address": "108臺北市萬華區萬大路241號"
      }
    },
    {
      "type": "Feature",
      "geometry": {
        "type": "Point",
        "coordinates": [
          121.53859936275687,
          25.034403486378583
        ]
      },
      "properties": {
        "city": "臺北市",
        "district": "大安區",
        "category": "綠色商店",
        "name": "全國電子股份有限公司台北市第五分公司",
        "address": "106臺北市大安區通化街26號"
      }
    },
    {
      "type": "Feature",
      "geometry": {
        "type": "Point",
        "coordinates": [
          121.49167272385716,
          25.141535013079785
        ]
      },
      "properties": {
        "city": "臺北市",
        "district": "北投區",
        "category": "綠色商店",
        "name": "全國電子股份有限公司台北市第六分公司",
        "address": "112臺北市北投區石牌路1段79號"
      }
    },
    {
      "type": "Feature",
      "geometry": {
        "type": "Point",
        "coordinates": [
          121.59794185942378,
          25.065575904618978
        ]
      },
      "properties": {
        "city": "臺北市",
        "district": "內湖區",
        "category": "綠色商店",
        "name": "全國電子股份有限公司台北市第四十一分公司",
        "address": "114臺北市內湖區成功路三段158號"
      }
    },
    {
      "type": "Feature",
      "geometry": {
        "type": "Point",
        "coordinates": [
          121.51229255953025,
          25.09393389673838
        ]
      },
      "properties": {
        "city": "臺北市",
        "district": "士林區",
        "category": "綠色商店",
        "name": "全國電子股份有限公司台北市第四十二分公司",
        "address": "111臺北市士林區德行東路226號"
      }
    },
    {
      "type": "Feature",
      "geometry": {
        "type": "Point",
        "coordinates": [
          121.58073307028778,
          25.003981018176084
        ]
      },
      "properties": {
        "city": "臺北市",
        "district": "文山區",
        "category": "綠色商店",
        "name": "全國電子股份有限公司台北市第四十五分公司",
        "address": "116臺北市文山區景興路217號"
      }
    },
    {
      "type": "Feature",
      "geometry": {
        "type": "Point",
        "coordinates": [
          121.59999570834371,
          25.067280690572403
        ]
      },
      "properties": {
        "city": "臺北市",
        "district": "南港區",
        "category": "綠色商店",
        "name": "全國電子股份有限公司台北市第四十六分公司",
        "address": "115臺北市南港區成福路4號"
      }
    },
    {
      "type": "Feature",
      "geometry": {
        "type": "Point",
        "coordinates": [
          121.5479405288067,
          25.07832642788203
        ]
      },
      "properties": {
        "city": "臺北市",
        "district": "中山區",
        "category": "綠色商店",
        "name": "全國電子股份有限公司台北市第四十分公司",
        "address": "104臺北市中山區民權東路二段73號"
      }
    },
    {
      "type": "Feature",
      "geometry": {
        "type": "Point",
        "coordinates": [
          121.5440607730525,
          25.035899707217805
        ]
      },
      "properties": {
        "city": "臺北市",
        "district": "大安區",
        "category": "綠色商店",
        "name": "全國電子股份有限公司台北市第四十四分公司",
        "address": "106臺北市大安區和平東路二段78號"
      }
    },
    {
      "type": "Feature",
      "geometry": {
        "type": "Point",
        "coordinates": [
          121.50463679652385,
          25.126666782077095
        ]
      },
      "properties": {
        "city": "臺北市",
        "district": "北投區",
        "category": "綠色商店",
        "name": "全勝汽車股份有限公司",
        "address": "112台北市北投區大業路258號1樓"
      }
    },
    {
      "type": "Feature",
      "geometry": {
        "type": "Point",
        "coordinates": [
          121.57074455055786,
          25.065828830064902
        ]
      },
      "properties": {
        "city": "臺北市",
        "district": "松山區",
        "category": "綠色商店",
        "name": "全勝汽車股份有限公司松山分公司",
        "address": "105台北市松山區光復北路81號"
      }
    },
    {
      "type": "Feature",
      "geometry": {
        "type": "Point",
        "coordinates": [
          121.53402470902456,
          25.05475479227641
        ]
      },
      "properties": {
        "city": "臺北市",
        "district": "中山區",
        "category": "綠色商店",
        "name": "全勝汽車股份有限公司松江分公司",
        "address": "104台北市中山區濱江街211號"
      }
    },
    {
      "type": "Feature",
      "geometry": {
        "type": "Point",
        "coordinates": [
          121.491828671757,
          25.04780823536107
        ]
      },
      "properties": {
        "city": "臺北市",
        "district": "",
        "category": "綠色商店",
        "name": "固德汽車股份有限公司仁愛分公司",
        "address": "106台北市基隆路二段180號"
      }
    },
    {
      "type": "Feature",
      "geometry": {
        "type": "Point",
        "coordinates": [
          121.52127450571619,
          25.048743036006606
        ]
      },
      "properties": {
        "city": "臺北市",
        "district": "大同區",
        "category": "綠色商店",
        "name": "承德傢俱生活館",
        "address": "103臺北市大同區承德路3段3號"
      }
    },
    {
      "type": "Feature",
      "geometry": {
        "type": "Point",
        "coordinates": [
          121.56571678181294,
          25.003564003976454
        ]
      },
      "properties": {
        "city": "臺北市",
        "district": "文山區",
        "category": "綠色商店",
        "name": "美德傢俱有限公司",
        "address": "116臺北市文山區羅斯福路六段437號1樓"
      }
    },
    {
      "type": "Feature",
      "geometry": {
        "type": "Point",
        "coordinates": [
          121.55122948934056,
          25.070387957460138
        ]
      },
      "properties": {
        "city": "臺北市",
        "district": "松山區",
        "category": "綠色商店",
        "name": "家福股份有限公司三民分公司",
        "address": "105臺北市松山區三民路160號"
      }
    },
    {
      "type": "Feature",
      "geometry": {
        "type": "Point",
        "coordinates": [
          121.49358142368692,
          25.14071555184061
        ]
      },
      "properties": {
        "city": "臺北市",
        "district": "北投區",
        "category": "綠色商店",
        "name": "家福股份有限公司北投分公司",
        "address": "112臺北市北投區中和街366號"
      }
    },
    {
      "type": "Feature",
      "geometry": {
        "type": "Point",
        "coordinates": [
          121.5267947167687,
          25.066016209790693
        ]
      },
      "properties": {
        "city": "臺北市",
        "district": "中山區",
        "category": "綠色商店",
        "name": "家福股份有限公司台北大直分公司",
        "address": "104臺北市中山區樂群三路218號2F"
      }
    },
    {
      "type": "Feature",
      "geometry": {
        "type": "Point",
        "coordinates": [
          121.59718131595768,
          25.07242872580036
        ]
      },
      "properties": {
        "city": "臺北市",
        "district": "內湖區",
        "category": "綠色商店",
        "name": "家福股份有限公司台北內湖分公司",
        "address": "114臺北市內湖區民善街88號"
      }
    },
    {
      "type": "Feature",
      "geometry": {
        "type": "Point",
        "coordinates": [
          121.52933677624243,
          25.07694833125722
        ]
      },
      "properties": {
        "city": "臺北市",
        "district": "士林區",
        "category": "綠色商店",
        "name": "家福股份有限公司台北天母分公司",
        "address": "111臺北市士林區德行西路47號"
      }
    },
    {
      "type": "Feature",
      "geometry": {
        "type": "Point",
        "coordinates": [
          121.56479914767273,
          25.02076971987803
        ]
      },
      "properties": {
        "city": "臺北市",
        "district": "信義區",
        "category": "綠色商店",
        "name": "家福股份有限公司台北東興分公司",
        "address": "110臺北市信義區東興路39、41、43、45地下一樓"
      }
    },
    {
      "type": "Feature",
      "geometry": {
        "type": "Point",
        "coordinates": [
          121.50697122128402,
          25.05218238798884
        ]
      },
      "properties": {
        "city": "臺北市",
        "district": "大同區",
        "category": "綠色商店",
        "name": "家福股份有限公司台北重慶分公司",
        "address": "103臺北市大同區重慶北路2段171號地下1F和2F"
      }
    },
    {
      "type": "Feature",
      "geometry": {
        "type": "Point",
        "coordinates": [
          121.61495995329345,
          25.052409552092545
        ]
      },
      "properties": {
        "city": "臺北市",
        "district": "南港區",
        "category": "綠色商店",
        "name": "家福股份有限公司南港分公司",
        "address": "115臺北市南港區南港路二段20巷5號B1-1"
      }
    },
    {
      "type": "Feature",
      "geometry": {
        "type": "Point",
        "coordinates": [
          121.49181475941685,
          25.042288669979325
        ]
      },
      "properties": {
        "city": "臺北市",
        "district": "萬華區",
        "category": "綠色商店",
        "name": "家樂福臺北桂林分公司",
        "address": "108臺北市萬華區桂林路1號"
      }
    },
    {
      "type": "Feature",
      "geometry": {
        "type": "Point",
        "coordinates": [
          121.54807262844098,
          25.051026325580033
        ]
      },
      "properties": {
        "city": "臺北市",
        "district": "松山區",
        "category": "綠色商店",
        "name": "振宇五金股份有限公司松山三民分公司",
        "address": "105臺北市松山區三民路108之8號"
      }
    },
    {
      "type": "Feature",
      "geometry": {
        "type": "Point",
        "coordinates": [
          121.60811170527819,
          25.058507786530377
        ]
      },
      "properties": {
        "city": "臺北市",
        "district": "南港區",
        "category": "綠色商店",
        "name": "特力屋(股)南港興華分公司",
        "address": "115臺北市南港區南港路二段20巷5號B1"
      }
    },
    {
      "type": "Feature",
      "geometry": {
        "type": "Point",
        "coordinates": [
          121.53485709770338,
          25.085672851897534
        ]
      },
      "properties": {
        "city": "臺北市",
        "district": "士林區",
        "category": "綠色商店",
        "name": "特力屋股份有限公司士林分公司",
        "address": "111 台北市士林區基河路258號"
      }
    },
    {
      "type": "Feature",
      "geometry": {
        "type": "Point",
        "coordinates": [
          121.52460445886398,
          25.052565253438686
        ]
      },
      "properties": {
        "city": "臺北市",
        "district": "大同區",
        "category": "綠色商店",
        "name": "特力屋股份有限公司大同重慶北分公司",
        "address": "103臺北市大同區重慶北路二段69、69-1號"
      }
    },
    {
      "type": "Feature",
      "geometry": {
        "type": "Point",
        "coordinates": [
          121.55657797993635,
          25.033614792415058
        ]
      },
      "properties": {
        "city": "臺北市",
        "district": "大安區",
        "category": "綠色商店",
        "name": "特力屋股份有限公司大安安和分公司",
        "address": "106臺北市大安區安和路二段74巷3號"
      }
    },
    {
      "type": "Feature",
      "geometry": {
        "type": "Point",
        "coordinates": [
          121.59986160845415,
          25.055080366761892
        ]
      },
      "properties": {
        "city": "臺北市",
        "district": "內湖區",
        "category": "綠色商店",
        "name": "特力屋股份有限公司內湖分公司",
        "address": "114臺北市內湖區新湖三路23號B1"
      }
    },
    {
      "type": "Feature",
      "geometry": {
        "type": "Point",
        "coordinates": [
          121.59803627190573,
          25.071517491554843
        ]
      },
      "properties": {
        "city": "臺北市",
        "district": "內湖區",
        "category": "綠色商店",
        "name": "特力屋股份有限公司和樂內湖分公司",
        "address": "114臺北市內湖區新湖三路23號1樓"
      }
    },
    {
      "type": "Feature",
      "geometry": {
        "type": "Point",
        "coordinates": [
          121.52214568684361,
          25.03530855542392
        ]
      },
      "properties": {
        "city": "臺北市",
        "district": "中正區",
        "category": "綠色商店",
        "name": "國防部福利事業管利處信義福利站",
        "address": "100臺北市中正區信義路一段三號地下一樓"
      }
    },
    {
      "type": "Feature",
      "geometry": {
        "type": "Point",
        "coordinates": [
          121.53726754297669,
          25.03249371433486
        ]
      },
      "properties": {
        "city": "臺北市",
        "district": "大安區",
        "category": "綠色商店",
        "name": "國防部福利事業管理處大安福利站",
        "address": "106臺北市大安區基隆路二段207號"
      }
    },
    {
      "type": "Feature",
      "geometry": {
        "type": "Point",
        "coordinates": [
          121.52726700799292,
          25.03490204180645
        ]
      },
      "properties": {
        "city": "臺北市",
        "district": "中正區",
        "category": "綠色商店",
        "name": "國防部福利事業管理處中華福利站",
        "address": "100臺北市中正區貴陽街一段243之1號"
      }
    },
    {
      "type": "Feature",
      "geometry": {
        "type": "Point",
        "coordinates": [
          121.50567950494877,
          25.12705920373151
        ]
      },
      "properties": {
        "city": "臺北市",
        "district": "北投區",
        "category": "綠色商店",
        "name": "國防部福利事業管理處北投福利站",
        "address": "112臺北市北投區中央北路338號"
      }
    },
    {
      "type": "Feature",
      "geometry": {
        "type": "Point",
        "coordinates": [
          121.51199235789528,
          25.03759462369073
        ]
      },
      "properties": {
        "city": "臺北市",
        "district": "中正區",
        "category": "綠色商店",
        "name": "國防部福利事業管理處忠愛福利站",
        "address": "100臺北市中正區博愛路172號"
      }
    },
    {
      "type": "Feature",
      "geometry": {
        "type": "Point",
        "coordinates": [
          121.56471727878156,
          25.073436927357147
        ]
      },
      "properties": {
        "city": "臺北市",
        "district": "松山區",
        "category": "綠色商店",
        "name": "國防部福利事業管理處松山福利站",
        "address": "105臺北市松山區健康路131號"
      }
    },
    {
      "type": "Feature",
      "geometry": {
        "type": "Point",
        "coordinates": [
          121.5111257473603,
          25.04311859765508
        ]
      },
      "properties": {
        "city": "臺北市",
        "district": "萬華區",
        "category": "綠色商店",
        "name": "國防部福事業管理處南機場福利站",
        "address": "108臺北市萬華區中華路2段416巷58號"
      }
    },
    {
      "type": "Feature",
      "geometry": {
        "type": "Point",
        "coordinates": [
          121.4906165646427,
          25.046035143717763
        ]
      },
      "properties": {
        "city": "臺北市",
        "district": "",
        "category": "綠色商店",
        "name": "國都豐田汽車天母營業所",
        "address": "111臺北市德行西路15號"
      }
    },
    {
      "type": "Feature",
      "geometry": {
        "type": "Point",
        "coordinates": [
          121.51263907970046,
          25.048727413894525
        ]
      },
      "properties": {
        "city": "臺北市",
        "district": "",
        "category": "綠色商店",
        "name": "國都豐田汽車民生營業所",
        "address": "104臺北市民生東路三段3號"
      }
    },
    {
      "type": "Feature",
      "geometry": {
        "type": "Point",
        "coordinates": [
          121.49865280846392,
          25.04753546120675
        ]
      },
      "properties": {
        "city": "臺北市",
        "district": "",
        "category": "綠色商店",
        "name": "國都豐田汽車南松江營業所",
        "address": "104臺北市松江路127號2F"
      }
    },
    {
      "type": "Feature",
      "geometry": {
        "type": "Point",
        "coordinates": [
          121.48722095675816,
          25.056488586824322
        ]
      },
      "properties": {
        "city": "臺北市",
        "district": "",
        "category": "綠色商店",
        "name": "國都豐田汽車陽明營業所",
        "address": "112臺北市承德路7段260號"
      }
    },
    {
      "type": "Feature",
      "geometry": {
        "type": "Point",
        "coordinates": [
          121.5261167596517,
          25.07698739571423
        ]
      },
      "properties": {
        "city": "臺北市",
        "district": "中山區",
        "category": "綠色商店",
        "name": "國都豐田汽車濱江營業所",
        "address": "104臺北市中山區濱江街269號"
      }
    },
    {
      "type": "Feature",
      "geometry": {
        "type": "Point",
        "coordinates": [
          121.5490465191006,
          25.033205987624346
        ]
      },
      "properties": {
        "city": "臺北市",
        "district": "大安區",
        "category": "綠色商店",
        "name": "頂好Wellcome（八德店）",
        "address": "106臺北市大安區八德路四段83號"
      }
    },
    {
      "type": "Feature",
      "geometry": {
        "type": "Point",
        "coordinates": [
          121.54709129992489,
          25.014208455846227
        ]
      },
      "properties": {
        "city": "臺北市",
        "district": "大安區",
        "category": "綠色商店",
        "name": "頂好Wellcome（八德陽店）",
        "address": "106臺北市大安區八德路3段225號B1"
      }
    },
    {
      "type": "Feature",
      "geometry": {
        "type": "Point",
        "coordinates": [
          121.53233369857077,
          25.083690695411416
        ]
      },
      "properties": {
        "city": "臺北市",
        "district": "士林區",
        "category": "綠色商店",
        "name": "頂好Wellcome（士東二店）",
        "address": "111臺北市士林區德行東路109巷104號1樓"
      }
    },
    {
      "type": "Feature",
      "geometry": {
        "type": "Point",
        "coordinates": [
          121.5438850934959,
          25.078989129207635
        ]
      },
      "properties": {
        "city": "臺北市",
        "district": "中山區",
        "category": "綠色商店",
        "name": "頂好Wellcome（大直二店）",
        "address": "104臺北市中山區北安路554巷19號B1"
      }
    },
    {
      "type": "Feature",
      "geometry": {
        "type": "Point",
        "coordinates": [
          121.51898307916927,
          25.057663710957012
        ]
      },
      "properties": {
        "city": "臺北市",
        "district": "中山區",
        "category": "綠色商店",
        "name": "頂好Wellcome（大直店）",
        "address": "104臺北市中山區北安路595巷11-13號"
      }
    },
    {
      "type": "Feature",
      "geometry": {
        "type": "Point",
        "coordinates": [
          121.5938578170878,
          25.07558955325673
        ]
      },
      "properties": {
        "city": "臺北市",
        "district": "內湖區",
        "category": "綠色商店",
        "name": "頂好Wellcome（大湖店）",
        "address": "114臺北市內湖區大湖山莊街148號"
      }
    },
    {
      "type": "Feature",
      "geometry": {
        "type": "Point",
        "coordinates": [
          121.59825999121831,
          25.054282300631648
        ]
      },
      "properties": {
        "city": "臺北市",
        "district": "南港區",
        "category": "綠色商店",
        "name": "頂好Wellcome（中坡陽店）",
        "address": "115臺北市南港區忠孝東路5段970號B1"
      }
    },
    {
      "type": "Feature",
      "geometry": {
        "type": "Point",
        "coordinates": [
          121.49740317390737,
          25.021699041778053
        ]
      },
      "properties": {
        "city": "臺北市",
        "district": "萬華區",
        "category": "綠色商店",
        "name": "頂好Wellcome（中華店）",
        "address": "108臺北市萬華區中華路 2 段 600 號 之1"
      }
    },
    {
      "type": "Feature",
      "geometry": {
        "type": "Point",
        "coordinates": [
          121.51022367552913,
          25.09625716589506
        ]
      },
      "properties": {
        "city": "臺北市",
        "district": "士林區",
        "category": "綠色商店",
        "name": "頂好Wellcome（中影店）",
        "address": "111臺北市士林區至善路2段51號"
      }
    },
    {
      "type": "Feature",
      "geometry": {
        "type": "Point",
        "coordinates": [
          121.536252270971,
          25.035664267326364
        ]
      },
      "properties": {
        "city": "臺北市",
        "district": "大安區",
        "category": "綠色商店",
        "name": "頂好Wellcome（仁愛店）",
        "address": "106臺北市大安區仁愛路4段50號之99~100號"
      }
    },
    {
      "type": "Feature",
      "geometry": {
        "type": "Point",
        "coordinates": [
          121.5351925351039,
          25.019232078157977
        ]
      },
      "properties": {
        "city": "臺北市",
        "district": "大安區",
        "category": "綠色商店",
        "name": "頂好Wellcome（仁愛青店）",
        "address": "106臺北市大安區仁愛路四段408號B1"
      }
    },
    {
      "type": "Feature",
      "geometry": {
        "type": "Point",
        "coordinates": [
          121.5790419066831,
          25.059442448153035
        ]
      },
      "properties": {
        "city": "臺北市",
        "district": "內湖區",
        "category": "綠色商店",
        "name": "頂好Wellcome（內湖店）",
        "address": "114臺北市內湖區江南街65巷41號B1"
      }
    },
    {
      "type": "Feature",
      "geometry": {
        "type": "Point",
        "coordinates": [
          121.514996308807,
          25.096965223437998
        ]
      },
      "properties": {
        "city": "臺北市",
        "district": "士林區",
        "category": "綠色商店",
        "name": "頂好Wellcome（天母北店）",
        "address": "111臺北市士林區中山北路7段154巷6號1樓"
      }
    },
    {
      "type": "Feature",
      "geometry": {
        "type": "Point",
        "coordinates": [
          121.5383731182856,
          25.09305969949964
        ]
      },
      "properties": {
        "city": "臺北市",
        "district": "士林區",
        "category": "綠色商店",
        "name": "頂好Wellcome（天母店）",
        "address": "111臺北市士林區天母西路 3 號 2 樓之 70"
      }
    },
    {
      "type": "Feature",
      "geometry": {
        "type": "Point",
        "coordinates": [
          121.52658757125283,
          25.059679071035276
        ]
      },
      "properties": {
        "city": "臺北市",
        "district": "大同區",
        "category": "綠色商店",
        "name": "頂好Wellcome（孔廟店）",
        "address": "103臺北市大同區酒泉街 105 號"
      }
    },
    {
      "type": "Feature",
      "geometry": {
        "type": "Point",
        "coordinates": [
          121.58826671700656,
          24.997644370587736
        ]
      },
      "properties": {
        "city": "臺北市",
        "district": "文山區",
        "category": "綠色商店",
        "name": "頂好Wellcome（木柵店）",
        "address": "116臺北市文山區木柵路 4 段 153 號"
      }
    },
    {
      "type": "Feature",
      "geometry": {
        "type": "Point",
        "coordinates": [
          121.56155081057442,
          24.98778318932005
        ]
      },
      "properties": {
        "city": "臺北市",
        "district": "文山區",
        "category": "綠色商店",
        "name": "頂好Wellcome（木新店）",
        "address": "116臺北市文山區木新路 3 段 278 巷 9 號B1"
      }
    },
    {
      "type": "Feature",
      "geometry": {
        "type": "Point",
        "coordinates": [
          121.49508325897055,
          25.144454127384737
        ]
      },
      "properties": {
        "city": "臺北市",
        "district": "北投區",
        "category": "綠色商店",
        "name": "頂好Wellcome（北投店）",
        "address": "112臺北市北投區光明路 220 號"
      }
    },
    {
      "type": "Feature",
      "geometry": {
        "type": "Point",
        "coordinates": [
          121.52994800556709,
          25.018790691716745
        ]
      },
      "properties": {
        "city": "臺北市",
        "district": "大安區",
        "category": "綠色商店",
        "name": "頂好Wellcome（正義陽店）",
        "address": "106臺北市大安區忠孝東路3段218號B1"
      }
    },
    {
      "type": "Feature",
      "geometry": {
        "type": "Point",
        "coordinates": [
          121.59269165230043,
          25.067477443866295
        ]
      },
      "properties": {
        "city": "臺北市",
        "district": "內湖區",
        "category": "綠色商店",
        "name": "頂好Wellcome（民權店）",
        "address": "114臺北市內湖區民權東路6段296巷42之3號地下樓"
      }
    },
    {
      "type": "Feature",
      "geometry": {
        "type": "Point",
        "coordinates": [
          121.58268582788476,
          25.004824103448403
        ]
      },
      "properties": {
        "city": "臺北市",
        "district": "文山區",
        "category": "綠色商店",
        "name": "頂好Wellcome（永安店）",
        "address": "116臺北市文山區木新路二段158-1號"
      }
    },
    {
      "type": "Feature",
      "geometry": {
        "type": "Point",
        "coordinates": [
          121.51342571087133,
          25.031981589256272
        ]
      },
      "properties": {
        "city": "臺北市",
        "district": "中正區",
        "category": "綠色商店",
        "name": "頂好Wellcome（吉林二店）",
        "address": "100臺北市中正區台北市吉林路372.374號"
      }
    },
    {
      "type": "Feature",
      "geometry": {
        "type": "Point",
        "coordinates": [
          121.51712935823839,
          25.0327155778207
        ]
      },
      "properties": {
        "city": "臺北市",
        "district": "中正區",
        "category": "綠色商店",
        "name": "頂好Wellcome（同安店）",
        "address": "100臺北市中正區同安街71號"
      }
    },
    {
      "type": "Feature",
      "geometry": {
        "type": "Point",
        "coordinates": [
          121.55084039100109,
          25.02332754134826
        ]
      },
      "properties": {
        "city": "臺北市",
        "district": "大安區",
        "category": "綠色商店",
        "name": "頂好Wellcome（安和店）",
        "address": "106臺北市大安區安和路2段80-82號B1"
      }
    },
    {
      "type": "Feature",
      "geometry": {
        "type": "Point",
        "coordinates": [
          121.53507970388601,
          25.02062473647508
        ]
      },
      "properties": {
        "city": "臺北市",
        "district": "大安區",
        "category": "綠色商店",
        "name": "頂好Wellcome（成功店）",
        "address": "106臺北市大安區四維路198巷35號1F"
      }
    },
    {
      "type": "Feature",
      "geometry": {
        "type": "Point",
        "coordinates": [
          121.60968832194318,
          25.05330567230858
        ]
      },
      "properties": {
        "city": "臺北市",
        "district": "南港區",
        "category": "綠色商店",
        "name": "頂好Wellcome（成福店）",
        "address": "115臺北市南港區成福路183號1F"
      }
    },
    {
      "type": "Feature",
      "geometry": {
        "type": "Point",
        "coordinates": [
          121.55870049675265,
          25.038111390494848
        ]
      },
      "properties": {
        "city": "臺北市",
        "district": "信義區",
        "category": "綠色商店",
        "name": "頂好Wellcome（吳興店）",
        "address": "110臺北市信義區松仁路271號B1"
      }
    },
    {
      "type": "Feature",
      "geometry": {
        "type": "Point",
        "coordinates": [
          121.56297516180854,
          24.991236986680132
        ]
      },
      "properties": {
        "city": "臺北市",
        "district": "文山區",
        "category": "綠色商店",
        "name": "頂好Wellcome（辛亥店）",
        "address": "116臺北市文山區木柵路1段259號、259-1號"
      }
    },
    {
      "type": "Feature",
      "geometry": {
        "type": "Point",
        "coordinates": [
          121.55574707465486,
          25.028863198509654
        ]
      },
      "properties": {
        "city": "臺北市",
        "district": "大安區",
        "category": "綠色商店",
        "name": "頂好Wellcome（和平店）",
        "address": "106臺北市大安區羅斯福路2段41-49號B1"
      }
    },
    {
      "type": "Feature",
      "geometry": {
        "type": "Point",
        "coordinates": [
          121.50164416544067,
          25.054229961266433
        ]
      },
      "properties": {
        "city": "臺北市",
        "district": "大同區",
        "category": "綠色商店",
        "name": "頂好Wellcome（延平店）",
        "address": "103臺北市大同區延平北路 2 段 202 號 B1"
      }
    },
    {
      "type": "Feature",
      "geometry": {
        "type": "Point",
        "coordinates": [
          121.5536512582204,
          25.019760912111387
        ]
      },
      "properties": {
        "city": "臺北市",
        "district": "大安區",
        "category": "綠色商店",
        "name": "頂好Wellcome（忠孝店）",
        "address": "106臺北市大安區忠孝東路四段71號B1"
      }
    },
    {
      "type": "Feature",
      "geometry": {
        "type": "Point",
        "coordinates": [
          121.49809886258522,
          25.12882737177978
        ]
      },
      "properties": {
        "city": "臺北市",
        "district": "北投區",
        "category": "綠色商店",
        "name": "頂好Wellcome（明德店）",
        "address": "112臺北市北投區明德路161號B1"
      }
    },
    {
      "type": "Feature",
      "geometry": {
        "type": "Point",
        "coordinates": [
          121.54071855724621,
          25.077062825236926
        ]
      },
      "properties": {
        "city": "臺北市",
        "district": "中山區",
        "category": "綠色商店",
        "name": "頂好Wellcome（東光店）",
        "address": "104臺北市中山區林森北路413號B1"
      }
    },
    {
      "type": "Feature",
      "geometry": {
        "type": "Point",
        "coordinates": [
          121.61456181292967,
          25.040360600752457
        ]
      },
      "properties": {
        "city": "臺北市",
        "district": "南港區",
        "category": "綠色商店",
        "name": "頂好Wellcome（東明店）",
        "address": "115臺北市南港區東明街99號1樓"
      }
    },
    {
      "type": "Feature",
      "geometry": {
        "type": "Point",
        "coordinates": [
          121.5770524558064,
          25.05995535886982
        ]
      },
      "properties": {
        "city": "臺北市",
        "district": "內湖區",
        "category": "綠色商店",
        "name": "頂好Wellcome（東湖二店）",
        "address": "114臺北市內湖區東湖路1號"
      }
    },
    {
      "type": "Feature",
      "geometry": {
        "type": "Point",
        "coordinates": [
          121.58165715443505,
          25.075341842945978
        ]
      },
      "properties": {
        "city": "臺北市",
        "district": "內湖區",
        "category": "綠色商店",
        "name": "頂好Wellcome（東湖三店）",
        "address": "114臺北市內湖區康樂街150號1F"
      }
    },
    {
      "type": "Feature",
      "geometry": {
        "type": "Point",
        "coordinates": [
          121.4841531940744,
          25.027707919940386
        ]
      },
      "properties": {
        "city": "臺北市",
        "district": "萬華區",
        "category": "綠色商店",
        "name": "頂好Wellcome（東園店）",
        "address": "108臺北市萬華區萬大路 406 號 B1"
      }
    },
    {
      "type": "Feature",
      "geometry": {
        "type": "Point",
        "coordinates": [
          121.53707025464452,
          25.049698028777662
        ]
      },
      "properties": {
        "city": "臺北市",
        "district": "中山區",
        "category": "綠色商店",
        "name": "頂好Wellcome（林森店）",
        "address": "104臺北市中山區林森北路247號B1"
      }
    },
    {
      "type": "Feature",
      "geometry": {
        "type": "Point",
        "coordinates": [
          121.57791073500296,
          25.03331354893461
        ]
      },
      "properties": {
        "city": "臺北市",
        "district": "信義區",
        "category": "綠色商店",
        "name": "頂好Wellcome（松德店）",
        "address": "110臺北市信義區松德路99號B1"
      }
    },
    {
      "type": "Feature",
      "geometry": {
        "type": "Point",
        "coordinates": [
          121.51452314938018,
          25.076778307984625
        ]
      },
      "properties": {
        "city": "臺北市",
        "district": "士林區",
        "category": "綠色商店",
        "name": "頂好Wellcome（社中店）",
        "address": "111臺北市士林區社中街222號1樓"
      }
    },
    {
      "type": "Feature",
      "geometry": {
        "type": "Point",
        "coordinates": [
          121.5868129037004,
          25.080420267304543
        ]
      },
      "properties": {
        "city": "臺北市",
        "district": "內湖區",
        "category": "綠色商店",
        "name": "頂好Wellcome（金龍店）",
        "address": "114臺北市內湖區金龍路215號1樓"
      }
    },
    {
      "type": "Feature",
      "geometry": {
        "type": "Point",
        "coordinates": [
          121.51855479610458,
          25.062346832464385
        ]
      },
      "properties": {
        "city": "臺北市",
        "district": "中山區",
        "category": "綠色商店",
        "name": "頂好Wellcome（長安東店）",
        "address": "104臺北市中山區長安東路二段63.63-1.63-2號"
      }
    },
    {
      "type": "Feature",
      "geometry": {
        "type": "Point",
        "coordinates": [
          121.4992919376666,
          25.030497549288608
        ]
      },
      "properties": {
        "city": "臺北市",
        "district": "萬華區",
        "category": "綠色商店",
        "name": "頂好Wellcome（長沙店）",
        "address": "108臺北市萬華區長沙街2段93號B1"
      }
    },
    {
      "type": "Feature",
      "geometry": {
        "type": "Point",
        "coordinates": [
          121.55323461691587,
          25.02271326278456
        ]
      },
      "properties": {
        "city": "臺北市",
        "district": "大安區",
        "category": "綠色商店",
        "name": "頂好Wellcome（長春店）",
        "address": "106臺北市大安區長春路343號1樓"
      }
    },
    {
      "type": "Feature",
      "geometry": {
        "type": "Point",
        "coordinates": [
          121.51989517968107,
          25.104097175926185
        ]
      },
      "properties": {
        "city": "臺北市",
        "district": "士林區",
        "category": "綠色商店",
        "name": "頂好Wellcome（雨聲店）",
        "address": "111臺北市士林區雨聲街52號,52-1號,50巷1號"
      }
    },
    {
      "type": "Feature",
      "geometry": {
        "type": "Point",
        "coordinates": [
          121.53746583036956,
          25.01342193261176
        ]
      },
      "properties": {
        "city": "臺北市",
        "district": "大安區",
        "category": "綠色商店",
        "name": "頂好Wellcome（南京店）",
        "address": "106臺北市大安區南京東路5段198號B1"
      }
    },
    {
      "type": "Feature",
      "geometry": {
        "type": "Point",
        "coordinates": [
          121.59776994103458,
          25.04974687122174
        ]
      },
      "properties": {
        "city": "臺北市",
        "district": "南港區",
        "category": "綠色商店",
        "name": "頂好Wellcome（南港店）",
        "address": "115臺北市南港區舊莊街1段196號1F"
      }
    },
    {
      "type": "Feature",
      "geometry": {
        "type": "Point",
        "coordinates": [
          121.51087962067226,
          25.091806157879258
        ]
      },
      "properties": {
        "city": "臺北市",
        "district": "士林區",
        "category": "綠色商店",
        "name": "頂好Wellcome（後港店）",
        "address": "111臺北市士林區華齡街 175 號"
      }
    },
    {
      "type": "Feature",
      "geometry": {
        "type": "Point",
        "coordinates": [
          121.5959469985599,
          25.066615575930655
        ]
      },
      "properties": {
        "city": "臺北市",
        "district": "內湖區",
        "category": "綠色商店",
        "name": "頂好Wellcome（星雲店）",
        "address": "114臺北市內湖區星雲街152號B1"
      }
    },
    {
      "type": "Feature",
      "geometry": {
        "type": "Point",
        "coordinates": [
          121.52753903714536,
          25.07150271010646
        ]
      },
      "properties": {
        "city": "臺北市",
        "district": "中山區",
        "category": "綠色商店",
        "name": "頂好Wellcome（美麗華店）",
        "address": "104臺北市中山區敬業三路20號B1F之1"
      }
    },
    {
      "type": "Feature",
      "geometry": {
        "type": "Point",
        "coordinates": [
          121.49525048865401,
          25.124042485101786
        ]
      },
      "properties": {
        "city": "臺北市",
        "district": "北投區",
        "category": "綠色商店",
        "name": "頂好Wellcome（致遠店）",
        "address": "112臺北市北投區致遠一路二段19.21.23號"
      }
    },
    {
      "type": "Feature",
      "geometry": {
        "type": "Point",
        "coordinates": [
          121.52473370623726,
          25.07217510414949
        ]
      },
      "properties": {
        "city": "臺北市",
        "district": "大同區",
        "category": "綠色商店",
        "name": "頂好Wellcome（重慶店）",
        "address": "103臺北市大同區重慶北路 1 段 73 號 B1"
      }
    },
    {
      "type": "Feature",
      "geometry": {
        "type": "Point",
        "coordinates": [
          121.53145946810393,
          25.017094349406683
        ]
      },
      "properties": {
        "city": "臺北市",
        "district": "大安區",
        "category": "綠色商店",
        "name": "頂好Wellcome（師大店）",
        "address": "106臺北市大安區師大路129號1F"
      }
    },
    {
      "type": "Feature",
      "geometry": {
        "type": "Point",
        "coordinates": [
          121.48749913900079,
          25.145288707462218
        ]
      },
      "properties": {
        "city": "臺北市",
        "district": "北投區",
        "category": "綠色商店",
        "name": "頂好Wellcome（清江店）",
        "address": "112臺北市北投區公館路 198 號"
      }
    },
    {
      "type": "Feature",
      "geometry": {
        "type": "Point",
        "coordinates": [
          121.51113430440132,
          25.038431835824618
        ]
      },
      "properties": {
        "city": "臺北市",
        "district": "中正區",
        "category": "綠色商店",
        "name": "頂好Wellcome（莒光店）",
        "address": "100臺北市中正區西藏路 125 巷 13-15 號"
      }
    },
    {
      "type": "Feature",
      "geometry": {
        "type": "Point",
        "coordinates": [
          121.54948094253756,
          25.03204937147299
        ]
      },
      "properties": {
        "city": "臺北市",
        "district": "大安區",
        "category": "綠色商店",
        "name": "頂好Wellcome（通化店）",
        "address": "106臺北市大安區延吉街250號B1"
      }
    },
    {
      "type": "Feature",
      "geometry": {
        "type": "Point",
        "coordinates": [
          121.53402733125658,
          25.011720441420632
        ]
      },
      "properties": {
        "city": "臺北市",
        "district": "大安區",
        "category": "綠色商店",
        "name": "頂好Wellcome（通化陽店）",
        "address": "106臺北市大安區信義路4段296號B1"
      }
    },
    {
      "type": "Feature",
      "geometry": {
        "type": "Point",
        "coordinates": [
          121.51503640384237,
          25.078126074321705
        ]
      },
      "properties": {
        "city": "臺北市",
        "district": "士林區",
        "category": "綠色商店",
        "name": "頂好Wellcome（通河店）",
        "address": "111臺北市士林區通河街153號.155號"
      }
    },
    {
      "type": "Feature",
      "geometry": {
        "type": "Point",
        "coordinates": [
          121.53302623081909,
          25.039624121120198
        ]
      },
      "properties": {
        "city": "臺北市",
        "district": "大安區",
        "category": "綠色商店",
        "name": "頂好Wellcome（敦北陽店）",
        "address": "106臺北市大安區敦化北路199巷5號"
      }
    },
    {
      "type": "Feature",
      "geometry": {
        "type": "Point",
        "coordinates": [
          121.57553194124495,
          24.995690120549575
        ]
      },
      "properties": {
        "city": "臺北市",
        "district": "文山區",
        "category": "綠色商店",
        "name": "頂好Wellcome（景美店）",
        "address": "116臺北市文山區萬慶街 27 號"
      }
    },
    {
      "type": "Feature",
      "geometry": {
        "type": "Point",
        "coordinates": [
          121.60244117033585,
          25.081863955941778
        ]
      },
      "properties": {
        "city": "臺北市",
        "district": "內湖區",
        "category": "綠色商店",
        "name": "頂好Wellcome（湖興店）",
        "address": "114臺北市內湖區成功路2段320巷19號"
      }
    },
    {
      "type": "Feature",
      "geometry": {
        "type": "Point",
        "coordinates": [
          121.52471610759703,
          25.08718444379305
        ]
      },
      "properties": {
        "city": "臺北市",
        "district": "士林區",
        "category": "綠色商店",
        "name": "頂好Wellcome（陽明山店）",
        "address": "111臺北市士林區格致路7 號"
      }
    },
    {
      "type": "Feature",
      "geometry": {
        "type": "Point",
        "coordinates": [
          121.52526642978734,
          25.07505542972375
        ]
      },
      "properties": {
        "city": "臺北市",
        "district": "士林區",
        "category": "綠色商店",
        "name": "頂好Wellcome（陽明店）",
        "address": "111臺北市士林區德行東路 230 號"
      }
    },
    {
      "type": "Feature",
      "geometry": {
        "type": "Point",
        "coordinates": [
          121.55139892225452,
          25.031713342982524
        ]
      },
      "properties": {
        "city": "臺北市",
        "district": "大安區",
        "category": "綠色商店",
        "name": "頂好Wellcome（新生店）",
        "address": "106臺北市大安區新生南路3段2號B1"
      }
    },
    {
      "type": "Feature",
      "geometry": {
        "type": "Point",
        "coordinates": [
          121.57525531200758,
          24.984495636839274
        ]
      },
      "properties": {
        "city": "臺北市",
        "district": "文山區",
        "category": "綠色商店",
        "name": "頂好Wellcome（萬和店）",
        "address": "116臺北市文山區萬和街6號2樓之2及2樓之3"
      }
    },
    {
      "type": "Feature",
      "geometry": {
        "type": "Point",
        "coordinates": [
          121.56704524432483,
          24.990705154481947
        ]
      },
      "properties": {
        "city": "臺北市",
        "district": "文山區",
        "category": "綠色商店",
        "name": "頂好Wellcome（萬芳店）",
        "address": "116臺北市文山區萬利街路 30 巷 1 號"
      }
    },
    {
      "type": "Feature",
      "geometry": {
        "type": "Point",
        "coordinates": [
          121.49550160265919,
          25.04519743141879
        ]
      },
      "properties": {
        "city": "臺北市",
        "district": "萬華區",
        "category": "綠色商店",
        "name": "頂好Wellcome（萬華店）",
        "address": "108臺北市萬華區大理街114號1樓"
      }
    },
    {
      "type": "Feature",
      "geometry": {
        "type": "Point",
        "coordinates": [
          121.54190151775839,
          25.06562515407655
        ]
      },
      "properties": {
        "city": "臺北市",
        "district": "中山區",
        "category": "綠色商店",
        "name": "頂好Wellcome（農安店）",
        "address": "104臺北市中山區農安街257號.259號"
      }
    },
    {
      "type": "Feature",
      "geometry": {
        "type": "Point",
        "coordinates": [
          121.49462133506097,
          25.14602481309112
        ]
      },
      "properties": {
        "city": "臺北市",
        "district": "北投區",
        "category": "綠色商店",
        "name": "頂好Wellcome（稻香店）",
        "address": "112臺北市北投區稻香路81號1樓"
      }
    },
    {
      "type": "Feature",
      "geometry": {
        "type": "Point",
        "coordinates": [
          121.54589354721466,
          25.054374569332563
        ]
      },
      "properties": {
        "city": "臺北市",
        "district": "中山區",
        "category": "綠色商店",
        "name": "頂好Wellcome（興安店）",
        "address": "104臺北市中山區興安街112號B1"
      }
    },
    {
      "type": "Feature",
      "geometry": {
        "type": "Point",
        "coordinates": [
          121.54351511262769,
          25.075100735212335
        ]
      },
      "properties": {
        "city": "臺北市",
        "district": "中山區",
        "category": "綠色商店",
        "name": "頂好Wellcome（羅斯福店）",
        "address": "104臺北市中山區羅斯福路3段285號B1"
      }
    },
    {
      "type": "Feature",
      "geometry": {
        "type": "Point",
        "coordinates": [
          121.51473712757561,
          25.02666640188584
        ]
      },
      "properties": {
        "city": "臺北市",
        "district": "中正區",
        "category": "綠色商店",
        "name": "頂好Wellcome（寶慶Gourmet店）",
        "address": "100臺北市中正區寶慶路32號B1"
      }
    },
    {
      "type": "Feature",
      "geometry": {
        "type": "Point",
        "coordinates": [
          121.48879652232311,
          25.037082163072057
        ]
      },
      "properties": {
        "city": "臺北市",
        "district": "萬華區",
        "category": "綠色商店",
        "name": "頂好Wellcome（寶興店）",
        "address": "108臺北市萬華區萬大路486巷48號1樓"
      }
    },
    {
      "type": "Feature",
      "geometry": {
        "type": "Point",
        "coordinates": [
          121.57891545063941,
          25.07203933359268
        ]
      },
      "properties": {
        "city": "臺北市",
        "district": "內湖區",
        "category": "綠色商店",
        "name": "博達汽車股份有限公司",
        "address": "114台北市內湖區港墘路219號"
      }
    },
    {
      "type": "Feature",
      "geometry": {
        "type": "Point",
        "coordinates": [
          121.5682888576009,
          25.00016750572276
        ]
      },
      "properties": {
        "city": "臺北市",
        "district": "文山區",
        "category": "綠色商店",
        "name": "博達汽車股份有限公司文山分公司",
        "address": "116台北市文山區羅斯福路5段90號"
      }
    },
    {
      "type": "Feature",
      "geometry": {
        "type": "Point",
        "coordinates": [
          121.53554167111196,
          25.096565457778404
        ]
      },
      "properties": {
        "city": "臺北市",
        "district": "士林區",
        "category": "綠色商店",
        "name": "棉花田士林士東門市",
        "address": "111台北市士林區士東路97號1樓"
      }
    },
    {
      "type": "Feature",
      "geometry": {
        "type": "Point",
        "coordinates": [
          121.55938558686634,
          25.062778945410514
        ]
      },
      "properties": {
        "city": "臺北市",
        "district": "松山區",
        "category": "綠色商店",
        "name": "棉花田大直樂群門市",
        "address": "105臺北市松山區敦化南路一段3號11樓"
      }
    },
    {
      "type": "Feature",
      "geometry": {
        "type": "Point",
        "coordinates": [
          121.48882558764451,
          25.045718224576675
        ]
      },
      "properties": {
        "city": "臺北市",
        "district": "",
        "category": "綠色商店",
        "name": "棉花田中崙八德門市",
        "address": "105台北市八德路三段74巷8號1樓"
      }
    },
    {
      "type": "Feature",
      "geometry": {
        "type": "Point",
        "coordinates": [
          121.56404719955356,
          25.072109297332307
        ]
      },
      "properties": {
        "city": "臺北市",
        "district": "松山區",
        "category": "綠色商店",
        "name": "棉花田木柵指南門市",
        "address": "105臺北市松山區敦化南路一段3號11樓"
      }
    },
    {
      "type": "Feature",
      "geometry": {
        "type": "Point",
        "coordinates": [
          121.54467201870186,
          25.074479977757903
        ]
      },
      "properties": {
        "city": "臺北市",
        "district": "松山區",
        "category": "綠色商店",
        "name": "棉花田生機園地三民門市",
        "address": "105臺北市松山區三民路三民路109號1樓"
      }
    },
    {
      "type": "Feature",
      "geometry": {
        "type": "Point",
        "coordinates": [
          121.51486172909553,
          25.102136142982616
        ]
      },
      "properties": {
        "city": "臺北市",
        "district": "士林區",
        "category": "綠色商店",
        "name": "棉花田生機園地士林門市",
        "address": "111臺北市士林區華榮街1號"
      }
    },
    {
      "type": "Feature",
      "geometry": {
        "type": "Point",
        "coordinates": [
          121.54426871564847,
          25.066287993598134
        ]
      },
      "properties": {
        "city": "臺北市",
        "district": "中山區",
        "category": "綠色商店",
        "name": "棉花田生機園地中山門市",
        "address": "104臺北市中山區中山北路一段116號"
      }
    },
    {
      "type": "Feature",
      "geometry": {
        "type": "Point",
        "coordinates": [
          121.60413521610118,
          25.061039241505735
        ]
      },
      "properties": {
        "city": "臺北市",
        "district": "內湖區",
        "category": "綠色商店",
        "name": "棉花田生機園地內湖門市",
        "address": "114臺北市內湖區成功路3段181號"
      }
    },
    {
      "type": "Feature",
      "geometry": {
        "type": "Point",
        "coordinates": [
          121.48637474499229,
          25.12671178973141
        ]
      },
      "properties": {
        "city": "臺北市",
        "district": "北投區",
        "category": "綠色商店",
        "name": "棉花田生機園地北投門市",
        "address": "112臺北市北投區中央南路1段39號"
      }
    },
    {
      "type": "Feature",
      "geometry": {
        "type": "Point",
        "coordinates": [
          121.56707744714367,
          25.06057530361246
        ]
      },
      "properties": {
        "city": "臺北市",
        "district": "松山區",
        "category": "綠色商店",
        "name": "棉花田生機園地民生門市",
        "address": "105臺北市松山區民生東路四段55巷30號1F"
      }
    },
    {
      "type": "Feature",
      "geometry": {
        "type": "Point",
        "coordinates": [
          121.56487395842709,
          25.029298451477604
        ]
      },
      "properties": {
        "city": "臺北市",
        "district": "信義區",
        "category": "綠色商店",
        "name": "棉花田生機園地永春門市",
        "address": "110臺北市信義區忠孝東路5段457號"
      }
    },
    {
      "type": "Feature",
      "geometry": {
        "type": "Point",
        "coordinates": [
          121.54862062120498,
          25.0345554707153
        ]
      },
      "properties": {
        "city": "臺北市",
        "district": "大安區",
        "category": "綠色商店",
        "name": "棉花田生機園地忠孝門市",
        "address": "106臺北市大安區忠孝東路4段299號"
      }
    },
    {
      "type": "Feature",
      "geometry": {
        "type": "Point",
        "coordinates": [
          121.53576998969228,
          25.012098259820412
        ]
      },
      "properties": {
        "city": "臺北市",
        "district": "大安區",
        "category": "綠色商店",
        "name": "棉花田生機園地忠孝復興門市",
        "address": "106臺北市大安區忠孝東路3段221-1號"
      }
    },
    {
      "type": "Feature",
      "geometry": {
        "type": "Point",
        "coordinates": [
          121.52716427377642,
          25.092902869897735
        ]
      },
      "properties": {
        "city": "臺北市",
        "district": "士林區",
        "category": "綠色商店",
        "name": "棉花田生機園地忠誠門市",
        "address": "111臺北市士林區忠誠路2段5號"
      }
    },
    {
      "type": "Feature",
      "geometry": {
        "type": "Point",
        "coordinates": [
          121.59716039703824,
          25.055489085437507
        ]
      },
      "properties": {
        "city": "臺北市",
        "district": "內湖區",
        "category": "綠色商店",
        "name": "棉花田生機園地東湖門市",
        "address": "114臺北市內湖區東湖路126號"
      }
    },
    {
      "type": "Feature",
      "geometry": {
        "type": "Point",
        "coordinates": [
          121.48609732286047,
          25.037571279658742
        ]
      },
      "properties": {
        "city": "臺北市",
        "district": "萬華區",
        "category": "綠色商店",
        "name": "棉花田生機園地股份有限公司",
        "address": "108臺北市萬華區青年路12號"
      }
    },
    {
      "type": "Feature",
      "geometry": {
        "type": "Point",
        "coordinates": [
          121.54328864877571,
          25.02113991705857
        ]
      },
      "properties": {
        "city": "臺北市",
        "district": "大安區",
        "category": "綠色商店",
        "name": "棉花田生機園地股份有限公司大安門市",
        "address": "106臺北市大安區大安路一段182號"
      }
    },
    {
      "type": "Feature",
      "geometry": {
        "type": "Point",
        "coordinates": [
          121.55531961762105,
          25.02960343915836
        ]
      },
      "properties": {
        "city": "臺北市",
        "district": "大安區",
        "category": "綠色商店",
        "name": "棉花田生機園地股份有限公司光復門市",
        "address": "106臺北市大安區光復南路390-2號"
      }
    },
    {
      "type": "Feature",
      "geometry": {
        "type": "Point",
        "coordinates": [
          121.5441280944203,
          25.068246421658426
        ]
      },
      "properties": {
        "city": "臺北市",
        "district": "松山區",
        "category": "綠色商店",
        "name": "棉花田生機園地南京門市",
        "address": "105臺北市松山區南京東路5段137號"
      }
    },
    {
      "type": "Feature",
      "geometry": {
        "type": "Point",
        "coordinates": [
          121.52195591687236,
          25.07810736492862
        ]
      },
      "properties": {
        "city": "臺北市",
        "district": "中山區",
        "category": "綠色商店",
        "name": "棉花田生機園地南京龍江門市",
        "address": "104臺北市中山區南京東路3段82號"
      }
    },
    {
      "type": "Feature",
      "geometry": {
        "type": "Point",
        "coordinates": [
          121.58400251316311,
          25.06563441594421
        ]
      },
      "properties": {
        "city": "臺北市",
        "district": "內湖區",
        "category": "綠色商店",
        "name": "棉花田生機園地後山埤門市",
        "address": "114臺北市內湖區忠孝東路六段六號"
      }
    },
    {
      "type": "Feature",
      "geometry": {
        "type": "Point",
        "coordinates": [
          121.5077878966149,
          25.030061204612768
        ]
      },
      "properties": {
        "city": "臺北市",
        "district": "中正區",
        "category": "綠色商店",
        "name": "棉花田生機園地重慶門市",
        "address": "100臺北市中正區重慶南路1段90號"
      }
    },
    {
      "type": "Feature",
      "geometry": {
        "type": "Point",
        "coordinates": [
          121.572100851875,
          25.026696032023658
        ]
      },
      "properties": {
        "city": "臺北市",
        "district": "信義區",
        "category": "綠色商店",
        "name": "棉花田生機園地莊敬門市",
        "address": "110臺北市信義區376號"
      }
    },
    {
      "type": "Feature",
      "geometry": {
        "type": "Point",
        "coordinates": [
          121.53022001024986,
          25.03591925450888
        ]
      },
      "properties": {
        "city": "臺北市",
        "district": "中正區",
        "category": "綠色商店",
        "name": "棉花田生機園地博愛門市",
        "address": "100臺北市中正區博愛路89號"
      }
    },
    {
      "type": "Feature",
      "geometry": {
        "type": "Point",
        "coordinates": [
          121.58224230203783,
          24.988165840051632
        ]
      },
      "properties": {
        "city": "臺北市",
        "district": "文山區",
        "category": "綠色商店",
        "name": "棉花田生機園地景美門市",
        "address": "116臺北市文山區景文街117號"
      }
    },
    {
      "type": "Feature",
      "geometry": {
        "type": "Point",
        "coordinates": [
          121.50225385957437,
          25.027052556088066
        ]
      },
      "properties": {
        "city": "臺北市",
        "district": "中正區",
        "category": "綠色商店",
        "name": "棉花田生機園地福州門市",
        "address": "100臺北市中正區福州街11-10號"
      }
    },
    {
      "type": "Feature",
      "geometry": {
        "type": "Point",
        "coordinates": [
          121.55026089953382,
          25.046246313257964
        ]
      },
      "properties": {
        "city": "臺北市",
        "district": "松山區",
        "category": "綠色商店",
        "name": "棉花田生機園地慶城門市",
        "address": "105臺北市松山區南京東路3段303巷24號"
      }
    },
    {
      "type": "Feature",
      "geometry": {
        "type": "Point",
        "coordinates": [
          121.58319869722611,
          24.98198633345714
        ]
      },
      "properties": {
        "city": "臺北市",
        "district": "文山區",
        "category": "綠色商店",
        "name": "棉花田生機園地興隆門市",
        "address": "116臺北市文山區興隆路4段153號"
      }
    },
    {
      "type": "Feature",
      "geometry": {
        "type": "Point",
        "coordinates": [
          121.53623834656271,
          25.05213053238494
        ]
      },
      "properties": {
        "city": "臺北市",
        "district": "中山區",
        "category": "綠色商店",
        "name": "棉花田生機園地錦州門市",
        "address": "104臺北市中山區錦州街417號"
      }
    },
    {
      "type": "Feature",
      "geometry": {
        "type": "Point",
        "coordinates": [
          121.550092476854,
          25.032610606953266
        ]
      },
      "properties": {
        "city": "臺北市",
        "district": "大安區",
        "category": "綠色商店",
        "name": "棉花田生機園地羅斯福門市",
        "address": "106臺北市大安區羅斯福路3段273之1"
      }
    },
    {
      "type": "Feature",
      "geometry": {
        "type": "Point",
        "coordinates": [
          121.49099590591338,
          25.049988711079244
        ]
      },
      "properties": {
        "city": "臺北市",
        "district": "",
        "category": "綠色商店",
        "name": "棉花田忠孝216門市",
        "address": "110台北市忠孝東路四段216巷33弄11號"
      }
    },
    {
      "type": "Feature",
      "geometry": {
        "type": "Point",
        "coordinates": [
          121.56155062346892,
          25.045703771642213
        ]
      },
      "properties": {
        "city": "臺北市",
        "district": "松山區",
        "category": "綠色商店",
        "name": "棉花田建南門市",
        "address": "105臺北市松山區敦化南路一段3號11樓"
      }
    },
    {
      "type": "Feature",
      "geometry": {
        "type": "Point",
        "coordinates": [
          121.56770510227534,
          25.0662540561656
        ]
      },
      "properties": {
        "city": "臺北市",
        "district": "松山區",
        "category": "綠色商店",
        "name": "棉花田基隆信二門市",
        "address": "105臺北市松山區敦化南路一段3號11樓"
      }
    },
    {
      "type": "Feature",
      "geometry": {
        "type": "Point",
        "coordinates": [
          121.60872248949619,
          25.04663562240327
        ]
      },
      "properties": {
        "city": "臺北市",
        "district": "南港區",
        "category": "綠色商店",
        "name": "港德傢俱有限公司",
        "address": "115台北市南港區忠孝東路6段112號1F"
      }
    },
    {
      "type": "Feature",
      "geometry": {
        "type": "Point",
        "coordinates": [
          121.57754948809132,
          25.01910490271973
        ]
      },
      "properties": {
        "city": "臺北市",
        "district": "信義區",
        "category": "綠色商店",
        "name": "萊爾富國際股份有限公司-北市101店",
        "address": "110台北市信義區信義路5段20號"
      }
    },
    {
      "type": "Feature",
      "geometry": {
        "type": "Point",
        "coordinates": [
          121.49821733619089,
          25.14265380211118
        ]
      },
      "properties": {
        "city": "臺北市",
        "district": "北投區",
        "category": "綠色商店",
        "name": "萊爾富國際股份有限公司-北市十信店",
        "address": "112台北市北投區北投路2段55號"
      }
    },
    {
      "type": "Feature",
      "geometry": {
        "type": "Point",
        "coordinates": [
          121.59684282512383,
          25.0558617204985
        ]
      },
      "properties": {
        "city": "臺北市",
        "district": "內湖區",
        "category": "綠色商店",
        "name": "萊爾富國際股份有限公司-北市三總店",
        "address": "114臺北市內湖區成功路二段325號B1(台北國防醫學中心)"
      }
    },
    {
      "type": "Feature",
      "geometry": {
        "type": "Point",
        "coordinates": [
          121.51482542628564,
          25.09684475143097
        ]
      },
      "properties": {
        "city": "臺北市",
        "district": "士林區",
        "category": "綠色商店",
        "name": "萊爾富國際股份有限公司-北市士大店",
        "address": "111臺北市士林區大東路7號"
      }
    },
    {
      "type": "Feature",
      "geometry": {
        "type": "Point",
        "coordinates": [
          121.5233240721367,
          25.09956037099064
        ]
      },
      "properties": {
        "city": "臺北市",
        "district": "士林區",
        "category": "綠色商店",
        "name": "萊爾富國際股份有限公司-北市士東店",
        "address": "111臺北市士林區中山北路六段429號"
      }
    },
    {
      "type": "Feature",
      "geometry": {
        "type": "Point",
        "coordinates": [
          121.51056707246423,
          25.097355491514914
        ]
      },
      "properties": {
        "city": "臺北市",
        "district": "士林區",
        "category": "綠色商店",
        "name": "萊爾富國際股份有限公司-北市士海店",
        "address": "111臺北市士林區延平北路九段212號(海洋技術學院士林校區-學生宿舍及福利社)"
      }
    },
    {
      "type": "Feature",
      "geometry": {
        "type": "Point",
        "coordinates": [
          121.51956194984122,
          25.096767334206078
        ]
      },
      "properties": {
        "city": "臺北市",
        "district": "士林區",
        "category": "綠色商店",
        "name": "萊爾富國際股份有限公司-北市士陽店",
        "address": "111臺北市士林區雨聲街105號(北市陽明醫院)"
      }
    },
    {
      "type": "Feature",
      "geometry": {
        "type": "Point",
        "coordinates": [
          121.52797280947678,
          25.088742846478286
        ]
      },
      "properties": {
        "city": "臺北市",
        "district": "士林區",
        "category": "綠色商店",
        "name": "萊爾富國際股份有限公司-北市士銓店",
        "address": "111臺北市士林區中山北路七段186號"
      }
    },
    {
      "type": "Feature",
      "geometry": {
        "type": "Point",
        "coordinates": [
          121.52183469243438,
          25.080127242317214
        ]
      },
      "properties": {
        "city": "臺北市",
        "district": "士林區",
        "category": "綠色商店",
        "name": "萊爾富國際股份有限公司-北市士慶店",
        "address": "111臺北市士林區社正路75號"
      }
    },
    {
      "type": "Feature",
      "geometry": {
        "type": "Point",
        "coordinates": [
          121.51842544189775,
          25.09624841144396
        ]
      },
      "properties": {
        "city": "臺北市",
        "district": "士林區",
        "category": "綠色商店",
        "name": "萊爾富國際股份有限公司-北市士鑽店",
        "address": "111臺北市士林區基河路15號A1-01"
      }
    },
    {
      "type": "Feature",
      "geometry": {
        "type": "Point",
        "coordinates": [
          121.54616609416567,
          25.071346303546466
        ]
      },
      "properties": {
        "city": "臺北市",
        "district": "中山區",
        "category": "綠色商店",
        "name": "萊爾富國際股份有限公司-北市大同店",
        "address": "104臺北市中山區中山北路三段40號(大同大學經營大樓)"
      }
    },
    {
      "type": "Feature",
      "geometry": {
        "type": "Point",
        "coordinates": [
          121.5065319749784,
          25.141767963511025
        ]
      },
      "properties": {
        "city": "臺北市",
        "district": "北投區",
        "category": "綠色商店",
        "name": "萊爾富國際股份有限公司-北市大業店",
        "address": "112臺北市北投區中和街41號"
      }
    },
    {
      "type": "Feature",
      "geometry": {
        "type": "Point",
        "coordinates": [
          121.5198148249137,
          25.074257312476107
        ]
      },
      "properties": {
        "city": "臺北市",
        "district": "中山區",
        "category": "綠色商店",
        "name": "萊爾富國際股份有限公司-北市山華店",
        "address": "104臺北市中山區長春路208號1樓"
      }
    },
    {
      "type": "Feature",
      "geometry": {
        "type": "Point",
        "coordinates": [
          121.52248653062372,
          25.05343551760592
        ]
      },
      "properties": {
        "city": "臺北市",
        "district": "中山區",
        "category": "綠色商店",
        "name": "萊爾富國際股份有限公司-北市山寧店",
        "address": "104臺北市中山區長安東路二段171-7號"
      }
    },
    {
      "type": "Feature",
      "geometry": {
        "type": "Point",
        "coordinates": [
          121.52241371990887,
          25.0581953094567
        ]
      },
      "properties": {
        "city": "臺北市",
        "district": "中山區",
        "category": "綠色商店",
        "name": "萊爾富國際股份有限公司-北市山榮店",
        "address": "104臺北市中山區長安東路二段118號1樓"
      }
    },
    {
      "type": "Feature",
      "geometry": {
        "type": "Point",
        "coordinates": [
          121.54676598659616,
          25.05526291193231
        ]
      },
      "properties": {
        "city": "臺北市",
        "district": "中山區",
        "category": "綠色商店",
        "name": "萊爾富國際股份有限公司-北市山德店",
        "address": "104臺北市中山區德惠街109號 1樓"
      }
    },
    {
      "type": "Feature",
      "geometry": {
        "type": "Point",
        "coordinates": [
          121.52375642471195,
          25.056341340207606
        ]
      },
      "properties": {
        "city": "臺北市",
        "district": "中山區",
        "category": "綠色商店",
        "name": "萊爾富國際股份有限公司-北市山擎店",
        "address": "104臺北市中山區天祥路70號一樓"
      }
    },
    {
      "type": "Feature",
      "geometry": {
        "type": "Point",
        "coordinates": [
          121.58265638735296,
          25.043333291157236
        ]
      },
      "properties": {
        "city": "臺北市",
        "district": "信義區",
        "category": "綠色商店",
        "name": "萊爾富國際股份有限公司-北市工農店",
        "address": "110臺北市信義區忠孝東路五段236巷16號"
      }
    },
    {
      "type": "Feature",
      "geometry": {
        "type": "Point",
        "coordinates": [
          121.52681317362355,
          25.050140806302856
        ]
      },
      "properties": {
        "city": "臺北市",
        "district": "中山區",
        "category": "綠色商店",
        "name": "萊爾富國際股份有限公司-北市中山三店",
        "address": "104臺北市中山區中山北路二段65巷13號"
      }
    },
    {
      "type": "Feature",
      "geometry": {
        "type": "Point",
        "coordinates": [
          121.52506211356027,
          25.072514157892716
        ]
      },
      "properties": {
        "city": "臺北市",
        "district": "中山區",
        "category": "綠色商店",
        "name": "萊爾富國際股份有限公司-北市中山店",
        "address": "104臺北市中山區中山北路二段137巷2號"
      }
    },
    {
      "type": "Feature",
      "geometry": {
        "type": "Point",
        "coordinates": [
          121.5436629739546,
          25.06970862268018
        ]
      },
      "properties": {
        "city": "臺北市",
        "district": "中山區",
        "category": "綠色商店",
        "name": "萊爾富國際股份有限公司-北市中原二店",
        "address": "104臺北市中山區中原街77號"
      }
    },
    {
      "type": "Feature",
      "geometry": {
        "type": "Point",
        "coordinates": [
          121.58973765844368,
          24.976613189766656
        ]
      },
      "properties": {
        "city": "臺北市",
        "district": "文山區",
        "category": "綠色商店",
        "name": "萊爾富國際股份有限公司-北市中國店",
        "address": "116臺北市文山區興隆路三段56號(中國科技大學)"
      }
    },
    {
      "type": "Feature",
      "geometry": {
        "type": "Point",
        "coordinates": [
          121.60206664122039,
          25.056393018707464
        ]
      },
      "properties": {
        "city": "臺北市",
        "district": "內湖區",
        "category": "綠色商店",
        "name": "萊爾富國際股份有限公司-北市內湖二店",
        "address": "114臺北市內湖區成功路二段318之1號"
      }
    },
    {
      "type": "Feature",
      "geometry": {
        "type": "Point",
        "coordinates": [
          121.5275100407556,
          25.07713322119429
        ]
      },
      "properties": {
        "city": "臺北市",
        "district": "士林區",
        "category": "綠色商店",
        "name": "萊爾富國際股份有限公司-北市天福店",
        "address": "111台北市士林區中山北路六段431之4號1樓"
      }
    },
    {
      "type": "Feature",
      "geometry": {
        "type": "Point",
        "coordinates": [
          121.58605101494801,
          24.99766905269513
        ]
      },
      "properties": {
        "city": "臺北市",
        "district": "文山區",
        "category": "綠色商店",
        "name": "萊爾富國際股份有限公司-北市文辛店",
        "address": "116臺北市文山區辛亥路四段218.220號"
      }
    },
    {
      "type": "Feature",
      "geometry": {
        "type": "Point",
        "coordinates": [
          121.58600541451726,
          24.99725586597449
        ]
      },
      "properties": {
        "city": "臺北市",
        "district": "文山區",
        "category": "綠色商店",
        "name": "萊爾富國際股份有限公司-北市文武店",
        "address": "116臺北市文山區羅斯福路五段203號1樓"
      }
    },
    {
      "type": "Feature",
      "geometry": {
        "type": "Point",
        "coordinates": [
          121.53123208783995,
          25.04279051652946
        ]
      },
      "properties": {
        "city": "臺北市",
        "district": "中正區",
        "category": "綠色商店",
        "name": "萊爾富國際股份有限公司-北市文創店",
        "address": "105台北市中正區八德路一段34號"
      }
    },
    {
      "type": "Feature",
      "geometry": {
        "type": "Point",
        "coordinates": [
          121.57503652537238,
          24.976219750719498
        ]
      },
      "properties": {
        "city": "臺北市",
        "district": "文山區",
        "category": "綠色商店",
        "name": "萊爾富國際股份有限公司-北市文福店",
        "address": "116臺北市文山區景福街230巷2號"
      }
    },
    {
      "type": "Feature",
      "geometry": {
        "type": "Point",
        "coordinates": [
          121.5830886845763,
          24.980167785657763
        ]
      },
      "properties": {
        "city": "臺北市",
        "district": "文山區",
        "category": "綠色商店",
        "name": "萊爾富國際股份有限公司-北市木新二店",
        "address": "116臺北市文山區木新路三段232巷6弄18號"
      }
    },
    {
      "type": "Feature",
      "geometry": {
        "type": "Point",
        "coordinates": [
          121.57010946455142,
          24.996842110267664
        ]
      },
      "properties": {
        "city": "臺北市",
        "district": "文山區",
        "category": "綠色商店",
        "name": "萊爾富國際股份有限公司-北市木新三店",
        "address": "116臺北市文山區木新路二段163號"
      }
    },
    {
      "type": "Feature",
      "geometry": {
        "type": "Point",
        "coordinates": [
          121.5836651319522,
          24.99648005505112
        ]
      },
      "properties": {
        "city": "臺北市",
        "district": "文山區",
        "category": "綠色商店",
        "name": "萊爾富國際股份有限公司-北市世新店",
        "address": "116臺北市文山區木柵路一段8號"
      }
    },
    {
      "type": "Feature",
      "geometry": {
        "type": "Point",
        "coordinates": [
          121.50777802670108,
          25.117522410081193
        ]
      },
      "properties": {
        "city": "臺北市",
        "district": "北投區",
        "category": "綠色商店",
        "name": "萊爾富國際股份有限公司-北市北天店",
        "address": "112臺北市北投區一德里中央北路四段8號1樓"
      }
    },
    {
      "type": "Feature",
      "geometry": {
        "type": "Point",
        "coordinates": [
          121.48756100451493,
          25.135468770042372
        ]
      },
      "properties": {
        "city": "臺北市",
        "district": "北投區",
        "category": "綠色商店",
        "name": "萊爾富國際股份有限公司-北市北功店",
        "address": "112臺北市北投區立德路60號"
      }
    },
    {
      "type": "Feature",
      "geometry": {
        "type": "Point",
        "coordinates": [
          121.49350613701468,
          25.130353341145746
        ]
      },
      "properties": {
        "city": "臺北市",
        "district": "北投區",
        "category": "綠色商店",
        "name": "萊爾富國際股份有限公司-北市北和店",
        "address": "112臺北市北投區中和里中和街402號1樓"
      }
    },
    {
      "type": "Feature",
      "geometry": {
        "type": "Point",
        "coordinates": [
          121.49146439811099,
          25.146888589619653
        ]
      },
      "properties": {
        "city": "臺北市",
        "district": "北投區",
        "category": "綠色商店",
        "name": "萊爾富國際股份有限公司-北市北武店",
        "address": "112臺北市北投區學園路2號（北台科學技術學院-飲和樓商場）"
      }
    },
    {
      "type": "Feature",
      "geometry": {
        "type": "Point",
        "coordinates": [
          121.53827829799897,
          25.01301196530411
        ]
      },
      "properties": {
        "city": "臺北市",
        "district": "大安區",
        "category": "綠色商店",
        "name": "萊爾富國際股份有限公司-北市北科大店",
        "address": "106臺北市大安區建國南路一段81號(台北科技大學)"
      }
    },
    {
      "type": "Feature",
      "geometry": {
        "type": "Point",
        "coordinates": [
          121.51496950393742,
          25.01750407956102
        ]
      },
      "properties": {
        "city": "臺北市",
        "district": "中正區",
        "category": "綠色商店",
        "name": "萊爾富國際股份有限公司-北市北商店",
        "address": "100臺北市中正區濟南路一段321號五育樓B1（國立台北商業技術學院）"
      }
    },
    {
      "type": "Feature",
      "geometry": {
        "type": "Point",
        "coordinates": [
          121.5103431874868,
          25.135951096159
        ]
      },
      "properties": {
        "city": "臺北市",
        "district": "北投區",
        "category": "綠色商店",
        "name": "萊爾富國際股份有限公司-北市北崗店",
        "address": "112臺北市北投區桃園里中央北路三段44.46號"
      }
    },
    {
      "type": "Feature",
      "geometry": {
        "type": "Point",
        "coordinates": [
          121.49992903689653,
          25.1393385027823
        ]
      },
      "properties": {
        "city": "臺北市",
        "district": "北投區",
        "category": "綠色商店",
        "name": "萊爾富國際股份有限公司-北市北清店",
        "address": "112台北市北投區清江路53及55號"
      }
    },
    {
      "type": "Feature",
      "geometry": {
        "type": "Point",
        "coordinates": [
          121.50952045291154,
          25.128623306041693
        ]
      },
      "properties": {
        "city": "臺北市",
        "district": "北投區",
        "category": "綠色商店",
        "name": "萊爾富國際股份有限公司-北市北華店",
        "address": "112臺北市北投區石牌路二段201號"
      }
    },
    {
      "type": "Feature",
      "geometry": {
        "type": "Point",
        "coordinates": [
          121.5038939376901,
          25.130985288747684
        ]
      },
      "properties": {
        "city": "臺北市",
        "district": "北投區",
        "category": "綠色商店",
        "name": "萊爾富國際股份有限公司-北市北裕店",
        "address": "112臺北市北投區裕民六路120號"
      }
    },
    {
      "type": "Feature",
      "geometry": {
        "type": "Point",
        "coordinates": [
          121.48780057034185,
          25.122339489588207
        ]
      },
      "properties": {
        "city": "臺北市",
        "district": "北投區",
        "category": "綠色商店",
        "name": "萊爾富國際股份有限公司-北市北達店",
        "address": "112臺北市北投區清江路47.49號"
      }
    },
    {
      "type": "Feature",
      "geometry": {
        "type": "Point",
        "coordinates": [
          121.52786582701103,
          25.02596632687991
        ]
      },
      "properties": {
        "city": "臺北市",
        "district": "中正區",
        "category": "綠色商店",
        "name": "萊爾富國際股份有限公司-北市古亭店",
        "address": "100台北市中正區辛亥路一段17巷2號及19號"
      }
    },
    {
      "type": "Feature",
      "geometry": {
        "type": "Point",
        "coordinates": [
          121.51228819530822,
          25.021156058298537
        ]
      },
      "properties": {
        "city": "臺北市",
        "district": "中正區",
        "category": "綠色商店",
        "name": "萊爾富國際股份有限公司-北市司法店",
        "address": "100臺北市中正區博愛路131號B1"
      }
    },
    {
      "type": "Feature",
      "geometry": {
        "type": "Point",
        "coordinates": [
          121.53144079365491,
          25.035665765992555
        ]
      },
      "properties": {
        "city": "臺北市",
        "district": "中正區",
        "category": "綠色商店",
        "name": "萊爾富國際股份有限公司-北市台大店",
        "address": "100台北市中正區常德街1號B1"
      }
    },
    {
      "type": "Feature",
      "geometry": {
        "type": "Point",
        "coordinates": [
          121.5420342295407,
          25.07300950864935
        ]
      },
      "properties": {
        "city": "臺北市",
        "district": "中山區",
        "category": "綠色商店",
        "name": "萊爾富國際股份有限公司-北市台泥店",
        "address": "104臺北市中山區錦州街32號"
      }
    },
    {
      "type": "Feature",
      "geometry": {
        "type": "Point",
        "coordinates": [
          121.56132741396374,
          25.01945666232788
        ]
      },
      "properties": {
        "city": "臺北市",
        "district": "信義區",
        "category": "綠色商店",
        "name": "萊爾富國際股份有限公司-北市市政店",
        "address": "110台北市信義區市府路1號(市政大樓地下二樓)"
      }
    },
    {
      "type": "Feature",
      "geometry": {
        "type": "Point",
        "coordinates": [
          121.5038542987323,
          25.02439746221724
        ]
      },
      "properties": {
        "city": "臺北市",
        "district": "中正區",
        "category": "綠色商店",
        "name": "萊爾富國際股份有限公司-北市正台店",
        "address": "100臺北市中正區常德街1號(臺大醫院)"
      }
    },
    {
      "type": "Feature",
      "geometry": {
        "type": "Point",
        "coordinates": [
          121.51459129284731,
          25.044027877747027
        ]
      },
      "properties": {
        "city": "臺北市",
        "district": "中正區",
        "category": "綠色商店",
        "name": "萊爾富國際股份有限公司-北市正光店",
        "address": "100臺北市中正區市民大道三段8號1樓(光華商場光華新天地)"
      }
    },
    {
      "type": "Feature",
      "geometry": {
        "type": "Point",
        "coordinates": [
          121.52030850467449,
          25.03420961436659
        ]
      },
      "properties": {
        "city": "臺北市",
        "district": "中正區",
        "category": "綠色商店",
        "name": "萊爾富國際股份有限公司-北市正宏店",
        "address": "100臺北市中正區八德路一段46號"
      }
    },
    {
      "type": "Feature",
      "geometry": {
        "type": "Point",
        "coordinates": [
          121.50718700540992,
          25.04146552751063
        ]
      },
      "properties": {
        "city": "臺北市",
        "district": "中正區",
        "category": "綠色商店",
        "name": "萊爾富國際股份有限公司-北市正佳店",
        "address": "100臺北市中正區辛亥路一段39.41號1樓"
      }
    },
    {
      "type": "Feature",
      "geometry": {
        "type": "Point",
        "coordinates": [
          121.51004380773396,
          25.046860081840038
        ]
      },
      "properties": {
        "city": "臺北市",
        "district": "中正區",
        "category": "綠色商店",
        "name": "萊爾富國際股份有限公司-北市正忠店",
        "address": "100台北市中正區梅花里８鄰忠孝東路一段３５號一樓全部"
      }
    },
    {
      "type": "Feature",
      "geometry": {
        "type": "Point",
        "coordinates": [
          121.51479256132572,
          25.041763459871728
        ]
      },
      "properties": {
        "city": "臺北市",
        "district": "中正區",
        "category": "綠色商店",
        "name": "萊爾富國際股份有限公司-北市正東店",
        "address": "100臺北市中正區紹興南街4-12號1樓"
      }
    },
    {
      "type": "Feature",
      "geometry": {
        "type": "Point",
        "coordinates": [
          121.5127293905561,
          25.023849070545534
        ]
      },
      "properties": {
        "city": "臺北市",
        "district": "中正區",
        "category": "綠色商店",
        "name": "萊爾富國際股份有限公司-北市正前店",
        "address": "100台北市中正區忠孝西路一段173號，台北西B站"
      }
    },
    {
      "type": "Feature",
      "geometry": {
        "type": "Point",
        "coordinates": [
          121.5309139915594,
          25.023612455412476
        ]
      },
      "properties": {
        "city": "臺北市",
        "district": "中正區",
        "category": "綠色商店",
        "name": "萊爾富國際股份有限公司-北市正泉店",
        "address": "100臺北市中正區泉州街31.34號1樓"
      }
    },
    {
      "type": "Feature",
      "geometry": {
        "type": "Point",
        "coordinates": [
          121.5026880556551,
          25.021053011677218
        ]
      },
      "properties": {
        "city": "臺北市",
        "district": "中正區",
        "category": "綠色商店",
        "name": "萊爾富國際股份有限公司-北市正博店",
        "address": "100臺北市中正區博愛路9號"
      }
    },
    {
      "type": "Feature",
      "geometry": {
        "type": "Point",
        "coordinates": [
          121.50408935722528,
          25.038296630684044
        ]
      },
      "properties": {
        "city": "臺北市",
        "district": "中正區",
        "category": "綠色商店",
        "name": "萊爾富國際股份有限公司-北市正喜店",
        "address": "100臺北市中正區板溪里牯嶺街117號1樓"
      }
    },
    {
      "type": "Feature",
      "geometry": {
        "type": "Point",
        "coordinates": [
          121.5165315035203,
          25.03048296267737
        ]
      },
      "properties": {
        "city": "臺北市",
        "district": "中正區",
        "category": "綠色商店",
        "name": "萊爾富國際股份有限公司-北市正童店",
        "address": "100臺北市中正區中山南路8號(台大兒童綜合醫院)"
      }
    },
    {
      "type": "Feature",
      "geometry": {
        "type": "Point",
        "coordinates": [
          121.51615332582465,
          25.04421577373967
        ]
      },
      "properties": {
        "city": "臺北市",
        "district": "中正區",
        "category": "綠色商店",
        "name": "萊爾富國際股份有限公司-北市正裕店",
        "address": "100臺北市中正區忠孝西路50號1樓"
      }
    },
    {
      "type": "Feature",
      "geometry": {
        "type": "Point",
        "coordinates": [
          121.50636863963706,
          25.02399432120997
        ]
      },
      "properties": {
        "city": "臺北市",
        "district": "中正區",
        "category": "綠色商店",
        "name": "萊爾富國際股份有限公司-北市正德店",
        "address": "100臺北市中正區八德路一段82巷7號1樓"
      }
    },
    {
      "type": "Feature",
      "geometry": {
        "type": "Point",
        "coordinates": [
          121.5217496341176,
          25.034586475464454
        ]
      },
      "properties": {
        "city": "臺北市",
        "district": "中正區",
        "category": "綠色商店",
        "name": "萊爾富國際股份有限公司-北市正慶店",
        "address": "100臺北市中正區衡陽路103號"
      }
    },
    {
      "type": "Feature",
      "geometry": {
        "type": "Point",
        "coordinates": [
          121.50802663393623,
          25.03864595333348
        ]
      },
      "properties": {
        "city": "臺北市",
        "district": "中正區",
        "category": "綠色商店",
        "name": "萊爾富國際股份有限公司-北市正館店",
        "address": "100臺北市中正區館前路45號1樓"
      }
    },
    {
      "type": "Feature",
      "geometry": {
        "type": "Point",
        "coordinates": [
          121.52049802484618,
          25.035405107572554
        ]
      },
      "properties": {
        "city": "臺北市",
        "district": "中正區",
        "category": "綠色商店",
        "name": "萊爾富國際股份有限公司-北市正豐店",
        "address": "100臺北市中正區許昌街26-2號"
      }
    },
    {
      "type": "Feature",
      "geometry": {
        "type": "Point",
        "coordinates": [
          121.52900024443271,
          25.022945907737046
        ]
      },
      "properties": {
        "city": "臺北市",
        "district": "中正區",
        "category": "綠色商店",
        "name": "萊爾富國際股份有限公司-北市正醫店",
        "address": "100臺北市中正區中山南路7號B1(台大醫院)"
      }
    },
    {
      "type": "Feature",
      "geometry": {
        "type": "Point",
        "coordinates": [
          121.52976326448581,
          25.034849912615783
        ]
      },
      "properties": {
        "city": "臺北市",
        "district": "中正區",
        "category": "綠色商店",
        "name": "萊爾富國際股份有限公司-北市正寶店",
        "address": "100台北市中正區寶慶路35號"
      }
    },
    {
      "type": "Feature",
      "geometry": {
        "type": "Point",
        "coordinates": [
          121.50818595901286,
          25.037949385336407
        ]
      },
      "properties": {
        "city": "臺北市",
        "district": "中正區",
        "category": "綠色商店",
        "name": "萊爾富國際股份有限公司-北市正鑽店",
        "address": "100臺北市中正區館前路36號"
      }
    },
    {
      "type": "Feature",
      "geometry": {
        "type": "Point",
        "coordinates": [
          121.53964416327989,
          25.072521893315763
        ]
      },
      "properties": {
        "city": "臺北市",
        "district": "中山區",
        "category": "綠色商店",
        "name": "萊爾富國際股份有限公司-北市民生店",
        "address": "104臺北市中山區民生西路2號"
      }
    },
    {
      "type": "Feature",
      "geometry": {
        "type": "Point",
        "coordinates": [
          121.58971110666072,
          25.066467116409957
        ]
      },
      "properties": {
        "city": "臺北市",
        "district": "內湖區",
        "category": "綠色商店",
        "name": "萊爾富國際股份有限公司-北市民東店",
        "address": "114臺北市內湖區民權東路六段69,71,75號"
      }
    },
    {
      "type": "Feature",
      "geometry": {
        "type": "Point",
        "coordinates": [
          121.56702070067769,
          25.070785211063548
        ]
      },
      "properties": {
        "city": "臺北市",
        "district": "松山區",
        "category": "綠色商店",
        "name": "萊爾富國際股份有限公司-北市民權二店",
        "address": "105臺北市松山區民權東路五段32號"
      }
    },
    {
      "type": "Feature",
      "geometry": {
        "type": "Point",
        "coordinates": [
          121.5977469788928,
          25.06097556511546
        ]
      },
      "properties": {
        "city": "臺北市",
        "district": "內湖區",
        "category": "綠色商店",
        "name": "萊爾富國際股份有限公司-北市民權三店",
        "address": "114臺北市內湖區民權東路六段90巷8號"
      }
    },
    {
      "type": "Feature",
      "geometry": {
        "type": "Point",
        "coordinates": [
          121.52333382003508,
          25.06897287442199
        ]
      },
      "properties": {
        "city": "臺北市",
        "district": "中山區",
        "category": "綠色商店",
        "name": "萊爾富國際股份有限公司-北市永捷店",
        "address": "104台北市中山區松江路27號"
      }
    },
    {
      "type": "Feature",
      "geometry": {
        "type": "Point",
        "coordinates": [
          121.5221020605058,
          25.071588553386114
        ]
      },
      "properties": {
        "city": "臺北市",
        "district": "大同區",
        "category": "綠色商店",
        "name": "萊爾富國際股份有限公司-北市甘州店",
        "address": "103臺北市大同區歸綏街183號"
      }
    },
    {
      "type": "Feature",
      "geometry": {
        "type": "Point",
        "coordinates": [
          121.50310553013965,
          25.121961134533944
        ]
      },
      "properties": {
        "city": "臺北市",
        "district": "北投區",
        "category": "綠色商店",
        "name": "萊爾富國際股份有限公司-北市立農店",
        "address": "112台北市北投區義理街96號及立農街2段292號"
      }
    },
    {
      "type": "Feature",
      "geometry": {
        "type": "Point",
        "coordinates": [
          121.50833518301388,
          25.052886198614175
        ]
      },
      "properties": {
        "city": "臺北市",
        "district": "大同區",
        "category": "綠色商店",
        "name": "萊爾富國際股份有限公司-北市同吉店",
        "address": "103臺北市大同區昌吉街63號"
      }
    },
    {
      "type": "Feature",
      "geometry": {
        "type": "Point",
        "coordinates": [
          121.52585157025973,
          25.073746301546198
        ]
      },
      "properties": {
        "city": "臺北市",
        "district": "大同區",
        "category": "綠色商店",
        "name": "萊爾富國際股份有限公司-北市同安店",
        "address": "103臺北市大同區重慶北路一段63號"
      }
    },
    {
      "type": "Feature",
      "geometry": {
        "type": "Point",
        "coordinates": [
          121.52947967360755,
          25.07629457760432
        ]
      },
      "properties": {
        "city": "臺北市",
        "district": "大同區",
        "category": "綠色商店",
        "name": "萊爾富國際股份有限公司-北市同京店",
        "address": "103臺北市大同區西寧北路35號"
      }
    },
    {
      "type": "Feature",
      "geometry": {
        "type": "Point",
        "coordinates": [
          121.50863013248153,
          25.062143677370567
        ]
      },
      "properties": {
        "city": "臺北市",
        "district": "大同區",
        "category": "綠色商店",
        "name": "萊爾富國際股份有限公司-北市同密店",
        "address": "103臺北市大同區重慶里哈密街59巷21號"
      }
    },
    {
      "type": "Feature",
      "geometry": {
        "type": "Point",
        "coordinates": [
          121.50764481665068,
          25.076595673798856
        ]
      },
      "properties": {
        "city": "臺北市",
        "district": "大同區",
        "category": "綠色商店",
        "name": "萊爾富國際股份有限公司-北市同捷店",
        "address": "103臺北市大同區長安西路52-1號B1"
      }
    },
    {
      "type": "Feature",
      "geometry": {
        "type": "Point",
        "coordinates": [
          121.50843144585097,
          25.052273966727153
        ]
      },
      "properties": {
        "city": "臺北市",
        "district": "大同區",
        "category": "綠色商店",
        "name": "萊爾富國際股份有限公司-北市同淵店",
        "address": "103臺北市大同區錦西街82號 1樓"
      }
    },
    {
      "type": "Feature",
      "geometry": {
        "type": "Point",
        "coordinates": [
          121.51053112362122,
          25.049369716659726
        ]
      },
      "properties": {
        "city": "臺北市",
        "district": "大同區",
        "category": "綠色商店",
        "name": "萊爾富國際股份有限公司-北市同達店",
        "address": "103臺北市大同區延平北路二段114.116.118號.民生西路335號"
      }
    },
    {
      "type": "Feature",
      "geometry": {
        "type": "Point",
        "coordinates": [
          121.51950224037168,
          25.051227322471178
        ]
      },
      "properties": {
        "city": "臺北市",
        "district": "大同區",
        "category": "綠色商店",
        "name": "萊爾富國際股份有限公司-北市同德店",
        "address": "103臺北市大同區承德路三段290號"
      }
    },
    {
      "type": "Feature",
      "geometry": {
        "type": "Point",
        "coordinates": [
          121.52685242014334,
          25.056322462263758
        ]
      },
      "properties": {
        "city": "臺北市",
        "district": "大同區",
        "category": "綠色商店",
        "name": "萊爾富國際股份有限公司-北市同慶店",
        "address": "103臺北市大同區重慶北路一段24號1樓"
      }
    },
    {
      "type": "Feature",
      "geometry": {
        "type": "Point",
        "coordinates": [
          121.5136214509506,
          25.066997843735003
        ]
      },
      "properties": {
        "city": "臺北市",
        "district": "大同區",
        "category": "綠色商店",
        "name": "萊爾富國際股份有限公司-北市同蝶店",
        "address": "103臺北市大同區南京西路30號"
      }
    },
    {
      "type": "Feature",
      "geometry": {
        "type": "Point",
        "coordinates": [
          121.54558443417478,
          25.062324087820084
        ]
      },
      "properties": {
        "city": "臺北市",
        "district": "中山區",
        "category": "綠色商店",
        "name": "萊爾富國際股份有限公司-北市如意店",
        "address": "104臺北市中山區松江路28,30,30-1號"
      }
    },
    {
      "type": "Feature",
      "geometry": {
        "type": "Point",
        "coordinates": [
          121.57436858990016,
          25.015580003354557
        ]
      },
      "properties": {
        "city": "臺北市",
        "district": "信義區",
        "category": "綠色商店",
        "name": "萊爾富國際股份有限公司-北市安平店",
        "address": "110臺北市信義區仁愛路四段300巷15號1樓"
      }
    },
    {
      "type": "Feature",
      "geometry": {
        "type": "Point",
        "coordinates": [
          121.55295812157756,
          25.016799781233058
        ]
      },
      "properties": {
        "city": "臺北市",
        "district": "大安區",
        "category": "綠色商店",
        "name": "萊爾富國際股份有限公司-北市安平店",
        "address": "106台北市大安區仁愛路4段300巷15號"
      }
    },
    {
      "type": "Feature",
      "geometry": {
        "type": "Point",
        "coordinates": [
          121.54564152771049,
          25.032957895408853
        ]
      },
      "properties": {
        "city": "臺北市",
        "district": "大安區",
        "category": "綠色商店",
        "name": "萊爾富國際股份有限公司-北市安弘店",
        "address": "106臺北市大安區安居街10號"
      }
    },
    {
      "type": "Feature",
      "geometry": {
        "type": "Point",
        "coordinates": [
          121.53967745685704,
          25.03911924983339
        ]
      },
      "properties": {
        "city": "臺北市",
        "district": "大安區",
        "category": "綠色商店",
        "name": "萊爾富國際股份有限公司-北市安孝店",
        "address": "106臺北市大安區忠孝東路三段287號"
      }
    },
    {
      "type": "Feature",
      "geometry": {
        "type": "Point",
        "coordinates": [
          121.54248216967069,
          25.01944616074
        ]
      },
      "properties": {
        "city": "臺北市",
        "district": "大安區",
        "category": "綠色商店",
        "name": "萊爾富國際股份有限公司-北市安建店",
        "address": "106臺北市大安區建國南路一段337號1樓"
      }
    },
    {
      "type": "Feature",
      "geometry": {
        "type": "Point",
        "coordinates": [
          121.5403096857567,
          25.034868407275546
        ]
      },
      "properties": {
        "city": "臺北市",
        "district": "大安區",
        "category": "綠色商店",
        "name": "萊爾富國際股份有限公司-北市安盈店",
        "address": "106臺北市大安區和平東路一段129號 (台灣師範大學綜合大樓)"
      }
    },
    {
      "type": "Feature",
      "geometry": {
        "type": "Point",
        "coordinates": [
          121.58122743076744,
          25.08443537448369
        ]
      },
      "properties": {
        "city": "臺北市",
        "district": "內湖區",
        "category": "綠色商店",
        "name": "萊爾富國際股份有限公司-北市安泰店",
        "address": "114臺北市內湖區安泰街32號"
      }
    },
    {
      "type": "Feature",
      "geometry": {
        "type": "Point",
        "coordinates": [
          121.54879365908238,
          25.024782222075483
        ]
      },
      "properties": {
        "city": "臺北市",
        "district": "大安區",
        "category": "綠色商店",
        "name": "萊爾富國際股份有限公司-北市安國店",
        "address": "106臺北市大安區光復南路290巷25號,25-1號"
      }
    },
    {
      "type": "Feature",
      "geometry": {
        "type": "Point",
        "coordinates": [
          121.55036218448218,
          25.032981983563392
        ]
      },
      "properties": {
        "city": "臺北市",
        "district": "大安區",
        "category": "綠色商店",
        "name": "萊爾富國際股份有限公司-北市安傑店",
        "address": "106臺北市大安區復興南路二段146-1號"
      }
    },
    {
      "type": "Feature",
      "geometry": {
        "type": "Point",
        "coordinates": [
          121.53290552792919,
          25.030574621729283
        ]
      },
      "properties": {
        "city": "臺北市",
        "district": "大安區",
        "category": "綠色商店",
        "name": "萊爾富國際股份有限公司-北市安復店",
        "address": "106臺北市大安區復興南路一段135巷21號1樓.B1"
      }
    },
    {
      "type": "Feature",
      "geometry": {
        "type": "Point",
        "coordinates": [
          121.54324334578003,
          25.037380962163716
        ]
      },
      "properties": {
        "city": "臺北市",
        "district": "大安區",
        "category": "綠色商店",
        "name": "萊爾富國際股份有限公司-北市安敦店",
        "address": "106臺北市大安區仁愛路四段112巷7號"
      }
    },
    {
      "type": "Feature",
      "geometry": {
        "type": "Point",
        "coordinates": [
          121.55443537261374,
          25.029208806284668
        ]
      },
      "properties": {
        "city": "臺北市",
        "district": "大安區",
        "category": "綠色商店",
        "name": "萊爾富國際股份有限公司-北市安皓店",
        "address": "106臺北市大安區忠孝東路四段181巷8號"
      }
    },
    {
      "type": "Feature",
      "geometry": {
        "type": "Point",
        "coordinates": [
          121.53111335944541,
          25.021948576578747
        ]
      },
      "properties": {
        "city": "臺北市",
        "district": "大安區",
        "category": "綠色商店",
        "name": "萊爾富國際股份有限公司-北市安華店",
        "address": "106臺北市大安區華聲里延吉街131巷43號1樓"
      }
    },
    {
      "type": "Feature",
      "geometry": {
        "type": "Point",
        "coordinates": [
          121.55671620744324,
          25.031904168173998
        ]
      },
      "properties": {
        "city": "臺北市",
        "district": "大安區",
        "category": "綠色商店",
        "name": "萊爾富國際股份有限公司-北市安震店",
        "address": "106臺北市大安區安東街50之2、50之3，50之4號"
      }
    },
    {
      "type": "Feature",
      "geometry": {
        "type": "Point",
        "coordinates": [
          121.5419135658648,
          25.03987887402882
        ]
      },
      "properties": {
        "city": "臺北市",
        "district": "大安區",
        "category": "綠色商店",
        "name": "萊爾富國際股份有限公司-北市安興店",
        "address": "106台北市大安區復興南路2段148號1樓全部"
      }
    },
    {
      "type": "Feature",
      "geometry": {
        "type": "Point",
        "coordinates": [
          121.54085209640934,
          25.026308622180757
        ]
      },
      "properties": {
        "city": "臺北市",
        "district": "大安區",
        "category": "綠色商店",
        "name": "萊爾富國際股份有限公司-北市安龍店",
        "address": "106臺北市大安區臥龍街145之1號"
      }
    },
    {
      "type": "Feature",
      "geometry": {
        "type": "Point",
        "coordinates": [
          121.55695104370298,
          25.0216096547293
        ]
      },
      "properties": {
        "city": "臺北市",
        "district": "大安區",
        "category": "綠色商店",
        "name": "萊爾富國際股份有限公司-北市安聯店",
        "address": "106臺北市大安區光復南路98之3號,98之5號"
      }
    },
    {
      "type": "Feature",
      "geometry": {
        "type": "Point",
        "coordinates": [
          121.54125348154886,
          25.023009345361103
        ]
      },
      "properties": {
        "city": "臺北市",
        "district": "大安區",
        "category": "綠色商店",
        "name": "萊爾富國際股份有限公司-北市安豐店",
        "address": "106臺北市大安區復興南路一段265號"
      }
    },
    {
      "type": "Feature",
      "geometry": {
        "type": "Point",
        "coordinates": [
          121.53006240695856,
          25.026952653250245
        ]
      },
      "properties": {
        "city": "臺北市",
        "district": "大安區",
        "category": "綠色商店",
        "name": "萊爾富國際股份有限公司-北市安醫店",
        "address": "106臺北市大安區仁愛路四段10號1樓(北市仁愛醫院)"
      }
    },
    {
      "type": "Feature",
      "geometry": {
        "type": "Point",
        "coordinates": [
          121.52811429434274,
          25.029252799521725
        ]
      },
      "properties": {
        "city": "臺北市",
        "district": "大安區",
        "category": "綠色商店",
        "name": "萊爾富國際股份有限公司-北市安麗店",
        "address": "106臺北市大安區金山南路二段69.71號1樓"
      }
    },
    {
      "type": "Feature",
      "geometry": {
        "type": "Point",
        "coordinates": [
          121.53776057795113,
          25.033105194010812
        ]
      },
      "properties": {
        "city": "臺北市",
        "district": "大安區",
        "category": "綠色商店",
        "name": "萊爾富國際股份有限公司-北市安鑽店",
        "address": "106臺北市大安區敦化南路一段197號"
      }
    },
    {
      "type": "Feature",
      "geometry": {
        "type": "Point",
        "coordinates": [
          121.57680426072098,
          25.074328463954735
        ]
      },
      "properties": {
        "city": "臺北市",
        "district": "內湖區",
        "category": "綠色商店",
        "name": "萊爾富國際股份有限公司-北市成康店",
        "address": "114臺北市內湖區成功路五段420巷7‧9號"
      }
    },
    {
      "type": "Feature",
      "geometry": {
        "type": "Point",
        "coordinates": [
          121.57609327195293,
          25.0744327221409
        ]
      },
      "properties": {
        "city": "臺北市",
        "district": "內湖區",
        "category": "綠色商店",
        "name": "萊爾富國際股份有限公司-北市成康店",
        "address": "114台北市內湖區成功路五段420巷7‧9號"
      }
    },
    {
      "type": "Feature",
      "geometry": {
        "type": "Point",
        "coordinates": [
          121.58813561278993,
          25.070420448467512
        ]
      },
      "properties": {
        "city": "臺北市",
        "district": "內湖區",
        "category": "綠色商店",
        "name": "萊爾富國際股份有限公司-北市米蘭店",
        "address": "114台北市內湖區內湖路一段120巷16號一樓全部"
      }
    },
    {
      "type": "Feature",
      "geometry": {
        "type": "Point",
        "coordinates": [
          121.52724060032851,
          25.068008526504187
        ]
      },
      "properties": {
        "city": "臺北市",
        "district": "大同區",
        "category": "綠色商店",
        "name": "萊爾富國際股份有限公司-北市衣蝶店",
        "address": "103臺北市大同區南京西路63號"
      }
    },
    {
      "type": "Feature",
      "geometry": {
        "type": "Point",
        "coordinates": [
          121.58644799696363,
          25.081424604932554
        ]
      },
      "properties": {
        "city": "臺北市",
        "district": "內湖區",
        "category": "綠色商店",
        "name": "萊爾富國際股份有限公司-北市宏普店",
        "address": "114臺北市內湖區民權東路六段117號"
      }
    },
    {
      "type": "Feature",
      "geometry": {
        "type": "Point",
        "coordinates": [
          121.60359077800551,
          25.056295738853503
        ]
      },
      "properties": {
        "city": "臺北市",
        "district": "內湖區",
        "category": "綠色商店",
        "name": "萊爾富國際股份有限公司-北市亞緹店",
        "address": "114台北市內湖區江南街111號"
      }
    },
    {
      "type": "Feature",
      "geometry": {
        "type": "Point",
        "coordinates": [
          121.51179300237239,
          25.049181739391457
        ]
      },
      "properties": {
        "city": "臺北市",
        "district": "大同區",
        "category": "綠色商店",
        "name": "萊爾富國際股份有限公司-北市京承店",
        "address": "103台北市大同區市民大道一段209號"
      }
    },
    {
      "type": "Feature",
      "geometry": {
        "type": "Point",
        "coordinates": [
          121.52435897981746,
          25.057850094610075
        ]
      },
      "properties": {
        "city": "臺北市",
        "district": "大同區",
        "category": "綠色商店",
        "name": "萊爾富國際股份有限公司-北市京站店",
        "address": "103臺北市大同區市民大道一段209號(國道客運京站購物廣場)"
      }
    },
    {
      "type": "Feature",
      "geometry": {
        "type": "Point",
        "coordinates": [
          121.51657928507251,
          25.03696320624885
        ]
      },
      "properties": {
        "city": "臺北市",
        "district": "中正區",
        "category": "綠色商店",
        "name": "萊爾富國際股份有限公司-北市和平店",
        "address": "100臺北市中正區延平南路210號"
      }
    },
    {
      "type": "Feature",
      "geometry": {
        "type": "Point",
        "coordinates": [
          121.50289041371245,
          25.13653440160993
        ]
      },
      "properties": {
        "city": "臺北市",
        "district": "北投區",
        "category": "綠色商店",
        "name": "萊爾富國際股份有限公司-北市和信店",
        "address": "112臺北市北投區立德路125號(和信醫院)"
      }
    },
    {
      "type": "Feature",
      "geometry": {
        "type": "Point",
        "coordinates": [
          121.50630463618889,
          25.145586335080225
        ]
      },
      "properties": {
        "city": "臺北市",
        "district": "北投區",
        "category": "綠色商店",
        "name": "萊爾富國際股份有限公司-北市奇岩店",
        "address": "112臺北市北投區中央南路二段5.7號"
      }
    },
    {
      "type": "Feature",
      "geometry": {
        "type": "Point",
        "coordinates": [
          121.53084607319575,
          25.031221522485048
        ]
      },
      "properties": {
        "city": "臺北市",
        "district": "大安區",
        "category": "綠色商店",
        "name": "萊爾富國際股份有限公司-北市居安店",
        "address": "106台北市大安區安居街15號"
      }
    },
    {
      "type": "Feature",
      "geometry": {
        "type": "Point",
        "coordinates": [
          121.52389098161134,
          25.075752885266642
        ]
      },
      "properties": {
        "city": "臺北市",
        "district": "士林區",
        "category": "綠色商店",
        "name": "萊爾富國際股份有限公司-北市延平二店",
        "address": "111臺北市士林區延平北路五段138號"
      }
    },
    {
      "type": "Feature",
      "geometry": {
        "type": "Point",
        "coordinates": [
          121.50453433103625,
          25.062246689946956
        ]
      },
      "properties": {
        "city": "臺北市",
        "district": "大同區",
        "category": "綠色商店",
        "name": "萊爾富國際股份有限公司-北市延平店",
        "address": "103臺北市大同區延平北路二段255-1號"
      }
    },
    {
      "type": "Feature",
      "geometry": {
        "type": "Point",
        "coordinates": [
          121.52942446340278,
          25.03807626279206
        ]
      },
      "properties": {
        "city": "臺北市",
        "district": "大安區",
        "category": "綠色商店",
        "name": "萊爾富國際股份有限公司-北市延吉二店",
        "address": "106臺北市大安區延吉街130號"
      }
    },
    {
      "type": "Feature",
      "geometry": {
        "type": "Point",
        "coordinates": [
          121.50615842196565,
          25.07773696956793
        ]
      },
      "properties": {
        "city": "臺北市",
        "district": "大同區",
        "category": "綠色商店",
        "name": "萊爾富國際股份有限公司-北市延年店",
        "address": "103臺北市大同區延平北路三段40號一樓"
      }
    },
    {
      "type": "Feature",
      "geometry": {
        "type": "Point",
        "coordinates": [
          121.57185338886387,
          25.06210627990786
        ]
      },
      "properties": {
        "city": "臺北市",
        "district": "松山區",
        "category": "綠色商店",
        "name": "萊爾富國際股份有限公司-北市延壽店",
        "address": "105臺北市松山區延壽街81號"
      }
    },
    {
      "type": "Feature",
      "geometry": {
        "type": "Point",
        "coordinates": [
          121.52628653663271,
          25.082536293047273
        ]
      },
      "properties": {
        "city": "臺北市",
        "district": "士林區",
        "category": "綠色商店",
        "name": "萊爾富國際股份有限公司-北市承德店",
        "address": "111臺北市士林區承德路四段80巷59號"
      }
    },
    {
      "type": "Feature",
      "geometry": {
        "type": "Point",
        "coordinates": [
          121.6122385426568,
          25.053412696337087
        ]
      },
      "properties": {
        "city": "臺北市",
        "district": "南港區",
        "category": "綠色商店",
        "name": "萊爾富國際股份有限公司-北市昆陽店",
        "address": "115臺北市南港區昆陽街99號"
      }
    },
    {
      "type": "Feature",
      "geometry": {
        "type": "Point",
        "coordinates": [
          121.54513864437534,
          25.066996987487464
        ]
      },
      "properties": {
        "city": "臺北市",
        "district": "中山區",
        "category": "綠色商店",
        "name": "萊爾富國際股份有限公司-北市明水店",
        "address": "104臺北市中山區明水路397巷7弄32號"
      }
    },
    {
      "type": "Feature",
      "geometry": {
        "type": "Point",
        "coordinates": [
          121.57664193526213,
          25.083007122377122
        ]
      },
      "properties": {
        "city": "臺北市",
        "district": "內湖區",
        "category": "綠色商店",
        "name": "萊爾富國際股份有限公司-北市明湖店",
        "address": "114臺北市內湖區民權東路六段296巷68號"
      }
    },
    {
      "type": "Feature",
      "geometry": {
        "type": "Point",
        "coordinates": [
          121.54814461581947,
          25.025607528665358
        ]
      },
      "properties": {
        "city": "臺北市",
        "district": "大安區",
        "category": "綠色商店",
        "name": "萊爾富國際股份有限公司-北市杭州店",
        "address": "106臺北市大安區杭州南路二段5號"
      }
    },
    {
      "type": "Feature",
      "geometry": {
        "type": "Point",
        "coordinates": [
          121.5546264504629,
          25.018429496407293
        ]
      },
      "properties": {
        "city": "臺北市",
        "district": "大安區",
        "category": "綠色商店",
        "name": "萊爾富國際股份有限公司-北市東方店",
        "address": "106臺北市大安區信義路四段186巷8號(東方高級工商職業學校)"
      }
    },
    {
      "type": "Feature",
      "geometry": {
        "type": "Point",
        "coordinates": [
          121.58236164918631,
          25.0216885653262
        ]
      },
      "properties": {
        "city": "臺北市",
        "district": "信義區",
        "category": "綠色商店",
        "name": "萊爾富國際股份有限公司-北市林口店",
        "address": "110臺北市信義區林口街36號"
      }
    },
    {
      "type": "Feature",
      "geometry": {
        "type": "Point",
        "coordinates": [
          121.54323399204436,
          25.05761825008452
        ]
      },
      "properties": {
        "city": "臺北市",
        "district": "中山區",
        "category": "綠色商店",
        "name": "萊爾富國際股份有限公司-北市林森店",
        "address": "104臺北市中山區林森北路101號"
      }
    },
    {
      "type": "Feature",
      "geometry": {
        "type": "Point",
        "coordinates": [
          121.58036160794371,
          25.042368659653206
        ]
      },
      "properties": {
        "city": "臺北市",
        "district": "信義區",
        "category": "綠色商店",
        "name": "萊爾富國際股份有限公司-北市松永店",
        "address": "110臺北市信義區永吉路280號"
      }
    },
    {
      "type": "Feature",
      "geometry": {
        "type": "Point",
        "coordinates": [
          121.57071375324361,
          25.068989528071747
        ]
      },
      "properties": {
        "city": "臺北市",
        "district": "松山區",
        "category": "綠色商店",
        "name": "萊爾富國際股份有限公司-北市松育店",
        "address": "105臺北市松山區八德路三段119號"
      }
    },
    {
      "type": "Feature",
      "geometry": {
        "type": "Point",
        "coordinates": [
          121.55044057354938,
          25.046656312353477
        ]
      },
      "properties": {
        "city": "臺北市",
        "district": "松山區",
        "category": "綠色商店",
        "name": "萊爾富國際股份有限公司-北市松柏店",
        "address": "105臺北市松山區光復北路102號"
      }
    },
    {
      "type": "Feature",
      "geometry": {
        "type": "Point",
        "coordinates": [
          121.55960084602492,
          25.022228076292166
        ]
      },
      "properties": {
        "city": "臺北市",
        "district": "信義區",
        "category": "綠色商店",
        "name": "萊爾富國際股份有限公司-北市松站店",
        "address": "110臺北市信義區松山路11號(松山車站)"
      }
    },
    {
      "type": "Feature",
      "geometry": {
        "type": "Point",
        "coordinates": [
          121.56903419034508,
          25.05380783209282
        ]
      },
      "properties": {
        "city": "臺北市",
        "district": "松山區",
        "category": "綠色商店",
        "name": "萊爾富國際股份有限公司-北市松康店",
        "address": "105臺北市松山區鵬程里健康路325巷12弄2號1樓"
      }
    },
    {
      "type": "Feature",
      "geometry": {
        "type": "Point",
        "coordinates": [
          121.56819710036076,
          25.045622426121085
        ]
      },
      "properties": {
        "city": "臺北市",
        "district": "松山區",
        "category": "綠色商店",
        "name": "萊爾富國際股份有限公司-北市松清店",
        "address": "105臺北市松山區南京東路五段250巷3-1號"
      }
    },
    {
      "type": "Feature",
      "geometry": {
        "type": "Point",
        "coordinates": [
          121.55733051196478,
          25.07367562833766
        ]
      },
      "properties": {
        "city": "臺北市",
        "district": "松山區",
        "category": "綠色商店",
        "name": "萊爾富國際股份有限公司-北市松華店",
        "address": "105臺北市松山區南京東路五段34號"
      }
    },
    {
      "type": "Feature",
      "geometry": {
        "type": "Point",
        "coordinates": [
          121.56273998945879,
          25.06409827480192
        ]
      },
      "properties": {
        "city": "臺北市",
        "district": "松山區",
        "category": "綠色商店",
        "name": "萊爾富國際股份有限公司-北市松運店",
        "address": "105臺北市松山區敦化北路338號(捷運松山機場)"
      }
    },
    {
      "type": "Feature",
      "geometry": {
        "type": "Point",
        "coordinates": [
          121.55140940566524,
          25.05150056906199
        ]
      },
      "properties": {
        "city": "臺北市",
        "district": "松山區",
        "category": "綠色商店",
        "name": "萊爾富國際股份有限公司-北市松遠店",
        "address": "105臺北市松山區莊敬里撫遠街369巷36號"
      }
    },
    {
      "type": "Feature",
      "geometry": {
        "type": "Point",
        "coordinates": [
          121.52620545605589,
          25.083376800090544
        ]
      },
      "properties": {
        "city": "臺北市",
        "district": "士林區",
        "category": "綠色商店",
        "name": "萊爾富國際股份有限公司-北市社子店",
        "address": "111臺北市士林區社子街63巷2號"
      }
    },
    {
      "type": "Feature",
      "geometry": {
        "type": "Point",
        "coordinates": [
          121.53470195895271,
          25.07528348286601
        ]
      },
      "properties": {
        "city": "臺北市",
        "district": "士林區",
        "category": "綠色商店",
        "name": "萊爾富國際股份有限公司-北市社正店",
        "address": "111臺北市士林區社正路27號"
      }
    },
    {
      "type": "Feature",
      "geometry": {
        "type": "Point",
        "coordinates": [
          121.55099353916131,
          25.01708706786977
        ]
      },
      "properties": {
        "city": "臺北市",
        "district": "大安區",
        "category": "綠色商店",
        "name": "萊爾富國際股份有限公司-北市虎嘯店",
        "address": "106臺北市大安區敦化南路二段174號"
      }
    },
    {
      "type": "Feature",
      "geometry": {
        "type": "Point",
        "coordinates": [
          121.59993968564365,
          25.082802075623643
        ]
      },
      "properties": {
        "city": "臺北市",
        "district": "內湖區",
        "category": "綠色商店",
        "name": "萊爾富國際股份有限公司-北市金湖店",
        "address": "114臺北市內湖區金湖路403號"
      }
    },
    {
      "type": "Feature",
      "geometry": {
        "type": "Point",
        "coordinates": [
          121.5927453594005,
          25.058644633792497
        ]
      },
      "properties": {
        "city": "臺北市",
        "district": "內湖區",
        "category": "綠色商店",
        "name": "萊爾富國際股份有限公司-北市金碧店",
        "address": "114台北市內湖區金龍路64、66號壹樓全部"
      }
    },
    {
      "type": "Feature",
      "geometry": {
        "type": "Point",
        "coordinates": [
          121.52841862811567,
          25.055398210097746
        ]
      },
      "properties": {
        "city": "臺北市",
        "district": "中山區",
        "category": "綠色商店",
        "name": "萊爾富國際股份有限公司-北市長松店",
        "address": "104台北市中山區松江路50號"
      }
    },
    {
      "type": "Feature",
      "geometry": {
        "type": "Point",
        "coordinates": [
          121.55891057474253,
          25.022889130846863
        ]
      },
      "properties": {
        "city": "臺北市",
        "district": "信義區",
        "category": "綠色商店",
        "name": "萊爾富國際股份有限公司-北市信北店",
        "address": "110臺北市信義區中坡北路17.19號1樓"
      }
    },
    {
      "type": "Feature",
      "geometry": {
        "type": "Point",
        "coordinates": [
          121.56330702573301,
          25.03922492304275
        ]
      },
      "properties": {
        "city": "臺北市",
        "district": "信義區",
        "category": "綠色商店",
        "name": "萊爾富國際股份有限公司-北市信吉店",
        "address": "110臺北市信義區永吉路125號"
      }
    },
    {
      "type": "Feature",
      "geometry": {
        "type": "Point",
        "coordinates": [
          121.57425714631884,
          25.033051299296783
        ]
      },
      "properties": {
        "city": "臺北市",
        "district": "信義區",
        "category": "綠色商店",
        "name": "萊爾富國際股份有限公司-北市信東店",
        "address": "110臺北市信義區忠孝東路五段63號1樓"
      }
    },
    {
      "type": "Feature",
      "geometry": {
        "type": "Point",
        "coordinates": [
          121.5694320664903,
          25.043149317425353
        ]
      },
      "properties": {
        "city": "臺北市",
        "district": "信義區",
        "category": "綠色商店",
        "name": "萊爾富國際股份有限公司-北市信長店",
        "address": "110臺北市信義區莊敬路290號"
      }
    },
    {
      "type": "Feature",
      "geometry": {
        "type": "Point",
        "coordinates": [
          121.57922250508071,
          25.03163540322853
        ]
      },
      "properties": {
        "city": "臺北市",
        "district": "信義區",
        "category": "綠色商店",
        "name": "萊爾富國際股份有限公司-北市信彩店",
        "address": "110臺北市信義區基隆路一段350之41.43號"
      }
    },
    {
      "type": "Feature",
      "geometry": {
        "type": "Point",
        "coordinates": [
          121.57583235872877,
          25.04326754193101
        ]
      },
      "properties": {
        "city": "臺北市",
        "district": "信義區",
        "category": "綠色商店",
        "name": "萊爾富國際股份有限公司-北市信誠店",
        "address": "110臺北市信義區松山路537號及541巷1號"
      }
    },
    {
      "type": "Feature",
      "geometry": {
        "type": "Point",
        "coordinates": [
          121.56453365826026,
          25.024285840633386
        ]
      },
      "properties": {
        "city": "臺北市",
        "district": "信義區",
        "category": "綠色商店",
        "name": "萊爾富國際股份有限公司-北市信德店",
        "address": "110臺北市信義區虎林街164巷60弄2號"
      }
    },
    {
      "type": "Feature",
      "geometry": {
        "type": "Point",
        "coordinates": [
          121.50566991209307,
          25.020484131215078
        ]
      },
      "properties": {
        "city": "臺北市",
        "district": "中正區",
        "category": "綠色商店",
        "name": "萊爾富國際股份有限公司-北市南海店",
        "address": "100臺北市中正區南海路12,14號"
      }
    },
    {
      "type": "Feature",
      "geometry": {
        "type": "Point",
        "coordinates": [
          121.60277162422493,
          25.06573190635259
        ]
      },
      "properties": {
        "city": "臺北市",
        "district": "南港區",
        "category": "綠色商店",
        "name": "萊爾富國際股份有限公司-北市南港二店",
        "address": "115臺北市南港區忠孝東路七段639號"
      }
    },
    {
      "type": "Feature",
      "geometry": {
        "type": "Point",
        "coordinates": [
          121.5978076650564,
          25.06703474759724
        ]
      },
      "properties": {
        "city": "臺北市",
        "district": "南港區",
        "category": "綠色商店",
        "name": "萊爾富國際股份有限公司-北市南港三店",
        "address": "115臺北市南港區忠孝東路六段252號"
      }
    },
    {
      "type": "Feature",
      "geometry": {
        "type": "Point",
        "coordinates": [
          121.50858031354522,
          25.059274485748976
        ]
      },
      "properties": {
        "city": "臺北市",
        "district": "大同區",
        "category": "綠色商店",
        "name": "萊爾富國際股份有限公司-北市哈密店",
        "address": "103臺北市大同區重慶北路三段278號之2"
      }
    },
    {
      "type": "Feature",
      "geometry": {
        "type": "Point",
        "coordinates": [
          121.56232960272628,
          24.998668214049076
        ]
      },
      "properties": {
        "city": "臺北市",
        "district": "文山區",
        "category": "綠色商店",
        "name": "萊爾富國際股份有限公司-北市指南店",
        "address": "116臺北市文山區指南路二段32號"
      }
    },
    {
      "type": "Feature",
      "geometry": {
        "type": "Point",
        "coordinates": [
          121.57641945552761,
          24.985145579452215
        ]
      },
      "properties": {
        "city": "臺北市",
        "district": "文山區",
        "category": "綠色商店",
        "name": "萊爾富國際股份有限公司-北市政商店",
        "address": "116台北市文山區指南路二段64號(商學院)"
      }
    },
    {
      "type": "Feature",
      "geometry": {
        "type": "Point",
        "coordinates": [
          121.57748142204711,
          25.00174124614039
        ]
      },
      "properties": {
        "city": "臺北市",
        "district": "文山區",
        "category": "綠色商店",
        "name": "萊爾富國際股份有限公司-北市政學店",
        "address": "116台北市文山區指南路二段64號"
      }
    },
    {
      "type": "Feature",
      "geometry": {
        "type": "Point",
        "coordinates": [
          121.5098014988538,
          25.123246258668807
        ]
      },
      "properties": {
        "city": "臺北市",
        "district": "北投區",
        "category": "綠色商店",
        "name": "萊爾富國際股份有限公司-北市政戰店",
        "address": "112臺北市北投區中央北路二段70號(政治作戰學校)"
      }
    },
    {
      "type": "Feature",
      "geometry": {
        "type": "Point",
        "coordinates": [
          121.5057056050168,
          25.020232020748534
        ]
      },
      "properties": {
        "city": "臺北市",
        "district": "中正區",
        "category": "綠色商店",
        "name": "萊爾富國際股份有限公司-北市秋葉原店",
        "address": "100台北市中正區八德路一段８２巷１０號"
      }
    },
    {
      "type": "Feature",
      "geometry": {
        "type": "Point",
        "coordinates": [
          121.50356126072487,
          25.054016000717112
        ]
      },
      "properties": {
        "city": "臺北市",
        "district": "大同區",
        "category": "綠色商店",
        "name": "萊爾富國際股份有限公司-北市迪化店",
        "address": "103臺北市大同區迪化街一段50號"
      }
    },
    {
      "type": "Feature",
      "geometry": {
        "type": "Point",
        "coordinates": [
          121.5630916600808,
          25.04890196653202
        ]
      },
      "properties": {
        "city": "臺北市",
        "district": "松山區",
        "category": "綠色商店",
        "name": "萊爾富國際股份有限公司-北市家聲店",
        "address": "105臺北市松山區寧安街12號(育達商職家聲樓B1)"
      }
    },
    {
      "type": "Feature",
      "geometry": {
        "type": "Point",
        "coordinates": [
          121.54708128149164,
          25.03721082326436
        ]
      },
      "properties": {
        "city": "臺北市",
        "district": "大安區",
        "category": "綠色商店",
        "name": "萊爾富國際股份有限公司-北市師範店",
        "address": "106臺北市大安區和平東路一段162號(台灣師範大學校本部)"
      }
    },
    {
      "type": "Feature",
      "geometry": {
        "type": "Point",
        "coordinates": [
          121.5625252793676,
          25.00175932568528
        ]
      },
      "properties": {
        "city": "臺北市",
        "district": "文山區",
        "category": "綠色商店",
        "name": "萊爾富國際股份有限公司-北市師鑽店",
        "address": "116臺北市文山區汀州路四段88號（師範大學汀州分部）"
      }
    },
    {
      "type": "Feature",
      "geometry": {
        "type": "Point",
        "coordinates": [
          121.51284830861309,
          25.04410692903919
        ]
      },
      "properties": {
        "city": "臺北市",
        "district": "萬華區",
        "category": "綠色商店",
        "name": "萊爾富國際股份有限公司-北市班客店",
        "address": "108台北市萬華區廣州街247號"
      }
    },
    {
      "type": "Feature",
      "geometry": {
        "type": "Point",
        "coordinates": [
          121.50677991385629,
          25.131716934447905
        ]
      },
      "properties": {
        "city": "臺北市",
        "district": "北投區",
        "category": "綠色商店",
        "name": "萊爾富國際股份有限公司-北市紗帽店",
        "address": "112台北市北投區行義路142-1及142-3號B1"
      }
    },
    {
      "type": "Feature",
      "geometry": {
        "type": "Point",
        "coordinates": [
          121.54102519617173,
          25.06388859629915
        ]
      },
      "properties": {
        "city": "臺北市",
        "district": "中山區",
        "category": "綠色商店",
        "name": "萊爾富國際股份有限公司-北市馬偕店",
        "address": "104臺北市中山區民生西路3巷2號"
      }
    },
    {
      "type": "Feature",
      "geometry": {
        "type": "Point",
        "coordinates": [
          121.573587799673,
          24.983856855408252
        ]
      },
      "properties": {
        "city": "臺北市",
        "district": "文山區",
        "category": "綠色商店",
        "name": "萊爾富國際股份有限公司-北市浣熊店",
        "address": "116臺北市文山區新光路二段30號(木柵動物園浣熊館販賣部)"
      }
    },
    {
      "type": "Feature",
      "geometry": {
        "type": "Point",
        "coordinates": [
          121.51452746136462,
          25.021146532586002
        ]
      },
      "properties": {
        "city": "臺北市",
        "district": "中正區",
        "category": "綠色商店",
        "name": "萊爾富國際股份有限公司-北市國光店",
        "address": "100臺北市中正區忠孝西路一段173號(國光客運東站)"
      }
    },
    {
      "type": "Feature",
      "geometry": {
        "type": "Point",
        "coordinates": [
          121.59237793804218,
          25.0719304444576
        ]
      },
      "properties": {
        "city": "臺北市",
        "district": "內湖區",
        "category": "綠色商店",
        "name": "萊爾富國際股份有限公司-北市國防店",
        "address": "114台北市內湖區民權東路六段１６１號"
      }
    },
    {
      "type": "Feature",
      "geometry": {
        "type": "Point",
        "coordinates": [
          121.56962319350237,
          25.024640681767433
        ]
      },
      "properties": {
        "city": "臺北市",
        "district": "信義區",
        "category": "綠色商店",
        "name": "萊爾富國際股份有限公司-北市國貿店",
        "address": "110臺北市信義區松壽路6號(世貿三館1樓展場)"
      }
    },
    {
      "type": "Feature",
      "geometry": {
        "type": "Point",
        "coordinates": [
          121.51159037638341,
          25.033305598589894
        ]
      },
      "properties": {
        "city": "臺北市",
        "district": "中正區",
        "category": "綠色商店",
        "name": "萊爾富國際股份有限公司-北市國圖店",
        "address": "100臺北市中正區中山南路20號"
      }
    },
    {
      "type": "Feature",
      "geometry": {
        "type": "Point",
        "coordinates": [
          121.57704599091464,
          25.05979884627413
        ]
      },
      "properties": {
        "city": "臺北市",
        "district": "內湖區",
        "category": "綠色商店",
        "name": "萊爾富國際股份有限公司-北市國醫店",
        "address": "114臺北市內湖區民權東路六段123巷32號"
      }
    },
    {
      "type": "Feature",
      "geometry": {
        "type": "Point",
        "coordinates": [
          121.59795806611756,
          25.06467361655236
        ]
      },
      "properties": {
        "city": "臺北市",
        "district": "內湖區",
        "category": "綠色商店",
        "name": "萊爾富國際股份有限公司-北市基湖店",
        "address": "114臺北市內湖區基湖路25號"
      }
    },
    {
      "type": "Feature",
      "geometry": {
        "type": "Point",
        "coordinates": [
          121.59838230325799,
          25.068774888078106
        ]
      },
      "properties": {
        "city": "臺北市",
        "district": "內湖區",
        "category": "綠色商店",
        "name": "萊爾富國際股份有限公司-北市康湖店",
        "address": "114臺北市內湖區安康路142號"
      }
    },
    {
      "type": "Feature",
      "geometry": {
        "type": "Point",
        "coordinates": [
          121.58809795632153,
          25.06967217140848
        ]
      },
      "properties": {
        "city": "臺北市",
        "district": "內湖區",
        "category": "綠色商店",
        "name": "萊爾富國際股份有限公司-北市康寧店",
        "address": "114臺北市內湖區康寧路三段155號"
      }
    },
    {
      "type": "Feature",
      "geometry": {
        "type": "Point",
        "coordinates": [
          121.576791169931,
          25.06592132681527
        ]
      },
      "properties": {
        "city": "臺北市",
        "district": "內湖區",
        "category": "綠色商店",
        "name": "萊爾富國際股份有限公司-北市康樂二店",
        "address": "114臺北市內湖區康樂街92號"
      }
    },
    {
      "type": "Feature",
      "geometry": {
        "type": "Point",
        "coordinates": [
          121.51384888880509,
          25.123755514464328
        ]
      },
      "properties": {
        "city": "臺北市",
        "district": "北投區",
        "category": "綠色商店",
        "name": "萊爾富國際股份有限公司-北市惇敘店",
        "address": "112臺北市北投區泉源路221號(台北私立惇敘工商)"
      }
    },
    {
      "type": "Feature",
      "geometry": {
        "type": "Point",
        "coordinates": [
          121.48764163224203,
          25.020010214661564
        ]
      },
      "properties": {
        "city": "臺北市",
        "district": "萬華區",
        "category": "綠色商店",
        "name": "萊爾富國際股份有限公司-北市梧州店",
        "address": "108臺北市萬華區梧州街29號"
      }
    },
    {
      "type": "Feature",
      "geometry": {
        "type": "Point",
        "coordinates": [
          121.52664660042186,
          25.03014612164088
        ]
      },
      "properties": {
        "city": "臺北市",
        "district": "中正區",
        "category": "綠色商店",
        "name": "萊爾富國際股份有限公司-北市紹北店",
        "address": "100臺北市中正區紹興北街33號"
      }
    },
    {
      "type": "Feature",
      "geometry": {
        "type": "Point",
        "coordinates": [
          121.5804759884385,
          25.082522472318644
        ]
      },
      "properties": {
        "city": "臺北市",
        "district": "內湖區",
        "category": "綠色商店",
        "name": "萊爾富國際股份有限公司-北市麥帥店",
        "address": "114臺北市內湖區行善路33號"
      }
    },
    {
      "type": "Feature",
      "geometry": {
        "type": "Point",
        "coordinates": [
          121.52983118632463,
          25.017493625162302
        ]
      },
      "properties": {
        "city": "臺北市",
        "district": "中正區",
        "category": "綠色商店",
        "name": "萊爾富國際股份有限公司-北市凱撒店",
        "address": "100台北市中正區南陽街1號"
      }
    },
    {
      "type": "Feature",
      "geometry": {
        "type": "Point",
        "coordinates": [
          121.58966427163675,
          25.060923223850956
        ]
      },
      "properties": {
        "city": "臺北市",
        "district": "內湖區",
        "category": "綠色商店",
        "name": "萊爾富國際股份有限公司-北市堯湖店",
        "address": "114臺北市內湖區港墘里江南街30號1樓"
      }
    },
    {
      "type": "Feature",
      "geometry": {
        "type": "Point",
        "coordinates": [
          121.55189979311155,
          25.05894409366422
        ]
      },
      "properties": {
        "city": "臺北市",
        "district": "松山區",
        "category": "綠色商店",
        "name": "萊爾富國際股份有限公司-北市敦化店",
        "address": "105臺北市松山區八德路三段12巷51弄2號"
      }
    },
    {
      "type": "Feature",
      "geometry": {
        "type": "Point",
        "coordinates": [
          121.577515010407,
          24.988563401842047
        ]
      },
      "properties": {
        "city": "臺北市",
        "district": "文山區",
        "category": "綠色商店",
        "name": "萊爾富國際股份有限公司-北市景福店",
        "address": "116臺北市文山區景福街58號"
      }
    },
    {
      "type": "Feature",
      "geometry": {
        "type": "Point",
        "coordinates": [
          121.60511769415874,
          25.052912842661097
        ]
      },
      "properties": {
        "city": "臺北市",
        "district": "南港區",
        "category": "綠色商店",
        "name": "萊爾富國際股份有限公司-北市港北店",
        "address": "115臺北市南港區合成里中坡北路50巷1號1樓"
      }
    },
    {
      "type": "Feature",
      "geometry": {
        "type": "Point",
        "coordinates": [
          121.60593258204895,
          25.044195988176096
        ]
      },
      "properties": {
        "city": "臺北市",
        "district": "南港區",
        "category": "綠色商店",
        "name": "萊爾富國際股份有限公司-北市港玉店",
        "address": "116台北市南港區南港路三段8、10號一樓全部"
      }
    },
    {
      "type": "Feature",
      "geometry": {
        "type": "Point",
        "coordinates": [
          121.59329213003835,
          25.05528351673792
        ]
      },
      "properties": {
        "city": "臺北市",
        "district": "南港區",
        "category": "綠色商店",
        "name": "萊爾富國際股份有限公司-北市港成店",
        "address": "115臺北市南港區玉成街27之1號"
      }
    },
    {
      "type": "Feature",
      "geometry": {
        "type": "Point",
        "coordinates": [
          121.6002048116116,
          25.053616040966016
        ]
      },
      "properties": {
        "city": "臺北市",
        "district": "南港區",
        "category": "綠色商店",
        "name": "萊爾富國際股份有限公司-北市港宏店",
        "address": "115臺北市南港區研究院路二段110號"
      }
    },
    {
      "type": "Feature",
      "geometry": {
        "type": "Point",
        "coordinates": [
          121.60637030154618,
          25.06677510114886
        ]
      },
      "properties": {
        "city": "臺北市",
        "district": "南港區",
        "category": "綠色商店",
        "name": "萊爾富國際股份有限公司-北市港東店",
        "address": "115臺北市南港區南港路三段2號"
      }
    },
    {
      "type": "Feature",
      "geometry": {
        "type": "Point",
        "coordinates": [
          121.6079246982436,
          25.05735145815769
        ]
      },
      "properties": {
        "city": "臺北市",
        "district": "南港區",
        "category": "綠色商店",
        "name": "萊爾富國際股份有限公司-北市港南店",
        "address": "115臺北市南港區舊莊街一段212巷2號"
      }
    },
    {
      "type": "Feature",
      "geometry": {
        "type": "Point",
        "coordinates": [
          121.59196311162327,
          25.059967930087975
        ]
      },
      "properties": {
        "city": "臺北市",
        "district": "南港區",
        "category": "綠色商店",
        "name": "萊爾富國際股份有限公司-北市港捷店",
        "address": "115臺北市南港區經貿二路1號(南港展覽館)"
      }
    },
    {
      "type": "Feature",
      "geometry": {
        "type": "Point",
        "coordinates": [
          121.59971495031216,
          25.046313569223027
        ]
      },
      "properties": {
        "city": "臺北市",
        "district": "南港區",
        "category": "綠色商店",
        "name": "萊爾富國際股份有限公司-北市港華店",
        "address": "115臺北市南港區玉成街52巷2弄1號1樓"
      }
    },
    {
      "type": "Feature",
      "geometry": {
        "type": "Point",
        "coordinates": [
          121.61172580192749,
          25.059455466407293
        ]
      },
      "properties": {
        "city": "臺北市",
        "district": "南港區",
        "category": "綠色商店",
        "name": "萊爾富國際股份有限公司-北市港運店",
        "address": "115台北市南港區玉成街52巷2弄3號1樓全部、5號1樓"
      }
    },
    {
      "type": "Feature",
      "geometry": {
        "type": "Point",
        "coordinates": [
          121.60011321091719,
          25.06284589519486
        ]
      },
      "properties": {
        "city": "臺北市",
        "district": "南港區",
        "category": "綠色商店",
        "name": "萊爾富國際股份有限公司-北市港漢店",
        "address": "115臺北市南港區東明里南港路二段4號"
      }
    },
    {
      "type": "Feature",
      "geometry": {
        "type": "Point",
        "coordinates": [
          121.59128417304942,
          25.053775682746362
        ]
      },
      "properties": {
        "city": "臺北市",
        "district": "南港區",
        "category": "綠色商店",
        "name": "萊爾富國際股份有限公司-北市港醫店",
        "address": "115臺北市南港區同德路87號(忠孝醫院)"
      }
    },
    {
      "type": "Feature",
      "geometry": {
        "type": "Point",
        "coordinates": [
          121.5967519745936,
          25.067819313325405
        ]
      },
      "properties": {
        "city": "臺北市",
        "district": "南港區",
        "category": "綠色商店",
        "name": "萊爾富國際股份有限公司-北市港鑫店",
        "address": "115台北市南港區南港路一段313號地下二樓商場"
      }
    },
    {
      "type": "Feature",
      "geometry": {
        "type": "Point",
        "coordinates": [
          121.60095983271987,
          25.06192847602885
        ]
      },
      "properties": {
        "city": "臺北市",
        "district": "內湖區",
        "category": "綠色商店",
        "name": "萊爾富國際股份有限公司-北市湖元店",
        "address": "114台北市內湖區新湖三路36號1樓"
      }
    },
    {
      "type": "Feature",
      "geometry": {
        "type": "Point",
        "coordinates": [
          121.59976220973446,
          25.07525037430345
        ]
      },
      "properties": {
        "city": "臺北市",
        "district": "內湖區",
        "category": "綠色商店",
        "name": "萊爾富國際股份有限公司-北市湖月店",
        "address": "114台北市內湖區大湖山莊街179號1樓"
      }
    },
    {
      "type": "Feature",
      "geometry": {
        "type": "Point",
        "coordinates": [
          121.59598816024693,
          25.060603478075596
        ]
      },
      "properties": {
        "city": "臺北市",
        "district": "內湖區",
        "category": "綠色商店",
        "name": "萊爾富國際股份有限公司-北市湖玉店",
        "address": "114台北市內湖區陽光街298號一樓部份"
      }
    },
    {
      "type": "Feature",
      "geometry": {
        "type": "Point",
        "coordinates": [
          121.59982223764914,
          25.074248611240492
        ]
      },
      "properties": {
        "city": "臺北市",
        "district": "內湖區",
        "category": "綠色商店",
        "name": "萊爾富國際股份有限公司-北市湖光店",
        "address": "114臺北市內湖區瑞光路188巷60號"
      }
    },
    {
      "type": "Feature",
      "geometry": {
        "type": "Point",
        "coordinates": [
          121.57736979990828,
          25.084174835637125
        ]
      },
      "properties": {
        "city": "臺北市",
        "district": "內湖區",
        "category": "綠色商店",
        "name": "萊爾富國際股份有限公司-北市湖志店",
        "address": "114臺北市內湖區內湖路一段120巷13號"
      }
    },
    {
      "type": "Feature",
      "geometry": {
        "type": "Point",
        "coordinates": [
          121.59956560487275,
          25.060540833519028
        ]
      },
      "properties": {
        "city": "臺北市",
        "district": "內湖區",
        "category": "綠色商店",
        "name": "萊爾富國際股份有限公司-北市湖宗店",
        "address": "114台北市內湖區新湖二路160.162號一樓全部"
      }
    },
    {
      "type": "Feature",
      "geometry": {
        "type": "Point",
        "coordinates": [
          121.5782426224201,
          25.073063112780964
        ]
      },
      "properties": {
        "city": "臺北市",
        "district": "內湖區",
        "category": "綠色商店",
        "name": "萊爾富國際股份有限公司-北市湖泰店",
        "address": "114台北市內湖區安泰街26.28號一樓全部"
      }
    },
    {
      "type": "Feature",
      "geometry": {
        "type": "Point",
        "coordinates": [
          121.60482678482549,
          25.069413696362446
        ]
      },
      "properties": {
        "city": "臺北市",
        "district": "內湖區",
        "category": "綠色商店",
        "name": "萊爾富國際股份有限公司-北市湖康店",
        "address": "114台北市內湖區文湖街21巷26、28號1樓及地下1樓全部(不含停車位)"
      }
    },
    {
      "type": "Feature",
      "geometry": {
        "type": "Point",
        "coordinates": [
          121.60013381682238,
          25.061272388248668
        ]
      },
      "properties": {
        "city": "臺北市",
        "district": "內湖區",
        "category": "綠色商店",
        "name": "萊爾富國際股份有限公司-北市湖森店",
        "address": "114臺北市內湖區湖元里瑞光路66巷33號"
      }
    },
    {
      "type": "Feature",
      "geometry": {
        "type": "Point",
        "coordinates": [
          121.59258150842744,
          25.084865168812374
        ]
      },
      "properties": {
        "city": "臺北市",
        "district": "內湖區",
        "category": "綠色商店",
        "name": "萊爾富國際股份有限公司-北市湖運店",
        "address": "114臺北市內湖區成功路四段186號(捷運內湖線內湖站)"
      }
    },
    {
      "type": "Feature",
      "geometry": {
        "type": "Point",
        "coordinates": [
          121.593349869467,
          25.05519740999968
        ]
      },
      "properties": {
        "city": "臺北市",
        "district": "內湖區",
        "category": "綠色商店",
        "name": "萊爾富國際股份有限公司-北市湖寧店",
        "address": "114臺北市內湖區康寧路三段75巷137號第二教學大樓B1(康寧醫護暨管理專科學校)"
      }
    },
    {
      "type": "Feature",
      "geometry": {
        "type": "Point",
        "coordinates": [
          121.57970101190209,
          25.060494666346198
        ]
      },
      "properties": {
        "city": "臺北市",
        "district": "內湖區",
        "category": "綠色商店",
        "name": "萊爾富國際股份有限公司-北市湖潤店",
        "address": "114臺北市內湖區舊宗路一段188號(內湖大潤發二館)"
      }
    },
    {
      "type": "Feature",
      "geometry": {
        "type": "Point",
        "coordinates": [
          121.5823684520133,
          25.057908703757278
        ]
      },
      "properties": {
        "city": "臺北市",
        "district": "內湖區",
        "category": "綠色商店",
        "name": "萊爾富國際股份有限公司-北市湖鑫店",
        "address": "114台北市內湖區金湖路358、358-1號"
      }
    },
    {
      "type": "Feature",
      "geometry": {
        "type": "Point",
        "coordinates": [
          121.58639297789787,
          25.07966676284538
        ]
      },
      "properties": {
        "city": "臺北市",
        "district": "內湖區",
        "category": "綠色商店",
        "name": "萊爾富國際股份有限公司-北市湖鑽店",
        "address": "114臺北市內湖區瑞光路502號"
      }
    },
    {
      "type": "Feature",
      "geometry": {
        "type": "Point",
        "coordinates": [
          121.57934062932279,
          25.016815305612333
        ]
      },
      "properties": {
        "city": "臺北市",
        "district": "信義區",
        "category": "綠色商店",
        "name": "萊爾富國際股份有限公司-北市華納店",
        "address": "110臺北市信義區松壽路16號1樓"
      }
    },
    {
      "type": "Feature",
      "geometry": {
        "type": "Point",
        "coordinates": [
          121.50459020709157,
          25.02813057417169
        ]
      },
      "properties": {
        "city": "臺北市",
        "district": "萬華區",
        "category": "綠色商店",
        "name": "萊爾富國際股份有限公司-北市華德店",
        "address": "108台北市萬華區德昌街241、243、245號"
      }
    },
    {
      "type": "Feature",
      "geometry": {
        "type": "Point",
        "coordinates": [
          121.50960702234266,
          25.082131813237783
        ]
      },
      "properties": {
        "city": "臺北市",
        "district": "士林區",
        "category": "綠色商店",
        "name": "萊爾富國際股份有限公司-北市開利店",
        "address": "111臺北市士林區社子街142,144號"
      }
    },
    {
      "type": "Feature",
      "geometry": {
        "type": "Point",
        "coordinates": [
          121.6035213552885,
          25.059548165672098
        ]
      },
      "properties": {
        "city": "臺北市",
        "district": "內湖區",
        "category": "綠色商店",
        "name": "萊爾富國際股份有限公司-北市陽光店",
        "address": "114臺北市內湖區陽光街347號"
      }
    },
    {
      "type": "Feature",
      "geometry": {
        "type": "Point",
        "coordinates": [
          121.52752791413799,
          25.065137603947413
        ]
      },
      "properties": {
        "city": "臺北市",
        "district": "大同區",
        "category": "綠色商店",
        "name": "萊爾富國際股份有限公司-北市圓捷店",
        "address": "103臺北市大同區酒泉街15號"
      }
    },
    {
      "type": "Feature",
      "geometry": {
        "type": "Point",
        "coordinates": [
          121.60159118856801,
          25.071031883752802
        ]
      },
      "properties": {
        "city": "臺北市",
        "district": "內湖區",
        "category": "綠色商店",
        "name": "萊爾富國際股份有限公司-北市新明店",
        "address": "114台北市內湖區新明路241、241-1號"
      }
    },
    {
      "type": "Feature",
      "geometry": {
        "type": "Point",
        "coordinates": [
          121.52405964294218,
          25.054422502038953
        ]
      },
      "properties": {
        "city": "臺北市",
        "district": "中山區",
        "category": "綠色商店",
        "name": "萊爾富國際股份有限公司-北市新喜店",
        "address": "104臺北市中山區德惠街167巷2號"
      }
    },
    {
      "type": "Feature",
      "geometry": {
        "type": "Point",
        "coordinates": [
          121.60292254702713,
          25.05740903823721
        ]
      },
      "properties": {
        "city": "臺北市",
        "district": "內湖區",
        "category": "綠色商店",
        "name": "萊爾富國際股份有限公司-北市新瑞店",
        "address": "114台北市內湖區瑞光路513巷36號一樓全部"
      }
    },
    {
      "type": "Feature",
      "geometry": {
        "type": "Point",
        "coordinates": [
          121.54407899326884,
          25.06004257461565
        ]
      },
      "properties": {
        "city": "臺北市",
        "district": "松山區",
        "category": "綠色商店",
        "name": "萊爾富國際股份有限公司-北市新樸實店",
        "address": "105台北市松山區寧安街12號(育達高職樸實樓一樓107教室)"
      }
    },
    {
      "type": "Feature",
      "geometry": {
        "type": "Point",
        "coordinates": [
          121.50293626984934,
          25.131003841577044
        ]
      },
      "properties": {
        "city": "臺北市",
        "district": "北投區",
        "category": "綠色商店",
        "name": "萊爾富國際股份有限公司-北市溫泉店",
        "address": "112臺北市北投區行義路154巷2號B1"
      }
    },
    {
      "type": "Feature",
      "geometry": {
        "type": "Point",
        "coordinates": [
          121.50371965865368,
          25.02285884893514
        ]
      },
      "properties": {
        "city": "臺北市",
        "district": "萬華區",
        "category": "綠色商店",
        "name": "萊爾富國際股份有限公司-北市獅子林店",
        "address": "108臺北市萬華區西寧南路36之69號"
      }
    },
    {
      "type": "Feature",
      "geometry": {
        "type": "Point",
        "coordinates": [
          121.4842107791172,
          25.043839444840707
        ]
      },
      "properties": {
        "city": "臺北市",
        "district": "萬華區",
        "category": "綠色商店",
        "name": "萊爾富國際股份有限公司-北市萬和店",
        "address": "108臺北市萬華區全德里民和街9號1樓"
      }
    },
    {
      "type": "Feature",
      "geometry": {
        "type": "Point",
        "coordinates": [
          121.50586476666328,
          25.03161378861929
        ]
      },
      "properties": {
        "city": "臺北市",
        "district": "萬華區",
        "category": "綠色商店",
        "name": "萊爾富國際股份有限公司-北市萬都店",
        "address": "108臺北市萬華區成都路29.31號"
      }
    },
    {
      "type": "Feature",
      "geometry": {
        "type": "Point",
        "coordinates": [
          121.50833984736218,
          25.03573251887727
        ]
      },
      "properties": {
        "city": "臺北市",
        "district": "萬華區",
        "category": "綠色商店",
        "name": "萊爾富國際股份有限公司-北市萬園店",
        "address": "108臺北市萬華區西園路一段170號1樓"
      }
    },
    {
      "type": "Feature",
      "geometry": {
        "type": "Point",
        "coordinates": [
          121.50442235855631,
          25.02425683771917
        ]
      },
      "properties": {
        "city": "臺北市",
        "district": "萬華區",
        "category": "綠色商店",
        "name": "萊爾富國際股份有限公司-北市萬寧店",
        "address": "108台北市萬華區長沙街二段50號"
      }
    },
    {
      "type": "Feature",
      "geometry": {
        "type": "Point",
        "coordinates": [
          121.58858032959854,
          24.99780735339607
        ]
      },
      "properties": {
        "city": "臺北市",
        "district": "文山區",
        "category": "綠色商店",
        "name": "萊爾富國際股份有限公司-北市萬興店",
        "address": "116臺北市文山區興隆路三段58號"
      }
    },
    {
      "type": "Feature",
      "geometry": {
        "type": "Point",
        "coordinates": [
          121.48525944183235,
          25.03090499718589
        ]
      },
      "properties": {
        "city": "臺北市",
        "district": "萬華區",
        "category": "綠色商店",
        "name": "萊爾富國際股份有限公司-北市萬寶店",
        "address": "108臺北市萬華區西園路二段146號1樓"
      }
    },
    {
      "type": "Feature",
      "geometry": {
        "type": "Point",
        "coordinates": [
          121.49877662610876,
          25.047385233397172
        ]
      },
      "properties": {
        "city": "臺北市",
        "district": "萬華區",
        "category": "綠色商店",
        "name": "萊爾富國際股份有限公司-北市萬鑫店",
        "address": "108台北市萬華區西園路二段134、136、138號"
      }
    },
    {
      "type": "Feature",
      "geometry": {
        "type": "Point",
        "coordinates": [
          121.58003566342843,
          24.986136508187727
        ]
      },
      "properties": {
        "city": "臺北市",
        "district": "文山區",
        "category": "綠色商店",
        "name": "萊爾富國際股份有限公司-北市試院店",
        "address": "116臺北市文山區試院路104號"
      }
    },
    {
      "type": "Feature",
      "geometry": {
        "type": "Point",
        "coordinates": [
          121.52678462114496,
          25.07318784985423
        ]
      },
      "properties": {
        "city": "臺北市",
        "district": "中山區",
        "category": "綠色商店",
        "name": "萊爾富國際股份有限公司-北市農安店",
        "address": "104臺北市中山區農安街160號"
      }
    },
    {
      "type": "Feature",
      "geometry": {
        "type": "Point",
        "coordinates": [
          121.57000798127878,
          25.05566476853638
        ]
      },
      "properties": {
        "city": "臺北市",
        "district": "松山區",
        "category": "綠色商店",
        "name": "萊爾富國際股份有限公司-北市旗艦店",
        "address": "105臺北市松山區八德路三段32號"
      }
    },
    {
      "type": "Feature",
      "geometry": {
        "type": "Point",
        "coordinates": [
          121.54109318099951,
          25.0732417823384
        ]
      },
      "properties": {
        "city": "臺北市",
        "district": "中山區",
        "category": "綠色商店",
        "name": "萊爾富國際股份有限公司-北市榮輝店",
        "address": "104臺北市中山區民權東路三段7號1樓"
      }
    },
    {
      "type": "Feature",
      "geometry": {
        "type": "Point",
        "coordinates": [
          121.57182566223221,
          25.037919032202343
        ]
      },
      "properties": {
        "city": "臺北市",
        "district": "信義區",
        "category": "綠色商店",
        "name": "萊爾富國際股份有限公司-北市福德店",
        "address": "110臺北市信義區福德街266號"
      }
    },
    {
      "type": "Feature",
      "geometry": {
        "type": "Point",
        "coordinates": [
          121.48494712565609,
          25.0284704303282
        ]
      },
      "properties": {
        "city": "臺北市",
        "district": "萬華區",
        "category": "綠色商店",
        "name": "萊爾富國際股份有限公司-北市艋舺店",
        "address": "108臺北市萬華區雙園街69號"
      }
    },
    {
      "type": "Feature",
      "geometry": {
        "type": "Point",
        "coordinates": [
          121.52178151072971,
          25.08460405163658
        ]
      },
      "properties": {
        "city": "臺北市",
        "district": "士林區",
        "category": "綠色商店",
        "name": "萊爾富國際股份有限公司-北市銘傳店",
        "address": "111臺北市士林區中山北路五段250號(銘傳大學)"
      }
    },
    {
      "type": "Feature",
      "geometry": {
        "type": "Point",
        "coordinates": [
          121.50717612865088,
          25.03453463415657
        ]
      },
      "properties": {
        "city": "臺北市",
        "district": "萬華區",
        "category": "綠色商店",
        "name": "萊爾富國際股份有限公司-北市德昌二店",
        "address": "108臺北市萬華區西園路二段281巷31號"
      }
    },
    {
      "type": "Feature",
      "geometry": {
        "type": "Point",
        "coordinates": [
          121.58631805603545,
          25.07653091865047
        ]
      },
      "properties": {
        "city": "臺北市",
        "district": "內湖區",
        "category": "綠色商店",
        "name": "萊爾富國際股份有限公司-北市德湖店",
        "address": "114臺北市內湖區文湖街21巷16號1樓.地下室"
      }
    },
    {
      "type": "Feature",
      "geometry": {
        "type": "Point",
        "coordinates": [
          121.52074647226648,
          25.078101380604018
        ]
      },
      "properties": {
        "city": "臺北市",
        "district": "中山區",
        "category": "綠色商店",
        "name": "萊爾富國際股份有限公司-北市慶泰店",
        "address": "104臺北市中山區松江路186號之1"
      }
    },
    {
      "type": "Feature",
      "geometry": {
        "type": "Point",
        "coordinates": [
          121.55730023610475,
          25.062167518347337
        ]
      },
      "properties": {
        "city": "臺北市",
        "district": "松山區",
        "category": "綠色商店",
        "name": "萊爾富國際股份有限公司-北市樸實店",
        "address": "105臺北市松山區寧安街12號(育達商職樸實樓一樓)"
      }
    },
    {
      "type": "Feature",
      "geometry": {
        "type": "Point",
        "coordinates": [
          121.60202394061263,
          25.08056340077612
        ]
      },
      "properties": {
        "city": "臺北市",
        "district": "內湖區",
        "category": "綠色商店",
        "name": "萊爾富國際股份有限公司-北市興湖店",
        "address": "114臺北市內湖區東湖路121號"
      }
    },
    {
      "type": "Feature",
      "geometry": {
        "type": "Point",
        "coordinates": [
          121.57790700464578,
          24.986298371602366
        ]
      },
      "properties": {
        "city": "臺北市",
        "district": "文山區",
        "category": "綠色商店",
        "name": "萊爾富國際股份有限公司-北市興隆店",
        "address": "116臺北市文山區興隆路二段203巷16號"
      }
    },
    {
      "type": "Feature",
      "geometry": {
        "type": "Point",
        "coordinates": [
          121.56525930574308,
          24.9774739234695
        ]
      },
      "properties": {
        "city": "臺北市",
        "district": "文山區",
        "category": "綠色商店",
        "name": "萊爾富國際股份有限公司-北市貓空店",
        "address": "116台北市文山區指南路三段38巷35號"
      }
    },
    {
      "type": "Feature",
      "geometry": {
        "type": "Point",
        "coordinates": [
          121.52861400207674,
          25.069037074554185
        ]
      },
      "properties": {
        "city": "臺北市",
        "district": "中山區",
        "category": "綠色商店",
        "name": "萊爾富國際股份有限公司-北市遼寧店",
        "address": "104臺北市中山區南京東路三段195號"
      }
    },
    {
      "type": "Feature",
      "geometry": {
        "type": "Point",
        "coordinates": [
          121.54562806490425,
          25.07163248068347
        ]
      },
      "properties": {
        "city": "臺北市",
        "district": "中山區",
        "category": "綠色商店",
        "name": "萊爾富國際股份有限公司-北市錦江店",
        "address": "104臺北市中山區錦州街276號"
      }
    },
    {
      "type": "Feature",
      "geometry": {
        "type": "Point",
        "coordinates": [
          121.51042218783279,
          25.057151762808463
        ]
      },
      "properties": {
        "city": "臺北市",
        "district": "大同區",
        "category": "綠色商店",
        "name": "萊爾富國際股份有限公司-北市靜修店",
        "address": "103臺北市大同區民生西路231號"
      }
    },
    {
      "type": "Feature",
      "geometry": {
        "type": "Point",
        "coordinates": [
          121.55482449236841,
          25.020662666300804
        ]
      },
      "properties": {
        "city": "臺北市",
        "district": "大安區",
        "category": "綠色商店",
        "name": "萊爾富國際股份有限公司-北市臨江店",
        "address": "106臺北市大安區臨江街40巷2號"
      }
    },
    {
      "type": "Feature",
      "geometry": {
        "type": "Point",
        "coordinates": [
          121.54208917743054,
          25.06597462977775
        ]
      },
      "properties": {
        "city": "臺北市",
        "district": "中山區",
        "category": "綠色商店",
        "name": "萊爾富國際股份有限公司-北市雙連店",
        "address": "104臺北市中山區民生西路62號"
      }
    },
    {
      "type": "Feature",
      "geometry": {
        "type": "Point",
        "coordinates": [
          121.52253401607398,
          25.054960968090175
        ]
      },
      "properties": {
        "city": "臺北市",
        "district": "大同區",
        "category": "綠色商店",
        "name": "萊爾富國際股份有限公司-北市雙蝶店",
        "address": "103臺北市大同區南京西路64巷9弄2號"
      }
    },
    {
      "type": "Feature",
      "geometry": {
        "type": "Point",
        "coordinates": [
          121.48933230622004,
          25.136753285781644
        ]
      },
      "properties": {
        "city": "臺北市",
        "district": "北投區",
        "category": "綠色商店",
        "name": "萊爾富國際股份有限公司-北市懷德店",
        "address": "112臺北市北投區懷德街5號"
      }
    },
    {
      "type": "Feature",
      "geometry": {
        "type": "Point",
        "coordinates": [
          121.54036110786846,
          25.011547679867025
        ]
      },
      "properties": {
        "city": "臺北市",
        "district": "大安區",
        "category": "綠色商店",
        "name": "萊爾富國際股份有限公司-北市羅斯福店",
        "address": "106臺北市大安區羅斯福路二段75之1號"
      }
    },
    {
      "type": "Feature",
      "geometry": {
        "type": "Point",
        "coordinates": [
          121.57416808182792,
          24.984132939471976
        ]
      },
      "properties": {
        "city": "臺北市",
        "district": "文山區",
        "category": "綠色商店",
        "name": "萊爾富國際股份有限公司-北市藝文店",
        "address": "116台北市文山區指南路二段64號四樓"
      }
    },
    {
      "type": "Feature",
      "geometry": {
        "type": "Point",
        "coordinates": [
          121.50686685658304,
          25.12486743339833
        ]
      },
      "properties": {
        "city": "臺北市",
        "district": "北投區",
        "category": "綠色商店",
        "name": "萊爾富國際股份有限公司-北市關渡店",
        "address": "112臺北市北投區知行路314號"
      }
    },
    {
      "type": "Feature",
      "geometry": {
        "type": "Point",
        "coordinates": [
          121.59737898963641,
          25.076263071763993
        ]
      },
      "properties": {
        "city": "臺北市",
        "district": "內湖區",
        "category": "綠色商店",
        "name": "萊爾富國際股份有限公司-北市麗湖店",
        "address": "114臺北市內湖區內湖路一段409之1號"
      }
    },
    {
      "type": "Feature",
      "geometry": {
        "type": "Point",
        "coordinates": [
          121.55739913827749,
          25.0735933054794
        ]
      },
      "properties": {
        "city": "臺北市",
        "district": "松山區",
        "category": "綠色商店",
        "name": "萊爾富國際股份有限公司-北市寶德店",
        "address": "105臺北市松山區南京東路5段61.63號"
      }
    },
    {
      "type": "Feature",
      "geometry": {
        "type": "Point",
        "coordinates": [
          121.58052681623093,
          25.06689760521801
        ]
      },
      "properties": {
        "city": "臺北市",
        "district": "內湖區",
        "category": "綠色商店",
        "name": "萊爾富國際股份有限公司-北市蘋果店",
        "address": "114臺北市內湖區行愛路141巷39號B1"
      }
    },
    {
      "type": "Feature",
      "geometry": {
        "type": "Point",
        "coordinates": [
          121.54414426685922,
          25.06608499431754
        ]
      },
      "properties": {
        "city": "臺北市",
        "district": "松山區",
        "category": "綠色商店",
        "name": "萊爾富國際股份有限公司-北市饒河店",
        "address": "105臺北市松山區饒河街35號"
      }
    },
    {
      "type": "Feature",
      "geometry": {
        "type": "Point",
        "coordinates": [
          121.58695509108696,
          25.073612036602874
        ]
      },
      "properties": {
        "city": "臺北市",
        "district": "內湖區",
        "category": "綠色商店",
        "name": "萊爾富國際股份有限公司-北市權湖店",
        "address": "114臺北市內湖區民權東路六段58號"
      }
    },
    {
      "type": "Feature",
      "geometry": {
        "type": "Point",
        "coordinates": [
          121.54177858997427,
          25.074714619798517
        ]
      },
      "properties": {
        "city": "臺北市",
        "district": "中山區",
        "category": "綠色商店",
        "name": "萊爾富國際股份有限公司-北市鑫林森店",
        "address": "104台北市中山區林森北路101號"
      }
    },
    {
      "type": "Feature",
      "geometry": {
        "type": "Point",
        "coordinates": [
          121.51075522277308,
          25.04293591089501
        ]
      },
      "properties": {
        "city": "臺北市",
        "district": "萬華區",
        "category": "綠色商店",
        "name": "萊爾富國際股份有限公司-北市鑫梧店",
        "address": "108臺北市萬華區梧州街55號"
      }
    },
    {
      "type": "Feature",
      "geometry": {
        "type": "Point",
        "coordinates": [
          121.5926689530448,
          25.072671172632266
        ]
      },
      "properties": {
        "city": "臺北市",
        "district": "內湖區",
        "category": "綠色商店",
        "name": "萊爾富國際股份有限公司-北市鑫湖店",
        "address": "114台北市內湖區基湖路35巷11號一樓全部"
      }
    },
    {
      "type": "Feature",
      "geometry": {
        "type": "Point",
        "coordinates": [
          121.53418169733415,
          25.09123688471007
        ]
      },
      "properties": {
        "city": "臺北市",
        "district": "士林區",
        "category": "綠色商店",
        "name": "義德傢俱股份有限公司",
        "address": "111臺北市士林區中山北路五段505巷2號"
      }
    },
    {
      "type": "Feature",
      "geometry": {
        "type": "Point",
        "coordinates": [
          121.53194460434251,
          25.062017097228726
        ]
      },
      "properties": {
        "city": "臺北市",
        "district": "中山區",
        "category": "綠色商店",
        "name": "遠百企業股份有限公司大直分公司",
        "address": "104臺北市中山區敬業三路123號"
      }
    },
    {
      "type": "Feature",
      "geometry": {
        "type": "Point",
        "coordinates": [
          121.56961553416642,
          25.030216197864316
        ]
      },
      "properties": {
        "city": "臺北市",
        "district": "信義區",
        "category": "綠色商店",
        "name": "遠百企業股份有限公司忠孝分公司",
        "address": "110臺北市信義區忠孝東路五段297號"
      }
    },
    {
      "type": "Feature",
      "geometry": {
        "type": "Point",
        "coordinates": [
          121.56324287988102,
          25.000048851836215
        ]
      },
      "properties": {
        "city": "臺北市",
        "district": "文山區",
        "category": "綠色商店",
        "name": "遠百企業股份有限公司景美分公司",
        "address": "116臺北市文山區景中街30巷12號"
      }
    },
    {
      "type": "Feature",
      "geometry": {
        "type": "Point",
        "coordinates": [
          121.51980830860427,
          25.06654927365901
        ]
      },
      "properties": {
        "city": "臺北市",
        "district": "中山區",
        "category": "綠色商店",
        "name": "潤泰創新國際股份有限公司中崙分公司",
        "address": "104臺北市中山區八德路二段306號地下2樓之3、地下3樓"
      }
    },
    {
      "type": "Feature",
      "geometry": {
        "type": "Point",
        "coordinates": [
          121.5106855884398,
          25.04579172439717
        ]
      },
      "properties": {
        "city": "臺北市",
        "district": "中正區",
        "category": "綠色商店",
        "name": "燦坤實業股份有限公司八德分公司",
        "address": "100台北市中正區八德路一段102號"
      }
    },
    {
      "type": "Feature",
      "geometry": {
        "type": "Point",
        "coordinates": [
          121.5225317837551,
          25.086481082482905
        ]
      },
      "properties": {
        "city": "臺北市",
        "district": "士林區",
        "category": "綠色商店",
        "name": "燦坤實業股份有限公司士林旗艦分公司",
        "address": "111台北市士林區中正路115號"
      }
    },
    {
      "type": "Feature",
      "geometry": {
        "type": "Point",
        "coordinates": [
          121.54526007552246,
          25.036980049087475
        ]
      },
      "properties": {
        "city": "臺北市",
        "district": "大安區",
        "category": "綠色商店",
        "name": "燦坤實業股份有限公司大安分公司",
        "address": "106台北市大安區信義路三段153號"
      }
    },
    {
      "type": "Feature",
      "geometry": {
        "type": "Point",
        "coordinates": [
          121.52619117360152,
          25.054825231959324
        ]
      },
      "properties": {
        "city": "臺北市",
        "district": "中山區",
        "category": "綠色商店",
        "name": "燦坤實業股份有限公司大直分公司",
        "address": "104台北市中山區北安路633號1F、B1"
      }
    },
    {
      "type": "Feature",
      "geometry": {
        "type": "Point",
        "coordinates": [
          121.59958078310194,
          25.07565634296916
        ]
      },
      "properties": {
        "city": "臺北市",
        "district": "內湖區",
        "category": "綠色商店",
        "name": "燦坤實業股份有限公司內湖旗艦分公司",
        "address": "114台北市內湖區堤頂大道一段331號"
      }
    },
    {
      "type": "Feature",
      "geometry": {
        "type": "Point",
        "coordinates": [
          121.52033949151958,
          25.091080140763818
        ]
      },
      "properties": {
        "city": "臺北市",
        "district": "士林區",
        "category": "綠色商店",
        "name": "燦坤實業股份有限公司天母分公司",
        "address": "111台北市士林區天母北路３０號"
      }
    },
    {
      "type": "Feature",
      "geometry": {
        "type": "Point",
        "coordinates": [
          121.53748170049532,
          25.077233961802914
        ]
      },
      "properties": {
        "city": "臺北市",
        "district": "士林區",
        "category": "綠色商店",
        "name": "燦坤實業股份有限公司天母蘭雅分公司",
        "address": "111台北市士林區中山北路六段238號1-2F"
      }
    },
    {
      "type": "Feature",
      "geometry": {
        "type": "Point",
        "coordinates": [
          121.57885384292264,
          25.07016641409071
        ]
      },
      "properties": {
        "city": "臺北市",
        "district": "內湖區",
        "category": "綠色商店",
        "name": "燦坤實業股份有限公司文德分公司",
        "address": "114台北市內湖區文德路212號"
      }
    },
    {
      "type": "Feature",
      "geometry": {
        "type": "Point",
        "coordinates": [
          121.56196349116497,
          25.00043344935844
        ]
      },
      "properties": {
        "city": "臺北市",
        "district": "文山區",
        "category": "綠色商店",
        "name": "燦坤實業股份有限公司木新分公司",
        "address": "116台北市文山區木新路3段212號"
      }
    },
    {
      "type": "Feature",
      "geometry": {
        "type": "Point",
        "coordinates": [
          121.4858253811629,
          25.134449656478978
        ]
      },
      "properties": {
        "city": "臺北市",
        "district": "北投區",
        "category": "綠色商店",
        "name": "燦坤實業股份有限公司北投旗艦分公司",
        "address": "112台北市北投區北投路2段13號B1"
      }
    },
    {
      "type": "Feature",
      "geometry": {
        "type": "Point",
        "coordinates": [
          121.60494742368411,
          25.06017861900921
        ]
      },
      "properties": {
        "city": "臺北市",
        "district": "內湖區",
        "category": "綠色商店",
        "name": "燦坤實業股份有限公司台北西湖分公司",
        "address": "114台北市內湖區內湖路一段323巷11號1F.B1"
      }
    },
    {
      "type": "Feature",
      "geometry": {
        "type": "Point",
        "coordinates": [
          121.51433146494401,
          25.05387974755216
        ]
      },
      "properties": {
        "city": "臺北市",
        "district": "大同區",
        "category": "綠色商店",
        "name": "燦坤實業股份有限公司民族西分公司",
        "address": "103台北市大同區民族西路136號1至3樓及138號2、3樓"
      }
    },
    {
      "type": "Feature",
      "geometry": {
        "type": "Point",
        "coordinates": [
          121.57489695188562,
          25.021724015958057
        ]
      },
      "properties": {
        "city": "臺北市",
        "district": "信義區",
        "category": "綠色商店",
        "name": "燦坤實業股份有限公司永春分公司",
        "address": "110台北市信義區大道路16號、16號地下1樓"
      }
    },
    {
      "type": "Feature",
      "geometry": {
        "type": "Point",
        "coordinates": [
          121.48631136823984,
          25.136046213101793
        ]
      },
      "properties": {
        "city": "臺北市",
        "district": "北投區",
        "category": "綠色商店",
        "name": "燦坤實業股份有限公司石牌分公司",
        "address": "112台北市北投區石牌路二段99巷1號"
      }
    },
    {
      "type": "Feature",
      "geometry": {
        "type": "Point",
        "coordinates": [
          121.5520059057347,
          25.06376413684619
        ]
      },
      "properties": {
        "city": "臺北市",
        "district": "松山區",
        "category": "綠色商店",
        "name": "燦坤實業股份有限公司吉祥分公司",
        "address": "105台北市松山區南京東路五段40號2F"
      }
    },
    {
      "type": "Feature",
      "geometry": {
        "type": "Point",
        "coordinates": [
          121.50730331182343,
          25.025126984841897
        ]
      },
      "properties": {
        "city": "臺北市",
        "district": "萬華區",
        "category": "綠色商店",
        "name": "燦坤實業股份有限公司西藏分公司",
        "address": "108台北市萬華區西藏路217與219號B1-1F"
      }
    },
    {
      "type": "Feature",
      "geometry": {
        "type": "Point",
        "coordinates": [
          121.52681239093646,
          25.041146967920444
        ]
      },
      "properties": {
        "city": "臺北市",
        "district": "中正區",
        "category": "綠色商店",
        "name": "燦坤實業股份有限公司和平旗艦分公司",
        "address": "100台北市中正區和平西路一段13號"
      }
    },
    {
      "type": "Feature",
      "geometry": {
        "type": "Point",
        "coordinates": [
          121.54684748842537,
          25.06348415514204
        ]
      },
      "properties": {
        "city": "臺北市",
        "district": "松山區",
        "category": "綠色商店",
        "name": "燦坤實業股份有限公司延吉分公司",
        "address": "105台北市松山區延吉街30巷11號及9號地下1樓"
      }
    },
    {
      "type": "Feature",
      "geometry": {
        "type": "Point",
        "coordinates": [
          121.55422660520532,
          25.036843644055274
        ]
      },
      "properties": {
        "city": "臺北市",
        "district": "大安區",
        "category": "綠色商店",
        "name": "燦坤實業股份有限公司忠孝分公司",
        "address": "106台北市大安區忠孝東路四段212號B1"
      }
    },
    {
      "type": "Feature",
      "geometry": {
        "type": "Point",
        "coordinates": [
          121.58202219154053,
          25.027294798626244
        ]
      },
      "properties": {
        "city": "臺北市",
        "district": "信義區",
        "category": "綠色商店",
        "name": "燦坤實業股份有限公司忠孝永春分公司",
        "address": "110台北市信義區忠孝東路五段297-1號1 2F"
      }
    },
    {
      "type": "Feature",
      "geometry": {
        "type": "Point",
        "coordinates": [
          121.5507212857589,
          25.033769541167576
        ]
      },
      "properties": {
        "city": "臺北市",
        "district": "大安區",
        "category": "綠色商店",
        "name": "燦坤實業股份有限公司忠孝復興分公司",
        "address": "106台北市大安區復興南路1段206號1-2F"
      }
    },
    {
      "type": "Feature",
      "geometry": {
        "type": "Point",
        "coordinates": [
          121.50675709905569,
          25.021268916454897
        ]
      },
      "properties": {
        "city": "臺北市",
        "district": "萬華區",
        "category": "綠色商店",
        "name": "燦坤實業股份有限公司昆明分公司",
        "address": "108台北市萬華區昆明街120號及122號1-2F"
      }
    },
    {
      "type": "Feature",
      "geometry": {
        "type": "Point",
        "coordinates": [
          121.52981027402694,
          25.046359812168852
        ]
      },
      "properties": {
        "city": "臺北市",
        "district": "中正區",
        "category": "綠色商店",
        "name": "燦坤實業股份有限公司東門分公司",
        "address": "100台北市中正區金山南路一段155號B1"
      }
    },
    {
      "type": "Feature",
      "geometry": {
        "type": "Point",
        "coordinates": [
          121.60102464613615,
          25.076797420113728
        ]
      },
      "properties": {
        "city": "臺北市",
        "district": "內湖區",
        "category": "綠色商店",
        "name": "燦坤實業股份有限公司東湖分公司",
        "address": "114台北市內湖區康寧路三段74號1樓"
      }
    },
    {
      "type": "Feature",
      "geometry": {
        "type": "Point",
        "coordinates": [
          121.52946350530007,
          25.099155641470556
        ]
      },
      "properties": {
        "city": "臺北市",
        "district": "士林區",
        "category": "綠色商店",
        "name": "燦坤實業股份有限公司社子分公司",
        "address": "111台北市士林區延平北路5段282號B1.1F"
      }
    },
    {
      "type": "Feature",
      "geometry": {
        "type": "Point",
        "coordinates": [
          121.56411653863606,
          25.0211993542881
        ]
      },
      "properties": {
        "city": "臺北市",
        "district": "信義區",
        "category": "綠色商店",
        "name": "燦坤實業股份有限公司信義分公司",
        "address": "110臺北市信義區信義路4段375號"
      }
    },
    {
      "type": "Feature",
      "geometry": {
        "type": "Point",
        "coordinates": [
          121.53525048569263,
          25.07206864346917
        ]
      },
      "properties": {
        "city": "臺北市",
        "district": "中山區",
        "category": "綠色商店",
        "name": "燦坤實業股份有限公司南京分公司",
        "address": "104台北市中山區南京東路三段9號"
      }
    },
    {
      "type": "Feature",
      "geometry": {
        "type": "Point",
        "coordinates": [
          121.53106425506732,
          25.078683750783693
        ]
      },
      "properties": {
        "city": "臺北市",
        "district": "中山區",
        "category": "綠色商店",
        "name": "燦坤實業股份有限公司南京旗艦分公司",
        "address": "104台北市中山區南京東路二段6號"
      }
    },
    {
      "type": "Feature",
      "geometry": {
        "type": "Point",
        "coordinates": [
          121.59181201432978,
          25.061867553373393
        ]
      },
      "properties": {
        "city": "臺北市",
        "district": "南港區",
        "category": "綠色商店",
        "name": "燦坤實業股份有限公司南港興中分公司",
        "address": "115台北市南港區興中路56巷11號及13號地下1樓"
      }
    },
    {
      "type": "Feature",
      "geometry": {
        "type": "Point",
        "coordinates": [
          121.57517200474712,
          25.002257091221352
        ]
      },
      "properties": {
        "city": "臺北市",
        "district": "文山區",
        "category": "綠色商店",
        "name": "燦坤實業股份有限公司政大營業所",
        "address": "116台北市文山區指南路2段53號1-2F 51號2F"
      }
    },
    {
      "type": "Feature",
      "geometry": {
        "type": "Point",
        "coordinates": [
          121.52118314769709,
          25.05161382505141
        ]
      },
      "properties": {
        "city": "臺北市",
        "district": "中山區",
        "category": "綠色商店",
        "name": "燦坤實業股份有限公司美麗華營業所",
        "address": "104台北市中山區樂群三路289號"
      }
    },
    {
      "type": "Feature",
      "geometry": {
        "type": "Point",
        "coordinates": [
          121.5202721602106,
          25.043579556513986
        ]
      },
      "properties": {
        "city": "臺北市",
        "district": "中正區",
        "category": "綠色商店",
        "name": "燦坤實業股份有限公司站前分公司",
        "address": "100台北市中正區館前路4-6號"
      }
    },
    {
      "type": "Feature",
      "geometry": {
        "type": "Point",
        "coordinates": [
          121.53607690116102,
          25.014000570722917
        ]
      },
      "properties": {
        "city": "臺北市",
        "district": "大安區",
        "category": "綠色商店",
        "name": "燦坤實業股份有限公司通化分公司",
        "address": "106台北市大安區通化街198號1F"
      }
    },
    {
      "type": "Feature",
      "geometry": {
        "type": "Point",
        "coordinates": [
          121.55660381493183,
          25.0401700142985
        ]
      },
      "properties": {
        "city": "臺北市",
        "district": "信義區",
        "category": "綠色商店",
        "name": "燦坤實業股份有限公司富陽分公司",
        "address": "110台北市信義區和平東路3段333號B1"
      }
    },
    {
      "type": "Feature",
      "geometry": {
        "type": "Point",
        "coordinates": [
          121.56073244093402,
          25.06855580044607
        ]
      },
      "properties": {
        "city": "臺北市",
        "district": "松山區",
        "category": "綠色商店",
        "name": "燦坤實業股份有限公司復北分公司",
        "address": "105台北市松山區復興北路325號"
      }
    },
    {
      "type": "Feature",
      "geometry": {
        "type": "Point",
        "coordinates": [
          121.5716226129164,
          24.98571295274626
        ]
      },
      "properties": {
        "city": "臺北市",
        "district": "文山區",
        "category": "綠色商店",
        "name": "燦坤實業股份有限公司景美分公司",
        "address": "116台北市文山區景興路200號1樓"
      }
    },
    {
      "type": "Feature",
      "geometry": {
        "type": "Point",
        "coordinates": [
          121.51133667523288,
          25.131695670973066
        ]
      },
      "properties": {
        "city": "臺北市",
        "district": "北投區",
        "category": "綠色商店",
        "name": "燦坤實業股份有限公司新北投分公司",
        "address": "112台北市北投區中和街14號1樓"
      }
    },
    {
      "type": "Feature",
      "geometry": {
        "type": "Point",
        "coordinates": [
          121.56095988279444,
          25.04783230891181
        ]
      },
      "properties": {
        "city": "臺北市",
        "district": "松山區",
        "category": "綠色商店",
        "name": "燦坤實業股份有限公司新民生分公司",
        "address": "105台北市松山區民生東路五段119-2號1樓、B1"
      }
    },
    {
      "type": "Feature",
      "geometry": {
        "type": "Point",
        "coordinates": [
          121.54964873121071,
          25.064222679145253
        ]
      },
      "properties": {
        "city": "臺北市",
        "district": "松山區",
        "category": "綠色商店",
        "name": "燦坤實業股份有限公司新京華分公司",
        "address": "105台北市松山區八德店四段171號1f.169-171號b1"
      }
    },
    {
      "type": "Feature",
      "geometry": {
        "type": "Point",
        "coordinates": [
          121.5567194253537,
          25.06656914794715
        ]
      },
      "properties": {
        "city": "臺北市",
        "district": "松山區",
        "category": "綠色商店",
        "name": "燦坤實業股份有限公司新松山分公司",
        "address": "105台北市松山區八德路四段650號1樓"
      }
    },
    {
      "type": "Feature",
      "geometry": {
        "type": "Point",
        "coordinates": [
          121.50183275912426,
          25.04525990019834
        ]
      },
      "properties": {
        "city": "臺北市",
        "district": "萬華區",
        "category": "綠色商店",
        "name": "燦坤實業股份有限公司萬大分公司",
        "address": "108台北市萬華區萬大路331號1F"
      }
    },
    {
      "type": "Feature",
      "geometry": {
        "type": "Point",
        "coordinates": [
          121.53049656602893,
          25.07673244800611
        ]
      },
      "properties": {
        "city": "臺北市",
        "district": "中山區",
        "category": "綠色商店",
        "name": "燦坤實業股份有限公司農安分公司",
        "address": "104台北市中山區農安街19號2樓"
      }
    },
    {
      "type": "Feature",
      "geometry": {
        "type": "Point",
        "coordinates": [
          121.52749813386026,
          25.073186677506367
        ]
      },
      "properties": {
        "city": "臺北市",
        "district": "大同區",
        "category": "綠色商店",
        "name": "燦坤實業股份有限公司寧夏分公司",
        "address": "103台北市大同區民生西路204號1-3樓"
      }
    },
    {
      "type": "Feature",
      "geometry": {
        "type": "Point",
        "coordinates": [
          121.52793451525827,
          25.088310955499487
        ]
      },
      "properties": {
        "city": "臺北市",
        "district": "士林區",
        "category": "綠色商店",
        "name": "燦坤實業股份有限公司劍潭分公司",
        "address": "111台北市士林區承德路4段83-1號及83-2號1-2F"
      }
    },
    {
      "type": "Feature",
      "geometry": {
        "type": "Point",
        "coordinates": [
          121.5221236114969,
          25.07578859264233
        ]
      },
      "properties": {
        "city": "臺北市",
        "district": "士林區",
        "category": "綠色商店",
        "name": "燦坤實業股份有限公司德行分公司",
        "address": "111台北市士林區德行東路223號B1-1F"
      }
    },
    {
      "type": "Feature",
      "geometry": {
        "type": "Point",
        "coordinates": [
          121.54628723469324,
          25.038036156132776
        ]
      },
      "properties": {
        "city": "臺北市",
        "district": "大安區",
        "category": "綠色商店",
        "name": "燦坤實業股份有限公司樂業分公司",
        "address": "106台北市大安區樂業街127號B1.1F"
      }
    },
    {
      "type": "Feature",
      "geometry": {
        "type": "Point",
        "coordinates": [
          121.57900415422385,
          24.98462718698461
        ]
      },
      "properties": {
        "city": "臺北市",
        "district": "文山區",
        "category": "綠色商店",
        "name": "燦坤實業股份有限公司興隆分公司",
        "address": "116台北市文山區興隆路二段252號B1"
      }
    },
    {
      "type": "Feature",
      "geometry": {
        "type": "Point",
        "coordinates": [
          121.53524670695253,
          25.065185133993086
        ]
      },
      "properties": {
        "city": "臺北市",
        "district": "中山區",
        "category": "綠色商店",
        "name": "燦坤實業股份有限公司錦西分公司",
        "address": "104台北市中山區錦西街14-1號B1.1F"
      }
    },
    {
      "type": "Feature",
      "geometry": {
        "type": "Point",
        "coordinates": [
          121.51172839306456,
          25.038290375230538
        ]
      },
      "properties": {
        "city": "臺北市",
        "district": "",
        "category": "綠色商店",
        "name": "鴻源汽車股份有限公司大安分公司",
        "address": "106台北市新生南路1段141-8號"
      }
    },
    {
      "type": "Feature",
      "geometry": {
        "type": "Point",
        "coordinates": [
          121.45074603680854,
          25.005418650948453
        ]
      },
      "properties": {
        "city": "新北市",
        "district": "板橋區",
        "category": "綠色商店",
        "name": "台象股份有限公司-象印板橋服務中心",
        "address": "220新北市板橋區國光路52號1樓"
      }
    },
    {
      "type": "Feature",
      "geometry": {
        "type": "Point",
        "coordinates": [
          121.43256622227777,
          25.02288277282565
        ]
      },
      "properties": {
        "city": "新北市",
        "district": "新莊區",
        "category": "綠色商店",
        "name": "7-11一級棒門市",
        "address": "242新北市新莊區中山路3段488.490號"
      }
    },
    {
      "type": "Feature",
      "geometry": {
        "type": "Point",
        "coordinates": [
          121.50553647156246,
          25.005850858983568
        ]
      },
      "properties": {
        "city": "新北市",
        "district": "中和區",
        "category": "綠色商店",
        "name": "7-11一新門市",
        "address": "235新北市中和區福祥里27鄰永和路56.58號1樓."
      }
    },
    {
      "type": "Feature",
      "geometry": {
        "type": "Point",
        "coordinates": [
          121.81699198592672,
          25.108254976912765
        ]
      },
      "properties": {
        "city": "新北市",
        "district": "瑞芳區",
        "category": "綠色商店",
        "name": "7-11九份門市",
        "address": "224新北市瑞芳區基山街3號"
      }
    },
    {
      "type": "Feature",
      "geometry": {
        "type": "Point",
        "coordinates": [
          121.47808162416044,
          25.069047658591945
        ]
      },
      "properties": {
        "city": "新北市",
        "district": "蘆洲區",
        "category": "綠色商店",
        "name": "7-11九芎門市",
        "address": "247新北市蘆洲區中山二路272號."
      }
    },
    {
      "type": "Feature",
      "geometry": {
        "type": "Point",
        "coordinates": [
          121.35108454748371,
          24.961937086652764
        ]
      },
      "properties": {
        "city": "新北市",
        "district": "鶯歌區",
        "category": "綠色商店",
        "name": "7-11二橋門市",
        "address": "239新北市鶯歌區中正三路93號"
      }
    },
    {
      "type": "Feature",
      "geometry": {
        "type": "Point",
        "coordinates": [
          121.41024991572407,
          25.153629526186148
        ]
      },
      "properties": {
        "city": "新北市",
        "district": "八里區",
        "category": "綠色商店",
        "name": "7-11八仙門市",
        "address": "249新北市八里區中華路二段306號"
      }
    },
    {
      "type": "Feature",
      "geometry": {
        "type": "Point",
        "coordinates": [
          121.39647393532516,
          25.152789421160545
        ]
      },
      "properties": {
        "city": "新北市",
        "district": "八里區",
        "category": "綠色商店",
        "name": "7-11八里門市",
        "address": "249新北市八里區中山路二段341號"
      }
    },
    {
      "type": "Feature",
      "geometry": {
        "type": "Point",
        "coordinates": [
          121.44441913520112,
          25.05028057181365
        ]
      },
      "properties": {
        "city": "新北市",
        "district": "泰山區",
        "category": "綠色商店",
        "name": "7-11十八甲門市",
        "address": "243新北市泰山區福興一街87號"
      }
    },
    {
      "type": "Feature",
      "geometry": {
        "type": "Point",
        "coordinates": [
          121.81040329420622,
          25.1162110369561
        ]
      },
      "properties": {
        "city": "新北市",
        "district": "瑞芳區",
        "category": "綠色商店",
        "name": "7-11三爪坑門市",
        "address": "224新北市瑞芳區三爪子坑路15、17號"
      }
    },
    {
      "type": "Feature",
      "geometry": {
        "type": "Point",
        "coordinates": [
          121.50224460259628,
          25.050384761633318
        ]
      },
      "properties": {
        "city": "新北市",
        "district": "三重區",
        "category": "綠色商店",
        "name": "7-11三好門市",
        "address": "241新北市三重區溪美里仁愛街367號"
      }
    },
    {
      "type": "Feature",
      "geometry": {
        "type": "Point",
        "coordinates": [
          121.48639637508307,
          25.072185092307716
        ]
      },
      "properties": {
        "city": "新北市",
        "district": "三重區",
        "category": "綠色商店",
        "name": "7-11三安門市",
        "address": "241新北市三重區正義北路235號"
      }
    },
    {
      "type": "Feature",
      "geometry": {
        "type": "Point",
        "coordinates": [
          121.44091560544857,
          25.02729158858122
        ]
      },
      "properties": {
        "city": "新北市",
        "district": "新莊區",
        "category": "綠色商店",
        "name": "7-11三洋門市",
        "address": "242新北市新莊區中正路612-1號"
      }
    },
    {
      "type": "Feature",
      "geometry": {
        "type": "Point",
        "coordinates": [
          121.48279842804432,
          25.076954663124987
        ]
      },
      "properties": {
        "city": "新北市",
        "district": "三重區",
        "category": "綠色商店",
        "name": "7-11三重門市",
        "address": "241新北市三重區重新路3段18號"
      }
    },
    {
      "type": "Feature",
      "geometry": {
        "type": "Point",
        "coordinates": [
          121.43651896570158,
          24.978289277832996
        ]
      },
      "properties": {
        "city": "新北市",
        "district": "樹林區",
        "category": "綠色商店",
        "name": "7-11三暉門市",
        "address": "238新北市樹林區樹福里復興路1號"
      }
    },
    {
      "type": "Feature",
      "geometry": {
        "type": "Point",
        "coordinates": [
          121.3579669330682,
          24.96639267182622
        ]
      },
      "properties": {
        "city": "新北市",
        "district": "鶯歌區",
        "category": "綠色商店",
        "name": "7-11三靖門市",
        "address": "239新北市鶯歌區三鶯路52號一樓"
      }
    },
    {
      "type": "Feature",
      "geometry": {
        "type": "Point",
        "coordinates": [
          121.47840133860228,
          25.05039273392736
        ]
      },
      "properties": {
        "city": "新北市",
        "district": "三重區",
        "category": "綠色商店",
        "name": "7-11下竹圍門市",
        "address": "241新北市三重區下竹圍街26號"
      }
    },
    {
      "type": "Feature",
      "geometry": {
        "type": "Point",
        "coordinates": [
          121.45082875254515,
          24.97507584662294
        ]
      },
      "properties": {
        "city": "新北市",
        "district": "土城區",
        "category": "綠色商店",
        "name": "7-11上北可門市",
        "address": "236新北市土城區明德路一段232號"
      }
    },
    {
      "type": "Feature",
      "geometry": {
        "type": "Point",
        "coordinates": [
          121.53231595162167,
          24.961853250245518
        ]
      },
      "properties": {
        "city": "新北市",
        "district": "新店區",
        "category": "綠色商店",
        "name": "7-11凡賽絲門市",
        "address": "231新北市新店區安民街248號"
      }
    },
    {
      "type": "Feature",
      "geometry": {
        "type": "Point",
        "coordinates": [
          121.41572924558483,
          24.979617044500376
        ]
      },
      "properties": {
        "city": "新北市",
        "district": "樹林區",
        "category": "綠色商店",
        "name": "7-11千歲門市",
        "address": "238新北市樹林區千歲街26-10號"
      }
    },
    {
      "type": "Feature",
      "geometry": {
        "type": "Point",
        "coordinates": [
          121.45972287998508,
          25.011059896053496
        ]
      },
      "properties": {
        "city": "新北市",
        "district": "板橋區",
        "category": "綠色商店",
        "name": "7-11千群門市",
        "address": "220新北市板橋區東丘里民享街53號"
      }
    },
    {
      "type": "Feature",
      "geometry": {
        "type": "Point",
        "coordinates": [
          121.42947100697232,
          24.971238928575143
        ]
      },
      "properties": {
        "city": "新北市",
        "district": "土城區",
        "category": "綠色商店",
        "name": "7-11土城門市",
        "address": "236新北市土城區中央路三段42號"
      }
    },
    {
      "type": "Feature",
      "geometry": {
        "type": "Point",
        "coordinates": [
          121.43632120486666,
          25.08749876340713
        ]
      },
      "properties": {
        "city": "新北市",
        "district": "五股區",
        "category": "綠色商店",
        "name": "7-11大五股門市",
        "address": "248新北市五股區成泰路2段81號"
      }
    },
    {
      "type": "Feature",
      "geometry": {
        "type": "Point",
        "coordinates": [
          121.52186164734226,
          25.00383981229539
        ]
      },
      "properties": {
        "city": "新北市",
        "district": "永和區",
        "category": "綠色商店",
        "name": "7-11大正門市",
        "address": "234新北市永和區中正路555號"
      }
    },
    {
      "type": "Feature",
      "geometry": {
        "type": "Point",
        "coordinates": [
          121.54291800157459,
          24.95517181487539
        ]
      },
      "properties": {
        "city": "新北市",
        "district": "新店區",
        "category": "綠色商店",
        "name": "7-11大坪林門市",
        "address": "231新北市新店區民權路18號"
      }
    },
    {
      "type": "Feature",
      "geometry": {
        "type": "Point",
        "coordinates": [
          121.4171395725023,
          24.9841138479711
        ]
      },
      "properties": {
        "city": "新北市",
        "district": "樹林區",
        "category": "綠色商店",
        "name": "7-11大東圓門市",
        "address": "238新北市樹林區柑園街一段67.67-1.67-2號1樓"
      }
    },
    {
      "type": "Feature",
      "geometry": {
        "type": "Point",
        "coordinates": [
          121.35991131675165,
          24.939417135983575
        ]
      },
      "properties": {
        "city": "新北市",
        "district": "三峽區",
        "category": "綠色商店",
        "name": "7-11大勇門市",
        "address": "237新北市三峽區文化路254號"
      }
    },
    {
      "type": "Feature",
      "geometry": {
        "type": "Point",
        "coordinates": [
          121.42565920517336,
          24.991371413945256
        ]
      },
      "properties": {
        "city": "新北市",
        "district": "樹林區",
        "category": "綠色商店",
        "name": "7-11大展門市",
        "address": "238新北市樹林區俊英街244.246號"
      }
    },
    {
      "type": "Feature",
      "geometry": {
        "type": "Point",
        "coordinates": [
          121.37680048772378,
          24.92916654924135
        ]
      },
      "properties": {
        "city": "新北市",
        "district": "三峽區",
        "category": "綠色商店",
        "name": "7-11大峽門市",
        "address": "237新北市三峽區大學路13鄰147號1樓"
      }
    },
    {
      "type": "Feature",
      "geometry": {
        "type": "Point",
        "coordinates": [
          121.45922683911792,
          25.019933969057014
        ]
      },
      "properties": {
        "city": "新北市",
        "district": "板橋區",
        "category": "綠色商店",
        "name": "7-11大庭門市",
        "address": "220新北市板橋區國光里6鄰國光路65號1樓"
      }
    },
    {
      "type": "Feature",
      "geometry": {
        "type": "Point",
        "coordinates": [
          121.550164,
          25.054766
        ]
      },
      "properties": {
        "city": "臺北市",
        "district": "松山區",
        "category": "環保餐廳",
        "name": "《扶風堂》披薩。義麵。吉拉朵",
        "address": "臺北市松山區敦化北路165巷5號1樓"
      }
    },
    {
      "type": "Feature",
      "geometry": {
        "type": "Point",
        "coordinates": [
          121.543234,
          25.024049
        ]
      },
      "properties": {
        "city": "臺北市",
        "district": "大安區",
        "category": "環保餐廳",
        "name": "6：35 Brunch & Dinner(大安旗艦店)",
        "address": "臺北市大安區復興南路二段288號"
      }
    },
    {
      "type": "Feature",
      "geometry": {
        "type": "Point",
        "coordinates": [
          121.575362,
          25.060142
        ]
      },
      "properties": {
        "city": "臺北市",
        "district": "內湖區",
        "category": "環保餐廳",
        "name": "88號樂章-88 La Plaza",
        "address": "臺北市內湖區民善街88號5樓"
      }
    },
    {
      "type": "Feature",
      "geometry": {
        "type": "Point",
        "coordinates": [
          121.543054,
          25.041212
        ]
      },
      "properties": {
        "city": "臺北市",
        "district": "大安區",
        "category": "環保餐廳",
        "name": "Aunt Stella 詩特莉",
        "address": "臺北市大安區忠孝東路三段300號B3"
      }
    },
    {
      "type": "Feature",
      "geometry": {
        "type": "Point",
        "coordinates": [
          121.557851,
          25.033026
        ]
      },
      "properties": {
        "city": "臺北市",
        "district": "信義區",
        "category": "環保餐廳",
        "name": "AW Cafe Wine Bistro",
        "address": "臺北市信義區信義路四段115-2號"
      }
    },
    {
      "type": "Feature",
      "geometry": {
        "type": "Point",
        "coordinates": [
          121.563475,
          25.044284
        ]
      },
      "properties": {
        "city": "臺北市",
        "district": "信義區",
        "category": "環保餐廳",
        "name": "BaganHood 蔬食餐酒館",
        "address": "臺北市信義區忠孝東路四段553巷46弄11號"
      }
    },
    {
      "type": "Feature",
      "geometry": {
        "type": "Point",
        "coordinates": [
          121.544509,
          25.043706
        ]
      },
      "properties": {
        "city": "臺北市",
        "district": "大安區",
        "category": "環保餐廳",
        "name": "Bar. Tender 八天餐酒館",
        "address": "臺北市大安區復興南路一段107巷5弄2號"
      }
    },
    {
      "type": "Feature",
      "geometry": {
        "type": "Point",
        "coordinates": [
          121.528939,
          25.028539
        ]
      },
      "properties": {
        "city": "臺北市",
        "district": "大安區",
        "category": "環保餐廳",
        "name": "Bea's Bistro 美式餐館",
        "address": "臺北市大安區潮州街133號"
      }
    },
    {
      "type": "Feature",
      "geometry": {
        "type": "Point",
        "coordinates": [
          121.546784,
          25.058831
        ]
      },
      "properties": {
        "city": "臺北市",
        "district": "松山區",
        "category": "環保餐廳",
        "name": "Blooming 花漾蒔光",
        "address": "臺北市松山區復興北路313巷38號"
      }
    },
    {
      "type": "Feature",
      "geometry": {
        "type": "Point",
        "coordinates": [
          121.505089,
          25.045569
        ]
      },
      "properties": {
        "city": "臺北市",
        "district": "萬華區",
        "category": "環保餐廳",
        "name": "Blue磚塊義法廚房",
        "address": "臺北市萬華區武昌街二段83之8號"
      }
    },
    {
      "type": "Feature",
      "geometry": {
        "type": "Point",
        "coordinates": [
          121.529658,
          25.026717
        ]
      },
      "properties": {
        "city": "臺北市",
        "district": "大安區",
        "category": "環保餐廳",
        "name": "Camo咖啡",
        "address": "臺北市大安區和平東路一段129號"
      }
    },
    {
      "type": "Feature",
      "geometry": {
        "type": "Point",
        "coordinates": [
          121.524275,
          25.105008
        ]
      },
      "properties": {
        "city": "臺北市",
        "district": "士林區",
        "category": "環保餐廳",
        "name": "Capricciosa卡布里喬莎(天母SOGO店)",
        "address": "臺北市士林區中山北路六段77號8F"
      }
    },
    {
      "type": "Feature",
      "geometry": {
        "type": "Point",
        "coordinates": [
          121.545242,
          25.043116
        ]
      },
      "properties": {
        "city": "臺北市",
        "district": "大安區",
        "category": "環保餐廳",
        "name": "Chao?炒炒蔬食熱炒",
        "address": "臺北市大安區大安路一段52巷21號"
      }
    },
    {
      "type": "Feature",
      "geometry": {
        "type": "Point",
        "coordinates": [
          121.553172,
          25.038493
        ]
      },
      "properties": {
        "city": "臺北市",
        "district": "大安區",
        "category": "環保餐廳",
        "name": "Chinese Whispers 悄悄話餐酒館",
        "address": "臺北市大安區仁愛路四段345巷2弄11號"
      }
    },
    {
      "type": "Feature",
      "geometry": {
        "type": "Point",
        "coordinates": [
          121.548439,
          25.040147
        ]
      },
      "properties": {
        "city": "臺北市",
        "district": "大安區",
        "category": "環保餐廳",
        "name": "COFFEE LOVER's PLANET",
        "address": "臺北市大安區敦化南路一段246號B1"
      }
    },
    {
      "type": "Feature",
      "geometry": {
        "type": "Point",
        "coordinates": [
          121.554392,
          25.045735
        ]
      },
      "properties": {
        "city": "臺北市",
        "district": "松山區",
        "category": "環保餐廳",
        "name": "Coming Bistro",
        "address": "臺北市松山區光復南路55號1樓"
      }
    },
    {
      "type": "Feature",
      "geometry": {
        "type": "Point",
        "coordinates": [
          121.546838,
          25.042175
        ]
      },
      "properties": {
        "city": "臺北市",
        "district": "大安區",
        "category": "環保餐廳",
        "name": "CYCLO 洛城 忠孝門市",
        "address": "臺北市大安區大安路一段75巷9號"
      }
    },
    {
      "type": "Feature",
      "geometry": {
        "type": "Point",
        "coordinates": [
          121.543054,
          25.041212
        ]
      },
      "properties": {
        "city": "臺北市",
        "district": "大安區",
        "category": "環保餐廳",
        "name": "EN和食(復興SOGO店)",
        "address": "臺北市大安區忠孝東路三段300號11樓"
      }
    },
    {
      "type": "Feature",
      "geometry": {
        "type": "Point",
        "coordinates": [
          121.548439,
          25.040147
        ]
      },
      "properties": {
        "city": "臺北市",
        "district": "大安區",
        "category": "環保餐廳",
        "name": "EN壽司．和食",
        "address": "臺北市大安區敦化南路一段246號B2"
      }
    },
    {
      "type": "Feature",
      "geometry": {
        "type": "Point",
        "coordinates": [
          121.548127,
          25.060881
        ]
      },
      "properties": {
        "city": "臺北市",
        "district": "松山區",
        "category": "環保餐廳",
        "name": "Fun 心 caf?",
        "address": "臺北市松山區敦化北路244巷29號1樓"
      }
    },
    {
      "type": "Feature",
      "geometry": {
        "type": "Point",
        "coordinates": [
          121.549227,
          25.034061
        ]
      },
      "properties": {
        "city": "臺北市",
        "district": "大安區",
        "category": "環保餐廳",
        "name": "GUSTOSO",
        "address": "臺北市大安區敦化南路一段331號"
      }
    },
    {
      "type": "Feature",
      "geometry": {
        "type": "Point",
        "coordinates": [
          121.529303,
          25.021895
        ]
      },
      "properties": {
        "city": "臺北市",
        "district": "大安區",
        "category": "環保餐廳",
        "name": "inn cafe x 台北師大店",
        "address": "臺北市大安區龍泉街7號"
      }
    },
    {
      "type": "Feature",
      "geometry": {
        "type": "Point",
        "coordinates": [
          121.525156,
          25.030546
        ]
      },
      "properties": {
        "city": "臺北市",
        "district": "大安區",
        "category": "環保餐廳",
        "name": "JeeWoo吉屋",
        "address": "臺北市大安區金華街145號"
      }
    },
    {
      "type": "Feature",
      "geometry": {
        "type": "Point",
        "coordinates": [
          121.534035,
          25.11708
        ]
      },
      "properties": {
        "city": "臺北市",
        "district": "士林區",
        "category": "環保餐廳",
        "name": "KANPAI CLASSIC 天母店",
        "address": "臺北市士林區忠誠路二段200號2樓"
      }
    },
    {
      "type": "Feature",
      "geometry": {
        "type": "Point",
        "coordinates": [
          121.553038,
          25.039053
        ]
      },
      "properties": {
        "city": "臺北市",
        "district": "大安區",
        "category": "環保餐廳",
        "name": "Lady nara台北忠孝SOGO店",
        "address": "臺北市大安區忠孝東路四段45號12樓"
      }
    },
    {
      "type": "Feature",
      "geometry": {
        "type": "Point",
        "coordinates": [
          121.577832,
          25.064403
        ]
      },
      "properties": {
        "city": "臺北市",
        "district": "內湖區",
        "category": "環保餐廳",
        "name": "LIFE KITCHEN",
        "address": "臺北市內湖區新湖三路134號"
      }
    },
    {
      "type": "Feature",
      "geometry": {
        "type": "Point",
        "coordinates": [
          121.510798,
          25.115119
        ]
      },
      "properties": {
        "city": "臺北市",
        "district": "北投區",
        "category": "環保餐廳",
        "name": "Los TOAST 洛城吐司",
        "address": "臺北市北投區實踐街82巷6號"
      }
    },
    {
      "type": "Feature",
      "geometry": {
        "type": "Point",
        "coordinates": [
          121.543443,
          25.051457
        ]
      },
      "properties": {
        "city": "臺北市",
        "district": "中山區",
        "category": "環保餐廳",
        "name": "Machikaka 智允餐飲",
        "address": "臺北市中山區南京東路三段216巷4號一樓"
      }
    },
    {
      "type": "Feature",
      "geometry": {
        "type": "Point",
        "coordinates": [
          121.539087,
          25.028213
        ]
      },
      "properties": {
        "city": "臺北市",
        "district": "大安區",
        "category": "環保餐廳",
        "name": "Mama Inca印加媽媽 秘魯餐館",
        "address": "臺北市大安區瑞安街31巷1-1號"
      }
    },
    {
      "type": "Feature",
      "geometry": {
        "type": "Point",
        "coordinates": [
          121.524648,
          25.06755
        ]
      },
      "properties": {
        "city": "臺北市",
        "district": "中山區",
        "category": "環保餐廳",
        "name": "Maya Bistro 瑪亞餐酒",
        "address": "臺北市中山區雙城街46巷1號1樓"
      }
    },
    {
      "type": "Feature",
      "geometry": {
        "type": "Point",
        "coordinates": [
          121.511382,
          25.044448
        ]
      },
      "properties": {
        "city": "臺北市",
        "district": "中正區",
        "category": "環保餐廳",
        "name": "meet蘋果咖啡館",
        "address": "臺北市中正區博愛路86號"
      }
    },
    {
      "type": "Feature",
      "geometry": {
        "type": "Point",
        "coordinates": [
          121.517269,
          25.045429
        ]
      },
      "properties": {
        "city": "臺北市",
        "district": "中正區",
        "category": "環保餐廳",
        "name": "Mentari萌太利(微風台大醫院商場)",
        "address": "臺北市中正區中山南路77號B1F"
      }
    },
    {
      "type": "Feature",
      "geometry": {
        "type": "Point",
        "coordinates": [
          121.52703,
          25.033676
        ]
      },
      "properties": {
        "city": "臺北市",
        "district": "大安區",
        "category": "環保餐廳",
        "name": "Miso微笑韓國料理",
        "address": "臺北市大安區金山南路二段6號"
      }
    },
    {
      "type": "Feature",
      "geometry": {
        "type": "Point",
        "coordinates": [
          121.495751,
          25.038089
        ]
      },
      "properties": {
        "city": "臺北市",
        "district": "萬華區",
        "category": "環保餐廳",
        "name": "mister donut",
        "address": "臺北市萬華區桂林路1號"
      }
    },
    {
      "type": "Feature",
      "geometry": {
        "type": "Point",
        "coordinates": [
          121.522479,
          25.120637
        ]
      },
      "properties": {
        "city": "臺北市",
        "district": "北投區",
        "category": "環保餐廳",
        "name": "Mos摩斯漢堡(北榮美食街)",
        "address": "臺北市北投區石牌路二段201號生活廣場"
      }
    },
    {
      "type": "Feature",
      "geometry": {
        "type": "Point",
        "coordinates": [
          121.517269,
          25.045429
        ]
      },
      "properties": {
        "city": "臺北市",
        "district": "中正區",
        "category": "環保餐廳",
        "name": "Mos摩斯漢堡(微風台大醫院商場)",
        "address": "臺北市中正區中山南路77號B1F"
      }
    },
    {
      "type": "Feature",
      "geometry": {
        "type": "Point",
        "coordinates": [
          121.548439,
          25.040147
        ]
      },
      "properties": {
        "city": "臺北市",
        "district": "大安區",
        "category": "環保餐廳",
        "name": "N° 168 PRIME",
        "address": "臺北市大安區敦化南路一段246號7F"
      }
    },
    {
      "type": "Feature",
      "geometry": {
        "type": "Point",
        "coordinates": [
          121.553038,
          25.039053
        ]
      },
      "properties": {
        "city": "臺北市",
        "district": "大安區",
        "category": "環保餐廳",
        "name": "Nara Thai Cuisine 台北忠孝SOGO 店",
        "address": "臺北市大安區忠孝東路四段45號11樓"
      }
    },
    {
      "type": "Feature",
      "geometry": {
        "type": "Point",
        "coordinates": [
          121.518748,
          25.044343
        ]
      },
      "properties": {
        "city": "臺北市",
        "district": "中正區",
        "category": "環保餐廳",
        "name": "OEC蚌麵",
        "address": "臺北市中正區中山南路8號B1"
      }
    },
    {
      "type": "Feature",
      "geometry": {
        "type": "Point",
        "coordinates": [
          121.524275,
          25.105008
        ]
      },
      "properties": {
        "city": "臺北市",
        "district": "士林區",
        "category": "環保餐廳",
        "name": "omo cafe （天母SOGO店）",
        "address": "臺北市士林區中山北路六段77號5樓"
      }
    },
    {
      "type": "Feature",
      "geometry": {
        "type": "Point",
        "coordinates": [
          121.523454,
          25.025073
        ]
      },
      "properties": {
        "city": "臺北市",
        "district": "中正區",
        "category": "環保餐廳",
        "name": "Oohchacha自然食(古亭店)",
        "address": "臺北市中正區南昌路二段207號"
      }
    },
    {
      "type": "Feature",
      "geometry": {
        "type": "Point",
        "coordinates": [
          121.546036,
          25.047588
        ]
      },
      "properties": {
        "city": "臺北市",
        "district": "松山區",
        "category": "環保餐廳",
        "name": "PAI CAF? & LIFE",
        "address": "臺北市松山區八德路二段366巷11號"
      }
    },
    {
      "type": "Feature",
      "geometry": {
        "type": "Point",
        "coordinates": [
          121.535184,
          25.060046
        ]
      },
      "properties": {
        "city": "臺北市",
        "district": "中山區",
        "category": "環保餐廳",
        "name": "PAI Coffee",
        "address": "臺北市中山區民生東路二段147巷6弄1號"
      }
    },
    {
      "type": "Feature",
      "geometry": {
        "type": "Point",
        "coordinates": [
          121.550903,
          25.040522
        ]
      },
      "properties": {
        "city": "臺北市",
        "district": "大安區",
        "category": "環保餐廳",
        "name": "PARADE 和巴黎人吃一樣的日常",
        "address": "臺北市大安區忠孝東路四段170巷11號"
      }
    },
    {
      "type": "Feature",
      "geometry": {
        "type": "Point",
        "coordinates": [
          121.553038,
          25.039053
        ]
      },
      "properties": {
        "city": "臺北市",
        "district": "大安區",
        "category": "環保餐廳",
        "name": "pd by petit doux 忠孝SOGO店",
        "address": "臺北市大安區忠孝東路四段45號11樓(忠孝SOGO百貨)"
      }
    },
    {
      "type": "Feature",
      "geometry": {
        "type": "Point",
        "coordinates": [
          121.530969,
          25.031572
        ]
      },
      "properties": {
        "city": "臺北市",
        "district": "大安區",
        "category": "環保餐廳",
        "name": "petit doux 微兜 永康店",
        "address": "臺北市大安區信義路二段198巷7-3號1樓"
      }
    },
    {
      "type": "Feature",
      "geometry": {
        "type": "Point",
        "coordinates": [
          121.517734,
          25.052245
        ]
      },
      "properties": {
        "city": "臺北市",
        "district": "大同區",
        "category": "環保餐廳",
        "name": "petit doux 微兜 京站店",
        "address": "臺北市大同區承德路一段1號1樓"
      }
    },
    {
      "type": "Feature",
      "geometry": {
        "type": "Point",
        "coordinates": [
          121.575456,
          25.042386
        ]
      },
      "properties": {
        "city": "臺北市",
        "district": "信義區",
        "category": "環保餐廳",
        "name": "PINK SALT｜披薩｜義麵",
        "address": "臺北市信義區忠孝東路五段423巷28號"
      }
    },
    {
      "type": "Feature",
      "geometry": {
        "type": "Point",
        "coordinates": [
          121.544277,
          25.03012
        ]
      },
      "properties": {
        "city": "臺北市",
        "district": "大安區",
        "category": "環保餐廳",
        "name": "Plants",
        "address": "臺北市大安區復興南路1段253巷10號1樓"
      }
    },
    {
      "type": "Feature",
      "geometry": {
        "type": "Point",
        "coordinates": [
          121.511618,
          25.025236
        ]
      },
      "properties": {
        "city": "臺北市",
        "district": "中正區",
        "category": "環保餐廳",
        "name": "PRIME ONE 牛排館",
        "address": "臺北市中正區中華路二段1號"
      }
    },
    {
      "type": "Feature",
      "geometry": {
        "type": "Point",
        "coordinates": [
          121.518256,
          25.088782
        ]
      },
      "properties": {
        "city": "臺北市",
        "district": "士林區",
        "category": "環保餐廳",
        "name": "Q Burger士林大南店",
        "address": "臺北市士林區大南路315號1樓"
      }
    },
    {
      "type": "Feature",
      "geometry": {
        "type": "Point",
        "coordinates": [
          121.510027,
          25.083092
        ]
      },
      "properties": {
        "city": "臺北市",
        "district": "士林區",
        "category": "環保餐廳",
        "name": "Q Burger士林延平店",
        "address": "臺北市士林區延平北路五段179號"
      }
    },
    {
      "type": "Feature",
      "geometry": {
        "type": "Point",
        "coordinates": [
          121.531796,
          25.10609
        ]
      },
      "properties": {
        "city": "臺北市",
        "district": "士林區",
        "category": "環保餐廳",
        "name": "Q Burger士林忠義店",
        "address": "臺北市士林區忠義街113-1號一樓"
      }
    },
    {
      "type": "Feature",
      "geometry": {
        "type": "Point",
        "coordinates": [
          121.507616,
          25.087426
        ]
      },
      "properties": {
        "city": "臺北市",
        "district": "士林區",
        "category": "環保餐廳",
        "name": "Q Burger士林社子店",
        "address": "臺北市士林區社子街36號"
      }
    },
    {
      "type": "Feature",
      "geometry": {
        "type": "Point",
        "coordinates": [
          121.515959,
          25.086712
        ]
      },
      "properties": {
        "city": "臺北市",
        "district": "士林區",
        "category": "環保餐廳",
        "name": "Q Burger士林通河店",
        "address": "臺北市士林區通河街125號"
      }
    },
    {
      "type": "Feature",
      "geometry": {
        "type": "Point",
        "coordinates": [
          121.515836,
          25.067776
        ]
      },
      "properties": {
        "city": "臺北市",
        "district": "信義區",
        "category": "環保餐廳",
        "name": "Q Burger大同大龍店",
        "address": "臺北市信義區大龍街150號"
      }
    },
    {
      "type": "Feature",
      "geometry": {
        "type": "Point",
        "coordinates": [
          121.553696,
          25.01961
        ]
      },
      "properties": {
        "city": "臺北市",
        "district": "大安區",
        "category": "環保餐廳",
        "name": "Q Burger大安樂業店",
        "address": "臺北市大安區樂業街153號"
      }
    },
    {
      "type": "Feature",
      "geometry": {
        "type": "Point",
        "coordinates": [
          121.513239,
          25.062797
        ]
      },
      "properties": {
        "city": "臺北市",
        "district": "信義區",
        "category": "環保餐廳",
        "name": "Q Burger大橋頭店",
        "address": "臺北市信義區民權西路226號"
      }
    },
    {
      "type": "Feature",
      "geometry": {
        "type": "Point",
        "coordinates": [
          121.528938,
          25.056967
        ]
      },
      "properties": {
        "city": "臺北市",
        "district": "中山區",
        "category": "環保餐廳",
        "name": "Q Burger中山中原店",
        "address": "臺北市中山區中原街41號1樓"
      }
    },
    {
      "type": "Feature",
      "geometry": {
        "type": "Point",
        "coordinates": [
          121.52169,
          25.063296
        ]
      },
      "properties": {
        "city": "臺北市",
        "district": "中山區",
        "category": "環保餐廳",
        "name": "Q Burger中山天祥店",
        "address": "臺北市中山區天祥路22號1樓"
      }
    },
    {
      "type": "Feature",
      "geometry": {
        "type": "Point",
        "coordinates": [
          121.530502,
          25.065792
        ]
      },
      "properties": {
        "city": "臺北市",
        "district": "士林區",
        "category": "環保餐廳",
        "name": "Q Burger中山吉林店",
        "address": "臺北市士林區吉林路397號"
      }
    },
    {
      "type": "Feature",
      "geometry": {
        "type": "Point",
        "coordinates": [
          121.542678,
          25.065978
        ]
      },
      "properties": {
        "city": "臺北市",
        "district": "中山區",
        "category": "環保餐廳",
        "name": "Q Burger中山復興店",
        "address": "臺北市中山區復興北路514巷34號一樓"
      }
    },
    {
      "type": "Feature",
      "geometry": {
        "type": "Point",
        "coordinates": [
          121.534456,
          25.064585
        ]
      },
      "properties": {
        "city": "臺北市",
        "district": "中山區",
        "category": "環保餐廳",
        "name": "Q Burger中山農安店",
        "address": "臺北市中山區農安街170號1樓、地下室"
      }
    },
    {
      "type": "Feature",
      "geometry": {
        "type": "Point",
        "coordinates": [
          121.539988,
          25.064386
        ]
      },
      "properties": {
        "city": "臺北市",
        "district": "中山區",
        "category": "環保餐廳",
        "name": "Q Burger中山榮星店",
        "address": "臺北市中山區行仁里五常街63號"
      }
    },
    {
      "type": "Feature",
      "geometry": {
        "type": "Point",
        "coordinates": [
          121.530361,
          25.060113
        ]
      },
      "properties": {
        "city": "臺北市",
        "district": "中山區",
        "category": "環保餐廳",
        "name": "Q Burger中山錦州店",
        "address": "臺北市中山區吉林路205號"
      }
    },
    {
      "type": "Feature",
      "geometry": {
        "type": "Point",
        "coordinates": [
          121.519336,
          25.045232
        ]
      },
      "properties": {
        "city": "臺北市",
        "district": "中正區",
        "category": "環保餐廳",
        "name": "Q Burger中正寧波店",
        "address": "臺北市中正區寧波西街100號1樓"
      }
    },
    {
      "type": "Feature",
      "geometry": {
        "type": "Point",
        "coordinates": [
          121.592368,
          25.084946
        ]
      },
      "properties": {
        "city": "臺北市",
        "district": "內湖區",
        "category": "環保餐廳",
        "name": "Q Burger內湖金龍店",
        "address": "臺北市內湖區金龍路74號"
      }
    },
    {
      "type": "Feature",
      "geometry": {
        "type": "Point",
        "coordinates": [
          121.596483,
          25.080227
        ]
      },
      "properties": {
        "city": "臺北市",
        "district": "內湖區",
        "category": "環保餐廳",
        "name": "Q Burger內湖星雲店",
        "address": "臺北市內湖區星雲街14號"
      }
    },
    {
      "type": "Feature",
      "geometry": {
        "type": "Point",
        "coordinates": [
          121.588763,
          25.081545
        ]
      },
      "properties": {
        "city": "臺北市",
        "district": "內湖區",
        "category": "環保餐廳",
        "name": "Q Burger內湖達人店",
        "address": "臺北市內湖區內湖路二段326號"
      }
    },
    {
      "type": "Feature",
      "geometry": {
        "type": "Point",
        "coordinates": [
          121.576147,
          25.081366
        ]
      },
      "properties": {
        "city": "臺北市",
        "district": "內湖區",
        "category": "環保餐廳",
        "name": "Q Burger內湖麗山店",
        "address": "臺北市內湖區內湖路一段629巷41號1樓"
      }
    },
    {
      "type": "Feature",
      "geometry": {
        "type": "Point",
        "coordinates": [
          121.567271,
          24.983355
        ]
      },
      "properties": {
        "city": "臺北市",
        "district": "文山區",
        "category": "環保餐廳",
        "name": "Q Burger文山木新店",
        "address": "臺北市文山區木新路二段229號"
      }
    },
    {
      "type": "Feature",
      "geometry": {
        "type": "Point",
        "coordinates": [
          121.547612,
          24.987155
        ]
      },
      "properties": {
        "city": "臺北市",
        "district": "文山區",
        "category": "環保餐廳",
        "name": "Q Burger文山世新店",
        "address": "臺北市文山區木柵路一段101號1樓及地下室"
      }
    },
    {
      "type": "Feature",
      "geometry": {
        "type": "Point",
        "coordinates": [
          121.536184,
          24.996707
        ]
      },
      "properties": {
        "city": "臺北市",
        "district": "文山區",
        "category": "環保餐廳",
        "name": "Q Burger文山景福店",
        "address": "臺北市文山區景福街234號"
      }
    },
    {
      "type": "Feature",
      "geometry": {
        "type": "Point",
        "coordinates": [
          121.544818,
          24.995334
        ]
      },
      "properties": {
        "city": "臺北市",
        "district": "文山區",
        "category": "環保餐廳",
        "name": "Q Burger文山景興店",
        "address": "臺北市文山區景興路99號"
      }
    },
    {
      "type": "Feature",
      "geometry": {
        "type": "Point",
        "coordinates": [
          121.538196,
          24.999424
        ]
      },
      "properties": {
        "city": "臺北市",
        "district": "文山區",
        "category": "環保餐廳",
        "name": "Q Burger文山萬隆店",
        "address": "臺北市文山區萬隆里景福街4號1樓"
      }
    },
    {
      "type": "Feature",
      "geometry": {
        "type": "Point",
        "coordinates": [
          121.550661,
          25.003122
        ]
      },
      "properties": {
        "city": "臺北市",
        "district": "文山區",
        "category": "環保餐廳",
        "name": "Q Burger文山福興店",
        "address": "臺北市文山區福興路45號"
      }
    },
    {
      "type": "Feature",
      "geometry": {
        "type": "Point",
        "coordinates": [
          121.56208,
          24.983036
        ]
      },
      "properties": {
        "city": "臺北市",
        "district": "文山區",
        "category": "環保餐廳",
        "name": "Q Burger文山興隆店",
        "address": "臺北市文山區興隆路四段112號"
      }
    },
    {
      "type": "Feature",
      "geometry": {
        "type": "Point",
        "coordinates": [
          121.550168,
          25.00113
        ]
      },
      "properties": {
        "city": "臺北市",
        "district": "文山區",
        "category": "環保餐廳",
        "name": "Q Burger文山興德店",
        "address": "臺北市文山區興隆路二段215之2號1樓"
      }
    },
    {
      "type": "Feature",
      "geometry": {
        "type": "Point",
        "coordinates": [
          121.499482,
          25.130108
        ]
      },
      "properties": {
        "city": "臺北市",
        "district": "北投區",
        "category": "環保餐廳",
        "name": "Q Burger北投大興店",
        "address": "臺北市北投區大興街48號"
      }
    },
    {
      "type": "Feature",
      "geometry": {
        "type": "Point",
        "coordinates": [
          121.49816,
          25.143567
        ]
      },
      "properties": {
        "city": "臺北市",
        "district": "北投區",
        "category": "環保餐廳",
        "name": "Q Burger北投中和店",
        "address": "臺北市北投區中和街402號"
      }
    },
    {
      "type": "Feature",
      "geometry": {
        "type": "Point",
        "coordinates": [
          121.514462,
          25.118902
        ]
      },
      "properties": {
        "city": "臺北市",
        "district": "北投區",
        "category": "環保餐廳",
        "name": "Q Burger北投立農店",
        "address": "臺北市北投區立農街二段259號1樓"
      }
    },
    {
      "type": "Feature",
      "geometry": {
        "type": "Point",
        "coordinates": [
          121.467088,
          25.120287
        ]
      },
      "properties": {
        "city": "臺北市",
        "district": "北投區",
        "category": "環保餐廳",
        "name": "Q Burger北投知行店",
        "address": "臺北市北投區知行路249號"
      }
    },
    {
      "type": "Feature",
      "geometry": {
        "type": "Point",
        "coordinates": [
          121.515203,
          25.109374
        ]
      },
      "properties": {
        "city": "臺北市",
        "district": "北投區",
        "category": "環保餐廳",
        "name": "Q Burger北投致遠店",
        "address": "臺北市北投區致遠一路一段95號"
      }
    },
    {
      "type": "Feature",
      "geometry": {
        "type": "Point",
        "coordinates": [
          121.509809,
          25.115295
        ]
      },
      "properties": {
        "city": "臺北市",
        "district": "北投區",
        "category": "環保餐廳",
        "name": "Q Burger北投實踐店",
        "address": "臺北市北投區實踐街61號"
      }
    },
    {
      "type": "Feature",
      "geometry": {
        "type": "Point",
        "coordinates": [
          121.517434,
          25.109265
        ]
      },
      "properties": {
        "city": "臺北市",
        "district": "北投區",
        "category": "環保餐廳",
        "name": "Q Burger北投懷德店",
        "address": "臺北市北投區建民路161-5號1樓"
      }
    },
    {
      "type": "Feature",
      "geometry": {
        "type": "Point",
        "coordinates": [
          121.553891,
          25.056219
        ]
      },
      "properties": {
        "city": "臺北市",
        "district": "松山區",
        "category": "環保餐廳",
        "name": "Q Burger松山民生店",
        "address": "臺北市松山區民生東路四段103號1樓"
      }
    },
    {
      "type": "Feature",
      "geometry": {
        "type": "Point",
        "coordinates": [
          121.567448,
          25.0506
        ]
      },
      "properties": {
        "city": "臺北市",
        "district": "松山區",
        "category": "環保餐廳",
        "name": "Q Burger松山南京五店",
        "address": "臺北市松山區南京東路五段250巷18弄2-1號"
      }
    },
    {
      "type": "Feature",
      "geometry": {
        "type": "Point",
        "coordinates": [
          121.565928,
          25.062742
        ]
      },
      "properties": {
        "city": "臺北市",
        "district": "松山區",
        "category": "環保餐廳",
        "name": "Q Burger松山撫遠店",
        "address": "臺北市松山區撫遠街352號"
      }
    },
    {
      "type": "Feature",
      "geometry": {
        "type": "Point",
        "coordinates": [
          121.570506,
          25.045405
        ]
      },
      "properties": {
        "city": "臺北市",
        "district": "信義區",
        "category": "環保餐廳",
        "name": "Q Burger信義永吉店",
        "address": "臺北市信義區永吉路120巷1號1樓"
      }
    },
    {
      "type": "Feature",
      "geometry": {
        "type": "Point",
        "coordinates": [
          121.565778,
          25.026564
        ]
      },
      "properties": {
        "city": "臺北市",
        "district": "信義區",
        "category": "環保餐廳",
        "name": "Q Burger信義吳興店",
        "address": "臺北市信義區吳興街281巷59號"
      }
    },
    {
      "type": "Feature",
      "geometry": {
        "type": "Point",
        "coordinates": [
          121.577694,
          25.039206
        ]
      },
      "properties": {
        "city": "臺北市",
        "district": "信義區",
        "category": "環保餐廳",
        "name": "Q Burger信義松山店",
        "address": "臺北市信義區松山路465巷2號"
      }
    },
    {
      "type": "Feature",
      "geometry": {
        "type": "Point",
        "coordinates": [
          121.568691,
          25.02631
        ]
      },
      "properties": {
        "city": "臺北市",
        "district": "信義區",
        "category": "環保餐廳",
        "name": "Q Burger信義松仁店",
        "address": "臺北市信義區松仁路227號1樓"
      }
    },
    {
      "type": "Feature",
      "geometry": {
        "type": "Point",
        "coordinates": [
          121.575542,
          25.030882
        ]
      },
      "properties": {
        "city": "臺北市",
        "district": "信義區",
        "category": "環保餐廳",
        "name": "Q Burger信義虎林店",
        "address": "臺北市信義區信義路六段106號1樓"
      }
    },
    {
      "type": "Feature",
      "geometry": {
        "type": "Point",
        "coordinates": [
          121.555935,
          25.024214
        ]
      },
      "properties": {
        "city": "臺北市",
        "district": "信義區",
        "category": "環保餐廳",
        "name": "Q Burger信義信安店",
        "address": "臺北市信義區信安街127號"
      }
    },
    {
      "type": "Feature",
      "geometry": {
        "type": "Point",
        "coordinates": [
          121.587647,
          25.039389
        ]
      },
      "properties": {
        "city": "臺北市",
        "district": "南港區",
        "category": "環保餐廳",
        "name": "Q Burger南港福德店",
        "address": "臺北市南港區福德街312號1樓"
      }
    },
    {
      "type": "Feature",
      "geometry": {
        "type": "Point",
        "coordinates": [
          121.502454,
          25.021825
        ]
      },
      "properties": {
        "city": "臺北市",
        "district": "萬華區",
        "category": "環保餐廳",
        "name": "Q Burger萬華青年店",
        "address": "臺北市萬華區青年路140號1樓"
      }
    },
    {
      "type": "Feature",
      "geometry": {
        "type": "Point",
        "coordinates": [
          121.505608,
          25.02721
        ]
      },
      "properties": {
        "city": "臺北市",
        "district": "萬華區",
        "category": "環保餐廳",
        "name": "Q Burger萬華國興店",
        "address": "臺北市萬華區國興路98號"
      }
    },
    {
      "type": "Feature",
      "geometry": {
        "type": "Point",
        "coordinates": [
          121.494622,
          25.029977
        ]
      },
      "properties": {
        "city": "臺北市",
        "district": "萬華區",
        "category": "環保餐廳",
        "name": "Q Burger萬華雙園店",
        "address": "臺北市萬華區雙園街15號"
      }
    },
    {
      "type": "Feature",
      "geometry": {
        "type": "Point",
        "coordinates": [
          121.49519,
          25.024406
        ]
      },
      "properties": {
        "city": "臺北市",
        "district": "萬華區",
        "category": "環保餐廳",
        "name": "Q Burger萬華寶興店",
        "address": "臺北市萬華區寶興街149號1樓"
      }
    },
    {
      "type": "Feature",
      "geometry": {
        "type": "Point",
        "coordinates": [
          121.548439,
          25.040147
        ]
      },
      "properties": {
        "city": "臺北市",
        "district": "大安區",
        "category": "環保餐廳",
        "name": "SAISON du SOLEIL",
        "address": "臺北市大安區敦化南路一段246號B2"
      }
    },
    {
      "type": "Feature",
      "geometry": {
        "type": "Point",
        "coordinates": [
          121.548439,
          25.040147
        ]
      },
      "properties": {
        "city": "臺北市",
        "district": "大安區",
        "category": "環保餐廳",
        "name": "Sarabeth's",
        "address": "臺北市大安區敦化南路一段246號B1"
      }
    },
    {
      "type": "Feature",
      "geometry": {
        "type": "Point",
        "coordinates": [
          121.524275,
          25.105008
        ]
      },
      "properties": {
        "city": "臺北市",
        "district": "士林區",
        "category": "環保餐廳",
        "name": "Sarabeth's 天母店",
        "address": "臺北市士林區中山北路六段77號2樓"
      }
    },
    {
      "type": "Feature",
      "geometry": {
        "type": "Point",
        "coordinates": [
          121.533367,
          25.125206
        ]
      },
      "properties": {
        "city": "臺北市",
        "district": "士林區",
        "category": "環保餐廳",
        "name": "SKYLARK加州風洋食館-士林中山北店",
        "address": "臺北市士林區中山北路5段565號"
      }
    },
    {
      "type": "Feature",
      "geometry": {
        "type": "Point",
        "coordinates": [
          121.575986,
          25.062654
        ]
      },
      "properties": {
        "city": "臺北市",
        "district": "內湖區",
        "category": "環保餐廳",
        "name": "SKYLARK加州風洋食館-內湖大潤發2店",
        "address": "臺北市內湖區舊宗路188號1樓"
      }
    },
    {
      "type": "Feature",
      "geometry": {
        "type": "Point",
        "coordinates": [
          121.51398,
          25.042785
        ]
      },
      "properties": {
        "city": "臺北市",
        "district": "中正區",
        "category": "環保餐廳",
        "name": "SKYLARK加州風洋食館-和平公園店",
        "address": "臺北市中正區懷寧街90號"
      }
    },
    {
      "type": "Feature",
      "geometry": {
        "type": "Point",
        "coordinates": [
          121.608953,
          25.068023
        ]
      },
      "properties": {
        "city": "臺北市",
        "district": "內湖區",
        "category": "環保餐廳",
        "name": "SKYLARK加州風洋食館-東湖康寧店",
        "address": "臺北市內湖區康寧路3段72號"
      }
    },
    {
      "type": "Feature",
      "geometry": {
        "type": "Point",
        "coordinates": [
          121.508776,
          25.041856
        ]
      },
      "properties": {
        "city": "臺北市",
        "district": "中正區",
        "category": "環保餐廳",
        "name": "SKYLARK加州風洋食館-寶慶遠百店",
        "address": "臺北市中正區寶慶路32號1樓(遠東百貨1樓)"
      }
    },
    {
      "type": "Feature",
      "geometry": {
        "type": "Point",
        "coordinates": [
          121.50337,
          25.026939
        ]
      },
      "properties": {
        "city": "臺北市",
        "district": "萬華區",
        "category": "環保餐廳",
        "name": "Twinkle Twinkle Cafe & Brunch 小星星 早午餐&輕食",
        "address": "臺北市萬華區中華路二段416巷84號"
      }
    },
    {
      "type": "Feature",
      "geometry": {
        "type": "Point",
        "coordinates": [
          121.524275,
          25.105008
        ]
      },
      "properties": {
        "city": "臺北市",
        "district": "士林區",
        "category": "環保餐廳",
        "name": "UCC Caf? Mercado (天母SOGO店)",
        "address": "臺北市士林區中山北路六段77號B1樓"
      }
    },
    {
      "type": "Feature",
      "geometry": {
        "type": "Point",
        "coordinates": [
          121.553038,
          25.039053
        ]
      },
      "properties": {
        "city": "臺北市",
        "district": "大安區",
        "category": "環保餐廳",
        "name": "UCC Caf? Mercado (忠孝SOGO店)",
        "address": "臺北市大安區忠孝東路四段45號B2"
      }
    },
    {
      "type": "Feature",
      "geometry": {
        "type": "Point",
        "coordinates": [
          121.518748,
          25.044343
        ]
      },
      "properties": {
        "city": "臺北市",
        "district": "中正區",
        "category": "環保餐廳",
        "name": "一雙牛肉麵",
        "address": "臺北市中正區中山南路8號B1"
      }
    },
    {
      "type": "Feature",
      "geometry": {
        "type": "Point",
        "coordinates": [
          121.526982,
          25.05059
        ]
      },
      "properties": {
        "city": "臺北市",
        "district": "中山區",
        "category": "環保餐廳",
        "name": "九湯屋日本拉麵(台北南京店)",
        "address": "臺北市中山區南京東路一段132巷33號"
      }
    },
    {
      "type": "Feature",
      "geometry": {
        "type": "Point",
        "coordinates": [
          121.548283,
          25.042867
        ]
      },
      "properties": {
        "city": "臺北市",
        "district": "大安區",
        "category": "環保餐廳",
        "name": "二本餐廳",
        "address": "臺北市大安區忠孝東路四段101巷27號"
      }
    },
    {
      "type": "Feature",
      "geometry": {
        "type": "Point",
        "coordinates": [
          121.545899,
          25.056027
        ]
      },
      "properties": {
        "city": "臺北市",
        "district": "松山區",
        "category": "環保餐廳",
        "name": "十八廚",
        "address": "臺北市松山區興安街212號1樓"
      }
    },
    {
      "type": "Feature",
      "geometry": {
        "type": "Point",
        "coordinates": [
          121.546073,
          25.03948
        ]
      },
      "properties": {
        "city": "臺北市",
        "district": "大安區",
        "category": "環保餐廳",
        "name": "十六饗雀-泰式酸辣湯",
        "address": "臺北市大安區師大路106號"
      }
    },
    {
      "type": "Feature",
      "geometry": {
        "type": "Point",
        "coordinates": [
          121.571468,
          25.078491
        ]
      },
      "properties": {
        "city": "臺北市",
        "district": "內湖區",
        "category": "環保餐廳",
        "name": "十里安?手麵 瑞光旗艦店",
        "address": "臺北市內湖區瑞光路413號"
      }
    },
    {
      "type": "Feature",
      "geometry": {
        "type": "Point",
        "coordinates": [
          121.522479,
          25.120637
        ]
      },
      "properties": {
        "city": "臺北市",
        "district": "北投區",
        "category": "環保餐廳",
        "name": "十勝石燒(北榮美食街)",
        "address": "臺北市北投區石牌路二段201號生活廣場"
      }
    },
    {
      "type": "Feature",
      "geometry": {
        "type": "Point",
        "coordinates": [
          121.540959,
          25.065269
        ]
      },
      "properties": {
        "city": "臺北市",
        "district": "中山區",
        "category": "環保餐廳",
        "name": "三友拉麵(龍江店)",
        "address": "臺北市中山區龍江路93號"
      }
    },
    {
      "type": "Feature",
      "geometry": {
        "type": "Point",
        "coordinates": [
          121.553038,
          25.039053
        ]
      },
      "properties": {
        "city": "臺北市",
        "district": "大安區",
        "category": "環保餐廳",
        "name": "三合院 (忠孝SOGO店)",
        "address": "臺北市大安區忠孝東路四段45號11F"
      }
    },
    {
      "type": "Feature",
      "geometry": {
        "type": "Point",
        "coordinates": [
          121.527571,
          25.026455
        ]
      },
      "properties": {
        "city": "臺北市",
        "district": "大安區",
        "category": "環保餐廳",
        "name": "下港老麵攤(台師大店)",
        "address": "臺北市大安區和平東路一段162號"
      }
    },
    {
      "type": "Feature",
      "geometry": {
        "type": "Point",
        "coordinates": [
          121.591979,
          25.071802
        ]
      },
      "properties": {
        "city": "臺北市",
        "district": "內湖區",
        "category": "環保餐廳",
        "name": "大井屋(微風．三總商店街)",
        "address": "臺北市內湖區成功路二段325號B1樓"
      }
    },
    {
      "type": "Feature",
      "geometry": {
        "type": "Point",
        "coordinates": [
          121.524275,
          25.105008
        ]
      },
      "properties": {
        "city": "臺北市",
        "district": "士林區",
        "category": "環保餐廳",
        "name": "大心新泰式麵食（天母SOGO店）",
        "address": "臺北市士林區中山北路六段77號8樓"
      }
    },
    {
      "type": "Feature",
      "geometry": {
        "type": "Point",
        "coordinates": [
          121.543805,
          25.033761
        ]
      },
      "properties": {
        "city": "臺北市",
        "district": "大安區",
        "category": "環保餐廳",
        "name": "大戶屋大安店",
        "address": "臺北市大安區復興南路一段323號B1"
      }
    },
    {
      "type": "Feature",
      "geometry": {
        "type": "Point",
        "coordinates": [
          121.533498,
          25.110132
        ]
      },
      "properties": {
        "city": "臺北市",
        "district": "士林區",
        "category": "環保餐廳",
        "name": "大戶屋大葉?島屋店",
        "address": "臺北市士林區忠誠路二段55號B1F"
      }
    },
    {
      "type": "Feature",
      "geometry": {
        "type": "Point",
        "coordinates": [
          121.516418,
          25.046227
        ]
      },
      "properties": {
        "city": "臺北市",
        "district": "中正區",
        "category": "環保餐廳",
        "name": "大戶屋台北凱撒店",
        "address": "臺北市中正區忠孝西路一段38號B1"
      }
    },
    {
      "type": "Feature",
      "geometry": {
        "type": "Point",
        "coordinates": [
          121.523324,
          25.062943
        ]
      },
      "properties": {
        "city": "臺北市",
        "district": "中山區",
        "category": "環保餐廳",
        "name": "大戶屋民權東路一段店",
        "address": "臺北市中山區民權東路一段9號B1"
      }
    },
    {
      "type": "Feature",
      "geometry": {
        "type": "Point",
        "coordinates": [
          121.532948,
          25.05981
        ]
      },
      "properties": {
        "city": "臺北市",
        "district": "中山區",
        "category": "環保餐廳",
        "name": "大戶屋行天宮站店",
        "address": "臺北市中山區松江路276號2樓"
      }
    },
    {
      "type": "Feature",
      "geometry": {
        "type": "Point",
        "coordinates": [
          121.517734,
          25.052245
        ]
      },
      "properties": {
        "city": "臺北市",
        "district": "大同區",
        "category": "環保餐廳",
        "name": "大戶屋京站店",
        "address": "臺北市大同區承德路一段1號B3"
      }
    },
    {
      "type": "Feature",
      "geometry": {
        "type": "Point",
        "coordinates": [
          121.552851,
          25.038874
        ]
      },
      "properties": {
        "city": "臺北市",
        "district": "大安區",
        "category": "環保餐廳",
        "name": "大戶屋忠孝復興店",
        "address": "臺北市大安區忠孝東路四段52號2樓"
      }
    },
    {
      "type": "Feature",
      "geometry": {
        "type": "Point",
        "coordinates": [
          121.611959,
          25.06996
        ]
      },
      "properties": {
        "city": "臺北市",
        "district": "內湖區",
        "category": "環保餐廳",
        "name": "大戶屋東湖店",
        "address": "臺北市內湖區康寧路三段187號2樓"
      }
    },
    {
      "type": "Feature",
      "geometry": {
        "type": "Point",
        "coordinates": [
          121.578764,
          25.036732
        ]
      },
      "properties": {
        "city": "臺北市",
        "district": "信義區",
        "category": "環保餐廳",
        "name": "大戶屋松山車站店",
        "address": "臺北市信義區松山路11號1樓"
      }
    },
    {
      "type": "Feature",
      "geometry": {
        "type": "Point",
        "coordinates": [
          121.544826,
          25.05163
        ]
      },
      "properties": {
        "city": "臺北市",
        "district": "松山區",
        "category": "環保餐廳",
        "name": "大戶屋南京復興店",
        "address": "臺北市松山區南京東路三段258號2樓"
      }
    },
    {
      "type": "Feature",
      "geometry": {
        "type": "Point",
        "coordinates": [
          121.611534,
          25.05317
        ]
      },
      "properties": {
        "city": "臺北市",
        "district": "南港區",
        "category": "環保餐廳",
        "name": "大戶屋南港車站店",
        "address": "臺北市南港區忠孝東路7段369號7樓"
      }
    },
    {
      "type": "Feature",
      "geometry": {
        "type": "Point",
        "coordinates": [
          121.556709,
          25.082926
        ]
      },
      "properties": {
        "city": "臺北市",
        "district": "中山區",
        "category": "環保餐廳",
        "name": "大戶屋美麗華店",
        "address": "臺北市中山區敬業三路20號B1"
      }
    },
    {
      "type": "Feature",
      "geometry": {
        "type": "Point",
        "coordinates": [
          121.565414,
          25.040865
        ]
      },
      "properties": {
        "city": "臺北市",
        "district": "信義區",
        "category": "環保餐廳",
        "name": "大戶屋統一時代店",
        "address": "臺北市信義區忠孝東路五段8號B2"
      }
    },
    {
      "type": "Feature",
      "geometry": {
        "type": "Point",
        "coordinates": [
          121.517055,
          25.047176
        ]
      },
      "properties": {
        "city": "臺北市",
        "district": "中正區",
        "category": "環保餐廳",
        "name": "大戶屋微風台北車站店",
        "address": "臺北市中正區北平西路3號2樓(東3門)"
      }
    },
    {
      "type": "Feature",
      "geometry": {
        "type": "Point",
        "coordinates": [
          121.544123,
          25.04613
        ]
      },
      "properties": {
        "city": "臺北市",
        "district": "松山區",
        "category": "環保餐廳",
        "name": "大戶屋微風廣場店",
        "address": "臺北市松山區復興南路一段39號GF"
      }
    },
    {
      "type": "Feature",
      "geometry": {
        "type": "Point",
        "coordinates": [
          121.504399,
          25.13711
        ]
      },
      "properties": {
        "city": "臺北市",
        "district": "北投區",
        "category": "環保餐廳",
        "name": "大戶屋新北投店",
        "address": "臺北市北投區中心里泉源路12號2樓之1"
      }
    },
    {
      "type": "Feature",
      "geometry": {
        "type": "Point",
        "coordinates": [
          121.520661,
          25.052434
        ]
      },
      "properties": {
        "city": "臺北市",
        "district": "中山區",
        "category": "環保餐廳",
        "name": "大戶屋誠品南西店",
        "address": "臺北市中山區南京西路14號B1"
      }
    },
    {
      "type": "Feature",
      "geometry": {
        "type": "Point",
        "coordinates": [
          121.531618,
          25.095139
        ]
      },
      "properties": {
        "city": "臺北市",
        "district": "北投區",
        "category": "環保餐廳",
        "name": "大地酒店-月兒彎彎",
        "address": "臺北市北投區奇岩路1號"
      }
    },
    {
      "type": "Feature",
      "geometry": {
        "type": "Point",
        "coordinates": [
          121.531618,
          25.095139
        ]
      },
      "properties": {
        "city": "臺北市",
        "district": "北投區",
        "category": "環保餐廳",
        "name": "大地酒店-奇岩一號",
        "address": "臺北市北投區奇岩路1號"
      }
    },
    {
      "type": "Feature",
      "geometry": {
        "type": "Point",
        "coordinates": [
          121.507593,
          25.129884
        ]
      },
      "properties": {
        "city": "臺北市",
        "district": "北投區",
        "category": "環保餐廳",
        "name": "大地酒店-喜歡廳",
        "address": "臺北市北投區奇岩路一號"
      }
    },
    {
      "type": "Feature",
      "geometry": {
        "type": "Point",
        "coordinates": [
          121.525082,
          25.05711
        ]
      },
      "properties": {
        "city": "臺北市",
        "district": "中山區",
        "category": "環保餐廳",
        "name": "大根日本料亭",
        "address": "臺北市中山區中山北路二段39巷14-1號"
      }
    },
    {
      "type": "Feature",
      "geometry": {
        "type": "Point",
        "coordinates": [
          121.542538,
          25.136656
        ]
      },
      "properties": {
        "city": "臺北市",
        "district": "士林區",
        "category": "環保餐廳",
        "name": "大衛小小羊",
        "address": "臺北市士林區國泰街9號"
      }
    },
    {
      "type": "Feature",
      "geometry": {
        "type": "Point",
        "coordinates": [
          121.503943,
          25.046448
        ]
      },
      "properties": {
        "city": "臺北市",
        "district": "萬華區",
        "category": "環保餐廳",
        "name": "小小蔬房",
        "address": "臺北市萬華區漢口街二段125號"
      }
    },
    {
      "type": "Feature",
      "geometry": {
        "type": "Point",
        "coordinates": [
          121.517269,
          25.045429
        ]
      },
      "properties": {
        "city": "臺北市",
        "district": "中正區",
        "category": "環保餐廳",
        "name": "小南門(微風台大醫院商場)",
        "address": "臺北市中正區中山南路77號B1F"
      }
    },
    {
      "type": "Feature",
      "geometry": {
        "type": "Point",
        "coordinates": [
          121.522479,
          25.120637
        ]
      },
      "properties": {
        "city": "臺北市",
        "district": "北投區",
        "category": "環保餐廳",
        "name": "小南門/小南門點心世界(北榮美食街)",
        "address": "臺北市北投區石牌路二段201號生活廣場"
      }
    },
    {
      "type": "Feature",
      "geometry": {
        "type": "Point",
        "coordinates": [
          121.591979,
          25.071802
        ]
      },
      "properties": {
        "city": "臺北市",
        "district": "內湖區",
        "category": "環保餐廳",
        "name": "小南門傳統豆花(微風．三總商店街)",
        "address": "臺北市內湖區成功路二段325號B1樓"
      }
    },
    {
      "type": "Feature",
      "geometry": {
        "type": "Point",
        "coordinates": [
          121.543566,
          25.023877
        ]
      },
      "properties": {
        "city": "臺北市",
        "district": "大安區",
        "category": "環保餐廳",
        "name": "小拾聚 餐食館",
        "address": "臺北市大安區復興南路二段325號"
      }
    },
    {
      "type": "Feature",
      "geometry": {
        "type": "Point",
        "coordinates": [
          121.575823,
          25.039945
        ]
      },
      "properties": {
        "city": "臺北市",
        "district": "信義區",
        "category": "環保餐廳",
        "name": "小醉好(信義店)|法式下午茶Day Drink & 小餐酒館",
        "address": "臺北市信義區忠孝東路五段61號"
      }
    },
    {
      "type": "Feature",
      "geometry": {
        "type": "Point",
        "coordinates": [
          121.508905,
          25.136164
        ]
      },
      "properties": {
        "city": "臺北市",
        "district": "北投區",
        "category": "環保餐廳",
        "name": "山?咖啡",
        "address": "臺北市北投區溫泉路110-1號1樓"
      }
    },
    {
      "type": "Feature",
      "geometry": {
        "type": "Point",
        "coordinates": [
          121.531796,
          25.10609
        ]
      },
      "properties": {
        "city": "臺北市",
        "district": "士林區",
        "category": "環保餐廳",
        "name": "中東人的私房菜",
        "address": "臺北市士林區忠義街117-3號1樓"
      }
    },
    {
      "type": "Feature",
      "geometry": {
        "type": "Point",
        "coordinates": [
          121.549765,
          25.052964
        ]
      },
      "properties": {
        "city": "臺北市",
        "district": "松山區",
        "category": "環保餐廳",
        "name": "中國人壽總部員工餐廳(自有)",
        "address": "臺北市松山區敦化北路135號B2"
      }
    },
    {
      "type": "Feature",
      "geometry": {
        "type": "Point",
        "coordinates": [
          121.59406,
          25.061402
        ]
      },
      "properties": {
        "city": "臺北市",
        "district": "內湖區",
        "category": "環保餐廳",
        "name": "中國信託內湖行政大樓員工餐廳",
        "address": "臺北市內湖區安康路22巷33號4樓"
      }
    },
    {
      "type": "Feature",
      "geometry": {
        "type": "Point",
        "coordinates": [
          121.616179,
          25.058917
        ]
      },
      "properties": {
        "city": "臺北市",
        "district": "南港區",
        "category": "環保餐廳",
        "name": "中國信託金融園區員工餐廳",
        "address": "臺北市南港區經貿二路168號4樓"
      }
    },
    {
      "type": "Feature",
      "geometry": {
        "type": "Point",
        "coordinates": [
          121.551536,
          25.047551
        ]
      },
      "properties": {
        "city": "臺北市",
        "district": "松山區",
        "category": "環保餐廳",
        "name": "中崙涼麵",
        "address": "臺北市松山區八德路三段12巷5弄30號"
      }
    },
    {
      "type": "Feature",
      "geometry": {
        "type": "Point",
        "coordinates": [
          121.513537,
          25.070405
        ]
      },
      "properties": {
        "city": "臺北市",
        "district": "大同區",
        "category": "環保餐廳",
        "name": "天下奇冰",
        "address": "臺北市大同區重慶北路三段232號1樓"
      }
    },
    {
      "type": "Feature",
      "geometry": {
        "type": "Point",
        "coordinates": [
          121.541743,
          25.046411
        ]
      },
      "properties": {
        "city": "臺北市",
        "district": "中山區",
        "category": "環保餐廳",
        "name": "天下食堂",
        "address": "臺北市中山區安東街4之5號"
      }
    },
    {
      "type": "Feature",
      "geometry": {
        "type": "Point",
        "coordinates": [
          121.615696,
          25.053362
        ]
      },
      "properties": {
        "city": "臺北市",
        "district": "大安區",
        "category": "環保餐廳",
        "name": "日本橋海鮮丼?半Tsujihan( SOGO復興店)",
        "address": "臺北市大安區忠孝東路3段300號B2"
      }
    },
    {
      "type": "Feature",
      "geometry": {
        "type": "Point",
        "coordinates": [
          121.495751,
          25.038089
        ]
      },
      "properties": {
        "city": "臺北市",
        "district": "萬華區",
        "category": "環保餐廳",
        "name": "王品餐飲股份有限公禾七台北家樂福桂林店",
        "address": "臺北市萬華區桂林路1號4樓"
      }
    },
    {
      "type": "Feature",
      "geometry": {
        "type": "Point",
        "coordinates": [
          121.562601,
          25.040453
        ]
      },
      "properties": {
        "city": "臺北市",
        "district": "信義區",
        "category": "環保餐廳",
        "name": "王鍋屋逸仙創始總店",
        "address": "臺北市信義區逸仙路50巷20號1樓"
      }
    },
    {
      "type": "Feature",
      "geometry": {
        "type": "Point",
        "coordinates": [
          121.517269,
          25.045429
        ]
      },
      "properties": {
        "city": "臺北市",
        "district": "中正區",
        "category": "環保餐廳",
        "name": "功夫肉圓(微風台大醫院商場)",
        "address": "臺北市中正區中山南路77號B1F"
      }
    },
    {
      "type": "Feature",
      "geometry": {
        "type": "Point",
        "coordinates": [
          121.517269,
          25.045429
        ]
      },
      "properties": {
        "city": "臺北市",
        "district": "中正區",
        "category": "環保餐廳",
        "name": "包家小鎮(微風台大醫院商場)",
        "address": "臺北市中正區中山南路77號B1F"
      }
    },
    {
      "type": "Feature",
      "geometry": {
        "type": "Point",
        "coordinates": [
          121.524827,
          25.049892
        ]
      },
      "properties": {
        "city": "臺北市",
        "district": "中山區",
        "category": "環保餐廳",
        "name": "古拉爵 義式屋-欣欣百貨店",
        "address": "臺北市中山區林森北路247號2樓"
      }
    },
    {
      "type": "Feature",
      "geometry": {
        "type": "Point",
        "coordinates": [
          121.616125,
          25.058395
        ]
      },
      "properties": {
        "city": "臺北市",
        "district": "南港區",
        "category": "環保餐廳",
        "name": "古拉爵 義式屋-南港中信店",
        "address": "臺北市南港區經貿二路166號2樓(中信總部A棟)"
      }
    },
    {
      "type": "Feature",
      "geometry": {
        "type": "Point",
        "coordinates": [
          121.511618,
          25.025236
        ]
      },
      "properties": {
        "city": "臺北市",
        "district": "中正區",
        "category": "環保餐廳",
        "name": "台北花園大酒店-花園thai thai",
        "address": "臺北市中正區中華路二段1號"
      }
    },
    {
      "type": "Feature",
      "geometry": {
        "type": "Point",
        "coordinates": [
          121.542641,
          25.022392
        ]
      },
      "properties": {
        "city": "臺北市",
        "district": "大安區",
        "category": "環保餐廳",
        "name": "永和樓中華料理店",
        "address": "臺北市大安區和平東路二段118巷52弄3號"
      }
    },
    {
      "type": "Feature",
      "geometry": {
        "type": "Point",
        "coordinates": [
          121.550416,
          25.059305
        ]
      },
      "properties": {
        "city": "臺北市",
        "district": "松山區",
        "category": "環保餐廳",
        "name": "玉山銀行(第二總部大樓)員工餐廳",
        "address": "臺北市松山區敦化北路315號"
      }
    },
    {
      "type": "Feature",
      "geometry": {
        "type": "Point",
        "coordinates": [
          121.546582,
          25.057978
        ]
      },
      "properties": {
        "city": "臺北市",
        "district": "松山區",
        "category": "環保餐廳",
        "name": "玉山銀行員工餐廳",
        "address": "臺北市松山區民生東路三段117號"
      }
    },
    {
      "type": "Feature",
      "geometry": {
        "type": "Point",
        "coordinates": [
          121.495751,
          25.038089
        ]
      },
      "properties": {
        "city": "臺北市",
        "district": "萬華區",
        "category": "環保餐廳",
        "name": "甘物家 x 甘物日飲(桂林家樂福店)",
        "address": "臺北市萬華區萬華區桂林路1號"
      }
    },
    {
      "type": "Feature",
      "geometry": {
        "type": "Point",
        "coordinates": [
          121.522479,
          25.120637
        ]
      },
      "properties": {
        "city": "臺北市",
        "district": "北投區",
        "category": "環保餐廳",
        "name": "甲大鴻港式燒臘(北榮美食街)",
        "address": "臺北市北投區石牌路二段201號生活廣場"
      }
    },
    {
      "type": "Feature",
      "geometry": {
        "type": "Point",
        "coordinates": [
          121.545313,
          25.039602
        ]
      },
      "properties": {
        "city": "臺北市",
        "district": "大安區",
        "category": "環保餐廳",
        "name": "立馬吃一鍋。有機水產火鍋專賣",
        "address": "臺北市大安區仁愛路四段27巷9號B1"
      }
    },
    {
      "type": "Feature",
      "geometry": {
        "type": "Point",
        "coordinates": [
          121.533854,
          25.051829
        ]
      },
      "properties": {
        "city": "臺北市",
        "district": "中山區",
        "category": "環保餐廳",
        "name": "丼賞和食??物vs刺身丼丼專門店",
        "address": "臺北市中山區南京東路二段140號B1"
      }
    },
    {
      "type": "Feature",
      "geometry": {
        "type": "Point",
        "coordinates": [
          121.543054,
          25.041212
        ]
      },
      "properties": {
        "city": "臺北市",
        "district": "大安區",
        "category": "環保餐廳",
        "name": "伊勢路勝勢日式豬排(復興 SOGO店)",
        "address": "臺北市大安區忠孝東路三段300號10樓"
      }
    },
    {
      "type": "Feature",
      "geometry": {
        "type": "Point",
        "coordinates": [
          121.539224,
          25.041873
        ]
      },
      "properties": {
        "city": "臺北市",
        "district": "大安區",
        "category": "環保餐廳",
        "name": "再見 麵",
        "address": "臺北市大安區忠孝東路三段205之1號"
      }
    },
    {
      "type": "Feature",
      "geometry": {
        "type": "Point",
        "coordinates": [
          121.553038,
          25.039053
        ]
      },
      "properties": {
        "city": "臺北市",
        "district": "大安區",
        "category": "環保餐廳",
        "name": "吉 天婦羅 (忠孝SOGO店)",
        "address": "臺北市大安區忠孝東路四段45號11F"
      }
    },
    {
      "type": "Feature",
      "geometry": {
        "type": "Point",
        "coordinates": [
          121.514225,
          25.062021
        ]
      },
      "properties": {
        "city": "臺北市",
        "district": "大同區",
        "category": "環保餐廳",
        "name": "向樂達工房(Caf? Chat Leopard 豹紋喵喵)",
        "address": "臺北市大同區蘭州街蘭州街14號1樓"
      }
    },
    {
      "type": "Feature",
      "geometry": {
        "type": "Point",
        "coordinates": [
          121.508347,
          25.054795
        ]
      },
      "properties": {
        "city": "臺北市",
        "district": "大同區",
        "category": "環保餐廳",
        "name": "在她家",
        "address": "臺北市大同區貴德街47－2號"
      }
    },
    {
      "type": "Feature",
      "geometry": {
        "type": "Point",
        "coordinates": [
          121.591979,
          25.071802
        ]
      },
      "properties": {
        "city": "臺北市",
        "district": "內湖區",
        "category": "環保餐廳",
        "name": "好好吃大餛飩(微風．三總商店街)",
        "address": "臺北市內湖區成功路二段325號B1樓"
      }
    },
    {
      "type": "Feature",
      "geometry": {
        "type": "Point",
        "coordinates": [
          121.517269,
          25.045429
        ]
      },
      "properties": {
        "city": "臺北市",
        "district": "中正區",
        "category": "環保餐廳",
        "name": "好好吃大餛飩(微風台大醫院商場)",
        "address": "臺北市中正區中山南路77號B1F"
      }
    },
    {
      "type": "Feature",
      "geometry": {
        "type": "Point",
        "coordinates": [
          121.522479,
          25.120637
        ]
      },
      "properties": {
        "city": "臺北市",
        "district": "北投區",
        "category": "環保餐廳",
        "name": "安永鮮食(北榮美食街)",
        "address": "臺北市北投區石牌路二段201號生活廣場"
      }
    },
    {
      "type": "Feature",
      "geometry": {
        "type": "Point",
        "coordinates": [
          121.517269,
          25.045429
        ]
      },
      "properties": {
        "city": "臺北市",
        "district": "中正區",
        "category": "環保餐廳",
        "name": "安永鮮食(微風台大醫院商場)",
        "address": "臺北市中正區中山南路77號B1F"
      }
    },
    {
      "type": "Feature",
      "geometry": {
        "type": "Point",
        "coordinates": [
          121.561279,
          24.981937
        ]
      },
      "properties": {
        "city": "臺北市",
        "district": "文山區",
        "category": "環保餐廳",
        "name": "成家小館",
        "address": "臺北市文山區木新路三段154號"
      }
    },
    {
      "type": "Feature",
      "geometry": {
        "type": "Point",
        "coordinates": [
          121.531858,
          25.106263
        ]
      },
      "properties": {
        "city": "臺北市",
        "district": "士林區",
        "category": "環保餐廳",
        "name": "成家小館(天母店)",
        "address": "臺北市士林區忠義街84號"
      }
    },
    {
      "type": "Feature",
      "geometry": {
        "type": "Point",
        "coordinates": [
          121.524275,
          25.105008
        ]
      },
      "properties": {
        "city": "臺北市",
        "district": "士林區",
        "category": "環保餐廳",
        "name": "成真咖啡（天母SOGO店）",
        "address": "臺北市士林區士林區中山北路六段77號1樓"
      }
    },
    {
      "type": "Feature",
      "geometry": {
        "type": "Point",
        "coordinates": [
          121.543054,
          25.041212
        ]
      },
      "properties": {
        "city": "臺北市",
        "district": "大安區",
        "category": "環保餐廳",
        "name": "成真咖啡台北sogo復興店",
        "address": "臺北市大安區忠孝東路三段300號9樓"
      }
    },
    {
      "type": "Feature",
      "geometry": {
        "type": "Point",
        "coordinates": [
          121.57842,
          25.041331
        ]
      },
      "properties": {
        "city": "臺北市",
        "district": "信義區",
        "category": "環保餐廳",
        "name": "有之和牛台北忠孝",
        "address": "臺北市信義區忠孝東路五段497號1樓"
      }
    },
    {
      "type": "Feature",
      "geometry": {
        "type": "Point",
        "coordinates": [
          121.506365,
          25.038858
        ]
      },
      "properties": {
        "city": "臺北市",
        "district": "萬華區",
        "category": "環保餐廳",
        "name": "有點辣正宗麻辣串串鍋",
        "address": "臺北市萬華區西寧南路285號1樓"
      }
    },
    {
      "type": "Feature",
      "geometry": {
        "type": "Point",
        "coordinates": [
          121.529384,
          25.090193
        ]
      },
      "properties": {
        "city": "臺北市",
        "district": "士林區",
        "category": "環保餐廳",
        "name": "朱記餡餅粥(天母SOGO店)",
        "address": "臺北市士林區中山北路6段77號8樓"
      }
    },
    {
      "type": "Feature",
      "geometry": {
        "type": "Point",
        "coordinates": [
          121.517269,
          25.045429
        ]
      },
      "properties": {
        "city": "臺北市",
        "district": "中正區",
        "category": "環保餐廳",
        "name": "朱記餡餅粥(微風台大醫院商場)",
        "address": "臺北市中正區中山南路77號B1F"
      }
    },
    {
      "type": "Feature",
      "geometry": {
        "type": "Point",
        "coordinates": [
          121.607496,
          25.052571
        ]
      },
      "properties": {
        "city": "臺北市",
        "district": "南港區",
        "category": "環保餐廳",
        "name": "朱記餡餅粥店",
        "address": "臺北市南港區忠孝東路七段371號B1"
      }
    },
    {
      "type": "Feature",
      "geometry": {
        "type": "Point",
        "coordinates": [
          121.56666,
          25.036082
        ]
      },
      "properties": {
        "city": "臺北市",
        "district": "信義區",
        "category": "環保餐廳",
        "name": "老乾杯 信義店",
        "address": "臺北市信義區松壽路9號8樓"
      }
    },
    {
      "type": "Feature",
      "geometry": {
        "type": "Point",
        "coordinates": [
          121.545602,
          25.054005
        ]
      },
      "properties": {
        "city": "臺北市",
        "district": "松山區",
        "category": "環保餐廳",
        "name": "老乾杯 慶城店",
        "address": "臺北市松山區慶城街29號1樓"
      }
    },
    {
      "type": "Feature",
      "geometry": {
        "type": "Point",
        "coordinates": [
          121.543054,
          25.041212
        ]
      },
      "properties": {
        "city": "臺北市",
        "district": "大安區",
        "category": "環保餐廳",
        "name": "老乾杯(復興SOGO店)",
        "address": "臺北市大安區忠孝東路三段300號11樓"
      }
    },
    {
      "type": "Feature",
      "geometry": {
        "type": "Point",
        "coordinates": [
          121.55696,
          25.082542
        ]
      },
      "properties": {
        "city": "臺北市",
        "district": "中山區",
        "category": "環保餐廳",
        "name": "老乾杯大直忠泰店",
        "address": "臺北市中山區樂群三路200號5樓"
      }
    },
    {
      "type": "Feature",
      "geometry": {
        "type": "Point",
        "coordinates": [
          121.521418,
          25.051211
        ]
      },
      "properties": {
        "city": "臺北市",
        "district": "中山區",
        "category": "環保餐廳",
        "name": "老乾杯南西店",
        "address": "臺北市中山區南京西路12號號7樓"
      }
    },
    {
      "type": "Feature",
      "geometry": {
        "type": "Point",
        "coordinates": [
          121.56362,
          25.041919
        ]
      },
      "properties": {
        "city": "臺北市",
        "district": "信義區",
        "category": "環保餐廳",
        "name": "老莫派咖哩",
        "address": "臺北市信義區忠孝東路四段553巷2弄7號"
      }
    },
    {
      "type": "Feature",
      "geometry": {
        "type": "Point",
        "coordinates": [
          121.544401,
          25.058584
        ]
      },
      "properties": {
        "city": "臺北市",
        "district": "松山區",
        "category": "環保餐廳",
        "name": "老舅的家鄉味",
        "address": "臺北市松山區復興北路307號"
      }
    },
    {
      "type": "Feature",
      "geometry": {
        "type": "Point",
        "coordinates": [
          121.591979,
          25.071802
        ]
      },
      "properties": {
        "city": "臺北市",
        "district": "內湖區",
        "category": "環保餐廳",
        "name": "老董(微風．三總商店街)",
        "address": "臺北市內湖區成功路二段325號B1樓"
      }
    },
    {
      "type": "Feature",
      "geometry": {
        "type": "Point",
        "coordinates": [
          121.517269,
          25.045429
        ]
      },
      "properties": {
        "city": "臺北市",
        "district": "中正區",
        "category": "環保餐廳",
        "name": "老董牛肉麵(微風台大醫院商場)",
        "address": "臺北市中正區中山南路77號B1F"
      }
    },
    {
      "type": "Feature",
      "geometry": {
        "type": "Point",
        "coordinates": [
          121.522479,
          25.120637
        ]
      },
      "properties": {
        "city": "臺北市",
        "district": "北投區",
        "category": "環保餐廳",
        "name": "西雅圖極品咖啡(北榮美食街)",
        "address": "臺北市北投區石牌路二段201號生活廣場"
      }
    },
    {
      "type": "Feature",
      "geometry": {
        "type": "Point",
        "coordinates": [
          121.591979,
          25.071802
        ]
      },
      "properties": {
        "city": "臺北市",
        "district": "內湖區",
        "category": "環保餐廳",
        "name": "西雅圖極品咖啡(微風．三總商店街)",
        "address": "臺北市內湖區成功路二段325號B1樓"
      }
    },
    {
      "type": "Feature",
      "geometry": {
        "type": "Point",
        "coordinates": [
          121.581021,
          25.041247
        ]
      },
      "properties": {
        "city": "臺北市",
        "district": "信義區",
        "category": "環保餐廳",
        "name": "吾家可歸朝食販賣部",
        "address": "臺北市信義區大道路42巷21號"
      }
    },
    {
      "type": "Feature",
      "geometry": {
        "type": "Point",
        "coordinates": [
          121.591979,
          25.071802
        ]
      },
      "properties": {
        "city": "臺北市",
        "district": "內湖區",
        "category": "環保餐廳",
        "name": "李記中式餐廳(微風．三總商店街)",
        "address": "臺北市內湖區成功路二段325號B1樓"
      }
    },
    {
      "type": "Feature",
      "geometry": {
        "type": "Point",
        "coordinates": [
          121.518748,
          25.044343
        ]
      },
      "properties": {
        "city": "臺北市",
        "district": "中正區",
        "category": "環保餐廳",
        "name": "李記港式燒臘",
        "address": "臺北市中正區中山南路8號B1"
      }
    },
    {
      "type": "Feature",
      "geometry": {
        "type": "Point",
        "coordinates": [
          121.534689,
          25.060642
        ]
      },
      "properties": {
        "city": "臺北市",
        "district": "中山區",
        "category": "環保餐廳",
        "name": "沙渡垂陽碳烤(錦州店)",
        "address": "臺北市中山區錦州街241巷1弄20號"
      }
    },
    {
      "type": "Feature",
      "geometry": {
        "type": "Point",
        "coordinates": [
          121.56582,
          25.024671
        ]
      },
      "properties": {
        "city": "臺北市",
        "district": "信義區",
        "category": "環保餐廳",
        "name": "芋品苑．先森吃麵",
        "address": "臺北市信義區吳興街26號一樓"
      }
    },
    {
      "type": "Feature",
      "geometry": {
        "type": "Point",
        "coordinates": [
          121.544421,
          25.044647
        ]
      },
      "properties": {
        "city": "臺北市",
        "district": "大安區",
        "category": "環保餐廳",
        "name": "谷炭燒肉(市民店)",
        "address": "臺北市大安區市民大道四段12之2號"
      }
    },
    {
      "type": "Feature",
      "geometry": {
        "type": "Point",
        "coordinates": [
          121.510032,
          25.115302
        ]
      },
      "properties": {
        "city": "臺北市",
        "district": "北投區",
        "category": "環保餐廳",
        "name": "味?屋",
        "address": "臺北市北投區實踐街67號"
      }
    },
    {
      "type": "Feature",
      "geometry": {
        "type": "Point",
        "coordinates": [
          121.529221,
          25.044319
        ]
      },
      "properties": {
        "city": "臺北市",
        "district": "中正區",
        "category": "環保餐廳",
        "name": "咖食堂",
        "address": "臺北市中正區八德路1段82巷9弄13號"
      }
    },
    {
      "type": "Feature",
      "geometry": {
        "type": "Point",
        "coordinates": [
          121.525013,
          25.094959
        ]
      },
      "properties": {
        "city": "臺北市",
        "district": "士林區",
        "category": "環保餐廳",
        "name": "咖啡弄(士林店)",
        "address": "臺北市士林區中正路253號2樓"
      }
    },
    {
      "type": "Feature",
      "geometry": {
        "type": "Point",
        "coordinates": [
          121.514891,
          25.045403
        ]
      },
      "properties": {
        "city": "臺北市",
        "district": "中正區",
        "category": "環保餐廳",
        "name": "咖啡弄(站前店)",
        "address": "臺北市中正區館前路18號2樓"
      }
    },
    {
      "type": "Feature",
      "geometry": {
        "type": "Point",
        "coordinates": [
          121.55153,
          25.042392
        ]
      },
      "properties": {
        "city": "臺北市",
        "district": "大安區",
        "category": "環保餐廳",
        "name": "咖啡弄(敦化店)",
        "address": "臺北市大安區敦化南路一段187巷42號2樓"
      }
    },
    {
      "type": "Feature",
      "geometry": {
        "type": "Point",
        "coordinates": [
          121.513694,
          25.042415
        ]
      },
      "properties": {
        "city": "臺北市",
        "district": "中正區",
        "category": "環保餐廳",
        "name": "呷米蔬食 / 素食餐廳 Rice revolution vegetarian restaurant",
        "address": "臺北市中正區衡陽路9號"
      }
    },
    {
      "type": "Feature",
      "geometry": {
        "type": "Point",
        "coordinates": [
          121.525529,
          25.041947
        ]
      },
      "properties": {
        "city": "臺北市",
        "district": "中正區",
        "category": "環保餐廳",
        "name": "幸福時光廚房",
        "address": "臺北市中正區濟南路一段321號"
      }
    },
    {
      "type": "Feature",
      "geometry": {
        "type": "Point",
        "coordinates": [
          121.517269,
          25.045429
        ]
      },
      "properties": {
        "city": "臺北市",
        "district": "中正區",
        "category": "環保餐廳",
        "name": "幸福道小籠包(微風台大醫院商場)",
        "address": "臺北市中正區中山南路77號B1F"
      }
    },
    {
      "type": "Feature",
      "geometry": {
        "type": "Point",
        "coordinates": [
          121.563781,
          25.037524
        ]
      },
      "properties": {
        "city": "臺北市",
        "district": "信義區",
        "category": "環保餐廳",
        "name": "府宴餐廳",
        "address": "臺北市信義區市府路1號B1"
      }
    },
    {
      "type": "Feature",
      "geometry": {
        "type": "Point",
        "coordinates": [
          121.591979,
          25.071802
        ]
      },
      "properties": {
        "city": "臺北市",
        "district": "內湖區",
        "category": "環保餐廳",
        "name": "怡來養生食舖(微風．三總商店街)",
        "address": "臺北市內湖區成功路二段325號B1樓"
      }
    },
    {
      "type": "Feature",
      "geometry": {
        "type": "Point",
        "coordinates": [
          121.546731,
          25.043493
        ]
      },
      "properties": {
        "city": "臺北市",
        "district": "大安區",
        "category": "環保餐廳",
        "name": "房間餐酒 The Room Bistro",
        "address": "臺北市大安區敦化南路一段160巷56號"
      }
    },
    {
      "type": "Feature",
      "geometry": {
        "type": "Point",
        "coordinates": [
          121.522479,
          25.120637
        ]
      },
      "properties": {
        "city": "臺北市",
        "district": "北投區",
        "category": "環保餐廳",
        "name": "明德素食園(北榮美食街)",
        "address": "臺北市北投區石牌路二段201號生活廣場"
      }
    },
    {
      "type": "Feature",
      "geometry": {
        "type": "Point",
        "coordinates": [
          121.591979,
          25.071802
        ]
      },
      "properties": {
        "city": "臺北市",
        "district": "內湖區",
        "category": "環保餐廳",
        "name": "明德素食園(微風．三總商店街)",
        "address": "臺北市內湖區成功路二段325號B1樓"
      }
    },
    {
      "type": "Feature",
      "geometry": {
        "type": "Point",
        "coordinates": [
          121.517269,
          25.045429
        ]
      },
      "properties": {
        "city": "臺北市",
        "district": "中正區",
        "category": "環保餐廳",
        "name": "明德素食園(微風台大醫院商場)",
        "address": "臺北市中正區中山南路77號B1F"
      }
    },
    {
      "type": "Feature",
      "geometry": {
        "type": "Point",
        "coordinates": [
          121.545324,
          25.057379
        ]
      },
      "properties": {
        "city": "臺北市",
        "district": "松山區",
        "category": "環保餐廳",
        "name": "杭州小籠湯包-民生店",
        "address": "臺北市松山區民生東路三段118號"
      }
    },
    {
      "type": "Feature",
      "geometry": {
        "type": "Point",
        "coordinates": [
          121.509607,
          25.058528
        ]
      },
      "properties": {
        "city": "臺北市",
        "district": "大同區",
        "category": "環保餐廳",
        "name": "東方饌黔天下(迪化)",
        "address": "臺北市大同區迪化街一段358-2號"
      }
    },
    {
      "type": "Feature",
      "geometry": {
        "type": "Point",
        "coordinates": [
          121.517269,
          25.045429
        ]
      },
      "properties": {
        "city": "臺北市",
        "district": "中正區",
        "category": "環保餐廳",
        "name": "欣豐自助餐(微風台大醫院商場)",
        "address": "臺北市中正區中山南路77號B1F"
      }
    },
    {
      "type": "Feature",
      "geometry": {
        "type": "Point",
        "coordinates": [
          121.495751,
          25.038089
        ]
      },
      "properties": {
        "city": "臺北市",
        "district": "萬華區",
        "category": "環保餐廳",
        "name": "爭鮮迴轉壽司",
        "address": "臺北市萬華區桂林路1號1樓"
      }
    },
    {
      "type": "Feature",
      "geometry": {
        "type": "Point",
        "coordinates": [
          121.575707,
          24.98962
        ]
      },
      "properties": {
        "city": "臺北市",
        "district": "文山區",
        "category": "環保餐廳",
        "name": "芽米早午餐(木柵店)",
        "address": "臺北市文山區秀明路二段16號"
      }
    },
    {
      "type": "Feature",
      "geometry": {
        "type": "Point",
        "coordinates": [
          121.591979,
          25.071802
        ]
      },
      "properties": {
        "city": "臺北市",
        "district": "內湖區",
        "category": "環保餐廳",
        "name": "花蓮扁食(微風．三總商店街)",
        "address": "臺北市內湖區成功路二段325號B1樓"
      }
    },
    {
      "type": "Feature",
      "geometry": {
        "type": "Point",
        "coordinates": [
          121.517269,
          25.045429
        ]
      },
      "properties": {
        "city": "臺北市",
        "district": "中正區",
        "category": "環保餐廳",
        "name": "花蓮扁食(微風台大醫院商場)",
        "address": "臺北市中正區中山南路77號B1F"
      }
    },
    {
      "type": "Feature",
      "geometry": {
        "type": "Point",
        "coordinates": [
          121.541061,
          25.067047
        ]
      },
      "properties": {
        "city": "臺北市",
        "district": "中山區",
        "category": "環保餐廳",
        "name": "初點良食 Dim sum shop",
        "address": "臺北市中山區龍江路394巷2號"
      }
    },
    {
      "type": "Feature",
      "geometry": {
        "type": "Point",
        "coordinates": [
          121.565775,
          25.034435
        ]
      },
      "properties": {
        "city": "臺北市",
        "district": "信義區",
        "category": "環保餐廳",
        "name": "金色三麥 UMAMI微風南山店",
        "address": "臺北市信義區松智路17號7樓"
      }
    },
    {
      "type": "Feature",
      "geometry": {
        "type": "Point",
        "coordinates": [
          121.517734,
          25.052245
        ]
      },
      "properties": {
        "city": "臺北市",
        "district": "大同區",
        "category": "環保餐廳",
        "name": "金色三麥 台北京站店",
        "address": "臺北市大同區承德路1段1號4樓"
      }
    },
    {
      "type": "Feature",
      "geometry": {
        "type": "Point",
        "coordinates": [
          121.557123,
          25.079109
        ]
      },
      "properties": {
        "city": "臺北市",
        "district": "中山區",
        "category": "環保餐廳",
        "name": "金色三麥 台北美麗華店",
        "address": "臺北市中山區敬業3路20號5樓"
      }
    },
    {
      "type": "Feature",
      "geometry": {
        "type": "Point",
        "coordinates": [
          121.56524,
          25.039516
        ]
      },
      "properties": {
        "city": "臺北市",
        "district": "信義區",
        "category": "環保餐廳",
        "name": "金色三麥 信義誠品店",
        "address": "臺北市信義區松高路11號B1"
      }
    },
    {
      "type": "Feature",
      "geometry": {
        "type": "Point",
        "coordinates": [
          121.604793,
          25.052364
        ]
      },
      "properties": {
        "city": "臺北市",
        "district": "南港區",
        "category": "環保餐廳",
        "name": "金色三麥南港CITYLINK店",
        "address": "臺北市南港區忠孝東路七段299號C棟1樓"
      }
    },
    {
      "type": "Feature",
      "geometry": {
        "type": "Point",
        "coordinates": [
          121.591734,
          25.049738
        ]
      },
      "properties": {
        "city": "臺北市",
        "district": "南港區",
        "category": "環保餐廳",
        "name": "金春發牛肉店(昆陽店)",
        "address": "臺北市南港區忠孝東路六段372號"
      }
    },
    {
      "type": "Feature",
      "geometry": {
        "type": "Point",
        "coordinates": [
          121.543803,
          25.055617
        ]
      },
      "properties": {
        "city": "臺北市",
        "district": "中山區",
        "category": "環保餐廳",
        "name": "金春發牛肉店(復北店)",
        "address": "臺北市中山區復興北路202號"
      }
    },
    {
      "type": "Feature",
      "geometry": {
        "type": "Point",
        "coordinates": [
          121.553038,
          25.039053
        ]
      },
      "properties": {
        "city": "臺北市",
        "district": "大安區",
        "category": "環保餐廳",
        "name": "金澤美味壽司 (忠孝SOGO店)",
        "address": "臺北市大安區忠孝東路四段45號11F"
      }
    },
    {
      "type": "Feature",
      "geometry": {
        "type": "Point",
        "coordinates": [
          121.543054,
          25.041212
        ]
      },
      "properties": {
        "city": "臺北市",
        "district": "大安區",
        "category": "環保餐廳",
        "name": "阿瑪迪斯咖啡館",
        "address": "臺北市大安區忠孝東路三段300號10樓"
      }
    },
    {
      "type": "Feature",
      "geometry": {
        "type": "Point",
        "coordinates": [
          121.55078,
          25.098134
        ]
      },
      "properties": {
        "city": "臺北市",
        "district": "士林區",
        "category": "環保餐廳",
        "name": "青青食尚花園會館",
        "address": "臺北市士林區至善路二段266巷32號"
      }
    },
    {
      "type": "Feature",
      "geometry": {
        "type": "Point",
        "coordinates": [
          121.524275,
          25.105008
        ]
      },
      "properties": {
        "city": "臺北市",
        "district": "士林區",
        "category": "環保餐廳",
        "name": "非常泰（天母sogo 店）",
        "address": "臺北市士林區中山北路六段77號8樓"
      }
    },
    {
      "type": "Feature",
      "geometry": {
        "type": "Point",
        "coordinates": [
          121.531066,
          25.053726
        ]
      },
      "properties": {
        "city": "臺北市",
        "district": "中山區",
        "category": "環保餐廳",
        "name": "侯黑鍋物 酸菜小火鍋 Ho Hey Hot Pot",
        "address": "臺北市中山區四平街19號"
      }
    },
    {
      "type": "Feature",
      "geometry": {
        "type": "Point",
        "coordinates": [
          121.534293,
          25.023168
        ]
      },
      "properties": {
        "city": "臺北市",
        "district": "大安區",
        "category": "環保餐廳",
        "name": "恬園餐廳",
        "address": "臺北市大安區新生南路三段30號"
      }
    },
    {
      "type": "Feature",
      "geometry": {
        "type": "Point",
        "coordinates": [
          121.495751,
          25.038089
        ]
      },
      "properties": {
        "city": "臺北市",
        "district": "萬華區",
        "category": "環保餐廳",
        "name": "星巴克",
        "address": "臺北市萬華區桂林路1號"
      }
    },
    {
      "type": "Feature",
      "geometry": {
        "type": "Point",
        "coordinates": [
          121.556894,
          25.042509
        ]
      },
      "properties": {
        "city": "臺北市",
        "district": "大安區",
        "category": "環保餐廳",
        "name": "星辰牛排",
        "address": "臺北市大安區光復南路180巷16號"
      }
    },
    {
      "type": "Feature",
      "geometry": {
        "type": "Point",
        "coordinates": [
          121.522479,
          25.120637
        ]
      },
      "properties": {
        "city": "臺北市",
        "district": "北投區",
        "category": "環保餐廳",
        "name": "洪祖師擔仔麵(北榮美食街)",
        "address": "臺北市北投區石牌路二段201號生活廣場"
      }
    },
    {
      "type": "Feature",
      "geometry": {
        "type": "Point",
        "coordinates": [
          121.549889,
          25.035584
        ]
      },
      "properties": {
        "city": "臺北市",
        "district": "大安區",
        "category": "環保餐廳",
        "name": "洗心壽司割烹",
        "address": "臺北市大安區敦化南路一段295巷9號"
      }
    },
    {
      "type": "Feature",
      "geometry": {
        "type": "Point",
        "coordinates": [
          121.495751,
          25.038089
        ]
      },
      "properties": {
        "city": "臺北市",
        "district": "萬華區",
        "category": "環保餐廳",
        "name": "炸雞大獅",
        "address": "臺北市萬華區桂林路1號"
      }
    },
    {
      "type": "Feature",
      "geometry": {
        "type": "Point",
        "coordinates": [
          121.581037,
          25.081782
        ]
      },
      "properties": {
        "city": "臺北市",
        "district": "內湖區",
        "category": "環保餐廳",
        "name": "珍珠?子喫茶屋",
        "address": "臺北市內湖區內湖路二段103巷38號"
      }
    },
    {
      "type": "Feature",
      "geometry": {
        "type": "Point",
        "coordinates": [
          121.553038,
          25.039053
        ]
      },
      "properties": {
        "city": "臺北市",
        "district": "大安區",
        "category": "環保餐廳",
        "name": "皇家哥本哈根咖啡輕食複合店 (忠孝SOGO店)",
        "address": "臺北市大安區忠孝東路四段45號4F"
      }
    },
    {
      "type": "Feature",
      "geometry": {
        "type": "Point",
        "coordinates": [
          121.522479,
          25.120637
        ]
      },
      "properties": {
        "city": "臺北市",
        "district": "北投區",
        "category": "環保餐廳",
        "name": "皇家傳承(北榮美食街)",
        "address": "臺北市北投區石牌路二段201號生活廣場"
      }
    },
    {
      "type": "Feature",
      "geometry": {
        "type": "Point",
        "coordinates": [
          121.530963,
          25.11535
        ]
      },
      "properties": {
        "city": "臺北市",
        "district": "士林區",
        "category": "環保餐廳",
        "name": "紅瓦厝懷舊風味餐坊",
        "address": "臺北市士林區天母東路8巷67號"
      }
    },
    {
      "type": "Feature",
      "geometry": {
        "type": "Point",
        "coordinates": [
          121.548439,
          25.040147
        ]
      },
      "properties": {
        "city": "臺北市",
        "district": "大安區",
        "category": "環保餐廳",
        "name": "紅豆食府",
        "address": "臺北市大安區敦化南路一段246號B2"
      }
    },
    {
      "type": "Feature",
      "geometry": {
        "type": "Point",
        "coordinates": [
          121.524275,
          25.105008
        ]
      },
      "properties": {
        "city": "臺北市",
        "district": "士林區",
        "category": "環保餐廳",
        "name": "紅豆食府(天母SOGO店)",
        "address": "臺北市士林區中山北路六段77號8F"
      }
    },
    {
      "type": "Feature",
      "geometry": {
        "type": "Point",
        "coordinates": [
          121.522479,
          25.120637
        ]
      },
      "properties": {
        "city": "臺北市",
        "district": "北投區",
        "category": "環保餐廳",
        "name": "紅豆食府(北榮美食街)",
        "address": "臺北市北投區石牌路二段201號生活廣場"
      }
    },
    {
      "type": "Feature",
      "geometry": {
        "type": "Point",
        "coordinates": [
          121.543054,
          25.041212
        ]
      },
      "properties": {
        "city": "臺北市",
        "district": "大安區",
        "category": "環保餐廳",
        "name": "紅花鐵板燒(復興SOGO店)",
        "address": "臺北市大安區忠孝東路三段300號10樓"
      }
    },
    {
      "type": "Feature",
      "geometry": {
        "type": "Point",
        "coordinates": [
          121.55489,
          25.0359
        ]
      },
      "properties": {
        "city": "臺北市",
        "district": "大安區",
        "category": "環保餐廳",
        "name": "美術系壽司(台北大安店)",
        "address": "臺北市大安區仁愛路四段300巷9弄4號"
      }
    },
    {
      "type": "Feature",
      "geometry": {
        "type": "Point",
        "coordinates": [
          121.50045,
          25.130398
        ]
      },
      "properties": {
        "city": "臺北市",
        "district": "北投區",
        "category": "環保餐廳",
        "name": "美華閣湯包麵食館",
        "address": "臺北市北投區大興街58號"
      }
    },
    {
      "type": "Feature",
      "geometry": {
        "type": "Point",
        "coordinates": [
          121.517168,
          25.0414
        ]
      },
      "properties": {
        "city": "臺北市",
        "district": "中正區",
        "category": "環保餐廳",
        "name": "美樂家速食坊",
        "address": "臺北市中正區常德街1號B1"
      }
    },
    {
      "type": "Feature",
      "geometry": {
        "type": "Point",
        "coordinates": [
          121.534075,
          25.024603
        ]
      },
      "properties": {
        "city": "臺北市",
        "district": "大安區",
        "category": "環保餐廳",
        "name": "風尚咖啡廳",
        "address": "臺北市大安區新生南路3段30號B1"
      }
    },
    {
      "type": "Feature",
      "geometry": {
        "type": "Point",
        "coordinates": [
          121.504299,
          25.040688
        ]
      },
      "properties": {
        "city": "臺北市",
        "district": "萬華區",
        "category": "環保餐廳",
        "name": "食光/此拾此客",
        "address": "臺北市萬華區昆明街214號"
      }
    },
    {
      "type": "Feature",
      "geometry": {
        "type": "Point",
        "coordinates": [
          121.585288,
          25.052175
        ]
      },
      "properties": {
        "city": "臺北市",
        "district": "南港區",
        "category": "環保餐廳",
        "name": "宮保王食品有限公司",
        "address": "臺北市南港區南港路三段149巷49弄12號"
      }
    },
    {
      "type": "Feature",
      "geometry": {
        "type": "Point",
        "coordinates": [
          121.551969,
          25.058426
        ]
      },
      "properties": {
        "city": "臺北市",
        "district": "松山區",
        "category": "環保餐廳",
        "name": "島津和牛咖哩 (民生店)",
        "address": "臺北市松山區民生東路四段97巷1弄2號"
      }
    },
    {
      "type": "Feature",
      "geometry": {
        "type": "Point",
        "coordinates": [
          121.519684,
          25.041438
        ]
      },
      "properties": {
        "city": "臺北市",
        "district": "中正區",
        "category": "環保餐廳",
        "name": "徐州路2號庭園會館",
        "address": "臺北市中正區徐州路2號"
      }
    },
    {
      "type": "Feature",
      "geometry": {
        "type": "Point",
        "coordinates": [
          121.564697,
          25.03347
        ]
      },
      "properties": {
        "city": "臺北市",
        "district": "信義區",
        "category": "環保餐廳",
        "name": "捌伍添第",
        "address": "臺北市信義區信義路五段7號85號樓B側"
      }
    },
    {
      "type": "Feature",
      "geometry": {
        "type": "Point",
        "coordinates": [
          121.532824,
          25.018108
        ]
      },
      "properties": {
        "city": "臺北市",
        "district": "大安區",
        "category": "環保餐廳",
        "name": "書屋花甲(台大店)",
        "address": "臺北市大安區羅斯福路三段283巷20號1樓"
      }
    },
    {
      "type": "Feature",
      "geometry": {
        "type": "Point",
        "coordinates": [
          121.543054,
          25.041212
        ]
      },
      "properties": {
        "city": "臺北市",
        "district": "大安區",
        "category": "環保餐廳",
        "name": "泰迪農園咖哩",
        "address": "臺北市大安區忠孝東路三段300號7樓"
      }
    },
    {
      "type": "Feature",
      "geometry": {
        "type": "Point",
        "coordinates": [
          121.495751,
          25.038089
        ]
      },
      "properties": {
        "city": "臺北市",
        "district": "萬華區",
        "category": "環保餐廳",
        "name": "海底撈",
        "address": "臺北市萬華區桂林路1號4樓"
      }
    },
    {
      "type": "Feature",
      "geometry": {
        "type": "Point",
        "coordinates": [
          121.565775,
          25.034435
        ]
      },
      "properties": {
        "city": "臺北市",
        "district": "信義區",
        "category": "環保餐廳",
        "name": "海底撈火鍋",
        "address": "臺北市信義區松智路17號2B"
      }
    },
    {
      "type": "Feature",
      "geometry": {
        "type": "Point",
        "coordinates": [
          121.553037,
          25.039876
        ]
      },
      "properties": {
        "city": "臺北市",
        "district": "大安區",
        "category": "環保餐廳",
        "name": "烤肉工廠",
        "address": "臺北市大安區忠孝東路四段216巷27弄2號"
      }
    },
    {
      "type": "Feature",
      "geometry": {
        "type": "Point",
        "coordinates": [
          121.553524,
          25.042728
        ]
      },
      "properties": {
        "city": "臺北市",
        "district": "大安區",
        "category": "環保餐廳",
        "name": "真飽餐盒",
        "address": "臺北市大安區延吉街70巷6弄3號"
      }
    },
    {
      "type": "Feature",
      "geometry": {
        "type": "Point",
        "coordinates": [
          121.553038,
          25.039053
        ]
      },
      "properties": {
        "city": "臺北市",
        "district": "大安區",
        "category": "環保餐廳",
        "name": "神樂家（忠孝SOGO店）",
        "address": "臺北市大安區忠孝東路四段45號11樓"
      }
    },
    {
      "type": "Feature",
      "geometry": {
        "type": "Point",
        "coordinates": [
          121.531522,
          25.020214
        ]
      },
      "properties": {
        "city": "臺北市",
        "district": "大安區",
        "category": "環保餐廳",
        "name": "秘徑小食光",
        "address": "臺北市大安區羅斯福路三段283巷3號"
      }
    },
    {
      "type": "Feature",
      "geometry": {
        "type": "Point",
        "coordinates": [
          121.516714,
          25.138448
        ]
      },
      "properties": {
        "city": "臺北市",
        "district": "北投區",
        "category": "環保餐廳",
        "name": "財團法人福祿文化基金會北投文物館",
        "address": "臺北市北投區幽雅路32號"
      }
    },
    {
      "type": "Feature",
      "geometry": {
        "type": "Point",
        "coordinates": [
          121.540968,
          25.048417
        ]
      },
      "properties": {
        "city": "臺北市",
        "district": "中山區",
        "category": "環保餐廳",
        "name": "鬥牛士(長安店)",
        "address": "臺北市中山區長安東路二段169之12號2樓"
      }
    },
    {
      "type": "Feature",
      "geometry": {
        "type": "Point",
        "coordinates": [
          121.517055,
          25.047176
        ]
      },
      "properties": {
        "city": "臺北市",
        "district": "中正區",
        "category": "環保餐廳",
        "name": "乾杯列車台北總站",
        "address": "臺北市中正區北平西路3號2樓"
      }
    },
    {
      "type": "Feature",
      "geometry": {
        "type": "Point",
        "coordinates": [
          121.513438,
          25.054777
        ]
      },
      "properties": {
        "city": "臺北市",
        "district": "大同區",
        "category": "環保餐廳",
        "name": "乾杯燒肉居酒屋 中山店",
        "address": "臺北市大同區南京西路25巷2-1號"
      }
    },
    {
      "type": "Feature",
      "geometry": {
        "type": "Point",
        "coordinates": [
          121.547005,
          25.04066
        ]
      },
      "properties": {
        "city": "臺北市",
        "district": "大安區",
        "category": "環保餐廳",
        "name": "乾杯燒肉居酒屋 本店",
        "address": "臺北市大安區敦化南路一段236巷17號"
      }
    },
    {
      "type": "Feature",
      "geometry": {
        "type": "Point",
        "coordinates": [
          121.566264,
          25.035351
        ]
      },
      "properties": {
        "city": "臺北市",
        "district": "信義區",
        "category": "環保餐廳",
        "name": "乾杯燒肉居酒屋 信義 ATT 店",
        "address": "臺北市信義區松壽路12號3樓"
      }
    },
    {
      "type": "Feature",
      "geometry": {
        "type": "Point",
        "coordinates": [
          121.616419,
          25.059324
        ]
      },
      "properties": {
        "city": "臺北市",
        "district": "南港區",
        "category": "環保餐廳",
        "name": "乾杯燒肉居酒屋 南港中信店",
        "address": "臺北市南港區經貿二路186-1號2樓"
      }
    },
    {
      "type": "Feature",
      "geometry": {
        "type": "Point",
        "coordinates": [
          121.547274,
          25.048054
        ]
      },
      "properties": {
        "city": "臺北市",
        "district": "松山區",
        "category": "環保餐廳",
        "name": "基督復臨安息日會醫療財團法人臺安醫院 嗎哪天然之味餐廳",
        "address": "臺北市松山區八德路二段424號B1"
      }
    },
    {
      "type": "Feature",
      "geometry": {
        "type": "Point",
        "coordinates": [
          121.606056,
          25.052513
        ]
      },
      "properties": {
        "city": "臺北市",
        "district": "南港區",
        "category": "環保餐廳",
        "name": "敘日全日餐廳",
        "address": "臺北市南港區忠孝東路七段359號7樓"
      }
    },
    {
      "type": "Feature",
      "geometry": {
        "type": "Point",
        "coordinates": [
          121.574811,
          25.141111
        ]
      },
      "properties": {
        "city": "臺北市",
        "district": "士林區",
        "category": "環保餐廳",
        "name": "梅居休閒農場",
        "address": "臺北市士林區平菁街43巷99號"
      }
    },
    {
      "type": "Feature",
      "geometry": {
        "type": "Point",
        "coordinates": [
          121.524827,
          25.049892
        ]
      },
      "properties": {
        "city": "臺北市",
        "district": "中山區",
        "category": "環保餐廳",
        "name": "涮乃葉-欣欣百貨店",
        "address": "臺北市中山區林森北路247號2樓"
      }
    },
    {
      "type": "Feature",
      "geometry": {
        "type": "Point",
        "coordinates": [
          121.567968,
          25.036732
        ]
      },
      "properties": {
        "city": "臺北市",
        "district": "信義區",
        "category": "環保餐廳",
        "name": "涮乃葉-信義遠百店",
        "address": "臺北市信義區松仁路58號7樓"
      }
    },
    {
      "type": "Feature",
      "geometry": {
        "type": "Point",
        "coordinates": [
          121.616419,
          25.059324
        ]
      },
      "properties": {
        "city": "臺北市",
        "district": "南港區",
        "category": "環保餐廳",
        "name": "涮乃葉-南港中信店",
        "address": "臺北市南港區經貿二路188-1號2樓(中信總部C棟)"
      }
    },
    {
      "type": "Feature",
      "geometry": {
        "type": "Point",
        "coordinates": [
          121.574333,
          25.040053
        ]
      },
      "properties": {
        "city": "臺北市",
        "district": "信義區",
        "category": "環保餐廳",
        "name": "涮乃葉-統一時代市府店",
        "address": "臺北市信義區忠孝東路5段8號3樓"
      }
    },
    {
      "type": "Feature",
      "geometry": {
        "type": "Point",
        "coordinates": [
          121.508776,
          25.041856
        ]
      },
      "properties": {
        "city": "臺北市",
        "district": "中正區",
        "category": "環保餐廳",
        "name": "涮乃葉-寶慶遠百店",
        "address": "臺北市中正區寶慶路32號6樓(遠東百貨6樓)"
      }
    },
    {
      "type": "Feature",
      "geometry": {
        "type": "Point",
        "coordinates": [
          121.548439,
          25.040147
        ]
      },
      "properties": {
        "city": "臺北市",
        "district": "大安區",
        "category": "環保餐廳",
        "name": "深紅鍋物",
        "address": "臺北市大安區敦化南路一段246號B2"
      }
    },
    {
      "type": "Feature",
      "geometry": {
        "type": "Point",
        "coordinates": [
          121.517269,
          25.045429
        ]
      },
      "properties": {
        "city": "臺北市",
        "district": "中正區",
        "category": "環保餐廳",
        "name": "第一佳(微風台大醫院商場)",
        "address": "臺北市中正區中山南路77號B1F"
      }
    },
    {
      "type": "Feature",
      "geometry": {
        "type": "Point",
        "coordinates": [
          121.513105,
          25.045572
        ]
      },
      "properties": {
        "city": "臺北市",
        "district": "中正區",
        "category": "環保餐廳",
        "name": "第一銀行總行大樓員工餐廳",
        "address": "臺北市中正區重慶南路一段30號21樓"
      }
    },
    {
      "type": "Feature",
      "geometry": {
        "type": "Point",
        "coordinates": [
          121.553038,
          25.039053
        ]
      },
      "properties": {
        "city": "臺北市",
        "district": "大安區",
        "category": "環保餐廳",
        "name": "荷李活茶街 (忠孝SOGO店)",
        "address": "臺北市大安區忠孝東路四段45號2F"
      }
    },
    {
      "type": "Feature",
      "geometry": {
        "type": "Point",
        "coordinates": [
          121.553038,
          25.039053
        ]
      },
      "properties": {
        "city": "臺北市",
        "district": "大安區",
        "category": "環保餐廳",
        "name": "莆田 (忠孝SOGO店)",
        "address": "臺北市大安區忠孝東路四段45號12F"
      }
    },
    {
      "type": "Feature",
      "geometry": {
        "type": "Point",
        "coordinates": [
          121.530472,
          25.019288
        ]
      },
      "properties": {
        "city": "臺北市",
        "district": "大安區",
        "category": "環保餐廳",
        "name": "野橙咖啡",
        "address": "臺北市大安區羅斯福路三段269巷6之1號"
      }
    },
    {
      "type": "Feature",
      "geometry": {
        "type": "Point",
        "coordinates": [
          121.524275,
          25.105008
        ]
      },
      "properties": {
        "city": "臺北市",
        "district": "士林區",
        "category": "環保餐廳",
        "name": "魚君 ????? 天母SOGO店",
        "address": "臺北市士林區中山北路六段77號8樓"
      }
    },
    {
      "type": "Feature",
      "geometry": {
        "type": "Point",
        "coordinates": [
          121.563041,
          25.042567
        ]
      },
      "properties": {
        "city": "臺北市",
        "district": "信義區",
        "category": "環保餐廳",
        "name": "鳥作洋食",
        "address": "臺北市信義區忠孝東路四段553巷16弄2號1樓"
      }
    },
    {
      "type": "Feature",
      "geometry": {
        "type": "Point",
        "coordinates": [
          121.510981,
          25.083582
        ]
      },
      "properties": {
        "city": "臺北市",
        "district": "士林區",
        "category": "環保餐廳",
        "name": "麥味登士林葫東",
        "address": "臺北市士林區葫東街28-1號"
      }
    },
    {
      "type": "Feature",
      "geometry": {
        "type": "Point",
        "coordinates": [
          121.547506,
          25.082217
        ]
      },
      "properties": {
        "city": "臺北市",
        "district": "中山區",
        "category": "環保餐廳",
        "name": "麥味登大直北安羅伯",
        "address": "臺北市中山區北安路595巷19號"
      }
    },
    {
      "type": "Feature",
      "geometry": {
        "type": "Point",
        "coordinates": [
          121.562145,
          25.086778
        ]
      },
      "properties": {
        "city": "臺北市",
        "district": "內湖區",
        "category": "環保餐廳",
        "name": "麥味登內湖文湖",
        "address": "臺北市內湖區文湖街49號"
      }
    },
    {
      "type": "Feature",
      "geometry": {
        "type": "Point",
        "coordinates": [
          121.571256,
          25.077801
        ]
      },
      "properties": {
        "city": "臺北市",
        "district": "內湖區",
        "category": "環保餐廳",
        "name": "麥味登內湖光寶",
        "address": "臺北市內湖區瑞光路392號"
      }
    },
    {
      "type": "Feature",
      "geometry": {
        "type": "Point",
        "coordinates": [
          121.571294,
          25.082136
        ]
      },
      "properties": {
        "city": "臺北市",
        "district": "內湖區",
        "category": "環保餐廳",
        "name": "麥味登內湖波士店",
        "address": "臺北市內湖區內湖路一段411巷9弄4號"
      }
    },
    {
      "type": "Feature",
      "geometry": {
        "type": "Point",
        "coordinates": [
          121.590379,
          25.07766
        ]
      },
      "properties": {
        "city": "臺北市",
        "district": "內湖區",
        "category": "環保餐廳",
        "name": "麥味登內湖星雲",
        "address": "臺北市內湖區星雲街10號1F"
      }
    },
    {
      "type": "Feature",
      "geometry": {
        "type": "Point",
        "coordinates": [
          121.568628,
          25.08453
        ]
      },
      "properties": {
        "city": "臺北市",
        "district": "內湖區",
        "category": "環保餐廳",
        "name": "麥味登內湖園區",
        "address": "臺北市內湖區內湖路一段323巷30號"
      }
    },
    {
      "type": "Feature",
      "geometry": {
        "type": "Point",
        "coordinates": [
          121.585001,
          25.05726
        ]
      },
      "properties": {
        "city": "臺北市",
        "district": "內湖區",
        "category": "環保餐廳",
        "name": "麥味登內湖新明",
        "address": "臺北市內湖區新明路198號"
      }
    },
    {
      "type": "Feature",
      "geometry": {
        "type": "Point",
        "coordinates": [
          121.577452,
          25.064082
        ]
      },
      "properties": {
        "city": "臺北市",
        "district": "內湖區",
        "category": "環保餐廳",
        "name": "麥味登內湖新湖",
        "address": "臺北市內湖區新湖三路118號"
      }
    },
    {
      "type": "Feature",
      "geometry": {
        "type": "Point",
        "coordinates": [
          121.607583,
          25.071093
        ]
      },
      "properties": {
        "city": "臺北市",
        "district": "內湖區",
        "category": "環保餐廳",
        "name": "麥味登內湖葫洲",
        "address": "臺北市內湖區民權東路六段296巷67號"
      }
    },
    {
      "type": "Feature",
      "geometry": {
        "type": "Point",
        "coordinates": [
          121.583149,
          25.077314
        ]
      },
      "properties": {
        "city": "臺北市",
        "district": "內湖區",
        "category": "環保餐廳",
        "name": "麥味登內湖旗艦",
        "address": "臺北市內湖區文德路90巷43號"
      }
    },
    {
      "type": "Feature",
      "geometry": {
        "type": "Point",
        "coordinates": [
          121.591041,
          25.085594
        ]
      },
      "properties": {
        "city": "臺北市",
        "district": "內湖區",
        "category": "環保餐廳",
        "name": "麥味登內湖碧湖",
        "address": "臺北市內湖區金龍路107號"
      }
    },
    {
      "type": "Feature",
      "geometry": {
        "type": "Point",
        "coordinates": [
          121.534055,
          25.110212
        ]
      },
      "properties": {
        "city": "臺北市",
        "district": "士林區",
        "category": "環保餐廳",
        "name": "麥味登天母士東",
        "address": "臺北市士林區士東路71號"
      }
    },
    {
      "type": "Feature",
      "geometry": {
        "type": "Point",
        "coordinates": [
          121.556732,
          24.98059
        ]
      },
      "properties": {
        "city": "臺北市",
        "district": "文山區",
        "category": "環保餐廳",
        "name": "麥味登文山木星好運",
        "address": "臺北市文山區木新路三段315號"
      }
    },
    {
      "type": "Feature",
      "geometry": {
        "type": "Point",
        "coordinates": [
          121.565951,
          24.982897
        ]
      },
      "properties": {
        "city": "臺北市",
        "district": "文山區",
        "category": "環保餐廳",
        "name": "麥味登文山木新",
        "address": "臺北市文山區木新路二段277號"
      }
    },
    {
      "type": "Feature",
      "geometry": {
        "type": "Point",
        "coordinates": [
          121.542169,
          24.989274
        ]
      },
      "properties": {
        "city": "臺北市",
        "district": "文山區",
        "category": "環保餐廳",
        "name": "麥味登文山世新",
        "address": "臺北市文山區景興路288號"
      }
    },
    {
      "type": "Feature",
      "geometry": {
        "type": "Point",
        "coordinates": [
          121.554565,
          25.00032
        ]
      },
      "properties": {
        "city": "臺北市",
        "district": "文山區",
        "category": "環保餐廳",
        "name": "麥味登文山辛亥",
        "address": "臺北市文山區辛亥路五段5號"
      }
    },
    {
      "type": "Feature",
      "geometry": {
        "type": "Point",
        "coordinates": [
          121.57576,
          24.988062
        ]
      },
      "properties": {
        "city": "臺北市",
        "district": "文山區",
        "category": "環保餐廳",
        "name": "麥味登文山政大",
        "address": "臺北市文山區萬壽路25巷3號"
      }
    },
    {
      "type": "Feature",
      "geometry": {
        "type": "Point",
        "coordinates": [
          121.540506,
          24.990131
        ]
      },
      "properties": {
        "city": "臺北市",
        "district": "文山區",
        "category": "環保餐廳",
        "name": "麥味登文山滬江",
        "address": "臺北市文山區羅斯福路六段455巷21號1樓"
      }
    },
    {
      "type": "Feature",
      "geometry": {
        "type": "Point",
        "coordinates": [
          121.561417,
          24.985749
        ]
      },
      "properties": {
        "city": "臺北市",
        "district": "文山區",
        "category": "環保餐廳",
        "name": "麥味登文山興隆",
        "address": "臺北市文山區興隆路四段119號"
      }
    },
    {
      "type": "Feature",
      "geometry": {
        "type": "Point",
        "coordinates": [
          121.537566,
          25.002023
        ]
      },
      "properties": {
        "city": "臺北市",
        "district": "文山區",
        "category": "環保餐廳",
        "name": "麥味登文山饗食大亨",
        "address": "臺北市文山區羅斯福路五段218巷25號"
      }
    },
    {
      "type": "Feature",
      "geometry": {
        "type": "Point",
        "coordinates": [
          121.545947,
          25.029787
        ]
      },
      "properties": {
        "city": "臺北市",
        "district": "大安區",
        "category": "環保餐廳",
        "name": "麥味登北市大安",
        "address": "臺北市大安區大安路二段134號"
      }
    },
    {
      "type": "Feature",
      "geometry": {
        "type": "Point",
        "coordinates": [
          121.582115,
          25.041382
        ]
      },
      "properties": {
        "city": "臺北市",
        "district": "信義區",
        "category": "環保餐廳",
        "name": "麥味登北市大道",
        "address": "臺北市信義區大道路50號"
      }
    },
    {
      "type": "Feature",
      "geometry": {
        "type": "Point",
        "coordinates": [
          121.542954,
          25.039591
        ]
      },
      "properties": {
        "city": "臺北市",
        "district": "大安區",
        "category": "環保餐廳",
        "name": "麥味登北市仁愛",
        "address": "臺北市大安區仁愛路三段24巷1-6號"
      }
    },
    {
      "type": "Feature",
      "geometry": {
        "type": "Point",
        "coordinates": [
          121.553382,
          25.024898
        ]
      },
      "properties": {
        "city": "臺北市",
        "district": "信義區",
        "category": "環保餐廳",
        "name": "麥味登北市六張犁店",
        "address": "臺北市信義區基隆路二段183號1樓"
      }
    },
    {
      "type": "Feature",
      "geometry": {
        "type": "Point",
        "coordinates": [
          121.55892,
          25.033917
        ]
      },
      "properties": {
        "city": "臺北市",
        "district": "信義區",
        "category": "環保餐廳",
        "name": "麥味登北市天秤獅",
        "address": "臺北市信義區光復南路473巷29號"
      }
    },
    {
      "type": "Feature",
      "geometry": {
        "type": "Point",
        "coordinates": [
          121.566368,
          24.988669
        ]
      },
      "properties": {
        "city": "臺北市",
        "district": "文山區",
        "category": "環保餐廳",
        "name": "麥味登北市文山木柵店",
        "address": "臺北市文山區木柵路三段55號"
      }
    },
    {
      "type": "Feature",
      "geometry": {
        "type": "Point",
        "coordinates": [
          121.561563,
          25.030589
        ]
      },
      "properties": {
        "city": "臺北市",
        "district": "信義區",
        "category": "環保餐廳",
        "name": "麥味登北市世貿莊敬店",
        "address": "臺北市信義區莊敬路203號"
      }
    },
    {
      "type": "Feature",
      "geometry": {
        "type": "Point",
        "coordinates": [
          121.535569,
          25.013267
        ]
      },
      "properties": {
        "city": "臺北市",
        "district": "中正區",
        "category": "環保餐廳",
        "name": "麥味登北市台大",
        "address": "臺北市中正區羅斯福路四段118號"
      }
    },
    {
      "type": "Feature",
      "geometry": {
        "type": "Point",
        "coordinates": [
          121.550605,
          25.047437
        ]
      },
      "properties": {
        "city": "臺北市",
        "district": "松山區",
        "category": "環保餐廳",
        "name": "麥味登北市台視店",
        "address": "臺北市松山區八德路三段12巷5弄6號"
      }
    },
    {
      "type": "Feature",
      "geometry": {
        "type": "Point",
        "coordinates": [
          121.558259,
          25.059636
        ]
      },
      "properties": {
        "city": "臺北市",
        "district": "松山區",
        "category": "環保餐廳",
        "name": "麥味登北市民生",
        "address": "臺北市松山區民生東路五段153-5號"
      }
    },
    {
      "type": "Feature",
      "geometry": {
        "type": "Point",
        "coordinates": [
          121.561975,
          25.056844
        ]
      },
      "properties": {
        "city": "臺北市",
        "district": "松山區",
        "category": "環保餐廳",
        "name": "麥味登北市民生延壽店",
        "address": "臺北市松山區延壽街173號"
      }
    },
    {
      "type": "Feature",
      "geometry": {
        "type": "Point",
        "coordinates": [
          121.5155,
          25.062862
        ]
      },
      "properties": {
        "city": "臺北市",
        "district": "大同區",
        "category": "環保餐廳",
        "name": "麥味登北市民權",
        "address": "臺北市大同區民權西路234號"
      }
    },
    {
      "type": "Feature",
      "geometry": {
        "type": "Point",
        "coordinates": [
          121.573678,
          25.038147
        ]
      },
      "properties": {
        "city": "臺北市",
        "district": "信義區",
        "category": "環保餐廳",
        "name": "麥味登北市永春",
        "address": "臺北市信義區忠孝東路五段372巷27弄77-1號"
      }
    },
    {
      "type": "Feature",
      "geometry": {
        "type": "Point",
        "coordinates": [
          121.584796,
          25.045454
        ]
      },
      "properties": {
        "city": "臺北市",
        "district": "南港區",
        "category": "環保餐廳",
        "name": "麥味登北市同德",
        "address": "臺北市南港區同德路54號"
      }
    },
    {
      "type": "Feature",
      "geometry": {
        "type": "Point",
        "coordinates": [
          121.500312,
          25.02479
        ]
      },
      "properties": {
        "city": "臺北市",
        "district": "萬華區",
        "category": "環保餐廳",
        "name": "麥味登北市成功",
        "address": "臺北市萬華區萬大路177號"
      }
    },
    {
      "type": "Feature",
      "geometry": {
        "type": "Point",
        "coordinates": [
          121.564445,
          25.026441
        ]
      },
      "properties": {
        "city": "臺北市",
        "district": "信義區",
        "category": "環保餐廳",
        "name": "麥味登北市百勝",
        "address": "臺北市信義區吳興街281巷14號"
      }
    },
    {
      "type": "Feature",
      "geometry": {
        "type": "Point",
        "coordinates": [
          121.567368,
          25.054853
        ]
      },
      "properties": {
        "city": "臺北市",
        "district": "松山區",
        "category": "環保餐廳",
        "name": "麥味登北市西松",
        "address": "臺北市松山區健康路325巷6弄2號"
      }
    },
    {
      "type": "Feature",
      "geometry": {
        "type": "Point",
        "coordinates": [
          121.506793,
          25.046098
        ]
      },
      "properties": {
        "city": "臺北市",
        "district": "萬華區",
        "category": "環保餐廳",
        "name": "麥味登北市西門",
        "address": "臺北市萬華區西寧南路24號"
      }
    },
    {
      "type": "Feature",
      "geometry": {
        "type": "Point",
        "coordinates": [
          121.51751,
          25.024789
        ]
      },
      "properties": {
        "city": "臺北市",
        "district": "中正區",
        "category": "環保餐廳",
        "name": "麥味登北市和平",
        "address": "臺北市中正區廈門街75號"
      }
    },
    {
      "type": "Feature",
      "geometry": {
        "type": "Point",
        "coordinates": [
          121.560431,
          25.035595
        ]
      },
      "properties": {
        "city": "臺北市",
        "district": "信義區",
        "category": "環保餐廳",
        "name": "麥味登北市府捷運店",
        "address": "臺北市信義區基隆路1段147巷12號"
      }
    },
    {
      "type": "Feature",
      "geometry": {
        "type": "Point",
        "coordinates": [
          121.574333,
          25.040053
        ]
      },
      "properties": {
        "city": "臺北市",
        "district": "信義區",
        "category": "環保餐廳",
        "name": "麥味登北市忠孝店",
        "address": "臺北市信義區忠孝東路5段524巷6號"
      }
    },
    {
      "type": "Feature",
      "geometry": {
        "type": "Point",
        "coordinates": [
          121.564626,
          24.985639
        ]
      },
      "properties": {
        "city": "臺北市",
        "district": "文山區",
        "category": "環保餐廳",
        "name": "麥味登北市忠順",
        "address": "臺北市文山區忠順街2段25號"
      }
    },
    {
      "type": "Feature",
      "geometry": {
        "type": "Point",
        "coordinates": [
          121.517053,
          25.065964
        ]
      },
      "properties": {
        "city": "臺北市",
        "district": "大同區",
        "category": "環保餐廳",
        "name": "麥味登北市昌吉",
        "address": "臺北市大同區昌吉街27號"
      }
    },
    {
      "type": "Feature",
      "geometry": {
        "type": "Point",
        "coordinates": [
          121.593471,
          25.0517
        ]
      },
      "properties": {
        "city": "臺北市",
        "district": "南港區",
        "category": "環保餐廳",
        "name": "麥味登北市昆陽",
        "address": "臺北市南港區昆陽街94號"
      }
    },
    {
      "type": "Feature",
      "geometry": {
        "type": "Point",
        "coordinates": [
          121.577967,
          25.044473
        ]
      },
      "properties": {
        "city": "臺北市",
        "district": "信義區",
        "category": "環保餐廳",
        "name": "麥味登北市松山",
        "address": "臺北市信義區松山路241號"
      }
    },
    {
      "type": "Feature",
      "geometry": {
        "type": "Point",
        "coordinates": [
          121.569068,
          25.025178
        ]
      },
      "properties": {
        "city": "臺北市",
        "district": "信義區",
        "category": "環保餐廳",
        "name": "麥味登北市松仁",
        "address": "臺北市信義區松仁路232號"
      }
    },
    {
      "type": "Feature",
      "geometry": {
        "type": "Point",
        "coordinates": [
          121.574776,
          25.035478
        ]
      },
      "properties": {
        "city": "臺北市",
        "district": "信義區",
        "category": "環保餐廳",
        "name": "麥味登北市松德",
        "address": "臺北市信義區松德路193號"
      }
    },
    {
      "type": "Feature",
      "geometry": {
        "type": "Point",
        "coordinates": [
          121.533684,
          25.048342
        ]
      },
      "properties": {
        "city": "臺北市",
        "district": "中山區",
        "category": "環保餐廳",
        "name": "麥味登北市長安東",
        "address": "臺北市中山區長安東路二段72號"
      }
    },
    {
      "type": "Feature",
      "geometry": {
        "type": "Point",
        "coordinates": [
          121.538159,
          25.05462
        ]
      },
      "properties": {
        "city": "臺北市",
        "district": "中山區",
        "category": "環保餐廳",
        "name": "麥味登北市長春",
        "address": "臺北市中山區長春路238號"
      }
    },
    {
      "type": "Feature",
      "geometry": {
        "type": "Point",
        "coordinates": [
          121.552872,
          25.024594
        ]
      },
      "properties": {
        "city": "臺北市",
        "district": "信義區",
        "category": "環保餐廳",
        "name": "麥味登北市信義基隆店",
        "address": "臺北市信義區基隆路二段131-2號"
      }
    },
    {
      "type": "Feature",
      "geometry": {
        "type": "Point",
        "coordinates": [
          121.563702,
          25.051214
        ]
      },
      "properties": {
        "city": "臺北市",
        "district": "松山區",
        "category": "環保餐廳",
        "name": "麥味登北市南京三民(togo外賣專門店)",
        "address": "臺北市松山區南京東路五段186號"
      }
    },
    {
      "type": "Feature",
      "geometry": {
        "type": "Point",
        "coordinates": [
          121.514005,
          25.051256
        ]
      },
      "properties": {
        "city": "臺北市",
        "district": "大同區",
        "category": "環保餐廳",
        "name": "麥味登北市重慶",
        "address": "臺北市大同區重慶北路一段61號1F"
      }
    },
    {
      "type": "Feature",
      "geometry": {
        "type": "Point",
        "coordinates": [
          121.528031,
          25.067624
        ]
      },
      "properties": {
        "city": "臺北市",
        "district": "中山區",
        "category": "環保餐廳",
        "name": "麥味登北市神通",
        "address": "臺北市中山區新生北路三段69-1號"
      }
    },
    {
      "type": "Feature",
      "geometry": {
        "type": "Point",
        "coordinates": [
          121.55282,
          25.054641
        ]
      },
      "properties": {
        "city": "臺北市",
        "district": "松山區",
        "category": "環保餐廳",
        "name": "麥味登北市健康店",
        "address": "臺北市松山區健康路15巷13號"
      }
    },
    {
      "type": "Feature",
      "geometry": {
        "type": "Point",
        "coordinates": [
          121.560242,
          25.049908
        ]
      },
      "properties": {
        "city": "臺北市",
        "district": "松山區",
        "category": "環保餐廳",
        "name": "麥味登北市參食",
        "address": "臺北市松山區光復北路60巷19-4號"
      }
    },
    {
      "type": "Feature",
      "geometry": {
        "type": "Point",
        "coordinates": [
          121.523516,
          25.058132
        ]
      },
      "properties": {
        "city": "臺北市",
        "district": "中山區",
        "category": "環保餐廳",
        "name": "麥味登北市國王",
        "address": "臺北市中山區民生東路一段5號"
      }
    },
    {
      "type": "Feature",
      "geometry": {
        "type": "Point",
        "coordinates": [
          121.543457,
          25.05458
        ]
      },
      "properties": {
        "city": "臺北市",
        "district": "中山區",
        "category": "環保餐廳",
        "name": "麥味登北市國王二",
        "address": "臺北市中山區長春路147-2號"
      }
    },
    {
      "type": "Feature",
      "geometry": {
        "type": "Point",
        "coordinates": [
          121.553179,
          25.031197
        ]
      },
      "properties": {
        "city": "臺北市",
        "district": "大安區",
        "category": "環保餐廳",
        "name": "麥味登北市通化",
        "address": "臺北市大安區通安街54號"
      }
    },
    {
      "type": "Feature",
      "geometry": {
        "type": "Point",
        "coordinates": [
          121.548272,
          25.059269
        ]
      },
      "properties": {
        "city": "臺北市",
        "district": "松山區",
        "category": "環保餐廳",
        "name": "麥味登北市敦北",
        "address": "臺北市松山區敦化北路222巷11號"
      }
    },
    {
      "type": "Feature",
      "geometry": {
        "type": "Point",
        "coordinates": [
          121.551667,
          25.031419
        ]
      },
      "properties": {
        "city": "臺北市",
        "district": "大安區",
        "category": "環保餐廳",
        "name": "麥味登北市敦南遠企店",
        "address": "臺北市大安區敦化南路二段63巷5號"
      }
    },
    {
      "type": "Feature",
      "geometry": {
        "type": "Point",
        "coordinates": [
          121.529487,
          25.043169
        ]
      },
      "properties": {
        "city": "臺北市",
        "district": "中正區",
        "category": "環保餐廳",
        "name": "麥味登北市新生店",
        "address": "臺北市中正區忠孝東路二段116號"
      }
    },
    {
      "type": "Feature",
      "geometry": {
        "type": "Point",
        "coordinates": [
          121.563251,
          25.049936
        ]
      },
      "properties": {
        "city": "臺北市",
        "district": "松山區",
        "category": "環保餐廳",
        "name": "麥味登北市新東興",
        "address": "臺北市松山區八德路四段245巷36號"
      }
    },
    {
      "type": "Feature",
      "geometry": {
        "type": "Point",
        "coordinates": [
          121.540493,
          25.028836
        ]
      },
      "properties": {
        "city": "臺北市",
        "district": "大安區",
        "category": "環保餐廳",
        "name": "麥味登北市瑞安",
        "address": "臺北市大安區瑞安街208巷26號"
      }
    },
    {
      "type": "Feature",
      "geometry": {
        "type": "Point",
        "coordinates": [
          121.546231,
          25.083587
        ]
      },
      "properties": {
        "city": "臺北市",
        "district": "中山區",
        "category": "環保餐廳",
        "name": "麥味登北市實踐",
        "address": "臺北市中山區大直街70號"
      }
    },
    {
      "type": "Feature",
      "geometry": {
        "type": "Point",
        "coordinates": [
          121.540674,
          25.064413
        ]
      },
      "properties": {
        "city": "臺北市",
        "district": "中山區",
        "category": "環保餐廳",
        "name": "麥味登北市榮星花園",
        "address": "臺北市中山區五常街85號"
      }
    },
    {
      "type": "Feature",
      "geometry": {
        "type": "Point",
        "coordinates": [
          121.540611,
          25.058981
        ]
      },
      "properties": {
        "city": "臺北市",
        "district": "中山區",
        "category": "環保餐廳",
        "name": "麥味登北市龍江1店",
        "address": "臺北市中山區龍江路244號"
      }
    },
    {
      "type": "Feature",
      "geometry": {
        "type": "Point",
        "coordinates": [
          121.501784,
          25.126356
        ]
      },
      "properties": {
        "city": "臺北市",
        "district": "北投區",
        "category": "環保餐廳",
        "name": "麥味登北投奇岩",
        "address": "臺北市北投區三合街二段463號"
      }
    },
    {
      "type": "Feature",
      "geometry": {
        "type": "Point",
        "coordinates": [
          121.515168,
          25.118823
        ]
      },
      "properties": {
        "city": "臺北市",
        "district": "北投區",
        "category": "環保餐廳",
        "name": "麥味登北投陽明",
        "address": "臺北市北投區立農街二段275號"
      }
    },
    {
      "type": "Feature",
      "geometry": {
        "type": "Point",
        "coordinates": [
          121.509794,
          25.115195
        ]
      },
      "properties": {
        "city": "臺北市",
        "district": "北投區",
        "category": "環保餐廳",
        "name": "麥味登北投實踐",
        "address": "臺北市北投區實踐街62號"
      }
    },
    {
      "type": "Feature",
      "geometry": {
        "type": "Point",
        "coordinates": [
          121.510282,
          25.052431
        ]
      },
      "properties": {
        "city": "臺北市",
        "district": "大同區",
        "category": "環保餐廳",
        "name": "麥味登北門塔城",
        "address": "臺北市大同區塔城街48號"
      }
    },
    {
      "type": "Feature",
      "geometry": {
        "type": "Point",
        "coordinates": [
          121.53337,
          25.041223
        ]
      },
      "properties": {
        "city": "臺北市",
        "district": "大安區",
        "category": "環保餐廳",
        "name": "麥味登台北科大to-go 專門店",
        "address": "臺北市大安區新生南路一段1號"
      }
    },
    {
      "type": "Feature",
      "geometry": {
        "type": "Point",
        "coordinates": [
          121.555342,
          25.022841
        ]
      },
      "properties": {
        "city": "臺北市",
        "district": "信義區",
        "category": "環保餐廳",
        "name": "麥味登台北陽光店",
        "address": "臺北市信義區信安街155號"
      }
    },
    {
      "type": "Feature",
      "geometry": {
        "type": "Point",
        "coordinates": [
          121.53926,
          25.001731
        ]
      },
      "properties": {
        "city": "臺北市",
        "district": "文山區",
        "category": "環保餐廳",
        "name": "麥味登台北萬隆",
        "address": "臺北市文山區羅斯福路五段233號"
      }
    },
    {
      "type": "Feature",
      "geometry": {
        "type": "Point",
        "coordinates": [
          121.585179,
          25.038685
        ]
      },
      "properties": {
        "city": "臺北市",
        "district": "信義區",
        "category": "環保餐廳",
        "name": "麥味登信義福德",
        "address": "臺北市信義區福德街246號"
      }
    },
    {
      "type": "Feature",
      "geometry": {
        "type": "Point",
        "coordinates": [
          121.611106,
          25.055636
        ]
      },
      "properties": {
        "city": "臺北市",
        "district": "南港區",
        "category": "環保餐廳",
        "name": "麥味登南軟園區",
        "address": "臺北市南港區新民街81號"
      }
    },
    {
      "type": "Feature",
      "geometry": {
        "type": "Point",
        "coordinates": [
          121.54625,
          24.993336
        ]
      },
      "properties": {
        "city": "臺北市",
        "district": "文山區",
        "category": "環保餐廳",
        "name": "麥味登景興饗食大亨",
        "address": "臺北市文山區景興路40號"
      }
    },
    {
      "type": "Feature",
      "geometry": {
        "type": "Point",
        "coordinates": [
          121.491891,
          25.031637
        ]
      },
      "properties": {
        "city": "臺北市",
        "district": "萬華區",
        "category": "環保餐廳",
        "name": "麥味登萬華雙園",
        "address": "臺北市萬華區雙園街148號"
      }
    },
    {
      "type": "Feature",
      "geometry": {
        "type": "Point",
        "coordinates": [
          121.494681,
          25.025495
        ]
      },
      "properties": {
        "city": "臺北市",
        "district": "萬華區",
        "category": "環保餐廳",
        "name": "麥味登萬華寶興",
        "address": "臺北市萬華區寶興街109號"
      }
    },
    {
      "type": "Feature",
      "geometry": {
        "type": "Point",
        "coordinates": [
          121.566832,
          25.040721
        ]
      },
      "properties": {
        "city": "臺北市",
        "district": "信義區",
        "category": "環保餐廳",
        "name": "麻辣45 本店",
        "address": "臺北市信義區忠孝東路五段68號45樓"
      }
    },
    {
      "type": "Feature",
      "geometry": {
        "type": "Point",
        "coordinates": [
          121.543054,
          25.041212
        ]
      },
      "properties": {
        "city": "臺北市",
        "district": "大安區",
        "category": "環保餐廳",
        "name": "凱林鐵板燒",
        "address": "臺北市大安區忠孝東路三段300號B2"
      }
    },
    {
      "type": "Feature",
      "geometry": {
        "type": "Point",
        "coordinates": [
          121.551627,
          25.084983
        ]
      },
      "properties": {
        "city": "臺北市",
        "district": "中山區",
        "category": "環保餐廳",
        "name": "凱基證券總公司員工餐廳(自有)",
        "address": "臺北市中山區成功里明水路700號4樓"
      }
    },
    {
      "type": "Feature",
      "geometry": {
        "type": "Point",
        "coordinates": [
          121.538171,
          25.045326
        ]
      },
      "properties": {
        "city": "臺北市",
        "district": "中山區",
        "category": "環保餐廳",
        "name": "勝利廚房",
        "address": "臺北市中山區八德路二段174巷28號1-2樓"
      }
    },
    {
      "type": "Feature",
      "geometry": {
        "type": "Point",
        "coordinates": [
          121.565414,
          25.040865
        ]
      },
      "properties": {
        "city": "臺北市",
        "district": "信義區",
        "category": "環保餐廳",
        "name": "博多天麩羅山海",
        "address": "臺北市信義區忠孝東路五段8號B2"
      }
    },
    {
      "type": "Feature",
      "geometry": {
        "type": "Point",
        "coordinates": [
          121.591979,
          25.071802
        ]
      },
      "properties": {
        "city": "臺北市",
        "district": "內湖區",
        "category": "環保餐廳",
        "name": "喜陽鮮食(微風．三總商店街)",
        "address": "臺北市內湖區成功路二段325號B1樓"
      }
    },
    {
      "type": "Feature",
      "geometry": {
        "type": "Point",
        "coordinates": [
          121.564086,
          25.042277
        ]
      },
      "properties": {
        "city": "臺北市",
        "district": "信義區",
        "category": "環保餐廳",
        "name": "帽哥海味",
        "address": "臺北市信義區忠孝東路四段559巷16弄8號1樓"
      }
    },
    {
      "type": "Feature",
      "geometry": {
        "type": "Point",
        "coordinates": [
          121.556277,
          25.041156
        ]
      },
      "properties": {
        "city": "臺北市",
        "district": "大安區",
        "category": "環保餐廳",
        "name": "晶湯匙泰式主題餐廳",
        "address": "臺北市大安區忠孝東路四段300號10樓"
      }
    },
    {
      "type": "Feature",
      "geometry": {
        "type": "Point",
        "coordinates": [
          121.525365,
          25.058913
        ]
      },
      "properties": {
        "city": "臺北市",
        "district": "中山區",
        "category": "環保餐廳",
        "name": "港都熱炒 中山旗艦店",
        "address": "臺北市中山區民生東路一段52號"
      }
    },
    {
      "type": "Feature",
      "geometry": {
        "type": "Point",
        "coordinates": [
          121.522979,
          25.03013
        ]
      },
      "properties": {
        "city": "臺北市",
        "district": "大安區",
        "category": "環保餐廳",
        "name": "無二會所",
        "address": "臺北市大安區杭州南路二段61巷12號"
      }
    },
    {
      "type": "Feature",
      "geometry": {
        "type": "Point",
        "coordinates": [
          121.54486,
          25.050291
        ]
      },
      "properties": {
        "city": "臺北市",
        "district": "松山區",
        "category": "環保餐廳",
        "name": "發肉燒肉餐酒(敦化本店)",
        "address": "臺北市松山區敦化北路4巷56號"
      }
    },
    {
      "type": "Feature",
      "geometry": {
        "type": "Point",
        "coordinates": [
          121.568781,
          25.034519
        ]
      },
      "properties": {
        "city": "臺北市",
        "district": "信義區",
        "category": "環保餐廳",
        "name": "華南銀行員工餐廳",
        "address": "臺北市信義區松仁路123號3樓"
      }
    },
    {
      "type": "Feature",
      "geometry": {
        "type": "Point",
        "coordinates": [
          121.505088,
          25.039524
        ]
      },
      "properties": {
        "city": "臺北市",
        "district": "萬華區",
        "category": "環保餐廳",
        "name": "貴陽柳州螺螄粉",
        "address": "臺北市萬華區貴陽街二段36號"
      }
    },
    {
      "type": "Feature",
      "geometry": {
        "type": "Point",
        "coordinates": [
          121.548439,
          25.040147
        ]
      },
      "properties": {
        "city": "臺北市",
        "district": "大安區",
        "category": "環保餐廳",
        "name": "開飯川食堂",
        "address": "臺北市大安區敦化南路一段246號B2"
      }
    },
    {
      "type": "Feature",
      "geometry": {
        "type": "Point",
        "coordinates": [
          121.531662,
          25.12251
        ]
      },
      "properties": {
        "city": "臺北市",
        "district": "士林區",
        "category": "環保餐廳",
        "name": "陽明山春天書食創作料理士林店",
        "address": "臺北市士林區?山路119-1號"
      }
    },
    {
      "type": "Feature",
      "geometry": {
        "type": "Point",
        "coordinates": [
          121.534797,
          25.013829
        ]
      },
      "properties": {
        "city": "臺北市",
        "district": "中正區",
        "category": "環保餐廳",
        "name": "雲泰小鎮泰式料理",
        "address": "臺北市中正區羅斯福路四段90巷2-2號"
      }
    },
    {
      "type": "Feature",
      "geometry": {
        "type": "Point",
        "coordinates": [
          121.566264,
          25.035351
        ]
      },
      "properties": {
        "city": "臺北市",
        "district": "信義區",
        "category": "環保餐廳",
        "name": "黑毛屋 信義 ATT 店",
        "address": "臺北市信義區松壽路12號4樓"
      }
    },
    {
      "type": "Feature",
      "geometry": {
        "type": "Point",
        "coordinates": [
          121.616419,
          25.059324
        ]
      },
      "properties": {
        "city": "臺北市",
        "district": "南港區",
        "category": "環保餐廳",
        "name": "黑毛屋 南港中信店",
        "address": "臺北市南港區經貿二路186-1號2樓"
      }
    },
    {
      "type": "Feature",
      "geometry": {
        "type": "Point",
        "coordinates": [
          121.55696,
          25.082542
        ]
      },
      "properties": {
        "city": "臺北市",
        "district": "中正區",
        "category": "環保餐廳",
        "name": "黑毛屋大直忠泰店",
        "address": "臺北市中正區樂群三路200號5樓"
      }
    },
    {
      "type": "Feature",
      "geometry": {
        "type": "Point",
        "coordinates": [
          121.529384,
          25.090193
        ]
      },
      "properties": {
        "city": "臺北市",
        "district": "士林區",
        "category": "環保餐廳",
        "name": "黑毛屋天母SOGO店",
        "address": "臺北市士林區中山北路6段77號8樓"
      }
    },
    {
      "type": "Feature",
      "geometry": {
        "type": "Point",
        "coordinates": [
          121.566664,
          25.03936
        ]
      },
      "properties": {
        "city": "臺北市",
        "district": "信義區",
        "category": "環保餐廳",
        "name": "黑毛屋本家 信義店",
        "address": "臺北市信義區松高路19號6樓"
      }
    },
    {
      "type": "Feature",
      "geometry": {
        "type": "Point",
        "coordinates": [
          121.543054,
          25.041212
        ]
      },
      "properties": {
        "city": "臺北市",
        "district": "大安區",
        "category": "環保餐廳",
        "name": "黑毛屋本家(復興SOGO店)",
        "address": "臺北市大安區忠孝東路三段300號11樓"
      }
    },
    {
      "type": "Feature",
      "geometry": {
        "type": "Point",
        "coordinates": [
          121.517055,
          25.047176
        ]
      },
      "properties": {
        "city": "臺北市",
        "district": "中正區",
        "category": "環保餐廳",
        "name": "黑毛屋微風台北車站店",
        "address": "臺北市中正區北平西路3號2樓"
      }
    },
    {
      "type": "Feature",
      "geometry": {
        "type": "Point",
        "coordinates": [
          121.569055,
          25.001576
        ]
      },
      "properties": {
        "city": "臺北市",
        "district": "文山區",
        "category": "環保餐廳",
        "name": "愛加倍餐廳",
        "address": "臺北市文山區萬美街一段19巷5之1"
      }
    },
    {
      "type": "Feature",
      "geometry": {
        "type": "Point",
        "coordinates": [
          121.522068,
          25.044913
        ]
      },
      "properties": {
        "city": "臺北市",
        "district": "中正區",
        "category": "環保餐廳",
        "name": "新盛員工餐廳",
        "address": "臺北市中正區忠孝東路一段12號B3"
      }
    },
    {
      "type": "Feature",
      "geometry": {
        "type": "Point",
        "coordinates": [
          121.529384,
          25.090193
        ]
      },
      "properties": {
        "city": "臺北市",
        "district": "士林區",
        "category": "環保餐廳",
        "name": "新葡苑（天母SOGO店）",
        "address": "臺北市士林區中山北路6段77號8樓"
      }
    },
    {
      "type": "Feature",
      "geometry": {
        "type": "Point",
        "coordinates": [
          121.543054,
          25.041212
        ]
      },
      "properties": {
        "city": "臺北市",
        "district": "大安區",
        "category": "環保餐廳",
        "name": "新葡苑(復興SOGO店)",
        "address": "臺北市大安區忠孝東路三段300號10樓"
      }
    },
    {
      "type": "Feature",
      "geometry": {
        "type": "Point",
        "coordinates": [
          121.591979,
          25.071802
        ]
      },
      "properties": {
        "city": "臺北市",
        "district": "內湖區",
        "category": "環保餐廳",
        "name": "楊記(微風．三總商店街)",
        "address": "臺北市內湖區成功路二段325號B1樓"
      }
    },
    {
      "type": "Feature",
      "geometry": {
        "type": "Point",
        "coordinates": [
          121.560053,
          25.049574
        ]
      },
      "properties": {
        "city": "臺北市",
        "district": "松山區",
        "category": "環保餐廳",
        "name": "萬芳冰室-南京店",
        "address": "臺北市松山區南京東路五段66巷16號"
      }
    },
    {
      "type": "Feature",
      "geometry": {
        "type": "Point",
        "coordinates": [
          121.522479,
          25.120637
        ]
      },
      "properties": {
        "city": "臺北市",
        "district": "北投區",
        "category": "環保餐廳",
        "name": "義美見學餐廳(北榮美食街)",
        "address": "臺北市北投區石牌路二段201號生活廣場"
      }
    },
    {
      "type": "Feature",
      "geometry": {
        "type": "Point",
        "coordinates": [
          121.556578,
          25.050969
        ]
      },
      "properties": {
        "city": "臺北市",
        "district": "松山區",
        "category": "環保餐廳",
        "name": "蜂蜜窩桌遊咖啡館",
        "address": "臺北市松山區光復北路103巷38號"
      }
    },
    {
      "type": "Feature",
      "geometry": {
        "type": "Point",
        "coordinates": [
          121.553038,
          25.039053
        ]
      },
      "properties": {
        "city": "臺北市",
        "district": "大安區",
        "category": "環保餐廳",
        "name": "詩特莉 Aunt Stella (忠孝SOGO店)",
        "address": "臺北市大安區忠孝東路四段45號B1"
      }
    },
    {
      "type": "Feature",
      "geometry": {
        "type": "Point",
        "coordinates": [
          121.517055,
          25.047176
        ]
      },
      "properties": {
        "city": "臺北市",
        "district": "中正區",
        "category": "環保餐廳",
        "name": "頌丹樂泰式伊善料理",
        "address": "臺北市中正區北平西路3號2樓"
      }
    },
    {
      "type": "Feature",
      "geometry": {
        "type": "Point",
        "coordinates": [
          121.520565,
          25.053149
        ]
      },
      "properties": {
        "city": "臺北市",
        "district": "中山區",
        "category": "環保餐廳",
        "name": "彰化商業銀行員工餐廳",
        "address": "臺北市中山區中山北路二段57號13樓"
      }
    },
    {
      "type": "Feature",
      "geometry": {
        "type": "Point",
        "coordinates": [
          121.548439,
          25.040147
        ]
      },
      "properties": {
        "city": "臺北市",
        "district": "大安區",
        "category": "環保餐廳",
        "name": "漢來名人坊",
        "address": "臺北市大安區敦化南路一段246號4樓"
      }
    },
    {
      "type": "Feature",
      "geometry": {
        "type": "Point",
        "coordinates": [
          121.524275,
          25.105008
        ]
      },
      "properties": {
        "city": "臺北市",
        "district": "士林區",
        "category": "環保餐廳",
        "name": "漢來海港-天母店",
        "address": "臺北市士林區中山北路六段77號7F"
      }
    },
    {
      "type": "Feature",
      "geometry": {
        "type": "Point",
        "coordinates": [
          121.548439,
          25.040147
        ]
      },
      "properties": {
        "city": "臺北市",
        "district": "大安區",
        "category": "環保餐廳",
        "name": "漢來海港-敦化店",
        "address": "臺北市大安區敦化南路一段246號6樓"
      }
    },
    {
      "type": "Feature",
      "geometry": {
        "type": "Point",
        "coordinates": [
          121.553038,
          25.039053
        ]
      },
      "properties": {
        "city": "臺北市",
        "district": "大安區",
        "category": "環保餐廳",
        "name": "漢來蔬食 (忠孝SOGO店)",
        "address": "臺北市大安區忠孝東路四段45號11F"
      }
    },
    {
      "type": "Feature",
      "geometry": {
        "type": "Point",
        "coordinates": [
          121.560495,
          25.057164
        ]
      },
      "properties": {
        "city": "臺北市",
        "district": "松山區",
        "category": "環保餐廳",
        "name": "綠帶純植物烘焙",
        "address": "臺北市松山區民生東路五段36巷8弄64號1樓"
      }
    },
    {
      "type": "Feature",
      "geometry": {
        "type": "Point",
        "coordinates": [
          121.55312,
          25.030288
        ]
      },
      "properties": {
        "city": "臺北市",
        "district": "大安區",
        "category": "環保餐廳",
        "name": "翟記牛肉麵食館",
        "address": "臺北市大安區通安街80號"
      }
    },
    {
      "type": "Feature",
      "geometry": {
        "type": "Point",
        "coordinates": [
          121.553038,
          25.039053
        ]
      },
      "properties": {
        "city": "臺北市",
        "district": "大安區",
        "category": "環保餐廳",
        "name": "聚 北海道鍋物 (忠孝SOGO店)",
        "address": "臺北市大安區忠孝東路四段45號11F"
      }
    },
    {
      "type": "Feature",
      "geometry": {
        "type": "Point",
        "coordinates": [
          121.548394,
          25.055344
        ]
      },
      "properties": {
        "city": "臺北市",
        "district": "松山區",
        "category": "環保餐廳",
        "name": "聚寶員工餐廳",
        "address": "臺北市松山區敦化北路158號"
      }
    },
    {
      "type": "Feature",
      "geometry": {
        "type": "Point",
        "coordinates": [
          121.510285,
          25.05117
        ]
      },
      "properties": {
        "city": "臺北市",
        "district": "大同區",
        "category": "環保餐廳",
        "name": "臺灣企銀總行大樓員工餐廳",
        "address": "臺北市大同區塔城街30號18樓"
      }
    },
    {
      "type": "Feature",
      "geometry": {
        "type": "Point",
        "coordinates": [
          121.533346,
          25.040759
        ]
      },
      "properties": {
        "city": "臺北市",
        "district": "大安區",
        "category": "環保餐廳",
        "name": "蓋子普拉斯小餐館",
        "address": "臺北市大安區忠孝東路三段10巷22號"
      }
    },
    {
      "type": "Feature",
      "geometry": {
        "type": "Point",
        "coordinates": [
          121.553038,
          25.039053
        ]
      },
      "properties": {
        "city": "臺北市",
        "district": "大安區",
        "category": "環保餐廳",
        "name": "遠東SOGO忠孝店員工餐廳",
        "address": "臺北市大安區忠孝東路四段45號"
      }
    },
    {
      "type": "Feature",
      "geometry": {
        "type": "Point",
        "coordinates": [
          121.517269,
          25.045429
        ]
      },
      "properties": {
        "city": "臺北市",
        "district": "中正區",
        "category": "環保餐廳",
        "name": "廟口蚵仔煎(微風台大醫院商場)",
        "address": "臺北市中正區中山南路77號B1F"
      }
    },
    {
      "type": "Feature",
      "geometry": {
        "type": "Point",
        "coordinates": [
          121.524275,
          25.105008
        ]
      },
      "properties": {
        "city": "臺北市",
        "district": "士林區",
        "category": "環保餐廳",
        "name": "摩斯漢堡(天母SOGO店)",
        "address": "臺北市士林區中山北路六段77號"
      }
    },
    {
      "type": "Feature",
      "geometry": {
        "type": "Point",
        "coordinates": [
          121.552872,
          25.042905
        ]
      },
      "properties": {
        "city": "臺北市",
        "district": "大安區",
        "category": "環保餐廳",
        "name": "樂檸漢堡（忠孝敦化門市）",
        "address": "臺北市大安區忠孝東路四段223巷47號"
      }
    },
    {
      "type": "Feature",
      "geometry": {
        "type": "Point",
        "coordinates": [
          121.754797,
          25.126886
        ]
      },
      "properties": {
        "city": "臺北市",
        "district": "信義區",
        "category": "環保餐廳",
        "name": "樂檸漢堡（信義遠百門市）",
        "address": "臺北市信義區松仁路58號B3（A13信義遠百B3）"
      }
    },
    {
      "type": "Feature",
      "geometry": {
        "type": "Point",
        "coordinates": [
          121.55863,
          25.050595
        ]
      },
      "properties": {
        "city": "臺北市",
        "district": "松山區",
        "category": "環保餐廳",
        "name": "樂檸漢堡（南京三民門市）",
        "address": "臺北市松山區光復北路11巷99-1號"
      }
    },
    {
      "type": "Feature",
      "geometry": {
        "type": "Point",
        "coordinates": [
          121.544533,
          25.043625
        ]
      },
      "properties": {
        "city": "臺北市",
        "district": "大安區",
        "category": "環保餐廳",
        "name": "蔬店手作鍋物復興店",
        "address": "臺北市大安區復興南路一段107巷2號"
      }
    },
    {
      "type": "Feature",
      "geometry": {
        "type": "Point",
        "coordinates": [
          121.570114,
          25.042614
        ]
      },
      "properties": {
        "city": "臺北市",
        "district": "信義區",
        "category": "環保餐廳",
        "name": "蔬漫小姐Miss Shumaan.house",
        "address": "臺北市信義區永吉路120巷82號1F"
      }
    },
    {
      "type": "Feature",
      "geometry": {
        "type": "Point",
        "coordinates": [
          121.552657,
          25.03255
        ]
      },
      "properties": {
        "city": "臺北市",
        "district": "大安區",
        "category": "環保餐廳",
        "name": "醉美餐酒水煙館 Drunk Night",
        "address": "臺北市大安區文昌街128號"
      }
    },
    {
      "type": "Feature",
      "geometry": {
        "type": "Point",
        "coordinates": [
          121.53278,
          25.052511
        ]
      },
      "properties": {
        "city": "臺北市",
        "district": "中山區",
        "category": "環保餐廳",
        "name": "養心茶樓",
        "address": "臺北市中山區松江路128號2樓"
      }
    },
    {
      "type": "Feature",
      "geometry": {
        "type": "Point",
        "coordinates": [
          121.536485,
          25.012893
        ]
      },
      "properties": {
        "city": "臺北市",
        "district": "大安區",
        "category": "環保餐廳",
        "name": "曉鹿鳴樓上海菜",
        "address": "臺北市大安區羅斯福路四段85號"
      }
    },
    {
      "type": "Feature",
      "geometry": {
        "type": "Point",
        "coordinates": [
          121.556463,
          25.052104
        ]
      },
      "properties": {
        "city": "臺北市",
        "district": "松山區",
        "category": "環保餐廳",
        "name": "橫濱牛排-微風南京店",
        "address": "臺北市松山區南京東路3段337號3樓"
      }
    },
    {
      "type": "Feature",
      "geometry": {
        "type": "Point",
        "coordinates": [
          121.553174,
          25.041514
        ]
      },
      "properties": {
        "city": "臺北市",
        "district": "大安區",
        "category": "環保餐廳",
        "name": "燒肉Smile大安忠孝店",
        "address": "臺北市大安區忠孝東路四段104號號2樓之1"
      }
    },
    {
      "type": "Feature",
      "geometry": {
        "type": "Point",
        "coordinates": [
          121.569939,
          25.081623
        ]
      },
      "properties": {
        "city": "臺北市",
        "district": "內湖區",
        "category": "環保餐廳",
        "name": "燒肉Smile台北內湖店",
        "address": "臺北市內湖區內湖路一段320號"
      }
    },
    {
      "type": "Feature",
      "geometry": {
        "type": "Point",
        "coordinates": [
          121.57842,
          25.041331
        ]
      },
      "properties": {
        "city": "臺北市",
        "district": "信義區",
        "category": "環保餐廳",
        "name": "燒肉Smile台北忠孝",
        "address": "臺北市信義區忠孝東路五段497號2樓"
      }
    },
    {
      "type": "Feature",
      "geometry": {
        "type": "Point",
        "coordinates": [
          121.59363,
          25.084126
        ]
      },
      "properties": {
        "city": "臺北市",
        "district": "內湖區",
        "category": "環保餐廳",
        "name": "築間幸福鍋物內湖成功",
        "address": "臺北市內湖區成功路4段34號1樓"
      }
    },
    {
      "type": "Feature",
      "geometry": {
        "type": "Point",
        "coordinates": [
          121.513298,
          25.114334
        ]
      },
      "properties": {
        "city": "臺北市",
        "district": "北投區",
        "category": "環保餐廳",
        "name": "築間幸福鍋物北投石牌",
        "address": "臺北市北投區石牌路一段160號"
      }
    },
    {
      "type": "Feature",
      "geometry": {
        "type": "Point",
        "coordinates": [
          121.562128,
          25.057861
        ]
      },
      "properties": {
        "city": "臺北市",
        "district": "松山區",
        "category": "環保餐廳",
        "name": "築間幸福鍋物台北三民",
        "address": "臺北市松山區三民路25號"
      }
    },
    {
      "type": "Feature",
      "geometry": {
        "type": "Point",
        "coordinates": [
          121.56989,
          25.081638
        ]
      },
      "properties": {
        "city": "臺北市",
        "district": "內湖區",
        "category": "環保餐廳",
        "name": "築間幸福鍋物台北內湖",
        "address": "臺北市內湖區內湖路一段318號"
      }
    },
    {
      "type": "Feature",
      "geometry": {
        "type": "Point",
        "coordinates": [
          121.504502,
          25.041313
        ]
      },
      "properties": {
        "city": "臺北市",
        "district": "萬華區",
        "category": "環保餐廳",
        "name": "築間幸福鍋物台北西門町",
        "address": "臺北市萬華區昆明街92-1號2樓"
      }
    },
    {
      "type": "Feature",
      "geometry": {
        "type": "Point",
        "coordinates": [
          121.579991,
          25.042283
        ]
      },
      "properties": {
        "city": "臺北市",
        "district": "信義區",
        "category": "環保餐廳",
        "name": "築間幸福鍋物台北忠孝一",
        "address": "臺北市信義區忠孝東路五段695號"
      }
    },
    {
      "type": "Feature",
      "geometry": {
        "type": "Point",
        "coordinates": [
          121.547322,
          25.041276
        ]
      },
      "properties": {
        "city": "臺北市",
        "district": "大安區",
        "category": "環保餐廳",
        "name": "築間幸福鍋物台北忠孝二",
        "address": "臺北市大安區忠孝東路四段120號2樓"
      }
    },
    {
      "type": "Feature",
      "geometry": {
        "type": "Point",
        "coordinates": [
          121.531952,
          25.063149
        ]
      },
      "properties": {
        "city": "臺北市",
        "district": "中山區",
        "category": "環保餐廳",
        "name": "築間幸福鍋物台北松江",
        "address": "臺北市中山區松江路27號"
      }
    },
    {
      "type": "Feature",
      "geometry": {
        "type": "Point",
        "coordinates": [
          121.527336,
          25.051882
        ]
      },
      "properties": {
        "city": "臺北市",
        "district": "中山區",
        "category": "環保餐廳",
        "name": "築間幸福鍋物台北南京一",
        "address": "臺北市中山區南京東路一段138號1樓"
      }
    },
    {
      "type": "Feature",
      "geometry": {
        "type": "Point",
        "coordinates": [
          121.527336,
          25.051882
        ]
      },
      "properties": {
        "city": "臺北市",
        "district": "中山區",
        "category": "環保餐廳",
        "name": "築間幸福鍋物台北南京二",
        "address": "臺北市中山區南京東路一段138號2樓"
      }
    },
    {
      "type": "Feature",
      "geometry": {
        "type": "Point",
        "coordinates": [
          121.606743,
          25.056501
        ]
      },
      "properties": {
        "city": "臺北市",
        "district": "南港區",
        "category": "環保餐廳",
        "name": "築間幸福鍋物台北南港",
        "address": "臺北市南港區興中路56巷3號"
      }
    },
    {
      "type": "Feature",
      "geometry": {
        "type": "Point",
        "coordinates": [
          121.544355,
          25.046664
        ]
      },
      "properties": {
        "city": "臺北市",
        "district": "松山區",
        "category": "環保餐廳",
        "name": "築間幸福鍋物台北復興南",
        "address": "臺北市松山區復興南路一段1之1號"
      }
    },
    {
      "type": "Feature",
      "geometry": {
        "type": "Point",
        "coordinates": [
          121.527069,
          25.064982
        ]
      },
      "properties": {
        "city": "臺北市",
        "district": "中山區",
        "category": "環保餐廳",
        "name": "築間幸福鍋物台北農安",
        "address": "臺北市中山區農安街57號"
      }
    },
    {
      "type": "Feature",
      "geometry": {
        "type": "Point",
        "coordinates": [
          121.524237,
          25.06656
        ]
      },
      "properties": {
        "city": "臺北市",
        "district": "中山區",
        "category": "環保餐廳",
        "name": "築間幸福鍋物台北雙城",
        "address": "臺北市中山區雙城街34號1樓"
      }
    },
    {
      "type": "Feature",
      "geometry": {
        "type": "Point",
        "coordinates": [
          121.55983,
          25.033877
        ]
      },
      "properties": {
        "city": "臺北市",
        "district": "信義區",
        "category": "環保餐廳",
        "name": "築間幸福鍋物信義世貿店",
        "address": "臺北市信義區基隆路一段426號"
      }
    },
    {
      "type": "Feature",
      "geometry": {
        "type": "Point",
        "coordinates": [
          121.52762,
          25.030128
        ]
      },
      "properties": {
        "city": "臺北市",
        "district": "大安區",
        "category": "環保餐廳",
        "name": "隨意吧(公企店)",
        "address": "臺北市大安區金華街187號1樓"
      }
    },
    {
      "type": "Feature",
      "geometry": {
        "type": "Point",
        "coordinates": [
          121.524275,
          25.105008
        ]
      },
      "properties": {
        "city": "臺北市",
        "district": "士林區",
        "category": "環保餐廳",
        "name": "靜岡勝政日式豬排",
        "address": "臺北市士林區中山北路六段77號8F"
      }
    },
    {
      "type": "Feature",
      "geometry": {
        "type": "Point",
        "coordinates": [
          121.607496,
          25.052571
        ]
      },
      "properties": {
        "city": "臺北市",
        "district": "南港區",
        "category": "環保餐廳",
        "name": "靜岡勝政豬排 南港環球店",
        "address": "臺北市南港區忠孝東路七段371號B1"
      }
    },
    {
      "type": "Feature",
      "geometry": {
        "type": "Point",
        "coordinates": [
          121.530327,
          25.050615
        ]
      },
      "properties": {
        "city": "臺北市",
        "district": "中山區",
        "category": "環保餐廳",
        "name": "餡老滿(台北吉林店)",
        "address": "臺北市中山區松江路90巷23號"
      }
    },
    {
      "type": "Feature",
      "geometry": {
        "type": "Point",
        "coordinates": [
          121.615837,
          25.057322
        ]
      },
      "properties": {
        "city": "臺北市",
        "district": "南港區",
        "category": "環保餐廳",
        "name": "餡老滿(南港旗艦店)",
        "address": "臺北市南港區經貿二路66號2樓"
      }
    },
    {
      "type": "Feature",
      "geometry": {
        "type": "Point",
        "coordinates": [
          121.56524,
          25.039516
        ]
      },
      "properties": {
        "city": "臺北市",
        "district": "信義區",
        "category": "環保餐廳",
        "name": "默爾Pasta Pizza(信義誠品店)",
        "address": "臺北市信義區松高路11號5樓"
      }
    },
    {
      "type": "Feature",
      "geometry": {
        "type": "Point",
        "coordinates": [
          121.540675,
          25.066877
        ]
      },
      "properties": {
        "city": "臺北市",
        "district": "中山區",
        "category": "環保餐廳",
        "name": "龍江涼麵",
        "address": "臺北市中山區龍江路356巷5號(近濱江市場)"
      }
    },
    {
      "type": "Feature",
      "geometry": {
        "type": "Point",
        "coordinates": [
          121.591979,
          25.071802
        ]
      },
      "properties": {
        "city": "臺北市",
        "district": "內湖區",
        "category": "環保餐廳",
        "name": "龍凰號(微風．三總商店街)",
        "address": "臺北市內湖區成功路二段325號B1樓"
      }
    },
    {
      "type": "Feature",
      "geometry": {
        "type": "Point",
        "coordinates": [
          121.591979,
          25.071802
        ]
      },
      "properties": {
        "city": "臺北市",
        "district": "內湖區",
        "category": "環保餐廳",
        "name": "優米自助餐(微風．三總商店街)",
        "address": "臺北市內湖區成功路二段325號B1樓"
      }
    },
    {
      "type": "Feature",
      "geometry": {
        "type": "Point",
        "coordinates": [
          121.566109,
          25.042616
        ]
      },
      "properties": {
        "city": "臺北市",
        "district": "信義區",
        "category": "環保餐廳",
        "name": "優喜-鍋物專門店",
        "address": "臺北市信義區基隆路一段147巷5弄5號"
      }
    },
    {
      "type": "Feature",
      "geometry": {
        "type": "Point",
        "coordinates": [
          121.518319,
          25.040833
        ]
      },
      "properties": {
        "city": "臺北市",
        "district": "中正區",
        "category": "環保餐廳",
        "name": "戲台酒館 Theater Trattoria",
        "address": "臺北市中正區中山南路21-1號"
      }
    },
    {
      "type": "Feature",
      "geometry": {
        "type": "Point",
        "coordinates": [
          121.532879,
          25.056298
        ]
      },
      "properties": {
        "city": "臺北市",
        "district": "中山區",
        "category": "環保餐廳",
        "name": "禪風茶樓 Zen Tea Restaurant",
        "address": "臺北市中山區松江路182號2樓"
      }
    },
    {
      "type": "Feature",
      "geometry": {
        "type": "Point",
        "coordinates": [
          121.532371,
          25.048569
        ]
      },
      "properties": {
        "city": "臺北市",
        "district": "中山區",
        "category": "環保餐廳",
        "name": "韓宮韓式料理",
        "address": "臺北市中山區長安東路二段49之1號"
      }
    },
    {
      "type": "Feature",
      "geometry": {
        "type": "Point",
        "coordinates": [
          121.543054,
          25.041212
        ]
      },
      "properties": {
        "city": "臺北市",
        "district": "大安區",
        "category": "環保餐廳",
        "name": "點水樓(復興SOGO店)",
        "address": "臺北市大安區忠孝東路三段300號11樓"
      }
    },
    {
      "type": "Feature",
      "geometry": {
        "type": "Point",
        "coordinates": [
          121.506527,
          25.041806
        ]
      },
      "properties": {
        "city": "臺北市",
        "district": "萬華區",
        "category": "環保餐廳",
        "name": "薆悅精品inn cafe x 台北成都會館",
        "address": "臺北市萬華區成都路27巷8號"
      }
    },
    {
      "type": "Feature",
      "geometry": {
        "type": "Point",
        "coordinates": [
          121.548864,
          25.143441
        ]
      },
      "properties": {
        "city": "臺北市",
        "district": "士林區",
        "category": "環保餐廳",
        "name": "藏粵閣",
        "address": "臺北市士林區格致路237號2樓"
      }
    },
    {
      "type": "Feature",
      "geometry": {
        "type": "Point",
        "coordinates": [
          121.555537,
          25.081796
        ]
      },
      "properties": {
        "city": "臺北市",
        "district": "中山區",
        "category": "環保餐廳",
        "name": "藏壽司 大直ATT店",
        "address": "臺北市中山區敬業三路123號2樓"
      }
    },
    {
      "type": "Feature",
      "geometry": {
        "type": "Point",
        "coordinates": [
          121.519354,
          25.053084
        ]
      },
      "properties": {
        "city": "臺北市",
        "district": "大同區",
        "category": "環保餐廳",
        "name": "藏壽司 中山南西店",
        "address": "臺北市大同區南京西路57號2樓"
      }
    },
    {
      "type": "Feature",
      "geometry": {
        "type": "Point",
        "coordinates": [
          121.514894,
          25.045616
        ]
      },
      "properties": {
        "city": "臺北市",
        "district": "中正區",
        "category": "環保餐廳",
        "name": "藏壽司 台北館前店",
        "address": "臺北市中正區館前路12號5樓"
      }
    },
    {
      "type": "Feature",
      "geometry": {
        "type": "Point",
        "coordinates": [
          121.532634,
          25.052242
        ]
      },
      "properties": {
        "city": "臺北市",
        "district": "中山區",
        "category": "環保餐廳",
        "name": "藏壽司 松江南京店",
        "address": "臺北市中山區南京東路二段101號B1"
      }
    },
    {
      "type": "Feature",
      "geometry": {
        "type": "Point",
        "coordinates": [
          121.566264,
          25.035351
        ]
      },
      "properties": {
        "city": "臺北市",
        "district": "信義區",
        "category": "環保餐廳",
        "name": "藏壽司 信義ATT店",
        "address": "臺北市信義區松壽路12號4樓"
      }
    },
    {
      "type": "Feature",
      "geometry": {
        "type": "Point",
        "coordinates": [
          121.607208,
          25.05267
        ]
      },
      "properties": {
        "city": "臺北市",
        "district": "南港區",
        "category": "環保餐廳",
        "name": "藏壽司 南港CITYLINK店",
        "address": "臺北市南港區忠孝東路七段369號3樓"
      }
    },
    {
      "type": "Feature",
      "geometry": {
        "type": "Point",
        "coordinates": [
          121.567277,
          25.038729
        ]
      },
      "properties": {
        "city": "臺北市",
        "district": "信義區",
        "category": "環保餐廳",
        "name": "藏壽司 微風松高店",
        "address": "臺北市信義區松高路16號B1"
      }
    },
    {
      "type": "Feature",
      "geometry": {
        "type": "Point",
        "coordinates": [
          121.529356,
          25.119909
        ]
      },
      "properties": {
        "city": "臺北市",
        "district": "士林區",
        "category": "環保餐廳",
        "name": "藝食知選",
        "address": "臺北市士林區天玉街81巷2號"
      }
    },
    {
      "type": "Feature",
      "geometry": {
        "type": "Point",
        "coordinates": [
          121.542794,
          25.024459
        ]
      },
      "properties": {
        "city": "臺北市",
        "district": "大安區",
        "category": "環保餐廳",
        "name": "麵工坊大安店",
        "address": "臺北市大安區和平東路二段118巷2弄1號1樓"
      }
    },
    {
      "type": "Feature",
      "geometry": {
        "type": "Point",
        "coordinates": [
          121.515876,
          25.045453
        ]
      },
      "properties": {
        "city": "臺北市",
        "district": "中正區",
        "category": "環保餐廳",
        "name": "魔法咖哩",
        "address": "臺北市中正區許昌街30號2樓"
      }
    },
    {
      "type": "Feature",
      "geometry": {
        "type": "Point",
        "coordinates": [
          121.543054,
          25.041212
        ]
      },
      "properties": {
        "city": "臺北市",
        "district": "大安區",
        "category": "環保餐廳",
        "name": "鰻將劍持屋",
        "address": "臺北市大安區忠孝東路三段300號B2"
      }
    },
    {
      "type": "Feature",
      "geometry": {
        "type": "Point",
        "coordinates": [
          121.5361,
          25.025311
        ]
      },
      "properties": {
        "city": "臺北市",
        "district": "大安區",
        "category": "環保餐廳",
        "name": "靈感咖啡",
        "address": "臺北市大安區新生南路三段84-6號3樓"
      }
    },
    {
      "type": "Feature",
      "geometry": {
        "type": "Point",
        "coordinates": [
          121.515968,
          25.065142
        ]
      },
      "properties": {
        "city": "臺北市",
        "district": "大同區",
        "category": "環保餐廳",
        "name": "讚豆工坊",
        "address": "臺北市大同區大龍街60號"
      }
    },
    {
      "type": "Feature",
      "geometry": {
        "type": "Point",
        "coordinates": [
          121.504779,
          25.042404
        ]
      },
      "properties": {
        "city": "臺北市",
        "district": "萬華區",
        "category": "環保餐廳",
        "name": "?陸伍貳懷舊港式冰室",
        "address": "臺北市萬華區昆明街99號"
      }
    },
    {
      "type": "Feature",
      "geometry": {
        "type": "Point",
        "coordinates": [
          121.47014376506633,
          25.081244483953192
        ]
      },
      "properties": {
        "city": "新北市",
        "district": "蘆洲區",
        "category": "環保餐廳",
        "name": "31早午餐",
        "address": "新北市蘆洲區和平路171號"
      }
    },
    {
      "type": "Feature",
      "geometry": {
        "type": "Point",
        "coordinates": [
          121.44435688202563,
          25.02237168047581
        ]
      },
      "properties": {
        "city": "新北市",
        "district": "板橋區",
        "category": "環保餐廳",
        "name": "57黃燜雞(板橋大遠百)",
        "address": "新北市板橋區新站路28號B1"
      }
    },
    {
      "type": "Feature",
      "geometry": {
        "type": "Point",
        "coordinates": [
          121.45106620394883,
          25.019805219357114
        ]
      },
      "properties": {
        "city": "新北市",
        "district": "板橋區",
        "category": "環保餐廳",
        "name": "Alessi Cafe",
        "address": "新北市板橋區新站路28號"
      }
    },
    {
      "type": "Feature",
      "geometry": {
        "type": "Point",
        "coordinates": [
          121.48455651230086,
          25.005827070519544
        ]
      },
      "properties": {
        "city": "新北市",
        "district": "中和區",
        "category": "環保餐廳",
        "name": "Apple203早午餐店-中和遠東",
        "address": "新北市中和區中正路738號"
      }
    },
    {
      "type": "Feature",
      "geometry": {
        "type": "Point",
        "coordinates": [
          121.44592275343699,
          25.00550440869793
        ]
      },
      "properties": {
        "city": "新北市",
        "district": "板橋區",
        "category": "環保餐廳",
        "name": "B & G德國農莊複合式茶館",
        "address": "新北市板橋區新站路28號"
      }
    },
    {
      "type": "Feature",
      "geometry": {
        "type": "Point",
        "coordinates": [
          121.45587717792223,
          25.023108823793308
        ]
      },
      "properties": {
        "city": "新北市",
        "district": "板橋區",
        "category": "環保餐廳",
        "name": "BarAku",
        "address": "新北市板橋區縣民大道一段269號2樓"
      }
    },
    {
      "type": "Feature",
      "geometry": {
        "type": "Point",
        "coordinates": [
          121.47744069000237,
          25.075173810203935
        ]
      },
      "properties": {
        "city": "新北市",
        "district": "三重區",
        "category": "環保餐廳",
        "name": "bb.q三重三和店",
        "address": "新北市三重區三和路四段３９８之１號一樓"
      }
    },
    {
      "type": "Feature",
      "geometry": {
        "type": "Point",
        "coordinates": [
          121.49000630884868,
          25.00925017333763
        ]
      },
      "properties": {
        "city": "新北市",
        "district": "中和區",
        "category": "環保餐廳",
        "name": "bb.q中和中漢店",
        "address": "新北市中和區中山路三段186號"
      }
    },
    {
      "type": "Feature",
      "geometry": {
        "type": "Point",
        "coordinates": [
          121.44651881312156,
          25.01790841881782
        ]
      },
      "properties": {
        "city": "新北市",
        "district": "板橋區",
        "category": "環保餐廳",
        "name": "bb.q板橋板農店",
        "address": "新北市板橋區府中路29之1號"
      }
    },
    {
      "type": "Feature",
      "geometry": {
        "type": "Point",
        "coordinates": [
          121.49678768612735,
          25.0044076309049
        ]
      },
      "properties": {
        "city": "新北市",
        "district": "中和區",
        "category": "環保餐廳",
        "name": "Bellini Pasta Pasta 中和環球",
        "address": "新北市中和區中山路三段122號4樓"
      }
    },
    {
      "type": "Feature",
      "geometry": {
        "type": "Point",
        "coordinates": [
          121.45360194644968,
          25.028505062859715
        ]
      },
      "properties": {
        "city": "新北市",
        "district": "板橋區",
        "category": "環保餐廳",
        "name": "BinB書? Bar in Book",
        "address": "新北市板橋區民生路三段140號"
      }
    },
    {
      "type": "Feature",
      "geometry": {
        "type": "Point",
        "coordinates": [
          121.51288754643267,
          25.00696420138989
        ]
      },
      "properties": {
        "city": "新北市",
        "district": "中和區",
        "category": "環保餐廳",
        "name": "cama 中和環球",
        "address": "新北市中和區中山路三段122號3樓"
      }
    },
    {
      "type": "Feature",
      "geometry": {
        "type": "Point",
        "coordinates": [
          121.5037552622946,
          24.98641318643068
        ]
      },
      "properties": {
        "city": "新北市",
        "district": "中和區",
        "category": "環保餐廳",
        "name": "Cold Stone 中和環球",
        "address": "新北市中和區中山路三段122號B2樓"
      }
    },
    {
      "type": "Feature",
      "geometry": {
        "type": "Point",
        "coordinates": [
          121.54690235437853,
          24.974613182119903
        ]
      },
      "properties": {
        "city": "新北市",
        "district": "新店區",
        "category": "環保餐廳",
        "name": "Dear 40 Cafe",
        "address": "新北市新店區寶興路40號"
      }
    },
    {
      "type": "Feature",
      "geometry": {
        "type": "Point",
        "coordinates": [
          121.46917835386085,
          25.024838356248395
        ]
      },
      "properties": {
        "city": "新北市",
        "district": "板橋區",
        "category": "環保餐廳",
        "name": "DRIP CAFE好滴咖啡-環球板橋車站店",
        "address": "新北市板橋區縣民大道二段七號2F"
      }
    },
    {
      "type": "Feature",
      "geometry": {
        "type": "Point",
        "coordinates": [
          121.47846556547506,
          25.063444540454345
        ]
      },
      "properties": {
        "city": "新北市",
        "district": "三重區",
        "category": "環保餐廳",
        "name": "House.好食早餐店",
        "address": "新北市三重區福德里成功路106之1號"
      }
    },
    {
      "type": "Feature",
      "geometry": {
        "type": "Point",
        "coordinates": [
          121.44752005664047,
          25.018645902315964
        ]
      },
      "properties": {
        "city": "新北市",
        "district": "板橋區",
        "category": "環保餐廳",
        "name": "Kali Chimaek 韓式炸雞",
        "address": "新北市板橋區中山路一段158巷21號"
      }
    },
    {
      "type": "Feature",
      "geometry": {
        "type": "Point",
        "coordinates": [
          121.50224005152643,
          25.011875564505736
        ]
      },
      "properties": {
        "city": "新北市",
        "district": "中和區",
        "category": "環保餐廳",
        "name": "Mami Cooking 中和環球店",
        "address": "新北市中和區中山路三段122號B2樓"
      }
    },
    {
      "type": "Feature",
      "geometry": {
        "type": "Point",
        "coordinates": [
          121.49840674579154,
          24.98884184826509
        ]
      },
      "properties": {
        "city": "新北市",
        "district": "中和區",
        "category": "環保餐廳",
        "name": "MOMO PARADISE 中和環球",
        "address": "新北市中和區中山路三段122號4樓"
      }
    },
    {
      "type": "Feature",
      "geometry": {
        "type": "Point",
        "coordinates": [
          121.52678961750996,
          24.972874862234118
        ]
      },
      "properties": {
        "city": "新北市",
        "district": "新店區",
        "category": "環保餐廳",
        "name": "Mrs. Mapo麻婆豆腐 新店家樂福店",
        "address": "新北市新店區中興路三段1號1F"
      }
    },
    {
      "type": "Feature",
      "geometry": {
        "type": "Point",
        "coordinates": [
          121.52195633995701,
          25.012589066261206
        ]
      },
      "properties": {
        "city": "新北市",
        "district": "永和區",
        "category": "環保餐廳",
        "name": "Party創作美食茶房",
        "address": "新北市永和區竹林路222號2樓"
      }
    },
    {
      "type": "Feature",
      "geometry": {
        "type": "Point",
        "coordinates": [
          121.53994797094848,
          24.95860617029096
        ]
      },
      "properties": {
        "city": "新北市",
        "district": "新店區",
        "category": "環保餐廳",
        "name": "petit doux 微兜  小碧潭店",
        "address": "新北市新店區新北市新店區中央路157號5樓"
      }
    },
    {
      "type": "Feature",
      "geometry": {
        "type": "Point",
        "coordinates": [
          121.48745068260907,
          25.061512030323613
        ]
      },
      "properties": {
        "city": "新北市",
        "district": "",
        "category": "環保餐廳",
        "name": "Psyaq  Cikay Ma食坊",
        "address": "新北市烏來區福山里卡拉模基26號"
      }
    },
    {
      "type": "Feature",
      "geometry": {
        "type": "Point",
        "coordinates": [
          121.45441171400388,
          25.046897238865515
        ]
      },
      "properties": {
        "city": "新北市",
        "district": "新莊區",
        "category": "環保餐廳",
        "name": "Q Burger（總店）",
        "address": "新北市新莊區頭前路24號"
      }
    },
    {
      "type": "Feature",
      "geometry": {
        "type": "Point",
        "coordinates": [
          121.40795567133509,
          25.160759689994606
        ]
      },
      "properties": {
        "city": "新北市",
        "district": "八里區",
        "category": "環保餐廳",
        "name": "Q Burger八里中山店",
        "address": "新北市八里區中山路二段363號"
      }
    },
    {
      "type": "Feature",
      "geometry": {
        "type": "Point",
        "coordinates": [
          121.48403441479802,
          25.072910633113622
        ]
      },
      "properties": {
        "city": "新北市",
        "district": "三重區",
        "category": "環保餐廳",
        "name": "Q Burger三重力行店",
        "address": "新北市三重區力行路一段160號一樓及地下一樓"
      }
    },
    {
      "type": "Feature",
      "geometry": {
        "type": "Point",
        "coordinates": [
          121.4962097532277,
          25.058689415434273
        ]
      },
      "properties": {
        "city": "新北市",
        "district": "三重區",
        "category": "環保餐廳",
        "name": "Q Burger三重三民店",
        "address": "新北市三重區三民街298號"
      }
    },
    {
      "type": "Feature",
      "geometry": {
        "type": "Point",
        "coordinates": [
          121.50285002720565,
          25.07165324612513
        ]
      },
      "properties": {
        "city": "新北市",
        "district": "三重區",
        "category": "環保餐廳",
        "name": "Q Burger三重大智店",
        "address": "新北市三重區大智街55號"
      }
    },
    {
      "type": "Feature",
      "geometry": {
        "type": "Point",
        "coordinates": [
          121.50596508338514,
          25.0740956617985
        ]
      },
      "properties": {
        "city": "新北市",
        "district": "三重區",
        "category": "環保餐廳",
        "name": "Q Burger三重中正店",
        "address": "新北市三重區中正北路180號"
      }
    },
    {
      "type": "Feature",
      "geometry": {
        "type": "Point",
        "coordinates": [
          121.50179752138172,
          25.07127507392641
        ]
      },
      "properties": {
        "city": "新北市",
        "district": "三重區",
        "category": "環保餐廳",
        "name": "Q Burger三重中正南店",
        "address": "新北市三重區中正南路49號"
      }
    }
  ]
}