{
  "type": "FeatureCollection",
  "crs": {
    "type": "name",
    "properties": {
      "name": "urn:ogc:def:crs:OGC:1.3:CRS84"
    }
  },
  "features": [
    {
      "type": "Feature",
      "properties": {
        "restaurant_id": 1,
        "category": "環保餐廳",
        "name": "《扶風堂》披薩。義麵。吉拉朵",
        "phone": "(02)27153377",
        "mobile": "",
        "address": "臺北市松山區敦化北路165巷5號1樓",
        "district": "松山區",
        "eco_actions": "環境管理, 惜食(善用食材), 環境教育",
        "primary_action": "環境管理",
        "action_count": 3
      },
      "geometry": {
        "type": "Point",
        "coordinates": [
          121.550164,
          25.054766
        ]
      }
    },
    {
      "type": "Feature",
      "properties": {
        "restaurant_id": 2,
        "category": "環保餐廳",
        "name": "6：35 Brunch & Dinner(大安旗艦店)",
        "phone": "(02)23770100",
        "mobile": "",
        "address": "臺北市大安區復興南路二段288號",
        "district": "大安區",
        "eco_actions": "環境管理",
        "primary_action": "環境管理",
        "action_count": 1
      },
      "geometry": {
        "type": "Point",
        "coordinates": [
          121.543234,
          25.024049
        ]
      }
    },
    {
      "type": "Feature",
      "properties": {
        "restaurant_id": 3,
        "category": "環保餐廳",
        "name": "88號樂章-88 La Plaza",
        "phone": "(02)27943800",
        "mobile": "",
        "address": "臺北市內湖區民善街88號5樓",
        "district": "內湖區",
        "eco_actions": "環境管理, 綠色採購",
        "primary_action": "環境管理",
        "action_count": 2
      },
      "geometry": {
        "type": "Point",
        "coordinates": [
          121.575362,
          25.060142
        ]
      }
    },
    {
      "type": "Feature",
      "properties": {
        "restaurant_id": 4,
        "category": "環保餐廳",
        "name": "Aunt Stella 詩特莉",
        "phone": "(02)87721638",
        "mobile": "",
        "address": "臺北市大安區忠孝東路三段300號B3",
        "district": "大安區",
        "eco_actions": "環境管理, 源頭減量, 惜食(善用食材)",
        "primary_action": "環境管理",
        "action_count": 3
      },
      "geometry": {
        "type": "Point",
        "coordinates": [
          121.543054,
          25.041212
        ]
      }
    },
    {
      "type": "Feature",
      "properties": {
        "restaurant_id": 5,
        "category": "環保餐廳",
        "name": "AW Cafe Wine Bistro",
        "phone": "(02)27012498",
        "mobile": "",
        "address": "臺北市信義區信義路四段115-2號",
        "district": "信義區",
        "eco_actions": "環境管理, 綠色採購, 食材及餐點, 源頭減量, 惜食(打包服務), 惜食(善用食材), 環境教育",
        "primary_action": "環境管理",
        "action_count": 7
      },
      "geometry": {
        "type": "Point",
        "coordinates": [
          121.557851,
          25.033026
        ]
      }
    },
    {
      "type": "Feature",
      "properties": {
        "restaurant_id": 6,
        "category": "環保餐廳",
        "name": "BaganHood 蔬食餐酒館",
        "phone": "(02)37622557",
        "mobile": "",
        "address": "臺北市信義區忠孝東路四段553巷46弄11號",
        "district": "信義區",
        "eco_actions": "惜食(善用食材), 環境教育",
        "primary_action": "惜食(善用食材)",
        "action_count": 2
      },
      "geometry": {
        "type": "Point",
        "coordinates": [
          121.563475,
          25.044284
        ]
      }
    },
    {
      "type": "Feature",
      "properties": {
        "restaurant_id": 7,
        "category": "環保餐廳",
        "name": "Bar. Tender 八天餐酒館",
        "phone": "(02)27782105",
        "mobile": "",
        "address": "臺北市大安區復興南路一段107巷5弄2號",
        "district": "大安區",
        "eco_actions": "環境管理, 源頭減量",
        "primary_action": "環境管理",
        "action_count": 2
      },
      "geometry": {
        "type": "Point",
        "coordinates": [
          121.544509,
          25.043706
        ]
      }
    },
    {
      "type": "Feature",
      "properties": {
        "restaurant_id": 8,
        "category": "環保餐廳",
        "name": "Bea's Bistro 美式餐館",
        "phone": "(02)23918827",
        "mobile": "",
        "address": "臺北市大安區潮州街133號",
        "district": "大安區",
        "eco_actions": "環境管理, 惜食(善用食材), 環境教育",
        "primary_action": "環境管理",
        "action_count": 3
      },
      "geometry": {
        "type": "Point",
        "coordinates": [
          121.528939,
          25.028539
        ]
      }
    },
    {
      "type": "Feature",
      "properties": {
        "restaurant_id": 9,
        "category": "環保餐廳",
        "name": "Blooming 花漾蒔光",
        "phone": "(02)25460909",
        "mobile": "",
        "address": "臺北市松山區復興北路313巷38號",
        "district": "松山區",
        "eco_actions": "環境管理",
        "primary_action": "環境管理",
        "action_count": 1
      },
      "geometry": {
        "type": "Point",
        "coordinates": [
          121.546784,
          25.058831
        ]
      }
    },
    {
      "type": "Feature",
      "properties": {
        "restaurant_id": 10,
        "category": "環保餐廳",
        "name": "Blue磚塊義法廚房",
        "phone": "(02)23110070",
        "mobile": "",
        "address": "臺北市萬華區武昌街二段83之8號",
        "district": "萬華區",
        "eco_actions": "環境管理",
        "primary_action": "環境管理",
        "action_count": 1
      },
      "geometry": {
        "type": "Point",
        "coordinates": [
          121.505089,
          25.045569
        ]
      }
    },
    {
      "type": "Feature",
      "properties": {
        "restaurant_id": 11,
        "category": "環保餐廳",
        "name": "Camo咖啡",
        "phone": "(02)33433931",
        "mobile": "",
        "address": "臺北市大安區和平東路一段129號",
        "district": "大安區",
        "eco_actions": "環境管理, 綠色採購, 源頭減量, 惜食(善用食材), 環境教育",
        "primary_action": "環境管理",
        "action_count": 5
      },
      "geometry": {
        "type": "Point",
        "coordinates": [
          121.529658,
          25.026717
        ]
      }
    },
    {
      "type": "Feature",
      "properties": {
        "restaurant_id": 12,
        "category": "環保餐廳",
        "name": "Capricciosa卡布里喬莎(天母SOGO店)",
        "phone": "(02)28332558",
        "mobile": "",
        "address": "臺北市士林區中山北路六段77號8F",
        "district": "士林區",
        "eco_actions": "環境管理, 綠色採購, 源頭減量, 惜食(善用食材), 環境教育",
        "primary_action": "環境管理",
        "action_count": 5
      },
      "geometry": {
        "type": "Point",
        "coordinates": [
          121.524275,
          25.105008
        ]
      }
    },
    {
      "type": "Feature",
      "properties": {
        "restaurant_id": 13,
        "category": "環保餐廳",
        "name": "Chao?炒炒蔬食熱炒",
        "phone": "(02)27753005",
        "mobile": "",
        "address": "臺北市大安區大安路一段52巷21號",
        "district": "大安區",
        "eco_actions": "環境管理, 綠色採購, 源頭減量, 惜食(善用食材)",
        "primary_action": "環境管理",
        "action_count": 4
      },
      "geometry": {
        "type": "Point",
        "coordinates": [
          121.545242,
          25.043116
        ]
      }
    },
    {
      "type": "Feature",
      "properties": {
        "restaurant_id": 14,
        "category": "環保餐廳",
        "name": "Chinese Whispers 悄悄話餐酒館",
        "phone": "(02)27783988",
        "mobile": "",
        "address": "臺北市大安區仁愛路四段345巷2弄11號",
        "district": "大安區",
        "eco_actions": "環境管理",
        "primary_action": "環境管理",
        "action_count": 1
      },
      "geometry": {
        "type": "Point",
        "coordinates": [
          121.553172,
          25.038493
        ]
      }
    },
    {
      "type": "Feature",
      "properties": {
        "restaurant_id": 15,
        "category": "環保餐廳",
        "name": "COFFEE LOVER's PLANET",
        "phone": "(02)27524157",
        "mobile": "",
        "address": "臺北市大安區敦化南路一段246號B1",
        "district": "大安區",
        "eco_actions": "環境管理, 綠色採購, 源頭減量, 惜食(善用食材), 環境教育",
        "primary_action": "環境管理",
        "action_count": 5
      },
      "geometry": {
        "type": "Point",
        "coordinates": [
          121.548439,
          25.040147
        ]
      }
    },
    {
      "type": "Feature",
      "properties": {
        "restaurant_id": 16,
        "category": "環保餐廳",
        "name": "Coming Bistro",
        "phone": "(02)27479225",
        "mobile": "",
        "address": "臺北市松山區光復南路55號1樓",
        "district": "松山區",
        "eco_actions": "環境管理",
        "primary_action": "環境管理",
        "action_count": 1
      },
      "geometry": {
        "type": "Point",
        "coordinates": [
          121.554392,
          25.045735
        ]
      }
    },
    {
      "type": "Feature",
      "properties": {
        "restaurant_id": 17,
        "category": "環保餐廳",
        "name": "CYCLO 洛城 忠孝門市",
        "phone": "(02)27782569",
        "mobile": "",
        "address": "臺北市大安區大安路一段75巷9號",
        "district": "大安區",
        "eco_actions": "環境管理, 綠色採購, 環境教育",
        "primary_action": "環境管理",
        "action_count": 3
      },
      "geometry": {
        "type": "Point",
        "coordinates": [
          121.546838,
          25.042175
        ]
      }
    },
    {
      "type": "Feature",
      "properties": {
        "restaurant_id": 18,
        "category": "環保餐廳",
        "name": "EN和食(復興SOGO店)",
        "phone": "(02)77450796",
        "mobile": "",
        "address": "臺北市大安區忠孝東路三段300號11樓",
        "district": "大安區",
        "eco_actions": "--",
        "primary_action": "--",
        "action_count": 1
      },
      "geometry": {
        "type": "Point",
        "coordinates": [
          121.543054,
          25.041212
        ]
      }
    },
    {
      "type": "Feature",
      "properties": {
        "restaurant_id": 19,
        "category": "環保餐廳",
        "name": "EN壽司．和食",
        "phone": "(02)27730246",
        "mobile": "",
        "address": "臺北市大安區敦化南路一段246號B2",
        "district": "大安區",
        "eco_actions": "環境管理, 綠色採購, 源頭減量, 惜食(善用食材), 環境教育",
        "primary_action": "環境管理",
        "action_count": 5
      },
      "geometry": {
        "type": "Point",
        "coordinates": [
          121.548439,
          25.040147
        ]
      }
    },
    {
      "type": "Feature",
      "properties": {
        "restaurant_id": 20,
        "category": "環保餐廳",
        "name": "Fun 心 caf?",
        "phone": "(02)27125565",
        "mobile": "",
        "address": "臺北市松山區敦化北路244巷29號1樓",
        "district": "松山區",
        "eco_actions": "環境管理, 綠色採購, 源頭減量, 惜食(善用食材), 環境教育",
        "primary_action": "環境管理",
        "action_count": 5
      },
      "geometry": {
        "type": "Point",
        "coordinates": [
          121.548127,
          25.060881
        ]
      }
    },
    {
      "type": "Feature",
      "properties": {
        "restaurant_id": 21,
        "category": "環保餐廳",
        "name": "GUSTOSO",
        "phone": "(02)77269099",
        "mobile": "",
        "address": "臺北市大安區敦化南路一段331號",
        "district": "大安區",
        "eco_actions": "環境管理, 綠色採購, 源頭減量, 惜食(善用食材), 環境教育",
        "primary_action": "環境管理",
        "action_count": 5
      },
      "geometry": {
        "type": "Point",
        "coordinates": [
          121.549227,
          25.034061
        ]
      }
    },
    {
      "type": "Feature",
      "properties": {
        "restaurant_id": 22,
        "category": "環保餐廳",
        "name": "inn cafe x 台北師大店",
        "phone": "(02)23690055",
        "mobile": "",
        "address": "臺北市大安區龍泉街7號",
        "district": "大安區",
        "eco_actions": "環境管理, 綠色採購",
        "primary_action": "環境管理",
        "action_count": 2
      },
      "geometry": {
        "type": "Point",
        "coordinates": [
          121.529303,
          25.021895
        ]
      }
    },
    {
      "type": "Feature",
      "properties": {
        "restaurant_id": 23,
        "category": "環保餐廳",
        "name": "JeeWoo吉屋",
        "phone": "(02)23918563",
        "mobile": "",
        "address": "臺北市大安區金華街145號",
        "district": "大安區",
        "eco_actions": "環境管理, 綠色採購, 源頭減量, 環境教育",
        "primary_action": "環境管理",
        "action_count": 4
      },
      "geometry": {
        "type": "Point",
        "coordinates": [
          121.525156,
          25.030546
        ]
      }
    },
    {
      "type": "Feature",
      "properties": {
        "restaurant_id": 24,
        "category": "環保餐廳",
        "name": "KANPAI CLASSIC 天母店",
        "phone": "(02)28771550",
        "mobile": "",
        "address": "臺北市士林區忠誠路二段200號2樓",
        "district": "士林區",
        "eco_actions": "環境管理, 源頭減量",
        "primary_action": "環境管理",
        "action_count": 2
      },
      "geometry": {
        "type": "Point",
        "coordinates": [
          121.534035,
          25.11708
        ]
      }
    },
    {
      "type": "Feature",
      "properties": {
        "restaurant_id": 25,
        "category": "環保餐廳",
        "name": "Lady nara台北忠孝SOGO店",
        "phone": "(02)27712585",
        "mobile": "",
        "address": "臺北市大安區忠孝東路四段45號12樓",
        "district": "大安區",
        "eco_actions": "環境管理, 綠色採購, 源頭減量, 惜食(善用食材), 環境教育",
        "primary_action": "環境管理",
        "action_count": 5
      },
      "geometry": {
        "type": "Point",
        "coordinates": [
          121.553038,
          25.039053
        ]
      }
    },
    {
      "type": "Feature",
      "properties": {
        "restaurant_id": 26,
        "category": "環保餐廳",
        "name": "LIFE KITCHEN",
        "phone": "(02)27931818",
        "mobile": "",
        "address": "臺北市內湖區新湖三路134號",
        "district": "內湖區",
        "eco_actions": "環境管理, 綠色採購, 源頭減量, 惜食(善用食材)",
        "primary_action": "環境管理",
        "action_count": 4
      },
      "geometry": {
        "type": "Point",
        "coordinates": [
          121.577832,
          25.064403
        ]
      }
    },
    {
      "type": "Feature",
      "properties": {
        "restaurant_id": 27,
        "category": "環保餐廳",
        "name": "Los TOAST 洛城吐司",
        "phone": "(02)28208206",
        "mobile": "",
        "address": "臺北市北投區實踐街82巷6號",
        "district": "北投區",
        "eco_actions": "源頭減量, 惜食(善用食材)",
        "primary_action": "源頭減量",
        "action_count": 2
      },
      "geometry": {
        "type": "Point",
        "coordinates": [
          121.510798,
          25.115119
        ]
      }
    },
    {
      "type": "Feature",
      "properties": {
        "restaurant_id": 28,
        "category": "環保餐廳",
        "name": "Machikaka 智允餐飲",
        "phone": "(02)27772777",
        "mobile": "",
        "address": "臺北市中山區南京東路三段216巷4號一樓",
        "district": "中山區",
        "eco_actions": "環境管理",
        "primary_action": "環境管理",
        "action_count": 1
      },
      "geometry": {
        "type": "Point",
        "coordinates": [
          121.543443,
          25.051457
        ]
      }
    },
    {
      "type": "Feature",
      "properties": {
        "restaurant_id": 29,
        "category": "環保餐廳",
        "name": "Mama Inca印加媽媽 秘魯餐館",
        "phone": "(02)27092832",
        "mobile": "",
        "address": "臺北市大安區瑞安街31巷1-1號",
        "district": "大安區",
        "eco_actions": "環境管理, 綠色採購, 惜食(善用食材), 環境教育, 8",
        "primary_action": "環境管理",
        "action_count": 5
      },
      "geometry": {
        "type": "Point",
        "coordinates": [
          121.539087,
          25.028213
        ]
      }
    },
    {
      "type": "Feature",
      "properties": {
        "restaurant_id": 30,
        "category": "環保餐廳",
        "name": "Maya Bistro 瑪亞餐酒",
        "phone": "(02)25850305",
        "mobile": "",
        "address": "臺北市中山區雙城街46巷1號1樓",
        "district": "中山區",
        "eco_actions": "環境管理, 綠色採購, 源頭減量, 惜食(善用食材)",
        "primary_action": "環境管理",
        "action_count": 4
      },
      "geometry": {
        "type": "Point",
        "coordinates": [
          121.524648,
          25.06755
        ]
      }
    },
    {
      "type": "Feature",
      "properties": {
        "restaurant_id": 31,
        "category": "環保餐廳",
        "name": "meet蘋果咖啡館",
        "phone": "(02)23820025",
        "mobile": "",
        "address": "臺北市中正區博愛路86號",
        "district": "中正區",
        "eco_actions": "環境管理",
        "primary_action": "環境管理",
        "action_count": 1
      },
      "geometry": {
        "type": "Point",
        "coordinates": [
          121.511382,
          25.044448
        ]
      }
    },
    {
      "type": "Feature",
      "properties": {
        "restaurant_id": 32,
        "category": "環保餐廳",
        "name": "Mentari萌太利(微風台大醫院商場)",
        "phone": "(02)23952298#8123",
        "mobile": "",
        "address": "臺北市中正區中山南路77號B1F",
        "district": "中正區",
        "eco_actions": "環境管理, 環境教育",
        "primary_action": "環境管理",
        "action_count": 2
      },
      "geometry": {
        "type": "Point",
        "coordinates": [
          121.517269,
          25.045429
        ]
      }
    },
    {
      "type": "Feature",
      "properties": {
        "restaurant_id": 33,
        "category": "環保餐廳",
        "name": "Miso微笑韓國料理",
        "phone": "(02)23670281",
        "mobile": "",
        "address": "臺北市大安區金山南路二段6號",
        "district": "大安區",
        "eco_actions": "環境管理",
        "primary_action": "環境管理",
        "action_count": 1
      },
      "geometry": {
        "type": "Point",
        "coordinates": [
          121.52703,
          25.033676
        ]
      }
    },
    {
      "type": "Feature",
      "properties": {
        "restaurant_id": 34,
        "category": "環保餐廳",
        "name": "mister donut",
        "phone": "(02)23816949",
        "mobile": "",
        "address": "臺北市萬華區桂林路1號",
        "district": "萬華區",
        "eco_actions": "環境管理",
        "primary_action": "環境管理",
        "action_count": 1
      },
      "geometry": {
        "type": "Point",
        "coordinates": [
          121.495751,
          25.038089
        ]
      }
    },
    {
      "type": "Feature",
      "properties": {
        "restaurant_id": 35,
        "category": "環保餐廳",
        "name": "Mos摩斯漢堡(北榮美食街)",
        "phone": "(02)28710185",
        "mobile": "",
        "address": "臺北市北投區石牌路二段201號生活廣場",
        "district": "北投區",
        "eco_actions": "環境管理, 綠色採購, 食材及餐點, 源頭減量, 惜食(打包服務), 惜食(善用食材), 環境教育",
        "primary_action": "環境管理",
        "action_count": 7
      },
      "geometry": {
        "type": "Point",
        "coordinates": [
          121.522479,
          25.120637
        ]
      }
    },
    {
      "type": "Feature",
      "properties": {
        "restaurant_id": 36,
        "category": "環保餐廳",
        "name": "Mos摩斯漢堡(微風台大醫院商場)",
        "phone": "(02)23952298#8140",
        "mobile": "",
        "address": "臺北市中正區中山南路77號B1F",
        "district": "中正區",
        "eco_actions": "環境管理, 環境教育",
        "primary_action": "環境管理",
        "action_count": 2
      },
      "geometry": {
        "type": "Point",
        "coordinates": [
          121.517269,
          25.045429
        ]
      }
    },
    {
      "type": "Feature",
      "properties": {
        "restaurant_id": 37,
        "category": "環保餐廳",
        "name": "N° 168 PRIME",
        "phone": "(02)66176168",
        "mobile": "",
        "address": "臺北市大安區敦化南路一段246號7F",
        "district": "大安區",
        "eco_actions": "環境管理, 綠色採購, 源頭減量, 惜食(善用食材), 環境教育",
        "primary_action": "環境管理",
        "action_count": 5
      },
      "geometry": {
        "type": "Point",
        "coordinates": [
          121.548439,
          25.040147
        ]
      }
    },
    {
      "type": "Feature",
      "properties": {
        "restaurant_id": 38,
        "category": "環保餐廳",
        "name": "Nara Thai Cuisine 台北忠孝SOGO 店",
        "phone": "(02)27718939",
        "mobile": "",
        "address": "臺北市大安區忠孝東路四段45號11樓",
        "district": "大安區",
        "eco_actions": "環境管理, 綠色採購, 源頭減量, 惜食(善用食材), 環境教育",
        "primary_action": "環境管理",
        "action_count": 5
      },
      "geometry": {
        "type": "Point",
        "coordinates": [
          121.553038,
          25.039053
        ]
      }
    },
    {
      "type": "Feature",
      "properties": {
        "restaurant_id": 39,
        "category": "環保餐廳",
        "name": "OEC蚌麵",
        "phone": "(02)23117819",
        "mobile": "",
        "address": "臺北市中正區中山南路8號B1",
        "district": "中正區",
        "eco_actions": "環境管理",
        "primary_action": "環境管理",
        "action_count": 1
      },
      "geometry": {
        "type": "Point",
        "coordinates": [
          121.518748,
          25.044343
        ]
      }
    },
    {
      "type": "Feature",
      "properties": {
        "restaurant_id": 40,
        "category": "環保餐廳",
        "name": "omo cafe （天母SOGO店）",
        "phone": "(02)28341668",
        "mobile": "",
        "address": "臺北市士林區中山北路六段77號5樓",
        "district": "士林區",
        "eco_actions": "環境管理, 綠色採購, 源頭減量, 惜食(善用食材), 環境教育",
        "primary_action": "環境管理",
        "action_count": 5
      },
      "geometry": {
        "type": "Point",
        "coordinates": [
          121.524275,
          25.105008
        ]
      }
    },
    {
      "type": "Feature",
      "properties": {
        "restaurant_id": 41,
        "category": "環保餐廳",
        "name": "Oohchacha自然食(古亭店)",
        "phone": "(02)23677133",
        "mobile": "",
        "address": "臺北市中正區南昌路二段207號",
        "district": "中正區",
        "eco_actions": "環境管理, 惜食(善用食材), 環境教育",
        "primary_action": "環境管理",
        "action_count": 3
      },
      "geometry": {
        "type": "Point",
        "coordinates": [
          121.523454,
          25.025073
        ]
      }
    },
    {
      "type": "Feature",
      "properties": {
        "restaurant_id": 42,
        "category": "環保餐廳",
        "name": "PAI CAF? & LIFE",
        "phone": "",
        "mobile": "971168198",
        "address": "臺北市松山區八德路二段366巷11號",
        "district": "松山區",
        "eco_actions": "環境管理, 源頭減量, 惜食(善用食材)",
        "primary_action": "環境管理",
        "action_count": 3
      },
      "geometry": {
        "type": "Point",
        "coordinates": [
          121.546036,
          25.047588
        ]
      }
    },
    {
      "type": "Feature",
      "properties": {
        "restaurant_id": 43,
        "category": "環保餐廳",
        "name": "PAI Coffee",
        "phone": "(02)25179787",
        "mobile": "",
        "address": "臺北市中山區民生東路二段147巷6弄1號",
        "district": "中山區",
        "eco_actions": "環境管理, 源頭減量, 惜食(善用食材), 環境教育",
        "primary_action": "環境管理",
        "action_count": 4
      },
      "geometry": {
        "type": "Point",
        "coordinates": [
          121.535184,
          25.060046
        ]
      }
    },
    {
      "type": "Feature",
      "properties": {
        "restaurant_id": 44,
        "category": "環保餐廳",
        "name": "PARADE 和巴黎人吃一樣的日常",
        "phone": "(02)27110800",
        "mobile": "",
        "address": "臺北市大安區忠孝東路四段170巷11號",
        "district": "大安區",
        "eco_actions": "環境管理",
        "primary_action": "環境管理",
        "action_count": 1
      },
      "geometry": {
        "type": "Point",
        "coordinates": [
          121.550903,
          25.040522
        ]
      }
    },
    {
      "type": "Feature",
      "properties": {
        "restaurant_id": 45,
        "category": "環保餐廳",
        "name": "pd by petit doux 忠孝SOGO店",
        "phone": "(02)27213008",
        "mobile": "",
        "address": "臺北市大安區忠孝東路四段45號11樓(忠孝SOGO百貨)",
        "district": "大安區",
        "eco_actions": "環境管理, 綠色採購, 源頭減量",
        "primary_action": "環境管理",
        "action_count": 3
      },
      "geometry": {
        "type": "Point",
        "coordinates": [
          121.553038,
          25.039053
        ]
      }
    },
    {
      "type": "Feature",
      "properties": {
        "restaurant_id": 46,
        "category": "環保餐廳",
        "name": "petit doux 微兜 永康店",
        "phone": "(02)23951336",
        "mobile": "",
        "address": "臺北市大安區信義路二段198巷7-3號1樓",
        "district": "大安區",
        "eco_actions": "環境管理, 綠色採購, 源頭減量",
        "primary_action": "環境管理",
        "action_count": 3
      },
      "geometry": {
        "type": "Point",
        "coordinates": [
          121.530969,
          25.031572
        ]
      }
    },
    {
      "type": "Feature",
      "properties": {
        "restaurant_id": 47,
        "category": "環保餐廳",
        "name": "petit doux 微兜 京站店",
        "phone": "(02)77290009",
        "mobile": "",
        "address": "臺北市大同區承德路一段1號1樓",
        "district": "大同區",
        "eco_actions": "環境管理, 綠色採購, 源頭減量",
        "primary_action": "環境管理",
        "action_count": 3
      },
      "geometry": {
        "type": "Point",
        "coordinates": [
          121.517734,
          25.052245
        ]
      }
    },
    {
      "type": "Feature",
      "properties": {
        "restaurant_id": 48,
        "category": "環保餐廳",
        "name": "PINK SALT｜披薩｜義麵",
        "phone": "(02)27564233",
        "mobile": "",
        "address": "臺北市信義區忠孝東路五段423巷28號",
        "district": "信義區",
        "eco_actions": "環境管理, 惜食(善用食材), 環境教育",
        "primary_action": "環境管理",
        "action_count": 3
      },
      "geometry": {
        "type": "Point",
        "coordinates": [
          121.575456,
          25.042386
        ]
      }
    },
    {
      "type": "Feature",
      "properties": {
        "restaurant_id": 49,
        "category": "環保餐廳",
        "name": "Plants",
        "phone": "(02)27845677",
        "mobile": "",
        "address": "臺北市大安區復興南路1段253巷10號1樓",
        "district": "大安區",
        "eco_actions": "環境管理, 綠色採購, 食材及餐點, 源頭減量, 惜食(打包服務), 惜食(善用食材), 環境教育",
        "primary_action": "環境管理",
        "action_count": 7
      },
      "geometry": {
        "type": "Point",
        "coordinates": [
          121.544277,
          25.03012
        ]
      }
    },
    {
      "type": "Feature",
      "properties": {
        "restaurant_id": 50,
        "category": "環保餐廳",
        "name": "PRIME ONE 牛排館",
        "phone": "(02)23143300#3368",
        "mobile": "",
        "address": "臺北市中正區中華路二段1號",
        "district": "中正區",
        "eco_actions": "環境管理, 綠色採購, 惜食(善用食材)",
        "primary_action": "環境管理",
        "action_count": 3
      },
      "geometry": {
        "type": "Point",
        "coordinates": [
          121.511618,
          25.025236
        ]
      }
    },
    {
      "type": "Feature",
      "properties": {
        "restaurant_id": 51,
        "category": "環保餐廳",
        "name": "Q Burger士林大南店",
        "phone": "(02)28820058",
        "mobile": "",
        "address": "臺北市士林區大南路315號1樓",
        "district": "士林區",
        "eco_actions": "--",
        "primary_action": "--",
        "action_count": 1
      },
      "geometry": {
        "type": "Point",
        "coordinates": [
          121.518256,
          25.088782
        ]
      }
    },
    {
      "type": "Feature",
      "properties": {
        "restaurant_id": 52,
        "category": "環保餐廳",
        "name": "Q Burger士林延平店",
        "phone": "(02)28110658",
        "mobile": "",
        "address": "臺北市士林區延平北路五段179號",
        "district": "士林區",
        "eco_actions": "--",
        "primary_action": "--",
        "action_count": 1
      },
      "geometry": {
        "type": "Point",
        "coordinates": [
          121.510027,
          25.083092
        ]
      }
    },
    {
      "type": "Feature",
      "properties": {
        "restaurant_id": 53,
        "category": "環保餐廳",
        "name": "Q Burger士林忠義店",
        "phone": "(02)28343148",
        "mobile": "",
        "address": "臺北市士林區忠義街113-1號一樓",
        "district": "士林區",
        "eco_actions": "--",
        "primary_action": "--",
        "action_count": 1
      },
      "geometry": {
        "type": "Point",
        "coordinates": [
          121.531796,
          25.10609
        ]
      }
    },
    {
      "type": "Feature",
      "properties": {
        "restaurant_id": 54,
        "category": "環保餐廳",
        "name": "Q Burger士林社子店",
        "phone": "(02)28168058",
        "mobile": "",
        "address": "臺北市士林區社子街36號",
        "district": "士林區",
        "eco_actions": "--",
        "primary_action": "--",
        "action_count": 1
      },
      "geometry": {
        "type": "Point",
        "coordinates": [
          121.507616,
          25.087426
        ]
      }
    },
    {
      "type": "Feature",
      "properties": {
        "restaurant_id": 55,
        "category": "環保餐廳",
        "name": "Q Burger士林通河店",
        "phone": "(02)28853848",
        "mobile": "",
        "address": "臺北市士林區通河街125號",
        "district": "士林區",
        "eco_actions": "--",
        "primary_action": "--",
        "action_count": 1
      },
      "geometry": {
        "type": "Point",
        "coordinates": [
          121.515959,
          25.086712
        ]
      }
    },
    {
      "type": "Feature",
      "properties": {
        "restaurant_id": 56,
        "category": "環保餐廳",
        "name": "Q Burger大同大龍店",
        "phone": "(02)25996128",
        "mobile": "",
        "address": "臺北市信義區大龍街150號",
        "district": "信義區",
        "eco_actions": "--",
        "primary_action": "--",
        "action_count": 1
      },
      "geometry": {
        "type": "Point",
        "coordinates": [
          121.515836,
          25.067776
        ]
      }
    },
    {
      "type": "Feature",
      "properties": {
        "restaurant_id": 57,
        "category": "環保餐廳",
        "name": "Q Burger大安樂業店",
        "phone": "(02)27360209",
        "mobile": "",
        "address": "臺北市大安區樂業街153號",
        "district": "大安區",
        "eco_actions": "--",
        "primary_action": "--",
        "action_count": 1
      },
      "geometry": {
        "type": "Point",
        "coordinates": [
          121.553696,
          25.01961
        ]
      }
    },
    {
      "type": "Feature",
      "properties": {
        "restaurant_id": 58,
        "category": "環保餐廳",
        "name": "Q Burger大橋頭店",
        "phone": "(02)25500147",
        "mobile": "",
        "address": "臺北市信義區民權西路226號",
        "district": "信義區",
        "eco_actions": "--",
        "primary_action": "--",
        "action_count": 1
      },
      "geometry": {
        "type": "Point",
        "coordinates": [
          121.513239,
          25.062797
        ]
      }
    },
    {
      "type": "Feature",
      "properties": {
        "restaurant_id": 59,
        "category": "環保餐廳",
        "name": "Q Burger中山中原店",
        "phone": "(02)25232521",
        "mobile": "",
        "address": "臺北市中山區中原街41號1樓",
        "district": "中山區",
        "eco_actions": "--",
        "primary_action": "--",
        "action_count": 1
      },
      "geometry": {
        "type": "Point",
        "coordinates": [
          121.528938,
          25.056967
        ]
      }
    },
    {
      "type": "Feature",
      "properties": {
        "restaurant_id": 60,
        "category": "環保餐廳",
        "name": "Q Burger中山天祥店",
        "phone": "(02)25311238",
        "mobile": "",
        "address": "臺北市中山區天祥路22號1樓",
        "district": "中山區",
        "eco_actions": "--",
        "primary_action": "--",
        "action_count": 1
      },
      "geometry": {
        "type": "Point",
        "coordinates": [
          121.52169,
          25.063296
        ]
      }
    },
    {
      "type": "Feature",
      "properties": {
        "restaurant_id": 61,
        "category": "環保餐廳",
        "name": "Q Burger中山吉林店",
        "phone": "(02)25910182",
        "mobile": "",
        "address": "臺北市士林區吉林路397號",
        "district": "士林區",
        "eco_actions": "--",
        "primary_action": "--",
        "action_count": 1
      },
      "geometry": {
        "type": "Point",
        "coordinates": [
          121.530502,
          25.065792
        ]
      }
    },
    {
      "type": "Feature",
      "properties": {
        "restaurant_id": 62,
        "category": "環保餐廳",
        "name": "Q Burger中山復興店",
        "phone": "(02)25090565",
        "mobile": "",
        "address": "臺北市中山區復興北路514巷34號一樓",
        "district": "中山區",
        "eco_actions": "--",
        "primary_action": "--",
        "action_count": 1
      },
      "geometry": {
        "type": "Point",
        "coordinates": [
          121.542678,
          25.065978
        ]
      }
    },
    {
      "type": "Feature",
      "properties": {
        "restaurant_id": 63,
        "category": "環保餐廳",
        "name": "Q Burger中山農安店",
        "phone": "(02)25150024",
        "mobile": "",
        "address": "臺北市中山區農安街170號1樓、地下室",
        "district": "中山區",
        "eco_actions": "環境管理, 綠色採購, 源頭減量, 環境教育",
        "primary_action": "環境管理",
        "action_count": 4
      },
      "geometry": {
        "type": "Point",
        "coordinates": [
          121.534456,
          25.064585
        ]
      }
    },
    {
      "type": "Feature",
      "properties": {
        "restaurant_id": 64,
        "category": "環保餐廳",
        "name": "Q Burger中山榮星店",
        "phone": "(02)25016190",
        "mobile": "",
        "address": "臺北市中山區行仁里五常街63號",
        "district": "中山區",
        "eco_actions": "--",
        "primary_action": "--",
        "action_count": 1
      },
      "geometry": {
        "type": "Point",
        "coordinates": [
          121.539988,
          25.064386
        ]
      }
    },
    {
      "type": "Feature",
      "properties": {
        "restaurant_id": 65,
        "category": "環保餐廳",
        "name": "Q Burger中山錦州店",
        "phone": "(02)25222997",
        "mobile": "",
        "address": "臺北市中山區吉林路205號",
        "district": "中山區",
        "eco_actions": "--",
        "primary_action": "--",
        "action_count": 1
      },
      "geometry": {
        "type": "Point",
        "coordinates": [
          121.530361,
          25.060113
        ]
      }
    },
    {
      "type": "Feature",
      "properties": {
        "restaurant_id": 66,
        "category": "環保餐廳",
        "name": "Q Burger中正寧波店",
        "phone": "(02)23325085",
        "mobile": "",
        "address": "臺北市中正區寧波西街100號1樓",
        "district": "中正區",
        "eco_actions": "--",
        "primary_action": "--",
        "action_count": 1
      },
      "geometry": {
        "type": "Point",
        "coordinates": [
          121.519336,
          25.045232
        ]
      }
    },
    {
      "type": "Feature",
      "properties": {
        "restaurant_id": 67,
        "category": "環保餐廳",
        "name": "Q Burger內湖金龍店",
        "phone": "(02)27928292",
        "mobile": "",
        "address": "臺北市內湖區金龍路74號",
        "district": "內湖區",
        "eco_actions": "--",
        "primary_action": "--",
        "action_count": 1
      },
      "geometry": {
        "type": "Point",
        "coordinates": [
          121.592368,
          25.084946
        ]
      }
    },
    {
      "type": "Feature",
      "properties": {
        "restaurant_id": 68,
        "category": "環保餐廳",
        "name": "Q Burger內湖星雲店",
        "phone": "(02)27922009",
        "mobile": "",
        "address": "臺北市內湖區星雲街14號",
        "district": "內湖區",
        "eco_actions": "--",
        "primary_action": "--",
        "action_count": 1
      },
      "geometry": {
        "type": "Point",
        "coordinates": [
          121.596483,
          25.080227
        ]
      }
    },
    {
      "type": "Feature",
      "properties": {
        "restaurant_id": 69,
        "category": "環保餐廳",
        "name": "Q Burger內湖達人店",
        "phone": "(02)27909865",
        "mobile": "",
        "address": "臺北市內湖區內湖路二段326號",
        "district": "內湖區",
        "eco_actions": "--",
        "primary_action": "--",
        "action_count": 1
      },
      "geometry": {
        "type": "Point",
        "coordinates": [
          121.588763,
          25.081545
        ]
      }
    },
    {
      "type": "Feature",
      "properties": {
        "restaurant_id": 70,
        "category": "環保餐廳",
        "name": "Q Burger內湖麗山店",
        "phone": "(02)26276424",
        "mobile": "",
        "address": "臺北市內湖區內湖路一段629巷41號1樓",
        "district": "內湖區",
        "eco_actions": "環境管理, 綠色採購, 源頭減量, 環境教育",
        "primary_action": "環境管理",
        "action_count": 4
      },
      "geometry": {
        "type": "Point",
        "coordinates": [
          121.576147,
          25.081366
        ]
      }
    },
    {
      "type": "Feature",
      "properties": {
        "restaurant_id": 71,
        "category": "環保餐廳",
        "name": "Q Burger文山木新店",
        "phone": "(02)29396817",
        "mobile": "",
        "address": "臺北市文山區木新路二段229號",
        "district": "文山區",
        "eco_actions": "--",
        "primary_action": "--",
        "action_count": 1
      },
      "geometry": {
        "type": "Point",
        "coordinates": [
          121.567271,
          24.983355
        ]
      }
    },
    {
      "type": "Feature",
      "properties": {
        "restaurant_id": 72,
        "category": "環保餐廳",
        "name": "Q Burger文山世新店",
        "phone": "(02)22369201",
        "mobile": "",
        "address": "臺北市文山區木柵路一段101號1樓及地下室",
        "district": "文山區",
        "eco_actions": "環境管理, 綠色採購, 源頭減量, 環境教育",
        "primary_action": "環境管理",
        "action_count": 4
      },
      "geometry": {
        "type": "Point",
        "coordinates": [
          121.547612,
          24.987155
        ]
      }
    },
    {
      "type": "Feature",
      "properties": {
        "restaurant_id": 73,
        "category": "環保餐廳",
        "name": "Q Burger文山景福店",
        "phone": "(02)89351881",
        "mobile": "",
        "address": "臺北市文山區景福街234號",
        "district": "文山區",
        "eco_actions": "--",
        "primary_action": "--",
        "action_count": 1
      },
      "geometry": {
        "type": "Point",
        "coordinates": [
          121.536184,
          24.996707
        ]
      }
    },
    {
      "type": "Feature",
      "properties": {
        "restaurant_id": 74,
        "category": "環保餐廳",
        "name": "Q Burger文山景興店",
        "phone": "(02)29320217",
        "mobile": "",
        "address": "臺北市文山區景興路99號",
        "district": "文山區",
        "eco_actions": "--",
        "primary_action": "--",
        "action_count": 1
      },
      "geometry": {
        "type": "Point",
        "coordinates": [
          121.544818,
          24.995334
        ]
      }
    },
    {
      "type": "Feature",
      "properties": {
        "restaurant_id": 75,
        "category": "環保餐廳",
        "name": "Q Burger文山萬隆店",
        "phone": "(02)29331380",
        "mobile": "",
        "address": "臺北市文山區萬隆里景福街4號1樓",
        "district": "文山區",
        "eco_actions": "--",
        "primary_action": "--",
        "action_count": 1
      },
      "geometry": {
        "type": "Point",
        "coordinates": [
          121.538196,
          24.999424
        ]
      }
    },
    {
      "type": "Feature",
      "properties": {
        "restaurant_id": 76,
        "category": "環保餐廳",
        "name": "Q Burger文山福興店",
        "phone": "(02)29308228",
        "mobile": "",
        "address": "臺北市文山區福興路45號",
        "district": "文山區",
        "eco_actions": "環境管理, 綠色採購, 源頭減量, 環境教育",
        "primary_action": "環境管理",
        "action_count": 4
      },
      "geometry": {
        "type": "Point",
        "coordinates": [
          121.550661,
          25.003122
        ]
      }
    },
    {
      "type": "Feature",
      "properties": {
        "restaurant_id": 77,
        "category": "環保餐廳",
        "name": "Q Burger文山興隆店",
        "phone": "(02)29371568",
        "mobile": "",
        "address": "臺北市文山區興隆路四段112號",
        "district": "文山區",
        "eco_actions": "--",
        "primary_action": "--",
        "action_count": 1
      },
      "geometry": {
        "type": "Point",
        "coordinates": [
          121.56208,
          24.983036
        ]
      }
    },
    {
      "type": "Feature",
      "properties": {
        "restaurant_id": 78,
        "category": "環保餐廳",
        "name": "Q Burger文山興德店",
        "phone": "(02)29343805",
        "mobile": "",
        "address": "臺北市文山區興隆路二段215之2號1樓",
        "district": "文山區",
        "eco_actions": "--",
        "primary_action": "--",
        "action_count": 1
      },
      "geometry": {
        "type": "Point",
        "coordinates": [
          121.550168,
          25.00113
        ]
      }
    },
    {
      "type": "Feature",
      "properties": {
        "restaurant_id": 79,
        "category": "環保餐廳",
        "name": "Q Burger北投大興店",
        "phone": "(02)28941027",
        "mobile": "",
        "address": "臺北市北投區大興街48號",
        "district": "北投區",
        "eco_actions": "環境管理, 綠色採購, 源頭減量, 環境教育",
        "primary_action": "環境管理",
        "action_count": 4
      },
      "geometry": {
        "type": "Point",
        "coordinates": [
          121.499482,
          25.130108
        ]
      }
    },
    {
      "type": "Feature",
      "properties": {
        "restaurant_id": 80,
        "category": "環保餐廳",
        "name": "Q Burger北投中和店",
        "phone": "(02)28915262",
        "mobile": "",
        "address": "臺北市北投區中和街402號",
        "district": "北投區",
        "eco_actions": "--",
        "primary_action": "--",
        "action_count": 1
      },
      "geometry": {
        "type": "Point",
        "coordinates": [
          121.49816,
          25.143567
        ]
      }
    },
    {
      "type": "Feature",
      "properties": {
        "restaurant_id": 81,
        "category": "環保餐廳",
        "name": "Q Burger北投立農店",
        "phone": "(02)28236017",
        "mobile": "",
        "address": "臺北市北投區立農街二段259號1樓",
        "district": "北投區",
        "eco_actions": "環境管理, 綠色採購, 源頭減量, 環境教育",
        "primary_action": "環境管理",
        "action_count": 4
      },
      "geometry": {
        "type": "Point",
        "coordinates": [
          121.514462,
          25.118902
        ]
      }
    },
    {
      "type": "Feature",
      "properties": {
        "restaurant_id": 82,
        "category": "環保餐廳",
        "name": "Q Burger北投知行店",
        "phone": "(02)28585885",
        "mobile": "",
        "address": "臺北市北投區知行路249號",
        "district": "北投區",
        "eco_actions": "環境管理, 綠色採購, 源頭減量, 環境教育",
        "primary_action": "環境管理",
        "action_count": 4
      },
      "geometry": {
        "type": "Point",
        "coordinates": [
          121.467088,
          25.120287
        ]
      }
    },
    {
      "type": "Feature",
      "properties": {
        "restaurant_id": 83,
        "category": "環保餐廳",
        "name": "Q Burger北投致遠店",
        "phone": "(02)28250606",
        "mobile": "",
        "address": "臺北市北投區致遠一路一段95號",
        "district": "北投區",
        "eco_actions": "--",
        "primary_action": "--",
        "action_count": 1
      },
      "geometry": {
        "type": "Point",
        "coordinates": [
          121.515203,
          25.109374
        ]
      }
    },
    {
      "type": "Feature",
      "properties": {
        "restaurant_id": 84,
        "category": "環保餐廳",
        "name": "Q Burger北投實踐店",
        "phone": "(02)28250909",
        "mobile": "",
        "address": "臺北市北投區實踐街61號",
        "district": "北投區",
        "eco_actions": "--",
        "primary_action": "--",
        "action_count": 1
      },
      "geometry": {
        "type": "Point",
        "coordinates": [
          121.509809,
          25.115295
        ]
      }
    },
    {
      "type": "Feature",
      "properties": {
        "restaurant_id": 85,
        "category": "環保餐廳",
        "name": "Q Burger北投懷德店",
        "phone": "(02)28202320",
        "mobile": "",
        "address": "臺北市北投區建民路161-5號1樓",
        "district": "北投區",
        "eco_actions": "--",
        "primary_action": "--",
        "action_count": 1
      },
      "geometry": {
        "type": "Point",
        "coordinates": [
          121.517434,
          25.109265
        ]
      }
    },
    {
      "type": "Feature",
      "properties": {
        "restaurant_id": 86,
        "category": "環保餐廳",
        "name": "Q Burger松山民生店",
        "phone": "(02)25471072",
        "mobile": "",
        "address": "臺北市松山區民生東路四段103號1樓",
        "district": "松山區",
        "eco_actions": "--",
        "primary_action": "--",
        "action_count": 1
      },
      "geometry": {
        "type": "Point",
        "coordinates": [
          121.553891,
          25.056219
        ]
      }
    },
    {
      "type": "Feature",
      "properties": {
        "restaurant_id": 87,
        "category": "環保餐廳",
        "name": "Q Burger松山南京五店",
        "phone": "(02)27565258",
        "mobile": "",
        "address": "臺北市松山區南京東路五段250巷18弄2-1號",
        "district": "松山區",
        "eco_actions": "環境管理, 綠色採購, 源頭減量, 環境教育",
        "primary_action": "環境管理",
        "action_count": 4
      },
      "geometry": {
        "type": "Point",
        "coordinates": [
          121.567448,
          25.0506
        ]
      }
    },
    {
      "type": "Feature",
      "properties": {
        "restaurant_id": 88,
        "category": "環保餐廳",
        "name": "Q Burger松山撫遠店",
        "phone": "(02)27533262",
        "mobile": "",
        "address": "臺北市松山區撫遠街352號",
        "district": "松山區",
        "eco_actions": "--",
        "primary_action": "--",
        "action_count": 1
      },
      "geometry": {
        "type": "Point",
        "coordinates": [
          121.565928,
          25.062742
        ]
      }
    },
    {
      "type": "Feature",
      "properties": {
        "restaurant_id": 89,
        "category": "環保餐廳",
        "name": "Q Burger信義永吉店",
        "phone": "(02)27653337",
        "mobile": "",
        "address": "臺北市信義區永吉路120巷1號1樓",
        "district": "信義區",
        "eco_actions": "--",
        "primary_action": "--",
        "action_count": 1
      },
      "geometry": {
        "type": "Point",
        "coordinates": [
          121.570506,
          25.045405
        ]
      }
    },
    {
      "type": "Feature",
      "properties": {
        "restaurant_id": 90,
        "category": "環保餐廳",
        "name": "Q Burger信義吳興店",
        "phone": "(02)27200965",
        "mobile": "",
        "address": "臺北市信義區吳興街281巷59號",
        "district": "信義區",
        "eco_actions": "--",
        "primary_action": "--",
        "action_count": 1
      },
      "geometry": {
        "type": "Point",
        "coordinates": [
          121.565778,
          25.026564
        ]
      }
    },
    {
      "type": "Feature",
      "properties": {
        "restaurant_id": 91,
        "category": "環保餐廳",
        "name": "Q Burger信義松山店",
        "phone": "(02)27279620",
        "mobile": "",
        "address": "臺北市信義區松山路465巷2號",
        "district": "信義區",
        "eco_actions": "--",
        "primary_action": "--",
        "action_count": 1
      },
      "geometry": {
        "type": "Point",
        "coordinates": [
          121.577694,
          25.039206
        ]
      }
    },
    {
      "type": "Feature",
      "properties": {
        "restaurant_id": 92,
        "category": "環保餐廳",
        "name": "Q Burger信義松仁店",
        "phone": "(02)27208119",
        "mobile": "",
        "address": "臺北市信義區松仁路227號1樓",
        "district": "信義區",
        "eco_actions": "--",
        "primary_action": "--",
        "action_count": 1
      },
      "geometry": {
        "type": "Point",
        "coordinates": [
          121.568691,
          25.02631
        ]
      }
    },
    {
      "type": "Feature",
      "properties": {
        "restaurant_id": 93,
        "category": "環保餐廳",
        "name": "Q Burger信義虎林店",
        "phone": "(02)27279868",
        "mobile": "",
        "address": "臺北市信義區信義路六段106號1樓",
        "district": "信義區",
        "eco_actions": "--",
        "primary_action": "--",
        "action_count": 1
      },
      "geometry": {
        "type": "Point",
        "coordinates": [
          121.575542,
          25.030882
        ]
      }
    },
    {
      "type": "Feature",
      "properties": {
        "restaurant_id": 94,
        "category": "環保餐廳",
        "name": "Q Burger信義信安店",
        "phone": "(02)87321008",
        "mobile": "",
        "address": "臺北市信義區信安街127號",
        "district": "信義區",
        "eco_actions": "--",
        "primary_action": "--",
        "action_count": 1
      },
      "geometry": {
        "type": "Point",
        "coordinates": [
          121.555935,
          25.024214
        ]
      }
    },
    {
      "type": "Feature",
      "properties": {
        "restaurant_id": 95,
        "category": "環保餐廳",
        "name": "Q Burger南港福德店",
        "phone": "(02)26519876",
        "mobile": "",
        "address": "臺北市南港區福德街312號1樓",
        "district": "南港區",
        "eco_actions": "--",
        "primary_action": "--",
        "action_count": 1
      },
      "geometry": {
        "type": "Point",
        "coordinates": [
          121.587647,
          25.039389
        ]
      }
    },
    {
      "type": "Feature",
      "properties": {
        "restaurant_id": 96,
        "category": "環保餐廳",
        "name": "Q Burger萬華青年店",
        "phone": "(02)23070701",
        "mobile": "",
        "address": "臺北市萬華區青年路140號1樓",
        "district": "萬華區",
        "eco_actions": "--",
        "primary_action": "--",
        "action_count": 1
      },
      "geometry": {
        "type": "Point",
        "coordinates": [
          121.502454,
          25.021825
        ]
      }
    },
    {
      "type": "Feature",
      "properties": {
        "restaurant_id": 97,
        "category": "環保餐廳",
        "name": "Q Burger萬華國興店",
        "phone": "(02)23056683",
        "mobile": "",
        "address": "臺北市萬華區國興路98號",
        "district": "萬華區",
        "eco_actions": "--",
        "primary_action": "--",
        "action_count": 1
      },
      "geometry": {
        "type": "Point",
        "coordinates": [
          121.505608,
          25.02721
        ]
      }
    },
    {
      "type": "Feature",
      "properties": {
        "restaurant_id": 98,
        "category": "環保餐廳",
        "name": "Q Burger萬華雙園店",
        "phone": "(02)23087655",
        "mobile": "",
        "address": "臺北市萬華區雙園街15號",
        "district": "萬華區",
        "eco_actions": "--",
        "primary_action": "--",
        "action_count": 1
      },
      "geometry": {
        "type": "Point",
        "coordinates": [
          121.494622,
          25.029977
        ]
      }
    },
    {
      "type": "Feature",
      "properties": {
        "restaurant_id": 99,
        "category": "環保餐廳",
        "name": "Q Burger萬華寶興店",
        "phone": "(02)23010052",
        "mobile": "",
        "address": "臺北市萬華區寶興街149號1樓",
        "district": "萬華區",
        "eco_actions": "--",
        "primary_action": "--",
        "action_count": 1
      },
      "geometry": {
        "type": "Point",
        "coordinates": [
          121.49519,
          25.024406
        ]
      }
    },
    {
      "type": "Feature",
      "properties": {
        "restaurant_id": 100,
        "category": "環保餐廳",
        "name": "SAISON du SOLEIL",
        "phone": "(02)27310258",
        "mobile": "",
        "address": "臺北市大安區敦化南路一段246號B2",
        "district": "大安區",
        "eco_actions": "環境管理, 綠色採購, 源頭減量, 惜食(善用食材), 環境教育",
        "primary_action": "環境管理",
        "action_count": 5
      },
      "geometry": {
        "type": "Point",
        "coordinates": [
          121.548439,
          25.040147
        ]
      }
    },
    {
      "type": "Feature",
      "properties": {
        "restaurant_id": 101,
        "category": "環保餐廳",
        "name": "Sarabeth's",
        "phone": "(02)27526998",
        "mobile": "",
        "address": "臺北市大安區敦化南路一段246號B1",
        "district": "大安區",
        "eco_actions": "環境管理, 綠色採購, 源頭減量, 惜食(善用食材), 環境教育",
        "primary_action": "環境管理",
        "action_count": 5
      },
      "geometry": {
        "type": "Point",
        "coordinates": [
          121.548439,
          25.040147
        ]
      }
    },
    {
      "type": "Feature",
      "properties": {
        "restaurant_id": 102,
        "category": "環保餐廳",
        "name": "Sarabeth's 天母店",
        "phone": "(02)28335669",
        "mobile": "",
        "address": "臺北市士林區中山北路六段77號2樓",
        "district": "士林區",
        "eco_actions": "環境管理, 環境教育",
        "primary_action": "環境管理",
        "action_count": 2
      },
      "geometry": {
        "type": "Point",
        "coordinates": [
          121.524275,
          25.105008
        ]
      }
    },
    {
      "type": "Feature",
      "properties": {
        "restaurant_id": 103,
        "category": "環保餐廳",
        "name": "SKYLARK加州風洋食館-士林中山北店",
        "phone": "(02)28837742",
        "mobile": "",
        "address": "臺北市士林區中山北路5段565號",
        "district": "士林區",
        "eco_actions": "環境管理, 食材及餐點, 源頭減量, 惜食(打包服務), 惜食(善用食材), 環境教育",
        "primary_action": "環境管理",
        "action_count": 6
      },
      "geometry": {
        "type": "Point",
        "coordinates": [
          121.533367,
          25.125206
        ]
      }
    },
    {
      "type": "Feature",
      "properties": {
        "restaurant_id": 104,
        "category": "環保餐廳",
        "name": "SKYLARK加州風洋食館-內湖大潤發2店",
        "phone": "(02)27966280",
        "mobile": "",
        "address": "臺北市內湖區舊宗路188號1樓",
        "district": "內湖區",
        "eco_actions": "環境管理, 食材及餐點, 源頭減量, 惜食(打包服務), 惜食(善用食材), 環境教育",
        "primary_action": "環境管理",
        "action_count": 6
      },
      "geometry": {
        "type": "Point",
        "coordinates": [
          121.575986,
          25.062654
        ]
      }
    },
    {
      "type": "Feature",
      "properties": {
        "restaurant_id": 105,
        "category": "環保餐廳",
        "name": "SKYLARK加州風洋食館-和平公園店",
        "phone": "(02)23756364",
        "mobile": "",
        "address": "臺北市中正區懷寧街90號",
        "district": "中正區",
        "eco_actions": "環境管理, 食材及餐點, 源頭減量, 惜食(打包服務), 惜食(善用食材), 環境教育",
        "primary_action": "環境管理",
        "action_count": 6
      },
      "geometry": {
        "type": "Point",
        "coordinates": [
          121.51398,
          25.042785
        ]
      }
    },
    {
      "type": "Feature",
      "properties": {
        "restaurant_id": 106,
        "category": "環保餐廳",
        "name": "SKYLARK加州風洋食館-東湖康寧店",
        "phone": "(02)26332850",
        "mobile": "",
        "address": "臺北市內湖區康寧路3段72號",
        "district": "內湖區",
        "eco_actions": "環境管理, 食材及餐點, 源頭減量, 惜食(打包服務), 惜食(善用食材), 環境教育",
        "primary_action": "環境管理",
        "action_count": 6
      },
      "geometry": {
        "type": "Point",
        "coordinates": [
          121.608953,
          25.068023
        ]
      }
    },
    {
      "type": "Feature",
      "properties": {
        "restaurant_id": 107,
        "category": "環保餐廳",
        "name": "SKYLARK加州風洋食館-寶慶遠百店",
        "phone": "(02)23754730",
        "mobile": "",
        "address": "臺北市中正區寶慶路32號1樓(遠東百貨1樓)",
        "district": "中正區",
        "eco_actions": "環境管理, 食材及餐點, 源頭減量, 惜食(打包服務), 惜食(善用食材), 環境教育",
        "primary_action": "環境管理",
        "action_count": 6
      },
      "geometry": {
        "type": "Point",
        "coordinates": [
          121.508776,
          25.041856
        ]
      }
    },
    {
      "type": "Feature",
      "properties": {
        "restaurant_id": 108,
        "category": "環保餐廳",
        "name": "Twinkle Twinkle Cafe & Brunch 小星星 早午餐&輕食",
        "phone": "(02)23039889",
        "mobile": "",
        "address": "臺北市萬華區中華路二段416巷84號",
        "district": "萬華區",
        "eco_actions": "環境管理, 綠色採購, 源頭減量, 惜食(善用食材)",
        "primary_action": "環境管理",
        "action_count": 4
      },
      "geometry": {
        "type": "Point",
        "coordinates": [
          121.50337,
          25.026939
        ]
      }
    },
    {
      "type": "Feature",
      "properties": {
        "restaurant_id": 109,
        "category": "環保餐廳",
        "name": "UCC Caf? Mercado (天母SOGO店)",
        "phone": "(02)28350652",
        "mobile": "",
        "address": "臺北市士林區中山北路六段77號B1樓",
        "district": "士林區",
        "eco_actions": "環境管理, 源頭減量, 惜食(善用食材), 環境教育",
        "primary_action": "環境管理",
        "action_count": 4
      },
      "geometry": {
        "type": "Point",
        "coordinates": [
          121.524275,
          25.105008
        ]
      }
    },
    {
      "type": "Feature",
      "properties": {
        "restaurant_id": 110,
        "category": "環保餐廳",
        "name": "UCC Caf? Mercado (忠孝SOGO店)",
        "phone": "(02)27416800",
        "mobile": "",
        "address": "臺北市大安區忠孝東路四段45號B2",
        "district": "大安區",
        "eco_actions": "環境管理, 食材及餐點, 源頭減量, 惜食(打包服務)",
        "primary_action": "環境管理",
        "action_count": 4
      },
      "geometry": {
        "type": "Point",
        "coordinates": [
          121.553038,
          25.039053
        ]
      }
    },
    {
      "type": "Feature",
      "properties": {
        "restaurant_id": 111,
        "category": "環保餐廳",
        "name": "一雙牛肉麵",
        "phone": "(02)23117819",
        "mobile": "",
        "address": "臺北市中正區中山南路8號B1",
        "district": "中正區",
        "eco_actions": "環境管理",
        "primary_action": "環境管理",
        "action_count": 1
      },
      "geometry": {
        "type": "Point",
        "coordinates": [
          121.518748,
          25.044343
        ]
      }
    },
    {
      "type": "Feature",
      "properties": {
        "restaurant_id": 112,
        "category": "環保餐廳",
        "name": "九湯屋日本拉麵(台北南京店)",
        "phone": "(02)25813100",
        "mobile": "",
        "address": "臺北市中山區南京東路一段132巷33號",
        "district": "中山區",
        "eco_actions": "環境管理, 綠色採購, 源頭減量",
        "primary_action": "環境管理",
        "action_count": 3
      },
      "geometry": {
        "type": "Point",
        "coordinates": [
          121.526982,
          25.05059
        ]
      }
    },
    {
      "type": "Feature",
      "properties": {
        "restaurant_id": 113,
        "category": "環保餐廳",
        "name": "二本餐廳",
        "phone": "(02)87737033",
        "mobile": "",
        "address": "臺北市大安區忠孝東路四段101巷27號",
        "district": "大安區",
        "eco_actions": "環境管理, 綠色採購, 惜食(打包服務), 惜食(善用食材)",
        "primary_action": "環境管理",
        "action_count": 4
      },
      "geometry": {
        "type": "Point",
        "coordinates": [
          121.548283,
          25.042867
        ]
      }
    },
    {
      "type": "Feature",
      "properties": {
        "restaurant_id": 114,
        "category": "環保餐廳",
        "name": "十八廚",
        "phone": "(02)27547890",
        "mobile": "",
        "address": "臺北市松山區興安街212號1樓",
        "district": "松山區",
        "eco_actions": "環境管理, 綠色採購, 源頭減量, 環境教育",
        "primary_action": "環境管理",
        "action_count": 4
      },
      "geometry": {
        "type": "Point",
        "coordinates": [
          121.545899,
          25.056027
        ]
      }
    },
    {
      "type": "Feature",
      "properties": {
        "restaurant_id": 115,
        "category": "環保餐廳",
        "name": "十六饗雀-泰式酸辣湯",
        "phone": "(02)33651606",
        "mobile": "",
        "address": "臺北市大安區師大路106號",
        "district": "大安區",
        "eco_actions": "環境管理, 綠色採購, 源頭減量, 惜食(善用食材)",
        "primary_action": "環境管理",
        "action_count": 4
      },
      "geometry": {
        "type": "Point",
        "coordinates": [
          121.546073,
          25.03948
        ]
      }
    },
    {
      "type": "Feature",
      "properties": {
        "restaurant_id": 116,
        "category": "環保餐廳",
        "name": "十里安?手麵 瑞光旗艦店",
        "phone": "(02)87975398",
        "mobile": "",
        "address": "臺北市內湖區瑞光路413號",
        "district": "內湖區",
        "eco_actions": "環境管理",
        "primary_action": "環境管理",
        "action_count": 1
      },
      "geometry": {
        "type": "Point",
        "coordinates": [
          121.571468,
          25.078491
        ]
      }
    },
    {
      "type": "Feature",
      "properties": {
        "restaurant_id": 117,
        "category": "環保餐廳",
        "name": "十勝石燒(北榮美食街)",
        "phone": "",
        "mobile": "919329057",
        "address": "臺北市北投區石牌路二段201號生活廣場",
        "district": "北投區",
        "eco_actions": "環境管理, 綠色採購, 食材及餐點, 源頭減量, 惜食(打包服務), 惜食(善用食材), 環境教育",
        "primary_action": "環境管理",
        "action_count": 7
      },
      "geometry": {
        "type": "Point",
        "coordinates": [
          121.522479,
          25.120637
        ]
      }
    },
    {
      "type": "Feature",
      "properties": {
        "restaurant_id": 118,
        "category": "環保餐廳",
        "name": "三友拉麵(龍江店)",
        "phone": "(02)8772997",
        "mobile": "",
        "address": "臺北市中山區龍江路93號",
        "district": "中山區",
        "eco_actions": "環境管理",
        "primary_action": "環境管理",
        "action_count": 1
      },
      "geometry": {
        "type": "Point",
        "coordinates": [
          121.540959,
          25.065269
        ]
      }
    },
    {
      "type": "Feature",
      "properties": {
        "restaurant_id": 119,
        "category": "環保餐廳",
        "name": "三合院 (忠孝SOGO店)",
        "phone": "(02)27816667",
        "mobile": "",
        "address": "臺北市大安區忠孝東路四段45號11F",
        "district": "大安區",
        "eco_actions": "環境管理, 綠色採購, 食材及餐點, 源頭減量, 惜食(打包服務), 惜食(善用食材), 環境教育",
        "primary_action": "環境管理",
        "action_count": 7
      },
      "geometry": {
        "type": "Point",
        "coordinates": [
          121.553038,
          25.039053
        ]
      }
    },
    {
      "type": "Feature",
      "properties": {
        "restaurant_id": 120,
        "category": "環保餐廳",
        "name": "下港老麵攤(台師大店)",
        "phone": "",
        "mobile": "966676673",
        "address": "臺北市大安區和平東路一段162號",
        "district": "大安區",
        "eco_actions": "環境管理, 綠色採購, 源頭減量, 惜食(善用食材)",
        "primary_action": "環境管理",
        "action_count": 4
      },
      "geometry": {
        "type": "Point",
        "coordinates": [
          121.527571,
          25.026455
        ]
      }
    },
    {
      "type": "Feature",
      "properties": {
        "restaurant_id": 121,
        "category": "環保餐廳",
        "name": "大井屋(微風．三總商店街)",
        "phone": "(02)87923311#10090",
        "mobile": "",
        "address": "臺北市內湖區成功路二段325號B1樓",
        "district": "內湖區",
        "eco_actions": "環境管理",
        "primary_action": "環境管理",
        "action_count": 1
      },
      "geometry": {
        "type": "Point",
        "coordinates": [
          121.591979,
          25.071802
        ]
      }
    },
    {
      "type": "Feature",
      "properties": {
        "restaurant_id": 122,
        "category": "環保餐廳",
        "name": "大心新泰式麵食（天母SOGO店）",
        "phone": "(02)28325366",
        "mobile": "",
        "address": "臺北市士林區中山北路六段77號8樓",
        "district": "士林區",
        "eco_actions": "環境管理, 源頭減量",
        "primary_action": "環境管理",
        "action_count": 2
      },
      "geometry": {
        "type": "Point",
        "coordinates": [
          121.524275,
          25.105008
        ]
      }
    },
    {
      "type": "Feature",
      "properties": {
        "restaurant_id": 123,
        "category": "環保餐廳",
        "name": "大戶屋大安店",
        "phone": "(02)89782668",
        "mobile": "",
        "address": "臺北市大安區復興南路一段323號B1",
        "district": "大安區",
        "eco_actions": "環境管理, 綠色採購, 源頭減量",
        "primary_action": "環境管理",
        "action_count": 3
      },
      "geometry": {
        "type": "Point",
        "coordinates": [
          121.543805,
          25.033761
        ]
      }
    },
    {
      "type": "Feature",
      "properties": {
        "restaurant_id": 124,
        "category": "環保餐廳",
        "name": "大戶屋大葉?島屋店",
        "phone": "(02)28326050",
        "mobile": "",
        "address": "臺北市士林區忠誠路二段55號B1F",
        "district": "士林區",
        "eco_actions": "環境管理, 綠色採購, 源頭減量",
        "primary_action": "環境管理",
        "action_count": 3
      },
      "geometry": {
        "type": "Point",
        "coordinates": [
          121.533498,
          25.110132
        ]
      }
    },
    {
      "type": "Feature",
      "properties": {
        "restaurant_id": 125,
        "category": "環保餐廳",
        "name": "大戶屋台北凱撒店",
        "phone": "(02)23612377",
        "mobile": "",
        "address": "臺北市中正區忠孝西路一段38號B1",
        "district": "中正區",
        "eco_actions": "環境管理, 綠色採購, 源頭減量",
        "primary_action": "環境管理",
        "action_count": 3
      },
      "geometry": {
        "type": "Point",
        "coordinates": [
          121.516418,
          25.046227
        ]
      }
    },
    {
      "type": "Feature",
      "properties": {
        "restaurant_id": 126,
        "category": "環保餐廳",
        "name": "大戶屋民權東路一段店",
        "phone": "(02)25958663",
        "mobile": "",
        "address": "臺北市中山區民權東路一段9號B1",
        "district": "中山區",
        "eco_actions": "環境管理, 綠色採購, 源頭減量",
        "primary_action": "環境管理",
        "action_count": 3
      },
      "geometry": {
        "type": "Point",
        "coordinates": [
          121.523324,
          25.062943
        ]
      }
    },
    {
      "type": "Feature",
      "properties": {
        "restaurant_id": 127,
        "category": "環保餐廳",
        "name": "大戶屋行天宮站店",
        "phone": "(02)25625811",
        "mobile": "",
        "address": "臺北市中山區松江路276號2樓",
        "district": "中山區",
        "eco_actions": "環境管理, 綠色採購, 源頭減量",
        "primary_action": "環境管理",
        "action_count": 3
      },
      "geometry": {
        "type": "Point",
        "coordinates": [
          121.532948,
          25.05981
        ]
      }
    },
    {
      "type": "Feature",
      "properties": {
        "restaurant_id": 128,
        "category": "環保餐廳",
        "name": "大戶屋京站店",
        "phone": "(02)25553255",
        "mobile": "",
        "address": "臺北市大同區承德路一段1號B3",
        "district": "大同區",
        "eco_actions": "環境管理, 綠色採購, 源頭減量",
        "primary_action": "環境管理",
        "action_count": 3
      },
      "geometry": {
        "type": "Point",
        "coordinates": [
          121.517734,
          25.052245
        ]
      }
    },
    {
      "type": "Feature",
      "properties": {
        "restaurant_id": 129,
        "category": "環保餐廳",
        "name": "大戶屋忠孝復興店",
        "phone": "(02)27785077",
        "mobile": "",
        "address": "臺北市大安區忠孝東路四段52號2樓",
        "district": "大安區",
        "eco_actions": "環境管理, 綠色採購, 源頭減量",
        "primary_action": "環境管理",
        "action_count": 3
      },
      "geometry": {
        "type": "Point",
        "coordinates": [
          121.552851,
          25.038874
        ]
      }
    },
    {
      "type": "Feature",
      "properties": {
        "restaurant_id": 130,
        "category": "環保餐廳",
        "name": "大戶屋東湖店",
        "phone": "(02)26338839",
        "mobile": "",
        "address": "臺北市內湖區康寧路三段187號2樓",
        "district": "內湖區",
        "eco_actions": "環境管理, 綠色採購, 源頭減量",
        "primary_action": "環境管理",
        "action_count": 3
      },
      "geometry": {
        "type": "Point",
        "coordinates": [
          121.611959,
          25.06996
        ]
      }
    },
    {
      "type": "Feature",
      "properties": {
        "restaurant_id": 131,
        "category": "環保餐廳",
        "name": "大戶屋松山車站店",
        "phone": "(02)25287775",
        "mobile": "",
        "address": "臺北市信義區松山路11號1樓",
        "district": "信義區",
        "eco_actions": "環境管理, 綠色採購, 源頭減量",
        "primary_action": "環境管理",
        "action_count": 3
      },
      "geometry": {
        "type": "Point",
        "coordinates": [
          121.578764,
          25.036732
        ]
      }
    },
    {
      "type": "Feature",
      "properties": {
        "restaurant_id": 132,
        "category": "環保餐廳",
        "name": "大戶屋南京復興店",
        "phone": "(02)27715337",
        "mobile": "",
        "address": "臺北市松山區南京東路三段258號2樓",
        "district": "松山區",
        "eco_actions": "環境管理, 綠色採購, 源頭減量",
        "primary_action": "環境管理",
        "action_count": 3
      },
      "geometry": {
        "type": "Point",
        "coordinates": [
          121.544826,
          25.05163
        ]
      }
    },
    {
      "type": "Feature",
      "properties": {
        "restaurant_id": 133,
        "category": "環保餐廳",
        "name": "大戶屋南港車站店",
        "phone": "(02)26512778",
        "mobile": "",
        "address": "臺北市南港區忠孝東路7段369號7樓",
        "district": "南港區",
        "eco_actions": "環境管理, 綠色採購, 源頭減量",
        "primary_action": "環境管理",
        "action_count": 3
      },
      "geometry": {
        "type": "Point",
        "coordinates": [
          121.611534,
          25.05317
        ]
      }
    },
    {
      "type": "Feature",
      "properties": {
        "restaurant_id": 134,
        "category": "環保餐廳",
        "name": "大戶屋美麗華店",
        "phone": "(02)85012772",
        "mobile": "",
        "address": "臺北市中山區敬業三路20號B1",
        "district": "中山區",
        "eco_actions": "環境管理, 綠色採購, 源頭減量",
        "primary_action": "環境管理",
        "action_count": 3
      },
      "geometry": {
        "type": "Point",
        "coordinates": [
          121.556709,
          25.082926
        ]
      }
    },
    {
      "type": "Feature",
      "properties": {
        "restaurant_id": 135,
        "category": "環保餐廳",
        "name": "大戶屋統一時代店",
        "phone": "(02)89780886",
        "mobile": "",
        "address": "臺北市信義區忠孝東路五段8號B2",
        "district": "信義區",
        "eco_actions": "環境管理, 綠色採購, 源頭減量",
        "primary_action": "環境管理",
        "action_count": 3
      },
      "geometry": {
        "type": "Point",
        "coordinates": [
          121.565414,
          25.040865
        ]
      }
    },
    {
      "type": "Feature",
      "properties": {
        "restaurant_id": 136,
        "category": "環保餐廳",
        "name": "大戶屋微風台北車站店",
        "phone": "(02)23319337",
        "mobile": "",
        "address": "臺北市中正區北平西路3號2樓(東3門)",
        "district": "中正區",
        "eco_actions": "環境管理, 綠色採購, 源頭減量",
        "primary_action": "環境管理",
        "action_count": 3
      },
      "geometry": {
        "type": "Point",
        "coordinates": [
          121.517055,
          25.047176
        ]
      }
    },
    {
      "type": "Feature",
      "properties": {
        "restaurant_id": 137,
        "category": "環保餐廳",
        "name": "大戶屋微風廣場店",
        "phone": "(02)87720835",
        "mobile": "",
        "address": "臺北市松山區復興南路一段39號GF",
        "district": "松山區",
        "eco_actions": "環境管理, 綠色採購, 源頭減量",
        "primary_action": "環境管理",
        "action_count": 3
      },
      "geometry": {
        "type": "Point",
        "coordinates": [
          121.544123,
          25.04613
        ]
      }
    },
    {
      "type": "Feature",
      "properties": {
        "restaurant_id": 138,
        "category": "環保餐廳",
        "name": "大戶屋新北投店",
        "phone": "(02)28951255",
        "mobile": "",
        "address": "臺北市北投區中心里泉源路12號2樓之1",
        "district": "北投區",
        "eco_actions": "環境管理, 綠色採購, 源頭減量",
        "primary_action": "環境管理",
        "action_count": 3
      },
      "geometry": {
        "type": "Point",
        "coordinates": [
          121.504399,
          25.13711
        ]
      }
    },
    {
      "type": "Feature",
      "properties": {
        "restaurant_id": 139,
        "category": "環保餐廳",
        "name": "大戶屋誠品南西店",
        "phone": "(02)25311808",
        "mobile": "",
        "address": "臺北市中山區南京西路14號B1",
        "district": "中山區",
        "eco_actions": "環境管理, 綠色採購, 源頭減量",
        "primary_action": "環境管理",
        "action_count": 3
      },
      "geometry": {
        "type": "Point",
        "coordinates": [
          121.520661,
          25.052434
        ]
      }
    },
    {
      "type": "Feature",
      "properties": {
        "restaurant_id": 140,
        "category": "環保餐廳",
        "name": "大地酒店-月兒彎彎",
        "phone": "(02)55518888",
        "mobile": "",
        "address": "臺北市北投區奇岩路1號",
        "district": "北投區",
        "eco_actions": "環境管理, 源頭減量, 惜食(善用食材)",
        "primary_action": "環境管理",
        "action_count": 3
      },
      "geometry": {
        "type": "Point",
        "coordinates": [
          121.531618,
          25.095139
        ]
      }
    },
    {
      "type": "Feature",
      "properties": {
        "restaurant_id": 141,
        "category": "環保餐廳",
        "name": "大地酒店-奇岩一號",
        "phone": "(02)55518888",
        "mobile": "",
        "address": "臺北市北投區奇岩路1號",
        "district": "北投區",
        "eco_actions": "環境管理, 源頭減量, 惜食(善用食材)",
        "primary_action": "環境管理",
        "action_count": 3
      },
      "geometry": {
        "type": "Point",
        "coordinates": [
          121.531618,
          25.095139
        ]
      }
    },
    {
      "type": "Feature",
      "properties": {
        "restaurant_id": 142,
        "category": "環保餐廳",
        "name": "大地酒店-喜歡廳",
        "phone": "(02)55518888",
        "mobile": "",
        "address": "臺北市北投區奇岩路一號",
        "district": "北投區",
        "eco_actions": "環境管理, 源頭減量, 惜食(善用食材)",
        "primary_action": "環境管理",
        "action_count": 3
      },
      "geometry": {
        "type": "Point",
        "coordinates": [
          121.507593,
          25.129884
        ]
      }
    },
    {
      "type": "Feature",
      "properties": {
        "restaurant_id": 143,
        "category": "環保餐廳",
        "name": "大根日本料亭",
        "phone": "(02)25817776",
        "mobile": "",
        "address": "臺北市中山區中山北路二段39巷14-1號",
        "district": "中山區",
        "eco_actions": "環境管理, 源頭減量, 惜食(善用食材)",
        "primary_action": "環境管理",
        "action_count": 3
      },
      "geometry": {
        "type": "Point",
        "coordinates": [
          121.525082,
          25.05711
        ]
      }
    },
    {
      "type": "Feature",
      "properties": {
        "restaurant_id": 144,
        "category": "環保餐廳",
        "name": "大衛小小羊",
        "phone": "(02)28619668",
        "mobile": "",
        "address": "臺北市士林區國泰街9號",
        "district": "士林區",
        "eco_actions": "環境管理, 惜食(善用食材)",
        "primary_action": "環境管理",
        "action_count": 2
      },
      "geometry": {
        "type": "Point",
        "coordinates": [
          121.542538,
          25.136656
        ]
      }
    },
    {
      "type": "Feature",
      "properties": {
        "restaurant_id": 145,
        "category": "環保餐廳",
        "name": "小小蔬房",
        "phone": "(02)23111168",
        "mobile": "",
        "address": "臺北市萬華區漢口街二段125號",
        "district": "萬華區",
        "eco_actions": "環境管理, 綠色採購, 環境教育",
        "primary_action": "環境管理",
        "action_count": 3
      },
      "geometry": {
        "type": "Point",
        "coordinates": [
          121.503943,
          25.046448
        ]
      }
    },
    {
      "type": "Feature",
      "properties": {
        "restaurant_id": 146,
        "category": "環保餐廳",
        "name": "小南門(微風台大醫院商場)",
        "phone": "(02)23952298#8120",
        "mobile": "",
        "address": "臺北市中正區中山南路77號B1F",
        "district": "中正區",
        "eco_actions": "環境管理, 環境教育",
        "primary_action": "環境管理",
        "action_count": 2
      },
      "geometry": {
        "type": "Point",
        "coordinates": [
          121.517269,
          25.045429
        ]
      }
    },
    {
      "type": "Feature",
      "properties": {
        "restaurant_id": 147,
        "category": "環保餐廳",
        "name": "小南門/小南門點心世界(北榮美食街)",
        "phone": "(02)28751220",
        "mobile": "",
        "address": "臺北市北投區石牌路二段201號生活廣場",
        "district": "北投區",
        "eco_actions": "環境管理, 綠色採購, 食材及餐點, 源頭減量, 惜食(打包服務), 惜食(善用食材), 環境教育",
        "primary_action": "環境管理",
        "action_count": 7
      },
      "geometry": {
        "type": "Point",
        "coordinates": [
          121.522479,
          25.120637
        ]
      }
    },
    {
      "type": "Feature",
      "properties": {
        "restaurant_id": 148,
        "category": "環保餐廳",
        "name": "小南門傳統豆花(微風．三總商店街)",
        "phone": "(02)87923311#10022",
        "mobile": "",
        "address": "臺北市內湖區成功路二段325號B1樓",
        "district": "內湖區",
        "eco_actions": "環境管理",
        "primary_action": "環境管理",
        "action_count": 1
      },
      "geometry": {
        "type": "Point",
        "coordinates": [
          121.591979,
          25.071802
        ]
      }
    },
    {
      "type": "Feature",
      "properties": {
        "restaurant_id": 149,
        "category": "環保餐廳",
        "name": "小拾聚 餐食館",
        "phone": "(02)27388980",
        "mobile": "",
        "address": "臺北市大安區復興南路二段325號",
        "district": "大安區",
        "eco_actions": "環境管理, 綠色採購, 源頭減量, 惜食(善用食材), 環境教育, 8",
        "primary_action": "環境管理",
        "action_count": 6
      },
      "geometry": {
        "type": "Point",
        "coordinates": [
          121.543566,
          25.023877
        ]
      }
    },
    {
      "type": "Feature",
      "properties": {
        "restaurant_id": 150,
        "category": "環保餐廳",
        "name": "小醉好(信義店)|法式下午茶Day Drink & 小餐酒館",
        "phone": "(02)27566629",
        "mobile": "",
        "address": "臺北市信義區忠孝東路五段61號",
        "district": "信義區",
        "eco_actions": "環境管理, 惜食(善用食材), 環境教育",
        "primary_action": "環境管理",
        "action_count": 3
      },
      "geometry": {
        "type": "Point",
        "coordinates": [
          121.575823,
          25.039945
        ]
      }
    },
    {
      "type": "Feature",
      "properties": {
        "restaurant_id": 151,
        "category": "環保餐廳",
        "name": "山?咖啡",
        "phone": "(02)28939325",
        "mobile": "",
        "address": "臺北市北投區溫泉路110-1號1樓",
        "district": "北投區",
        "eco_actions": "環境管理, 綠色採購, 源頭減量, 惜食(善用食材), 環境教育",
        "primary_action": "環境管理",
        "action_count": 5
      },
      "geometry": {
        "type": "Point",
        "coordinates": [
          121.508905,
          25.136164
        ]
      }
    },
    {
      "type": "Feature",
      "properties": {
        "restaurant_id": 152,
        "category": "環保餐廳",
        "name": "中東人的私房菜",
        "phone": "(02)28330117",
        "mobile": "",
        "address": "臺北市士林區忠義街117-3號1樓",
        "district": "士林區",
        "eco_actions": "環境管理, 綠色採購, 源頭減量, 惜食(善用食材)",
        "primary_action": "環境管理",
        "action_count": 4
      },
      "geometry": {
        "type": "Point",
        "coordinates": [
          121.531796,
          25.10609
        ]
      }
    },
    {
      "type": "Feature",
      "properties": {
        "restaurant_id": 153,
        "category": "環保餐廳",
        "name": "中國人壽總部員工餐廳(自有)",
        "phone": "(02)27196678#1991",
        "mobile": "",
        "address": "臺北市松山區敦化北路135號B2",
        "district": "松山區",
        "eco_actions": "環境管理, 綠色採購, 環境教育, 8",
        "primary_action": "環境管理",
        "action_count": 4
      },
      "geometry": {
        "type": "Point",
        "coordinates": [
          121.549765,
          25.052964
        ]
      }
    },
    {
      "type": "Feature",
      "properties": {
        "restaurant_id": 154,
        "category": "環保餐廳",
        "name": "中國信託內湖行政大樓員工餐廳",
        "phone": "(02)81787777",
        "mobile": "",
        "address": "臺北市內湖區安康路22巷33號4樓",
        "district": "內湖區",
        "eco_actions": "環境管理, 綠色採購",
        "primary_action": "環境管理",
        "action_count": 2
      },
      "geometry": {
        "type": "Point",
        "coordinates": [
          121.59406,
          25.061402
        ]
      }
    },
    {
      "type": "Feature",
      "properties": {
        "restaurant_id": 155,
        "category": "環保餐廳",
        "name": "中國信託金融園區員工餐廳",
        "phone": "(02)33277777#8922",
        "mobile": "",
        "address": "臺北市南港區經貿二路168號4樓",
        "district": "南港區",
        "eco_actions": "環境管理, 綠色採購",
        "primary_action": "環境管理",
        "action_count": 2
      },
      "geometry": {
        "type": "Point",
        "coordinates": [
          121.616179,
          25.058917
        ]
      }
    },
    {
      "type": "Feature",
      "properties": {
        "restaurant_id": 156,
        "category": "環保餐廳",
        "name": "中崙涼麵",
        "phone": "(02)27188177",
        "mobile": "",
        "address": "臺北市松山區八德路三段12巷5弄30號",
        "district": "松山區",
        "eco_actions": "環境管理, 綠色採購, 源頭減量, 惜食(善用食材), 環境教育",
        "primary_action": "環境管理",
        "action_count": 5
      },
      "geometry": {
        "type": "Point",
        "coordinates": [
          121.551536,
          25.047551
        ]
      }
    },
    {
      "type": "Feature",
      "properties": {
        "restaurant_id": 157,
        "category": "環保餐廳",
        "name": "天下奇冰",
        "phone": "(02)25867867",
        "mobile": "",
        "address": "臺北市大同區重慶北路三段232號1樓",
        "district": "大同區",
        "eco_actions": "環境管理",
        "primary_action": "環境管理",
        "action_count": 1
      },
      "geometry": {
        "type": "Point",
        "coordinates": [
          121.513537,
          25.070405
        ]
      }
    },
    {
      "type": "Feature",
      "properties": {
        "restaurant_id": 158,
        "category": "環保餐廳",
        "name": "天下食堂",
        "phone": "(02)27771163",
        "mobile": "",
        "address": "臺北市中山區安東街4之5號",
        "district": "中山區",
        "eco_actions": "環境管理",
        "primary_action": "環境管理",
        "action_count": 1
      },
      "geometry": {
        "type": "Point",
        "coordinates": [
          121.541743,
          25.046411
        ]
      }
    },
    {
      "type": "Feature",
      "properties": {
        "restaurant_id": 159,
        "category": "環保餐廳",
        "name": "日本橋海鮮丼?半Tsujihan( SOGO復興店)",
        "phone": "(02)77553346",
        "mobile": "",
        "address": "臺北市大安區忠孝東路3段300號B2",
        "district": "大安區",
        "eco_actions": "環境管理",
        "primary_action": "環境管理",
        "action_count": 1
      },
      "geometry": {
        "type": "Point",
        "coordinates": [
          121.615696,
          25.053362
        ]
      }
    },
    {
      "type": "Feature",
      "properties": {
        "restaurant_id": 160,
        "category": "環保餐廳",
        "name": "王品餐飲股份有限公禾七台北家樂福桂林店",
        "phone": "(02)77074941",
        "mobile": "",
        "address": "臺北市萬華區桂林路1號4樓",
        "district": "萬華區",
        "eco_actions": "環境管理",
        "primary_action": "環境管理",
        "action_count": 1
      },
      "geometry": {
        "type": "Point",
        "coordinates": [
          121.495751,
          25.038089
        ]
      }
    },
    {
      "type": "Feature",
      "properties": {
        "restaurant_id": 161,
        "category": "環保餐廳",
        "name": "王鍋屋逸仙創始總店",
        "phone": "(02)27588380",
        "mobile": "",
        "address": "臺北市信義區逸仙路50巷20號1樓",
        "district": "信義區",
        "eco_actions": "環境管理",
        "primary_action": "環境管理",
        "action_count": 1
      },
      "geometry": {
        "type": "Point",
        "coordinates": [
          121.562601,
          25.040453
        ]
      }
    },
    {
      "type": "Feature",
      "properties": {
        "restaurant_id": 162,
        "category": "環保餐廳",
        "name": "功夫肉圓(微風台大醫院商場)",
        "phone": "(02)23952298#8148",
        "mobile": "",
        "address": "臺北市中正區中山南路77號B1F",
        "district": "中正區",
        "eco_actions": "環境管理, 環境教育",
        "primary_action": "環境管理",
        "action_count": 2
      },
      "geometry": {
        "type": "Point",
        "coordinates": [
          121.517269,
          25.045429
        ]
      }
    },
    {
      "type": "Feature",
      "properties": {
        "restaurant_id": 163,
        "category": "環保餐廳",
        "name": "包家小鎮(微風台大醫院商場)",
        "phone": "(02)23952298#8142",
        "mobile": "",
        "address": "臺北市中正區中山南路77號B1F",
        "district": "中正區",
        "eco_actions": "環境管理, 環境教育",
        "primary_action": "環境管理",
        "action_count": 2
      },
      "geometry": {
        "type": "Point",
        "coordinates": [
          121.517269,
          25.045429
        ]
      }
    },
    {
      "type": "Feature",
      "properties": {
        "restaurant_id": 164,
        "category": "環保餐廳",
        "name": "古拉爵 義式屋-欣欣百貨店",
        "phone": "(02)25427680",
        "mobile": "",
        "address": "臺北市中山區林森北路247號2樓",
        "district": "中山區",
        "eco_actions": "環境管理, 食材及餐點, 源頭減量, 惜食(打包服務), 惜食(善用食材), 環境教育",
        "primary_action": "環境管理",
        "action_count": 6
      },
      "geometry": {
        "type": "Point",
        "coordinates": [
          121.524827,
          25.049892
        ]
      }
    },
    {
      "type": "Feature",
      "properties": {
        "restaurant_id": 165,
        "category": "環保餐廳",
        "name": "古拉爵 義式屋-南港中信店",
        "phone": "(02)27892688",
        "mobile": "",
        "address": "臺北市南港區經貿二路166號2樓(中信總部A棟)",
        "district": "南港區",
        "eco_actions": "環境管理, 食材及餐點, 源頭減量, 惜食(打包服務), 惜食(善用食材), 環境教育",
        "primary_action": "環境管理",
        "action_count": 6
      },
      "geometry": {
        "type": "Point",
        "coordinates": [
          121.616125,
          25.058395
        ]
      }
    },
    {
      "type": "Feature",
      "properties": {
        "restaurant_id": 166,
        "category": "環保餐廳",
        "name": "台北花園大酒店-花園thai thai",
        "phone": "(02)23121000",
        "mobile": "",
        "address": "臺北市中正區中華路二段1號",
        "district": "中正區",
        "eco_actions": "環境管理, 綠色採購, 源頭減量, 惜食(善用食材)",
        "primary_action": "環境管理",
        "action_count": 4
      },
      "geometry": {
        "type": "Point",
        "coordinates": [
          121.511618,
          25.025236
        ]
      }
    },
    {
      "type": "Feature",
      "properties": {
        "restaurant_id": 167,
        "category": "環保餐廳",
        "name": "永和樓中華料理店",
        "phone": "(02)23772077",
        "mobile": "",
        "address": "臺北市大安區和平東路二段118巷52弄3號",
        "district": "大安區",
        "eco_actions": "環境管理, 環境教育",
        "primary_action": "環境管理",
        "action_count": 2
      },
      "geometry": {
        "type": "Point",
        "coordinates": [
          121.542641,
          25.022392
        ]
      }
    },
    {
      "type": "Feature",
      "properties": {
        "restaurant_id": 168,
        "category": "環保餐廳",
        "name": "玉山銀行(第二總部大樓)員工餐廳",
        "phone": "(02)21751313#8181",
        "mobile": "",
        "address": "臺北市松山區敦化北路315號",
        "district": "松山區",
        "eco_actions": "環境管理, 綠色採購, 源頭減量, 環境教育",
        "primary_action": "環境管理",
        "action_count": 4
      },
      "geometry": {
        "type": "Point",
        "coordinates": [
          121.550416,
          25.059305
        ]
      }
    },
    {
      "type": "Feature",
      "properties": {
        "restaurant_id": 169,
        "category": "環保餐廳",
        "name": "玉山銀行員工餐廳",
        "phone": "(02)21751313#8139",
        "mobile": "",
        "address": "臺北市松山區民生東路三段117號",
        "district": "松山區",
        "eco_actions": "環境管理, 綠色採購",
        "primary_action": "環境管理",
        "action_count": 2
      },
      "geometry": {
        "type": "Point",
        "coordinates": [
          121.546582,
          25.057978
        ]
      }
    },
    {
      "type": "Feature",
      "properties": {
        "restaurant_id": 170,
        "category": "環保餐廳",
        "name": "甘物家 x 甘物日飲(桂林家樂福店)",
        "phone": "(02)23816607",
        "mobile": "",
        "address": "臺北市萬華區萬華區桂林路1號",
        "district": "萬華區",
        "eco_actions": "環境管理, 綠色採購",
        "primary_action": "環境管理",
        "action_count": 2
      },
      "geometry": {
        "type": "Point",
        "coordinates": [
          121.495751,
          25.038089
        ]
      }
    },
    {
      "type": "Feature",
      "properties": {
        "restaurant_id": 171,
        "category": "環保餐廳",
        "name": "甲大鴻港式燒臘(北榮美食街)",
        "phone": "",
        "mobile": "976698108",
        "address": "臺北市北投區石牌路二段201號生活廣場",
        "district": "北投區",
        "eco_actions": "環境管理, 綠色採購, 食材及餐點, 源頭減量, 惜食(打包服務), 惜食(善用食材), 環境教育",
        "primary_action": "環境管理",
        "action_count": 7
      },
      "geometry": {
        "type": "Point",
        "coordinates": [
          121.522479,
          25.120637
        ]
      }
    },
    {
      "type": "Feature",
      "properties": {
        "restaurant_id": 172,
        "category": "環保餐廳",
        "name": "立馬吃一鍋。有機水產火鍋專賣",
        "phone": "(02)27417668",
        "mobile": "",
        "address": "臺北市大安區仁愛路四段27巷9號B1",
        "district": "大安區",
        "eco_actions": "環境管理, 惜食(善用食材), 環境教育",
        "primary_action": "環境管理",
        "action_count": 3
      },
      "geometry": {
        "type": "Point",
        "coordinates": [
          121.545313,
          25.039602
        ]
      }
    },
    {
      "type": "Feature",
      "properties": {
        "restaurant_id": 173,
        "category": "環保餐廳",
        "name": "丼賞和食??物vs刺身丼丼專門店",
        "phone": "(02)25175526",
        "mobile": "",
        "address": "臺北市中山區南京東路二段140號B1",
        "district": "中山區",
        "eco_actions": "環境管理, 惜食(善用食材), 環境教育",
        "primary_action": "環境管理",
        "action_count": 3
      },
      "geometry": {
        "type": "Point",
        "coordinates": [
          121.533854,
          25.051829
        ]
      }
    },
    {
      "type": "Feature",
      "properties": {
        "restaurant_id": 174,
        "category": "環保餐廳",
        "name": "伊勢路勝勢日式豬排(復興 SOGO店)",
        "phone": "(02)87729822",
        "mobile": "",
        "address": "臺北市大安區忠孝東路三段300號10樓",
        "district": "大安區",
        "eco_actions": "環境管理, 綠色採購, 源頭減量, 惜食(善用食材), 環境教育",
        "primary_action": "環境管理",
        "action_count": 5
      },
      "geometry": {
        "type": "Point",
        "coordinates": [
          121.543054,
          25.041212
        ]
      }
    },
    {
      "type": "Feature",
      "properties": {
        "restaurant_id": 175,
        "category": "環保餐廳",
        "name": "再見 麵",
        "phone": "(02)87730086",
        "mobile": "",
        "address": "臺北市大安區忠孝東路三段205之1號",
        "district": "大安區",
        "eco_actions": "環境管理",
        "primary_action": "環境管理",
        "action_count": 1
      },
      "geometry": {
        "type": "Point",
        "coordinates": [
          121.539224,
          25.041873
        ]
      }
    },
    {
      "type": "Feature",
      "properties": {
        "restaurant_id": 176,
        "category": "環保餐廳",
        "name": "吉 天婦羅 (忠孝SOGO店)",
        "phone": "(02)27312518",
        "mobile": "",
        "address": "臺北市大安區忠孝東路四段45號11F",
        "district": "大安區",
        "eco_actions": "環境管理, 綠色採購, 食材及餐點, 源頭減量, 惜食(打包服務), 惜食(善用食材), 環境教育",
        "primary_action": "環境管理",
        "action_count": 7
      },
      "geometry": {
        "type": "Point",
        "coordinates": [
          121.553038,
          25.039053
        ]
      }
    },
    {
      "type": "Feature",
      "properties": {
        "restaurant_id": 177,
        "category": "環保餐廳",
        "name": "向樂達工房(Caf? Chat Leopard 豹紋喵喵)",
        "phone": "(02)26256499",
        "mobile": "",
        "address": "臺北市大同區蘭州街蘭州街14號1樓",
        "district": "大同區",
        "eco_actions": "環境管理, 綠色採購, 食材及餐點, 源頭減量, 惜食(打包服務), 環境教育",
        "primary_action": "環境管理",
        "action_count": 6
      },
      "geometry": {
        "type": "Point",
        "coordinates": [
          121.514225,
          25.062021
        ]
      }
    },
    {
      "type": "Feature",
      "properties": {
        "restaurant_id": 178,
        "category": "環保餐廳",
        "name": "在她家",
        "phone": "",
        "mobile": "922800097",
        "address": "臺北市大同區貴德街47－2號",
        "district": "大同區",
        "eco_actions": "環境管理, 綠色採購, 食材及餐點, 源頭減量, 惜食(打包服務), 惜食(善用食材), 環境教育",
        "primary_action": "環境管理",
        "action_count": 7
      },
      "geometry": {
        "type": "Point",
        "coordinates": [
          121.508347,
          25.054795
        ]
      }
    },
    {
      "type": "Feature",
      "properties": {
        "restaurant_id": 179,
        "category": "環保餐廳",
        "name": "好好吃大餛飩(微風．三總商店街)",
        "phone": "(02)87923311#1#10898",
        "mobile": "",
        "address": "臺北市內湖區成功路二段325號B1樓",
        "district": "內湖區",
        "eco_actions": "環境管理",
        "primary_action": "環境管理",
        "action_count": 1
      },
      "geometry": {
        "type": "Point",
        "coordinates": [
          121.591979,
          25.071802
        ]
      }
    },
    {
      "type": "Feature",
      "properties": {
        "restaurant_id": 180,
        "category": "環保餐廳",
        "name": "好好吃大餛飩(微風台大醫院商場)",
        "phone": "(02)23952298#8#8121",
        "mobile": "",
        "address": "臺北市中正區中山南路77號B1F",
        "district": "中正區",
        "eco_actions": "環境管理, 環境教育",
        "primary_action": "環境管理",
        "action_count": 2
      },
      "geometry": {
        "type": "Point",
        "coordinates": [
          121.517269,
          25.045429
        ]
      }
    },
    {
      "type": "Feature",
      "properties": {
        "restaurant_id": 181,
        "category": "環保餐廳",
        "name": "安永鮮食(北榮美食街)",
        "phone": "",
        "mobile": "989716832",
        "address": "臺北市北投區石牌路二段201號生活廣場",
        "district": "北投區",
        "eco_actions": "環境管理, 綠色採購, 食材及餐點, 源頭減量, 惜食(打包服務), 惜食(善用食材), 環境教育",
        "primary_action": "環境管理",
        "action_count": 7
      },
      "geometry": {
        "type": "Point",
        "coordinates": [
          121.522479,
          25.120637
        ]
      }
    },
    {
      "type": "Feature",
      "properties": {
        "restaurant_id": 182,
        "category": "環保餐廳",
        "name": "安永鮮食(微風台大醫院商場)",
        "phone": "(02)23952298#8#8122",
        "mobile": "",
        "address": "臺北市中正區中山南路77號B1F",
        "district": "中正區",
        "eco_actions": "環境管理, 環境教育",
        "primary_action": "環境管理",
        "action_count": 2
      },
      "geometry": {
        "type": "Point",
        "coordinates": [
          121.517269,
          25.045429
        ]
      }
    },
    {
      "type": "Feature",
      "properties": {
        "restaurant_id": 183,
        "category": "環保餐廳",
        "name": "成家小館",
        "phone": "(02)29374611",
        "mobile": "",
        "address": "臺北市文山區木新路三段154號",
        "district": "文山區",
        "eco_actions": "綠色採購, 惜食(善用食材), 環境教育",
        "primary_action": "綠色採購",
        "action_count": 3
      },
      "geometry": {
        "type": "Point",
        "coordinates": [
          121.561279,
          24.981937
        ]
      }
    },
    {
      "type": "Feature",
      "properties": {
        "restaurant_id": 184,
        "category": "環保餐廳",
        "name": "成家小館(天母店)",
        "phone": "(02)28366668",
        "mobile": "",
        "address": "臺北市士林區忠義街84號",
        "district": "士林區",
        "eco_actions": "環境管理",
        "primary_action": "環境管理",
        "action_count": 1
      },
      "geometry": {
        "type": "Point",
        "coordinates": [
          121.531858,
          25.106263
        ]
      }
    },
    {
      "type": "Feature",
      "properties": {
        "restaurant_id": 185,
        "category": "環保餐廳",
        "name": "成真咖啡（天母SOGO店）",
        "phone": "(02)28368881",
        "mobile": "",
        "address": "臺北市士林區士林區中山北路六段77號1樓",
        "district": "士林區",
        "eco_actions": "環境管理, 綠色採購, 惜食(善用食材)",
        "primary_action": "環境管理",
        "action_count": 3
      },
      "geometry": {
        "type": "Point",
        "coordinates": [
          121.524275,
          25.105008
        ]
      }
    },
    {
      "type": "Feature",
      "properties": {
        "restaurant_id": 186,
        "category": "環保餐廳",
        "name": "成真咖啡台北sogo復興店",
        "phone": "(02)87723722",
        "mobile": "",
        "address": "臺北市大安區忠孝東路三段300號9樓",
        "district": "大安區",
        "eco_actions": "環境管理, 綠色採購, 源頭減量",
        "primary_action": "環境管理",
        "action_count": 3
      },
      "geometry": {
        "type": "Point",
        "coordinates": [
          121.543054,
          25.041212
        ]
      }
    },
    {
      "type": "Feature",
      "properties": {
        "restaurant_id": 187,
        "category": "環保餐廳",
        "name": "有之和牛台北忠孝",
        "phone": "(02)87851117",
        "mobile": "",
        "address": "臺北市信義區忠孝東路五段497號1樓",
        "district": "信義區",
        "eco_actions": "環境管理, 惜食(善用食材)",
        "primary_action": "環境管理",
        "action_count": 2
      },
      "geometry": {
        "type": "Point",
        "coordinates": [
          121.57842,
          25.041331
        ]
      }
    },
    {
      "type": "Feature",
      "properties": {
        "restaurant_id": 188,
        "category": "環保餐廳",
        "name": "有點辣正宗麻辣串串鍋",
        "phone": "(02)23111085",
        "mobile": "",
        "address": "臺北市萬華區西寧南路285號1樓",
        "district": "萬華區",
        "eco_actions": "環境管理",
        "primary_action": "環境管理",
        "action_count": 1
      },
      "geometry": {
        "type": "Point",
        "coordinates": [
          121.506365,
          25.038858
        ]
      }
    },
    {
      "type": "Feature",
      "properties": {
        "restaurant_id": 189,
        "category": "環保餐廳",
        "name": "朱記餡餅粥(天母SOGO店)",
        "phone": "(02)28353619",
        "mobile": "",
        "address": "臺北市士林區中山北路6段77號8樓",
        "district": "士林區",
        "eco_actions": "環境管理, 源頭減量, 惜食(善用食材)",
        "primary_action": "環境管理",
        "action_count": 3
      },
      "geometry": {
        "type": "Point",
        "coordinates": [
          121.529384,
          25.090193
        ]
      }
    },
    {
      "type": "Feature",
      "properties": {
        "restaurant_id": 190,
        "category": "環保餐廳",
        "name": "朱記餡餅粥(微風台大醫院商場)",
        "phone": "(02)23952298#8#8114",
        "mobile": "",
        "address": "臺北市中正區中山南路77號B1F",
        "district": "中正區",
        "eco_actions": "環境管理, 環境教育",
        "primary_action": "環境管理",
        "action_count": 2
      },
      "geometry": {
        "type": "Point",
        "coordinates": [
          121.517269,
          25.045429
        ]
      }
    },
    {
      "type": "Feature",
      "properties": {
        "restaurant_id": 191,
        "category": "環保餐廳",
        "name": "朱記餡餅粥店",
        "phone": "(02)26510264",
        "mobile": "",
        "address": "臺北市南港區忠孝東路七段371號B1",
        "district": "南港區",
        "eco_actions": "環境管理, 綠色採購, 源頭減量, 惜食(善用食材), 環境教育",
        "primary_action": "環境管理",
        "action_count": 5
      },
      "geometry": {
        "type": "Point",
        "coordinates": [
          121.607496,
          25.052571
        ]
      }
    },
    {
      "type": "Feature",
      "properties": {
        "restaurant_id": 192,
        "category": "環保餐廳",
        "name": "老乾杯 信義店",
        "phone": "(02)27253311",
        "mobile": "",
        "address": "臺北市信義區松壽路9號8樓",
        "district": "信義區",
        "eco_actions": "環境管理, 源頭減量",
        "primary_action": "環境管理",
        "action_count": 2
      },
      "geometry": {
        "type": "Point",
        "coordinates": [
          121.56666,
          25.036082
        ]
      }
    },
    {
      "type": "Feature",
      "properties": {
        "restaurant_id": 193,
        "category": "環保餐廳",
        "name": "老乾杯 慶城店",
        "phone": "(02)27139000",
        "mobile": "",
        "address": "臺北市松山區慶城街29號1樓",
        "district": "松山區",
        "eco_actions": "環境管理, 源頭減量",
        "primary_action": "環境管理",
        "action_count": 2
      },
      "geometry": {
        "type": "Point",
        "coordinates": [
          121.545602,
          25.054005
        ]
      }
    },
    {
      "type": "Feature",
      "properties": {
        "restaurant_id": 194,
        "category": "環保餐廳",
        "name": "老乾杯(復興SOGO店)",
        "phone": "(02)27316555",
        "mobile": "",
        "address": "臺北市大安區忠孝東路三段300號11樓",
        "district": "大安區",
        "eco_actions": "環境管理, 源頭減量, 惜食(善用食材)",
        "primary_action": "環境管理",
        "action_count": 3
      },
      "geometry": {
        "type": "Point",
        "coordinates": [
          121.543054,
          25.041212
        ]
      }
    },
    {
      "type": "Feature",
      "properties": {
        "restaurant_id": 195,
        "category": "環保餐廳",
        "name": "老乾杯大直忠泰店",
        "phone": "(02)85025551",
        "mobile": "",
        "address": "臺北市中山區樂群三路200號5樓",
        "district": "中山區",
        "eco_actions": "環境管理, 源頭減量",
        "primary_action": "環境管理",
        "action_count": 2
      },
      "geometry": {
        "type": "Point",
        "coordinates": [
          121.55696,
          25.082542
        ]
      }
    },
    {
      "type": "Feature",
      "properties": {
        "restaurant_id": 196,
        "category": "環保餐廳",
        "name": "老乾杯南西店",
        "phone": "(02)25215255",
        "mobile": "",
        "address": "臺北市中山區南京西路12號號7樓",
        "district": "中山區",
        "eco_actions": "環境管理, 源頭減量",
        "primary_action": "環境管理",
        "action_count": 2
      },
      "geometry": {
        "type": "Point",
        "coordinates": [
          121.521418,
          25.051211
        ]
      }
    },
    {
      "type": "Feature",
      "properties": {
        "restaurant_id": 197,
        "category": "環保餐廳",
        "name": "老莫派咖哩",
        "phone": "(02)66039032",
        "mobile": "",
        "address": "臺北市信義區忠孝東路四段553巷2弄7號",
        "district": "信義區",
        "eco_actions": "環境管理, 綠色採購, 源頭減量, 惜食(善用食材)",
        "primary_action": "環境管理",
        "action_count": 4
      },
      "geometry": {
        "type": "Point",
        "coordinates": [
          121.56362,
          25.041919
        ]
      }
    },
    {
      "type": "Feature",
      "properties": {
        "restaurant_id": 198,
        "category": "環保餐廳",
        "name": "老舅的家鄉味",
        "phone": "(02)27181122",
        "mobile": "",
        "address": "臺北市松山區復興北路307號",
        "district": "松山區",
        "eco_actions": "環境管理",
        "primary_action": "環境管理",
        "action_count": 1
      },
      "geometry": {
        "type": "Point",
        "coordinates": [
          121.544401,
          25.058584
        ]
      }
    },
    {
      "type": "Feature",
      "properties": {
        "restaurant_id": 199,
        "category": "環保餐廳",
        "name": "老董(微風．三總商店街)",
        "phone": "(02)87923311#1#10019",
        "mobile": "",
        "address": "臺北市內湖區成功路二段325號B1樓",
        "district": "內湖區",
        "eco_actions": "環境管理",
        "primary_action": "環境管理",
        "action_count": 1
      },
      "geometry": {
        "type": "Point",
        "coordinates": [
          121.591979,
          25.071802
        ]
      }
    },
    {
      "type": "Feature",
      "properties": {
        "restaurant_id": 200,
        "category": "環保餐廳",
        "name": "老董牛肉麵(微風台大醫院商場)",
        "phone": "(02)23952298#8#8125",
        "mobile": "",
        "address": "臺北市中正區中山南路77號B1F",
        "district": "中正區",
        "eco_actions": "環境管理, 環境教育",
        "primary_action": "環境管理",
        "action_count": 2
      },
      "geometry": {
        "type": "Point",
        "coordinates": [
          121.517269,
          25.045429
        ]
      }
    },
    {
      "type": "Feature",
      "properties": {
        "restaurant_id": 201,
        "category": "環保餐廳",
        "name": "西雅圖極品咖啡(北榮美食街)",
        "phone": "(02)28760276",
        "mobile": "",
        "address": "臺北市北投區石牌路二段201號生活廣場",
        "district": "北投區",
        "eco_actions": "環境管理, 綠色採購, 食材及餐點, 源頭減量, 惜食(打包服務), 惜食(善用食材), 環境教育",
        "primary_action": "環境管理",
        "action_count": 7
      },
      "geometry": {
        "type": "Point",
        "coordinates": [
          121.522479,
          25.120637
        ]
      }
    },
    {
      "type": "Feature",
      "properties": {
        "restaurant_id": 202,
        "category": "環保餐廳",
        "name": "西雅圖極品咖啡(微風．三總商店街)",
        "phone": "(02)87923311#1#10011",
        "mobile": "",
        "address": "臺北市內湖區成功路二段325號B1樓",
        "district": "內湖區",
        "eco_actions": "環境管理",
        "primary_action": "環境管理",
        "action_count": 1
      },
      "geometry": {
        "type": "Point",
        "coordinates": [
          121.591979,
          25.071802
        ]
      }
    },
    {
      "type": "Feature",
      "properties": {
        "restaurant_id": 203,
        "category": "環保餐廳",
        "name": "吾家可歸朝食販賣部",
        "phone": "(02)27599075",
        "mobile": "",
        "address": "臺北市信義區大道路42巷21號",
        "district": "信義區",
        "eco_actions": "環境管理, 綠色採購, 源頭減量",
        "primary_action": "環境管理",
        "action_count": 3
      },
      "geometry": {
        "type": "Point",
        "coordinates": [
          121.581021,
          25.041247
        ]
      }
    },
    {
      "type": "Feature",
      "properties": {
        "restaurant_id": 204,
        "category": "環保餐廳",
        "name": "李記中式餐廳(微風．三總商店街)",
        "phone": "(02)87923311#1#10020",
        "mobile": "",
        "address": "臺北市內湖區成功路二段325號B1樓",
        "district": "內湖區",
        "eco_actions": "環境管理",
        "primary_action": "環境管理",
        "action_count": 1
      },
      "geometry": {
        "type": "Point",
        "coordinates": [
          121.591979,
          25.071802
        ]
      }
    },
    {
      "type": "Feature",
      "properties": {
        "restaurant_id": 205,
        "category": "環保餐廳",
        "name": "李記港式燒臘",
        "phone": "(02)82872296",
        "mobile": "",
        "address": "臺北市中正區中山南路8號B1",
        "district": "中正區",
        "eco_actions": "環境管理",
        "primary_action": "環境管理",
        "action_count": 1
      },
      "geometry": {
        "type": "Point",
        "coordinates": [
          121.518748,
          25.044343
        ]
      }
    },
    {
      "type": "Feature",
      "properties": {
        "restaurant_id": 206,
        "category": "環保餐廳",
        "name": "沙渡垂陽碳烤(錦州店)",
        "phone": "",
        "mobile": "903763566",
        "address": "臺北市中山區錦州街241巷1弄20號",
        "district": "中山區",
        "eco_actions": "環境管理, 綠色採購, 源頭減量",
        "primary_action": "環境管理",
        "action_count": 3
      },
      "geometry": {
        "type": "Point",
        "coordinates": [
          121.534689,
          25.060642
        ]
      }
    },
    {
      "type": "Feature",
      "properties": {
        "restaurant_id": 207,
        "category": "環保餐廳",
        "name": "芋品苑．先森吃麵",
        "phone": "(02)87333373",
        "mobile": "",
        "address": "臺北市信義區吳興街26號一樓",
        "district": "信義區",
        "eco_actions": "環境管理, 源頭減量, 惜食(善用食材), 環境教育, 8",
        "primary_action": "環境管理",
        "action_count": 5
      },
      "geometry": {
        "type": "Point",
        "coordinates": [
          121.56582,
          25.024671
        ]
      }
    },
    {
      "type": "Feature",
      "properties": {
        "restaurant_id": 208,
        "category": "環保餐廳",
        "name": "谷炭燒肉(市民店)",
        "phone": "(02)27119500",
        "mobile": "",
        "address": "臺北市大安區市民大道四段12之2號",
        "district": "大安區",
        "eco_actions": "環境管理, 綠色採購, 源頭減量",
        "primary_action": "環境管理",
        "action_count": 3
      },
      "geometry": {
        "type": "Point",
        "coordinates": [
          121.544421,
          25.044647
        ]
      }
    },
    {
      "type": "Feature",
      "properties": {
        "restaurant_id": 209,
        "category": "環保餐廳",
        "name": "味?屋",
        "phone": "(02)28283230",
        "mobile": "",
        "address": "臺北市北投區實踐街67號",
        "district": "北投區",
        "eco_actions": "源頭減量, 惜食(善用食材), 環境教育",
        "primary_action": "源頭減量",
        "action_count": 3
      },
      "geometry": {
        "type": "Point",
        "coordinates": [
          121.510032,
          25.115302
        ]
      }
    },
    {
      "type": "Feature",
      "properties": {
        "restaurant_id": 210,
        "category": "環保餐廳",
        "name": "咖食堂",
        "phone": "(02)23965252",
        "mobile": "",
        "address": "臺北市中正區八德路1段82巷9弄13號",
        "district": "中正區",
        "eco_actions": "環境管理, 綠色採購, 環境教育",
        "primary_action": "環境管理",
        "action_count": 3
      },
      "geometry": {
        "type": "Point",
        "coordinates": [
          121.529221,
          25.044319
        ]
      }
    },
    {
      "type": "Feature",
      "properties": {
        "restaurant_id": 211,
        "category": "環保餐廳",
        "name": "咖啡弄(士林店)",
        "phone": "(02)28883322",
        "mobile": "",
        "address": "臺北市士林區中正路253號2樓",
        "district": "士林區",
        "eco_actions": "環境管理",
        "primary_action": "環境管理",
        "action_count": 1
      },
      "geometry": {
        "type": "Point",
        "coordinates": [
          121.525013,
          25.094959
        ]
      }
    },
    {
      "type": "Feature",
      "properties": {
        "restaurant_id": 212,
        "category": "環保餐廳",
        "name": "咖啡弄(站前店)",
        "phone": "(02)23883000",
        "mobile": "",
        "address": "臺北市中正區館前路18號2樓",
        "district": "中正區",
        "eco_actions": "環境管理",
        "primary_action": "環境管理",
        "action_count": 1
      },
      "geometry": {
        "type": "Point",
        "coordinates": [
          121.514891,
          25.045403
        ]
      }
    },
    {
      "type": "Feature",
      "properties": {
        "restaurant_id": 213,
        "category": "環保餐廳",
        "name": "咖啡弄(敦化店)",
        "phone": "(02)27111910",
        "mobile": "",
        "address": "臺北市大安區敦化南路一段187巷42號2樓",
        "district": "大安區",
        "eco_actions": "環境管理",
        "primary_action": "環境管理",
        "action_count": 1
      },
      "geometry": {
        "type": "Point",
        "coordinates": [
          121.55153,
          25.042392
        ]
      }
    },
    {
      "type": "Feature",
      "properties": {
        "restaurant_id": 214,
        "category": "環保餐廳",
        "name": "呷米蔬食 / 素食餐廳 Rice revolution vegetarian restaurant",
        "phone": "(02)23319662",
        "mobile": "",
        "address": "臺北市中正區衡陽路9號",
        "district": "中正區",
        "eco_actions": "環境管理, 綠色採購, 食材及餐點, 源頭減量, 惜食(打包服務), 惜食(善用食材), 環境教育",
        "primary_action": "環境管理",
        "action_count": 7
      },
      "geometry": {
        "type": "Point",
        "coordinates": [
          121.513694,
          25.042415
        ]
      }
    },
    {
      "type": "Feature",
      "properties": {
        "restaurant_id": 215,
        "category": "環保餐廳",
        "name": "幸福時光廚房",
        "phone": "(02)23930255",
        "mobile": "",
        "address": "臺北市中正區濟南路一段321號",
        "district": "中正區",
        "eco_actions": "環境管理, 綠色採購, 源頭減量, 惜食(善用食材), 環境教育",
        "primary_action": "環境管理",
        "action_count": 5
      },
      "geometry": {
        "type": "Point",
        "coordinates": [
          121.525529,
          25.041947
        ]
      }
    },
    {
      "type": "Feature",
      "properties": {
        "restaurant_id": 216,
        "category": "環保餐廳",
        "name": "幸福道小籠包(微風台大醫院商場)",
        "phone": "(02)23952298#8#8127",
        "mobile": "",
        "address": "臺北市中正區中山南路77號B1F",
        "district": "中正區",
        "eco_actions": "環境管理, 環境教育",
        "primary_action": "環境管理",
        "action_count": 2
      },
      "geometry": {
        "type": "Point",
        "coordinates": [
          121.517269,
          25.045429
        ]
      }
    },
    {
      "type": "Feature",
      "properties": {
        "restaurant_id": 217,
        "category": "環保餐廳",
        "name": "府宴餐廳",
        "phone": "(02)27588950",
        "mobile": "",
        "address": "臺北市信義區市府路1號B1",
        "district": "信義區",
        "eco_actions": "環境管理",
        "primary_action": "環境管理",
        "action_count": 1
      },
      "geometry": {
        "type": "Point",
        "coordinates": [
          121.563781,
          25.037524
        ]
      }
    },
    {
      "type": "Feature",
      "properties": {
        "restaurant_id": 218,
        "category": "環保餐廳",
        "name": "怡來養生食舖(微風．三總商店街)",
        "phone": "(02)87923311#1#10648",
        "mobile": "",
        "address": "臺北市內湖區成功路二段325號B1樓",
        "district": "內湖區",
        "eco_actions": "環境管理",
        "primary_action": "環境管理",
        "action_count": 1
      },
      "geometry": {
        "type": "Point",
        "coordinates": [
          121.591979,
          25.071802
        ]
      }
    },
    {
      "type": "Feature",
      "properties": {
        "restaurant_id": 219,
        "category": "環保餐廳",
        "name": "房間餐酒 The Room Bistro",
        "phone": "(02)27731665",
        "mobile": "",
        "address": "臺北市大安區敦化南路一段160巷56號",
        "district": "大安區",
        "eco_actions": "環境管理, 源頭減量",
        "primary_action": "環境管理",
        "action_count": 2
      },
      "geometry": {
        "type": "Point",
        "coordinates": [
          121.546731,
          25.043493
        ]
      }
    },
    {
      "type": "Feature",
      "properties": {
        "restaurant_id": 220,
        "category": "環保餐廳",
        "name": "明德素食園(北榮美食街)",
        "phone": "(02)28739465",
        "mobile": "",
        "address": "臺北市北投區石牌路二段201號生活廣場",
        "district": "北投區",
        "eco_actions": "環境管理, 綠色採購, 食材及餐點, 源頭減量, 惜食(打包服務), 惜食(善用食材), 環境教育",
        "primary_action": "環境管理",
        "action_count": 7
      },
      "geometry": {
        "type": "Point",
        "coordinates": [
          121.522479,
          25.120637
        ]
      }
    },
    {
      "type": "Feature",
      "properties": {
        "restaurant_id": 221,
        "category": "環保餐廳",
        "name": "明德素食園(微風．三總商店街)",
        "phone": "(02)87923311#1#10024",
        "mobile": "",
        "address": "臺北市內湖區成功路二段325號B1樓",
        "district": "內湖區",
        "eco_actions": "環境管理",
        "primary_action": "環境管理",
        "action_count": 1
      },
      "geometry": {
        "type": "Point",
        "coordinates": [
          121.591979,
          25.071802
        ]
      }
    },
    {
      "type": "Feature",
      "properties": {
        "restaurant_id": 222,
        "category": "環保餐廳",
        "name": "明德素食園(微風台大醫院商場)",
        "phone": "(02)23952298#8#8117",
        "mobile": "",
        "address": "臺北市中正區中山南路77號B1F",
        "district": "中正區",
        "eco_actions": "環境管理, 環境教育",
        "primary_action": "環境管理",
        "action_count": 2
      },
      "geometry": {
        "type": "Point",
        "coordinates": [
          121.517269,
          25.045429
        ]
      }
    },
    {
      "type": "Feature",
      "properties": {
        "restaurant_id": 223,
        "category": "環保餐廳",
        "name": "杭州小籠湯包-民生店",
        "phone": "(02)66130666",
        "mobile": "",
        "address": "臺北市松山區民生東路三段118號",
        "district": "松山區",
        "eco_actions": "環境管理, 綠色採購, 惜食(善用食材), 環境教育",
        "primary_action": "環境管理",
        "action_count": 4
      },
      "geometry": {
        "type": "Point",
        "coordinates": [
          121.545324,
          25.057379
        ]
      }
    },
    {
      "type": "Feature",
      "properties": {
        "restaurant_id": 224,
        "category": "環保餐廳",
        "name": "東方饌黔天下(迪化)",
        "phone": "(02)25577872",
        "mobile": "",
        "address": "臺北市大同區迪化街一段358-2號",
        "district": "大同區",
        "eco_actions": "環境管理",
        "primary_action": "環境管理",
        "action_count": 1
      },
      "geometry": {
        "type": "Point",
        "coordinates": [
          121.509607,
          25.058528
        ]
      }
    },
    {
      "type": "Feature",
      "properties": {
        "restaurant_id": 225,
        "category": "環保餐廳",
        "name": "欣豐自助餐(微風台大醫院商場)",
        "phone": "(02)23952298#8#8144",
        "mobile": "",
        "address": "臺北市中正區中山南路77號B1F",
        "district": "中正區",
        "eco_actions": "環境管理, 環境教育",
        "primary_action": "環境管理",
        "action_count": 2
      },
      "geometry": {
        "type": "Point",
        "coordinates": [
          121.517269,
          25.045429
        ]
      }
    },
    {
      "type": "Feature",
      "properties": {
        "restaurant_id": 226,
        "category": "環保餐廳",
        "name": "爭鮮迴轉壽司",
        "phone": "(02)23812806",
        "mobile": "",
        "address": "臺北市萬華區桂林路1號1樓",
        "district": "萬華區",
        "eco_actions": "環境管理",
        "primary_action": "環境管理",
        "action_count": 1
      },
      "geometry": {
        "type": "Point",
        "coordinates": [
          121.495751,
          25.038089
        ]
      }
    },
    {
      "type": "Feature",
      "properties": {
        "restaurant_id": 227,
        "category": "環保餐廳",
        "name": "芽米早午餐(木柵店)",
        "phone": "(02)29393166",
        "mobile": "",
        "address": "臺北市文山區秀明路二段16號",
        "district": "文山區",
        "eco_actions": "環境管理, 綠色採購, 環境教育",
        "primary_action": "環境管理",
        "action_count": 3
      },
      "geometry": {
        "type": "Point",
        "coordinates": [
          121.575707,
          24.98962
        ]
      }
    },
    {
      "type": "Feature",
      "properties": {
        "restaurant_id": 228,
        "category": "環保餐廳",
        "name": "花蓮扁食(微風．三總商店街)",
        "phone": "(02)87923311#1#10607",
        "mobile": "",
        "address": "臺北市內湖區成功路二段325號B1樓",
        "district": "內湖區",
        "eco_actions": "環境管理",
        "primary_action": "環境管理",
        "action_count": 1
      },
      "geometry": {
        "type": "Point",
        "coordinates": [
          121.591979,
          25.071802
        ]
      }
    },
    {
      "type": "Feature",
      "properties": {
        "restaurant_id": 229,
        "category": "環保餐廳",
        "name": "花蓮扁食(微風台大醫院商場)",
        "phone": "(02)23952298#8#8119",
        "mobile": "",
        "address": "臺北市中正區中山南路77號B1F",
        "district": "中正區",
        "eco_actions": "環境管理, 環境教育",
        "primary_action": "環境管理",
        "action_count": 2
      },
      "geometry": {
        "type": "Point",
        "coordinates": [
          121.517269,
          25.045429
        ]
      }
    },
    {
      "type": "Feature",
      "properties": {
        "restaurant_id": 230,
        "category": "環保餐廳",
        "name": "初點良食 Dim sum shop",
        "phone": "",
        "mobile": "989436972",
        "address": "臺北市中山區龍江路394巷2號",
        "district": "中山區",
        "eco_actions": "環境管理, 綠色採購, 源頭減量, 惜食(善用食材)",
        "primary_action": "環境管理",
        "action_count": 4
      },
      "geometry": {
        "type": "Point",
        "coordinates": [
          121.541061,
          25.067047
        ]
      }
    },
    {
      "type": "Feature",
      "properties": {
        "restaurant_id": 231,
        "category": "環保餐廳",
        "name": "金色三麥 UMAMI微風南山店",
        "phone": "(02)27291229",
        "mobile": "",
        "address": "臺北市信義區松智路17號7樓",
        "district": "信義區",
        "eco_actions": "環境管理, 綠色採購, 源頭減量",
        "primary_action": "環境管理",
        "action_count": 3
      },
      "geometry": {
        "type": "Point",
        "coordinates": [
          121.565775,
          25.034435
        ]
      }
    },
    {
      "type": "Feature",
      "properties": {
        "restaurant_id": 232,
        "category": "環保餐廳",
        "name": "金色三麥 台北京站店",
        "phone": "(02)77370909",
        "mobile": "",
        "address": "臺北市大同區承德路1段1號4樓",
        "district": "大同區",
        "eco_actions": "環境管理, 綠色採購, 源頭減量",
        "primary_action": "環境管理",
        "action_count": 3
      },
      "geometry": {
        "type": "Point",
        "coordinates": [
          121.517734,
          25.052245
        ]
      }
    },
    {
      "type": "Feature",
      "properties": {
        "restaurant_id": 233,
        "category": "環保餐廳",
        "name": "金色三麥 台北美麗華店",
        "phone": "(02)21753739",
        "mobile": "",
        "address": "臺北市中山區敬業3路20號5樓",
        "district": "中山區",
        "eco_actions": "環境管理, 綠色採購, 源頭減量",
        "primary_action": "環境管理",
        "action_count": 3
      },
      "geometry": {
        "type": "Point",
        "coordinates": [
          121.557123,
          25.079109
        ]
      }
    },
    {
      "type": "Feature",
      "properties": {
        "restaurant_id": 234,
        "category": "環保餐廳",
        "name": "金色三麥 信義誠品店",
        "phone": "(02)87895911",
        "mobile": "",
        "address": "臺北市信義區松高路11號B1",
        "district": "信義區",
        "eco_actions": "環境管理, 綠色採購, 源頭減量",
        "primary_action": "環境管理",
        "action_count": 3
      },
      "geometry": {
        "type": "Point",
        "coordinates": [
          121.56524,
          25.039516
        ]
      }
    },
    {
      "type": "Feature",
      "properties": {
        "restaurant_id": 235,
        "category": "環保餐廳",
        "name": "金色三麥南港CITYLINK店",
        "phone": "(02)27827000",
        "mobile": "",
        "address": "臺北市南港區忠孝東路七段299號C棟1樓",
        "district": "南港區",
        "eco_actions": "環境管理, 綠色採購, 源頭減量",
        "primary_action": "環境管理",
        "action_count": 3
      },
      "geometry": {
        "type": "Point",
        "coordinates": [
          121.604793,
          25.052364
        ]
      }
    },
    {
      "type": "Feature",
      "properties": {
        "restaurant_id": 236,
        "category": "環保餐廳",
        "name": "金春發牛肉店(昆陽店)",
        "phone": "(02)26538189",
        "mobile": "",
        "address": "臺北市南港區忠孝東路六段372號",
        "district": "南港區",
        "eco_actions": "環境管理, 綠色採購",
        "primary_action": "環境管理",
        "action_count": 2
      },
      "geometry": {
        "type": "Point",
        "coordinates": [
          121.591734,
          25.049738
        ]
      }
    },
    {
      "type": "Feature",
      "properties": {
        "restaurant_id": 237,
        "category": "環保餐廳",
        "name": "金春發牛肉店(復北店)",
        "phone": "(02)25026806",
        "mobile": "",
        "address": "臺北市中山區復興北路202號",
        "district": "中山區",
        "eco_actions": "環境管理, 綠色採購",
        "primary_action": "環境管理",
        "action_count": 2
      },
      "geometry": {
        "type": "Point",
        "coordinates": [
          121.543803,
          25.055617
        ]
      }
    },
    {
      "type": "Feature",
      "properties": {
        "restaurant_id": 238,
        "category": "環保餐廳",
        "name": "金澤美味壽司 (忠孝SOGO店)",
        "phone": "(02)87717770",
        "mobile": "",
        "address": "臺北市大安區忠孝東路四段45號11F",
        "district": "大安區",
        "eco_actions": "環境管理, 綠色採購, 食材及餐點, 源頭減量, 惜食(善用食材), 環境教育",
        "primary_action": "環境管理",
        "action_count": 6
      },
      "geometry": {
        "type": "Point",
        "coordinates": [
          121.553038,
          25.039053
        ]
      }
    },
    {
      "type": "Feature",
      "properties": {
        "restaurant_id": 239,
        "category": "環保餐廳",
        "name": "阿瑪迪斯咖啡館",
        "phone": "(02)87728679",
        "mobile": "",
        "address": "臺北市大安區忠孝東路三段300號10樓",
        "district": "大安區",
        "eco_actions": "環境管理, 源頭減量, 惜食(善用食材)",
        "primary_action": "環境管理",
        "action_count": 3
      },
      "geometry": {
        "type": "Point",
        "coordinates": [
          121.543054,
          25.041212
        ]
      }
    },
    {
      "type": "Feature",
      "properties": {
        "restaurant_id": 240,
        "category": "環保餐廳",
        "name": "青青食尚花園會館",
        "phone": "(02)28411996#3#309",
        "mobile": "",
        "address": "臺北市士林區至善路二段266巷32號",
        "district": "士林區",
        "eco_actions": "環境管理, 綠色採購, 源頭減量, 惜食(善用食材), 環境教育, 8",
        "primary_action": "環境管理",
        "action_count": 6
      },
      "geometry": {
        "type": "Point",
        "coordinates": [
          121.55078,
          25.098134
        ]
      }
    },
    {
      "type": "Feature",
      "properties": {
        "restaurant_id": 241,
        "category": "環保餐廳",
        "name": "非常泰（天母sogo 店）",
        "phone": "(02)28310188",
        "mobile": "",
        "address": "臺北市士林區中山北路六段77號8樓",
        "district": "士林區",
        "eco_actions": "環境管理, 源頭減量",
        "primary_action": "環境管理",
        "action_count": 2
      },
      "geometry": {
        "type": "Point",
        "coordinates": [
          121.524275,
          25.105008
        ]
      }
    },
    {
      "type": "Feature",
      "properties": {
        "restaurant_id": 242,
        "category": "環保餐廳",
        "name": "侯黑鍋物 酸菜小火鍋 Ho Hey Hot Pot",
        "phone": "(02)25677889",
        "mobile": "",
        "address": "臺北市中山區四平街19號",
        "district": "中山區",
        "eco_actions": "環境管理, 綠色採購",
        "primary_action": "環境管理",
        "action_count": 2
      },
      "geometry": {
        "type": "Point",
        "coordinates": [
          121.531066,
          25.053726
        ]
      }
    },
    {
      "type": "Feature",
      "properties": {
        "restaurant_id": 243,
        "category": "環保餐廳",
        "name": "恬園餐廳",
        "phone": "(02)77122323#2#2110",
        "mobile": "",
        "address": "臺北市大安區新生南路三段30號",
        "district": "大安區",
        "eco_actions": "環境管理, 綠色採購, 源頭減量, 惜食(善用食材), 環境教育",
        "primary_action": "環境管理",
        "action_count": 5
      },
      "geometry": {
        "type": "Point",
        "coordinates": [
          121.534293,
          25.023168
        ]
      }
    },
    {
      "type": "Feature",
      "properties": {
        "restaurant_id": 244,
        "category": "環保餐廳",
        "name": "星巴克",
        "phone": "(02)23616931",
        "mobile": "",
        "address": "臺北市萬華區桂林路1號",
        "district": "萬華區",
        "eco_actions": "環境管理",
        "primary_action": "環境管理",
        "action_count": 1
      },
      "geometry": {
        "type": "Point",
        "coordinates": [
          121.495751,
          25.038089
        ]
      }
    },
    {
      "type": "Feature",
      "properties": {
        "restaurant_id": 245,
        "category": "環保餐廳",
        "name": "星辰牛排",
        "phone": "(02)27217512",
        "mobile": "",
        "address": "臺北市大安區光復南路180巷16號",
        "district": "大安區",
        "eco_actions": "環境管理, 綠色採購, 源頭減量, 惜食(善用食材)",
        "primary_action": "環境管理",
        "action_count": 4
      },
      "geometry": {
        "type": "Point",
        "coordinates": [
          121.556894,
          25.042509
        ]
      }
    },
    {
      "type": "Feature",
      "properties": {
        "restaurant_id": 246,
        "category": "環保餐廳",
        "name": "洪祖師擔仔麵(北榮美食街)",
        "phone": "",
        "mobile": "920283013",
        "address": "臺北市北投區石牌路二段201號生活廣場",
        "district": "北投區",
        "eco_actions": "環境管理, 綠色採購, 食材及餐點, 源頭減量, 惜食(打包服務), 惜食(善用食材), 環境教育",
        "primary_action": "環境管理",
        "action_count": 7
      },
      "geometry": {
        "type": "Point",
        "coordinates": [
          121.522479,
          25.120637
        ]
      }
    },
    {
      "type": "Feature",
      "properties": {
        "restaurant_id": 247,
        "category": "環保餐廳",
        "name": "洗心壽司割烹",
        "phone": "",
        "mobile": "981295295",
        "address": "臺北市大安區敦化南路一段295巷9號",
        "district": "大安區",
        "eco_actions": "惜食(善用食材)",
        "primary_action": "惜食(善用食材)",
        "action_count": 1
      },
      "geometry": {
        "type": "Point",
        "coordinates": [
          121.549889,
          25.035584
        ]
      }
    },
    {
      "type": "Feature",
      "properties": {
        "restaurant_id": 248,
        "category": "環保餐廳",
        "name": "炸雞大獅",
        "phone": "(02)23813607",
        "mobile": "",
        "address": "臺北市萬華區桂林路1號",
        "district": "萬華區",
        "eco_actions": "環境管理",
        "primary_action": "環境管理",
        "action_count": 1
      },
      "geometry": {
        "type": "Point",
        "coordinates": [
          121.495751,
          25.038089
        ]
      }
    },
    {
      "type": "Feature",
      "properties": {
        "restaurant_id": 249,
        "category": "環保餐廳",
        "name": "珍珠?子喫茶屋",
        "phone": "(02)27973972",
        "mobile": "",
        "address": "臺北市內湖區內湖路二段103巷38號",
        "district": "內湖區",
        "eco_actions": "環境管理, 綠色採購, 惜食(善用食材), 環境教育",
        "primary_action": "環境管理",
        "action_count": 4
      },
      "geometry": {
        "type": "Point",
        "coordinates": [
          121.581037,
          25.081782
        ]
      }
    },
    {
      "type": "Feature",
      "properties": {
        "restaurant_id": 250,
        "category": "環保餐廳",
        "name": "皇家哥本哈根咖啡輕食複合店 (忠孝SOGO店)",
        "phone": "(02)27113362",
        "mobile": "",
        "address": "臺北市大安區忠孝東路四段45號4F",
        "district": "大安區",
        "eco_actions": "環境管理, 綠色採購, 食材及餐點, 源頭減量, 惜食(打包服務), 惜食(善用食材), 環境教育",
        "primary_action": "環境管理",
        "action_count": 7
      },
      "geometry": {
        "type": "Point",
        "coordinates": [
          121.553038,
          25.039053
        ]
      }
    },
    {
      "type": "Feature",
      "properties": {
        "restaurant_id": 251,
        "category": "環保餐廳",
        "name": "皇家傳承(北榮美食街)",
        "phone": "(02)28747328",
        "mobile": "",
        "address": "臺北市北投區石牌路二段201號生活廣場",
        "district": "北投區",
        "eco_actions": "環境管理, 食材及餐點, 源頭減量, 惜食(打包服務), 惜食(善用食材), 環境教育",
        "primary_action": "環境管理",
        "action_count": 6
      },
      "geometry": {
        "type": "Point",
        "coordinates": [
          121.522479,
          25.120637
        ]
      }
    },
    {
      "type": "Feature",
      "properties": {
        "restaurant_id": 252,
        "category": "環保餐廳",
        "name": "紅瓦厝懷舊風味餐坊",
        "phone": "(02)28767407",
        "mobile": "",
        "address": "臺北市士林區天母東路8巷67號",
        "district": "士林區",
        "eco_actions": "--",
        "primary_action": "--",
        "action_count": 1
      },
      "geometry": {
        "type": "Point",
        "coordinates": [
          121.530963,
          25.11535
        ]
      }
    },
    {
      "type": "Feature",
      "properties": {
        "restaurant_id": 253,
        "category": "環保餐廳",
        "name": "紅豆食府",
        "phone": "(02)87715511",
        "mobile": "",
        "address": "臺北市大安區敦化南路一段246號B2",
        "district": "大安區",
        "eco_actions": "環境管理, 綠色採購, 源頭減量, 惜食(善用食材), 環境教育",
        "primary_action": "環境管理",
        "action_count": 5
      },
      "geometry": {
        "type": "Point",
        "coordinates": [
          121.548439,
          25.040147
        ]
      }
    },
    {
      "type": "Feature",
      "properties": {
        "restaurant_id": 254,
        "category": "環保餐廳",
        "name": "紅豆食府(天母SOGO店)",
        "phone": "(02)28332208",
        "mobile": "",
        "address": "臺北市士林區中山北路六段77號8F",
        "district": "士林區",
        "eco_actions": "環境管理, 綠色採購, 源頭減量, 惜食(善用食材), 環境教育",
        "primary_action": "環境管理",
        "action_count": 5
      },
      "geometry": {
        "type": "Point",
        "coordinates": [
          121.524275,
          25.105008
        ]
      }
    },
    {
      "type": "Feature",
      "properties": {
        "restaurant_id": 255,
        "category": "環保餐廳",
        "name": "紅豆食府(北榮美食街)",
        "phone": "(02)28713068",
        "mobile": "",
        "address": "臺北市北投區石牌路二段201號生活廣場",
        "district": "北投區",
        "eco_actions": "環境管理, 綠色採購, 食材及餐點, 源頭減量, 惜食(打包服務), 惜食(善用食材), 環境教育",
        "primary_action": "環境管理",
        "action_count": 7
      },
      "geometry": {
        "type": "Point",
        "coordinates": [
          121.522479,
          25.120637
        ]
      }
    },
    {
      "type": "Feature",
      "properties": {
        "restaurant_id": 256,
        "category": "環保餐廳",
        "name": "紅花鐵板燒(復興SOGO店)",
        "phone": "(02)27316555",
        "mobile": "",
        "address": "臺北市大安區忠孝東路三段300號10樓",
        "district": "大安區",
        "eco_actions": "--",
        "primary_action": "--",
        "action_count": 1
      },
      "geometry": {
        "type": "Point",
        "coordinates": [
          121.543054,
          25.041212
        ]
      }
    },
    {
      "type": "Feature",
      "properties": {
        "restaurant_id": 257,
        "category": "環保餐廳",
        "name": "美術系壽司(台北大安店)",
        "phone": "(02)27017989",
        "mobile": "",
        "address": "臺北市大安區仁愛路四段300巷9弄4號",
        "district": "大安區",
        "eco_actions": "環境管理, 綠色採購",
        "primary_action": "環境管理",
        "action_count": 2
      },
      "geometry": {
        "type": "Point",
        "coordinates": [
          121.55489,
          25.0359
        ]
      }
    },
    {
      "type": "Feature",
      "properties": {
        "restaurant_id": 258,
        "category": "環保餐廳",
        "name": "美華閣湯包麵食館",
        "phone": "(02)28977288",
        "mobile": "",
        "address": "臺北市北投區大興街58號",
        "district": "北投區",
        "eco_actions": "環境管理",
        "primary_action": "環境管理",
        "action_count": 1
      },
      "geometry": {
        "type": "Point",
        "coordinates": [
          121.50045,
          25.130398
        ]
      }
    },
    {
      "type": "Feature",
      "properties": {
        "restaurant_id": 259,
        "category": "環保餐廳",
        "name": "美樂家速食坊",
        "phone": "(02)23111298",
        "mobile": "",
        "address": "臺北市中正區常德街1號B1",
        "district": "中正區",
        "eco_actions": "環境管理, 惜食(善用食材), 環境教育",
        "primary_action": "環境管理",
        "action_count": 3
      },
      "geometry": {
        "type": "Point",
        "coordinates": [
          121.517168,
          25.0414
        ]
      }
    },
    {
      "type": "Feature",
      "properties": {
        "restaurant_id": 260,
        "category": "環保餐廳",
        "name": "風尚咖啡廳",
        "phone": "(02)88122323#2#2021",
        "mobile": "",
        "address": "臺北市大安區新生南路3段30號B1",
        "district": "大安區",
        "eco_actions": "環境管理, 綠色採購, 源頭減量, 惜食(善用食材), 環境教育",
        "primary_action": "環境管理",
        "action_count": 5
      },
      "geometry": {
        "type": "Point",
        "coordinates": [
          121.534075,
          25.024603
        ]
      }
    },
    {
      "type": "Feature",
      "properties": {
        "restaurant_id": 261,
        "category": "環保餐廳",
        "name": "食光/此拾此客",
        "phone": "(02)23147302",
        "mobile": "",
        "address": "臺北市萬華區昆明街214號",
        "district": "萬華區",
        "eco_actions": "環境管理",
        "primary_action": "環境管理",
        "action_count": 1
      },
      "geometry": {
        "type": "Point",
        "coordinates": [
          121.504299,
          25.040688
        ]
      }
    },
    {
      "type": "Feature",
      "properties": {
        "restaurant_id": 262,
        "category": "環保餐廳",
        "name": "宮保王食品有限公司",
        "phone": "(02)26519947",
        "mobile": "",
        "address": "臺北市南港區南港路三段149巷49弄12號",
        "district": "南港區",
        "eco_actions": "環境管理, 惜食(善用食材), 環境教育",
        "primary_action": "環境管理",
        "action_count": 3
      },
      "geometry": {
        "type": "Point",
        "coordinates": [
          121.585288,
          25.052175
        ]
      }
    },
    {
      "type": "Feature",
      "properties": {
        "restaurant_id": 263,
        "category": "環保餐廳",
        "name": "島津和牛咖哩 (民生店)",
        "phone": "(02)27171007",
        "mobile": "",
        "address": "臺北市松山區民生東路四段97巷1弄2號",
        "district": "松山區",
        "eco_actions": "環境管理",
        "primary_action": "環境管理",
        "action_count": 1
      },
      "geometry": {
        "type": "Point",
        "coordinates": [
          121.551969,
          25.058426
        ]
      }
    },
    {
      "type": "Feature",
      "properties": {
        "restaurant_id": 264,
        "category": "環保餐廳",
        "name": "徐州路2號庭園會館",
        "phone": "(02)23928888",
        "mobile": "",
        "address": "臺北市中正區徐州路2號",
        "district": "中正區",
        "eco_actions": "環境管理, 源頭減量, 惜食(善用食材)",
        "primary_action": "環境管理",
        "action_count": 3
      },
      "geometry": {
        "type": "Point",
        "coordinates": [
          121.519684,
          25.041438
        ]
      }
    },
    {
      "type": "Feature",
      "properties": {
        "restaurant_id": 265,
        "category": "環保餐廳",
        "name": "捌伍添第",
        "phone": "(02)81010085",
        "mobile": "",
        "address": "臺北市信義區信義路五段7號85號樓B側",
        "district": "信義區",
        "eco_actions": "環境管理, 綠色採購, 源頭減量",
        "primary_action": "環境管理",
        "action_count": 3
      },
      "geometry": {
        "type": "Point",
        "coordinates": [
          121.564697,
          25.03347
        ]
      }
    },
    {
      "type": "Feature",
      "properties": {
        "restaurant_id": 266,
        "category": "環保餐廳",
        "name": "書屋花甲(台大店)",
        "phone": "(02)23680824",
        "mobile": "",
        "address": "臺北市大安區羅斯福路三段283巷20號1樓",
        "district": "大安區",
        "eco_actions": "環境管理, 綠色採購, 源頭減量, 惜食(善用食材), 環境教育",
        "primary_action": "環境管理",
        "action_count": 5
      },
      "geometry": {
        "type": "Point",
        "coordinates": [
          121.532824,
          25.018108
        ]
      }
    },
    {
      "type": "Feature",
      "properties": {
        "restaurant_id": 267,
        "category": "環保餐廳",
        "name": "泰迪農園咖哩",
        "phone": "(02)87726099",
        "mobile": "",
        "address": "臺北市大安區忠孝東路三段300號7樓",
        "district": "大安區",
        "eco_actions": "環境管理, 綠色採購, 源頭減量, 惜食(善用食材), 環境教育",
        "primary_action": "環境管理",
        "action_count": 5
      },
      "geometry": {
        "type": "Point",
        "coordinates": [
          121.543054,
          25.041212
        ]
      }
    },
    {
      "type": "Feature",
      "properties": {
        "restaurant_id": 268,
        "category": "環保餐廳",
        "name": "海底撈",
        "phone": "(02)23146868",
        "mobile": "",
        "address": "臺北市萬華區桂林路1號4樓",
        "district": "萬華區",
        "eco_actions": "環境管理",
        "primary_action": "環境管理",
        "action_count": 1
      },
      "geometry": {
        "type": "Point",
        "coordinates": [
          121.495751,
          25.038089
        ]
      }
    },
    {
      "type": "Feature",
      "properties": {
        "restaurant_id": 269,
        "category": "環保餐廳",
        "name": "海底撈火鍋",
        "phone": "(02)87801855",
        "mobile": "",
        "address": "臺北市信義區松智路17號2B",
        "district": "信義區",
        "eco_actions": "環境管理, 惜食(善用食材)",
        "primary_action": "環境管理",
        "action_count": 2
      },
      "geometry": {
        "type": "Point",
        "coordinates": [
          121.565775,
          25.034435
        ]
      }
    },
    {
      "type": "Feature",
      "properties": {
        "restaurant_id": 270,
        "category": "環保餐廳",
        "name": "烤肉工廠",
        "phone": "(02)87717345",
        "mobile": "",
        "address": "臺北市大安區忠孝東路四段216巷27弄2號",
        "district": "大安區",
        "eco_actions": "源頭減量, 惜食(善用食材), 環境教育",
        "primary_action": "源頭減量",
        "action_count": 3
      },
      "geometry": {
        "type": "Point",
        "coordinates": [
          121.553037,
          25.039876
        ]
      }
    },
    {
      "type": "Feature",
      "properties": {
        "restaurant_id": 271,
        "category": "環保餐廳",
        "name": "真飽餐盒",
        "phone": "(02)27720506",
        "mobile": "",
        "address": "臺北市大安區延吉街70巷6弄3號",
        "district": "大安區",
        "eco_actions": "環境管理",
        "primary_action": "環境管理",
        "action_count": 1
      },
      "geometry": {
        "type": "Point",
        "coordinates": [
          121.553524,
          25.042728
        ]
      }
    },
    {
      "type": "Feature",
      "properties": {
        "restaurant_id": 272,
        "category": "環保餐廳",
        "name": "神樂家（忠孝SOGO店）",
        "phone": "(02)89785666",
        "mobile": "",
        "address": "臺北市大安區忠孝東路四段45號11樓",
        "district": "大安區",
        "eco_actions": "環境管理, 綠色採購, 源頭減量, 環境教育",
        "primary_action": "環境管理",
        "action_count": 4
      },
      "geometry": {
        "type": "Point",
        "coordinates": [
          121.553038,
          25.039053
        ]
      }
    },
    {
      "type": "Feature",
      "properties": {
        "restaurant_id": 273,
        "category": "環保餐廳",
        "name": "秘徑小食光",
        "phone": "(02)33651995",
        "mobile": "",
        "address": "臺北市大安區羅斯福路三段283巷3號",
        "district": "大安區",
        "eco_actions": "環境管理, 源頭減量",
        "primary_action": "環境管理",
        "action_count": 2
      },
      "geometry": {
        "type": "Point",
        "coordinates": [
          121.531522,
          25.020214
        ]
      }
    },
    {
      "type": "Feature",
      "properties": {
        "restaurant_id": 274,
        "category": "環保餐廳",
        "name": "財團法人福祿文化基金會北投文物館",
        "phone": "(02)28912318#1#111",
        "mobile": "",
        "address": "臺北市北投區幽雅路32號",
        "district": "北投區",
        "eco_actions": "環境管理, 綠色採購, 源頭減量, 惜食(善用食材)",
        "primary_action": "環境管理",
        "action_count": 4
      },
      "geometry": {
        "type": "Point",
        "coordinates": [
          121.516714,
          25.138448
        ]
      }
    },
    {
      "type": "Feature",
      "properties": {
        "restaurant_id": 275,
        "category": "環保餐廳",
        "name": "鬥牛士(長安店)",
        "phone": "(02)27406660",
        "mobile": "",
        "address": "臺北市中山區長安東路二段169之12號2樓",
        "district": "中山區",
        "eco_actions": "環境管理",
        "primary_action": "環境管理",
        "action_count": 1
      },
      "geometry": {
        "type": "Point",
        "coordinates": [
          121.540968,
          25.048417
        ]
      }
    },
    {
      "type": "Feature",
      "properties": {
        "restaurant_id": 276,
        "category": "環保餐廳",
        "name": "乾杯列車台北總站",
        "phone": "(02)23618000",
        "mobile": "",
        "address": "臺北市中正區北平西路3號2樓",
        "district": "中正區",
        "eco_actions": "環境管理, 源頭減量",
        "primary_action": "環境管理",
        "action_count": 2
      },
      "geometry": {
        "type": "Point",
        "coordinates": [
          121.517055,
          25.047176
        ]
      }
    },
    {
      "type": "Feature",
      "properties": {
        "restaurant_id": 277,
        "category": "環保餐廳",
        "name": "乾杯燒肉居酒屋 中山店",
        "phone": "(02)25556110",
        "mobile": "",
        "address": "臺北市大同區南京西路25巷2-1號",
        "district": "大同區",
        "eco_actions": "環境管理, 源頭減量",
        "primary_action": "環境管理",
        "action_count": 2
      },
      "geometry": {
        "type": "Point",
        "coordinates": [
          121.513438,
          25.054777
        ]
      }
    },
    {
      "type": "Feature",
      "properties": {
        "restaurant_id": 278,
        "category": "環保餐廳",
        "name": "乾杯燒肉居酒屋 本店",
        "phone": "(02)87731150",
        "mobile": "",
        "address": "臺北市大安區敦化南路一段236巷17號",
        "district": "大安區",
        "eco_actions": "環境管理, 源頭減量",
        "primary_action": "環境管理",
        "action_count": 2
      },
      "geometry": {
        "type": "Point",
        "coordinates": [
          121.547005,
          25.04066
        ]
      }
    },
    {
      "type": "Feature",
      "properties": {
        "restaurant_id": 279,
        "category": "環保餐廳",
        "name": "乾杯燒肉居酒屋 信義 ATT 店",
        "phone": "(02)87860808",
        "mobile": "",
        "address": "臺北市信義區松壽路12號3樓",
        "district": "信義區",
        "eco_actions": "環境管理, 源頭減量",
        "primary_action": "環境管理",
        "action_count": 2
      },
      "geometry": {
        "type": "Point",
        "coordinates": [
          121.566264,
          25.035351
        ]
      }
    },
    {
      "type": "Feature",
      "properties": {
        "restaurant_id": 280,
        "category": "環保餐廳",
        "name": "乾杯燒肉居酒屋 南港中信店",
        "phone": "(02)27866066",
        "mobile": "",
        "address": "臺北市南港區經貿二路186-1號2樓",
        "district": "南港區",
        "eco_actions": "環境管理, 源頭減量",
        "primary_action": "環境管理",
        "action_count": 2
      },
      "geometry": {
        "type": "Point",
        "coordinates": [
          121.616419,
          25.059324
        ]
      }
    },
    {
      "type": "Feature",
      "properties": {
        "restaurant_id": 281,
        "category": "環保餐廳",
        "name": "基督復臨安息日會醫療財團法人臺安醫院 嗎哪天然之味餐廳",
        "phone": "(02)27718151#3#3120",
        "mobile": "",
        "address": "臺北市松山區八德路二段424號B1",
        "district": "松山區",
        "eco_actions": "環境管理, 綠色採購, 食材及餐點, 源頭減量, 惜食(打包服務), 惜食(善用食材), 環境教育",
        "primary_action": "環境管理",
        "action_count": 7
      },
      "geometry": {
        "type": "Point",
        "coordinates": [
          121.547274,
          25.048054
        ]
      }
    },
    {
      "type": "Feature",
      "properties": {
        "restaurant_id": 282,
        "category": "環保餐廳",
        "name": "敘日全日餐廳",
        "phone": "(02)66156526",
        "mobile": "",
        "address": "臺北市南港區忠孝東路七段359號7樓",
        "district": "南港區",
        "eco_actions": "環境管理, 環境教育",
        "primary_action": "環境管理",
        "action_count": 2
      },
      "geometry": {
        "type": "Point",
        "coordinates": [
          121.606056,
          25.052513
        ]
      }
    },
    {
      "type": "Feature",
      "properties": {
        "restaurant_id": 283,
        "category": "環保餐廳",
        "name": "梅居休閒農場",
        "phone": "",
        "mobile": "963083276",
        "address": "臺北市士林區平菁街43巷99號",
        "district": "士林區",
        "eco_actions": "環境管理, 綠色採購, 食材及餐點, 源頭減量, 惜食(打包服務), 惜食(善用食材), 環境教育",
        "primary_action": "環境管理",
        "action_count": 7
      },
      "geometry": {
        "type": "Point",
        "coordinates": [
          121.574811,
          25.141111
        ]
      }
    },
    {
      "type": "Feature",
      "properties": {
        "restaurant_id": 284,
        "category": "環保餐廳",
        "name": "涮乃葉-欣欣百貨店",
        "phone": "(02)25416320",
        "mobile": "",
        "address": "臺北市中山區林森北路247號2樓",
        "district": "中山區",
        "eco_actions": "環境管理, 食材及餐點, 源頭減量, 惜食(打包服務), 惜食(善用食材), 環境教育",
        "primary_action": "環境管理",
        "action_count": 6
      },
      "geometry": {
        "type": "Point",
        "coordinates": [
          121.524827,
          25.049892
        ]
      }
    },
    {
      "type": "Feature",
      "properties": {
        "restaurant_id": 285,
        "category": "環保餐廳",
        "name": "涮乃葉-信義遠百店",
        "phone": "(02)27230698",
        "mobile": "",
        "address": "臺北市信義區松仁路58號7樓",
        "district": "信義區",
        "eco_actions": "環境管理, 食材及餐點, 源頭減量, 惜食(打包服務), 惜食(善用食材), 環境教育",
        "primary_action": "環境管理",
        "action_count": 6
      },
      "geometry": {
        "type": "Point",
        "coordinates": [
          121.567968,
          25.036732
        ]
      }
    },
    {
      "type": "Feature",
      "properties": {
        "restaurant_id": 286,
        "category": "環保餐廳",
        "name": "涮乃葉-南港中信店",
        "phone": "(02)26530155",
        "mobile": "",
        "address": "臺北市南港區經貿二路188-1號2樓(中信總部C棟)",
        "district": "南港區",
        "eco_actions": "環境管理, 食材及餐點, 源頭減量, 惜食(打包服務), 惜食(善用食材), 環境教育",
        "primary_action": "環境管理",
        "action_count": 6
      },
      "geometry": {
        "type": "Point",
        "coordinates": [
          121.616419,
          25.059324
        ]
      }
    },
    {
      "type": "Feature",
      "properties": {
        "restaurant_id": 287,
        "category": "環保餐廳",
        "name": "涮乃葉-統一時代市府店",
        "phone": "(02)27230646",
        "mobile": "",
        "address": "臺北市信義區忠孝東路5段8號3樓",
        "district": "信義區",
        "eco_actions": "環境管理, 食材及餐點, 源頭減量, 惜食(打包服務), 惜食(善用食材), 環境教育",
        "primary_action": "環境管理",
        "action_count": 6
      },
      "geometry": {
        "type": "Point",
        "coordinates": [
          121.574333,
          25.040053
        ]
      }
    },
    {
      "type": "Feature",
      "properties": {
        "restaurant_id": 288,
        "category": "環保餐廳",
        "name": "涮乃葉-寶慶遠百店",
        "phone": "(02)23611258",
        "mobile": "",
        "address": "臺北市中正區寶慶路32號6樓(遠東百貨6樓)",
        "district": "中正區",
        "eco_actions": "環境管理, 食材及餐點, 源頭減量, 惜食(打包服務), 惜食(善用食材), 環境教育",
        "primary_action": "環境管理",
        "action_count": 6
      },
      "geometry": {
        "type": "Point",
        "coordinates": [
          121.508776,
          25.041856
        ]
      }
    },
    {
      "type": "Feature",
      "properties": {
        "restaurant_id": 289,
        "category": "環保餐廳",
        "name": "深紅鍋物",
        "phone": "(02)87730035",
        "mobile": "",
        "address": "臺北市大安區敦化南路一段246號B2",
        "district": "大安區",
        "eco_actions": "環境管理",
        "primary_action": "環境管理",
        "action_count": 1
      },
      "geometry": {
        "type": "Point",
        "coordinates": [
          121.548439,
          25.040147
        ]
      }
    },
    {
      "type": "Feature",
      "properties": {
        "restaurant_id": 290,
        "category": "環保餐廳",
        "name": "第一佳(微風台大醫院商場)",
        "phone": "(02)23952298#8#8111",
        "mobile": "",
        "address": "臺北市中正區中山南路77號B1F",
        "district": "中正區",
        "eco_actions": "環境管理, 環境教育",
        "primary_action": "環境管理",
        "action_count": 2
      },
      "geometry": {
        "type": "Point",
        "coordinates": [
          121.517269,
          25.045429
        ]
      }
    },
    {
      "type": "Feature",
      "properties": {
        "restaurant_id": 291,
        "category": "環保餐廳",
        "name": "第一銀行總行大樓員工餐廳",
        "phone": "(02)23481520",
        "mobile": "",
        "address": "臺北市中正區重慶南路一段30號21樓",
        "district": "中正區",
        "eco_actions": "環境管理, 綠色採購, 惜食(善用食材), 環境教育",
        "primary_action": "環境管理",
        "action_count": 4
      },
      "geometry": {
        "type": "Point",
        "coordinates": [
          121.513105,
          25.045572
        ]
      }
    },
    {
      "type": "Feature",
      "properties": {
        "restaurant_id": 292,
        "category": "環保餐廳",
        "name": "荷李活茶街 (忠孝SOGO店)",
        "phone": "(02)27780369",
        "mobile": "",
        "address": "臺北市大安區忠孝東路四段45號2F",
        "district": "大安區",
        "eco_actions": "環境管理, 綠色採購, 食材及餐點, 源頭減量, 惜食(打包服務), 惜食(善用食材), 環境教育",
        "primary_action": "環境管理",
        "action_count": 7
      },
      "geometry": {
        "type": "Point",
        "coordinates": [
          121.553038,
          25.039053
        ]
      }
    },
    {
      "type": "Feature",
      "properties": {
        "restaurant_id": 293,
        "category": "環保餐廳",
        "name": "莆田 (忠孝SOGO店)",
        "phone": "(02)87710767",
        "mobile": "",
        "address": "臺北市大安區忠孝東路四段45號12F",
        "district": "大安區",
        "eco_actions": "環境管理, 綠色採購, 食材及餐點, 源頭減量, 惜食(打包服務), 惜食(善用食材), 環境教育",
        "primary_action": "環境管理",
        "action_count": 7
      },
      "geometry": {
        "type": "Point",
        "coordinates": [
          121.553038,
          25.039053
        ]
      }
    },
    {
      "type": "Feature",
      "properties": {
        "restaurant_id": 294,
        "category": "環保餐廳",
        "name": "野橙咖啡",
        "phone": "(02)27025522",
        "mobile": "",
        "address": "臺北市大安區羅斯福路三段269巷6之1號",
        "district": "大安區",
        "eco_actions": "環境管理, 綠色採購, 源頭減量",
        "primary_action": "環境管理",
        "action_count": 3
      },
      "geometry": {
        "type": "Point",
        "coordinates": [
          121.530472,
          25.019288
        ]
      }
    },
    {
      "type": "Feature",
      "properties": {
        "restaurant_id": 295,
        "category": "環保餐廳",
        "name": "魚君 ????? 天母SOGO店",
        "phone": "(02)88661170",
        "mobile": "",
        "address": "臺北市士林區中山北路六段77號8樓",
        "district": "士林區",
        "eco_actions": "環境管理, 綠色採購, 源頭減量, 環境教育",
        "primary_action": "環境管理",
        "action_count": 4
      },
      "geometry": {
        "type": "Point",
        "coordinates": [
          121.524275,
          25.105008
        ]
      }
    },
    {
      "type": "Feature",
      "properties": {
        "restaurant_id": 296,
        "category": "環保餐廳",
        "name": "鳥作洋食",
        "phone": "(02)27567966",
        "mobile": "",
        "address": "臺北市信義區忠孝東路四段553巷16弄2號1樓",
        "district": "信義區",
        "eco_actions": "環境管理",
        "primary_action": "環境管理",
        "action_count": 1
      },
      "geometry": {
        "type": "Point",
        "coordinates": [
          121.563041,
          25.042567
        ]
      }
    },
    {
      "type": "Feature",
      "properties": {
        "restaurant_id": 297,
        "category": "環保餐廳",
        "name": "麥味登士林葫東",
        "phone": "(02)28112112",
        "mobile": "",
        "address": "臺北市士林區葫東街28-1號",
        "district": "士林區",
        "eco_actions": "環境管理, 綠色採購, 源頭減量, 惜食(善用食材), 環境教育",
        "primary_action": "環境管理",
        "action_count": 5
      },
      "geometry": {
        "type": "Point",
        "coordinates": [
          121.510981,
          25.083582
        ]
      }
    },
    {
      "type": "Feature",
      "properties": {
        "restaurant_id": 298,
        "category": "環保餐廳",
        "name": "麥味登大直北安羅伯",
        "phone": "(02)85092968",
        "mobile": "",
        "address": "臺北市中山區北安路595巷19號",
        "district": "中山區",
        "eco_actions": "環境管理, 綠色採購, 源頭減量, 惜食(善用食材), 環境教育",
        "primary_action": "環境管理",
        "action_count": 5
      },
      "geometry": {
        "type": "Point",
        "coordinates": [
          121.547506,
          25.082217
        ]
      }
    },
    {
      "type": "Feature",
      "properties": {
        "restaurant_id": 299,
        "category": "環保餐廳",
        "name": "麥味登內湖文湖",
        "phone": "(02)87516996",
        "mobile": "",
        "address": "臺北市內湖區文湖街49號",
        "district": "內湖區",
        "eco_actions": "環境管理, 綠色採購, 源頭減量, 惜食(善用食材), 環境教育",
        "primary_action": "環境管理",
        "action_count": 5
      },
      "geometry": {
        "type": "Point",
        "coordinates": [
          121.562145,
          25.086778
        ]
      }
    },
    {
      "type": "Feature",
      "properties": {
        "restaurant_id": 300,
        "category": "環保餐廳",
        "name": "麥味登內湖光寶",
        "phone": "",
        "mobile": "979498491",
        "address": "臺北市內湖區瑞光路392號",
        "district": "內湖區",
        "eco_actions": "環境管理, 綠色採購, 源頭減量, 惜食(善用食材), 環境教育",
        "primary_action": "環境管理",
        "action_count": 5
      },
      "geometry": {
        "type": "Point",
        "coordinates": [
          121.571256,
          25.077801
        ]
      }
    },
    {
      "type": "Feature",
      "properties": {
        "restaurant_id": 301,
        "category": "環保餐廳",
        "name": "麥味登內湖波士店",
        "phone": "(02)26277311",
        "mobile": "",
        "address": "臺北市內湖區內湖路一段411巷9弄4號",
        "district": "內湖區",
        "eco_actions": "環境管理, 綠色採購, 源頭減量, 惜食(善用食材), 環境教育",
        "primary_action": "環境管理",
        "action_count": 5
      },
      "geometry": {
        "type": "Point",
        "coordinates": [
          121.571294,
          25.082136
        ]
      }
    },
    {
      "type": "Feature",
      "properties": {
        "restaurant_id": 302,
        "category": "環保餐廳",
        "name": "麥味登內湖星雲",
        "phone": "(02)87920660",
        "mobile": "",
        "address": "臺北市內湖區星雲街10號1F",
        "district": "內湖區",
        "eco_actions": "環境管理, 綠色採購, 源頭減量, 惜食(善用食材), 環境教育",
        "primary_action": "環境管理",
        "action_count": 5
      },
      "geometry": {
        "type": "Point",
        "coordinates": [
          121.590379,
          25.07766
        ]
      }
    },
    {
      "type": "Feature",
      "properties": {
        "restaurant_id": 303,
        "category": "環保餐廳",
        "name": "麥味登內湖園區",
        "phone": "(02)26275822",
        "mobile": "",
        "address": "臺北市內湖區內湖路一段323巷30號",
        "district": "內湖區",
        "eco_actions": "環境管理, 綠色採購, 源頭減量, 惜食(善用食材), 環境教育",
        "primary_action": "環境管理",
        "action_count": 5
      },
      "geometry": {
        "type": "Point",
        "coordinates": [
          121.568628,
          25.08453
        ]
      }
    },
    {
      "type": "Feature",
      "properties": {
        "restaurant_id": 304,
        "category": "環保餐廳",
        "name": "麥味登內湖新明",
        "phone": "(02)27960603",
        "mobile": "",
        "address": "臺北市內湖區新明路198號",
        "district": "內湖區",
        "eco_actions": "環境管理, 綠色採購, 源頭減量, 惜食(善用食材), 環境教育",
        "primary_action": "環境管理",
        "action_count": 5
      },
      "geometry": {
        "type": "Point",
        "coordinates": [
          121.585001,
          25.05726
        ]
      }
    },
    {
      "type": "Feature",
      "properties": {
        "restaurant_id": 305,
        "category": "環保餐廳",
        "name": "麥味登內湖新湖",
        "phone": "(02)27956995",
        "mobile": "",
        "address": "臺北市內湖區新湖三路118號",
        "district": "內湖區",
        "eco_actions": "環境管理, 綠色採購, 源頭減量, 惜食(善用食材), 環境教育",
        "primary_action": "環境管理",
        "action_count": 5
      },
      "geometry": {
        "type": "Point",
        "coordinates": [
          121.577452,
          25.064082
        ]
      }
    },
    {
      "type": "Feature",
      "properties": {
        "restaurant_id": 306,
        "category": "環保餐廳",
        "name": "麥味登內湖葫洲",
        "phone": "(02)26333323",
        "mobile": "",
        "address": "臺北市內湖區民權東路六段296巷67號",
        "district": "內湖區",
        "eco_actions": "環境管理, 綠色採購, 源頭減量, 惜食(善用食材), 環境教育",
        "primary_action": "環境管理",
        "action_count": 5
      },
      "geometry": {
        "type": "Point",
        "coordinates": [
          121.607583,
          25.071093
        ]
      }
    },
    {
      "type": "Feature",
      "properties": {
        "restaurant_id": 307,
        "category": "環保餐廳",
        "name": "麥味登內湖旗艦",
        "phone": "(02)26272227",
        "mobile": "",
        "address": "臺北市內湖區文德路90巷43號",
        "district": "內湖區",
        "eco_actions": "環境管理, 綠色採購, 源頭減量, 惜食(善用食材), 環境教育",
        "primary_action": "環境管理",
        "action_count": 5
      },
      "geometry": {
        "type": "Point",
        "coordinates": [
          121.583149,
          25.077314
        ]
      }
    },
    {
      "type": "Feature",
      "properties": {
        "restaurant_id": 308,
        "category": "環保餐廳",
        "name": "麥味登內湖碧湖",
        "phone": "(02)87916778",
        "mobile": "",
        "address": "臺北市內湖區金龍路107號",
        "district": "內湖區",
        "eco_actions": "環境管理, 綠色採購, 源頭減量, 惜食(善用食材), 環境教育",
        "primary_action": "環境管理",
        "action_count": 5
      },
      "geometry": {
        "type": "Point",
        "coordinates": [
          121.591041,
          25.085594
        ]
      }
    },
    {
      "type": "Feature",
      "properties": {
        "restaurant_id": 309,
        "category": "環保餐廳",
        "name": "麥味登天母士東",
        "phone": "(02)28712828",
        "mobile": "",
        "address": "臺北市士林區士東路71號",
        "district": "士林區",
        "eco_actions": "環境管理, 綠色採購, 源頭減量, 惜食(善用食材), 環境教育",
        "primary_action": "環境管理",
        "action_count": 5
      },
      "geometry": {
        "type": "Point",
        "coordinates": [
          121.534055,
          25.110212
        ]
      }
    },
    {
      "type": "Feature",
      "properties": {
        "restaurant_id": 310,
        "category": "環保餐廳",
        "name": "麥味登文山木星好運",
        "phone": "(02)29360988",
        "mobile": "",
        "address": "臺北市文山區木新路三段315號",
        "district": "文山區",
        "eco_actions": "環境管理, 綠色採購, 源頭減量, 惜食(善用食材), 環境教育",
        "primary_action": "環境管理",
        "action_count": 5
      },
      "geometry": {
        "type": "Point",
        "coordinates": [
          121.556732,
          24.98059
        ]
      }
    },
    {
      "type": "Feature",
      "properties": {
        "restaurant_id": 311,
        "category": "環保餐廳",
        "name": "麥味登文山木新",
        "phone": "(02)29398080",
        "mobile": "",
        "address": "臺北市文山區木新路二段277號",
        "district": "文山區",
        "eco_actions": "環境管理, 綠色採購, 源頭減量, 惜食(善用食材), 環境教育",
        "primary_action": "環境管理",
        "action_count": 5
      },
      "geometry": {
        "type": "Point",
        "coordinates": [
          121.565951,
          24.982897
        ]
      }
    },
    {
      "type": "Feature",
      "properties": {
        "restaurant_id": 312,
        "category": "環保餐廳",
        "name": "麥味登文山世新",
        "phone": "(02)29350818",
        "mobile": "",
        "address": "臺北市文山區景興路288號",
        "district": "文山區",
        "eco_actions": "環境管理, 綠色採購, 源頭減量, 惜食(善用食材), 環境教育",
        "primary_action": "環境管理",
        "action_count": 5
      },
      "geometry": {
        "type": "Point",
        "coordinates": [
          121.542169,
          24.989274
        ]
      }
    },
    {
      "type": "Feature",
      "properties": {
        "restaurant_id": 313,
        "category": "環保餐廳",
        "name": "麥味登文山辛亥",
        "phone": "(02)29315015",
        "mobile": "",
        "address": "臺北市文山區辛亥路五段5號",
        "district": "文山區",
        "eco_actions": "環境管理, 綠色採購, 源頭減量, 惜食(善用食材), 環境教育",
        "primary_action": "環境管理",
        "action_count": 5
      },
      "geometry": {
        "type": "Point",
        "coordinates": [
          121.554565,
          25.00032
        ]
      }
    },
    {
      "type": "Feature",
      "properties": {
        "restaurant_id": 314,
        "category": "環保餐廳",
        "name": "麥味登文山政大",
        "phone": "(02)29381314",
        "mobile": "",
        "address": "臺北市文山區萬壽路25巷3號",
        "district": "文山區",
        "eco_actions": "環境管理, 綠色採購, 源頭減量, 惜食(善用食材), 環境教育",
        "primary_action": "環境管理",
        "action_count": 5
      },
      "geometry": {
        "type": "Point",
        "coordinates": [
          121.57576,
          24.988062
        ]
      }
    },
    {
      "type": "Feature",
      "properties": {
        "restaurant_id": 315,
        "category": "環保餐廳",
        "name": "麥味登文山滬江",
        "phone": "(02)29351157",
        "mobile": "",
        "address": "臺北市文山區羅斯福路六段455巷21號1樓",
        "district": "文山區",
        "eco_actions": "環境管理, 綠色採購, 源頭減量, 惜食(善用食材), 環境教育",
        "primary_action": "環境管理",
        "action_count": 5
      },
      "geometry": {
        "type": "Point",
        "coordinates": [
          121.540506,
          24.990131
        ]
      }
    },
    {
      "type": "Feature",
      "properties": {
        "restaurant_id": 316,
        "category": "環保餐廳",
        "name": "麥味登文山興隆",
        "phone": "(02)29392619",
        "mobile": "",
        "address": "臺北市文山區興隆路四段119號",
        "district": "文山區",
        "eco_actions": "環境管理, 綠色採購, 源頭減量, 惜食(善用食材), 環境教育",
        "primary_action": "環境管理",
        "action_count": 5
      },
      "geometry": {
        "type": "Point",
        "coordinates": [
          121.561417,
          24.985749
        ]
      }
    },
    {
      "type": "Feature",
      "properties": {
        "restaurant_id": 317,
        "category": "環保餐廳",
        "name": "麥味登文山饗食大亨",
        "phone": "(02)29301098",
        "mobile": "",
        "address": "臺北市文山區羅斯福路五段218巷25號",
        "district": "文山區",
        "eco_actions": "環境管理, 綠色採購, 源頭減量, 惜食(善用食材), 環境教育",
        "primary_action": "環境管理",
        "action_count": 5
      },
      "geometry": {
        "type": "Point",
        "coordinates": [
          121.537566,
          25.002023
        ]
      }
    },
    {
      "type": "Feature",
      "properties": {
        "restaurant_id": 318,
        "category": "環保餐廳",
        "name": "麥味登北市大安",
        "phone": "(02)27017080",
        "mobile": "",
        "address": "臺北市大安區大安路二段134號",
        "district": "大安區",
        "eco_actions": "環境管理, 綠色採購, 源頭減量, 惜食(善用食材), 環境教育",
        "primary_action": "環境管理",
        "action_count": 5
      },
      "geometry": {
        "type": "Point",
        "coordinates": [
          121.545947,
          25.029787
        ]
      }
    },
    {
      "type": "Feature",
      "properties": {
        "restaurant_id": 319,
        "category": "環保餐廳",
        "name": "麥味登北市大道",
        "phone": "(02)27598668",
        "mobile": "",
        "address": "臺北市信義區大道路50號",
        "district": "信義區",
        "eco_actions": "環境管理, 綠色採購, 源頭減量, 惜食(善用食材), 環境教育",
        "primary_action": "環境管理",
        "action_count": 5
      },
      "geometry": {
        "type": "Point",
        "coordinates": [
          121.582115,
          25.041382
        ]
      }
    },
    {
      "type": "Feature",
      "properties": {
        "restaurant_id": 320,
        "category": "環保餐廳",
        "name": "麥味登北市仁愛",
        "phone": "(02)27037182",
        "mobile": "",
        "address": "臺北市大安區仁愛路三段24巷1-6號",
        "district": "大安區",
        "eco_actions": "環境管理, 綠色採購, 源頭減量, 惜食(善用食材), 環境教育",
        "primary_action": "環境管理",
        "action_count": 5
      },
      "geometry": {
        "type": "Point",
        "coordinates": [
          121.542954,
          25.039591
        ]
      }
    },
    {
      "type": "Feature",
      "properties": {
        "restaurant_id": 321,
        "category": "環保餐廳",
        "name": "麥味登北市六張犁店",
        "phone": "(02)27323011",
        "mobile": "",
        "address": "臺北市信義區基隆路二段183號1樓",
        "district": "信義區",
        "eco_actions": "環境管理, 綠色採購, 源頭減量, 惜食(善用食材), 環境教育",
        "primary_action": "環境管理",
        "action_count": 5
      },
      "geometry": {
        "type": "Point",
        "coordinates": [
          121.553382,
          25.024898
        ]
      }
    },
    {
      "type": "Feature",
      "properties": {
        "restaurant_id": 322,
        "category": "環保餐廳",
        "name": "麥味登北市天秤獅",
        "phone": "(02)27589477",
        "mobile": "",
        "address": "臺北市信義區光復南路473巷29號",
        "district": "信義區",
        "eco_actions": "環境管理, 綠色採購, 源頭減量, 惜食(善用食材), 環境教育",
        "primary_action": "環境管理",
        "action_count": 5
      },
      "geometry": {
        "type": "Point",
        "coordinates": [
          121.55892,
          25.033917
        ]
      }
    },
    {
      "type": "Feature",
      "properties": {
        "restaurant_id": 323,
        "category": "環保餐廳",
        "name": "麥味登北市文山木柵店",
        "phone": "(02)86617903",
        "mobile": "",
        "address": "臺北市文山區木柵路三段55號",
        "district": "文山區",
        "eco_actions": "環境管理, 綠色採購, 源頭減量, 惜食(善用食材), 環境教育",
        "primary_action": "環境管理",
        "action_count": 5
      },
      "geometry": {
        "type": "Point",
        "coordinates": [
          121.566368,
          24.988669
        ]
      }
    },
    {
      "type": "Feature",
      "properties": {
        "restaurant_id": 324,
        "category": "環保餐廳",
        "name": "麥味登北市世貿莊敬店",
        "phone": "(02)87861811",
        "mobile": "",
        "address": "臺北市信義區莊敬路203號",
        "district": "信義區",
        "eco_actions": "環境管理, 綠色採購, 源頭減量, 惜食(善用食材), 環境教育",
        "primary_action": "環境管理",
        "action_count": 5
      },
      "geometry": {
        "type": "Point",
        "coordinates": [
          121.561563,
          25.030589
        ]
      }
    },
    {
      "type": "Feature",
      "properties": {
        "restaurant_id": 325,
        "category": "環保餐廳",
        "name": "麥味登北市台大",
        "phone": "(02)23657279",
        "mobile": "",
        "address": "臺北市中正區羅斯福路四段118號",
        "district": "中正區",
        "eco_actions": "環境管理, 綠色採購, 源頭減量, 惜食(善用食材), 環境教育",
        "primary_action": "環境管理",
        "action_count": 5
      },
      "geometry": {
        "type": "Point",
        "coordinates": [
          121.535569,
          25.013267
        ]
      }
    },
    {
      "type": "Feature",
      "properties": {
        "restaurant_id": 326,
        "category": "環保餐廳",
        "name": "麥味登北市台視店",
        "phone": "(02)25795877",
        "mobile": "",
        "address": "臺北市松山區八德路三段12巷5弄6號",
        "district": "松山區",
        "eco_actions": "環境管理, 綠色採購, 源頭減量, 惜食(善用食材), 環境教育",
        "primary_action": "環境管理",
        "action_count": 5
      },
      "geometry": {
        "type": "Point",
        "coordinates": [
          121.550605,
          25.047437
        ]
      }
    },
    {
      "type": "Feature",
      "properties": {
        "restaurant_id": 327,
        "category": "環保餐廳",
        "name": "麥味登北市民生",
        "phone": "(02)27607148",
        "mobile": "",
        "address": "臺北市松山區民生東路五段153-5號",
        "district": "松山區",
        "eco_actions": "環境管理, 綠色採購, 源頭減量, 惜食(善用食材), 環境教育",
        "primary_action": "環境管理",
        "action_count": 5
      },
      "geometry": {
        "type": "Point",
        "coordinates": [
          121.558259,
          25.059636
        ]
      }
    },
    {
      "type": "Feature",
      "properties": {
        "restaurant_id": 328,
        "category": "環保餐廳",
        "name": "麥味登北市民生延壽店",
        "phone": "(02)27476967",
        "mobile": "",
        "address": "臺北市松山區延壽街173號",
        "district": "松山區",
        "eco_actions": "環境管理, 綠色採購, 源頭減量, 惜食(善用食材), 環境教育",
        "primary_action": "環境管理",
        "action_count": 5
      },
      "geometry": {
        "type": "Point",
        "coordinates": [
          121.561975,
          25.056844
        ]
      }
    },
    {
      "type": "Feature",
      "properties": {
        "restaurant_id": 329,
        "category": "環保餐廳",
        "name": "麥味登北市民權",
        "phone": "(02)25506676",
        "mobile": "",
        "address": "臺北市大同區民權西路234號",
        "district": "大同區",
        "eco_actions": "環境管理, 綠色採購, 源頭減量, 惜食(善用食材), 環境教育",
        "primary_action": "環境管理",
        "action_count": 5
      },
      "geometry": {
        "type": "Point",
        "coordinates": [
          121.5155,
          25.062862
        ]
      }
    },
    {
      "type": "Feature",
      "properties": {
        "restaurant_id": 330,
        "category": "環保餐廳",
        "name": "麥味登北市永春",
        "phone": "(02)27220602",
        "mobile": "",
        "address": "臺北市信義區忠孝東路五段372巷27弄77-1號",
        "district": "信義區",
        "eco_actions": "環境管理, 綠色採購, 源頭減量, 惜食(善用食材), 環境教育",
        "primary_action": "環境管理",
        "action_count": 5
      },
      "geometry": {
        "type": "Point",
        "coordinates": [
          121.573678,
          25.038147
        ]
      }
    },
    {
      "type": "Feature",
      "properties": {
        "restaurant_id": 331,
        "category": "環保餐廳",
        "name": "麥味登北市同德",
        "phone": "(02)27855330",
        "mobile": "",
        "address": "臺北市南港區同德路54號",
        "district": "南港區",
        "eco_actions": "環境管理, 綠色採購, 源頭減量, 惜食(善用食材), 環境教育",
        "primary_action": "環境管理",
        "action_count": 5
      },
      "geometry": {
        "type": "Point",
        "coordinates": [
          121.584796,
          25.045454
        ]
      }
    },
    {
      "type": "Feature",
      "properties": {
        "restaurant_id": 332,
        "category": "環保餐廳",
        "name": "麥味登北市成功",
        "phone": "(02)23075752",
        "mobile": "",
        "address": "臺北市萬華區萬大路177號",
        "district": "萬華區",
        "eco_actions": "環境管理, 綠色採購, 源頭減量, 惜食(善用食材), 環境教育",
        "primary_action": "環境管理",
        "action_count": 5
      },
      "geometry": {
        "type": "Point",
        "coordinates": [
          121.500312,
          25.02479
        ]
      }
    },
    {
      "type": "Feature",
      "properties": {
        "restaurant_id": 333,
        "category": "環保餐廳",
        "name": "麥味登北市百勝",
        "phone": "(02)27584827",
        "mobile": "",
        "address": "臺北市信義區吳興街281巷14號",
        "district": "信義區",
        "eco_actions": "環境管理, 綠色採購, 源頭減量, 惜食(善用食材), 環境教育",
        "primary_action": "環境管理",
        "action_count": 5
      },
      "geometry": {
        "type": "Point",
        "coordinates": [
          121.564445,
          25.026441
        ]
      }
    },
    {
      "type": "Feature",
      "properties": {
        "restaurant_id": 334,
        "category": "環保餐廳",
        "name": "麥味登北市西松",
        "phone": "(02)85095201",
        "mobile": "",
        "address": "臺北市松山區健康路325巷6弄2號",
        "district": "松山區",
        "eco_actions": "環境管理, 綠色採購, 源頭減量, 惜食(善用食材), 環境教育",
        "primary_action": "環境管理",
        "action_count": 5
      },
      "geometry": {
        "type": "Point",
        "coordinates": [
          121.567368,
          25.054853
        ]
      }
    },
    {
      "type": "Feature",
      "properties": {
        "restaurant_id": 335,
        "category": "環保餐廳",
        "name": "麥味登北市西門",
        "phone": "(02)23717288",
        "mobile": "",
        "address": "臺北市萬華區西寧南路24號",
        "district": "萬華區",
        "eco_actions": "環境管理, 綠色採購, 源頭減量, 惜食(善用食材), 環境教育",
        "primary_action": "環境管理",
        "action_count": 5
      },
      "geometry": {
        "type": "Point",
        "coordinates": [
          121.506793,
          25.046098
        ]
      }
    },
    {
      "type": "Feature",
      "properties": {
        "restaurant_id": 336,
        "category": "環保餐廳",
        "name": "麥味登北市和平",
        "phone": "(02)23652299",
        "mobile": "",
        "address": "臺北市中正區廈門街75號",
        "district": "中正區",
        "eco_actions": "環境管理, 綠色採購, 源頭減量, 惜食(善用食材), 環境教育",
        "primary_action": "環境管理",
        "action_count": 5
      },
      "geometry": {
        "type": "Point",
        "coordinates": [
          121.51751,
          25.024789
        ]
      }
    },
    {
      "type": "Feature",
      "properties": {
        "restaurant_id": 337,
        "category": "環保餐廳",
        "name": "麥味登北市府捷運店",
        "phone": "(02)27491801",
        "mobile": "",
        "address": "臺北市信義區基隆路1段147巷12號",
        "district": "信義區",
        "eco_actions": "環境管理, 綠色採購, 源頭減量, 惜食(善用食材), 環境教育",
        "primary_action": "環境管理",
        "action_count": 5
      },
      "geometry": {
        "type": "Point",
        "coordinates": [
          121.560431,
          25.035595
        ]
      }
    },
    {
      "type": "Feature",
      "properties": {
        "restaurant_id": 338,
        "category": "環保餐廳",
        "name": "麥味登北市忠孝店",
        "phone": "(02)23463923",
        "mobile": "",
        "address": "臺北市信義區忠孝東路5段524巷6號",
        "district": "信義區",
        "eco_actions": "環境管理, 綠色採購, 源頭減量, 惜食(善用食材), 環境教育",
        "primary_action": "環境管理",
        "action_count": 5
      },
      "geometry": {
        "type": "Point",
        "coordinates": [
          121.574333,
          25.040053
        ]
      }
    },
    {
      "type": "Feature",
      "properties": {
        "restaurant_id": 339,
        "category": "環保餐廳",
        "name": "麥味登北市忠順",
        "phone": "(02)29399358",
        "mobile": "",
        "address": "臺北市文山區忠順街2段25號",
        "district": "文山區",
        "eco_actions": "環境管理, 綠色採購, 源頭減量, 惜食(善用食材), 環境教育",
        "primary_action": "環境管理",
        "action_count": 5
      },
      "geometry": {
        "type": "Point",
        "coordinates": [
          121.564626,
          24.985639
        ]
      }
    },
    {
      "type": "Feature",
      "properties": {
        "restaurant_id": 340,
        "category": "環保餐廳",
        "name": "麥味登北市昌吉",
        "phone": "(02)25996761",
        "mobile": "",
        "address": "臺北市大同區昌吉街27號",
        "district": "大同區",
        "eco_actions": "環境管理, 綠色採購, 源頭減量, 惜食(善用食材), 環境教育",
        "primary_action": "環境管理",
        "action_count": 5
      },
      "geometry": {
        "type": "Point",
        "coordinates": [
          121.517053,
          25.065964
        ]
      }
    },
    {
      "type": "Feature",
      "properties": {
        "restaurant_id": 341,
        "category": "環保餐廳",
        "name": "麥味登北市昆陽",
        "phone": "(02)27883965",
        "mobile": "",
        "address": "臺北市南港區昆陽街94號",
        "district": "南港區",
        "eco_actions": "環境管理, 綠色採購, 源頭減量, 惜食(善用食材), 環境教育",
        "primary_action": "環境管理",
        "action_count": 5
      },
      "geometry": {
        "type": "Point",
        "coordinates": [
          121.593471,
          25.0517
        ]
      }
    },
    {
      "type": "Feature",
      "properties": {
        "restaurant_id": 342,
        "category": "環保餐廳",
        "name": "麥味登北市松山",
        "phone": "(02)27682899",
        "mobile": "",
        "address": "臺北市信義區松山路241號",
        "district": "信義區",
        "eco_actions": "環境管理, 綠色採購, 源頭減量, 惜食(善用食材), 環境教育",
        "primary_action": "環境管理",
        "action_count": 5
      },
      "geometry": {
        "type": "Point",
        "coordinates": [
          121.577967,
          25.044473
        ]
      }
    },
    {
      "type": "Feature",
      "properties": {
        "restaurant_id": 343,
        "category": "環保餐廳",
        "name": "麥味登北市松仁",
        "phone": "(02)27585197",
        "mobile": "",
        "address": "臺北市信義區松仁路232號",
        "district": "信義區",
        "eco_actions": "環境管理, 綠色採購, 源頭減量, 惜食(善用食材), 環境教育",
        "primary_action": "環境管理",
        "action_count": 5
      },
      "geometry": {
        "type": "Point",
        "coordinates": [
          121.569068,
          25.025178
        ]
      }
    },
    {
      "type": "Feature",
      "properties": {
        "restaurant_id": 344,
        "category": "環保餐廳",
        "name": "麥味登北市松德",
        "phone": "(02)27260169",
        "mobile": "",
        "address": "臺北市信義區松德路193號",
        "district": "信義區",
        "eco_actions": "環境管理, 綠色採購, 源頭減量, 惜食(善用食材), 環境教育",
        "primary_action": "環境管理",
        "action_count": 5
      },
      "geometry": {
        "type": "Point",
        "coordinates": [
          121.574776,
          25.035478
        ]
      }
    },
    {
      "type": "Feature",
      "properties": {
        "restaurant_id": 345,
        "category": "環保餐廳",
        "name": "麥味登北市長安東",
        "phone": "(02)25065763",
        "mobile": "",
        "address": "臺北市中山區長安東路二段72號",
        "district": "中山區",
        "eco_actions": "環境管理, 綠色採購, 源頭減量, 惜食(善用食材), 環境教育",
        "primary_action": "環境管理",
        "action_count": 5
      },
      "geometry": {
        "type": "Point",
        "coordinates": [
          121.533684,
          25.048342
        ]
      }
    },
    {
      "type": "Feature",
      "properties": {
        "restaurant_id": 346,
        "category": "環保餐廳",
        "name": "麥味登北市長春",
        "phone": "(02)25071770",
        "mobile": "",
        "address": "臺北市中山區長春路238號",
        "district": "中山區",
        "eco_actions": "環境管理, 綠色採購, 源頭減量, 惜食(善用食材), 環境教育",
        "primary_action": "環境管理",
        "action_count": 5
      },
      "geometry": {
        "type": "Point",
        "coordinates": [
          121.538159,
          25.05462
        ]
      }
    },
    {
      "type": "Feature",
      "properties": {
        "restaurant_id": 347,
        "category": "環保餐廳",
        "name": "麥味登北市信義基隆店",
        "phone": "(02)27327880",
        "mobile": "",
        "address": "臺北市信義區基隆路二段131-2號",
        "district": "信義區",
        "eco_actions": "環境管理, 綠色採購, 源頭減量, 惜食(善用食材), 環境教育",
        "primary_action": "環境管理",
        "action_count": 5
      },
      "geometry": {
        "type": "Point",
        "coordinates": [
          121.552872,
          25.024594
        ]
      }
    },
    {
      "type": "Feature",
      "properties": {
        "restaurant_id": 348,
        "category": "環保餐廳",
        "name": "麥味登北市南京三民(togo外賣專門店)",
        "phone": "(02)27489768",
        "mobile": "",
        "address": "臺北市松山區南京東路五段186號",
        "district": "松山區",
        "eco_actions": "環境管理, 綠色採購, 源頭減量, 惜食(善用食材), 環境教育",
        "primary_action": "環境管理",
        "action_count": 5
      },
      "geometry": {
        "type": "Point",
        "coordinates": [
          121.563702,
          25.051214
        ]
      }
    },
    {
      "type": "Feature",
      "properties": {
        "restaurant_id": 349,
        "category": "環保餐廳",
        "name": "麥味登北市重慶",
        "phone": "(02)25593866",
        "mobile": "",
        "address": "臺北市大同區重慶北路一段61號1F",
        "district": "大同區",
        "eco_actions": "環境管理, 綠色採購, 源頭減量, 惜食(善用食材), 環境教育",
        "primary_action": "環境管理",
        "action_count": 5
      },
      "geometry": {
        "type": "Point",
        "coordinates": [
          121.514005,
          25.051256
        ]
      }
    },
    {
      "type": "Feature",
      "properties": {
        "restaurant_id": 350,
        "category": "環保餐廳",
        "name": "麥味登北市神通",
        "phone": "(02)25866260",
        "mobile": "",
        "address": "臺北市中山區新生北路三段69-1號",
        "district": "中山區",
        "eco_actions": "環境管理, 綠色採購, 源頭減量, 惜食(善用食材), 環境教育",
        "primary_action": "環境管理",
        "action_count": 5
      },
      "geometry": {
        "type": "Point",
        "coordinates": [
          121.528031,
          25.067624
        ]
      }
    },
    {
      "type": "Feature",
      "properties": {
        "restaurant_id": 351,
        "category": "環保餐廳",
        "name": "麥味登北市健康店",
        "phone": "(02)25148117",
        "mobile": "",
        "address": "臺北市松山區健康路15巷13號",
        "district": "松山區",
        "eco_actions": "環境管理, 綠色採購, 源頭減量, 惜食(善用食材), 環境教育",
        "primary_action": "環境管理",
        "action_count": 5
      },
      "geometry": {
        "type": "Point",
        "coordinates": [
          121.55282,
          25.054641
        ]
      }
    },
    {
      "type": "Feature",
      "properties": {
        "restaurant_id": 352,
        "category": "環保餐廳",
        "name": "麥味登北市參食",
        "phone": "(02)25782800",
        "mobile": "",
        "address": "臺北市松山區光復北路60巷19-4號",
        "district": "松山區",
        "eco_actions": "環境管理, 綠色採購, 源頭減量, 惜食(善用食材), 環境教育",
        "primary_action": "環境管理",
        "action_count": 5
      },
      "geometry": {
        "type": "Point",
        "coordinates": [
          121.560242,
          25.049908
        ]
      }
    },
    {
      "type": "Feature",
      "properties": {
        "restaurant_id": 353,
        "category": "環保餐廳",
        "name": "麥味登北市國王",
        "phone": "(02)25115091",
        "mobile": "",
        "address": "臺北市中山區民生東路一段5號",
        "district": "中山區",
        "eco_actions": "環境管理, 綠色採購, 源頭減量, 惜食(善用食材), 環境教育",
        "primary_action": "環境管理",
        "action_count": 5
      },
      "geometry": {
        "type": "Point",
        "coordinates": [
          121.523516,
          25.058132
        ]
      }
    },
    {
      "type": "Feature",
      "properties": {
        "restaurant_id": 354,
        "category": "環保餐廳",
        "name": "麥味登北市國王二",
        "phone": "(02)25312636",
        "mobile": "",
        "address": "臺北市中山區長春路147-2號",
        "district": "中山區",
        "eco_actions": "環境管理, 綠色採購, 源頭減量, 惜食(善用食材), 環境教育",
        "primary_action": "環境管理",
        "action_count": 5
      },
      "geometry": {
        "type": "Point",
        "coordinates": [
          121.543457,
          25.05458
        ]
      }
    },
    {
      "type": "Feature",
      "properties": {
        "restaurant_id": 355,
        "category": "環保餐廳",
        "name": "麥味登北市通化",
        "phone": "(02)27065066",
        "mobile": "",
        "address": "臺北市大安區通安街54號",
        "district": "大安區",
        "eco_actions": "環境管理, 綠色採購, 源頭減量, 惜食(善用食材), 環境教育",
        "primary_action": "環境管理",
        "action_count": 5
      },
      "geometry": {
        "type": "Point",
        "coordinates": [
          121.553179,
          25.031197
        ]
      }
    },
    {
      "type": "Feature",
      "properties": {
        "restaurant_id": 356,
        "category": "環保餐廳",
        "name": "麥味登北市敦北",
        "phone": "(02)27120158",
        "mobile": "",
        "address": "臺北市松山區敦化北路222巷11號",
        "district": "松山區",
        "eco_actions": "環境管理, 綠色採購, 源頭減量, 惜食(善用食材), 環境教育",
        "primary_action": "環境管理",
        "action_count": 5
      },
      "geometry": {
        "type": "Point",
        "coordinates": [
          121.548272,
          25.059269
        ]
      }
    },
    {
      "type": "Feature",
      "properties": {
        "restaurant_id": 357,
        "category": "環保餐廳",
        "name": "麥味登北市敦南遠企店",
        "phone": "(02)27035003",
        "mobile": "",
        "address": "臺北市大安區敦化南路二段63巷5號",
        "district": "大安區",
        "eco_actions": "環境管理, 綠色採購, 源頭減量, 惜食(善用食材), 環境教育",
        "primary_action": "環境管理",
        "action_count": 5
      },
      "geometry": {
        "type": "Point",
        "coordinates": [
          121.551667,
          25.031419
        ]
      }
    },
    {
      "type": "Feature",
      "properties": {
        "restaurant_id": 358,
        "category": "環保餐廳",
        "name": "麥味登北市新生店",
        "phone": "(02)23919493",
        "mobile": "",
        "address": "臺北市中正區忠孝東路二段116號",
        "district": "中正區",
        "eco_actions": "環境管理, 綠色採購, 源頭減量, 惜食(善用食材), 環境教育",
        "primary_action": "環境管理",
        "action_count": 5
      },
      "geometry": {
        "type": "Point",
        "coordinates": [
          121.529487,
          25.043169
        ]
      }
    },
    {
      "type": "Feature",
      "properties": {
        "restaurant_id": 359,
        "category": "環保餐廳",
        "name": "麥味登北市新東興",
        "phone": "(02)27476080",
        "mobile": "",
        "address": "臺北市松山區八德路四段245巷36號",
        "district": "松山區",
        "eco_actions": "環境管理, 綠色採購, 源頭減量, 惜食(善用食材), 環境教育",
        "primary_action": "環境管理",
        "action_count": 5
      },
      "geometry": {
        "type": "Point",
        "coordinates": [
          121.563251,
          25.049936
        ]
      }
    },
    {
      "type": "Feature",
      "properties": {
        "restaurant_id": 360,
        "category": "環保餐廳",
        "name": "麥味登北市瑞安",
        "phone": "(02)27077551",
        "mobile": "",
        "address": "臺北市大安區瑞安街208巷26號",
        "district": "大安區",
        "eco_actions": "環境管理, 綠色採購, 源頭減量, 惜食(善用食材), 環境教育",
        "primary_action": "環境管理",
        "action_count": 5
      },
      "geometry": {
        "type": "Point",
        "coordinates": [
          121.540493,
          25.028836
        ]
      }
    },
    {
      "type": "Feature",
      "properties": {
        "restaurant_id": 361,
        "category": "環保餐廳",
        "name": "麥味登北市實踐",
        "phone": "(02)25336934",
        "mobile": "",
        "address": "臺北市中山區大直街70號",
        "district": "中山區",
        "eco_actions": "環境管理, 綠色採購, 源頭減量, 惜食(善用食材), 環境教育",
        "primary_action": "環境管理",
        "action_count": 5
      },
      "geometry": {
        "type": "Point",
        "coordinates": [
          121.546231,
          25.083587
        ]
      }
    },
    {
      "type": "Feature",
      "properties": {
        "restaurant_id": 362,
        "category": "環保餐廳",
        "name": "麥味登北市榮星花園",
        "phone": "(02)25082251",
        "mobile": "",
        "address": "臺北市中山區五常街85號",
        "district": "中山區",
        "eco_actions": "環境管理, 綠色採購, 源頭減量, 惜食(善用食材), 環境教育",
        "primary_action": "環境管理",
        "action_count": 5
      },
      "geometry": {
        "type": "Point",
        "coordinates": [
          121.540674,
          25.064413
        ]
      }
    },
    {
      "type": "Feature",
      "properties": {
        "restaurant_id": 363,
        "category": "環保餐廳",
        "name": "麥味登北市龍江1店",
        "phone": "(02)77292550",
        "mobile": "",
        "address": "臺北市中山區龍江路244號",
        "district": "中山區",
        "eco_actions": "環境管理, 綠色採購, 源頭減量, 惜食(善用食材), 環境教育",
        "primary_action": "環境管理",
        "action_count": 5
      },
      "geometry": {
        "type": "Point",
        "coordinates": [
          121.540611,
          25.058981
        ]
      }
    },
    {
      "type": "Feature",
      "properties": {
        "restaurant_id": 364,
        "category": "環保餐廳",
        "name": "麥味登北投奇岩",
        "phone": "(02)28985212",
        "mobile": "",
        "address": "臺北市北投區三合街二段463號",
        "district": "北投區",
        "eco_actions": "環境管理, 綠色採購, 源頭減量, 惜食(善用食材), 環境教育",
        "primary_action": "環境管理",
        "action_count": 5
      },
      "geometry": {
        "type": "Point",
        "coordinates": [
          121.501784,
          25.126356
        ]
      }
    },
    {
      "type": "Feature",
      "properties": {
        "restaurant_id": 365,
        "category": "環保餐廳",
        "name": "麥味登北投陽明",
        "phone": "(02)28220198",
        "mobile": "",
        "address": "臺北市北投區立農街二段275號",
        "district": "北投區",
        "eco_actions": "環境管理, 綠色採購, 源頭減量, 惜食(善用食材), 環境教育",
        "primary_action": "環境管理",
        "action_count": 5
      },
      "geometry": {
        "type": "Point",
        "coordinates": [
          121.515168,
          25.118823
        ]
      }
    },
    {
      "type": "Feature",
      "properties": {
        "restaurant_id": 366,
        "category": "環保餐廳",
        "name": "麥味登北投實踐",
        "phone": "(02)28201888",
        "mobile": "",
        "address": "臺北市北投區實踐街62號",
        "district": "北投區",
        "eco_actions": "環境管理, 綠色採購, 源頭減量, 惜食(善用食材), 環境教育",
        "primary_action": "環境管理",
        "action_count": 5
      },
      "geometry": {
        "type": "Point",
        "coordinates": [
          121.509794,
          25.115195
        ]
      }
    },
    {
      "type": "Feature",
      "properties": {
        "restaurant_id": 367,
        "category": "環保餐廳",
        "name": "麥味登北門塔城",
        "phone": "(02)25522215",
        "mobile": "",
        "address": "臺北市大同區塔城街48號",
        "district": "大同區",
        "eco_actions": "環境管理, 綠色採購, 源頭減量, 惜食(善用食材), 環境教育",
        "primary_action": "環境管理",
        "action_count": 5
      },
      "geometry": {
        "type": "Point",
        "coordinates": [
          121.510282,
          25.052431
        ]
      }
    },
    {
      "type": "Feature",
      "properties": {
        "restaurant_id": 368,
        "category": "環保餐廳",
        "name": "麥味登台北科大to-go 專門店",
        "phone": "(02)87729001",
        "mobile": "",
        "address": "臺北市大安區新生南路一段1號",
        "district": "大安區",
        "eco_actions": "環境管理, 綠色採購, 源頭減量, 惜食(善用食材), 環境教育",
        "primary_action": "環境管理",
        "action_count": 5
      },
      "geometry": {
        "type": "Point",
        "coordinates": [
          121.53337,
          25.041223
        ]
      }
    },
    {
      "type": "Feature",
      "properties": {
        "restaurant_id": 369,
        "category": "環保餐廳",
        "name": "麥味登台北陽光店",
        "phone": "(02)27339595",
        "mobile": "",
        "address": "臺北市信義區信安街155號",
        "district": "信義區",
        "eco_actions": "環境管理, 綠色採購, 源頭減量, 惜食(善用食材), 環境教育",
        "primary_action": "環境管理",
        "action_count": 5
      },
      "geometry": {
        "type": "Point",
        "coordinates": [
          121.555342,
          25.022841
        ]
      }
    },
    {
      "type": "Feature",
      "properties": {
        "restaurant_id": 370,
        "category": "環保餐廳",
        "name": "麥味登台北萬隆",
        "phone": "(02)29356080",
        "mobile": "",
        "address": "臺北市文山區羅斯福路五段233號",
        "district": "文山區",
        "eco_actions": "環境管理, 綠色採購, 源頭減量, 惜食(善用食材), 環境教育",
        "primary_action": "環境管理",
        "action_count": 5
      },
      "geometry": {
        "type": "Point",
        "coordinates": [
          121.53926,
          25.001731
        ]
      }
    },
    {
      "type": "Feature",
      "properties": {
        "restaurant_id": 371,
        "category": "環保餐廳",
        "name": "麥味登信義福德",
        "phone": "(02)27271825",
        "mobile": "",
        "address": "臺北市信義區福德街246號",
        "district": "信義區",
        "eco_actions": "環境管理, 綠色採購, 源頭減量, 惜食(善用食材), 環境教育",
        "primary_action": "環境管理",
        "action_count": 5
      },
      "geometry": {
        "type": "Point",
        "coordinates": [
          121.585179,
          25.038685
        ]
      }
    },
    {
      "type": "Feature",
      "properties": {
        "restaurant_id": 372,
        "category": "環保餐廳",
        "name": "麥味登南軟園區",
        "phone": "(02)27833313",
        "mobile": "",
        "address": "臺北市南港區新民街81號",
        "district": "南港區",
        "eco_actions": "環境管理, 綠色採購, 源頭減量, 惜食(善用食材), 環境教育",
        "primary_action": "環境管理",
        "action_count": 5
      },
      "geometry": {
        "type": "Point",
        "coordinates": [
          121.611106,
          25.055636
        ]
      }
    },
    {
      "type": "Feature",
      "properties": {
        "restaurant_id": 373,
        "category": "環保餐廳",
        "name": "麥味登景興饗食大亨",
        "phone": "(02)29325657",
        "mobile": "",
        "address": "臺北市文山區景興路40號",
        "district": "文山區",
        "eco_actions": "環境管理, 綠色採購, 源頭減量, 惜食(善用食材), 環境教育",
        "primary_action": "環境管理",
        "action_count": 5
      },
      "geometry": {
        "type": "Point",
        "coordinates": [
          121.54625,
          24.993336
        ]
      }
    },
    {
      "type": "Feature",
      "properties": {
        "restaurant_id": 374,
        "category": "環保餐廳",
        "name": "麥味登萬華雙園",
        "phone": "(02)22123484",
        "mobile": "",
        "address": "臺北市萬華區雙園街148號",
        "district": "萬華區",
        "eco_actions": "環境管理, 綠色採購, 源頭減量, 惜食(善用食材), 環境教育",
        "primary_action": "環境管理",
        "action_count": 5
      },
      "geometry": {
        "type": "Point",
        "coordinates": [
          121.491891,
          25.031637
        ]
      }
    },
    {
      "type": "Feature",
      "properties": {
        "restaurant_id": 375,
        "category": "環保餐廳",
        "name": "麥味登萬華寶興",
        "phone": "(02)23395976",
        "mobile": "",
        "address": "臺北市萬華區寶興街109號",
        "district": "萬華區",
        "eco_actions": "環境管理, 綠色採購, 源頭減量, 惜食(善用食材), 環境教育",
        "primary_action": "環境管理",
        "action_count": 5
      },
      "geometry": {
        "type": "Point",
        "coordinates": [
          121.494681,
          25.025495
        ]
      }
    },
    {
      "type": "Feature",
      "properties": {
        "restaurant_id": 376,
        "category": "環保餐廳",
        "name": "麻辣45 本店",
        "phone": "(02)27253358",
        "mobile": "",
        "address": "臺北市信義區忠孝東路五段68號45樓",
        "district": "信義區",
        "eco_actions": "環境管理, 源頭減量",
        "primary_action": "環境管理",
        "action_count": 2
      },
      "geometry": {
        "type": "Point",
        "coordinates": [
          121.566832,
          25.040721
        ]
      }
    },
    {
      "type": "Feature",
      "properties": {
        "restaurant_id": 377,
        "category": "環保餐廳",
        "name": "凱林鐵板燒",
        "phone": "(02)87728551",
        "mobile": "",
        "address": "臺北市大安區忠孝東路三段300號B2",
        "district": "大安區",
        "eco_actions": "環境管理, 源頭減量, 惜食(善用食材)",
        "primary_action": "環境管理",
        "action_count": 3
      },
      "geometry": {
        "type": "Point",
        "coordinates": [
          121.543054,
          25.041212
        ]
      }
    },
    {
      "type": "Feature",
      "properties": {
        "restaurant_id": 378,
        "category": "環保餐廳",
        "name": "凱基證券總公司員工餐廳(自有)",
        "phone": "(02)21818888",
        "mobile": "",
        "address": "臺北市中山區成功里明水路700號4樓",
        "district": "中山區",
        "eco_actions": "環境管理, 綠色採購, 環境教育",
        "primary_action": "環境管理",
        "action_count": 3
      },
      "geometry": {
        "type": "Point",
        "coordinates": [
          121.551627,
          25.084983
        ]
      }
    },
    {
      "type": "Feature",
      "properties": {
        "restaurant_id": 379,
        "category": "環保餐廳",
        "name": "勝利廚房",
        "phone": "(02)27766603",
        "mobile": "",
        "address": "臺北市中山區八德路二段174巷28號1-2樓",
        "district": "中山區",
        "eco_actions": "環境管理, 綠色採購, 源頭減量, 惜食(善用食材), 環境教育, 8",
        "primary_action": "環境管理",
        "action_count": 6
      },
      "geometry": {
        "type": "Point",
        "coordinates": [
          121.538171,
          25.045326
        ]
      }
    },
    {
      "type": "Feature",
      "properties": {
        "restaurant_id": 380,
        "category": "環保餐廳",
        "name": "博多天麩羅山海",
        "phone": "(02)27231885",
        "mobile": "",
        "address": "臺北市信義區忠孝東路五段8號B2",
        "district": "信義區",
        "eco_actions": "環境管理, 綠色採購, 源頭減量",
        "primary_action": "環境管理",
        "action_count": 3
      },
      "geometry": {
        "type": "Point",
        "coordinates": [
          121.565414,
          25.040865
        ]
      }
    },
    {
      "type": "Feature",
      "properties": {
        "restaurant_id": 381,
        "category": "環保餐廳",
        "name": "喜陽鮮食(微風．三總商店街)",
        "phone": "(02)87923311#1#10023",
        "mobile": "",
        "address": "臺北市內湖區成功路二段325號B1樓",
        "district": "內湖區",
        "eco_actions": "環境管理",
        "primary_action": "環境管理",
        "action_count": 1
      },
      "geometry": {
        "type": "Point",
        "coordinates": [
          121.591979,
          25.071802
        ]
      }
    },
    {
      "type": "Feature",
      "properties": {
        "restaurant_id": 382,
        "category": "環保餐廳",
        "name": "帽哥海味",
        "phone": "",
        "mobile": "915099822",
        "address": "臺北市信義區忠孝東路四段559巷16弄8號1樓",
        "district": "信義區",
        "eco_actions": "環境管理",
        "primary_action": "環境管理",
        "action_count": 1
      },
      "geometry": {
        "type": "Point",
        "coordinates": [
          121.564086,
          25.042277
        ]
      }
    },
    {
      "type": "Feature",
      "properties": {
        "restaurant_id": 383,
        "category": "環保餐廳",
        "name": "晶湯匙泰式主題餐廳",
        "phone": "(02)87725006",
        "mobile": "",
        "address": "臺北市大安區忠孝東路四段300號10樓",
        "district": "大安區",
        "eco_actions": "環境管理, 綠色採購, 源頭減量, 環境教育",
        "primary_action": "環境管理",
        "action_count": 4
      },
      "geometry": {
        "type": "Point",
        "coordinates": [
          121.556277,
          25.041156
        ]
      }
    },
    {
      "type": "Feature",
      "properties": {
        "restaurant_id": 384,
        "category": "環保餐廳",
        "name": "港都熱炒 中山旗艦店",
        "phone": "(02)25221918",
        "mobile": "",
        "address": "臺北市中山區民生東路一段52號",
        "district": "中山區",
        "eco_actions": "環境管理, 綠色採購, 源頭減量, 環境教育",
        "primary_action": "環境管理",
        "action_count": 4
      },
      "geometry": {
        "type": "Point",
        "coordinates": [
          121.525365,
          25.058913
        ]
      }
    },
    {
      "type": "Feature",
      "properties": {
        "restaurant_id": 385,
        "category": "環保餐廳",
        "name": "無二會所",
        "phone": "(02)23917599",
        "mobile": "",
        "address": "臺北市大安區杭州南路二段61巷12號",
        "district": "大安區",
        "eco_actions": "環境管理, 綠色採購, 源頭減量, 環境教育",
        "primary_action": "環境管理",
        "action_count": 4
      },
      "geometry": {
        "type": "Point",
        "coordinates": [
          121.522979,
          25.03013
        ]
      }
    },
    {
      "type": "Feature",
      "properties": {
        "restaurant_id": 386,
        "category": "環保餐廳",
        "name": "發肉燒肉餐酒(敦化本店)",
        "phone": "(02)27113331",
        "mobile": "",
        "address": "臺北市松山區敦化北路4巷56號",
        "district": "松山區",
        "eco_actions": "環境管理, 惜食(善用食材), 環境教育",
        "primary_action": "環境管理",
        "action_count": 3
      },
      "geometry": {
        "type": "Point",
        "coordinates": [
          121.54486,
          25.050291
        ]
      }
    },
    {
      "type": "Feature",
      "properties": {
        "restaurant_id": 387,
        "category": "環保餐廳",
        "name": "華南銀行員工餐廳",
        "phone": "(02)23713111#3#3233",
        "mobile": "",
        "address": "臺北市信義區松仁路123號3樓",
        "district": "信義區",
        "eco_actions": "環境管理, 綠色採購, 源頭減量",
        "primary_action": "環境管理",
        "action_count": 3
      },
      "geometry": {
        "type": "Point",
        "coordinates": [
          121.568781,
          25.034519
        ]
      }
    },
    {
      "type": "Feature",
      "properties": {
        "restaurant_id": 388,
        "category": "環保餐廳",
        "name": "貴陽柳州螺螄粉",
        "phone": "(02)23612627",
        "mobile": "",
        "address": "臺北市萬華區貴陽街二段36號",
        "district": "萬華區",
        "eco_actions": "環境管理",
        "primary_action": "環境管理",
        "action_count": 1
      },
      "geometry": {
        "type": "Point",
        "coordinates": [
          121.505088,
          25.039524
        ]
      }
    },
    {
      "type": "Feature",
      "properties": {
        "restaurant_id": 389,
        "category": "環保餐廳",
        "name": "開飯川食堂",
        "phone": "(02)27515618",
        "mobile": "",
        "address": "臺北市大安區敦化南路一段246號B2",
        "district": "大安區",
        "eco_actions": "環境管理, 綠色採購, 源頭減量, 惜食(善用食材), 環境教育",
        "primary_action": "環境管理",
        "action_count": 5
      },
      "geometry": {
        "type": "Point",
        "coordinates": [
          121.548439,
          25.040147
        ]
      }
    },
    {
      "type": "Feature",
      "properties": {
        "restaurant_id": 390,
        "category": "環保餐廳",
        "name": "陽明山春天書食創作料理士林店",
        "phone": "(02)28620178",
        "mobile": "",
        "address": "臺北市士林區?山路119-1號",
        "district": "士林區",
        "eco_actions": "環境管理, 綠色採購, 食材及餐點, 源頭減量, 惜食(打包服務), 惜食(善用食材), 環境教育",
        "primary_action": "環境管理",
        "action_count": 7
      },
      "geometry": {
        "type": "Point",
        "coordinates": [
          121.531662,
          25.12251
        ]
      }
    },
    {
      "type": "Feature",
      "properties": {
        "restaurant_id": 391,
        "category": "環保餐廳",
        "name": "雲泰小鎮泰式料理",
        "phone": "(02)23675625",
        "mobile": "",
        "address": "臺北市中正區羅斯福路四段90巷2-2號",
        "district": "中正區",
        "eco_actions": "源頭減量, 惜食(善用食材), 環境教育",
        "primary_action": "源頭減量",
        "action_count": 3
      },
      "geometry": {
        "type": "Point",
        "coordinates": [
          121.534797,
          25.013829
        ]
      }
    },
    {
      "type": "Feature",
      "properties": {
        "restaurant_id": 392,
        "category": "環保餐廳",
        "name": "黑毛屋 信義 ATT 店",
        "phone": "(02)77362698",
        "mobile": "",
        "address": "臺北市信義區松壽路12號4樓",
        "district": "信義區",
        "eco_actions": "環境管理, 源頭減量",
        "primary_action": "環境管理",
        "action_count": 2
      },
      "geometry": {
        "type": "Point",
        "coordinates": [
          121.566264,
          25.035351
        ]
      }
    },
    {
      "type": "Feature",
      "properties": {
        "restaurant_id": 393,
        "category": "環保餐廳",
        "name": "黑毛屋 南港中信店",
        "phone": "(02)27865669",
        "mobile": "",
        "address": "臺北市南港區經貿二路186-1號2樓",
        "district": "南港區",
        "eco_actions": "環境管理, 源頭減量",
        "primary_action": "環境管理",
        "action_count": 2
      },
      "geometry": {
        "type": "Point",
        "coordinates": [
          121.616419,
          25.059324
        ]
      }
    },
    {
      "type": "Feature",
      "properties": {
        "restaurant_id": 394,
        "category": "環保餐廳",
        "name": "黑毛屋大直忠泰店",
        "phone": "(02)85025991",
        "mobile": "",
        "address": "臺北市中正區樂群三路200號5樓",
        "district": "中正區",
        "eco_actions": "環境管理, 源頭減量",
        "primary_action": "環境管理",
        "action_count": 2
      },
      "geometry": {
        "type": "Point",
        "coordinates": [
          121.55696,
          25.082542
        ]
      }
    },
    {
      "type": "Feature",
      "properties": {
        "restaurant_id": 395,
        "category": "環保餐廳",
        "name": "黑毛屋天母SOGO店",
        "phone": "(02)28366018",
        "mobile": "",
        "address": "臺北市士林區中山北路6段77號8樓",
        "district": "士林區",
        "eco_actions": "環境管理, 綠色採購, 源頭減量, 惜食(善用食材), 環境教育",
        "primary_action": "環境管理",
        "action_count": 5
      },
      "geometry": {
        "type": "Point",
        "coordinates": [
          121.529384,
          25.090193
        ]
      }
    },
    {
      "type": "Feature",
      "properties": {
        "restaurant_id": 396,
        "category": "環保餐廳",
        "name": "黑毛屋本家 信義店",
        "phone": "(02)27237722",
        "mobile": "",
        "address": "臺北市信義區松高路19號6樓",
        "district": "信義區",
        "eco_actions": "環境管理, 源頭減量",
        "primary_action": "環境管理",
        "action_count": 2
      },
      "geometry": {
        "type": "Point",
        "coordinates": [
          121.566664,
          25.03936
        ]
      }
    },
    {
      "type": "Feature",
      "properties": {
        "restaurant_id": 397,
        "category": "環保餐廳",
        "name": "黑毛屋本家(復興SOGO店)",
        "phone": "(02)27315199",
        "mobile": "",
        "address": "臺北市大安區忠孝東路三段300號11樓",
        "district": "大安區",
        "eco_actions": "環境管理, 源頭減量, 惜食(善用食材)",
        "primary_action": "環境管理",
        "action_count": 3
      },
      "geometry": {
        "type": "Point",
        "coordinates": [
          121.543054,
          25.041212
        ]
      }
    },
    {
      "type": "Feature",
      "properties": {
        "restaurant_id": 398,
        "category": "環保餐廳",
        "name": "黑毛屋微風台北車站店",
        "phone": "(02)23751511",
        "mobile": "",
        "address": "臺北市中正區北平西路3號2樓",
        "district": "中正區",
        "eco_actions": "環境管理, 源頭減量",
        "primary_action": "環境管理",
        "action_count": 2
      },
      "geometry": {
        "type": "Point",
        "coordinates": [
          121.517055,
          25.047176
        ]
      }
    },
    {
      "type": "Feature",
      "properties": {
        "restaurant_id": 399,
        "category": "環保餐廳",
        "name": "愛加倍餐廳",
        "phone": "(02)22303518",
        "mobile": "",
        "address": "臺北市文山區萬美街一段19巷5之1",
        "district": "文山區",
        "eco_actions": "環境管理, 綠色採購, 惜食(善用食材), 環境教育",
        "primary_action": "環境管理",
        "action_count": 4
      },
      "geometry": {
        "type": "Point",
        "coordinates": [
          121.569055,
          25.001576
        ]
      }
    },
    {
      "type": "Feature",
      "properties": {
        "restaurant_id": 400,
        "category": "環保餐廳",
        "name": "新盛員工餐廳",
        "phone": "",
        "mobile": "09-75236333",
        "address": "臺北市中正區忠孝東路一段12號B3",
        "district": "中正區",
        "eco_actions": "環境管理, 綠色採購, 源頭減量, 惜食(善用食材), 環境教育",
        "primary_action": "環境管理",
        "action_count": 5
      },
      "geometry": {
        "type": "Point",
        "coordinates": [
          121.522068,
          25.044913
        ]
      }
    },
    {
      "type": "Feature",
      "properties": {
        "restaurant_id": 401,
        "category": "環保餐廳",
        "name": "新葡苑（天母SOGO店）",
        "phone": "(02)28366628",
        "mobile": "",
        "address": "臺北市士林區中山北路6段77號8樓",
        "district": "士林區",
        "eco_actions": "環境管理, 綠色採購, 源頭減量, 惜食(善用食材), 環境教育",
        "primary_action": "環境管理",
        "action_count": 5
      },
      "geometry": {
        "type": "Point",
        "coordinates": [
          121.529384,
          25.090193
        ]
      }
    },
    {
      "type": "Feature",
      "properties": {
        "restaurant_id": 402,
        "category": "環保餐廳",
        "name": "新葡苑(復興SOGO店)",
        "phone": "(02)87720177",
        "mobile": "",
        "address": "臺北市大安區忠孝東路三段300號10樓",
        "district": "大安區",
        "eco_actions": "--",
        "primary_action": "--",
        "action_count": 1
      },
      "geometry": {
        "type": "Point",
        "coordinates": [
          121.543054,
          25.041212
        ]
      }
    },
    {
      "type": "Feature",
      "properties": {
        "restaurant_id": 403,
        "category": "環保餐廳",
        "name": "楊記(微風．三總商店街)",
        "phone": "(02)87923311#1#10077",
        "mobile": "",
        "address": "臺北市內湖區成功路二段325號B1樓",
        "district": "內湖區",
        "eco_actions": "環境管理",
        "primary_action": "環境管理",
        "action_count": 1
      },
      "geometry": {
        "type": "Point",
        "coordinates": [
          121.591979,
          25.071802
        ]
      }
    },
    {
      "type": "Feature",
      "properties": {
        "restaurant_id": 404,
        "category": "環保餐廳",
        "name": "萬芳冰室-南京店",
        "phone": "(02)27494069",
        "mobile": "",
        "address": "臺北市松山區南京東路五段66巷16號",
        "district": "松山區",
        "eco_actions": "環境管理, 綠色採購, 源頭減量, 惜食(善用食材), 環境教育",
        "primary_action": "環境管理",
        "action_count": 5
      },
      "geometry": {
        "type": "Point",
        "coordinates": [
          121.560053,
          25.049574
        ]
      }
    },
    {
      "type": "Feature",
      "properties": {
        "restaurant_id": 405,
        "category": "環保餐廳",
        "name": "義美見學餐廳(北榮美食街)",
        "phone": "(02)28749302",
        "mobile": "",
        "address": "臺北市北投區石牌路二段201號生活廣場",
        "district": "北投區",
        "eco_actions": "環境管理, 綠色採購, 食材及餐點, 源頭減量, 惜食(打包服務), 惜食(善用食材), 環境教育",
        "primary_action": "環境管理",
        "action_count": 7
      },
      "geometry": {
        "type": "Point",
        "coordinates": [
          121.522479,
          25.120637
        ]
      }
    },
    {
      "type": "Feature",
      "properties": {
        "restaurant_id": 406,
        "category": "環保餐廳",
        "name": "蜂蜜窩桌遊咖啡館",
        "phone": "(02)27425922",
        "mobile": "",
        "address": "臺北市松山區光復北路103巷38號",
        "district": "松山區",
        "eco_actions": "環境管理, 惜食(善用食材)",
        "primary_action": "環境管理",
        "action_count": 2
      },
      "geometry": {
        "type": "Point",
        "coordinates": [
          121.556578,
          25.050969
        ]
      }
    },
    {
      "type": "Feature",
      "properties": {
        "restaurant_id": 407,
        "category": "環保餐廳",
        "name": "詩特莉 Aunt Stella (忠孝SOGO店)",
        "phone": "(02)27403072",
        "mobile": "",
        "address": "臺北市大安區忠孝東路四段45號B1",
        "district": "大安區",
        "eco_actions": "環境管理, 綠色採購, 食材及餐點, 源頭減量, 惜食(打包服務), 惜食(善用食材), 環境教育",
        "primary_action": "環境管理",
        "action_count": 7
      },
      "geometry": {
        "type": "Point",
        "coordinates": [
          121.553038,
          25.039053
        ]
      }
    },
    {
      "type": "Feature",
      "properties": {
        "restaurant_id": 408,
        "category": "環保餐廳",
        "name": "頌丹樂泰式伊善料理",
        "phone": "(02)23882968",
        "mobile": "",
        "address": "臺北市中正區北平西路3號2樓",
        "district": "中正區",
        "eco_actions": "環境管理, 綠色採購, 源頭減量, 惜食(善用食材), 環境教育",
        "primary_action": "環境管理",
        "action_count": 5
      },
      "geometry": {
        "type": "Point",
        "coordinates": [
          121.517055,
          25.047176
        ]
      }
    },
    {
      "type": "Feature",
      "properties": {
        "restaurant_id": 409,
        "category": "環保餐廳",
        "name": "彰化商業銀行員工餐廳",
        "phone": "",
        "mobile": "912525473",
        "address": "臺北市中山區中山北路二段57號13樓",
        "district": "中山區",
        "eco_actions": "環境管理, 綠色採購, 惜食(善用食材), 環境教育",
        "primary_action": "環境管理",
        "action_count": 4
      },
      "geometry": {
        "type": "Point",
        "coordinates": [
          121.520565,
          25.053149
        ]
      }
    },
    {
      "type": "Feature",
      "properties": {
        "restaurant_id": 410,
        "category": "環保餐廳",
        "name": "漢來名人坊",
        "phone": "(02)87732111",
        "mobile": "",
        "address": "臺北市大安區敦化南路一段246號4樓",
        "district": "大安區",
        "eco_actions": "環境管理, 綠色採購, 源頭減量, 惜食(善用食材), 環境教育",
        "primary_action": "環境管理",
        "action_count": 5
      },
      "geometry": {
        "type": "Point",
        "coordinates": [
          121.548439,
          25.040147
        ]
      }
    },
    {
      "type": "Feature",
      "properties": {
        "restaurant_id": 411,
        "category": "環保餐廳",
        "name": "漢來海港-天母店",
        "phone": "(07)4128068#2",
        "mobile": "",
        "address": "臺北市士林區中山北路六段77號7F",
        "district": "士林區",
        "eco_actions": "環境管理, 環境教育",
        "primary_action": "環境管理",
        "action_count": 2
      },
      "geometry": {
        "type": "Point",
        "coordinates": [
          121.524275,
          25.105008
        ]
      }
    },
    {
      "type": "Feature",
      "properties": {
        "restaurant_id": 412,
        "category": "環保餐廳",
        "name": "漢來海港-敦化店",
        "phone": "(07)4128068#1",
        "mobile": "",
        "address": "臺北市大安區敦化南路一段246號6樓",
        "district": "大安區",
        "eco_actions": "環境管理, 環境教育",
        "primary_action": "環境管理",
        "action_count": 2
      },
      "geometry": {
        "type": "Point",
        "coordinates": [
          121.548439,
          25.040147
        ]
      }
    },
    {
      "type": "Feature",
      "properties": {
        "restaurant_id": 413,
        "category": "環保餐廳",
        "name": "漢來蔬食 (忠孝SOGO店)",
        "phone": "(02)27311128",
        "mobile": "",
        "address": "臺北市大安區忠孝東路四段45號11F",
        "district": "大安區",
        "eco_actions": "環境管理, 綠色採購, 食材及餐點, 源頭減量, 惜食(打包服務), 惜食(善用食材), 環境教育",
        "primary_action": "環境管理",
        "action_count": 7
      },
      "geometry": {
        "type": "Point",
        "coordinates": [
          121.553038,
          25.039053
        ]
      }
    },
    {
      "type": "Feature",
      "properties": {
        "restaurant_id": 414,
        "category": "環保餐廳",
        "name": "綠帶純植物烘焙",
        "phone": "(02)27477668",
        "mobile": "",
        "address": "臺北市松山區民生東路五段36巷8弄64號1樓",
        "district": "松山區",
        "eco_actions": "環境管理, 綠色採購, 惜食(善用食材), 環境教育",
        "primary_action": "環境管理",
        "action_count": 4
      },
      "geometry": {
        "type": "Point",
        "coordinates": [
          121.560495,
          25.057164
        ]
      }
    },
    {
      "type": "Feature",
      "properties": {
        "restaurant_id": 415,
        "category": "環保餐廳",
        "name": "翟記牛肉麵食館",
        "phone": "(02)87717195",
        "mobile": "",
        "address": "臺北市大安區通安街80號",
        "district": "大安區",
        "eco_actions": "環境管理",
        "primary_action": "環境管理",
        "action_count": 1
      },
      "geometry": {
        "type": "Point",
        "coordinates": [
          121.55312,
          25.030288
        ]
      }
    },
    {
      "type": "Feature",
      "properties": {
        "restaurant_id": 416,
        "category": "環保餐廳",
        "name": "聚 北海道鍋物 (忠孝SOGO店)",
        "phone": "(02)27218787",
        "mobile": "",
        "address": "臺北市大安區忠孝東路四段45號11F",
        "district": "大安區",
        "eco_actions": "環境管理, 綠色採購, 食材及餐點, 源頭減量, 惜食(善用食材), 環境教育",
        "primary_action": "環境管理",
        "action_count": 6
      },
      "geometry": {
        "type": "Point",
        "coordinates": [
          121.553038,
          25.039053
        ]
      }
    },
    {
      "type": "Feature",
      "properties": {
        "restaurant_id": 417,
        "category": "環保餐廳",
        "name": "聚寶員工餐廳",
        "phone": "(02)27156888#1560",
        "mobile": "",
        "address": "臺北市松山區敦化北路158號",
        "district": "松山區",
        "eco_actions": "環境管理, 綠色採購, 源頭減量, 惜食(善用食材), 環境教育",
        "primary_action": "環境管理",
        "action_count": 5
      },
      "geometry": {
        "type": "Point",
        "coordinates": [
          121.548394,
          25.055344
        ]
      }
    },
    {
      "type": "Feature",
      "properties": {
        "restaurant_id": 418,
        "category": "環保餐廳",
        "name": "臺灣企銀總行大樓員工餐廳",
        "phone": "(02)25597171#2860",
        "mobile": "",
        "address": "臺北市大同區塔城街30號18樓",
        "district": "大同區",
        "eco_actions": "環境管理, 源頭減量",
        "primary_action": "環境管理",
        "action_count": 2
      },
      "geometry": {
        "type": "Point",
        "coordinates": [
          121.510285,
          25.05117
        ]
      }
    },
    {
      "type": "Feature",
      "properties": {
        "restaurant_id": 419,
        "category": "環保餐廳",
        "name": "蓋子普拉斯小餐館",
        "phone": "(02)27118571",
        "mobile": "",
        "address": "臺北市大安區忠孝東路三段10巷22號",
        "district": "大安區",
        "eco_actions": "環境管理, 綠色採購, 源頭減量",
        "primary_action": "環境管理",
        "action_count": 3
      },
      "geometry": {
        "type": "Point",
        "coordinates": [
          121.533346,
          25.040759
        ]
      }
    },
    {
      "type": "Feature",
      "properties": {
        "restaurant_id": 420,
        "category": "環保餐廳",
        "name": "遠東SOGO忠孝店員工餐廳",
        "phone": "(02)27765555#1506",
        "mobile": "",
        "address": "臺北市大安區忠孝東路四段45號",
        "district": "大安區",
        "eco_actions": "環境管理, 綠色採購, 源頭減量, 惜食(善用食材), 環境教育",
        "primary_action": "環境管理",
        "action_count": 5
      },
      "geometry": {
        "type": "Point",
        "coordinates": [
          121.553038,
          25.039053
        ]
      }
    },
    {
      "type": "Feature",
      "properties": {
        "restaurant_id": 421,
        "category": "環保餐廳",
        "name": "廟口蚵仔煎(微風台大醫院商場)",
        "phone": "(02)23952298#8124",
        "mobile": "",
        "address": "臺北市中正區中山南路77號B1F",
        "district": "中正區",
        "eco_actions": "環境管理, 環境教育",
        "primary_action": "環境管理",
        "action_count": 2
      },
      "geometry": {
        "type": "Point",
        "coordinates": [
          121.517269,
          25.045429
        ]
      }
    },
    {
      "type": "Feature",
      "properties": {
        "restaurant_id": 422,
        "category": "環保餐廳",
        "name": "摩斯漢堡(天母SOGO店)",
        "phone": "(02)28343204",
        "mobile": "",
        "address": "臺北市士林區中山北路六段77號",
        "district": "士林區",
        "eco_actions": "環境管理, 綠色採購, 源頭減量, 惜食(善用食材), 環境教育",
        "primary_action": "環境管理",
        "action_count": 5
      },
      "geometry": {
        "type": "Point",
        "coordinates": [
          121.524275,
          25.105008
        ]
      }
    },
    {
      "type": "Feature",
      "properties": {
        "restaurant_id": 423,
        "category": "環保餐廳",
        "name": "樂檸漢堡（忠孝敦化門市）",
        "phone": "(02)87720607",
        "mobile": "",
        "address": "臺北市大安區忠孝東路四段223巷47號",
        "district": "大安區",
        "eco_actions": "環境管理",
        "primary_action": "環境管理",
        "action_count": 1
      },
      "geometry": {
        "type": "Point",
        "coordinates": [
          121.552872,
          25.042905
        ]
      }
    },
    {
      "type": "Feature",
      "properties": {
        "restaurant_id": 424,
        "category": "環保餐廳",
        "name": "樂檸漢堡（信義遠百門市）",
        "phone": "(02)27255260",
        "mobile": "",
        "address": "臺北市信義區松仁路58號B3（A13信義遠百B3）",
        "district": "信義區",
        "eco_actions": "環境管理",
        "primary_action": "環境管理",
        "action_count": 1
      },
      "geometry": {
        "type": "Point",
        "coordinates": [
          121.754797,
          25.126886
        ]
      }
    },
    {
      "type": "Feature",
      "properties": {
        "restaurant_id": 425,
        "category": "環保餐廳",
        "name": "樂檸漢堡（南京三民門市）",
        "phone": "(02)27620398",
        "mobile": "",
        "address": "臺北市松山區光復北路11巷99-1號",
        "district": "松山區",
        "eco_actions": "環境管理",
        "primary_action": "環境管理",
        "action_count": 1
      },
      "geometry": {
        "type": "Point",
        "coordinates": [
          121.55863,
          25.050595
        ]
      }
    },
    {
      "type": "Feature",
      "properties": {
        "restaurant_id": 426,
        "category": "環保餐廳",
        "name": "蔬店手作鍋物復興店",
        "phone": "(02)27311008",
        "mobile": "",
        "address": "臺北市大安區復興南路一段107巷2號",
        "district": "大安區",
        "eco_actions": "環境管理, 惜食(善用食材), 環境教育",
        "primary_action": "環境管理",
        "action_count": 3
      },
      "geometry": {
        "type": "Point",
        "coordinates": [
          121.544533,
          25.043625
        ]
      }
    },
    {
      "type": "Feature",
      "properties": {
        "restaurant_id": 427,
        "category": "環保餐廳",
        "name": "蔬漫小姐Miss Shumaan.house",
        "phone": "(02)27662386",
        "mobile": "",
        "address": "臺北市信義區永吉路120巷82號1F",
        "district": "信義區",
        "eco_actions": "環境管理, 綠色採購, 源頭減量, 惜食(善用食材), 環境教育",
        "primary_action": "環境管理",
        "action_count": 5
      },
      "geometry": {
        "type": "Point",
        "coordinates": [
          121.570114,
          25.042614
        ]
      }
    },
    {
      "type": "Feature",
      "properties": {
        "restaurant_id": 428,
        "category": "環保餐廳",
        "name": "醉美餐酒水煙館 Drunk Night",
        "phone": "",
        "mobile": "909663981",
        "address": "臺北市大安區文昌街128號",
        "district": "大安區",
        "eco_actions": "環境管理, 綠色採購",
        "primary_action": "環境管理",
        "action_count": 2
      },
      "geometry": {
        "type": "Point",
        "coordinates": [
          121.552657,
          25.03255
        ]
      }
    },
    {
      "type": "Feature",
      "properties": {
        "restaurant_id": 429,
        "category": "環保餐廳",
        "name": "養心茶樓",
        "phone": "(02)25428828",
        "mobile": "",
        "address": "臺北市中山區松江路128號2樓",
        "district": "中山區",
        "eco_actions": "環境管理, 源頭減量, 惜食(善用食材), 環境教育",
        "primary_action": "環境管理",
        "action_count": 4
      },
      "geometry": {
        "type": "Point",
        "coordinates": [
          121.53278,
          25.052511
        ]
      }
    },
    {
      "type": "Feature",
      "properties": {
        "restaurant_id": 430,
        "category": "環保餐廳",
        "name": "曉鹿鳴樓上海菜",
        "phone": "(02)23688994",
        "mobile": "",
        "address": "臺北市大安區羅斯福路四段85號",
        "district": "大安區",
        "eco_actions": "環境管理, 源頭減量, 惜食(善用食材), 環境教育",
        "primary_action": "環境管理",
        "action_count": 4
      },
      "geometry": {
        "type": "Point",
        "coordinates": [
          121.536485,
          25.012893
        ]
      }
    },
    {
      "type": "Feature",
      "properties": {
        "restaurant_id": 431,
        "category": "環保餐廳",
        "name": "橫濱牛排-微風南京店",
        "phone": "(02)87125575",
        "mobile": "",
        "address": "臺北市松山區南京東路3段337號3樓",
        "district": "松山區",
        "eco_actions": "環境管理, 食材及餐點, 源頭減量, 惜食(打包服務), 惜食(善用食材), 環境教育",
        "primary_action": "環境管理",
        "action_count": 6
      },
      "geometry": {
        "type": "Point",
        "coordinates": [
          121.556463,
          25.052104
        ]
      }
    },
    {
      "type": "Feature",
      "properties": {
        "restaurant_id": 432,
        "category": "環保餐廳",
        "name": "燒肉Smile大安忠孝店",
        "phone": "(02)27522000",
        "mobile": "",
        "address": "臺北市大安區忠孝東路四段104號號2樓之1",
        "district": "大安區",
        "eco_actions": "環境管理, 惜食(善用食材)",
        "primary_action": "環境管理",
        "action_count": 2
      },
      "geometry": {
        "type": "Point",
        "coordinates": [
          121.553174,
          25.041514
        ]
      }
    },
    {
      "type": "Feature",
      "properties": {
        "restaurant_id": 433,
        "category": "環保餐廳",
        "name": "燒肉Smile台北內湖店",
        "phone": "(02)26599555",
        "mobile": "",
        "address": "臺北市內湖區內湖路一段320號",
        "district": "內湖區",
        "eco_actions": "惜食(善用食材)",
        "primary_action": "惜食(善用食材)",
        "action_count": 1
      },
      "geometry": {
        "type": "Point",
        "coordinates": [
          121.569939,
          25.081623
        ]
      }
    },
    {
      "type": "Feature",
      "properties": {
        "restaurant_id": 434,
        "category": "環保餐廳",
        "name": "燒肉Smile台北忠孝",
        "phone": "(02)87852227",
        "mobile": "",
        "address": "臺北市信義區忠孝東路五段497號2樓",
        "district": "信義區",
        "eco_actions": "環境管理, 惜食(善用食材)",
        "primary_action": "環境管理",
        "action_count": 2
      },
      "geometry": {
        "type": "Point",
        "coordinates": [
          121.57842,
          25.041331
        ]
      }
    },
    {
      "type": "Feature",
      "properties": {
        "restaurant_id": 435,
        "category": "環保餐廳",
        "name": "築間幸福鍋物內湖成功",
        "phone": "(02)27952275",
        "mobile": "",
        "address": "臺北市內湖區成功路4段34號1樓",
        "district": "內湖區",
        "eco_actions": "環境管理, 惜食(善用食材)",
        "primary_action": "環境管理",
        "action_count": 2
      },
      "geometry": {
        "type": "Point",
        "coordinates": [
          121.59363,
          25.084126
        ]
      }
    },
    {
      "type": "Feature",
      "properties": {
        "restaurant_id": 436,
        "category": "環保餐廳",
        "name": "築間幸福鍋物北投石牌",
        "phone": "(02)28289366",
        "mobile": "",
        "address": "臺北市北投區石牌路一段160號",
        "district": "北投區",
        "eco_actions": "環境管理, 惜食(善用食材)",
        "primary_action": "環境管理",
        "action_count": 2
      },
      "geometry": {
        "type": "Point",
        "coordinates": [
          121.513298,
          25.114334
        ]
      }
    },
    {
      "type": "Feature",
      "properties": {
        "restaurant_id": 437,
        "category": "環保餐廳",
        "name": "築間幸福鍋物台北三民",
        "phone": "(02)25289191",
        "mobile": "",
        "address": "臺北市松山區三民路25號",
        "district": "松山區",
        "eco_actions": "環境管理, 惜食(善用食材)",
        "primary_action": "環境管理",
        "action_count": 2
      },
      "geometry": {
        "type": "Point",
        "coordinates": [
          121.562128,
          25.057861
        ]
      }
    },
    {
      "type": "Feature",
      "properties": {
        "restaurant_id": 438,
        "category": "環保餐廳",
        "name": "築間幸福鍋物台北內湖",
        "phone": "(02)26561277",
        "mobile": "",
        "address": "臺北市內湖區內湖路一段318號",
        "district": "內湖區",
        "eco_actions": "環境管理, 惜食(善用食材)",
        "primary_action": "環境管理",
        "action_count": 2
      },
      "geometry": {
        "type": "Point",
        "coordinates": [
          121.56989,
          25.081638
        ]
      }
    },
    {
      "type": "Feature",
      "properties": {
        "restaurant_id": 439,
        "category": "環保餐廳",
        "name": "築間幸福鍋物台北西門町",
        "phone": "(02)23310003",
        "mobile": "",
        "address": "臺北市萬華區昆明街92-1號2樓",
        "district": "萬華區",
        "eco_actions": "環境管理, 惜食(善用食材)",
        "primary_action": "環境管理",
        "action_count": 2
      },
      "geometry": {
        "type": "Point",
        "coordinates": [
          121.504502,
          25.041313
        ]
      }
    },
    {
      "type": "Feature",
      "properties": {
        "restaurant_id": 440,
        "category": "環保餐廳",
        "name": "築間幸福鍋物台北忠孝一",
        "phone": "(02)87852222",
        "mobile": "",
        "address": "臺北市信義區忠孝東路五段695號",
        "district": "信義區",
        "eco_actions": "環境管理, 惜食(善用食材)",
        "primary_action": "環境管理",
        "action_count": 2
      },
      "geometry": {
        "type": "Point",
        "coordinates": [
          121.579991,
          25.042283
        ]
      }
    },
    {
      "type": "Feature",
      "properties": {
        "restaurant_id": 441,
        "category": "環保餐廳",
        "name": "築間幸福鍋物台北忠孝二",
        "phone": "(02)27732727",
        "mobile": "",
        "address": "臺北市大安區忠孝東路四段120號2樓",
        "district": "大安區",
        "eco_actions": "環境管理, 惜食(善用食材)",
        "primary_action": "環境管理",
        "action_count": 2
      },
      "geometry": {
        "type": "Point",
        "coordinates": [
          121.547322,
          25.041276
        ]
      }
    },
    {
      "type": "Feature",
      "properties": {
        "restaurant_id": 442,
        "category": "環保餐廳",
        "name": "築間幸福鍋物台北松江",
        "phone": "(02)25068633",
        "mobile": "",
        "address": "臺北市中山區松江路27號",
        "district": "中山區",
        "eco_actions": "環境管理, 惜食(善用食材)",
        "primary_action": "環境管理",
        "action_count": 2
      },
      "geometry": {
        "type": "Point",
        "coordinates": [
          121.531952,
          25.063149
        ]
      }
    },
    {
      "type": "Feature",
      "properties": {
        "restaurant_id": 443,
        "category": "環保餐廳",
        "name": "築間幸福鍋物台北南京一",
        "phone": "(02)25429099",
        "mobile": "",
        "address": "臺北市中山區南京東路一段138號1樓",
        "district": "中山區",
        "eco_actions": "環境管理, 惜食(善用食材)",
        "primary_action": "環境管理",
        "action_count": 2
      },
      "geometry": {
        "type": "Point",
        "coordinates": [
          121.527336,
          25.051882
        ]
      }
    },
    {
      "type": "Feature",
      "properties": {
        "restaurant_id": 444,
        "category": "環保餐廳",
        "name": "築間幸福鍋物台北南京二",
        "phone": "(02)25429199",
        "mobile": "",
        "address": "臺北市中山區南京東路一段138號2樓",
        "district": "中山區",
        "eco_actions": "環境管理, 惜食(善用食材)",
        "primary_action": "環境管理",
        "action_count": 2
      },
      "geometry": {
        "type": "Point",
        "coordinates": [
          121.527336,
          25.051882
        ]
      }
    },
    {
      "type": "Feature",
      "properties": {
        "restaurant_id": 445,
        "category": "環保餐廳",
        "name": "築間幸福鍋物台北南港",
        "phone": "(02)26516268",
        "mobile": "",
        "address": "臺北市南港區興中路56巷3號",
        "district": "南港區",
        "eco_actions": "環境管理, 惜食(善用食材)",
        "primary_action": "環境管理",
        "action_count": 2
      },
      "geometry": {
        "type": "Point",
        "coordinates": [
          121.606743,
          25.056501
        ]
      }
    },
    {
      "type": "Feature",
      "properties": {
        "restaurant_id": 446,
        "category": "環保餐廳",
        "name": "築間幸福鍋物台北復興南",
        "phone": "(02)27525568",
        "mobile": "",
        "address": "臺北市松山區復興南路一段1之1號",
        "district": "松山區",
        "eco_actions": "環境管理, 惜食(善用食材)",
        "primary_action": "環境管理",
        "action_count": 2
      },
      "geometry": {
        "type": "Point",
        "coordinates": [
          121.544355,
          25.046664
        ]
      }
    },
    {
      "type": "Feature",
      "properties": {
        "restaurant_id": 447,
        "category": "環保餐廳",
        "name": "築間幸福鍋物台北農安",
        "phone": "(02)25911717",
        "mobile": "",
        "address": "臺北市中山區農安街57號",
        "district": "中山區",
        "eco_actions": "環境管理, 惜食(善用食材)",
        "primary_action": "環境管理",
        "action_count": 2
      },
      "geometry": {
        "type": "Point",
        "coordinates": [
          121.527069,
          25.064982
        ]
      }
    },
    {
      "type": "Feature",
      "properties": {
        "restaurant_id": 448,
        "category": "環保餐廳",
        "name": "築間幸福鍋物台北雙城",
        "phone": "(02)25960707",
        "mobile": "",
        "address": "臺北市中山區雙城街34號1樓",
        "district": "中山區",
        "eco_actions": "環境管理, 惜食(善用食材)",
        "primary_action": "環境管理",
        "action_count": 2
      },
      "geometry": {
        "type": "Point",
        "coordinates": [
          121.524237,
          25.06656
        ]
      }
    },
    {
      "type": "Feature",
      "properties": {
        "restaurant_id": 449,
        "category": "環保餐廳",
        "name": "築間幸福鍋物信義世貿店",
        "phone": "(02)27201555",
        "mobile": "",
        "address": "臺北市信義區基隆路一段426號",
        "district": "信義區",
        "eco_actions": "惜食(善用食材)",
        "primary_action": "惜食(善用食材)",
        "action_count": 1
      },
      "geometry": {
        "type": "Point",
        "coordinates": [
          121.55983,
          25.033877
        ]
      }
    },
    {
      "type": "Feature",
      "properties": {
        "restaurant_id": 450,
        "category": "環保餐廳",
        "name": "隨意吧(公企店)",
        "phone": "(02)23416777",
        "mobile": "",
        "address": "臺北市大安區金華街187號1樓",
        "district": "大安區",
        "eco_actions": "環境管理, 綠色採購, 源頭減量, 惜食(善用食材)",
        "primary_action": "環境管理",
        "action_count": 4
      },
      "geometry": {
        "type": "Point",
        "coordinates": [
          121.52762,
          25.030128
        ]
      }
    },
    {
      "type": "Feature",
      "properties": {
        "restaurant_id": 451,
        "category": "環保餐廳",
        "name": "靜岡勝政日式豬排",
        "phone": "(02)28363899",
        "mobile": "",
        "address": "臺北市士林區中山北路六段77號8F",
        "district": "士林區",
        "eco_actions": "環境管理, 綠色採購, 源頭減量, 惜食(善用食材), 環境教育",
        "primary_action": "環境管理",
        "action_count": 5
      },
      "geometry": {
        "type": "Point",
        "coordinates": [
          121.524275,
          25.105008
        ]
      }
    },
    {
      "type": "Feature",
      "properties": {
        "restaurant_id": 452,
        "category": "環保餐廳",
        "name": "靜岡勝政豬排 南港環球店",
        "phone": "(02)27865589",
        "mobile": "",
        "address": "臺北市南港區忠孝東路七段371號B1",
        "district": "南港區",
        "eco_actions": "環境管理, 綠色採購, 源頭減量, 惜食(善用食材), 環境教育",
        "primary_action": "環境管理",
        "action_count": 5
      },
      "geometry": {
        "type": "Point",
        "coordinates": [
          121.607496,
          25.052571
        ]
      }
    },
    {
      "type": "Feature",
      "properties": {
        "restaurant_id": 453,
        "category": "環保餐廳",
        "name": "餡老滿(台北吉林店)",
        "phone": "(02)25672028",
        "mobile": "",
        "address": "臺北市中山區松江路90巷23號",
        "district": "中山區",
        "eco_actions": "環境管理, 綠色採購, 源頭減量, 惜食(善用食材)",
        "primary_action": "環境管理",
        "action_count": 4
      },
      "geometry": {
        "type": "Point",
        "coordinates": [
          121.530327,
          25.050615
        ]
      }
    },
    {
      "type": "Feature",
      "properties": {
        "restaurant_id": 454,
        "category": "環保餐廳",
        "name": "餡老滿(南港旗艦店)",
        "phone": "(02)27893423",
        "mobile": "",
        "address": "臺北市南港區經貿二路66號2樓",
        "district": "南港區",
        "eco_actions": "環境管理, 綠色採購, 源頭減量, 惜食(善用食材)",
        "primary_action": "環境管理",
        "action_count": 4
      },
      "geometry": {
        "type": "Point",
        "coordinates": [
          121.615837,
          25.057322
        ]
      }
    },
    {
      "type": "Feature",
      "properties": {
        "restaurant_id": 455,
        "category": "環保餐廳",
        "name": "默爾Pasta Pizza(信義誠品店)",
        "phone": "(02)27224660",
        "mobile": "",
        "address": "臺北市信義區松高路11號5樓",
        "district": "信義區",
        "eco_actions": "環境管理, 綠色採購, 食材及餐點, 源頭減量, 惜食(打包服務), 惜食(善用食材), 環境教育",
        "primary_action": "環境管理",
        "action_count": 7
      },
      "geometry": {
        "type": "Point",
        "coordinates": [
          121.56524,
          25.039516
        ]
      }
    },
    {
      "type": "Feature",
      "properties": {
        "restaurant_id": 456,
        "category": "環保餐廳",
        "name": "龍江涼麵",
        "phone": "(02)25062623",
        "mobile": "",
        "address": "臺北市中山區龍江路356巷5號(近濱江市場)",
        "district": "中山區",
        "eco_actions": "環境管理, 綠色採購, 源頭減量, 惜食(善用食材)",
        "primary_action": "環境管理",
        "action_count": 4
      },
      "geometry": {
        "type": "Point",
        "coordinates": [
          121.540675,
          25.066877
        ]
      }
    },
    {
      "type": "Feature",
      "properties": {
        "restaurant_id": 457,
        "category": "環保餐廳",
        "name": "龍凰號(微風．三總商店街)",
        "phone": "(02)87923311#10647",
        "mobile": "",
        "address": "臺北市內湖區成功路二段325號B1樓",
        "district": "內湖區",
        "eco_actions": "環境管理",
        "primary_action": "環境管理",
        "action_count": 1
      },
      "geometry": {
        "type": "Point",
        "coordinates": [
          121.591979,
          25.071802
        ]
      }
    },
    {
      "type": "Feature",
      "properties": {
        "restaurant_id": 458,
        "category": "環保餐廳",
        "name": "優米自助餐(微風．三總商店街)",
        "phone": "(02)87923311#10021",
        "mobile": "",
        "address": "臺北市內湖區成功路二段325號B1樓",
        "district": "內湖區",
        "eco_actions": "環境管理",
        "primary_action": "環境管理",
        "action_count": 1
      },
      "geometry": {
        "type": "Point",
        "coordinates": [
          121.591979,
          25.071802
        ]
      }
    },
    {
      "type": "Feature",
      "properties": {
        "restaurant_id": 459,
        "category": "環保餐廳",
        "name": "優喜-鍋物專門店",
        "phone": "(02)27493636",
        "mobile": "",
        "address": "臺北市信義區基隆路一段147巷5弄5號",
        "district": "信義區",
        "eco_actions": "環境管理, 綠色採購",
        "primary_action": "環境管理",
        "action_count": 2
      },
      "geometry": {
        "type": "Point",
        "coordinates": [
          121.566109,
          25.042616
        ]
      }
    },
    {
      "type": "Feature",
      "properties": {
        "restaurant_id": 460,
        "category": "環保餐廳",
        "name": "戲台酒館 Theater Trattoria",
        "phone": "(02)23971920",
        "mobile": "",
        "address": "臺北市中正區中山南路21-1號",
        "district": "中正區",
        "eco_actions": "環境管理",
        "primary_action": "環境管理",
        "action_count": 1
      },
      "geometry": {
        "type": "Point",
        "coordinates": [
          121.518319,
          25.040833
        ]
      }
    },
    {
      "type": "Feature",
      "properties": {
        "restaurant_id": 461,
        "category": "環保餐廳",
        "name": "禪風茶樓 Zen Tea Restaurant",
        "phone": "(02)25678977",
        "mobile": "",
        "address": "臺北市中山區松江路182號2樓",
        "district": "中山區",
        "eco_actions": "環境管理, 惜食(善用食材), 環境教育",
        "primary_action": "環境管理",
        "action_count": 3
      },
      "geometry": {
        "type": "Point",
        "coordinates": [
          121.532879,
          25.056298
        ]
      }
    },
    {
      "type": "Feature",
      "properties": {
        "restaurant_id": 462,
        "category": "環保餐廳",
        "name": "韓宮韓式料理",
        "phone": "(02)25235380",
        "mobile": "",
        "address": "臺北市中山區長安東路二段49之1號",
        "district": "中山區",
        "eco_actions": "環境管理, 綠色採購, 源頭減量",
        "primary_action": "環境管理",
        "action_count": 3
      },
      "geometry": {
        "type": "Point",
        "coordinates": [
          121.532371,
          25.048569
        ]
      }
    },
    {
      "type": "Feature",
      "properties": {
        "restaurant_id": 463,
        "category": "環保餐廳",
        "name": "點水樓(復興SOGO店)",
        "phone": "(02)87725089",
        "mobile": "",
        "address": "臺北市大安區忠孝東路三段300號11樓",
        "district": "大安區",
        "eco_actions": "環境管理, 源頭減量",
        "primary_action": "環境管理",
        "action_count": 2
      },
      "geometry": {
        "type": "Point",
        "coordinates": [
          121.543054,
          25.041212
        ]
      }
    },
    {
      "type": "Feature",
      "properties": {
        "restaurant_id": 464,
        "category": "環保餐廳",
        "name": "薆悅精品inn cafe x 台北成都會館",
        "phone": "(02)23751212",
        "mobile": "",
        "address": "臺北市萬華區成都路27巷8號",
        "district": "萬華區",
        "eco_actions": "環境管理, 綠色採購, 源頭減量",
        "primary_action": "環境管理",
        "action_count": 3
      },
      "geometry": {
        "type": "Point",
        "coordinates": [
          121.506527,
          25.041806
        ]
      }
    },
    {
      "type": "Feature",
      "properties": {
        "restaurant_id": 465,
        "category": "環保餐廳",
        "name": "藏粵閣",
        "phone": "(02)28616661",
        "mobile": "",
        "address": "臺北市士林區格致路237號2樓",
        "district": "士林區",
        "eco_actions": "環境管理, 源頭減量, 惜食(善用食材)",
        "primary_action": "環境管理",
        "action_count": 3
      },
      "geometry": {
        "type": "Point",
        "coordinates": [
          121.548864,
          25.143441
        ]
      }
    },
    {
      "type": "Feature",
      "properties": {
        "restaurant_id": 466,
        "category": "環保餐廳",
        "name": "藏壽司 大直ATT店",
        "phone": "(02)77520835",
        "mobile": "",
        "address": "臺北市中山區敬業三路123號2樓",
        "district": "中山區",
        "eco_actions": "環境管理, 綠色採購, 源頭減量",
        "primary_action": "環境管理",
        "action_count": 3
      },
      "geometry": {
        "type": "Point",
        "coordinates": [
          121.555537,
          25.081796
        ]
      }
    },
    {
      "type": "Feature",
      "properties": {
        "restaurant_id": 467,
        "category": "環保餐廳",
        "name": "藏壽司 中山南西店",
        "phone": "(02)25565289",
        "mobile": "",
        "address": "臺北市大同區南京西路57號2樓",
        "district": "大同區",
        "eco_actions": "環境管理, 綠色採購, 源頭減量",
        "primary_action": "環境管理",
        "action_count": 3
      },
      "geometry": {
        "type": "Point",
        "coordinates": [
          121.519354,
          25.053084
        ]
      }
    },
    {
      "type": "Feature",
      "properties": {
        "restaurant_id": 468,
        "category": "環保餐廳",
        "name": "藏壽司 台北館前店",
        "phone": "(02)23316029",
        "mobile": "",
        "address": "臺北市中正區館前路12號5樓",
        "district": "中正區",
        "eco_actions": "環境管理, 綠色採購, 源頭減量",
        "primary_action": "環境管理",
        "action_count": 3
      },
      "geometry": {
        "type": "Point",
        "coordinates": [
          121.514894,
          25.045616
        ]
      }
    },
    {
      "type": "Feature",
      "properties": {
        "restaurant_id": 469,
        "category": "環保餐廳",
        "name": "藏壽司 松江南京店",
        "phone": "(02)25681519",
        "mobile": "",
        "address": "臺北市中山區南京東路二段101號B1",
        "district": "中山區",
        "eco_actions": "環境管理, 綠色採購, 源頭減量",
        "primary_action": "環境管理",
        "action_count": 3
      },
      "geometry": {
        "type": "Point",
        "coordinates": [
          121.532634,
          25.052242
        ]
      }
    },
    {
      "type": "Feature",
      "properties": {
        "restaurant_id": 470,
        "category": "環保餐廳",
        "name": "藏壽司 信義ATT店",
        "phone": "(02)77340800",
        "mobile": "",
        "address": "臺北市信義區松壽路12號4樓",
        "district": "信義區",
        "eco_actions": "環境管理, 綠色採購, 源頭減量",
        "primary_action": "環境管理",
        "action_count": 3
      },
      "geometry": {
        "type": "Point",
        "coordinates": [
          121.566264,
          25.035351
        ]
      }
    },
    {
      "type": "Feature",
      "properties": {
        "restaurant_id": 471,
        "category": "環保餐廳",
        "name": "藏壽司 南港CITYLINK店",
        "phone": "(02)26510266",
        "mobile": "",
        "address": "臺北市南港區忠孝東路七段369號3樓",
        "district": "南港區",
        "eco_actions": "環境管理, 綠色採購, 源頭減量",
        "primary_action": "環境管理",
        "action_count": 3
      },
      "geometry": {
        "type": "Point",
        "coordinates": [
          121.607208,
          25.05267
        ]
      }
    },
    {
      "type": "Feature",
      "properties": {
        "restaurant_id": 472,
        "category": "環保餐廳",
        "name": "藏壽司 微風松高店",
        "phone": "(02)27206900",
        "mobile": "",
        "address": "臺北市信義區松高路16號B1",
        "district": "信義區",
        "eco_actions": "環境管理, 綠色採購, 源頭減量",
        "primary_action": "環境管理",
        "action_count": 3
      },
      "geometry": {
        "type": "Point",
        "coordinates": [
          121.567277,
          25.038729
        ]
      }
    },
    {
      "type": "Feature",
      "properties": {
        "restaurant_id": 473,
        "category": "環保餐廳",
        "name": "藝食知選",
        "phone": "(02)28762882",
        "mobile": "",
        "address": "臺北市士林區天玉街81巷2號",
        "district": "士林區",
        "eco_actions": "環境管理, 綠色採購, 惜食(善用食材), 環境教育",
        "primary_action": "環境管理",
        "action_count": 4
      },
      "geometry": {
        "type": "Point",
        "coordinates": [
          121.529356,
          25.119909
        ]
      }
    },
    {
      "type": "Feature",
      "properties": {
        "restaurant_id": 474,
        "category": "環保餐廳",
        "name": "麵工坊大安店",
        "phone": "(02)23776186",
        "mobile": "",
        "address": "臺北市大安區和平東路二段118巷2弄1號1樓",
        "district": "大安區",
        "eco_actions": "環境管理, 綠色採購, 源頭減量, 惜食(善用食材), 環境教育, 8",
        "primary_action": "環境管理",
        "action_count": 6
      },
      "geometry": {
        "type": "Point",
        "coordinates": [
          121.542794,
          25.024459
        ]
      }
    },
    {
      "type": "Feature",
      "properties": {
        "restaurant_id": 475,
        "category": "環保餐廳",
        "name": "魔法咖哩",
        "phone": "(02)23886298",
        "mobile": "",
        "address": "臺北市中正區許昌街30號2樓",
        "district": "中正區",
        "eco_actions": "環境管理, 源頭減量, 環境教育",
        "primary_action": "環境管理",
        "action_count": 3
      },
      "geometry": {
        "type": "Point",
        "coordinates": [
          121.515876,
          25.045453
        ]
      }
    },
    {
      "type": "Feature",
      "properties": {
        "restaurant_id": 476,
        "category": "環保餐廳",
        "name": "鰻將劍持屋",
        "phone": "(02)87728551",
        "mobile": "",
        "address": "臺北市大安區忠孝東路三段300號B2",
        "district": "大安區",
        "eco_actions": "環境管理, 源頭減量, 惜食(善用食材)",
        "primary_action": "環境管理",
        "action_count": 3
      },
      "geometry": {
        "type": "Point",
        "coordinates": [
          121.543054,
          25.041212
        ]
      }
    },
    {
      "type": "Feature",
      "properties": {
        "restaurant_id": 477,
        "category": "環保餐廳",
        "name": "靈感咖啡",
        "phone": "(02)23631371",
        "mobile": "",
        "address": "臺北市大安區新生南路三段84-6號3樓",
        "district": "大安區",
        "eco_actions": "環境管理, 綠色採購, 惜食(善用食材), 環境教育",
        "primary_action": "環境管理",
        "action_count": 4
      },
      "geometry": {
        "type": "Point",
        "coordinates": [
          121.5361,
          25.025311
        ]
      }
    },
    {
      "type": "Feature",
      "properties": {
        "restaurant_id": 478,
        "category": "環保餐廳",
        "name": "讚豆工坊",
        "phone": "",
        "mobile": "982570320",
        "address": "臺北市大同區大龍街60號",
        "district": "大同區",
        "eco_actions": "環境管理",
        "primary_action": "環境管理",
        "action_count": 1
      },
      "geometry": {
        "type": "Point",
        "coordinates": [
          121.515968,
          25.065142
        ]
      }
    },
    {
      "type": "Feature",
      "properties": {
        "restaurant_id": 479,
        "category": "環保餐廳",
        "name": "?陸伍貳懷舊港式冰室",
        "phone": "",
        "mobile": "909037770",
        "address": "臺北市萬華區昆明街99號",
        "district": "萬華區",
        "eco_actions": "綠色採購",
        "primary_action": "綠色採購",
        "action_count": 1
      },
      "geometry": {
        "type": "Point",
        "coordinates": [
          121.504779,
          25.042404
        ]
      }
    }
  ]
}