{
  "type": "FeatureCollection",
  "crs": {
    "type": "name",
    "properties": {
      "name": "urn:ogc:def:crs:OGC:1.3:CRS84"
    }
  },
  "features": [
    {
      "type": "Feature",
      "properties": {
        "serial_no": 1,
        "name": "財團法人天主教失智老人社會福利基金會附設臺北市私立聖若瑟居家式服務類長期照顧服務機構",
        "service_type": "居家服務",
        "address": "臺北市萬華區東園街140巷7號2樓",
        "district_code": "63000070",
        "phone": "02-2309-8728",
        "approved_date": "1070709",
        "district": "",
        "city": "taipei"
      },
      "geometry": {
        "type": "Point",
        "coordinates": [
          121.497183,
          25.023437
        ]
      }
    },
    {
      "type": "Feature",
      "properties": {
        "serial_no": 2,
        "name": "財團法人臺北市立心慈善基金會附設臺北市私立立心居家式服務類長期照顧服務機構",
        "service_type": "居家服務",
        "address": "臺北市萬華區艋舺大道120巷39弄3號2樓",
        "district_code": "63000070",
        "phone": "02-2336-1555",
        "approved_date": "1070214",
        "district": "",
        "city": "taipei"
      },
      "geometry": {
        "type": "Point",
        "coordinates": [
          121.502469,
          25.033053
        ]
      }
    },
    {
      "type": "Feature",
      "properties": {
        "serial_no": 3,
        "name": "臺北市私立寬安居家長照機構",
        "service_type": "居家服務",
        "address": "臺北市萬華區莒光路328號6樓",
        "district_code": "63000070",
        "phone": "02-2308-1977",
        "approved_date": "1110602",
        "district": "",
        "city": "taipei"
      },
      "geometry": {
        "type": "Point",
        "coordinates": [
          121.497492,
          25.031249
        ]
      }
    },
    {
      "type": "Feature",
      "properties": {
        "serial_no": 4,
        "name": "財團法人中華民國佛教慈濟慈善事業基金會臺北市私立慈濟居家長照機構",
        "service_type": "居家服務",
        "address": "臺北市萬華區莒光路222號5樓",
        "district_code": "63000070",
        "phone": "02-2302-3479",
        "approved_date": "1080501",
        "district": "",
        "city": "taipei"
      },
      "geometry": {
        "type": "Point",
        "coordinates": [
          121.500254,
          25.031335
        ]
      }
    },
    {
      "type": "Feature",
      "properties": {
        "serial_no": 5,
        "name": "中華民國紅十字會附設私立博愛居家長照機構",
        "service_type": "居家服務",
        "address": "臺北市萬華區康定路62號11樓",
        "district_code": "63000070",
        "phone": "02-2331-0500",
        "approved_date": "1090313",
        "district": "",
        "city": "taipei"
      },
      "geometry": {
        "type": "Point",
        "coordinates": [
          121.502311,
          25.042442
        ]
      }
    },
    {
      "type": "Feature",
      "properties": {
        "serial_no": 6,
        "name": "臺北市私立大心居家長照機構",
        "service_type": "居家服務",
        "address": "臺北市萬華區康定路348號2樓之1",
        "district_code": "63000070",
        "phone": "02-2339-0179",
        "approved_date": "1080121",
        "district": "",
        "city": "taipei"
      },
      "geometry": {
        "type": "Point",
        "coordinates": [
          121.501056,
          25.034924
        ]
      }
    },
    {
      "type": "Feature",
      "properties": {
        "serial_no": 7,
        "name": "有限責任臺北市全國照服員勞動合作社附設臺北市私立全方位居家長照機構",
        "service_type": "居家服務",
        "address": "臺北市萬華區青年路106巷9號",
        "district_code": "63000070",
        "phone": "02-23033909",
        "approved_date": "1100503",
        "district": "",
        "city": "taipei"
      },
      "geometry": {
        "type": "Point",
        "coordinates": [
          121.502127,
          25.02266
        ]
      }
    },
    {
      "type": "Feature",
      "properties": {
        "serial_no": 8,
        "name": "臺北市私立璞馨居家長照機構",
        "service_type": "居家服務",
        "address": "臺北市萬華區東園街66巷21弄51號2樓",
        "district_code": "63000070",
        "phone": "02-2305-6626",
        "approved_date": "1080801",
        "district": "",
        "city": "taipei"
      },
      "geometry": {
        "type": "Point",
        "coordinates": [
          121.495373,
          25.02661
        ]
      }
    },
    {
      "type": "Feature",
      "properties": {
        "serial_no": 9,
        "name": "紙飛機服務科技股份有限公司附設臺北市私立紙飛機居家長照機構",
        "service_type": "居家服務",
        "address": "臺北市萬華區西園路一段200號8樓之2",
        "district_code": "63000070",
        "phone": "0909-139394",
        "approved_date": "1100810",
        "district": "",
        "city": "taipei"
      },
      "geometry": {
        "type": "Point",
        "coordinates": [
          121.499205,
          25.035923
        ]
      }
    },
    {
      "type": "Feature",
      "properties": {
        "serial_no": 10,
        "name": "私立愛吾愛居家長照機構",
        "service_type": "居家服務",
        "address": "臺北市萬華區大理街171之1號2樓207室",
        "district_code": "63000070",
        "phone": "02-2308-7286",
        "approved_date": "1080213",
        "district": "",
        "city": "taipei"
      },
      "geometry": {
        "type": "Point",
        "coordinates": [
          121.494899,
          25.033974
        ]
      }
    },
    {
      "type": "Feature",
      "properties": {
        "serial_no": 11,
        "name": "普眾股份有限公司附設臺北市私立普眾居家長照機構",
        "service_type": "居家服務",
        "address": "臺北市南港區昆陽街152巷39號1樓",
        "district_code": "63000090",
        "phone": "02-27887966",
        "approved_date": "1090706",
        "district": "",
        "city": "taipei"
      },
      "geometry": {
        "type": "Point",
        "coordinates": [
          121.59276,
          25.049007
        ]
      }
    },
    {
      "type": "Feature",
      "properties": {
        "serial_no": 12,
        "name": "聖照股份有限公司附設臺北市私立邦寧居家長照機構",
        "service_type": "居家服務",
        "address": "臺北市信義區信義路4段375號6樓之6",
        "district_code": "63000020",
        "phone": "0906-502581",
        "approved_date": "1110329",
        "district": "",
        "city": "taipei"
      },
      "geometry": {
        "type": "Point",
        "coordinates": [
          121.570631,
          25.029761
        ]
      }
    },
    {
      "type": "Feature",
      "properties": {
        "serial_no": 13,
        "name": "北醫大管理顧問股份有限公司附設私立君蔚居家長照機構",
        "service_type": "居家服務",
        "address": "臺北市信義區信義路4段375號4樓之7",
        "district_code": "63000020",
        "phone": "02-2345-5288",
        "approved_date": "1100827",
        "district": "",
        "city": "taipei"
      },
      "geometry": {
        "type": "Point",
        "coordinates": [
          121.570631,
          25.029761
        ]
      }
    },
    {
      "type": "Feature",
      "properties": {
        "serial_no": 14,
        "name": "福田居家有限公司私立福田居家長照機構",
        "service_type": "居家服務",
        "address": "臺北市信義區忠孝東路5段492巷2號2樓",
        "district_code": "63000020",
        "phone": "02-2727-0065",
        "approved_date": "1071211",
        "district": "",
        "city": "taipei"
      },
      "geometry": {
        "type": "Point",
        "coordinates": [
          121.574333,
          25.040053
        ]
      }
    },
    {
      "type": "Feature",
      "properties": {
        "serial_no": 15,
        "name": "智慧長照有限公司附設臺北市私立愛關懷居家長照機構",
        "service_type": "居家服務",
        "address": "臺北市信義區忠孝東路5段1號2樓207室",
        "district_code": "63000020",
        "phone": "02-7729-7769",
        "approved_date": "1090730",
        "district": "",
        "city": "taipei"
      },
      "geometry": {
        "type": "Point",
        "coordinates": [
          121.574333,
          25.040053
        ]
      }
    },
    {
      "type": "Feature",
      "properties": {
        "serial_no": 16,
        "name": "臺北市私立心康樂居家長照機構",
        "service_type": "居家服務",
        "address": "臺北市信義區和平東路3段391巷8弄50號3樓",
        "district_code": "63000020",
        "phone": "0933-043218",
        "approved_date": "1120512",
        "district": "",
        "city": "taipei"
      },
      "geometry": {
        "type": "Point",
        "coordinates": [
          121.558283,
          25.020532
        ]
      }
    },
    {
      "type": "Feature",
      "properties": {
        "serial_no": 17,
        "name": "碩穎健康股份有限公司附設臺北市私立碩穎居家長照機構",
        "service_type": "居家服務",
        "address": "臺北市信義區富陽街29號1樓",
        "district_code": "63000020",
        "phone": "02-2737-2704",
        "approved_date": "1120918",
        "district": "",
        "city": "taipei"
      },
      "geometry": {
        "type": "Point",
        "coordinates": [
          121.556398,
          25.022919
        ]
      }
    },
    {
      "type": "Feature",
      "properties": {
        "serial_no": 18,
        "name": "臺北市私立千意居家長照機構",
        "service_type": "居家服務",
        "address": "臺北市松山區復興南路一段37號2樓",
        "district_code": "63000010",
        "phone": "0939-313982",
        "approved_date": "1110706",
        "district": "",
        "city": "taipei"
      },
      "geometry": {
        "type": "Point",
        "coordinates": [
          121.544104,
          25.046228
        ]
      }
    },
    {
      "type": "Feature",
      "properties": {
        "serial_no": 19,
        "name": "財團法人弘道老人福利基金會附設臺北市私立弘道居家式服務類長期照顧服務機構",
        "service_type": "居家服務",
        "address": "臺北市松山區復興北路451號1樓",
        "district_code": "63000010",
        "phone": "02-6613-1314",
        "approved_date": "1070119",
        "district": "",
        "city": "taipei"
      },
      "geometry": {
        "type": "Point",
        "coordinates": [
          121.544435,
          25.063988
        ]
      }
    },
    {
      "type": "Feature",
      "properties": {
        "serial_no": 20,
        "name": "東和居家有限公司附設臺北市私立東和居家長照機構",
        "service_type": "居家服務",
        "address": "臺北市松山區南京東路四段170號4樓之1",
        "district_code": "63000010",
        "phone": "02-6605-0630",
        "approved_date": "1101029",
        "district": "",
        "city": "taipei"
      },
      "geometry": {
        "type": "Point",
        "coordinates": [
          121.556813,
          25.05137
        ]
      }
    },
    {
      "type": "Feature",
      "properties": {
        "serial_no": 21,
        "name": "財團法人佳醫健康基金會附設臺北市私立佳醫居家長照機構",
        "service_type": "居家服務",
        "address": "臺北市松山區南京東路五段8-10號503室",
        "district_code": "63000010",
        "phone": "02-25280502",
        "approved_date": "1091103",
        "district": "",
        "city": "taipei"
      },
      "geometry": {
        "type": "Point",
        "coordinates": [
          121.566108,
          25.050073
        ]
      }
    },
    {
      "type": "Feature",
      "properties": {
        "serial_no": 22,
        "name": "愛馨居服有限公司附設臺北市私立愛馨居家長照機構",
        "service_type": "居家服務",
        "address": "臺北市松山區南京東路5段230號2樓之1",
        "district_code": "63000010",
        "phone": "02-2341-5924",
        "approved_date": "1100917",
        "district": "",
        "city": "taipei"
      },
      "geometry": {
        "type": "Point",
        "coordinates": [
          121.55538,
          25.052589
        ]
      }
    },
    {
      "type": "Feature",
      "properties": {
        "serial_no": 23,
        "name": "一心健康事業股份有限公司附設臺北市私立繫心居家長照機構",
        "service_type": "居家服務",
        "address": "臺北市松山區延吉街11號4樓之1（A室）",
        "district_code": "63000010",
        "phone": "02-2578-1008",
        "approved_date": "1100331",
        "district": "",
        "city": "taipei"
      },
      "geometry": {
        "type": "Point",
        "coordinates": [
          121.554642,
          25.042171
        ]
      }
    },
    {
      "type": "Feature",
      "properties": {
        "serial_no": 24,
        "name": "臺北市私立一心居家長照機構",
        "service_type": "居家服務",
        "address": "臺北市松山區延吉街11號4樓之1",
        "district_code": "63000010",
        "phone": "02-2578-1018",
        "approved_date": "1090318",
        "district": "",
        "city": "taipei"
      },
      "geometry": {
        "type": "Point",
        "coordinates": [
          121.554642,
          25.042171
        ]
      }
    },
    {
      "type": "Feature",
      "properties": {
        "serial_no": 25,
        "name": "臺北市私立暖心居家長照機構",
        "service_type": "居家服務",
        "address": "臺北市萬華區萬大路323號7樓702室",
        "district_code": "63000070",
        "phone": "02-7751-5315",
        "approved_date": "1080522",
        "district": "",
        "city": "taipei"
      },
      "geometry": {
        "type": "Point",
        "coordinates": [
          121.500414,
          25.024327
        ]
      }
    },
    {
      "type": "Feature",
      "properties": {
        "serial_no": 26,
        "name": "秉心有限公司附設臺北市私立秉心居家長照機構",
        "service_type": "居家服務",
        "address": "臺北市松山區光復北路119之1號2樓",
        "district_code": "63000010",
        "phone": "02-27666683",
        "approved_date": "1091109",
        "district": "",
        "city": "taipei"
      },
      "geometry": {
        "type": "Point",
        "coordinates": [
          121.557394,
          25.052117
        ]
      }
    },
    {
      "type": "Feature",
      "properties": {
        "serial_no": 27,
        "name": "耆康實業有限公司附設臺北市私立小太陽居家長照機構",
        "service_type": "居家服務",
        "address": "臺北市松山區三民路35巷9號2樓",
        "district_code": "63000010",
        "phone": "02-2742-0058",
        "approved_date": "1080424",
        "district": "",
        "city": "taipei"
      },
      "geometry": {
        "type": "Point",
        "coordinates": [
          121.562472,
          25.05532
        ]
      }
    },
    {
      "type": "Feature",
      "properties": {
        "serial_no": 28,
        "name": "有限責任臺北市樂見在照顧服務勞動合作社附設私立樂見在居家長照機構",
        "service_type": "居家服務",
        "address": "臺北市松山區八德路二段447號7樓",
        "district_code": "63000010",
        "phone": "02-2731-8649",
        "approved_date": "1080716",
        "district": "",
        "city": "taipei"
      },
      "geometry": {
        "type": "Point",
        "coordinates": [
          121.547258,
          25.048309
        ]
      }
    },
    {
      "type": "Feature",
      "properties": {
        "serial_no": 29,
        "name": "喜樂園長照股份有限公司附設臺北市私立喜樂園居家長照機構",
        "service_type": "居家服務",
        "address": "臺北市松山區八德路4段123號2樓之4",
        "district_code": "63000010",
        "phone": "02-2760-2270",
        "approved_date": "1081022",
        "district": "",
        "city": "taipei"
      },
      "geometry": {
        "type": "Point",
        "coordinates": [
          121.579008,
          25.051704
        ]
      }
    },
    {
      "type": "Feature",
      "properties": {
        "serial_no": 30,
        "name": "財團法人伊甸社會福利基金會附設臺北市私立臺北居家式服務類長期照顧服務機構",
        "service_type": "居家服務",
        "address": "臺北市北投區裕民六路120號3樓C棟",
        "district_code": "63000120",
        "phone": "02-2821-0320",
        "approved_date": "1061228",
        "district": "",
        "city": "taipei"
      },
      "geometry": {
        "type": "Point",
        "coordinates": [
          121.517629,
          25.114551
        ]
      }
    },
    {
      "type": "Feature",
      "properties": {
        "serial_no": 31,
        "name": "忠孝事業有限公司附設臺北市私立忠孝居家長照機構",
        "service_type": "居家服務",
        "address": "臺北市北投區明德路283號3樓",
        "district_code": "63000120",
        "phone": "02-2822-6003",
        "approved_date": "1091229",
        "district": "",
        "city": "taipei"
      },
      "geometry": {
        "type": "Point",
        "coordinates": [
          121.522159,
          25.11502
        ]
      }
    },
    {
      "type": "Feature",
      "properties": {
        "serial_no": 32,
        "name": "財團法⼈老五老基⾦會附設臺北市私立老五老居家式服務類⻑ 期照顧服務機構",
        "service_type": "居家服務",
        "address": "臺北市北投區石牌路1段14號3樓",
        "district_code": "63000120",
        "phone": "02-2821-2939",
        "approved_date": "1070131",
        "district": "",
        "city": "taipei"
      },
      "geometry": {
        "type": "Point",
        "coordinates": [
          121.51419,
          25.113866
        ]
      }
    },
    {
      "type": "Feature",
      "properties": {
        "serial_no": 33,
        "name": "臺北市私立和美居家長照機構",
        "service_type": "居家服務",
        "address": "臺北市北投區北投路一段59號2樓",
        "district_code": "63000120",
        "phone": "02-28918131",
        "approved_date": "1100806",
        "district": "",
        "city": "taipei"
      },
      "geometry": {
        "type": "Point",
        "coordinates": [
          121.500675,
          25.125938
        ]
      }
    },
    {
      "type": "Feature",
      "properties": {
        "serial_no": 34,
        "name": "樂昱有限公司附設臺北市私立樂昱居家長照機構",
        "service_type": "居家服務",
        "address": "臺北市北投區文林北路262號2樓",
        "district_code": "63000120",
        "phone": "02-2822-5423",
        "approved_date": "1090221",
        "district": "",
        "city": "taipei"
      },
      "geometry": {
        "type": "Point",
        "coordinates": [
          121.513346,
          25.10907
        ]
      }
    },
    {
      "type": "Feature",
      "properties": {
        "serial_no": 35,
        "name": "臺北市私立永欣居家⻑照機構",
        "service_type": "居家服務",
        "address": "臺北市北投區中央北路二段371號1樓",
        "district_code": "63000120",
        "phone": "02-2891-6364",
        "approved_date": "1100705",
        "district": "",
        "city": "taipei"
      },
      "geometry": {
        "type": "Point",
        "coordinates": [
          121.487459,
          25.138234
        ]
      }
    },
    {
      "type": "Feature",
      "properties": {
        "serial_no": 36,
        "name": "有限責任臺北市育坊社區照護勞動合作社私立育坊居家長照機構",
        "service_type": "居家服務",
        "address": "臺北市北投區大同街299號",
        "district_code": "63000120",
        "phone": "02-2895-7520",
        "approved_date": "1070817",
        "district": "",
        "city": "taipei"
      },
      "geometry": {
        "type": "Point",
        "coordinates": [
          121.499266,
          25.139853
        ]
      }
    },
    {
      "type": "Feature",
      "properties": {
        "serial_no": 37,
        "name": "臺北市私立傑緣居家長照機構",
        "service_type": "居家服務",
        "address": "臺北市北投區大同街210號1樓",
        "district_code": "63000120",
        "phone": "02-77422276",
        "approved_date": "1101227",
        "district": "",
        "city": "taipei"
      },
      "geometry": {
        "type": "Point",
        "coordinates": [
          121.499298,
          25.138521
        ]
      }
    },
    {
      "type": "Feature",
      "properties": {
        "serial_no": 38,
        "name": "恩揚有限公司附設臺北市私立恩揚居家長照機構",
        "service_type": "居家服務",
        "address": "臺北市文山區羅斯福路5段225之1號1樓",
        "district_code": "63000080",
        "phone": "02-2930-1999",
        "approved_date": "1090420",
        "district": "",
        "city": "taipei"
      },
      "geometry": {
        "type": "Point",
        "coordinates": [
          121.540147,
          24.990199
        ]
      }
    },
    {
      "type": "Feature",
      "properties": {
        "serial_no": 39,
        "name": "社團法⼈中華長照協會附設臺北市私立永樂居家長照機構",
        "service_type": "居家服務",
        "address": "臺北市文山區羅斯福路六段134號2樓",
        "district_code": "63000080",
        "phone": "02-2930-6919",
        "approved_date": "1100203",
        "district": "",
        "city": "taipei"
      },
      "geometry": {
        "type": "Point",
        "coordinates": [
          121.540739,
          24.996948
        ]
      }
    },
    {
      "type": "Feature",
      "properties": {
        "serial_no": 40,
        "name": "寶安健康有限公司附設臺北市私立鑫安居家⻑照機構",
        "service_type": "居家服務",
        "address": "臺北市文山區興隆路三段206巷10弄1號",
        "district_code": "63000080",
        "phone": "2230-3056",
        "approved_date": "1111114",
        "district": "",
        "city": "taipei"
      },
      "geometry": {
        "type": "Point",
        "coordinates": [
          121.558789,
          24.99746
        ]
      }
    },
    {
      "type": "Feature",
      "properties": {
        "serial_no": 41,
        "name": "惠安護康科技有限公司附設臺北市私立惠安居家長照機構",
        "service_type": "居家服務",
        "address": "臺北市文山區興隆路2段86巷2號1樓",
        "district_code": "63000080",
        "phone": "0952-654002",
        "approved_date": "1120303",
        "district": "",
        "city": "taipei"
      },
      "geometry": {
        "type": "Point",
        "coordinates": [
          121.559266,
          24.990038
        ]
      }
    },
    {
      "type": "Feature",
      "properties": {
        "serial_no": 42,
        "name": "優活健康顧問有限公司附設臺北市私立優活居家⻑照機構",
        "service_type": "居家服務",
        "address": "臺北市文山區景福街133巷30號1樓",
        "district_code": "63000080",
        "phone": "02-2933-6682",
        "approved_date": "1110920",
        "district": "",
        "city": "taipei"
      },
      "geometry": {
        "type": "Point",
        "coordinates": [
          121.536955,
          24.99566
        ]
      }
    },
    {
      "type": "Feature",
      "properties": {
        "serial_no": 43,
        "name": "北醫大管理顧問股份有限公司附設私立杏芳居家長照機構",
        "service_type": "居家服務",
        "address": "臺北市文山區羅斯福路5段125號2樓",
        "district_code": "63000080",
        "phone": "02-2935-0230#200",
        "approved_date": "1091204",
        "district": "",
        "city": "taipei"
      },
      "geometry": {
        "type": "Point",
        "coordinates": [
          121.540147,
          24.990199
        ]
      }
    },
    {
      "type": "Feature",
      "properties": {
        "serial_no": 44,
        "name": "東和居家有限公司附設臺北市私立東正居家長照機構",
        "service_type": "居家服務",
        "address": "臺北市大安區敦化南路1段376號8樓之3(807室)",
        "district_code": "63000030",
        "phone": "0937-802-863",
        "approved_date": "1101230",
        "district": "",
        "city": "taipei"
      },
      "geometry": {
        "type": "Point",
        "coordinates": [
          121.54945,
          25.043615
        ]
      }
    },
    {
      "type": "Feature",
      "properties": {
        "serial_no": 45,
        "name": "臺北市私立安家居家長照機構",
        "service_type": "居家服務",
        "address": "臺北市文山區景文街42號3樓302室",
        "district_code": "63000080",
        "phone": "02-2933-3468",
        "approved_date": "1081115",
        "district": "",
        "city": "taipei"
      },
      "geometry": {
        "type": "Point",
        "coordinates": [
          121.541231,
          24.99168
        ]
      }
    },
    {
      "type": "Feature",
      "properties": {
        "serial_no": 46,
        "name": "泉益居家有限公司附設臺北市私立泉益居家⻑照機構",
        "service_type": "居家服務",
        "address": "臺北市文山區保儀路38號1、2樓",
        "district_code": "63000080",
        "phone": "02-86618880",
        "approved_date": "1091222",
        "district": "",
        "city": "taipei"
      },
      "geometry": {
        "type": "Point",
        "coordinates": [
          121.565918,
          24.984151
        ]
      }
    },
    {
      "type": "Feature",
      "properties": {
        "serial_no": 47,
        "name": "端豈資產管理股份有限公司附設臺北市私立端豈居家長照機構",
        "service_type": "居家服務",
        "address": "臺北市文山區忠順街一段18號1樓",
        "district_code": "63000080",
        "phone": "2936-6360",
        "approved_date": "1120609",
        "district": "",
        "city": "taipei"
      },
      "geometry": {
        "type": "Point",
        "coordinates": [
          121.560129,
          24.983082
        ]
      }
    },
    {
      "type": "Feature",
      "properties": {
        "serial_no": 48,
        "name": "臺北市私立前瞻居家長照機構",
        "service_type": "居家服務",
        "address": "臺北市文山區辛亥路四段21巷10號9樓",
        "district_code": "63000080",
        "phone": "8931-2545",
        "approved_date": "1100220",
        "district": "",
        "city": "taipei"
      },
      "geometry": {
        "type": "Point",
        "coordinates": [
          121.558867,
          25.008992
        ]
      }
    },
    {
      "type": "Feature",
      "properties": {
        "serial_no": 49,
        "name": "沃恩有限公司附設臺北市私立耆樂居家長照機構",
        "service_type": "居家服務",
        "address": "臺北市內湖區成功路2段171號1樓",
        "district_code": "63000100",
        "phone": "02-27946676",
        "approved_date": "1120410",
        "district": "",
        "city": "taipei"
      },
      "geometry": {
        "type": "Point",
        "coordinates": [
          121.590747,
          25.081033
        ]
      }
    },
    {
      "type": "Feature",
      "properties": {
        "serial_no": 50,
        "name": "臺北市私立康健居家式長照機構",
        "service_type": "居家服務",
        "address": "臺北市內湖區民權東路6段180巷6號6樓之18（A室）",
        "district_code": "63000100",
        "phone": "02-87919104",
        "approved_date": "1090603",
        "district": "",
        "city": "taipei"
      },
      "geometry": {
        "type": "Point",
        "coordinates": [
          121.597637,
          25.068434
        ]
      }
    },
    {
      "type": "Feature",
      "properties": {
        "serial_no": 51,
        "name": "大安健康股份有限公司附設臺北市私立大安居家長照機構",
        "service_type": "居家服務",
        "address": "臺北市內湖區民權東路6段123巷16號6樓",
        "district_code": "63000100",
        "phone": "02-8792-2936",
        "approved_date": "1120718",
        "district": "",
        "city": "taipei"
      },
      "geometry": {
        "type": "Point",
        "coordinates": [
          121.597637,
          25.068434
        ]
      }
    },
    {
      "type": "Feature",
      "properties": {
        "serial_no": 52,
        "name": "有限責任臺灣第二照顧服務勞動合作社附設臺北市私立二顧居家長照機構",
        "service_type": "居家服務",
        "address": "臺北市中正區羅斯福路一段102號8樓",
        "district_code": "63000050",
        "phone": "02-25527608",
        "approved_date": "1081104",
        "district": "",
        "city": "taipei"
      },
      "geometry": {
        "type": "Point",
        "coordinates": [
          121.520059,
          25.029937
        ]
      }
    },
    {
      "type": "Feature",
      "properties": {
        "serial_no": 53,
        "name": "臺北市私立祝福居家長照機構",
        "service_type": "居家服務",
        "address": "臺北市中正區羅斯福路4段68號7樓之10(6810-E室)",
        "district_code": "63000050",
        "phone": "02-29321396",
        "approved_date": "1110825",
        "district": "",
        "city": "taipei"
      },
      "geometry": {
        "type": "Point",
        "coordinates": [
          121.532802,
          25.015929
        ]
      }
    },
    {
      "type": "Feature",
      "properties": {
        "serial_no": 54,
        "name": "臺北市私立朵朵居家⻑照機構",
        "service_type": "居家服務",
        "address": "臺北市中正區齊東街78之1號1樓",
        "district_code": "63000050",
        "phone": "02-23826700",
        "approved_date": "1110609",
        "district": "",
        "city": "taipei"
      },
      "geometry": {
        "type": "Point",
        "coordinates": [
          121.527444,
          25.041675
        ]
      }
    },
    {
      "type": "Feature",
      "properties": {
        "serial_no": 55,
        "name": "潤⽥健康有限公司附設臺北市私立潤⽥居家長照機構",
        "service_type": "居家服務",
        "address": "臺北市中正區湖口街1之3號1樓",
        "district_code": "63000050",
        "phone": "02-23435882",
        "approved_date": "1111019",
        "district": "",
        "city": "taipei"
      },
      "geometry": {
        "type": "Point",
        "coordinates": [
          121.515023,
          25.032802
        ]
      }
    },
    {
      "type": "Feature",
      "properties": {
        "serial_no": 56,
        "name": "京鶴實業有限公司附設臺北市私立悅康居家長照機構",
        "service_type": "居家服務",
        "address": "臺北市中正區許昌街42之1號7樓700室",
        "district_code": "63000050",
        "phone": "02-23709008",
        "approved_date": "1090723",
        "district": "",
        "city": "taipei"
      },
      "geometry": {
        "type": "Point",
        "coordinates": [
          121.515624,
          25.045163
        ]
      }
    },
    {
      "type": "Feature",
      "properties": {
        "serial_no": 57,
        "name": "社團法⼈台灣比較刑法學會附設臺北市私立誠實居家長照機構",
        "service_type": "居家服務",
        "address": "臺北市中正區重慶南路3段42之3號2樓",
        "district_code": "63000050",
        "phone": "02-77515512",
        "approved_date": "1110323",
        "district": "",
        "city": "taipei"
      },
      "geometry": {
        "type": "Point",
        "coordinates": [
          121.515845,
          25.029531
        ]
      }
    },
    {
      "type": "Feature",
      "properties": {
        "serial_no": 58,
        "name": "社團法⼈中華⺠國紅心字會附設臺北市私立紅心居家式服務類長期照顧服務機構",
        "service_type": "居家服務",
        "address": "臺北市中正區重慶南路1段43號3樓之2",
        "district_code": "63000050",
        "phone": "02-2370-0267",
        "approved_date": "1070511",
        "district": "",
        "city": "taipei"
      },
      "geometry": {
        "type": "Point",
        "coordinates": [
          121.515512,
          25.029592
        ]
      }
    },
    {
      "type": "Feature",
      "properties": {
        "serial_no": 59,
        "name": "美樺股份有限公司附設私立美美居家長照機構",
        "service_type": "居家服務",
        "address": "臺北市中正區重慶南路1段121號5樓之2",
        "district_code": "63000050",
        "phone": "02-2370-0021",
        "approved_date": "1090512",
        "district": "",
        "city": "taipei"
      },
      "geometry": {
        "type": "Point",
        "coordinates": [
          121.515512,
          25.029592
        ]
      }
    },
    {
      "type": "Feature",
      "properties": {
        "serial_no": 60,
        "name": "社團法人台灣優質生命協會附設臺北市私立愛抵家居家長照機構",
        "service_type": "居家服務",
        "address": "臺北市中正區忠孝西路1段45號12樓之8",
        "district_code": "63000050",
        "phone": "02-66040060",
        "approved_date": "1111124",
        "district": "",
        "city": "taipei"
      },
      "geometry": {
        "type": "Point",
        "coordinates": [
          121.518991,
          25.046234
        ]
      }
    },
    {
      "type": "Feature",
      "properties": {
        "serial_no": 61,
        "name": "耀生長期照顧服務股份有限公司附設臺北市私立耀生居家長照機構",
        "service_type": "居家服務",
        "address": "臺北市中正區懷寧街112號6樓、6樓之1",
        "district_code": "63000050",
        "phone": "02-23932500",
        "approved_date": "1100514",
        "district": "",
        "city": "taipei"
      },
      "geometry": {
        "type": "Point",
        "coordinates": [
          121.513896,
          25.041662
        ]
      }
    },
    {
      "type": "Feature",
      "properties": {
        "serial_no": 62,
        "name": "長安健照事業股份有限公司附設臺北市私立長安健照事業居家長照機構",
        "service_type": "居家服務",
        "address": "臺北市中正區忠孝東路1段35號10樓D室",
        "district_code": "63000050",
        "phone": "02-25810519",
        "approved_date": "1110307",
        "district": "",
        "city": "taipei"
      },
      "geometry": {
        "type": "Point",
        "coordinates": [
          121.544039,
          25.041842
        ]
      }
    },
    {
      "type": "Feature",
      "properties": {
        "serial_no": 63,
        "name": "博珍服務事業股份有限公司附設臺北市私立博珍居家長照機構",
        "service_type": "居家服務",
        "address": "臺北市中正區忠孝4段290號10樓1013室",
        "district_code": "63000050",
        "phone": "02-23889028",
        "approved_date": "1110307",
        "district": "",
        "city": "taipei"
      },
      "geometry": {
        "type": "Point",
        "coordinates": [
          121.550538,
          25.043885
        ]
      }
    },
    {
      "type": "Feature",
      "properties": {
        "serial_no": 64,
        "name": "財團法人宜蘭縣私立力麗社會福利慈善事業基金會附設臺北市私立力麗居家式服務類長期照顧服務機構",
        "service_type": "居家服務",
        "address": "臺北市中正區和平⻄路1段107號",
        "district_code": "63000050",
        "phone": "02-2393-8326",
        "approved_date": "1070427",
        "district": "",
        "city": "taipei"
      },
      "geometry": {
        "type": "Point",
        "coordinates": [
          121.531741,
          25.044228
        ]
      }
    },
    {
      "type": "Feature",
      "properties": {
        "serial_no": 65,
        "name": "元愷有限公司附設臺北市私立安愷居家長照機構",
        "service_type": "居家服務",
        "address": "臺北市中山區長安東路1段21號3樓",
        "district_code": "63000040",
        "phone": "02-2522-1993",
        "approved_date": "1081217",
        "district": "",
        "city": "taipei"
      },
      "geometry": {
        "type": "Point",
        "coordinates": [
          121.531526,
          25.048844
        ]
      }
    },
    {
      "type": "Feature",
      "properties": {
        "serial_no": 66,
        "name": "凱風長照股份有限公司附設臺北市私立凱風新生北綜合長照機構",
        "service_type": "居家服務",
        "address": "臺北市中山區新生北路三段56巷17號1樓",
        "district_code": "63000040",
        "phone": "2599-6682",
        "approved_date": "1111011",
        "district": "",
        "city": "taipei"
      },
      "geometry": {
        "type": "Point",
        "coordinates": [
          121.526953,
          25.065399
        ]
      }
    },
    {
      "type": "Feature",
      "properties": {
        "serial_no": 67,
        "name": "臺北市私立愛家居家長照機構",
        "service_type": "居家服務",
        "address": "臺北市中山區新生北路3段87巷23號",
        "district_code": "63000040",
        "phone": "02-25966934",
        "approved_date": "1080509",
        "district": "",
        "city": "taipei"
      },
      "geometry": {
        "type": "Point",
        "coordinates": [
          121.530271,
          25.04803
        ]
      }
    },
    {
      "type": "Feature",
      "properties": {
        "serial_no": 68,
        "name": "謙和園健康福祉有限公司附設臺北市私立溫邸家居家長照機構",
        "service_type": "居家服務",
        "address": "臺北市中山區新生北路2段72巷23號1樓",
        "district_code": "63000040",
        "phone": "02-25681589",
        "approved_date": "1090615",
        "district": "",
        "city": "taipei"
      },
      "geometry": {
        "type": "Point",
        "coordinates": [
          121.530367,
          25.047939
        ]
      }
    },
    {
      "type": "Feature",
      "properties": {
        "serial_no": 69,
        "name": "溫心企業有限公司附設臺北市私立溫心居家長照機構",
        "service_type": "居家服務",
        "address": "臺北市中山區復興北路62號3樓之1（6室）",
        "district_code": "63000040",
        "phone": "02-2751-0515",
        "approved_date": "1100421",
        "district": "",
        "city": "taipei"
      },
      "geometry": {
        "type": "Point",
        "coordinates": [
          121.542399,
          25.06106
        ]
      }
    },
    {
      "type": "Feature",
      "properties": {
        "serial_no": 70,
        "name": "詮順居家長照有限公司附設臺北市私立詮順居家長照機構",
        "service_type": "居家服務",
        "address": "臺北市中山區復興北路62號2樓之2",
        "district_code": "63000040",
        "phone": "02-2773-0398",
        "approved_date": "1091126",
        "district": "",
        "city": "taipei"
      },
      "geometry": {
        "type": "Point",
        "coordinates": [
          121.542399,
          25.06106
        ]
      }
    },
    {
      "type": "Feature",
      "properties": {
        "serial_no": 71,
        "name": "芊潁顧問有限公司附設臺北市私立芊潁居家長照機構",
        "service_type": "居家服務",
        "address": "臺北市中山區建國北路3段94號2樓D201室",
        "district_code": "63000040",
        "phone": "02-2508-0383",
        "approved_date": "1091102",
        "district": "",
        "city": "taipei"
      },
      "geometry": {
        "type": "Point",
        "coordinates": [
          121.536282,
          25.0469
        ]
      }
    },
    {
      "type": "Feature",
      "properties": {
        "serial_no": 72,
        "name": "瑞禾長照有限公司附設私立春江居家長照機構",
        "service_type": "居家服務",
        "address": "臺北市中山區松江路293之705號F室",
        "district_code": "63000040",
        "phone": "02-6623-6828",
        "approved_date": "1120313",
        "district": "",
        "city": "taipei"
      },
      "geometry": {
        "type": "Point",
        "coordinates": [
          121.533383,
          25.060809
        ]
      }
    },
    {
      "type": "Feature",
      "properties": {
        "serial_no": 73,
        "name": "辰逸有限公司附設臺北市私立辰逸居家長照機構",
        "service_type": "居家服務",
        "address": "臺北市中山區南京東路2段137號14樓(118室)",
        "district_code": "63000040",
        "phone": "02-7755-3620",
        "approved_date": "1110823",
        "district": "",
        "city": "taipei"
      },
      "geometry": {
        "type": "Point",
        "coordinates": [
          121.528178,
          25.051888
        ]
      }
    },
    {
      "type": "Feature",
      "properties": {
        "serial_no": 74,
        "name": "安德利互聯網股份有限公司附設臺北市私立安德利居家長照機構",
        "service_type": "居家服務",
        "address": "臺北市中山區五常街51號2樓",
        "district_code": "63000040",
        "phone": "02-25119069",
        "approved_date": "1090221",
        "district": "",
        "city": "taipei"
      },
      "geometry": {
        "type": "Point",
        "coordinates": [
          121.539409,
          25.064418
        ]
      }
    },
    {
      "type": "Feature",
      "properties": {
        "serial_no": 75,
        "name": "安心好生活股份有限公司附設臺北市私立佳愛居家長照機構",
        "service_type": "居家服務",
        "address": "臺北市中山區長安東路2段230號6樓之5",
        "district_code": "63000040",
        "phone": "02-2711-0922",
        "approved_date": "1110329",
        "district": "",
        "city": "taipei"
      },
      "geometry": {
        "type": "Point",
        "coordinates": [
          121.530157,
          25.048405
        ]
      }
    },
    {
      "type": "Feature",
      "properties": {
        "serial_no": 76,
        "name": "臺北市私立安歆居家式服務類長期照顧服務機構",
        "service_type": "居家服務",
        "address": "臺北市中山區松江路50號3樓",
        "district_code": "63000040",
        "phone": "02-2537-2586",
        "approved_date": "1071123",
        "district": "",
        "city": "taipei"
      },
      "geometry": {
        "type": "Point",
        "coordinates": [
          121.531255,
          25.057418
        ]
      }
    },
    {
      "type": "Feature",
      "properties": {
        "serial_no": 77,
        "name": "社團法人中國家庭教育協進會附設臺北市私立敬老居家式服務類長期照顧服務機構",
        "service_type": "居家服務",
        "address": "臺北市中山區松江路131之12號6樓",
        "district_code": "63000040",
        "phone": "02-2509-0266",
        "approved_date": "1070209",
        "district": "",
        "city": "taipei"
      },
      "geometry": {
        "type": "Point",
        "coordinates": [
          121.533374,
          25.054232
        ]
      }
    },
    {
      "type": "Feature",
      "properties": {
        "serial_no": 78,
        "name": "美而美居家長照股份有限公司附設臺北市私立美而美居家長照機構",
        "service_type": "居家服務",
        "address": "臺北市中山區錦州街46號12樓之3（R06室）",
        "district_code": "63000040",
        "phone": "02-2821-2412",
        "approved_date": "1090331",
        "district": "",
        "city": "taipei"
      },
      "geometry": {
        "type": "Point",
        "coordinates": [
          121.52578,
          25.060174
        ]
      }
    },
    {
      "type": "Feature",
      "properties": {
        "serial_no": 79,
        "name": "臺北市私立仁群居家長照機構",
        "service_type": "居家服務",
        "address": "臺北市中山區民族東路512巷12號1樓",
        "district_code": "63000040",
        "phone": "02-2501-6299",
        "approved_date": "1070627",
        "district": "",
        "city": "taipei"
      },
      "geometry": {
        "type": "Point",
        "coordinates": [
          121.541987,
          25.067541
        ]
      }
    },
    {
      "type": "Feature",
      "properties": {
        "serial_no": 80,
        "name": "瑞兆居服股份有限公司附設臺北市私立瑞兆居家長照機構",
        "service_type": "居家服務",
        "address": "臺北市中山區民生東路2段119號3樓之3",
        "district_code": "63000040",
        "phone": "02-2537-3968",
        "approved_date": "1091116",
        "district": "",
        "city": "taipei"
      },
      "geometry": {
        "type": "Point",
        "coordinates": [
          121.527878,
          25.057863
        ]
      }
    },
    {
      "type": "Feature",
      "properties": {
        "serial_no": 81,
        "name": "社團法人臺灣樂福國際慈善福利協會(沐浴車)",
        "service_type": "居家服務",
        "address": "臺北市南港區南港路3段93號3樓",
        "district_code": "63000090",
        "phone": "0984-112366",
        "approved_date": "1110601",
        "district": "",
        "city": "taipei"
      },
      "geometry": {
        "type": "Point",
        "coordinates": [
          121.619539,
          25.055385
        ]
      }
    },
    {
      "type": "Feature",
      "properties": {
        "serial_no": 82,
        "name": "社團法人寧祈全人健康生命關懷協會附設臺北市私立寧祈居家長照機構",
        "service_type": "居家服務",
        "address": "臺北市中山區民生東路1段42號12樓之14",
        "district_code": "63000040",
        "phone": "02-2521-3282",
        "approved_date": "1100112",
        "district": "",
        "city": "taipei"
      },
      "geometry": {
        "type": "Point",
        "coordinates": [
          121.534925,
          25.059256
        ]
      }
    },
    {
      "type": "Feature",
      "properties": {
        "serial_no": 83,
        "name": "愛護家健康事業股份有限公司附設臺北市私立愛護家居家長照機構",
        "service_type": "居家服務",
        "address": "臺北市中山區中山北路3段31號7樓之1",
        "district_code": "63000040",
        "phone": "02-2599-5665",
        "approved_date": "1080517",
        "district": "",
        "city": "taipei"
      },
      "geometry": {
        "type": "Point",
        "coordinates": [
          121.530932,
          25.091453
        ]
      }
    },
    {
      "type": "Feature",
      "properties": {
        "serial_no": 84,
        "name": "佳顧股份有限公司附設臺北市私立佳顧居家長照機構",
        "service_type": "居家服務",
        "address": "臺北市中山區中山北路2段102號11樓",
        "district_code": "63000040",
        "phone": "02-2511-2595",
        "approved_date": "1080507",
        "district": "",
        "city": "taipei"
      },
      "geometry": {
        "type": "Point",
        "coordinates": [
          121.529613,
          25.092198
        ]
      }
    },
    {
      "type": "Feature",
      "properties": {
        "serial_no": 85,
        "name": "中華民國紅⼗字會台灣省分會附設臺北市私立紅⼗字居家式服務類⻑期照顧服務機構",
        "service_type": "居家服務",
        "address": "臺北市大安區新生南路3段20之1號2樓",
        "district_code": "63000030",
        "phone": "02-2363-7794",
        "approved_date": "1070420",
        "district": "",
        "city": "taipei"
      },
      "geometry": {
        "type": "Point",
        "coordinates": [
          121.534075,
          25.024603
        ]
      }
    },
    {
      "type": "Feature",
      "properties": {
        "serial_no": 86,
        "name": "銀享全球股份有限公司附設臺北市私立銀享居家長照機構",
        "service_type": "居家服務",
        "address": "臺北市大同區民權西路136號16樓之15",
        "district_code": "63000060",
        "phone": "02-2700-9805",
        "approved_date": "1100419",
        "district": "",
        "city": "taipei"
      },
      "geometry": {
        "type": "Point",
        "coordinates": [
          121.516406,
          25.06275
        ]
      }
    },
    {
      "type": "Feature",
      "properties": {
        "serial_no": 87,
        "name": "臺北市私立燿翔居家長照機構",
        "service_type": "居家服務",
        "address": "臺北市大安區信義路四段279號8樓808室",
        "district_code": "63000030",
        "phone": "0911-222-886",
        "approved_date": "1090413",
        "district": "",
        "city": "taipei"
      },
      "geometry": {
        "type": "Point",
        "coordinates": [
          121.554712,
          25.033344
        ]
      }
    },
    {
      "type": "Feature",
      "properties": {
        "serial_no": 88,
        "name": "社團法⼈台灣樂活服務發展協會附設臺北市私立樂活居家長照機構",
        "service_type": "居家服務",
        "address": "臺北市大安區信義路4段306號2樓L1室",
        "district_code": "63000030",
        "phone": "02-2755-2733",
        "approved_date": "1100930",
        "district": "",
        "city": "taipei"
      },
      "geometry": {
        "type": "Point",
        "coordinates": [
          121.554184,
          25.03263
        ]
      }
    },
    {
      "type": "Feature",
      "properties": {
        "serial_no": 89,
        "name": "德力居家有限公司附設臺北市私立德力居家長照機構",
        "service_type": "居家服務",
        "address": "臺北市信義區忠孝東路5段482號14樓之3",
        "district_code": "63000020",
        "phone": "0978-634-913",
        "approved_date": "1110930",
        "district": "",
        "city": "taipei"
      },
      "geometry": {
        "type": "Point",
        "coordinates": [
          121.574333,
          25.040053
        ]
      }
    },
    {
      "type": "Feature",
      "properties": {
        "serial_no": 90,
        "name": "臺北市私立可馨居家長照機構",
        "service_type": "居家服務",
        "address": "臺北市大安區忠孝東路4段162號12樓之3",
        "district_code": "63000030",
        "phone": "02-2775-4695",
        "approved_date": "1090522",
        "district": "",
        "city": "taipei"
      },
      "geometry": {
        "type": "Point",
        "coordinates": [
          121.61258,
          25.053227
        ]
      }
    },
    {
      "type": "Feature",
      "properties": {
        "serial_no": 91,
        "name": "台灣居護股份有限公司附設臺北市私立聯承居家長照機構",
        "service_type": "居家服務",
        "address": "臺北市大安區敦化南路一段153號二樓",
        "district_code": "63000030",
        "phone": "02-8258-8088",
        "approved_date": "1100120",
        "district": "",
        "city": "taipei"
      },
      "geometry": {
        "type": "Point",
        "coordinates": [
          121.549258,
          25.043825
        ]
      }
    },
    {
      "type": "Feature",
      "properties": {
        "serial_no": 92,
        "name": "社團法人臺北市家庭照顧者關懷協會附設臺北市私立家協居家式服務類⻑期照顧服務機構",
        "service_type": "居家服務",
        "address": "臺北市大安區和平東路3段232號3樓",
        "district_code": "63000030",
        "phone": "02-2739-8737",
        "approved_date": "1070411",
        "district": "",
        "city": "taipei"
      },
      "geometry": {
        "type": "Point",
        "coordinates": [
          121.555482,
          25.01924
        ]
      }
    },
    {
      "type": "Feature",
      "properties": {
        "serial_no": 93,
        "name": "財團法人恆安社會福利慈善事業基金會附設臺北市私立恆安居家式服務類⻑期照顧服務機構",
        "service_type": "居家服務",
        "address": "臺北市大安區和平東路2段295號12樓",
        "district_code": "63000030",
        "phone": "02-2333-1955",
        "approved_date": "1070620",
        "district": "",
        "city": "taipei"
      },
      "geometry": {
        "type": "Point",
        "coordinates": [
          121.551037,
          25.023959
        ]
      }
    },
    {
      "type": "Feature",
      "properties": {
        "serial_no": 94,
        "name": "財團法⼈獎卿護理展望基⾦會私立臺北居家⻑照機構",
        "service_type": "居家服務",
        "address": "臺北市大安區和平東路1段216號10樓",
        "district_code": "63000030",
        "phone": "02-2364-6040",
        "approved_date": "1061228",
        "district": "",
        "city": "taipei"
      },
      "geometry": {
        "type": "Point",
        "coordinates": [
          121.554074,
          25.022375
        ]
      }
    },
    {
      "type": "Feature",
      "properties": {
        "serial_no": 95,
        "name": "臺北市私立老爺居家長照機構",
        "service_type": "居家服務",
        "address": "臺北市大安區安和路2段92號B1(A11室)",
        "district_code": "63000030",
        "phone": "0988-125527",
        "approved_date": "1090630",
        "district": "",
        "city": "taipei"
      },
      "geometry": {
        "type": "Point",
        "coordinates": [
          121.552869,
          25.034177
        ]
      }
    },
    {
      "type": "Feature",
      "properties": {
        "serial_no": 96,
        "name": "辰信健康有限公司附設臺北市私立辰信居家⻑照機構",
        "service_type": "居家服務",
        "address": "臺北市大安區四維路198巷30弄10號2樓",
        "district_code": "63000030",
        "phone": "02-2700-1966",
        "approved_date": "1101201",
        "district": "",
        "city": "taipei"
      },
      "geometry": {
        "type": "Point",
        "coordinates": [
          121.545891,
          25.027336
        ]
      }
    },
    {
      "type": "Feature",
      "properties": {
        "serial_no": 97,
        "name": "聯心健康顧問有限公司附設臺北市私立聯珩居家⻑照機構",
        "service_type": "居家服務",
        "address": "臺北市大安區復興南路1段368號13樓A6",
        "district_code": "63000030",
        "phone": "02-2701-5685",
        "approved_date": "1120724",
        "district": "",
        "city": "taipei"
      },
      "geometry": {
        "type": "Point",
        "coordinates": [
          121.544277,
          25.03012
        ]
      }
    },
    {
      "type": "Feature",
      "properties": {
        "serial_no": 98,
        "name": "盤古銀髮股份有限公司附設臺北市私立家倍安居家⻑照機構",
        "service_type": "居家服務",
        "address": "臺北市大同區⺠權⻄路118巷12號1樓",
        "district_code": "63000060",
        "phone": "02-2553-9586",
        "approved_date": "1080624",
        "district": "",
        "city": "taipei"
      },
      "geometry": {
        "type": "Point",
        "coordinates": [
          121.508033,
          25.026825
        ]
      }
    },
    {
      "type": "Feature",
      "properties": {
        "serial_no": 99,
        "name": "傳家寶國際青銀教育有限公司私立傳家寶居家⻑照機構",
        "service_type": "居家服務",
        "address": "臺北市中山區松江路124巷23號5樓",
        "district_code": "63000040",
        "phone": "2557-0968",
        "approved_date": "1100914",
        "district": "",
        "city": "taipei"
      },
      "geometry": {
        "type": "Point",
        "coordinates": [
          121.530909,
          25.052658
        ]
      }
    },
    {
      "type": "Feature",
      "properties": {
        "serial_no": 100,
        "name": "嘉陞健康事業股份有限公司附設臺北市私立嘉陞居家⻑照機構",
        "service_type": "居家服務",
        "address": "臺北市大同區⺠權⻄路136號15樓之3",
        "district_code": "63000060",
        "phone": "0921-148107",
        "approved_date": "1110923",
        "district": "",
        "city": "taipei"
      },
      "geometry": {
        "type": "Point",
        "coordinates": [
          121.51966,
          25.055739
        ]
      }
    },
    {
      "type": "Feature",
      "properties": {
        "serial_no": 101,
        "name": "康捷居家⻑照有限公司附設臺北市私立康捷居家式服務類⻑期 照顧服務機構",
        "service_type": "居家服務",
        "address": "臺北市大同區⺠權⻄路225巷6號1樓",
        "district_code": "63000060",
        "phone": "02-25995980",
        "approved_date": "1090904",
        "district": "",
        "city": "taipei"
      },
      "geometry": {
        "type": "Point",
        "coordinates": [
          121.492788,
          25.02036
        ]
      }
    },
    {
      "type": "Feature",
      "properties": {
        "serial_no": 102,
        "name": "臺北市私立麗康居家⻑照機構",
        "service_type": "居家服務",
        "address": "臺北市中山區中山北路2段162號7樓之1(706室)",
        "district_code": "63000040",
        "phone": "02-2553-2379",
        "approved_date": "1080515",
        "district": "",
        "city": "taipei"
      },
      "geometry": {
        "type": "Point",
        "coordinates": [
          121.529613,
          25.092198
        ]
      }
    },
    {
      "type": "Feature",
      "properties": {
        "serial_no": 103,
        "name": "松德長照事業有限公司附設臺北市私立松德居家⻑照機構",
        "service_type": "居家服務",
        "address": "臺北市大同區⻄寧北路112號2樓之4",
        "district_code": "63000060",
        "phone": "02-2550-7869",
        "approved_date": "1100803",
        "district": "",
        "city": "taipei"
      },
      "geometry": {
        "type": "Point",
        "coordinates": [
          121.508861,
          25.05611
        ]
      }
    },
    {
      "type": "Feature",
      "properties": {
        "serial_no": 104,
        "name": "宗展股份有限公司附設臺北市私立辰心居家⻑照機構",
        "service_type": "居家服務",
        "address": "臺北市大同區⻄寧北路112號4樓之1",
        "district_code": "63000060",
        "phone": "02-2550-1966",
        "approved_date": "1080627",
        "district": "",
        "city": "taipei"
      },
      "geometry": {
        "type": "Point",
        "coordinates": [
          121.508861,
          25.05611
        ]
      }
    },
    {
      "type": "Feature",
      "properties": {
        "serial_no": 105,
        "name": "樂福健康事業有限公司附設臺北市私立樂福居家⻑照機構",
        "service_type": "居家服務",
        "address": "臺北市大同區⻄寧北路81號5樓之2",
        "district_code": "63000060",
        "phone": "02-25598079",
        "approved_date": "1080514",
        "district": "",
        "city": "taipei"
      },
      "geometry": {
        "type": "Point",
        "coordinates": [
          121.509074,
          25.055982
        ]
      }
    },
    {
      "type": "Feature",
      "properties": {
        "serial_no": 106,
        "name": "優福國際股份有限公司附設臺北市私立優福居家⻑照機構",
        "service_type": "居家服務",
        "address": "臺北市大同區延平北路三段4號5樓(508室)",
        "district_code": "63000060",
        "phone": "0976-804-827",
        "approved_date": "1111227",
        "district": "",
        "city": "taipei"
      },
      "geometry": {
        "type": "Point",
        "coordinates": [
          121.511028,
          25.06352
        ]
      }
    },
    {
      "type": "Feature",
      "properties": {
        "serial_no": 107,
        "name": "臺北市私立悠樂活居家長照機構",
        "service_type": "居家服務",
        "address": "臺北市大同區重慶北路一段67號3樓",
        "district_code": "63000060",
        "phone": "02-77467520",
        "approved_date": "1100104",
        "district": "",
        "city": "taipei"
      },
      "geometry": {
        "type": "Point",
        "coordinates": [
          121.514138,
          25.051815
        ]
      }
    },
    {
      "type": "Feature",
      "properties": {
        "serial_no": 108,
        "name": "馨瀅股份有限公司附設私立馨瀅居家⻑照機構",
        "service_type": "居家服務",
        "address": "臺北市大同區迪化街一段149號3樓",
        "district_code": "63000060",
        "phone": "02-2552-7626",
        "approved_date": "1090709",
        "district": "",
        "city": "taipei"
      },
      "geometry": {
        "type": "Point",
        "coordinates": [
          121.509797,
          25.058135
        ]
      }
    },
    {
      "type": "Feature",
      "properties": {
        "serial_no": 109,
        "name": "奇恩健康有限公司附設臺北市私立翔旭居家⻑照機構",
        "service_type": "居家服務",
        "address": "臺北市大同區寧夏路23-1號2樓206室",
        "district_code": "63000060",
        "phone": "0955-568486",
        "approved_date": "1120301",
        "district": "",
        "city": "taipei"
      },
      "geometry": {
        "type": "Point",
        "coordinates": [
          121.51529,
          25.057892
        ]
      }
    },
    {
      "type": "Feature",
      "properties": {
        "serial_no": 110,
        "name": "育和有限公司附設臺北市私立育和居家⻑照機構",
        "service_type": "居家服務",
        "address": "臺北市大同區寧夏路23-1號2樓202室",
        "district_code": "63000060",
        "phone": "0918-026-709",
        "approved_date": "1110224",
        "district": "",
        "city": "taipei"
      },
      "geometry": {
        "type": "Point",
        "coordinates": [
          121.51529,
          25.057892
        ]
      }
    },
    {
      "type": "Feature",
      "properties": {
        "serial_no": 111,
        "name": "臺北市立聯合醫院居家式服務類⻑期照顧服務機構",
        "service_type": "居家服務",
        "address": "臺北市大同區鄭州路145號1樓",
        "district_code": "63000060",
        "phone": "02-2555-3000",
        "approved_date": "1070518",
        "district": "",
        "city": "taipei"
      },
      "geometry": {
        "type": "Point",
        "coordinates": [
          121.508885,
          25.050693
        ]
      }
    },
    {
      "type": "Feature",
      "properties": {
        "serial_no": 112,
        "name": "臺北市私立樂齡居家⻑照機構",
        "service_type": "居家服務",
        "address": "臺北市大同區重慶北路一段30號3樓(316室)",
        "district_code": "63000060",
        "phone": "0920-851-115",
        "approved_date": "1120711",
        "district": "",
        "city": "taipei"
      },
      "geometry": {
        "type": "Point",
        "coordinates": [
          121.512711,
          25.050988
        ]
      }
    },
    {
      "type": "Feature",
      "properties": {
        "serial_no": 113,
        "name": "社團法人台灣喜樂家族協會附設臺北市私立冠冕居家⻑照機構",
        "service_type": "居家服務",
        "address": "臺北市士林區雙溪街140號1樓",
        "district_code": "63000110",
        "phone": "02-2832-0533",
        "approved_date": "1111209",
        "district": "",
        "city": "taipei"
      },
      "geometry": {
        "type": "Point",
        "coordinates": [
          121.524376,
          25.100411
        ]
      }
    },
    {
      "type": "Feature",
      "properties": {
        "serial_no": 114,
        "name": "臺北市私立跑居家⻑照機構",
        "service_type": "居家服務",
        "address": "臺北市士林區重慶北路4段248號3樓313室",
        "district_code": "63000110",
        "phone": "02-2816-1255",
        "approved_date": "1081031",
        "district": "",
        "city": "taipei"
      },
      "geometry": {
        "type": "Point",
        "coordinates": [
          121.514191,
          25.064679
        ]
      }
    },
    {
      "type": "Feature",
      "properties": {
        "serial_no": 115,
        "name": "鴻源長期照顧股份有限公司附設臺北市私立旭樂居家⻑照機構",
        "service_type": "居家服務",
        "address": "臺北市士林區承德路4段80巷2號3樓",
        "district_code": "63000110",
        "phone": "02-2885-8000",
        "approved_date": "1100520",
        "district": "",
        "city": "taipei"
      },
      "geometry": {
        "type": "Point",
        "coordinates": [
          121.52125,
          25.082624
        ]
      }
    },
    {
      "type": "Feature",
      "properties": {
        "serial_no": 116,
        "name": "社團法⼈中華⺠國⼠林靈糧堂社會福利協會附設臺北市私立安馨居家式服務類⻑期照顧服務機構",
        "service_type": "居家服務",
        "address": "臺北市士林區延平北路5段83巷28弄11號1樓",
        "district_code": "63000110",
        "phone": "02-2811-0515",
        "approved_date": "1070212",
        "district": "",
        "city": "taipei"
      },
      "geometry": {
        "type": "Point",
        "coordinates": [
          121.511056,
          25.079198
        ]
      }
    },
    {
      "type": "Feature",
      "properties": {
        "serial_no": 117,
        "name": "鴻養銀髮事業股份有限公司附設臺北市私立常耕居家⻑照機構",
        "service_type": "居家服務",
        "address": "臺北市大同區酒泉街102號2樓",
        "district_code": "63000060",
        "phone": "02-2815-1091",
        "approved_date": "1120510",
        "district": "",
        "city": "taipei"
      },
      "geometry": {
        "type": "Point",
        "coordinates": [
          121.514342,
          25.071941
        ]
      }
    },
    {
      "type": "Feature",
      "properties": {
        "serial_no": 118,
        "name": "臺北市私立安民居家⻑照機構",
        "service_type": "居家服務",
        "address": "臺北市士林區文林路342號7樓K706室",
        "district_code": "63000110",
        "phone": "02-2883-4074",
        "approved_date": "1090518",
        "district": "",
        "city": "taipei"
      },
      "geometry": {
        "type": "Point",
        "coordinates": [
          121.525668,
          25.093527
        ]
      }
    },
    {
      "type": "Feature",
      "properties": {
        "serial_no": 119,
        "name": "中化銀髮事業股份有限公司附設臺北市私立中化銀髮居家式服 務類⻑期照顧服務機構",
        "service_type": "居家服務",
        "address": "臺北市士林區中山北路5段699巷1號1樓",
        "district_code": "63000110",
        "phone": "02-2835-5058",
        "approved_date": "1070202",
        "district": "",
        "city": "taipei"
      },
      "geometry": {
        "type": "Point",
        "coordinates": [
          121.533367,
          25.125206
        ]
      }
    },
    {
      "type": "Feature",
      "properties": {
        "serial_no": 120,
        "name": "臺北市私立樂陽居家⻑照機構",
        "service_type": "居家服務",
        "address": "臺北市士林區士商路110號1樓",
        "district_code": "63000110",
        "phone": "02-7751-6063",
        "approved_date": "1110901",
        "district": "",
        "city": "taipei"
      },
      "geometry": {
        "type": "Point",
        "coordinates": [
          121.518883,
          25.091951
        ]
      }
    },
    {
      "type": "Feature",
      "properties": {
        "serial_no": 121,
        "name": "財團法人私立廣恩老人養護中心",
        "service_type": "居家服務",
        "address": "新北市新店區北宜路2段579巷45號",
        "district_code": "65000060",
        "phone": "02-2930-7999",
        "approved_date": "1070822",
        "district": "",
        "city": "metrotaipei"
      },
      "geometry": {
        "type": "Point",
        "coordinates": [
          121.547584,
          24.951865
        ]
      }
    },
    {
      "type": "Feature",
      "properties": {
        "serial_no": 122,
        "name": "新北市私立永安居家⻑照機構",
        "service_type": "居家服務",
        "address": "新北市新店區中正路399巷13號1樓",
        "district_code": "65000060",
        "phone": "02-8665-6656",
        "approved_date": "1080107",
        "district": "",
        "city": "metrotaipei"
      },
      "geometry": {
        "type": "Point",
        "coordinates": [
          121.534243,
          24.976864
        ]
      }
    },
    {
      "type": "Feature",
      "properties": {
        "serial_no": 123,
        "name": "社團法⼈愛福家協會附設新北市私立愛福家居家式服務類⻑期照顧服務機構",
        "service_type": "居家服務",
        "address": "新北市板橋區雙十路二段217號4樓",
        "district_code": "65000010",
        "phone": "02-2250-0177",
        "approved_date": "1070628",
        "district": "",
        "city": "metrotaipei"
      },
      "geometry": {
        "type": "Point",
        "coordinates": [
          121.473228,
          25.029049
        ]
      }
    },
    {
      "type": "Feature",
      "properties": {
        "serial_no": 124,
        "name": "新北市私立常錦居家⻑照機構",
        "service_type": "居家服務",
        "address": "新北市板橋區國慶路149巷14弄8號",
        "district_code": "65000010",
        "phone": "02-89520607",
        "approved_date": "1080926",
        "district": "",
        "city": "metrotaipei"
      },
      "geometry": {
        "type": "Point",
        "coordinates": [
          121.46162,
          24.997229
        ]
      }
    },
    {
      "type": "Feature",
      "properties": {
        "serial_no": 125,
        "name": "齡活股份有限公司附設新北市私立齡活居家⻑照機構",
        "service_type": "居家服務",
        "address": "新北市板橋區海山路19號1樓(103室)",
        "district_code": "65000010",
        "phone": "(02)7751-8056",
        "approved_date": "1090328",
        "district": "",
        "city": "metrotaipei"
      },
      "geometry": {
        "type": "Point",
        "coordinates": [
          121.468854,
          25.009212
        ]
      }
    },
    {
      "type": "Feature",
      "properties": {
        "serial_no": 126,
        "name": "龍騰長期照護有限公司附設新北市私立童馨園居家⻑照機構",
        "service_type": "居家服務",
        "address": "新北市板橋區東門街32號3樓",
        "district_code": "65000010",
        "phone": "0919-319-207",
        "approved_date": "1090323",
        "district": "",
        "city": "metrotaipei"
      },
      "geometry": {
        "type": "Point",
        "coordinates": [
          121.458175,
          25.008017
        ]
      }
    },
    {
      "type": "Feature",
      "properties": {
        "serial_no": 127,
        "name": "有限責任新北市愛齡照護服務勞動合作社附設新北市私立到咖⼿居家⻑照機構",
        "service_type": "居家服務",
        "address": "新北市板橋區明德街21號2樓",
        "district_code": "65000010",
        "phone": "02-22726233",
        "approved_date": "1080325",
        "district": "",
        "city": "metrotaipei"
      },
      "geometry": {
        "type": "Point",
        "coordinates": [
          121.459976,
          25.010861
        ]
      }
    },
    {
      "type": "Feature",
      "properties": {
        "serial_no": 128,
        "name": "新北市私立恩典居家⻑照機構",
        "service_type": "居家服務",
        "address": "新北市板橋區文化路二段451號4樓之1",
        "district_code": "65000010",
        "phone": "02-22552916",
        "approved_date": "1100312",
        "district": "",
        "city": "metrotaipei"
      },
      "geometry": {
        "type": "Point",
        "coordinates": [
          121.475271,
          25.033516
        ]
      }
    },
    {
      "type": "Feature",
      "properties": {
        "serial_no": 129,
        "name": "新北市私立恩勤居家⻑照機構",
        "service_type": "居家服務",
        "address": "新北市板橋區文化路1段189號7樓",
        "district_code": "65000010",
        "phone": "0973-731340",
        "approved_date": "1081029",
        "district": "",
        "city": "metrotaipei"
      },
      "geometry": {
        "type": "Point",
        "coordinates": [
          121.457692,
          25.009668
        ]
      }
    },
    {
      "type": "Feature",
      "properties": {
        "serial_no": 130,
        "name": "永愛居家⻑照有限公司附設新北市私立永愛居家⻑照機構",
        "service_type": "居家服務",
        "address": "新北市汐止區新台五路一段159號14樓",
        "district_code": "65000110",
        "phone": "02-26430199",
        "approved_date": "1080430",
        "district": "",
        "city": "metrotaipei"
      },
      "geometry": {
        "type": "Point",
        "coordinates": [
          121.653788,
          25.062486
        ]
      }
    },
    {
      "type": "Feature",
      "properties": {
        "serial_no": 131,
        "name": "財團法人天下為公社會福利慈善事業基金會附設新北市私立天下為公居家式服務類⻑期照顧服務機構",
        "service_type": "居家服務",
        "address": "新北市汐止區大同路三段425號",
        "district_code": "65000110",
        "phone": "02-8648-8388",
        "approved_date": "1070524",
        "district": "",
        "city": "metrotaipei"
      },
      "geometry": {
        "type": "Point",
        "coordinates": [
          121.677742,
          25.07168
        ]
      }
    },
    {
      "type": "Feature",
      "properties": {
        "serial_no": 132,
        "name": "社團法⼈中華⻑照協會附設新北市私立永樂居家式服務類⻑期 照顧服務機構",
        "service_type": "居家服務",
        "address": "新北市永和區文化路155號",
        "district_code": "65000040",
        "phone": "02-29212212",
        "approved_date": "1070111",
        "district": "",
        "city": "metrotaipei"
      },
      "geometry": {
        "type": "Point",
        "coordinates": [
          121.510415,
          25.016255
        ]
      }
    },
    {
      "type": "Feature",
      "properties": {
        "serial_no": 133,
        "name": "天主教耕莘醫療財團法人附設新北市私立永和耕莘居家式服務類⻑期照顧服務機構",
        "service_type": "居家服務",
        "address": "新北市永和區中興街52巷1弄12號1樓",
        "district_code": "65000040",
        "phone": "02-2928-6060 #21400",
        "approved_date": "1070625",
        "district": "",
        "city": "metrotaipei"
      },
      "geometry": {
        "type": "Point",
        "coordinates": [
          121.517175,
          25.011275
        ]
      }
    },
    {
      "type": "Feature",
      "properties": {
        "serial_no": 134,
        "name": "潤康長期照護有限公司附設新北市私立潤康居家⻑照機構",
        "service_type": "居家服務",
        "address": "新北市中和區景平路431巷68號1樓",
        "district_code": "65000030",
        "phone": "02-77519133",
        "approved_date": "1091126",
        "district": "",
        "city": "metrotaipei"
      },
      "geometry": {
        "type": "Point",
        "coordinates": [
          121.500617,
          24.995613
        ]
      }
    },
    {
      "type": "Feature",
      "properties": {
        "serial_no": 135,
        "name": "新北市私立立穎居家⻑照機構",
        "service_type": "居家服務",
        "address": "新北市中和區立德街204號3樓",
        "district_code": "65000030",
        "phone": "0968-665686",
        "approved_date": "1080327",
        "district": "",
        "city": "metrotaipei"
      },
      "geometry": {
        "type": "Point",
        "coordinates": [
          121.484578,
          25.009496
        ]
      }
    },
    {
      "type": "Feature",
      "properties": {
        "serial_no": 136,
        "name": "社團法⼈台灣立享⻑照服務教育發展協會附設新北市私立立享 居家⻑照機構",
        "service_type": "居家服務",
        "address": "新北市中和區橋安街9號7樓",
        "district_code": "65000030",
        "phone": "02-2248-0061",
        "approved_date": "1080919",
        "district": "",
        "city": "metrotaipei"
      },
      "geometry": {
        "type": "Point",
        "coordinates": [
          121.492658,
          25.003517
        ]
      }
    },
    {
      "type": "Feature",
      "properties": {
        "serial_no": 137,
        "name": "財團法人台灣省私立健順養護中心附設新北市私立健順居家式服務類⻑期照顧服務機構",
        "service_type": "居家服務",
        "address": "新北市中和區大勇街96號2樓",
        "district_code": "65000030",
        "phone": "02-7703-1978",
        "approved_date": "1070628",
        "district": "",
        "city": "metrotaipei"
      },
      "geometry": {
        "type": "Point",
        "coordinates": [
          121.517853,
          24.995154
        ]
      }
    },
    {
      "type": "Feature",
      "properties": {
        "serial_no": 138,
        "name": "新北市私立旺福居家⻑照機構",
        "service_type": "居家服務",
        "address": "新北市三重區福隆路48號1樓",
        "district_code": "65000020",
        "phone": "02-8985-7453",
        "approved_date": "1070305",
        "district": "",
        "city": "metrotaipei"
      },
      "geometry": {
        "type": "Point",
        "coordinates": [
          121.547784,
          25.043898
        ]
      }
    },
    {
      "type": "Feature",
      "properties": {
        "serial_no": 139,
        "name": "有限責任新北市全⼈⻑照服務勞動合作社附設新北市私立全⼈居家⻑照機構",
        "service_type": "居家服務",
        "address": "新北市三重區集美街112巷51號",
        "district_code": "65000020",
        "phone": "02-29757512",
        "approved_date": "1090630",
        "district": "",
        "city": "metrotaipei"
      },
      "geometry": {
        "type": "Point",
        "coordinates": [
          121.49106,
          25.054406
        ]
      }
    },
    {
      "type": "Feature",
      "properties": {
        "serial_no": 140,
        "name": "新北市私立全曜居家式服務類⻑期照顧服務機構",
        "service_type": "居家服務",
        "address": "新北市三重區⻑元街100之2號1、2樓",
        "district_code": "65000020",
        "phone": "02-2972-2060",
        "approved_date": "1070523",
        "district": "",
        "city": "metrotaipei"
      },
      "geometry": {
        "type": "Point",
        "coordinates": [
          121.503035,
          25.066768
        ]
      }
    },
    {
      "type": "Feature",
      "properties": {
        "serial_no": 141,
        "name": "樂銓管理顧問股份有限公司附設新北市私立樂銓居家⻑照機構",
        "service_type": "居家服務",
        "address": "新北市三重區正義北路210號9樓",
        "district_code": "65000020",
        "phone": "02-29866262",
        "approved_date": "1090207",
        "district": "",
        "city": "metrotaipei"
      },
      "geometry": {
        "type": "Point",
        "coordinates": [
          121.496204,
          25.067527
        ]
      }
    },
    {
      "type": "Feature",
      "properties": {
        "serial_no": 142,
        "name": "靜安健康股份有限公司附設臺北市私立靜安健康居家⻑照機構",
        "service_type": "居家服務",
        "address": "臺北市南港區玉成街89之1號1樓",
        "district_code": "63000090",
        "phone": "02-26535358",
        "approved_date": "1120904",
        "district": "",
        "city": "taipei"
      },
      "geometry": {
        "type": "Point",
        "coordinates": [
          121.582217,
          25.047377
        ]
      }
    },
    {
      "type": "Feature",
      "properties": {
        "serial_no": 144,
        "name": "愛斯特居服有限公司附設臺北市私立愛斯特居家⻑照機構",
        "service_type": "居家服務",
        "address": "臺北市大同區市⺠大道一段211號11樓之27",
        "district_code": "63000060",
        "phone": "0922-225499",
        "approved_date": "1120823",
        "district": "",
        "city": "taipei"
      },
      "geometry": {
        "type": "Point",
        "coordinates": [
          121.51378,
          25.065937
        ]
      }
    },
    {
      "type": "Feature",
      "properties": {
        "serial_no": 145,
        "name": "臺北市私立容禾居家長照機構",
        "service_type": "居家服務",
        "address": "臺北市大同區承德路三段109號4樓",
        "district_code": "63000060",
        "phone": "0933-655082",
        "approved_date": "1120904",
        "district": "",
        "city": "taipei"
      },
      "geometry": {
        "type": "Point",
        "coordinates": [
          121.518583,
          25.066755
        ]
      }
    },
    {
      "type": "Feature",
      "properties": {
        "serial_no": 146,
        "name": "好服有限公司附設臺北市私立顧得豪居家⻑照機構",
        "service_type": "居家服務",
        "address": "臺北市萬華區萬大路187巷42號1樓",
        "district_code": "63000070",
        "phone": "0928-431620",
        "approved_date": "1120526",
        "district": "",
        "city": "taipei"
      },
      "geometry": {
        "type": "Point",
        "coordinates": [
          121.50145,
          25.028074
        ]
      }
    },
    {
      "type": "Feature",
      "properties": {
        "serial_no": 147,
        "name": "天勤健康⽣活事業有限公司附設臺北市私立天勤居家⻑照機構",
        "service_type": "居家服務",
        "address": "臺北市大安區復興南路二段65號6F之5",
        "district_code": "63000030",
        "phone": "77522272#260",
        "approved_date": "1120710",
        "district": "",
        "city": "taipei"
      },
      "geometry": {
        "type": "Point",
        "coordinates": [
          121.543777,
          25.03057
        ]
      }
    },
    {
      "type": "Feature",
      "properties": {
        "serial_no": 148,
        "name": "皓仁健康照護事業有限公司附設臺北市私立皓仁居家⻑照機構",
        "service_type": "居家服務",
        "address": "臺北市大安區四維路198巷29號2樓",
        "district_code": "63000030",
        "phone": "02-77093866",
        "approved_date": "1121027",
        "district": "",
        "city": "taipei"
      },
      "geometry": {
        "type": "Point",
        "coordinates": [
          121.546022,
          25.027396
        ]
      }
    },
    {
      "type": "Feature",
      "properties": {
        "serial_no": 149,
        "name": "真心健康事業有限公司附設臺北市私立真心居家長照機構",
        "service_type": "居家服務",
        "address": "臺北市大同區歸綏街209號5樓之1",
        "district_code": "63000060",
        "phone": "02-2550-0108",
        "approved_date": "1121102",
        "district": "",
        "city": "taipei"
      },
      "geometry": {
        "type": "Point",
        "coordinates": [
          121.51184,
          25.058238
        ]
      }
    },
    {
      "type": "Feature",
      "properties": {
        "serial_no": 150,
        "name": "善誠健康事業股份有限公司附設臺北市私立大安善誠居家⻑照機構",
        "service_type": "居家服務",
        "address": "臺北市大安區忠孝東路4段148號4樓之1",
        "district_code": "63000030",
        "phone": "02-27790951",
        "approved_date": "1121204",
        "district": "",
        "city": "taipei"
      },
      "geometry": {
        "type": "Point",
        "coordinates": [
          121.61258,
          25.053227
        ]
      }
    },
    {
      "type": "Feature",
      "properties": {
        "serial_no": 151,
        "name": "佳臻有限公司附設臺北市私立佳臻居家⻑照機構",
        "service_type": "居家服務",
        "address": "臺北市大同區⻑安⻄路84號6樓之1",
        "district_code": "63000060",
        "phone": "02-2559-8131",
        "approved_date": "1121206",
        "district": "",
        "city": "taipei"
      },
      "geometry": {
        "type": "Point",
        "coordinates": [
          121.549669,
          25.035061
        ]
      }
    },
    {
      "type": "Feature",
      "properties": {
        "serial_no": 152,
        "name": "安照股份有限公司附設臺北市私立安照居家⻑照機構",
        "service_type": "居家服務",
        "address": "臺北市松山區南京東路5段356號8樓之1(801室)",
        "district_code": "63000010",
        "phone": "02-27773112",
        "approved_date": "1121120",
        "district": "",
        "city": "taipei"
      },
      "geometry": {
        "type": "Point",
        "coordinates": [
          121.55538,
          25.052589
        ]
      }
    },
    {
      "type": "Feature",
      "properties": {
        "serial_no": 153,
        "name": "采鋐整合行銷股份有限公司附設臺北市私立采鋐照護伴隨居家⻑照機構",
        "service_type": "居家服務",
        "address": "臺北市信義區信義路5段5號2樓2B21及2B22室(M層)",
        "district_code": "63000020",
        "phone": "(02)6626-9168",
        "approved_date": "1121208",
        "district": "",
        "city": "taipei"
      },
      "geometry": {
        "type": "Point",
        "coordinates": [
          121.57541,
          25.035068
        ]
      }
    },
    {
      "type": "Feature",
      "properties": {
        "serial_no": 154,
        "name": "臺北市私立誠達居家⻑照機構",
        "service_type": "居家服務",
        "address": "臺北市信義區忠孝東路5段476號8樓802室",
        "district_code": "63000020",
        "phone": "0935-191-597",
        "approved_date": "1130112",
        "district": "",
        "city": "taipei"
      },
      "geometry": {
        "type": "Point",
        "coordinates": [
          121.574333,
          25.040053
        ]
      }
    },
    {
      "type": "Feature",
      "properties": {
        "serial_no": 155,
        "name": "臺北市私立家福居家⻑照機構",
        "service_type": "居家服務",
        "address": "臺北市信義區松仁路252號1樓",
        "district_code": "63000020",
        "phone": "(02)8786-1127",
        "approved_date": "1100108",
        "district": "",
        "city": "taipei"
      },
      "geometry": {
        "type": "Point",
        "coordinates": [
          121.569301,
          25.024438
        ]
      }
    },
    {
      "type": "Feature",
      "properties": {
        "serial_no": 156,
        "name": "守護星股份有限公司附設臺北市私立守護星居家⻑照機構",
        "service_type": "居家服務",
        "address": "臺北市大安區信義路四段296號15樓5-2室",
        "district_code": "63000030",
        "phone": "(02)27012891",
        "approved_date": "1130229",
        "district": "",
        "city": "taipei"
      },
      "geometry": {
        "type": "Point",
        "coordinates": [
          121.55459,
          25.03295
        ]
      }
    },
    {
      "type": "Feature",
      "properties": {
        "serial_no": 157,
        "name": "凱安居家有限公司附設臺北市私立凱安居家⻑照機構",
        "service_type": "居家服務",
        "address": "臺北市大安區敦化南路一段192號3樓之3",
        "district_code": "63000030",
        "phone": "02-27111885",
        "approved_date": "1130308",
        "district": "",
        "city": "taipei"
      },
      "geometry": {
        "type": "Point",
        "coordinates": [
          121.548497,
          25.042547
        ]
      }
    },
    {
      "type": "Feature",
      "properties": {
        "serial_no": 158,
        "name": "泉益居家有限公司附設臺北市私立眾益居家⻑照機構",
        "service_type": "居家服務",
        "address": "臺北市萬華區萬大路322巷67號",
        "district_code": "63000070",
        "phone": "02-2305-8860",
        "approved_date": "1130312",
        "district": "",
        "city": "taipei"
      },
      "geometry": {
        "type": "Point",
        "coordinates": [
          121.497987,
          25.024499
        ]
      }
    },
    {
      "type": "Feature",
      "properties": {
        "serial_no": 159,
        "name": "好拾光居家⻑照有限公司附設臺北市私立好拾光居家⻑照機構",
        "service_type": "居家服務",
        "address": "臺北市士林區重慶北路四段248號4樓（407室）",
        "district_code": "63000110",
        "phone": "0955-166-071",
        "approved_date": "1121213",
        "district": "",
        "city": "taipei"
      },
      "geometry": {
        "type": "Point",
        "coordinates": [
          121.511934,
          25.083522
        ]
      }
    },
    {
      "type": "Feature",
      "properties": {
        "serial_no": 160,
        "name": "苷⼼有限公司附設臺北市私立苷⼼居家⻑照機構",
        "service_type": "居家服務",
        "address": "臺北市大安區車層里忠孝東路四段235號11樓1113室",
        "district_code": "63000030",
        "phone": "0905-817541",
        "approved_date": "1130329",
        "district": "",
        "city": "taipei"
      },
      "geometry": {
        "type": "Point",
        "coordinates": [
          121.544384,
          25.041671
        ]
      }
    },
    {
      "type": "Feature",
      "properties": {
        "serial_no": 161,
        "name": "臺北市私立禾雅居家⻑照機構",
        "service_type": "居家服務",
        "address": "臺北市大安區忠孝東路四段221號9樓A室",
        "district_code": "63000030",
        "phone": "(02)87719922",
        "approved_date": "1130408",
        "district": "",
        "city": "taipei"
      },
      "geometry": {
        "type": "Point",
        "coordinates": [
          121.551901,
          25.041527
        ]
      }
    },
    {
      "type": "Feature",
      "properties": {
        "serial_no": 162,
        "name": "財團法⼈中華⺠國唐⽒症基⾦會附設臺北市私立唐⽒症居家⻑ 照機構",
        "service_type": "居家服務",
        "address": "臺北市南港區忠孝東路7段520號7樓",
        "district_code": "63000090",
        "phone": "02-2789-1966",
        "approved_date": "1130418",
        "district": "",
        "city": "taipei"
      },
      "geometry": {
        "type": "Point",
        "coordinates": [
          121.611534,
          25.05317
        ]
      }
    },
    {
      "type": "Feature",
      "properties": {
        "serial_no": 163,
        "name": "安⼼居家服務有限公司附設臺北市私立安⼼居家⻑照機構",
        "service_type": "居家服務",
        "address": "臺北市大安區忠孝東路四段300號五樓",
        "district_code": "63000030",
        "phone": "(02)77555066",
        "approved_date": "1130510",
        "district": "",
        "city": "taipei"
      },
      "geometry": {
        "type": "Point",
        "coordinates": [
          121.556277,
          25.041156
        ]
      }
    },
    {
      "type": "Feature",
      "properties": {
        "serial_no": 164,
        "name": "夢想銀髮⽅⾈股份有限公司附設臺北市私立花博居家⻑照機構",
        "service_type": "居家服務",
        "address": "臺北市松山區南京東路三段311號8樓",
        "district_code": "63000010",
        "phone": "02-2545-5556",
        "approved_date": "1130523",
        "district": "",
        "city": "taipei"
      },
      "geometry": {
        "type": "Point",
        "coordinates": [
          121.547119,
          25.05198
        ]
      }
    },
    {
      "type": "Feature",
      "properties": {
        "serial_no": 165,
        "name": "芯昀有限公司附設臺北市私立芯昀居家⻑照機構",
        "service_type": "居家服務",
        "address": "臺北市北投區珠海路31號一樓",
        "district_code": "63000120",
        "phone": "02-2893-7878",
        "approved_date": "1130524",
        "district": "",
        "city": "taipei"
      },
      "geometry": {
        "type": "Point",
        "coordinates": [
          121.50232,
          25.138151
        ]
      }
    },
    {
      "type": "Feature",
      "properties": {
        "serial_no": 166,
        "name": "四正勤關懷照護有限公司附設臺北市私立四正勤居家⻑照機構",
        "service_type": "居家服務",
        "address": "臺北市大同區延平北路3段4號5樓之1(R530室)",
        "district_code": "63000060",
        "phone": "0965-331-778",
        "approved_date": "1130524",
        "district": "",
        "city": "taipei"
      },
      "geometry": {
        "type": "Point",
        "coordinates": [
          121.511744,
          25.051606
        ]
      }
    },
    {
      "type": "Feature",
      "properties": {
        "serial_no": 167,
        "name": "善新健康事業有限公司附設臺北市私立善新居家⻑照機構",
        "service_type": "居家服務",
        "address": "臺北市萬華區昆明街35-1號5樓",
        "district_code": "63000070",
        "phone": "02-23706999",
        "approved_date": "1130524",
        "district": "",
        "city": "taipei"
      },
      "geometry": {
        "type": "Point",
        "coordinates": [
          121.504502,
          25.041313
        ]
      }
    },
    {
      "type": "Feature",
      "properties": {
        "serial_no": 168,
        "name": "國軒企業有限公司附設臺北市私立國軒居家⻑照機構",
        "service_type": "居家服務",
        "address": "臺北市北投區中和街395號1樓",
        "district_code": "63000120",
        "phone": "02-2891-9157",
        "approved_date": "1130604",
        "district": "",
        "city": "taipei"
      },
      "geometry": {
        "type": "Point",
        "coordinates": [
          121.498456,
          25.142627
        ]
      }
    },
    {
      "type": "Feature",
      "properties": {
        "serial_no": 169,
        "name": "⻑耘股份有限公司附設臺北市私立協樂居家⻑照機構",
        "service_type": "居家服務",
        "address": "臺北市大安區復興南路一段368號13樓（F1303室）",
        "district_code": "63000030",
        "phone": "02-77288848轉0",
        "approved_date": "1130704",
        "district": "",
        "city": "taipei"
      },
      "geometry": {
        "type": "Point",
        "coordinates": [
          121.543397,
          25.034898
        ]
      }
    },
    {
      "type": "Feature",
      "properties": {
        "serial_no": 170,
        "name": "湘寓蒔光有限公司附設臺北市私立湘寓蒔光居家⻑照機構",
        "service_type": "居家服務",
        "address": "臺北市北投區北投路2段9號5樓之2",
        "district_code": "63000120",
        "phone": "02-28966188",
        "approved_date": "1130716",
        "district": "",
        "city": "taipei"
      },
      "geometry": {
        "type": "Point",
        "coordinates": [
          121.499844,
          25.129454
        ]
      }
    },
    {
      "type": "Feature",
      "properties": {
        "serial_no": 171,
        "name": "龍騰⻑期照護有限公司附設臺北市私立童馨園居家⻑照機構",
        "service_type": "居家服務",
        "address": "臺北市萬華區萬大路323號7樓（705室）",
        "district_code": "63000070",
        "phone": "0919-319207",
        "approved_date": "1130805",
        "district": "",
        "city": "taipei"
      },
      "geometry": {
        "type": "Point",
        "coordinates": [
          121.500414,
          25.024327
        ]
      }
    },
    {
      "type": "Feature",
      "properties": {
        "serial_no": 172,
        "name": "永欣健康股份有限公司附設臺北市私立⾦永欣居家⻑照機構",
        "service_type": "居家服務",
        "address": "臺北市北投區吉利街123巷16號1樓",
        "district_code": "63000120",
        "phone": "02-2823-9008",
        "approved_date": "1130812",
        "district": "",
        "city": "taipei"
      },
      "geometry": {
        "type": "Point",
        "coordinates": [
          121.506423,
          25.11909
        ]
      }
    },
    {
      "type": "Feature",
      "properties": {
        "serial_no": 173,
        "name": "遠曜居家有限公司附設臺北市私立我在居家⻑照機構",
        "service_type": "居家服務",
        "address": "臺北市文山區忠順街一段16號1樓",
        "district_code": "63000080",
        "phone": "0926-314-475",
        "approved_date": "1130807",
        "district": "",
        "city": "taipei"
      },
      "geometry": {
        "type": "Point",
        "coordinates": [
          121.55834,
          24.983379
        ]
      }
    },
    {
      "type": "Feature",
      "properties": {
        "serial_no": 174,
        "name": "滿多多有限公司附設臺北市私立專⼼居家⻑照機構",
        "service_type": "居家服務",
        "address": "臺北市文山區興隆路4段165巷10號2樓200室",
        "district_code": "63000080",
        "phone": "02-2230-6058",
        "approved_date": "1130902",
        "district": "",
        "city": "taipei"
      },
      "geometry": {
        "type": "Point",
        "coordinates": [
          121.56237,
          24.984039
        ]
      }
    },
    {
      "type": "Feature",
      "properties": {
        "serial_no": 175,
        "name": "星樂活健康⻑期照顧股份有限公司附設臺北市私立星樂活居家式⻑期照顧服務機構",
        "service_type": "居家服務",
        "address": "臺北市大安區信義路四段6號15樓之9",
        "district_code": "63000030",
        "phone": "0937-279546",
        "approved_date": "1130730",
        "district": "",
        "city": "taipei"
      },
      "geometry": {
        "type": "Point",
        "coordinates": [
          121.554183,
          25.032591
        ]
      }
    },
    {
      "type": "Feature",
      "properties": {
        "serial_no": 176,
        "name": "樂銓管理顧問股份有限公司附設臺北市私立慶銓居家⻑照機構",
        "service_type": "居家服務",
        "address": "臺北市大同區⻄寧北路78-18號913室",
        "district_code": "63000060",
        "phone": "02-2312-0108",
        "approved_date": "1130808",
        "district": "",
        "city": "taipei"
      },
      "geometry": {
        "type": "Point",
        "coordinates": [
          121.508663,
          25.053025
        ]
      }
    },
    {
      "type": "Feature",
      "properties": {
        "serial_no": 177,
        "name": "承霖⻑照有限公司附設臺北市私立承霖居家⻑照機構",
        "service_type": "居家服務",
        "address": "臺北市大安區光復南路626號8樓之2",
        "district_code": "63000030",
        "phone": "0901-403194",
        "approved_date": "1130911",
        "district": "",
        "city": "taipei"
      },
      "geometry": {
        "type": "Point",
        "coordinates": [
          121.557272,
          25.031785
        ]
      }
    },
    {
      "type": "Feature",
      "properties": {
        "serial_no": 178,
        "name": "百佳健康事業有限公司附設臺北市私立百佳居家⻑照機構",
        "service_type": "居家服務",
        "address": "臺北市萬華區和平⻄路2段149號3樓之4",
        "district_code": "63000070",
        "phone": "(02)2388-0119",
        "approved_date": "1130925",
        "district": "",
        "city": "taipei"
      },
      "geometry": {
        "type": "Point",
        "coordinates": [
          121.545974,
          25.040918
        ]
      }
    },
    {
      "type": "Feature",
      "properties": {
        "serial_no": 179,
        "name": "旭耀⻑期照顧股份有限公司附設臺北市私立旭耀居家⻑照機構",
        "service_type": "居家服務",
        "address": "臺北市北投區中和街63號2樓",
        "district_code": "63000120",
        "phone": "02-28917999",
        "approved_date": "1130925",
        "district": "",
        "city": "taipei"
      },
      "geometry": {
        "type": "Point",
        "coordinates": [
          121.502002,
          25.138678
        ]
      }
    },
    {
      "type": "Feature",
      "properties": {
        "serial_no": 180,
        "name": "護老⽣活有限公司附設臺北市私立護老互助居家⻑照機構",
        "service_type": "居家服務",
        "address": "臺北市大安區四維路198巷43號",
        "district_code": "63000030",
        "phone": "0937-819311",
        "approved_date": "1130927",
        "district": "",
        "city": "taipei"
      },
      "geometry": {
        "type": "Point",
        "coordinates": [
          121.545647,
          25.027409
        ]
      }
    },
    {
      "type": "Feature",
      "properties": {
        "serial_no": 181,
        "name": "好好健康有限公司附設臺北市私立松泰居家⻑照機構",
        "service_type": "居家服務",
        "address": "臺北市松山區復興北路179號5樓19室",
        "district_code": "63000010",
        "phone": "0963-036682",
        "approved_date": "1131101",
        "district": "",
        "city": "taipei"
      },
      "geometry": {
        "type": "Point",
        "coordinates": [
          121.544304,
          25.054336
        ]
      }
    },
    {
      "type": "Feature",
      "properties": {
        "serial_no": 182,
        "name": "居達健康事業有限公司附設臺北市私立立達居家⻑照機構",
        "service_type": "居家服務",
        "address": "臺北市內湖區康寧路3段75巷137號B106室",
        "district_code": "63000100",
        "phone": "02-77462779",
        "approved_date": "1140124",
        "district": "",
        "city": "taipei"
      },
      "geometry": {
        "type": "Point",
        "coordinates": [
          121.608953,
          25.068023
        ]
      }
    },
    {
      "type": "Feature",
      "properties": {
        "serial_no": 183,
        "name": "晨穎⻑期照顧股份有限公司附設臺北市私立晨安居家⻑照機構",
        "service_type": "居家服務",
        "address": "臺北市士林區中山北路6段264號2樓",
        "district_code": "63000110",
        "phone": "02-28381616",
        "approved_date": "1140123",
        "district": "",
        "city": "taipei"
      },
      "geometry": {
        "type": "Point",
        "coordinates": [
          121.529384,
          25.090193
        ]
      }
    },
    {
      "type": "Feature",
      "properties": {
        "serial_no": 184,
        "name": "湧健⽣活有限公司附設臺北市私立湧健居家⻑照機構",
        "service_type": "居家服務",
        "address": "臺北市松山區南京東路4段120巷29弄32號1樓",
        "district_code": "63000010",
        "phone": "0933-721539",
        "approved_date": "1140305",
        "district": "",
        "city": "taipei"
      },
      "geometry": {
        "type": "Point",
        "coordinates": [
          121.566266,
          25.050635
        ]
      }
    },
    {
      "type": "Feature",
      "properties": {
        "serial_no": 185,
        "name": "社團法人臺北市紅十字會附設臺北市私立松禾居家長照機構",
        "service_type": "居家服務",
        "address": "臺北市信義區信義路4段415號5樓之2",
        "district_code": "63000020",
        "phone": "02-2758-3009",
        "approved_date": "1140317",
        "district": "",
        "city": "taipei"
      },
      "geometry": {
        "type": "Point",
        "coordinates": [
          121.570631,
          25.029761
        ]
      }
    },
    {
      "type": "Feature",
      "properties": {
        "serial_no": 186,
        "name": "亞拓管理顧問事業有限公司附設臺北市私立圓光居家長照機構",
        "service_type": "居家服務",
        "address": "臺北市大同區延平北路3段4之1號1樓101室",
        "district_code": "63000060",
        "phone": "02-2598-2456",
        "approved_date": "1140313",
        "district": "",
        "city": "taipei"
      },
      "geometry": {
        "type": "Point",
        "coordinates": [
          121.511744,
          25.051606
        ]
      }
    },
    {
      "type": "Feature",
      "properties": {
        "serial_no": 187,
        "name": "翔伶事業有限公司附設臺北市私立日夏居家長照機構",
        "service_type": "居家服務",
        "address": "臺北市信義區富陽街37號1樓",
        "district_code": "63000020",
        "phone": "02-27371450",
        "approved_date": "1140113",
        "district": "",
        "city": "taipei"
      },
      "geometry": {
        "type": "Point",
        "coordinates": [
          121.556412,
          25.022788
        ]
      }
    },
    {
      "type": "Feature",
      "properties": {
        "serial_no": 188,
        "name": "曜玥顧問有限公司附設臺北市私立曜玥居家長照機構",
        "service_type": "居家服務",
        "address": "臺北市士林區福港街272巷4號1樓",
        "district_code": "63000110",
        "phone": "02-2881-0152",
        "approved_date": "1140304",
        "district": "",
        "city": "taipei"
      },
      "geometry": {
        "type": "Point",
        "coordinates": [
          121.517576,
          25.083368
        ]
      }
    },
    {
      "type": "Feature",
      "properties": {
        "serial_no": 189,
        "name": "恊宏長期照顧服務有限公司附設臺北市私立恊宏居家長照機構",
        "service_type": "居家服務",
        "address": "臺北市士林區重慶北路4段248號4樓403室",
        "district_code": "63000110",
        "phone": "0902-001-985",
        "approved_date": "1140417",
        "district": "",
        "city": "taipei"
      },
      "geometry": {
        "type": "Point",
        "coordinates": [
          121.514191,
          25.064679
        ]
      }
    },
    {
      "type": "Feature",
      "properties": {
        "serial_no": 190,
        "name": "樂期頤有限公司附設臺北市私立樂期頤綜合長照機構",
        "service_type": "居家服務",
        "address": "臺北市士林區中山北路6段726號5樓",
        "district_code": "63000110",
        "phone": "02-28768726",
        "approved_date": "1131216",
        "district": "",
        "city": "taipei"
      },
      "geometry": {
        "type": "Point",
        "coordinates": [
          121.529384,
          25.090193
        ]
      }
    },
    {
      "type": "Feature",
      "properties": {
        "serial_no": 191,
        "name": "全醫好健康有限公司附設臺北市私立十全居家長照機構",
        "service_type": "居家服務",
        "address": "臺北市大同區寧夏路11號11樓之12",
        "district_code": "63000060",
        "phone": "0909-544-388",
        "approved_date": "1140416",
        "district": "",
        "city": "taipei"
      },
      "geometry": {
        "type": "Point",
        "coordinates": [
          121.515001,
          25.054715
        ]
      }
    },
    {
      "type": "Feature",
      "properties": {
        "serial_no": 192,
        "name": "樂福健康事業有限公司附設臺北市私立樂欣居家長照機構",
        "service_type": "居家服務",
        "address": "臺北市大同區延平北路2段202號18樓801室",
        "district_code": "63000060",
        "phone": "02-2550-9398",
        "approved_date": "1140425",
        "district": "",
        "city": "taipei"
      },
      "geometry": {
        "type": "Point",
        "coordinates": [
          121.511328,
          25.048679
        ]
      }
    },
    {
      "type": "Feature",
      "properties": {
        "serial_no": 193,
        "name": "紙飛機服務科技股份有限公司附設臺北市私立活水居家長照機構",
        "service_type": "居家服務",
        "address": "臺北市松山區南京東路5段8號4樓C室",
        "district_code": "63000010",
        "phone": "02-2747-0365",
        "approved_date": "1140429",
        "district": "",
        "city": "taipei"
      },
      "geometry": {
        "type": "Point",
        "coordinates": [
          121.55538,
          25.052589
        ]
      }
    },
    {
      "type": "Feature",
      "properties": {
        "serial_no": 194,
        "name": "歲悅股份有限公司附設臺北市私立歲悅居家長照機構",
        "service_type": "居家服務",
        "address": "臺北市士林區社子街63巷21弄2號1樓",
        "district_code": "63000110",
        "phone": "02-6604-5432",
        "approved_date": "1140529",
        "district": "",
        "city": "taipei"
      },
      "geometry": {
        "type": "Point",
        "coordinates": [
          121.507109,
          25.088347
        ]
      }
    },
    {
      "type": "Feature",
      "properties": {
        "serial_no": 195,
        "name": "玖蒔有限公司附設臺北市私立玖玖居家長照機構",
        "service_type": "居家服務",
        "address": "臺北市士林區文林路342號7樓K703室",
        "district_code": "63000110",
        "phone": "0983-313-977",
        "approved_date": "1140707",
        "district": "",
        "city": "taipei"
      },
      "geometry": {
        "type": "Point",
        "coordinates": [
          121.525668,
          25.093527
        ]
      }
    },
    {
      "type": "Feature",
      "properties": {
        "serial_no": 196,
        "name": "瑞澤頤康有限公司附設臺北市私立森活居家長照機構",
        "service_type": "居家服務",
        "address": "臺北市士林區文林路661巷13號1樓（第1室）",
        "district_code": "63000110",
        "phone": "0908-818-969",
        "approved_date": "1140822",
        "district": "",
        "city": "taipei"
      },
      "geometry": {
        "type": "Point",
        "coordinates": [
          121.521063,
          25.100214
        ]
      }
    },
    {
      "type": "Feature",
      "properties": {
        "serial_no": 197,
        "name": "財團法人新北市基督教新希望教會 (百齡長青)",
        "service_type": "社區喘息服務單位",
        "address": "臺北市士林區前港里承德路4段190號4樓",
        "district_code": "63000110",
        "phone": "27381336",
        "approved_date": "1051126",
        "district": "",
        "city": "taipei"
      },
      "geometry": {
        "type": "Point",
        "coordinates": [
          121.52125,
          25.082624
        ]
      }
    },
    {
      "type": "Feature",
      "properties": {
        "serial_no": 198,
        "name": "財團法人臺北市中華基督教浸信會慈光堂",
        "service_type": "社區喘息服務單位",
        "address": "臺北市士林區翠山里中社路1段43巷1號",
        "district_code": "63000110",
        "phone": "0937-081867",
        "approved_date": "1130206",
        "district": "",
        "city": "taipei"
      },
      "geometry": {
        "type": "Point",
        "coordinates": [
          121.560188,
          25.108711
        ]
      }
    },
    {
      "type": "Feature",
      "properties": {
        "serial_no": 199,
        "name": "台灣健康社區自主發展協會",
        "service_type": "社區喘息服務單位",
        "address": "臺北市士林區三玉里德行東路203巷2號1樓",
        "district_code": "63000110",
        "phone": "33651622",
        "approved_date": "1000330",
        "district": "",
        "city": "taipei"
      },
      "geometry": {
        "type": "Point",
        "coordinates": [
          121.532165,
          25.109089
        ]
      }
    },
    {
      "type": "Feature",
      "properties": {
        "serial_no": 200,
        "name": "財團法人臺北市華夏婦女文教基金會",
        "service_type": "社區喘息服務單位",
        "address": "臺北市士林區岩山里至誠路1段62巷28號",
        "district_code": "63000110",
        "phone": "02-23696262",
        "approved_date": "1040301",
        "district": "",
        "city": "taipei"
      },
      "geometry": {
        "type": "Point",
        "coordinates": [
          121.536442,
          25.101839
        ]
      }
    },
    {
      "type": "Feature",
      "properties": {
        "serial_no": 201,
        "name": "財團法人一粒麥子社會福利慈善事業基金會",
        "service_type": "社區喘息服務單位",
        "address": "臺北市大同區光能里承德路2段33之1號1樓、33號2樓",
        "district_code": "63000060",
        "phone": "23779780",
        "approved_date": "0920425",
        "district": "",
        "city": "taipei"
      },
      "geometry": {
        "type": "Point",
        "coordinates": [
          121.545974,
          25.040918
        ]
      }
    },
    {
      "type": "Feature",
      "properties": {
        "serial_no": 202,
        "name": "天主教耕莘醫療財團法人永和耕莘醫院(大龍老人住宅)",
        "service_type": "社區喘息服務單位",
        "address": "臺北市大同區至聖里民族西路105號4樓及4樓之1",
        "district_code": "63000060",
        "phone": "27094222",
        "approved_date": "0911103",
        "district": "",
        "city": "taipei"
      },
      "geometry": {
        "type": "Point",
        "coordinates": [
          121.496565,
          25.03023
        ]
      }
    },
    {
      "type": "Feature",
      "properties": {
        "serial_no": 203,
        "name": "臺北市大安區群英里辦公處",
        "service_type": "社區喘息服務單位",
        "address": "臺北市大安區群英里四維路198巷30弄9號1樓； 198巷38弄2、4、8號1樓；198巷42、44號",
        "district_code": "63000030",
        "phone": "23910587",
        "approved_date": "0930904",
        "district": "",
        "city": "taipei"
      },
      "geometry": {
        "type": "Point",
        "coordinates": [
          121.545691,
          25.02648
        ]
      }
    },
    {
      "type": "Feature",
      "properties": {
        "serial_no": 204,
        "name": "財團法人新北市基督教新希望教會 (中山五常)",
        "service_type": "社區喘息服務單位",
        "address": "臺北市中山區下埤里龍江路377巷20號1樓",
        "district_code": "63000040",
        "phone": "27733921",
        "approved_date": "1060913",
        "district": "",
        "city": "taipei"
      },
      "geometry": {
        "type": "Point",
        "coordinates": [
          121.542145,
          25.064551
        ]
      }
    },
    {
      "type": "Feature",
      "properties": {
        "serial_no": 205,
        "name": "臺北市中山區朱厝崙社區發展協會",
        "service_type": "社區喘息服務單位",
        "address": "臺北市中山區朱崙里龍江路15號3樓（朱崙區民活動中心）",
        "district_code": "63000040",
        "phone": "27056829",
        "approved_date": "1000827",
        "district": "",
        "city": "taipei"
      },
      "geometry": {
        "type": "Point",
        "coordinates": [
          121.541879,
          25.065251
        ]
      }
    },
    {
      "type": "Feature",
      "properties": {
        "serial_no": 206,
        "name": "財團法人環宇國際文化教育基金會",
        "service_type": "社區喘息服務單位",
        "address": "臺北市中正區文盛里羅斯福路3段240巷17弄3號、臺北市中正區水源路臨28號",
        "district_code": "63000050",
        "phone": "23225451",
        "approved_date": "0890218",
        "district": "",
        "city": "taipei"
      },
      "geometry": {
        "type": "Point",
        "coordinates": [
          121.540111,
          25.001483
        ]
      }
    },
    {
      "type": "Feature",
      "properties": {
        "serial_no": 207,
        "name": "台灣旺齡協會",
        "service_type": "社區喘息服務單位",
        "address": "臺北市中正區頂東里羅斯福路3段84巷13、15號1樓",
        "district_code": "63000050",
        "phone": "0921-896686",
        "approved_date": "1120517",
        "district": "",
        "city": "taipei"
      },
      "geometry": {
        "type": "Point",
        "coordinates": [
          121.540111,
          25.001483
        ]
      }
    },
    {
      "type": "Feature",
      "properties": {
        "serial_no": 208,
        "name": "財團法人台灣基督教恩惠福音會",
        "service_type": "社區喘息服務單位",
        "address": "臺北市內湖區港墘里內湖路1段608號",
        "district_code": "63000100",
        "phone": "87583853",
        "approved_date": "1081217",
        "district": "",
        "city": "taipei"
      },
      "geometry": {
        "type": "Point",
        "coordinates": [
          121.57246,
          25.080984
        ]
      }
    },
    {
      "type": "Feature",
      "properties": {
        "serial_no": 209,
        "name": "中華民國天使之家全人關懷協會",
        "service_type": "社區喘息服務單位",
        "address": "臺北市內湖區湖興里成功路2段242號1樓",
        "district_code": "63000100",
        "phone": "27091288",
        "approved_date": "1031224",
        "district": "",
        "city": "taipei"
      },
      "geometry": {
        "type": "Point",
        "coordinates": [
          121.590747,
          25.081033
        ]
      }
    },
    {
      "type": "Feature",
      "properties": {
        "serial_no": 210,
        "name": "臺北市文山區華興里辦公處",
        "service_type": "社區喘息服務單位",
        "address": "臺北市文山區華興里木柵路1段264號；木柵路1段311巷1號；木柵路2段2巷",
        "district_code": "63000080",
        "phone": "27368446",
        "approved_date": "0981126",
        "district": "",
        "city": "taipei"
      },
      "geometry": {
        "type": "Point",
        "coordinates": [
          121.557393,
          24.989433
        ]
      }
    },
    {
      "type": "Feature",
      "properties": {
        "serial_no": 211,
        "name": "中華民國紅心字會(興隆)",
        "service_type": "社區喘息服務單位",
        "address": "臺北市文山區明義里興隆路4段105巷47號B棟1樓",
        "district_code": "63000080",
        "phone": "0932-154320",
        "approved_date": "0950603",
        "district": "",
        "city": "taipei"
      },
      "geometry": {
        "type": "Point",
        "coordinates": [
          121.634012,
          25.063908
        ]
      }
    },
    {
      "type": "Feature",
      "properties": {
        "serial_no": 212,
        "name": "財團法人利伯他茲教育基金會",
        "service_type": "社區喘息服務單位",
        "address": "臺北市文山區木新里永安街1號",
        "district_code": "63000080",
        "phone": "27043507",
        "approved_date": "1001113",
        "district": "",
        "city": "taipei"
      },
      "geometry": {
        "type": "Point",
        "coordinates": [
          121.569969,
          24.987074
        ]
      }
    },
    {
      "type": "Feature",
      "properties": {
        "serial_no": 213,
        "name": "臺北市文山區順興社區發展協會",
        "service_type": "社區喘息服務單位",
        "address": "臺北市文山區順興里興隆路4段165巷12號1、2樓 （協會活動會所）",
        "district_code": "63000080",
        "phone": "27550387",
        "approved_date": "1000224",
        "district": "",
        "city": "taipei"
      },
      "geometry": {
        "type": "Point",
        "coordinates": [
          121.634012,
          25.063908
        ]
      }
    },
    {
      "type": "Feature",
      "properties": {
        "serial_no": 214,
        "name": "臺北市文山區忠順社區發展協會",
        "service_type": "社區喘息服務單位",
        "address": "臺北市文山區忠順里興隆路4段145巷9弄3號；興隆路4段145巷30號；忠順街2段22號2樓",
        "district_code": "63000080",
        "phone": "27512118",
        "approved_date": "0960720",
        "district": "",
        "city": "taipei"
      },
      "geometry": {
        "type": "Point",
        "coordinates": [
          121.56237,
          24.984039
        ]
      }
    },
    {
      "type": "Feature",
      "properties": {
        "serial_no": 215,
        "name": "臺北市石牌長青會",
        "service_type": "社區喘息服務單位",
        "address": "臺北市北投區長安里中央北路1段12號3樓及4樓",
        "district_code": "63000120",
        "phone": "27014636",
        "approved_date": "1000415",
        "district": "",
        "city": "taipei"
      },
      "geometry": {
        "type": "Point",
        "coordinates": [
          121.543092,
          25.06349
        ]
      }
    },
    {
      "type": "Feature",
      "properties": {
        "serial_no": 216,
        "name": "社團法人國際奔享體驗教育發展協會(稻香真光)",
        "service_type": "社區喘息服務單位",
        "address": "臺北市北投區稻香里稻香路85號1樓",
        "district_code": "63000120",
        "phone": "23659279",
        "approved_date": "0930428",
        "district": "",
        "city": "taipei"
      },
      "geometry": {
        "type": "Point",
        "coordinates": [
          121.48886,
          25.140943
        ]
      }
    },
    {
      "type": "Feature",
      "properties": {
        "serial_no": 217,
        "name": "社團法人臺北市向日葵慈善協會",
        "service_type": "社區喘息服務單位",
        "address": "臺北市松山區東勢里南京東路4段133巷7弄9號1樓、7號1樓",
        "district_code": "63000010",
        "phone": "02-23661135",
        "approved_date": "0990101",
        "district": "",
        "city": "taipei"
      },
      "geometry": {
        "type": "Point",
        "coordinates": [
          121.554954,
          25.052314
        ]
      }
    },
    {
      "type": "Feature",
      "properties": {
        "serial_no": 218,
        "name": "財團法人雙福社會福利慈善事業基金會 (信義社區照顧關懷據點)",
        "service_type": "社區喘息服務單位",
        "address": "臺北市信義區正和里光復南路443巷9號；臺北市信義區正和里光復南路447-44號",
        "district_code": "63000020",
        "phone": "27716279",
        "approved_date": "1020420",
        "district": "",
        "city": "taipei"
      },
      "geometry": {
        "type": "Point",
        "coordinates": [
          121.557682,
          25.035478
        ]
      }
    },
    {
      "type": "Feature",
      "properties": {
        "serial_no": 219,
        "name": "臺北市後山埤文化發展協會",
        "service_type": "社區喘息服務單位",
        "address": "臺北市南港區聯成里東新街77巷31號",
        "district_code": "63000090",
        "phone": "27047360",
        "approved_date": "0980619",
        "district": "",
        "city": "taipei"
      },
      "geometry": {
        "type": "Point",
        "coordinates": [
          121.588297,
          25.047766
        ]
      }
    },
    {
      "type": "Feature",
      "properties": {
        "serial_no": 220,
        "name": "財團法人弘道老人福利基金會",
        "service_type": "社區喘息服務單位",
        "address": "臺北市南港區中南里市民大道8段588巷18號",
        "district_code": "63000090",
        "phone": "27213058",
        "approved_date": "0930116",
        "district": "",
        "city": "taipei"
      },
      "geometry": {
        "type": "Point",
        "coordinates": [
          121.613175,
          25.053594
        ]
      }
    },
    {
      "type": "Feature",
      "properties": {
        "serial_no": 221,
        "name": "臺北市立聯合醫院(仁愛院區)",
        "service_type": "社區整合型服務中心(A單位)",
        "address": "臺北市大安區仁慈里仁愛路四段10號",
        "district_code": "63000030",
        "phone": "(02)27093600",
        "approved_date": "1000305",
        "district": "",
        "city": "taipei"
      },
      "geometry": {
        "type": "Point",
        "coordinates": [
          121.545299,
          25.03754
        ]
      }
    },
    {
      "type": "Feature",
      "properties": {
        "serial_no": 222,
        "name": "財團法人恆安社會福利慈善事業基金會【1】",
        "service_type": "社區整合型服務中心(A單位)",
        "address": "臺北市大安區和平東路二段295號12樓",
        "district_code": "63000030",
        "phone": "(02)23331955",
        "approved_date": "0810829",
        "district": "",
        "city": "taipei"
      },
      "geometry": {
        "type": "Point",
        "coordinates": [
          121.543608,
          25.024486
        ]
      }
    },
    {
      "type": "Feature",
      "properties": {
        "serial_no": 223,
        "name": "中華民國紅十字會台灣省分會附設臺北市私立紅十字居家式服務類長期照顧服務機構【1】",
        "service_type": "社區整合型服務中心(A單位)",
        "address": "臺北市大安區新生南路三段20-1號2樓",
        "district_code": "63000030",
        "phone": "(02)23637794",
        "approved_date": "1000723",
        "district": "",
        "city": "taipei"
      },
      "geometry": {
        "type": "Point",
        "coordinates": [
          121.5361,
          25.025311
        ]
      }
    },
    {
      "type": "Feature",
      "properties": {
        "serial_no": 224,
        "name": "中華民國紅十字會台灣省分會附設臺北市私立紅十字居家式服務類長期照顧服務機構【2】",
        "service_type": "社區整合型服務中心(A單位)",
        "address": "臺北市大安區新生南路三段20-1號4樓",
        "district_code": "63000030",
        "phone": "(02)23637794",
        "approved_date": "0831028",
        "district": "",
        "city": "taipei"
      },
      "geometry": {
        "type": "Point",
        "coordinates": [
          121.5361,
          25.025311
        ]
      }
    },
    {
      "type": "Feature",
      "properties": {
        "serial_no": 225,
        "name": "財團法人恆安社會福利慈善事業基金會【2】",
        "service_type": "社區整合型服務中心(A單位)",
        "address": "臺北市大安區和平東路二段295號12樓",
        "district_code": "63000030",
        "phone": "(02)23331955",
        "approved_date": "0830427",
        "district": "",
        "city": "taipei"
      },
      "geometry": {
        "type": "Point",
        "coordinates": [
          121.543608,
          25.024486
        ]
      }
    },
    {
      "type": "Feature",
      "properties": {
        "serial_no": 226,
        "name": "新北市私立恩勤居家長照機構",
        "service_type": "社區整合型服務中心(A單位)",
        "address": "臺北市大安區復興南路二段65號6樓之5",
        "district_code": "63000030",
        "phone": "(02)27080921",
        "approved_date": "1060710",
        "district": "",
        "city": "taipei"
      },
      "geometry": {
        "type": "Point",
        "coordinates": [
          121.543777,
          25.03057
        ]
      }
    },
    {
      "type": "Feature",
      "properties": {
        "serial_no": 227,
        "name": "北醫大管理顧問股份有限公司附設私立君蔚居家長照機構",
        "service_type": "社區整合型服務中心(A單位)",
        "address": "臺北市信義區信義路四段375號4樓之7",
        "district_code": "63000030",
        "phone": "(02)23455288",
        "approved_date": "0830312",
        "district": "",
        "city": "taipei"
      },
      "geometry": {
        "type": "Point",
        "coordinates": [
          121.557877,
          25.033279
        ]
      }
    },
    {
      "type": "Feature",
      "properties": {
        "serial_no": 228,
        "name": "愛馨居服有限公司附設臺北市私立愛馨居家長照機構",
        "service_type": "社區整合型服務中心(A單位)",
        "address": "臺北市松山區南京東路五段230號2樓之1",
        "district_code": "63000030",
        "phone": "(02)27670062",
        "approved_date": "0830419",
        "district": "",
        "city": "taipei"
      },
      "geometry": {
        "type": "Point",
        "coordinates": [
          121.56569,
          25.051121
        ]
      }
    },
    {
      "type": "Feature",
      "properties": {
        "serial_no": 229,
        "name": "財團法人台灣省私立健順養護中心",
        "service_type": "社區整合型服務中心(A單位)",
        "address": "臺北市松山區新東街26巷6號",
        "district_code": "63000010",
        "phone": "(02)87874946",
        "approved_date": "1120602",
        "district": "",
        "city": "taipei"
      },
      "geometry": {
        "type": "Point",
        "coordinates": [
          121.566119,
          25.058698
        ]
      }
    },
    {
      "type": "Feature",
      "properties": {
        "serial_no": 230,
        "name": "財團法人弘道老人福利基金會",
        "service_type": "社區整合型服務中心(A單位)",
        "address": "臺北市松山區民福里復興北路451號1樓",
        "district_code": "63000010",
        "phone": "(02)66131314",
        "approved_date": "0830419",
        "district": "",
        "city": "taipei"
      },
      "geometry": {
        "type": "Point",
        "coordinates": [
          121.5444,
          25.064
        ]
      }
    },
    {
      "type": "Feature",
      "properties": {
        "serial_no": 231,
        "name": "財團法人天下為公社會福利慈善事業基金會",
        "service_type": "社區整合型服務中心(A單位)",
        "address": "臺北市松山區南京東路五段118號7樓之3",
        "district_code": "63000010",
        "phone": "(02)27671136",
        "approved_date": "0850303",
        "district": "",
        "city": "taipei"
      },
      "geometry": {
        "type": "Point",
        "coordinates": [
          121.562451,
          25.051244
        ]
      }
    },
    {
      "type": "Feature",
      "properties": {
        "serial_no": 232,
        "name": "凱風長照股份有限公司附設臺北市私立凱風新生北綜合長照機構",
        "service_type": "社區整合型服務中心(A單位)",
        "address": "臺北市中山區松江路129號9樓之2",
        "district_code": "63000010",
        "phone": "(02)25996690",
        "approved_date": "0900324",
        "district": "",
        "city": "taipei"
      },
      "geometry": {
        "type": "Point",
        "coordinates": [
          121.533274,
          25.053816
        ]
      }
    },
    {
      "type": "Feature",
      "properties": {
        "serial_no": 233,
        "name": "愛馨居服有限公司附設臺北市私立愛馨居家長照機構",
        "service_type": "社區整合型服務中心(A單位)",
        "address": "臺北市松山區南京東路五段230號2樓之1",
        "district_code": "63000010",
        "phone": "(02)27670062",
        "approved_date": "0880725",
        "district": "",
        "city": "taipei"
      },
      "geometry": {
        "type": "Point",
        "coordinates": [
          121.56569,
          25.051121
        ]
      }
    },
    {
      "type": "Feature",
      "properties": {
        "serial_no": 234,
        "name": "財團法人恆安社會福利慈善事業基金會",
        "service_type": "社區整合型服務中心(A單位)",
        "address": "臺北市文山區興隆路二段203巷16號1樓",
        "district_code": "63000080",
        "phone": "(02)29323856",
        "approved_date": "0890710",
        "district": "",
        "city": "taipei"
      },
      "geometry": {
        "type": "Point",
        "coordinates": [
          121.548678,
          25.002072
        ]
      }
    },
    {
      "type": "Feature",
      "properties": {
        "serial_no": 235,
        "name": "財團法人私立廣恩老人養護中心",
        "service_type": "社區整合型服務中心(A單位)",
        "address": "臺北市文山區萬和里汀州路四段211號1樓",
        "district_code": "63000080",
        "phone": "(02)29307999",
        "approved_date": "0920208",
        "district": "",
        "city": "taipei"
      },
      "geometry": {
        "type": "Point",
        "coordinates": [
          121.536108,
          25.003044
        ]
      }
    },
    {
      "type": "Feature",
      "properties": {
        "serial_no": 236,
        "name": "臺北市立萬芳醫院-委託臺北醫學大學辦理",
        "service_type": "社區整合型服務中心(A單位)",
        "address": "臺北市文山區興光里興隆路三段111號",
        "district_code": "63000080",
        "phone": "(02)29307930",
        "approved_date": "0900922",
        "district": "",
        "city": "taipei"
      },
      "geometry": {
        "type": "Point",
        "coordinates": [
          121.557849,
          25.000833
        ]
      }
    },
    {
      "type": "Feature",
      "properties": {
        "serial_no": 237,
        "name": "北醫大管理顧問股份有限公司附設私立杏芳居家長照機構",
        "service_type": "社區整合型服務中心(A單位)",
        "address": "臺北市文山區景行里景後街190號2樓之一",
        "district_code": "63000080",
        "phone": "(02)29350230",
        "approved_date": "0830312",
        "district": "",
        "city": "taipei"
      },
      "geometry": {
        "type": "Point",
        "coordinates": [
          121.541711,
          24.990059
        ]
      }
    },
    {
      "type": "Feature",
      "properties": {
        "serial_no": 238,
        "name": "中華民國紅心字會",
        "service_type": "社區整合型服務中心(A單位)",
        "address": "臺北市文山區木新路三段58號3樓",
        "district_code": "63000080",
        "phone": "(02)29367276",
        "approved_date": "0980927",
        "district": "",
        "city": "taipei"
      },
      "geometry": {
        "type": "Point",
        "coordinates": [
          121.563968,
          24.982555
        ]
      }
    },
    {
      "type": "Feature",
      "properties": {
        "serial_no": 239,
        "name": "中華民國紅心字會",
        "service_type": "社區整合型服務中心(A單位)",
        "address": "臺北市信義區四維里虎林街74巷2號1樓",
        "district_code": "63000020",
        "phone": "(02)27660227",
        "approved_date": "0940528",
        "district": "",
        "city": "taipei"
      },
      "geometry": {
        "type": "Point",
        "coordinates": [
          121.577061,
          25.043871
        ]
      }
    },
    {
      "type": "Feature",
      "properties": {
        "serial_no": 240,
        "name": "臺北醫學大學附設醫院",
        "service_type": "社區整合型服務中心(A單位)",
        "address": "臺北市信義區雙和里吳興街252號",
        "district_code": "63000020",
        "phone": "(02)27372181",
        "approved_date": "1070715",
        "district": "",
        "city": "taipei"
      },
      "geometry": {
        "type": "Point",
        "coordinates": [
          121.563635,
          25.026639
        ]
      }
    },
    {
      "type": "Feature",
      "properties": {
        "serial_no": 241,
        "name": "財團法人臺北市中國基督教靈糧世界佈道會士林靈糧堂",
        "service_type": "社區整合型服務中心(A單位)",
        "address": "臺北市內湖區成功路四段68號6樓之4",
        "district_code": "63000100",
        "phone": "(02)27915670",
        "approved_date": "1070101",
        "district": "",
        "city": "taipei"
      },
      "geometry": {
        "type": "Point",
        "coordinates": [
          121.592864,
          25.082722
        ]
      }
    },
    {
      "type": "Feature",
      "properties": {
        "serial_no": 242,
        "name": "社團法人中華民國士林靈糧堂社會福利協會",
        "service_type": "社區整合型服務中心(A單位)",
        "address": "臺北市內湖區東湖路143號2樓",
        "district_code": "63000100",
        "phone": "(02)26335990",
        "approved_date": "0920707",
        "district": "",
        "city": "taipei"
      },
      "geometry": {
        "type": "Point",
        "coordinates": [
          121.61419,
          25.069943
        ]
      }
    },
    {
      "type": "Feature",
      "properties": {
        "serial_no": 243,
        "name": "財團法人天下為公社會福利慈善事業基金會",
        "service_type": "社區整合型服務中心(A單位)",
        "address": "臺北市內湖區內湖路二段482號3樓",
        "district_code": "63000100",
        "phone": "(02)27910896",
        "approved_date": "1080426",
        "district": "",
        "city": "taipei"
      },
      "geometry": {
        "type": "Point",
        "coordinates": [
          121.593248,
          25.084241
        ]
      }
    },
    {
      "type": "Feature",
      "properties": {
        "serial_no": 244,
        "name": "居達健康事業有限公司附設基隆市私立居達居家長照機構",
        "service_type": "社區整合型服務中心(A單位)",
        "address": "臺北市內湖區康寧路三段75巷137號",
        "district_code": "63000100",
        "phone": "(02)26305717",
        "approved_date": "0981229",
        "district": "",
        "city": "taipei"
      },
      "geometry": {
        "type": "Point",
        "coordinates": [
          121.613703,
          25.075513
        ]
      }
    },
    {
      "type": "Feature",
      "properties": {
        "serial_no": 245,
        "name": "耀生長期照顧服務股份有限公司附設臺北市私立耀生居家長照機構",
        "service_type": "社區整合型服務中心(A單位)",
        "address": "臺北市內湖區內湖路一段323巷4弄14號2樓",
        "district_code": "63000100",
        "phone": "(02)23932600",
        "approved_date": "0951126",
        "district": "",
        "city": "taipei"
      },
      "geometry": {
        "type": "Point",
        "coordinates": [
          121.568857,
          25.083929
        ]
      }
    },
    {
      "type": "Feature",
      "properties": {
        "serial_no": 246,
        "name": "臺北市立聯合醫院(忠孝院區)",
        "service_type": "社區整合型服務中心(A單位)",
        "address": "臺北市南港區萬福里同德路87號",
        "district_code": "63000090",
        "phone": "(02)27861288",
        "approved_date": "1051228",
        "district": "",
        "city": "taipei"
      },
      "geometry": {
        "type": "Point",
        "coordinates": [
          121.586154,
          25.046508
        ]
      }
    },
    {
      "type": "Feature",
      "properties": {
        "serial_no": 247,
        "name": "財團法人中華民國佛教慈濟慈善事業基金會臺北市私立慈濟居家長照機構",
        "service_type": "社區整合型服務中心(A單位)",
        "address": "臺北市南港區南港路一段171巷9號1樓",
        "district_code": "63000090",
        "phone": "(02)26511318",
        "approved_date": "1000917",
        "district": "",
        "city": "taipei"
      },
      "geometry": {
        "type": "Point",
        "coordinates": [
          121.613119,
          25.054541
        ]
      }
    },
    {
      "type": "Feature",
      "properties": {
        "serial_no": 248,
        "name": "沃恩有限公司附設新北市私立耆樂居家長照機構",
        "service_type": "社區整合型服務中心(A單位)",
        "address": "臺北市南港區南港路一段147號2樓",
        "district_code": "63000090",
        "phone": "(02)86983677",
        "approved_date": "1070724",
        "district": "",
        "city": "taipei"
      },
      "geometry": {
        "type": "Point",
        "coordinates": [
          121.613793,
          25.055031
        ]
      }
    },
    {
      "type": "Feature",
      "properties": {
        "serial_no": 249,
        "name": "智慧長照有限公司附設臺北市私立愛關懷居家長照機構",
        "service_type": "社區整合型服務中心(A單位)",
        "address": "臺北市信義區忠孝東路五段1號2樓207室",
        "district_code": "63000090",
        "phone": "(02)77297769",
        "approved_date": "1050813",
        "district": "",
        "city": "taipei"
      },
      "geometry": {
        "type": "Point",
        "coordinates": [
          121.574135,
          25.03992
        ]
      }
    },
    {
      "type": "Feature",
      "properties": {
        "serial_no": 250,
        "name": "財團法人伊甸社會福利基金會",
        "service_type": "社區整合型服務中心(A單位)",
        "address": "臺北市北投區裕民里裕民六路120號3樓C棟",
        "district_code": "63000120",
        "phone": "(02)28210320",
        "approved_date": "1100908",
        "district": "",
        "city": "taipei"
      },
      "geometry": {
        "type": "Point",
        "coordinates": [
          121.517629,
          25.114551
        ]
      }
    },
    {
      "type": "Feature",
      "properties": {
        "serial_no": 251,
        "name": "臺北市立關渡醫院(委託臺北榮民總醫院經營)",
        "service_type": "社區整合型服務中心(A單位)",
        "address": "臺北市北投區關渡里知行路225巷12號",
        "district_code": "63000120",
        "phone": "(02)28587000",
        "approved_date": "0990911",
        "district": "",
        "city": "taipei"
      },
      "geometry": {
        "type": "Point",
        "coordinates": [
          121.466358,
          25.120188
        ]
      }
    },
    {
      "type": "Feature",
      "properties": {
        "serial_no": 252,
        "name": "臺北榮民總醫院",
        "service_type": "社區整合型服務中心(A單位)",
        "address": "臺北市北投區永欣里石牌路二段201號",
        "district_code": "63000120",
        "phone": "(02)28712121",
        "approved_date": "1020221",
        "district": "",
        "city": "taipei"
      },
      "geometry": {
        "type": "Point",
        "coordinates": [
          121.522479,
          25.120637
        ]
      }
    },
    {
      "type": "Feature",
      "properties": {
        "serial_no": 253,
        "name": "社團法人中華民國士林靈糧堂社會福利協會",
        "service_type": "社區整合型服務中心(A單位)",
        "address": "臺北市北投區三合街一段119號1樓",
        "district_code": "63000120",
        "phone": "(02)28914282",
        "approved_date": "0990814",
        "district": "",
        "city": "taipei"
      },
      "geometry": {
        "type": "Point",
        "coordinates": [
          121.503929,
          25.126552
        ]
      }
    },
    {
      "type": "Feature",
      "properties": {
        "serial_no": 254,
        "name": "樂福健康事業有限公司附設臺北市私立樂福居家長照機構",
        "service_type": "社區整合型服務中心(A單位)",
        "address": "臺北市大同區西寧北路81號5樓之2",
        "district_code": "63000120",
        "phone": "(02)25585069",
        "approved_date": "0901125",
        "district": "",
        "city": "taipei"
      },
      "geometry": {
        "type": "Point",
        "coordinates": [
          121.509074,
          25.055982
        ]
      }
    },
    {
      "type": "Feature",
      "properties": {
        "serial_no": 255,
        "name": "臺北市私立永欣居家長照機構",
        "service_type": "社區整合型服務中心(A單位)",
        "address": "臺北市北投區中央北路二段371號1樓",
        "district_code": "63000120",
        "phone": "(02)77480840",
        "approved_date": "0830521",
        "district": "",
        "city": "taipei"
      },
      "geometry": {
        "type": "Point",
        "coordinates": [
          121.487459,
          25.138234
        ]
      }
    },
    {
      "type": "Feature",
      "properties": {
        "serial_no": 256,
        "name": "臺北市立聯合醫院(陽明院區)",
        "service_type": "社區整合型服務中心(A單位)",
        "address": "臺北市士林區岩山里雨聲街105號",
        "district_code": "63000110",
        "phone": "(02)28353456",
        "approved_date": "1000331",
        "district": "",
        "city": "taipei"
      },
      "geometry": {
        "type": "Point",
        "coordinates": [
          121.531563,
          25.105195
        ]
      }
    },
    {
      "type": "Feature",
      "properties": {
        "serial_no": 257,
        "name": "社團法人中華民國士林靈糧堂社會福利協會",
        "service_type": "社區整合型服務中心(A單位)",
        "address": "臺北市士林區基河路128號3樓",
        "district_code": "63000110",
        "phone": "(02)28150299",
        "approved_date": "",
        "district": "",
        "city": "taipei"
      },
      "geometry": {
        "type": "Point",
        "coordinates": [
          121.523059,
          25.088644
        ]
      }
    },
    {
      "type": "Feature",
      "properties": {
        "serial_no": 258,
        "name": "財團法人天下為公社會福利慈善事業基金會",
        "service_type": "社區整合型服務中心(A單位)",
        "address": "臺北市士林區後港里承德路四段306號9樓",
        "district_code": "63000110",
        "phone": "(02)28881056",
        "approved_date": "1000529",
        "district": "",
        "city": "taipei"
      },
      "geometry": {
        "type": "Point",
        "coordinates": [
          121.51865,
          25.089644
        ]
      }
    },
    {
      "type": "Feature",
      "properties": {
        "serial_no": 259,
        "name": "社團法人中國家庭教育協進會附設臺北市私立敬老居家式服務類長期照顧服務機構",
        "service_type": "社區整合型服務中心(A單位)",
        "address": "臺北市士林區福國路95號6樓之7",
        "district_code": "63000110",
        "phone": "(02)28310003",
        "approved_date": "1081220",
        "district": "",
        "city": "taipei"
      },
      "geometry": {
        "type": "Point",
        "coordinates": [
          121.522177,
          25.101528
        ]
      }
    },
    {
      "type": "Feature",
      "properties": {
        "serial_no": 260,
        "name": "樂昱有限公司附設臺北市私立樂昱居家長照機構",
        "service_type": "社區整合型服務中心(A單位)",
        "address": "臺北市北投區文林里002鄰文林北路262號二樓",
        "district_code": "63000110",
        "phone": "(02)28210369",
        "approved_date": "1070120",
        "district": "",
        "city": "taipei"
      },
      "geometry": {
        "type": "Point",
        "coordinates": [
          121.513346,
          25.10907
        ]
      }
    },
    {
      "type": "Feature",
      "properties": {
        "serial_no": 261,
        "name": "樂福健康事業有限公司附設臺北市私立樂福居家長照機構",
        "service_type": "社區整合型服務中心(A單位)",
        "address": "臺北市大同區西寧北路81號5樓之2",
        "district_code": "63000110",
        "phone": "(02)25585069",
        "approved_date": "1050309",
        "district": "",
        "city": "taipei"
      },
      "geometry": {
        "type": "Point",
        "coordinates": [
          121.509074,
          25.055982
        ]
      }
    },
    {
      "type": "Feature",
      "properties": {
        "serial_no": 262,
        "name": "台灣基督長老教會馬偕醫療財團法人馬偕紀念醫院",
        "service_type": "社區整合型服務中心(A單位)",
        "address": "臺北市中山區中山北路二段96巷9號3樓",
        "district_code": "63000040",
        "phone": "(02)25433535",
        "approved_date": "1080217",
        "district": "",
        "city": "taipei"
      },
      "geometry": {
        "type": "Point",
        "coordinates": [
          121.52225,
          25.059829
        ]
      }
    },
    {
      "type": "Feature",
      "properties": {
        "serial_no": 263,
        "name": "財團法人台灣省私立健順養護中心【1】",
        "service_type": "社區整合型服務中心(A單位)",
        "address": "臺北市中山區建國北路二段129號7樓",
        "district_code": "63000040",
        "phone": "(02)77059964",
        "approved_date": "0890401",
        "district": "",
        "city": "taipei"
      },
      "geometry": {
        "type": "Point",
        "coordinates": [
          121.53733,
          25.060017
        ]
      }
    },
    {
      "type": "Feature",
      "properties": {
        "serial_no": 264,
        "name": "臺北市立聯合醫院(林森中醫昆明院區)",
        "service_type": "社區整合型服務中心(A單位)",
        "address": "臺北市中山區恆安里林森北路530號",
        "district_code": "63000040",
        "phone": "(02)25916681",
        "approved_date": "0830924",
        "district": "",
        "city": "taipei"
      },
      "geometry": {
        "type": "Point",
        "coordinates": [
          121.525523,
          25.063451
        ]
      }
    },
    {
      "type": "Feature",
      "properties": {
        "serial_no": 265,
        "name": "財團法人台灣省私立健順養護中心【2】",
        "service_type": "社區整合型服務中心(A單位)",
        "address": "臺北市中山區建國北路二段129號7樓",
        "district_code": "63000040",
        "phone": "(02)77059964",
        "approved_date": "0910227",
        "district": "",
        "city": "taipei"
      },
      "geometry": {
        "type": "Point",
        "coordinates": [
          121.53733,
          25.060017
        ]
      }
    },
    {
      "type": "Feature",
      "properties": {
        "serial_no": 266,
        "name": "樂福健康事業有限公司附設臺北市私立樂福居家長照機構",
        "service_type": "社區整合型服務中心(A單位)",
        "address": "臺北市中山區康樂里中山北路二段27巷2號3樓",
        "district_code": "63000040",
        "phone": "(02)25119089",
        "approved_date": "0910909",
        "district": "",
        "city": "taipei"
      },
      "geometry": {
        "type": "Point",
        "coordinates": [
          121.523296,
          25.053142
        ]
      }
    },
    {
      "type": "Feature",
      "properties": {
        "serial_no": 267,
        "name": "凱風長照股份有限公司附設臺北市私立凱風新生北綜合長照機構",
        "service_type": "社區整合型服務中心(A單位)",
        "address": "臺北市中山區松江路129號9樓之2",
        "district_code": "63000040",
        "phone": "(02)25996690",
        "approved_date": "1040520",
        "district": "",
        "city": "taipei"
      },
      "geometry": {
        "type": "Point",
        "coordinates": [
          121.533274,
          25.053816
        ]
      }
    },
    {
      "type": "Feature",
      "properties": {
        "serial_no": 268,
        "name": "台灣基督長老教會馬偕醫療財團法人馬偕紀念醫院",
        "service_type": "社區整合型服務中心(A單位)",
        "address": "臺北市中山區中山北路二段96巷9號3樓",
        "district_code": "63000060",
        "phone": "(02)25433535",
        "approved_date": "1120724",
        "district": "",
        "city": "taipei"
      },
      "geometry": {
        "type": "Point",
        "coordinates": [
          121.52225,
          25.059829
        ]
      }
    },
    {
      "type": "Feature",
      "properties": {
        "serial_no": 269,
        "name": "臺北市立聯合醫院(中興院區)",
        "service_type": "社區整合型服務中心(A單位)",
        "address": "臺北市大同區景星里延平北路三段2號",
        "district_code": "63000060",
        "phone": "(02)25989917",
        "approved_date": "0881211",
        "district": "",
        "city": "taipei"
      },
      "geometry": {
        "type": "Point",
        "coordinates": [
          121.510862,
          25.063277
        ]
      }
    },
    {
      "type": "Feature",
      "properties": {
        "serial_no": 270,
        "name": "樂福健康事業有限公司附設臺北市私立樂福居家長照機構",
        "service_type": "社區整合型服務中心(A單位)",
        "address": "臺北市大同區西寧北路81號5樓之2",
        "district_code": "63000060",
        "phone": "(02)25585069",
        "approved_date": "1130514",
        "district": "",
        "city": "taipei"
      },
      "geometry": {
        "type": "Point",
        "coordinates": [
          121.509074,
          25.055982
        ]
      }
    },
    {
      "type": "Feature",
      "properties": {
        "serial_no": 271,
        "name": "天勤健康生活事業有限公司附設臺北市私立天勤居家長照機構",
        "service_type": "社區整合型服務中心(A單位)",
        "address": "臺北市大安區復興南路二段65號6樓之5",
        "district_code": "63000060",
        "phone": "(02)77522272",
        "approved_date": "0830429",
        "district": "",
        "city": "taipei"
      },
      "geometry": {
        "type": "Point",
        "coordinates": [
          121.543777,
          25.03057
        ]
      }
    },
    {
      "type": "Feature",
      "properties": {
        "serial_no": 272,
        "name": "社團法人台灣立享長照服務教育發展協會附設新北市私立立享居家長照機構",
        "service_type": "社區整合型服務中心(A單位)",
        "address": "臺北市大同區延平北路三段4號5樓515室",
        "district_code": "63000060",
        "phone": "(02)22480061",
        "approved_date": "0850816",
        "district": "",
        "city": "taipei"
      },
      "geometry": {
        "type": "Point",
        "coordinates": [
          121.511028,
          25.06352
        ]
      }
    },
    {
      "type": "Feature",
      "properties": {
        "serial_no": 273,
        "name": "臺北市立聯合醫院(和平婦幼院區)",
        "service_type": "社區整合型服務中心(A單位)",
        "address": "臺北市萬華區雙園里萬大路22號2樓",
        "district_code": "63000050",
        "phone": "(02)23412573",
        "approved_date": "0950406",
        "district": "",
        "city": "taipei"
      },
      "geometry": {
        "type": "Point",
        "coordinates": [
          121.496608,
          25.019496
        ]
      }
    },
    {
      "type": "Feature",
      "properties": {
        "serial_no": 274,
        "name": "新北市私立恩勤居家長照機構",
        "service_type": "社區整合型服務中心(A單位)",
        "address": "臺北市萬華區青山里西園路一段200號7樓之4",
        "district_code": "63000050",
        "phone": "(02)77522160",
        "approved_date": "0870902",
        "district": "",
        "city": "taipei"
      },
      "geometry": {
        "type": "Point",
        "coordinates": [
          121.499205,
          25.035923
        ]
      }
    },
    {
      "type": "Feature",
      "properties": {
        "serial_no": 275,
        "name": "凱風長照股份有限公司附設臺北市私立凱風新生北綜合長照機構",
        "service_type": "社區整合型服務中心(A單位)",
        "address": "臺北市中山區松江路129號9樓之2",
        "district_code": "63000050",
        "phone": "(02)25996690",
        "approved_date": "1000530",
        "district": "",
        "city": "taipei"
      },
      "geometry": {
        "type": "Point",
        "coordinates": [
          121.533274,
          25.053816
        ]
      }
    },
    {
      "type": "Feature",
      "properties": {
        "serial_no": 276,
        "name": "愛護家健康事業股份有限公司附設臺北市私立愛護家居家長照機構【1】",
        "service_type": "社區整合型服務中心(A單位)",
        "address": "臺北市中正區青島東路33之3號2樓",
        "district_code": "63000050",
        "phone": "(02)23225695",
        "approved_date": "0931223",
        "district": "",
        "city": "taipei"
      },
      "geometry": {
        "type": "Point",
        "coordinates": [
          121.524965,
          25.043239
        ]
      }
    },
    {
      "type": "Feature",
      "properties": {
        "serial_no": 277,
        "name": "愛護家健康事業股份有限公司附設臺北市私立愛護家居家長照機構【2】",
        "service_type": "社區整合型服務中心(A單位)",
        "address": "臺北市中正區青島東路33之3號2樓",
        "district_code": "63000050",
        "phone": "(02)23225695",
        "approved_date": "0891104",
        "district": "",
        "city": "taipei"
      },
      "geometry": {
        "type": "Point",
        "coordinates": [
          121.524965,
          25.043239
        ]
      }
    },
    {
      "type": "Feature",
      "properties": {
        "serial_no": 278,
        "name": "社團法人台灣立享長照服務教育發展協會附設新北市私立立享居家長照機構",
        "service_type": "社區整合型服務中心(A單位)",
        "address": "臺北市中正區廈門街123巷83號1樓",
        "district_code": "63000050",
        "phone": "(02)22480061",
        "approved_date": "1040417",
        "district": "",
        "city": "taipei"
      },
      "geometry": {
        "type": "Point",
        "coordinates": [
          121.520705,
          25.022932
        ]
      }
    },
    {
      "type": "Feature",
      "properties": {
        "serial_no": 279,
        "name": "財團法人臺北市立心慈善基金會",
        "service_type": "社區整合型服務中心(A單位)",
        "address": "臺北市萬華區萬大路329巷1之1號1樓",
        "district_code": "63000070",
        "phone": "(02)23012688",
        "approved_date": "0991018",
        "district": "",
        "city": "taipei"
      },
      "geometry": {
        "type": "Point",
        "coordinates": [
          121.5005,
          25.0241
        ]
      }
    },
    {
      "type": "Feature",
      "properties": {
        "serial_no": 280,
        "name": "財團法人天主教失智老人社會福利基金會",
        "service_type": "社區整合型服務中心(A單位)",
        "address": "臺北市萬華區保德里德昌街125巷11號",
        "district_code": "63000070",
        "phone": "(02)23096500",
        "approved_date": "1080922",
        "district": "",
        "city": "taipei"
      },
      "geometry": {
        "type": "Point",
        "coordinates": [
          121.497009,
          25.024007
        ]
      }
    },
    {
      "type": "Feature",
      "properties": {
        "serial_no": 281,
        "name": "國立臺灣大學醫學院附設醫院北護分院",
        "service_type": "社區整合型服務中心(A單位)",
        "address": "臺北市萬華區西門里內江街87號",
        "district_code": "63000070",
        "phone": "(02)23717101",
        "approved_date": "",
        "district": "",
        "city": "taipei"
      },
      "geometry": {
        "type": "Point",
        "coordinates": [
          121.503547,
          25.041739
        ]
      }
    },
    {
      "type": "Feature",
      "properties": {
        "serial_no": 282,
        "name": "新北市私立恩勤居家長照機構",
        "service_type": "社區整合型服務中心(A單位)",
        "address": "臺北市萬華區青山里西園路一段200號7樓之4",
        "district_code": "63000070",
        "phone": "(02)77522016",
        "approved_date": "0910125",
        "district": "",
        "city": "taipei"
      },
      "geometry": {
        "type": "Point",
        "coordinates": [
          121.499205,
          25.035923
        ]
      }
    },
    {
      "type": "Feature",
      "properties": {
        "serial_no": 283,
        "name": "財團法人臺北市私立愛愛院",
        "service_type": "社區整合型服務中心(A單位)",
        "address": "臺北市萬華區大理街175巷27號",
        "district_code": "63000070",
        "phone": "(02)23062171",
        "approved_date": "0830320",
        "district": "",
        "city": "taipei"
      },
      "geometry": {
        "type": "Point",
        "coordinates": [
          121.4956,
          25.0345
        ]
      }
    },
    {
      "type": "Feature",
      "properties": {
        "serial_no": 284,
        "name": "臺北市陽明老人公寓",
        "service_type": "老人住宅(公寓)",
        "address": "臺北市士林區格致路7號3至6樓",
        "district_code": "63000110",
        "phone": "(02)28619296",
        "approved_date": "1000720",
        "district": "",
        "city": "taipei"
      },
      "geometry": {
        "type": "Point",
        "coordinates": [
          121.5461,
          25.1363
        ]
      }
    },
    {
      "type": "Feature",
      "properties": {
        "serial_no": 285,
        "name": "臺北市朱崙老人公寓",
        "service_type": "老人住宅(公寓)",
        "address": "臺北市中山區龍江路15號4至7樓",
        "district_code": "63000040",
        "phone": "(02)27785153",
        "approved_date": "0831120",
        "district": "",
        "city": "taipei"
      },
      "geometry": {
        "type": "Point",
        "coordinates": [
          121.5406,
          25.0474
        ]
      }
    },
    {
      "type": "Feature",
      "properties": {
        "serial_no": 286,
        "name": "臺北市中山老人住宅暨服務中心",
        "service_type": "老人住宅(公寓)",
        "address": "臺北市中山區新生北路2段101巷2號3至6樓",
        "district_code": "63000040",
        "phone": "(02)25420006",
        "approved_date": "0991008",
        "district": "",
        "city": "taipei"
      },
      "geometry": {
        "type": "Point",
        "coordinates": [
          121.5285,
          25.0573
        ]
      }
    },
    {
      "type": "Feature",
      "properties": {
        "serial_no": 287,
        "name": "臺北市大龍老人住宅",
        "service_type": "老人住宅(公寓)",
        "address": "臺北市大同區民族西路105號4至9樓",
        "district_code": "63000060",
        "phone": "(02)66178186",
        "approved_date": "0830224",
        "district": "",
        "city": "taipei"
      },
      "geometry": {
        "type": "Point",
        "coordinates": [
          121.5171,
          25.0688
        ]
      }
    },
    {
      "type": "Feature",
      "properties": {
        "serial_no": 288,
        "name": "臺北市立聯合醫院附設陽明護理之家(得憶齋)",
        "service_type": "老人日間照顧中心",
        "address": "臺北市士林區雨聲街105號",
        "district_code": "63000110",
        "phone": "(02)28353456",
        "approved_date": "1080323",
        "district": "",
        "city": "taipei"
      },
      "geometry": {
        "type": "Point",
        "coordinates": [
          121.5316,
          25.1052
        ]
      }
    },
    {
      "type": "Feature",
      "properties": {
        "serial_no": 289,
        "name": "崇仁長照股份有限公司私立元泰社區長照機構",
        "service_type": "老人日間照顧中心",
        "address": "臺北市士林區舊佳里中山北路5段685號2樓",
        "district_code": "63000110",
        "phone": "(02)28322779",
        "approved_date": "0881203",
        "district": "",
        "city": "taipei"
      },
      "geometry": {
        "type": "Point",
        "coordinates": [
          121.533367,
          25.125206
        ]
      }
    },
    {
      "type": "Feature",
      "properties": {
        "serial_no": 290,
        "name": "逸滿心有限公司附設臺北市私立逸滿心社區長照機構",
        "service_type": "老人日間照顧中心",
        "address": "臺北市士林區舊佳里中山北路5段685號3樓之1",
        "district_code": "63000110",
        "phone": "(02)28353535",
        "approved_date": "1041002",
        "district": "",
        "city": "taipei"
      },
      "geometry": {
        "type": "Point",
        "coordinates": [
          121.543581,
          25.050746
        ]
      }
    },
    {
      "type": "Feature",
      "properties": {
        "serial_no": 291,
        "name": "施達實業有限公司附設臺北市私立施達社區長照機構",
        "service_type": "老人日間照顧中心",
        "address": "臺北市士林區蘭雅里德行東路109巷104號2樓",
        "district_code": "63000110",
        "phone": "(02)28381313",
        "approved_date": "0981013",
        "district": "",
        "city": "taipei"
      },
      "geometry": {
        "type": "Point",
        "coordinates": [
          121.52856,
          25.109757
        ]
      }
    },
    {
      "type": "Feature",
      "properties": {
        "serial_no": 292,
        "name": "財團法人中保關懷社會福利基金會附設臺北市私立芝山社區長照機構",
        "service_type": "老人日間照顧中心",
        "address": "臺北市士林區芝山里德行東路285號忠孝樓3樓",
        "district_code": "63000110",
        "phone": "(02)28330868",
        "approved_date": "1070505",
        "district": "",
        "city": "taipei"
      },
      "geometry": {
        "type": "Point",
        "coordinates": [
          121.53898,
          25.110547
        ]
      }
    },
    {
      "type": "Feature",
      "properties": {
        "serial_no": 293,
        "name": "漢唐健康長期照護事業有限公司附設臺北市私立晨晞社區長照機構",
        "service_type": "老人日間照顧中心",
        "address": "臺北市士林區天母東路6之4號2樓",
        "district_code": "63000110",
        "phone": "(02)28727332",
        "approved_date": "1041107",
        "district": "",
        "city": "taipei"
      },
      "geometry": {
        "type": "Point",
        "coordinates": [
          121.53169,
          25.116215
        ]
      }
    },
    {
      "type": "Feature",
      "properties": {
        "serial_no": 294,
        "name": "樂期頤有限公司附設臺北市私立樂期頤綜合長照機構",
        "service_type": "老人日間照顧中心",
        "address": "臺北市士林區中山北路六段726號5樓",
        "district_code": "63000110",
        "phone": "(02)28768726",
        "approved_date": "0950210",
        "district": "",
        "city": "taipei"
      },
      "geometry": {
        "type": "Point",
        "coordinates": [
          121.527966,
          25.115071
        ]
      }
    },
    {
      "type": "Feature",
      "properties": {
        "serial_no": 295,
        "name": "台灣基督長老教會馬偕醫療財團法人附設臺北市私立大同昌吉社區長照機構",
        "service_type": "老人日間照顧中心",
        "address": "臺北市大同區蓬萊里010鄰昌吉街52號9-10樓",
        "district_code": "63000060",
        "phone": "(02)25988710",
        "approved_date": "0840903",
        "district": "",
        "city": "taipei"
      },
      "geometry": {
        "type": "Point",
        "coordinates": [
          121.516338,
          25.065816
        ]
      }
    },
    {
      "type": "Feature",
      "properties": {
        "serial_no": 296,
        "name": "臺北市政府社會局委託財團法人臺北市立心慈善基金會經營管理臺北市大同社區長照機構",
        "service_type": "老人日間照顧中心",
        "address": "臺北市大同區重慶里3鄰重慶北路三段347號3樓",
        "district_code": "63000060",
        "phone": "(02)25929008",
        "approved_date": "0960418",
        "district": "",
        "city": "taipei"
      },
      "geometry": {
        "type": "Point",
        "coordinates": [
          121.514074,
          25.074785
        ]
      }
    },
    {
      "type": "Feature",
      "properties": {
        "serial_no": 297,
        "name": "四季春健康管理顧問事業股份有限公司附設臺北市私立四季春社區長照機構",
        "service_type": "老人日間照顧中心",
        "address": "臺北市大同區延平北路三段4號3樓",
        "district_code": "63000060",
        "phone": "(02)25919000",
        "approved_date": "0891118",
        "district": "",
        "city": "taipei"
      },
      "geometry": {
        "type": "Point",
        "coordinates": [
          121.511028,
          25.06352
        ]
      }
    },
    {
      "type": "Feature",
      "properties": {
        "serial_no": 298,
        "name": "欣然銀髮發展服務事業股份有限公司附設臺北市私立欣然社區長照機構",
        "service_type": "老人日間照顧中心",
        "address": "臺北市大同區寧夏路32號4樓",
        "district_code": "63000060",
        "phone": "(02)25503500",
        "approved_date": "0830810",
        "district": "",
        "city": "taipei"
      },
      "geometry": {
        "type": "Point",
        "coordinates": [
          121.515171,
          25.055994
        ]
      }
    },
    {
      "type": "Feature",
      "properties": {
        "serial_no": 299,
        "name": "圓石實業股份有限公司附設臺北市私立大稻埕圓石社區長照機構",
        "service_type": "老人日間照顧中心",
        "address": "臺北市大同區延平北路二段96號3樓之1",
        "district_code": "63000060",
        "phone": "(02)25586900",
        "approved_date": "1120809",
        "district": "",
        "city": "taipei"
      },
      "geometry": {
        "type": "Point",
        "coordinates": [
          121.511514,
          25.056517
        ]
      }
    },
    {
      "type": "Feature",
      "properties": {
        "serial_no": 300,
        "name": "臺北市立聯合醫院附設仁愛護理之家日間照顧仁鶴軒",
        "service_type": "老人日間照顧中心",
        "address": "臺北市大安區仁愛路四段10號5樓",
        "district_code": "63000030",
        "phone": "(02)27093600",
        "approved_date": "0940721",
        "district": "",
        "city": "taipei"
      },
      "geometry": {
        "type": "Point",
        "coordinates": [
          121.5453,
          25.0375
        ]
      }
    },
    {
      "type": "Feature",
      "properties": {
        "serial_no": 301,
        "name": "社團法人中華民國士林靈糧堂社會福利協會附設臺北市私立新生社區長照機構老人日間照顧中心",
        "service_type": "老人日間照顧中心",
        "address": "臺北市大安區新生南路3段52-5號5樓",
        "district_code": "63000030",
        "phone": "(02)23661321",
        "approved_date": "0941224",
        "district": "",
        "city": "taipei"
      },
      "geometry": {
        "type": "Point",
        "coordinates": [
          121.534075,
          25.024603
        ]
      }
    },
    {
      "type": "Feature",
      "properties": {
        "serial_no": 302,
        "name": "社團法人愛福家協會附設私立成功愛活樂園社區長照機構",
        "service_type": "老人日間照顧中心",
        "address": "臺北市大安區復興南路二段171巷26及28號1樓",
        "district_code": "63000030",
        "phone": "(02)27086255",
        "approved_date": "1130701",
        "district": "",
        "city": "taipei"
      },
      "geometry": {
        "type": "Point",
        "coordinates": [
          121.54494,
          25.027517
        ]
      }
    },
    {
      "type": "Feature",
      "properties": {
        "serial_no": 303,
        "name": "玨心為爾股份有限公司附設臺北市私立六十三社區長照機構",
        "service_type": "老人日間照顧中心",
        "address": "臺北市大安區信義路四段63號3樓",
        "district_code": "63000030",
        "phone": "(02)23250630",
        "approved_date": "0980414",
        "district": "",
        "city": "taipei"
      },
      "geometry": {
        "type": "Point",
        "coordinates": [
          121.55429,
          25.033089
        ]
      }
    },
    {
      "type": "Feature",
      "properties": {
        "serial_no": 304,
        "name": "適群健康事業有限公司附設臺北市私立頤家社區長照機構",
        "service_type": "老人日間照顧中心",
        "address": "臺北市大安區信義路三段147巷17弄5號1樓",
        "district_code": "63000030",
        "phone": "(02)27018948",
        "approved_date": "0810620",
        "district": "",
        "city": "taipei"
      },
      "geometry": {
        "type": "Point",
        "coordinates": [
          121.542079,
          25.035585
        ]
      }
    },
    {
      "type": "Feature",
      "properties": {
        "serial_no": 305,
        "name": "臺北市政府社會局委託財團法人台灣省私立健順養護中心經營管理臺北市中山社區式長期照顧服務機構",
        "service_type": "老人日間照顧中心",
        "address": "臺北市中山區中原里018鄰新生北路2段101巷2號2樓",
        "district_code": "63000040",
        "phone": "(02)25420006",
        "approved_date": "1081113",
        "district": "",
        "city": "taipei"
      },
      "geometry": {
        "type": "Point",
        "coordinates": [
          121.543548,
          25.050659
        ]
      }
    },
    {
      "type": "Feature",
      "properties": {
        "serial_no": 306,
        "name": "臺北市私立安歆松江社區長照機構",
        "service_type": "老人日間照顧中心",
        "address": "臺北市中山區興亞里008鄰松江路50號3樓A室",
        "district_code": "63000040",
        "phone": "(02)25371116",
        "approved_date": "1020523",
        "district": "",
        "city": "taipei"
      },
      "geometry": {
        "type": "Point",
        "coordinates": [
          121.5327,
          25.0482
        ]
      }
    },
    {
      "type": "Feature",
      "properties": {
        "serial_no": 307,
        "name": "凱風長照股份有限公司附設臺北市私立凱風民權社區長照機構",
        "service_type": "老人日間照顧中心",
        "address": "臺北市中山區下埤里民權東路三段21號2樓之1及2樓之2",
        "district_code": "63000040",
        "phone": "(02)25080810",
        "approved_date": "1120816",
        "district": "",
        "city": "taipei"
      },
      "geometry": {
        "type": "Point",
        "coordinates": [
          121.541691,
          25.062627
        ]
      }
    },
    {
      "type": "Feature",
      "properties": {
        "serial_no": 308,
        "name": "凱風長照股份有限公司附設臺北市私立凱風大直社區長照機構",
        "service_type": "老人日間照顧中心",
        "address": "臺北市中山區樂群三路56號5樓之2",
        "district_code": "63000040",
        "phone": "(02)85011716",
        "approved_date": "1080223",
        "district": "",
        "city": "taipei"
      },
      "geometry": {
        "type": "Point",
        "coordinates": [
          121.552815,
          25.082474
        ]
      }
    },
    {
      "type": "Feature",
      "properties": {
        "serial_no": 309,
        "name": "凱風長照股份有限公司附設臺北市私立凱風新生北綜合長照機構",
        "service_type": "老人日間照顧中心",
        "address": "臺北市中山區新生北路三段56巷17號1樓",
        "district_code": "63000040",
        "phone": "(02)25996681",
        "approved_date": "1090427",
        "district": "",
        "city": "taipei"
      },
      "geometry": {
        "type": "Point",
        "coordinates": [
          121.526953,
          25.065399
        ]
      }
    },
    {
      "type": "Feature",
      "properties": {
        "serial_no": 310,
        "name": "中化銀髮事業股份有限公司附設臺北市私立暖時光社區長照機構",
        "service_type": "老人日間照顧中心",
        "address": "臺北市中山區朱園里長安東路二段131-1號4樓",
        "district_code": "63000040",
        "phone": "(02)27970880",
        "approved_date": "1060802",
        "district": "",
        "city": "taipei"
      },
      "geometry": {
        "type": "Point",
        "coordinates": [
          121.533802,
          25.048445
        ]
      }
    },
    {
      "type": "Feature",
      "properties": {
        "serial_no": 311,
        "name": "雲朵實業股份有限公司附設臺北市私立太陽社區長照機構",
        "service_type": "老人日間照顧中心",
        "address": "臺北市中山區中山北路三段53-4號5樓",
        "district_code": "63000040",
        "phone": "(02)25991135",
        "approved_date": "1130530",
        "district": "",
        "city": "taipei"
      },
      "geometry": {
        "type": "Point",
        "coordinates": [
          121.523022,
          25.068635
        ]
      }
    },
    {
      "type": "Feature",
      "properties": {
        "serial_no": 312,
        "name": "常青樹國際股份有限公司附設臺北市私立常青樹社區長照機構",
        "service_type": "老人日間照顧中心",
        "address": "臺北市中山區興亞里長安東路二段31號5樓",
        "district_code": "63000040",
        "phone": "(02)25222218",
        "approved_date": "1080409",
        "district": "",
        "city": "taipei"
      },
      "geometry": {
        "type": "Point",
        "coordinates": [
          121.531216,
          25.048588
        ]
      }
    },
    {
      "type": "Feature",
      "properties": {
        "serial_no": 313,
        "name": "夢想銀髮方舟股份有限公司附設臺北市私立花博社區長照機構",
        "service_type": "老人日間照顧中心",
        "address": "臺北市中山區濱江街12號2樓",
        "district_code": "63000040",
        "phone": "(02)25956799",
        "approved_date": "1080403",
        "district": "",
        "city": "taipei"
      },
      "geometry": {
        "type": "Point",
        "coordinates": [
          121.530805,
          25.070913
        ]
      }
    },
    {
      "type": "Feature",
      "properties": {
        "serial_no": 314,
        "name": "峖伽有限公司附設臺北市私立松伽社區長照機構",
        "service_type": "老人日間照顧中心",
        "address": "臺北市中山區松江路188巷9號、9-1號1樓",
        "district_code": "63000040",
        "phone": "(02)25115066",
        "approved_date": "1080122",
        "district": "",
        "city": "taipei"
      },
      "geometry": {
        "type": "Point",
        "coordinates": [
          121.532139,
          25.05685
        ]
      }
    },
    {
      "type": "Feature",
      "properties": {
        "serial_no": 315,
        "name": "臺北市政府社會局委託中華民國紅十字會臺灣省分會經營管理中正社區長照機構",
        "service_type": "老人日間照顧中心",
        "address": "臺北市中正區建國里002鄰貴陽街1段60號",
        "district_code": "63000050",
        "phone": "(02)23814571",
        "approved_date": "1030403",
        "district": "",
        "city": "taipei"
      },
      "geometry": {
        "type": "Point",
        "coordinates": [
          121.516161,
          25.038567
        ]
      }
    },
    {
      "type": "Feature",
      "properties": {
        "serial_no": 316,
        "name": "臺北市私立雲朵社區長照機構",
        "service_type": "老人日間照顧中心",
        "address": "臺北市中正區文北里17鄰杭州南路1段63號4樓之1",
        "district_code": "63000050",
        "phone": "(02)23911898",
        "approved_date": "1080329",
        "district": "",
        "city": "taipei"
      },
      "geometry": {
        "type": "Point",
        "coordinates": [
          121.5259,
          25.0404
        ]
      }
    },
    {
      "type": "Feature",
      "properties": {
        "serial_no": 317,
        "name": "三軍總醫院社區式長照服務機構",
        "service_type": "老人日間照顧中心",
        "address": "臺北市中正區富水里9鄰汀州路3段40號",
        "district_code": "63000050",
        "phone": "(02)23659055",
        "approved_date": "1070221",
        "district": "",
        "city": "taipei"
      },
      "geometry": {
        "type": "Point",
        "coordinates": [
          121.534231,
          25.012314
        ]
      }
    },
    {
      "type": "Feature",
      "properties": {
        "serial_no": 318,
        "name": "開南學校財團法人臺北市開南高級中等學校附設臺北市私立開南社區式長照機構",
        "service_type": "老人日間照顧中心",
        "address": "臺北市中正區幸福里濟南路一段6號",
        "district_code": "63000050",
        "phone": "(02)23939406",
        "approved_date": "1060427",
        "district": "",
        "city": "taipei"
      },
      "geometry": {
        "type": "Point",
        "coordinates": [
          121.522202,
          25.042927
        ]
      }
    },
    {
      "type": "Feature",
      "properties": {
        "serial_no": 319,
        "name": "社團法人中華民國士林靈糧堂社會福利協會附設臺北市私立西湖社區長照機構",
        "service_type": "老人日間照顧中心",
        "address": "臺北市內湖區內湖路1段285號6樓",
        "district_code": "63000100",
        "phone": "(02)26561700",
        "approved_date": "1050705",
        "district": "",
        "city": "taipei"
      },
      "geometry": {
        "type": "Point",
        "coordinates": [
          121.582612,
          25.086044
        ]
      }
    },
    {
      "type": "Feature",
      "properties": {
        "serial_no": 320,
        "name": "圓石實業股份有限公司附設臺北市私立內湖圓石社區長照機構",
        "service_type": "老人日間照顧中心",
        "address": "臺北市內湖區寶湖里13鄰民權東路六段180巷6號8樓",
        "district_code": "63000100",
        "phone": "(02)27902090",
        "approved_date": "1120715",
        "district": "",
        "city": "taipei"
      },
      "geometry": {
        "type": "Point",
        "coordinates": [
          121.592649,
          25.068196
        ]
      }
    },
    {
      "type": "Feature",
      "properties": {
        "serial_no": 321,
        "name": "臺北市私立吃吃社區長照機構",
        "service_type": "老人日間照顧中心",
        "address": "臺北市內湖區內湖路三段280號1樓",
        "district_code": "63000100",
        "phone": "(02)27931453",
        "approved_date": "1090408",
        "district": "",
        "city": "taipei"
      },
      "geometry": {
        "type": "Point",
        "coordinates": [
          121.585472,
          25.089022
        ]
      }
    },
    {
      "type": "Feature",
      "properties": {
        "serial_no": 322,
        "name": "暉宇有限公司附設臺北市私立星雲祥家社區長照機構",
        "service_type": "老人日間照顧中心",
        "address": "臺北市內湖區星雲街161巷3號3樓",
        "district_code": "63000100",
        "phone": "(02)27900898",
        "approved_date": "1080124",
        "district": "",
        "city": "taipei"
      },
      "geometry": {
        "type": "Point",
        "coordinates": [
          121.596124,
          25.081137
        ]
      }
    },
    {
      "type": "Feature",
      "properties": {
        "serial_no": 323,
        "name": "康寧醫療財團法人附設臺北市私立康寧社區長照機構",
        "service_type": "老人日間照顧中心",
        "address": "臺北市內湖區金湖里成功路五段420巷28號2樓",
        "district_code": "63000100",
        "phone": "(02)26345500",
        "approved_date": "1080104",
        "district": "",
        "city": "taipei"
      },
      "geometry": {
        "type": "Point",
        "coordinates": [
          121.608802,
          25.07564
        ]
      }
    },
    {
      "type": "Feature",
      "properties": {
        "serial_no": 324,
        "name": "社團法人台灣認知功能促進協會附設臺北市私立敬智學苑社區長照機構",
        "service_type": "老人日間照顧中心",
        "address": "臺北市內湖區石潭里新明路22號2樓",
        "district_code": "63000100",
        "phone": "(02)27900709",
        "approved_date": "1080507",
        "district": "",
        "city": "taipei"
      },
      "geometry": {
        "type": "Point",
        "coordinates": [
          121.588488,
          25.058185
        ]
      }
    },
    {
      "type": "Feature",
      "properties": {
        "serial_no": 325,
        "name": "財團法人天主教失智老人社會福利基金會附設臺北市私立東湖聖若瑟社區長照機構",
        "service_type": "老人日間照顧中心",
        "address": "臺北市內湖區東湖路1號3樓",
        "district_code": "63000100",
        "phone": "(02)26330200",
        "approved_date": "1060427",
        "district": "",
        "city": "taipei"
      },
      "geometry": {
        "type": "Point",
        "coordinates": [
          121.615855,
          25.070102
        ]
      }
    },
    {
      "type": "Feature",
      "properties": {
        "serial_no": 326,
        "name": "臺北市政府社會局委託財團法人利河伯社會福利基金會經營管理臺北市文山老人養護中心",
        "service_type": "老人日間照顧中心",
        "address": "臺北市文山區興豐里016鄰興隆路2段95巷8號3樓",
        "district_code": "63000080",
        "phone": "(02)89313190",
        "approved_date": "1080515",
        "district": "",
        "city": "taipei"
      },
      "geometry": {
        "type": "Point",
        "coordinates": [
          121.633968,
          25.063989
        ]
      }
    },
    {
      "type": "Feature",
      "properties": {
        "serial_no": 327,
        "name": "臺北市政府社會局委託佳醫長照社團法人經營管理兆如老人安養護中心",
        "service_type": "老人日間照顧中心",
        "address": "臺北市文山區政大里005鄰政大二街129號",
        "district_code": "63000080",
        "phone": "(02)86616365",
        "approved_date": "1081230",
        "district": "",
        "city": "taipei"
      },
      "geometry": {
        "type": "Point",
        "coordinates": [
          121.584191,
          24.989314
        ]
      }
    },
    {
      "type": "Feature",
      "properties": {
        "serial_no": 328,
        "name": "中華民國紅心字會附設臺北市私立興隆社區長照機構",
        "service_type": "老人日間照顧中心",
        "address": "臺北市文山區明義里025鄰興隆路4段105巷47號B棟2樓",
        "district_code": "63000080",
        "phone": "(02)29367119",
        "approved_date": "1060427",
        "district": "",
        "city": "taipei"
      },
      "geometry": {
        "type": "Point",
        "coordinates": [
          121.634012,
          25.063908
        ]
      }
    },
    {
      "type": "Feature",
      "properties": {
        "serial_no": 329,
        "name": "花甲樂有限公司附設臺北市私立文山花甲樂社區長照機構",
        "service_type": "老人日間照顧中心",
        "address": "臺北市文山區景興路222號1樓",
        "district_code": "63000080",
        "phone": "(02)29302806",
        "approved_date": "1080321",
        "district": "",
        "city": "taipei"
      },
      "geometry": {
        "type": "Point",
        "coordinates": [
          121.543279,
          24.9911
        ]
      }
    },
    {
      "type": "Feature",
      "properties": {
        "serial_no": 330,
        "name": "暄悅長照有限公司附設臺北市私立暄悅永安社區長照機構",
        "service_type": "老人日間照顧中心",
        "address": "臺北市文山區永安街6巷11號",
        "district_code": "63000080",
        "phone": "(02)23659991",
        "approved_date": "1080701",
        "district": "",
        "city": "taipei"
      },
      "geometry": {
        "type": "Point",
        "coordinates": [
          121.569603,
          24.987124
        ]
      }
    },
    {
      "type": "Feature",
      "properties": {
        "serial_no": 331,
        "name": "臺北市政府社會局委託財團法人恆安社會福利慈善事業基金會經營管理臺北市文山社區式長期照顧服務機構",
        "service_type": "老人日間照顧中心",
        "address": "臺北市文山區興安里興隆路2段88號3樓之1(興岩大樓)",
        "district_code": "63000080",
        "phone": "(02)22344893",
        "approved_date": "1060427",
        "district": "",
        "city": "taipei"
      },
      "geometry": {
        "type": "Point",
        "coordinates": [
          121.633968,
          25.063989
        ]
      }
    },
    {
      "type": "Feature",
      "properties": {
        "serial_no": 332,
        "name": "圓石實業股份有限公司附設臺北市私立文山和興圓石社區長照機構",
        "service_type": "老人日間照顧中心",
        "address": "臺北市文山區試院里和興路88號1樓",
        "district_code": "63000080",
        "phone": "(02)22362001",
        "approved_date": "1080408",
        "district": "",
        "city": "taipei"
      },
      "geometry": {
        "type": "Point",
        "coordinates": [
          121.548917,
          24.984619
        ]
      }
    },
    {
      "type": "Feature",
      "properties": {
        "serial_no": 333,
        "name": "圓石實業股份有限公司附設臺北市私立文山萬壽圓石社區長照機構",
        "service_type": "老人日間照顧中心",
        "address": "臺北市文山區萬壽路27號6樓(萬興大樓)",
        "district_code": "63000080",
        "phone": "(02)22234007",
        "approved_date": "1080223",
        "district": "",
        "city": "taipei"
      },
      "geometry": {
        "type": "Point",
        "coordinates": [
          121.576542,
          24.988631
        ]
      }
    },
    {
      "type": "Feature",
      "properties": {
        "serial_no": 334,
        "name": "財團法人伊甸社會福利基金會附設臺北市私立頤福社區式長期照顧服務機構",
        "service_type": "老人日間照顧中心",
        "address": "臺北市北投區裕民里014鄰裕民六路120號3樓",
        "district_code": "63000120",
        "phone": "(02)28218267",
        "approved_date": "1090215",
        "district": "",
        "city": "taipei"
      },
      "geometry": {
        "type": "Point",
        "coordinates": [
          121.517629,
          25.114551
        ]
      }
    },
    {
      "type": "Feature",
      "properties": {
        "serial_no": 335,
        "name": "臺北榮民總醫院附設遊詣居社區式長期照顧服務機構",
        "service_type": "老人日間照顧中心",
        "address": "臺北市北投區石牌路2段322號1樓(榮總東院)",
        "district_code": "63000120",
        "phone": "(02)55681250",
        "approved_date": "1081023",
        "district": "",
        "city": "taipei"
      },
      "geometry": {
        "type": "Point",
        "coordinates": [
          121.509695,
          25.113524
        ]
      }
    },
    {
      "type": "Feature",
      "properties": {
        "serial_no": 336,
        "name": "臺北市政府社會局委託社團法人中華民國士林靈糧堂社會福利協會經營管理臺北市奇岩樂活社區長照機構",
        "service_type": "老人日間照顧中心",
        "address": "臺北市北投區奇岩里16鄰三合街一段119號4、5樓",
        "district_code": "63000120",
        "phone": "(02)28930563",
        "approved_date": "1070828",
        "district": "",
        "city": "taipei"
      },
      "geometry": {
        "type": "Point",
        "coordinates": [
          121.503929,
          25.126552
        ]
      }
    },
    {
      "type": "Feature",
      "properties": {
        "serial_no": 337,
        "name": "國亨行銷事業股份有限公司附設臺北市私立好好社區長照機構",
        "service_type": "老人日間照顧中心",
        "address": "臺北市北投區大業路527巷33號1樓",
        "district_code": "63000120",
        "phone": "(02)28977118",
        "approved_date": "1060427",
        "district": "",
        "city": "taipei"
      },
      "geometry": {
        "type": "Point",
        "coordinates": [
          121.491257,
          25.137344
        ]
      }
    },
    {
      "type": "Feature",
      "properties": {
        "serial_no": 338,
        "name": "耆寓股份有限公司附設臺北市私立大興社區長照機構",
        "service_type": "老人日間照顧中心",
        "address": "臺北市北投區北投路二段13號6樓之1",
        "district_code": "63000120",
        "phone": "(02)28910608",
        "approved_date": "1101213",
        "district": "",
        "city": "taipei"
      },
      "geometry": {
        "type": "Point",
        "coordinates": [
          121.498567,
          25.131039
        ]
      }
    },
    {
      "type": "Feature",
      "properties": {
        "serial_no": 339,
        "name": "臺北市政府社會局委託財團法人台灣省私立健順養護中心經營管理臺北市松山社區式長期照顧服務機構",
        "service_type": "老人日間照顧中心",
        "address": "臺北市松山區鵬程里019鄰健康路317號2樓",
        "district_code": "63000010",
        "phone": "(02)27685636",
        "approved_date": "1060427",
        "district": "",
        "city": "taipei"
      },
      "geometry": {
        "type": "Point",
        "coordinates": [
          121.566615,
          25.054469
        ]
      }
    },
    {
      "type": "Feature",
      "properties": {
        "serial_no": 340,
        "name": "渥康國際股份有限公司附設臺北市私立康禾社區長照機構",
        "service_type": "老人日間照顧中心",
        "address": "臺北市松山區中正里26鄰南京東路三段285號3樓",
        "district_code": "63000010",
        "phone": "(02)77056178",
        "approved_date": "1060427",
        "district": "",
        "city": "taipei"
      },
      "geometry": {
        "type": "Point",
        "coordinates": [
          121.5458,
          25.052
        ]
      }
    },
    {
      "type": "Feature",
      "properties": {
        "serial_no": 341,
        "name": "康年銀髮樂活股份有限公司附設臺北市私立康年復興社區長照機構",
        "service_type": "老人日間照顧中心",
        "address": "臺北市松山區復興北路309號4樓",
        "district_code": "63000010",
        "phone": "(02)25466881",
        "approved_date": "1060501",
        "district": "",
        "city": "taipei"
      },
      "geometry": {
        "type": "Point",
        "coordinates": [
          121.544398,
          25.058657
        ]
      }
    },
    {
      "type": "Feature",
      "properties": {
        "serial_no": 342,
        "name": "愛馨居服有限公司附設臺北市私立松山悅馨社區長照機構",
        "service_type": "老人日間照顧中心",
        "address": "臺北市松山區南京東路五段230號2樓之4、2樓之5、2樓之6",
        "district_code": "63000010",
        "phone": "(02)87682031",
        "approved_date": "1040603",
        "district": "",
        "city": "taipei"
      },
      "geometry": {
        "type": "Point",
        "coordinates": [
          121.56569,
          25.051121
        ]
      }
    },
    {
      "type": "Feature",
      "properties": {
        "serial_no": 343,
        "name": "醫時代股份有限公司附設臺北市私立醫時代民生社區長照機構",
        "service_type": "老人日間照顧中心",
        "address": "臺北市松山區三民路113巷10號及12號",
        "district_code": "63000010",
        "phone": "(02)27682066",
        "approved_date": "1051204",
        "district": "",
        "city": "taipei"
      },
      "geometry": {
        "type": "Point",
        "coordinates": [
          121.562532,
          25.058068
        ]
      }
    },
    {
      "type": "Feature",
      "properties": {
        "serial_no": 344,
        "name": "台灣居護有限公司附設臺北市私立松山叁角梅社區長照機構",
        "service_type": "老人日間照顧中心",
        "address": "臺北市松山區八德路二段410巷5弄1號",
        "district_code": "63000010",
        "phone": "(02)27780817",
        "approved_date": "1060427",
        "district": "",
        "city": "taipei"
      },
      "geometry": {
        "type": "Point",
        "coordinates": [
          121.546389,
          25.047081
        ]
      }
    },
    {
      "type": "Feature",
      "properties": {
        "serial_no": 345,
        "name": "臺北市政府社會局委託中華民國紅心字會經營管理臺北市廣慈社區長照機構",
        "service_type": "老人日間照顧中心",
        "address": "臺北市信義區大道路116號4樓之3",
        "district_code": "63000020",
        "phone": "(02)87870300",
        "approved_date": "1120816",
        "district": "",
        "city": "taipei"
      },
      "geometry": {
        "type": "Point",
        "coordinates": [
          121.582268,
          25.04123
        ]
      }
    },
    {
      "type": "Feature",
      "properties": {
        "serial_no": 346,
        "name": "金品頤園股份有限公司附設臺北市私立永吉社區長照機構",
        "service_type": "老人日間照顧中心",
        "address": "臺北市信義區永吉路185號2樓",
        "district_code": "63000020",
        "phone": "(02)27568880",
        "approved_date": "1060427",
        "district": "",
        "city": "taipei"
      },
      "geometry": {
        "type": "Point",
        "coordinates": [
          121.572482,
          25.04575
        ]
      }
    },
    {
      "type": "Feature",
      "properties": {
        "serial_no": 347,
        "name": "臺北市政府社會局委託財團法人台灣省私立健順養護中心經營管理南港社區式長照機構",
        "service_type": "老人日間照顧中心",
        "address": "臺北市南港區重陽里005鄰重陽路187巷5號2樓",
        "district_code": "63000090",
        "phone": "(02)26535311",
        "approved_date": "1090408",
        "district": "",
        "city": "taipei"
      },
      "geometry": {
        "type": "Point",
        "coordinates": [
          121.598808,
          25.05707
        ]
      }
    },
    {
      "type": "Feature",
      "properties": {
        "serial_no": 348,
        "name": "衛生福利部基隆醫院附設南港綜合長照機構",
        "service_type": "老人日間照顧中心",
        "address": "臺北市南港區東明里南港路2段78號3-5樓",
        "district_code": "63000090",
        "phone": "(02)27891711",
        "approved_date": "1070201",
        "district": "",
        "city": "taipei"
      },
      "geometry": {
        "type": "Point",
        "coordinates": [
          121.599056,
          25.053942
        ]
      }
    },
    {
      "type": "Feature",
      "properties": {
        "serial_no": 349,
        "name": "靜安健康股份有限公司附設臺北市私立智慧健康社區長照機構",
        "service_type": "老人日間照顧中心",
        "address": "臺北市南港區玉成街89號",
        "district_code": "63000090",
        "phone": "(02)26535358",
        "approved_date": "1060427",
        "district": "",
        "city": "taipei"
      },
      "geometry": {
        "type": "Point",
        "coordinates": [
          121.582217,
          25.047377
        ]
      }
    },
    {
      "type": "Feature",
      "properties": {
        "serial_no": 350,
        "name": "財團法人天主教失智老人社會福利基金會附設臺北市私立聖若瑟失智老人養護中心附設日間照顧",
        "service_type": "老人日間照顧中心",
        "address": "臺北市萬華區保德里001鄰德昌街125巷11號",
        "district_code": "63000070",
        "phone": "(02)23366654",
        "approved_date": "1080329",
        "district": "",
        "city": "taipei"
      },
      "geometry": {
        "type": "Point",
        "coordinates": [
          121.497009,
          25.024007
        ]
      }
    },
    {
      "type": "Feature",
      "properties": {
        "serial_no": 351,
        "name": "臺北市政府社會局委託財團法人臺北市立心慈善基金會經營管理臺北市萬華龍山社區長照機構",
        "service_type": "老人日間照顧中心",
        "address": "臺北市萬華區青山里014鄰梧州街36號3樓之1",
        "district_code": "63000070",
        "phone": "(02)2304-6716",
        "approved_date": "1040709",
        "district": "",
        "city": "taipei"
      },
      "geometry": {
        "type": "Point",
        "coordinates": [
          121.497484,
          25.037373
        ]
      }
    },
    {
      "type": "Feature",
      "properties": {
        "serial_no": 352,
        "name": "力麗長青長照社團法人附設臺北市私立樂活社區長照機構",
        "service_type": "老人日間照顧中心",
        "address": "臺北市萬華區環河南路2段278號1樓",
        "district_code": "63000070",
        "phone": "(02)23082996",
        "approved_date": "1020610",
        "district": "",
        "city": "taipei"
      },
      "geometry": {
        "type": "Point",
        "coordinates": [
          121.505894,
          25.048762
        ]
      }
    },
    {
      "type": "Feature",
      "properties": {
        "serial_no": 353,
        "name": "財團法人臺北市私立愛愛院",
        "service_type": "老人日間照顧中心",
        "address": "臺北市萬華區糖篰里大理街175巷27號",
        "district_code": "63000070",
        "phone": "(02)23060493",
        "approved_date": "1030310",
        "district": "",
        "city": "taipei"
      },
      "geometry": {
        "type": "Point",
        "coordinates": [
          121.4956,
          25.0345
        ]
      }
    },
    {
      "type": "Feature",
      "properties": {
        "serial_no": 354,
        "name": "益巨股份有限公司附設臺北市私立崇仁社區長照機構",
        "service_type": "老人日間照顧中心",
        "address": "臺北市萬華區日祥里青年路152巷28號1樓",
        "district_code": "63000070",
        "phone": "(02)23090193",
        "approved_date": "1060206",
        "district": "",
        "city": "taipei"
      },
      "geometry": {
        "type": "Point",
        "coordinates": [
          121.501215,
          25.020625
        ]
      }
    },
    {
      "type": "Feature",
      "properties": {
        "serial_no": 355,
        "name": "財團法人一粒麥子社會福利慈善事業基金會附設臺北市私立莒光社區長照機構",
        "service_type": "老人日間照顧中心",
        "address": "臺北市萬華區雙園里萬大路22號3樓之1",
        "district_code": "63000070",
        "phone": "(02)23381010",
        "approved_date": "1060427",
        "district": "",
        "city": "taipei"
      },
      "geometry": {
        "type": "Point",
        "coordinates": [
          121.496608,
          25.019496
        ]
      }
    }
  ]
}