{
  "type": "FeatureCollection",
  "features": [
    {
      "type": "Feature",
      "geometry": {
        "type": "Point",
        "coordinates": [
          121.53387,
          25.01912
        ]
      },
      "properties": {
        "city": "Taipei",
        "station_name": "國立臺灣大學新南地下停車場",
        "charging_points": 3,
        "telephone": "33663366",
        "description": "平日40元/時，假日40元/時"
      }
    },
    {
      "type": "Feature",
      "geometry": {
        "type": "Point",
        "coordinates": [
          121.54554,
          25.15487
        ]
      },
      "properties": {
        "city": "Taipei",
        "station_name": "陽明山第二停車場",
        "charging_points": 3,
        "telephone": "0975-024268或(02)26546264",
        "description": "20元/時(周一~周五)，30元/時(周六~周日)"
      }
    },
    {
      "type": "Feature",
      "geometry": {
        "type": "Point",
        "coordinates": [
          121.51493,
          25.07649
        ]
      },
      "properties": {
        "city": "Taipei",
        "station_name": "慶昌橋下停車場",
        "charging_points": 2,
        "telephone": "2759-0666",
        "description": "30元/時"
      }
    },
    {
      "type": "Feature",
      "geometry": {
        "type": "Point",
        "coordinates": [
          121.53069,
          25.09596
        ]
      },
      "properties": {
        "city": "Taipei",
        "station_name": "福林公園地下停車場",
        "charging_points": 6,
        "telephone": "0228830481",
        "description": "30元/時"
      }
    },
    {
      "type": "Feature",
      "geometry": {
        "type": "Point",
        "coordinates": [
          121.53733,
          25.03186
        ]
      },
      "properties": {
        "city": "Taipei",
        "station_name": "大安森林公園地下停車場",
        "charging_points": 37,
        "telephone": "022709-2940",
        "description": "每小時20元"
      }
    },
    {
      "type": "Feature",
      "geometry": {
        "type": "Point",
        "coordinates": [
          121.55833,
          25.04905
        ]
      },
      "properties": {
        "city": "Taipei",
        "station_name": "光復北路平面停車場",
        "charging_points": 3,
        "telephone": "0227590666",
        "description": "每小時50元"
      }
    },
    {
      "type": "Feature",
      "geometry": {
        "type": "Point",
        "coordinates": [
          121.59294,
          25.05329
        ]
      },
      "properties": {
        "city": "Taipei",
        "station_name": "玉成國小地下停車場",
        "charging_points": 6,
        "telephone": "022655-0818",
        "description": "每0.5小時10元"
      }
    },
    {
      "type": "Feature",
      "geometry": {
        "type": "Point",
        "coordinates": [
          121.57417,
          25.03203
        ]
      },
      "properties": {
        "city": "Taipei",
        "station_name": "松德大樓地下停車場",
        "charging_points": 2,
        "telephone": "0227274168",
        "description": "每小時40元"
      }
    },
    {
      "type": "Feature",
      "geometry": {
        "type": "Point",
        "coordinates": [
          121.53157,
          25.02958
        ]
      },
      "properties": {
        "city": "Taipei",
        "station_name": "金華公園地下停車場",
        "charging_points": 5,
        "telephone": "022357-8564",
        "description": "每小時50元"
      }
    },
    {
      "type": "Feature",
      "geometry": {
        "type": "Point",
        "coordinates": [
          121.54232,
          25.06443
        ]
      },
      "properties": {
        "city": "Taipei",
        "station_name": "五常街臨時平面停車場",
        "charging_points": 2,
        "telephone": "27590666",
        "description": "每小時40元"
      }
    },
    {
      "type": "Feature",
      "geometry": {
        "type": "Point",
        "coordinates": [
          121.52991,
          25.01378
        ]
      },
      "properties": {
        "city": "Taipei",
        "station_name": "國立臺灣大學水源校區平面停車場",
        "charging_points": 4,
        "telephone": "3366-3366",
        "description": "平日40元/時，假日40元/時"
      }
    },
    {
      "type": "Feature",
      "geometry": {
        "type": "Point",
        "coordinates": [
          121.53892,
          25.15513
        ]
      },
      "properties": {
        "city": "Taipei",
        "station_name": "陽明山立體停車場",
        "charging_points": 6,
        "telephone": "0975-024268或(02)26546264",
        "description": "30元/時"
      }
    },
    {
      "type": "Feature",
      "geometry": {
        "type": "Point",
        "coordinates": [
          121.61064,
          25.0665
        ]
      },
      "properties": {
        "city": "Taipei",
        "station_name": "南湖高中運動中心停車場",
        "charging_points": 1,
        "telephone": "0226341717",
        "description": "免費"
      }
    },
    {
      "type": "Feature",
      "geometry": {
        "type": "Point",
        "coordinates": [
          121.50309,
          25.11856
        ]
      },
      "properties": {
        "city": "Taipei",
        "station_name": "立農公園地下停車場",
        "charging_points": 5,
        "telephone": "0227233628",
        "description": "30元/時"
      }
    },
    {
      "type": "Feature",
      "geometry": {
        "type": "Point",
        "coordinates": [
          121.52132,
          25.08603
        ]
      },
      "properties": {
        "city": "Taipei",
        "station_name": "前港公園地下停車場",
        "charging_points": 15,
        "telephone": "0228817033",
        "description": "20元/02:00~19:00，40元/19:00~02:00"
      }
    },
    {
      "type": "Feature",
      "geometry": {
        "type": "Point",
        "coordinates": [
          121.5867,
          25.03714
        ]
      },
      "properties": {
        "city": "Taipei",
        "station_name": "瑠公國中停車場",
        "charging_points": 1,
        "telephone": "0227261481#401",
        "description": "AC/計度/一般/ 8元每度"
      }
    },
    {
      "type": "Feature",
      "geometry": {
        "type": "Point",
        "coordinates": [
          121.5344,
          25.01274
        ]
      },
      "properties": {
        "city": "Taipei",
        "station_name": "水源停車場",
        "charging_points": 1,
        "telephone": "83695098",
        "description": "計時/平日/40元每小時，計時/假日/60元每小時"
      }
    },
    {
      "type": "Feature",
      "geometry": {
        "type": "Point",
        "coordinates": [
          121.56913,
          25.03966
        ]
      },
      "properties": {
        "city": "Taipei",
        "station_name": "中油大樓停車場",
        "charging_points": 8,
        "telephone": "0287258847",
        "description": "每小時30元"
      }
    },
    {
      "type": "Feature",
      "geometry": {
        "type": "Point",
        "coordinates": [
          121.5659,
          25.02885
        ]
      },
      "properties": {
        "city": "Taipei",
        "station_name": "臺北市災害應變中心地下停車場",
        "charging_points": 4,
        "telephone": "0223453859",
        "description": "每小時30元"
      }
    },
    {
      "type": "Feature",
      "geometry": {
        "type": "Point",
        "coordinates": [
          121.50361,
          25.13494
        ]
      },
      "properties": {
        "city": "Taipei",
        "station_name": "北投國中教職員工停車場",
        "charging_points": 1,
        "telephone": "0228912091",
        "description": "校園案預設'以分計費'"
      }
    },
    {
      "type": "Feature",
      "geometry": {
        "type": "Point",
        "coordinates": [
          121.56212,
          25.03653
        ]
      },
      "properties": {
        "city": "Taipei",
        "station_name": "府前廣場地下停車場",
        "charging_points": 40,
        "telephone": "0226550818",
        "description": "每1小時0元"
      }
    },
    {
      "type": "Feature",
      "geometry": {
        "type": "Point",
        "coordinates": [
          121.53209,
          25.05535
        ]
      },
      "properties": {
        "city": "Taipei",
        "station_name": "長春路平面停車場",
        "charging_points": 2,
        "telephone": "2759-0666",
        "description": "每小時40元"
      }
    },
    {
      "type": "Feature",
      "geometry": {
        "type": "Point",
        "coordinates": [
          121.56407,
          25.04407
        ]
      },
      "properties": {
        "city": "Taipei",
        "station_name": "松山高中地下停車場",
        "charging_points": 6,
        "telephone": "0227685492",
        "description": "每小時30元"
      }
    },
    {
      "type": "Feature",
      "geometry": {
        "type": "Point",
        "coordinates": [
          121.547,
          25.01393
        ]
      },
      "properties": {
        "city": "Taipei",
        "station_name": "國立臺灣大學生醫工程館地下停車場",
        "charging_points": 3,
        "telephone": "3366-3366",
        "description": "平日40元/時，假日40元/時"
      }
    },
    {
      "type": "Feature",
      "geometry": {
        "type": "Point",
        "coordinates": [
          121.50421,
          25.13113
        ]
      },
      "properties": {
        "city": "Taipei",
        "station_name": "大豐公園地下停車場",
        "charging_points": 6,
        "telephone": "0228921209",
        "description": "40元/7:00~22:00，10元/22:00~7:00"
      }
    },
    {
      "type": "Feature",
      "geometry": {
        "type": "Point",
        "coordinates": [
          121.49159,
          25.02783
        ]
      },
      "properties": {
        "city": "Taipei",
        "station_name": "雙園國中地下停車場",
        "charging_points": 8,
        "telephone": "23016115",
        "description": "30元/8:00~22:00，10元/22:00~8:00"
      }
    },
    {
      "type": "Feature",
      "geometry": {
        "type": "Point",
        "coordinates": [
          121.54873,
          25.0159
        ]
      },
      "properties": {
        "city": "Taipei",
        "station_name": "辛亥水安停車場",
        "charging_points": 1,
        "telephone": "83695104",
        "description": "AC/計度/一般/ 0元每度"
      }
    },
    {
      "type": "Feature",
      "geometry": {
        "type": "Point",
        "coordinates": [
          121.52761,
          25.09327
        ]
      },
      "properties": {
        "city": "Taipei",
        "station_name": "USPACE 福林第二停車場",
        "charging_points": 4,
        "telephone": "0277518097",
        "description": "電動汽車充電不收停車費"
      }
    },
    {
      "type": "Feature",
      "geometry": {
        "type": "Point",
        "coordinates": [
          121.50666,
          25.047
        ]
      },
      "properties": {
        "city": "Taipei",
        "station_name": "福星社會住宅地下停車場",
        "charging_points": 4,
        "telephone": "29441489#0",
        "description": "計時/每日/20 元每小時"
      }
    },
    {
      "type": "Feature",
      "geometry": {
        "type": "Point",
        "coordinates": [
          121.5377,
          25.04604
        ]
      },
      "properties": {
        "city": "Taipei",
        "station_name": "進安公園地下停車場",
        "charging_points": 3,
        "telephone": "2502-3333",
        "description": "計時/每日/30元/每小時"
      }
    },
    {
      "type": "Feature",
      "geometry": {
        "type": "Point",
        "coordinates": [
          121.56641,
          25.03716
        ]
      },
      "properties": {
        "city": "Taipei",
        "station_name": "松壽廣場地下停車場",
        "charging_points": 8,
        "telephone": "0226550818",
        "description": "每1小時0元"
      }
    },
    {
      "type": "Feature",
      "geometry": {
        "type": "Point",
        "coordinates": [
          121.57049,
          25.02596
        ]
      },
      "properties": {
        "city": "Taipei",
        "station_name": "信義路5段150巷臨時平面停車場",
        "charging_points": 2,
        "telephone": "0800208333",
        "description": "每小時20元"
      }
    },
    {
      "type": "Feature",
      "geometry": {
        "type": "Point",
        "coordinates": [
          121.51803,
          25.07116
        ]
      },
      "properties": {
        "city": "Taipei",
        "station_name": "大龍峒社會住宅地下停車場",
        "charging_points": 2,
        "telephone": "0227546661",
        "description": "30"
      }
    },
    {
      "type": "Feature",
      "geometry": {
        "type": "Point",
        "coordinates": [
          121.49002,
          25.03341
        ]
      },
      "properties": {
        "city": "Taipei",
        "station_name": "台灣聯通萬華安居A停車場",
        "charging_points": 2,
        "telephone": "25235000",
        "description": "計時/每日/100元每小時,全程以半小時計"
      }
    },
    {
      "type": "Feature",
      "geometry": {
        "type": "Point",
        "coordinates": [
          121.49071,
          25.03312
        ]
      },
      "properties": {
        "city": "Taipei",
        "station_name": "台灣聯通萬華安居B停車場",
        "charging_points": 2,
        "telephone": "25235000",
        "description": "計時/每日/100元每小時,全程以半小時計"
      }
    },
    {
      "type": "Feature",
      "geometry": {
        "type": "Point",
        "coordinates": [
          121.57785,
          25.06257
        ]
      },
      "properties": {
        "city": "Taipei",
        "station_name": "舊宗社會住宅地下停車場",
        "charging_points": 1,
        "telephone": "0227546661",
        "description": "30"
      }
    },
    {
      "type": "Feature",
      "geometry": {
        "type": "Point",
        "coordinates": [
          121.53533,
          25.00382
        ]
      },
      "properties": {
        "city": "Taipei",
        "station_name": "水源快速道路高架橋下",
        "charging_points": 4,
        "telephone": "2759-0666",
        "description": "每小時20元"
      }
    },
    {
      "type": "Feature",
      "geometry": {
        "type": "Point",
        "coordinates": [
          121.56822,
          25.04027
        ]
      },
      "properties": {
        "city": "Taipei",
        "station_name": "忠信廣場地下停車場",
        "charging_points": 8,
        "telephone": "0223459578",
        "description": "每小時50元"
      }
    },
    {
      "type": "Feature",
      "geometry": {
        "type": "Point",
        "coordinates": [
          121.60553,
          25.07253
        ]
      },
      "properties": {
        "city": "Taipei",
        "station_name": "康寧平面停車場",
        "charging_points": 2,
        "telephone": "0226550818",
        "description": "每小時20元"
      }
    },
    {
      "type": "Feature",
      "geometry": {
        "type": "Point",
        "coordinates": [
          121.57207,
          25.08573
        ]
      },
      "properties": {
        "city": "Taipei",
        "station_name": "環山平面停車場",
        "charging_points": 2,
        "telephone": "02-27546661",
        "description": "每小時20元"
      }
    },
    {
      "type": "Feature",
      "geometry": {
        "type": "Point",
        "coordinates": [
          121.54997,
          25.01887
        ]
      },
      "properties": {
        "city": "Taipei",
        "station_name": "臺北市芳和實驗中學",
        "charging_points": 5,
        "telephone": "2732-1961#504",
        "description": "計月/2500 元每月"
      }
    },
    {
      "type": "Feature",
      "geometry": {
        "type": "Point",
        "coordinates": [
          121.54503,
          25.01177
        ]
      },
      "properties": {
        "city": "Taipei",
        "station_name": "國立臺灣大學芳蘭第一平面停車場",
        "charging_points": 1,
        "telephone": "3366-3366",
        "description": "平日40元/時，假日40元/時"
      }
    },
    {
      "type": "Feature",
      "geometry": {
        "type": "Point",
        "coordinates": [
          121.46245,
          25.11868
        ]
      },
      "properties": {
        "city": "Taipei",
        "station_name": "關渡水岸自然公園平面停車場",
        "charging_points": 9,
        "telephone": "(02)27057716",
        "description": "50元/時"
      }
    },
    {
      "type": "Feature",
      "geometry": {
        "type": "Point",
        "coordinates": [
          121.61584,
          25.06855
        ]
      },
      "properties": {
        "city": "Taipei",
        "station_name": "東湖國小地下停車場",
        "charging_points": 10,
        "telephone": "0226306731",
        "description": "30元/8:00~18:00，20元/18:00~8:00"
      }
    },
    {
      "type": "Feature",
      "geometry": {
        "type": "Point",
        "coordinates": [
          121.5073,
          25.02492
        ]
      },
      "properties": {
        "city": "Taipei",
        "station_name": "青年公園高爾夫球場地下停車場",
        "charging_points": 8,
        "telephone": "23379616",
        "description": "30元/時"
      }
    },
    {
      "type": "Feature",
      "geometry": {
        "type": "Point",
        "coordinates": [
          121.53512,
          25.01092
        ]
      },
      "properties": {
        "city": "Taipei",
        "station_name": "公館停車場",
        "charging_points": 3,
        "telephone": "8369-5098",
        "description": "計時/平日/40元每小時，計時/假日/50元每小時"
      }
    },
    {
      "type": "Feature",
      "geometry": {
        "type": "Point",
        "coordinates": [
          121.52322,
          25.04314
        ]
      },
      "properties": {
        "city": "Taipei",
        "station_name": "臺北市立成功高級中學綜合大樓地下停車場",
        "charging_points": 1,
        "telephone": "2321-8222",
        "description": "計時/每日/20 元每小時"
      }
    },
    {
      "type": "Feature",
      "geometry": {
        "type": "Point",
        "coordinates": [
          121.56934,
          25.07935
        ]
      },
      "properties": {
        "city": "Taipei",
        "station_name": "洲子站",
        "charging_points": 1,
        "telephone": "0227995657",
        "description": "計時/每日/40元每小時"
      }
    },
    {
      "type": "Feature",
      "geometry": {
        "type": "Point",
        "coordinates": [
          121.54052,
          24.99052
        ]
      },
      "properties": {
        "city": "Taipei",
        "station_name": "景文平面停車場",
        "charging_points": 2,
        "telephone": "2759-0666",
        "description": "每小時30元"
      }
    },
    {
      "type": "Feature",
      "geometry": {
        "type": "Point",
        "coordinates": [
          121.57351,
          25.03148
        ]
      },
      "properties": {
        "city": "Taipei",
        "station_name": "松德臨時平面停車場",
        "charging_points": 2,
        "telephone": "0800208333",
        "description": "每小時30元"
      }
    },
    {
      "type": "Feature",
      "geometry": {
        "type": "Point",
        "coordinates": [
          121.55136,
          25.00071
        ]
      },
      "properties": {
        "city": "Taipei",
        "station_name": "興隆公園地下停車場",
        "charging_points": 7,
        "telephone": "2759-0666",
        "description": "每小時20元"
      }
    },
    {
      "type": "Feature",
      "geometry": {
        "type": "Point",
        "coordinates": [
          121.52359,
          25.08583
        ]
      },
      "properties": {
        "city": "Taipei",
        "station_name": "百齡高中地下停車場",
        "charging_points": 5,
        "telephone": "0800021111",
        "description": "計時:週一 ~ 周四 AM 09：00 ~ PM 22：00  40/1H PM 22：00 ~ AM 09：00  10/1H        週五 ~ 周日及國定假日 PM 12：00 ~ AM 01：00   50/1H AM 01：00 ~ PM 12：00   10/1H"
      }
    },
    {
      "type": "Feature",
      "geometry": {
        "type": "Point",
        "coordinates": [
          121.50498,
          25.14065
        ]
      },
      "properties": {
        "city": "Taipei",
        "station_name": "開勝平面停車場",
        "charging_points": 2,
        "telephone": "(02)25683773",
        "description": "20元/時"
      }
    },
    {
      "type": "Feature",
      "geometry": {
        "type": "Point",
        "coordinates": [
          121.56935,
          25.07946
        ]
      },
      "properties": {
        "city": "Taipei",
        "station_name": "洲子立體停車場",
        "charging_points": 10,
        "telephone": "0287511380",
        "description": "40元/8:00~20:00，10元/20:00~8:00"
      }
    },
    {
      "type": "Feature",
      "geometry": {
        "type": "Point",
        "coordinates": [
          121.51001,
          25.02385
        ]
      },
      "properties": {
        "city": "Taipei",
        "station_name": "古亭國中地下停車場",
        "charging_points": 7,
        "telephone": "23390684",
        "description": "30元/時"
      }
    },
    {
      "type": "Feature",
      "geometry": {
        "type": "Point",
        "coordinates": [
          121.53803,
          25.02407
        ]
      },
      "properties": {
        "city": "Taipei",
        "station_name": "龍門國中地下停車場",
        "charging_points": 19,
        "telephone": "022732-6469",
        "description": "每小時30元"
      }
    },
    {
      "type": "Feature",
      "geometry": {
        "type": "Point",
        "coordinates": [
          121.5684,
          25.04773
        ]
      },
      "properties": {
        "city": "Taipei",
        "station_name": "正氣橋下平面停車場",
        "charging_points": 2,
        "telephone": "",
        "description": "每小時30元"
      }
    },
    {
      "type": "Feature",
      "geometry": {
        "type": "Point",
        "coordinates": [
          121.54189,
          25.05407
        ]
      },
      "properties": {
        "city": "Taipei",
        "station_name": "龍江平面停車場",
        "charging_points": 2,
        "telephone": "2754-6661",
        "description": "每小時30元"
      }
    },
    {
      "type": "Feature",
      "geometry": {
        "type": "Point",
        "coordinates": [
          121.58286,
          24.98622
        ]
      },
      "properties": {
        "city": "Taipei",
        "station_name": "政大三街臨時平面停車場",
        "charging_points": 2,
        "telephone": "2518-5299",
        "description": "每小時20元"
      }
    },
    {
      "type": "Feature",
      "geometry": {
        "type": "Point",
        "coordinates": [
          121.49939,
          25.10973
        ]
      },
      "properties": {
        "city": "Taipei",
        "station_name": "洲美運動公園地下停車場",
        "charging_points": 2,
        "telephone": "0228360050",
        "description": "每小時20元"
      }
    },
    {
      "type": "Feature",
      "geometry": {
        "type": "Point",
        "coordinates": [
          121.50008,
          25.03363
        ]
      },
      "properties": {
        "city": "Taipei",
        "station_name": "萬華車站地下停車場",
        "charging_points": 6,
        "telephone": "22408767",
        "description": "平日40元/時，假日40元/時"
      }
    },
    {
      "type": "Feature",
      "geometry": {
        "type": "Point",
        "coordinates": [
          121.53135,
          25.10198
        ]
      },
      "properties": {
        "city": "Taipei",
        "station_name": "至誠平面停車場",
        "charging_points": 2,
        "telephone": "(02)25573722",
        "description": "20元/時"
      }
    },
    {
      "type": "Feature",
      "geometry": {
        "type": "Point",
        "coordinates": [
          121.60679,
          25.05624
        ]
      },
      "properties": {
        "city": "Taipei",
        "station_name": "興中立體停車場",
        "charging_points": 16,
        "telephone": "0227832912",
        "description": "20元/時"
      }
    },
    {
      "type": "Feature",
      "geometry": {
        "type": "Point",
        "coordinates": [
          121.49957,
          25.02919
        ]
      },
      "properties": {
        "city": "Taipei",
        "station_name": "萬華國中地下停車場",
        "charging_points": 13,
        "telephone": "23078457",
        "description": "20元/小時"
      }
    },
    {
      "type": "Feature",
      "geometry": {
        "type": "Point",
        "coordinates": [
          121.52424,
          25.08789
        ]
      },
      "properties": {
        "city": "Taipei",
        "station_name": "台北市公有士林市場停車場",
        "charging_points": 2,
        "telephone": "(02)28815557",
        "description": "計時/每日/40元第1小時,計時/每日/50元第2小時,計時/每日/60元第3小時"
      }
    },
    {
      "type": "Feature",
      "geometry": {
        "type": "Point",
        "coordinates": [
          121.48937,
          25.03038
        ]
      },
      "properties": {
        "city": "Taipei",
        "station_name": "環南停車場",
        "charging_points": 4,
        "telephone": "0932237171",
        "description": "計時/每日/30元每小時"
      }
    },
    {
      "type": "Feature",
      "geometry": {
        "type": "Point",
        "coordinates": [
          121.54675,
          25.06083
        ]
      },
      "properties": {
        "city": "Taipei",
        "station_name": "民有市場地下停車場",
        "charging_points": 9,
        "telephone": "0287125731",
        "description": "每小時30元"
      }
    },
    {
      "type": "Feature",
      "geometry": {
        "type": "Point",
        "coordinates": [
          121.56088,
          25.08647
        ]
      },
      "properties": {
        "city": "Taipei",
        "station_name": "文湖平面停車場",
        "charging_points": 2,
        "telephone": "02-27546661",
        "description": "每小時20元"
      }
    },
    {
      "type": "Feature",
      "geometry": {
        "type": "Point",
        "coordinates": [
          121.50217,
          25.09135
        ]
      },
      "properties": {
        "city": "Taipei",
        "station_name": "社子國小地下停車場",
        "charging_points": 10,
        "telephone": "0228162810",
        "description": "計時/每日/20元/每小時"
      }
    },
    {
      "type": "Feature",
      "geometry": {
        "type": "Point",
        "coordinates": [
          121.55682,
          24.97964
        ]
      },
      "properties": {
        "city": "Taipei",
        "station_name": "樟新平面停車場",
        "charging_points": 2,
        "telephone": "2518-5299",
        "description": "每小時20元"
      }
    },
    {
      "type": "Feature",
      "geometry": {
        "type": "Point",
        "coordinates": [
          121.56647,
          25.03307
        ]
      },
      "properties": {
        "city": "Taipei",
        "station_name": "信義廣場地下停車場",
        "charging_points": 9,
        "telephone": "",
        "description": "每小時50元"
      }
    },
    {
      "type": "Feature",
      "geometry": {
        "type": "Point",
        "coordinates": [
          121.59237,
          25.06865
        ]
      },
      "properties": {
        "city": "Taipei",
        "station_name": "石潭平面停車場",
        "charging_points": 2,
        "telephone": "022655-0818",
        "description": "每小時30元"
      }
    },
    {
      "type": "Feature",
      "geometry": {
        "type": "Point",
        "coordinates": [
          121.52483,
          25.05926
        ]
      },
      "properties": {
        "city": "Taipei",
        "station_name": "永盛公園地下停車場",
        "charging_points": 6,
        "telephone": "2759-0666",
        "description": "每小時50元"
      }
    },
    {
      "type": "Feature",
      "geometry": {
        "type": "Point",
        "coordinates": [
          121.54407,
          25.0144
        ]
      },
      "properties": {
        "city": "Taipei",
        "station_name": "臺大癌醫中心分院地下停車場",
        "charging_points": 8,
        "telephone": "2732-1156",
        "description": "50元/時"
      }
    },
    {
      "type": "Feature",
      "geometry": {
        "type": "Point",
        "coordinates": [
          121.46572,
          25.12033
        ]
      },
      "properties": {
        "city": "Taipei",
        "station_name": "關渡醫院旁平面停車場",
        "charging_points": 2,
        "telephone": "(02)25683773",
        "description": "20元/時"
      }
    },
    {
      "type": "Feature",
      "geometry": {
        "type": "Point",
        "coordinates": [
          121.52925,
          25.10964
        ]
      },
      "properties": {
        "city": "Taipei",
        "station_name": "蘭雅公園地下停車場",
        "charging_points": 4,
        "telephone": "0228318004",
        "description": "30元/周一~周五，40元/周六~周日"
      }
    },
    {
      "type": "Feature",
      "geometry": {
        "type": "Point",
        "coordinates": [
          121.51722,
          25.07411
        ]
      },
      "properties": {
        "city": "Taipei",
        "station_name": "大龍國小地下停車場",
        "charging_points": 7,
        "telephone": "2759-0666",
        "description": "30元/小時"
      }
    },
    {
      "type": "Feature",
      "geometry": {
        "type": "Point",
        "coordinates": [
          121.59315,
          25.05281
        ]
      },
      "properties": {
        "city": "Taipei",
        "station_name": "南港高中停車場",
        "charging_points": 1,
        "telephone": "0227837863#248",
        "description": "季租:以季票(3個月為一期)方式計費，每車3000元/季，以年票方式九折"
      }
    },
    {
      "type": "Feature",
      "geometry": {
        "type": "Point",
        "coordinates": [
          121.50331,
          25.02601
        ]
      },
      "properties": {
        "city": "Taipei",
        "station_name": "新和國小地下停車場",
        "charging_points": 6,
        "telephone": "2799-5657",
        "description": "計時/每日/30元每小時/每日最高/180元每日"
      }
    },
    {
      "type": "Feature",
      "geometry": {
        "type": "Point",
        "coordinates": [
          121.54025,
          25.01973
        ]
      },
      "properties": {
        "city": "Taipei",
        "station_name": "國立臺灣大學校總區平面停車場",
        "charging_points": 6,
        "telephone": "33663366",
        "description": "計時/每日/60元每小時"
      }
    },
    {
      "type": "Feature",
      "geometry": {
        "type": "Point",
        "coordinates": [
          121.58136,
          25.05881
        ]
      },
      "properties": {
        "city": "Taipei",
        "station_name": "臺北市內湖區潭美國民小學地下停車場",
        "charging_points": 2,
        "telephone": "0227917334#231",
        "description": "校園案預設'以分計費'"
      }
    },
    {
      "type": "Feature",
      "geometry": {
        "type": "Point",
        "coordinates": [
          121.61591,
          25.04547
        ]
      },
      "properties": {
        "city": "Taipei",
        "station_name": "福山平面停車場",
        "charging_points": 2,
        "telephone": "(02)24551299",
        "description": "每小時20元"
      }
    },
    {
      "type": "Feature",
      "geometry": {
        "type": "Point",
        "coordinates": [
          121.52892,
          25.01943
        ]
      },
      "properties": {
        "city": "Taipei",
        "station_name": "耕莘文教院前平面停車場",
        "charging_points": 2,
        "telephone": "0800208333",
        "description": "每小時30元"
      }
    },
    {
      "type": "Feature",
      "geometry": {
        "type": "Point",
        "coordinates": [
          121.55958,
          25.05839
        ]
      },
      "properties": {
        "city": "Taipei",
        "station_name": "民生立體停車場",
        "charging_points": 12,
        "telephone": "0227608303",
        "description": "每小時30元"
      }
    },
    {
      "type": "Feature",
      "geometry": {
        "type": "Point",
        "coordinates": [
          121.51621,
          25.06479
        ]
      },
      "properties": {
        "city": "Taipei",
        "station_name": "臺北市大同運動中心地下平面停車場",
        "charging_points": 1,
        "telephone": "2592-0055",
        "description": "計時/每日/40 元每小時"
      }
    },
    {
      "type": "Feature",
      "geometry": {
        "type": "Point",
        "coordinates": [
          121.56256,
          25.03182
        ]
      },
      "properties": {
        "city": "Taipei",
        "station_name": "信義國小地下停車場",
        "charging_points": 6,
        "telephone": "",
        "description": "每小時30元"
      }
    },
    {
      "type": "Feature",
      "geometry": {
        "type": "Point",
        "coordinates": [
          121.61922,
          25.07261
        ]
      },
      "properties": {
        "city": "Taipei",
        "station_name": "康樂合署大樓地下停車場",
        "charging_points": 1,
        "telephone": "0226337997",
        "description": "30元/時(當日最高上限200元)"
      }
    },
    {
      "type": "Feature",
      "geometry": {
        "type": "Point",
        "coordinates": [
          121.51863,
          25.08719
        ]
      },
      "properties": {
        "city": "Taipei",
        "station_name": "福港街平面停車場",
        "charging_points": 2,
        "telephone": "0225046290",
        "description": "20元/時"
      }
    },
    {
      "type": "Feature",
      "geometry": {
        "type": "Point",
        "coordinates": [
          150163.40664,
          -24908.75703
        ]
      },
      "properties": {
        "city": "Taipei",
        "station_name": "中山運動中心旁臨時平面停車場",
        "charging_points": 2,
        "telephone": "2518-5299",
        "description": "20元/時"
      }
    },
    {
      "type": "Feature",
      "geometry": {
        "type": "Point",
        "coordinates": [
          121.6151,
          25.05783
        ]
      },
      "properties": {
        "city": "Taipei",
        "station_name": "世貿公園地下停車場",
        "charging_points": 14,
        "telephone": "0227886271",
        "description": "20元/時"
      }
    },
    {
      "type": "Feature",
      "geometry": {
        "type": "Point",
        "coordinates": [
          121.50842,
          25.08094
        ]
      },
      "properties": {
        "city": "Taipei",
        "station_name": "海光公園地下停車場",
        "charging_points": 4,
        "telephone": "0228137344",
        "description": "20元/小時"
      }
    },
    {
      "type": "Feature",
      "geometry": {
        "type": "Point",
        "coordinates": [
          121.5168,
          25.0565
        ]
      },
      "properties": {
        "city": "Taipei",
        "station_name": "蓬萊國小地下停車場",
        "charging_points": 6,
        "telephone": "02-25573722",
        "description": "計時/每日/16:00-22:00/40元每小時,計時/每日/22:00-16:00/30元每小時"
      }
    },
    {
      "type": "Feature",
      "geometry": {
        "type": "Point",
        "coordinates": [
          121.54269,
          25.0208
        ]
      },
      "properties": {
        "city": "Taipei",
        "station_name": "國立臺灣大學辛亥地下停車場",
        "charging_points": 3,
        "telephone": "3366-3366",
        "description": "計時/每日/40元每小時"
      }
    },
    {
      "type": "Feature",
      "geometry": {
        "type": "Point",
        "coordinates": [
          121.58017,
          25.03611
        ]
      },
      "properties": {
        "city": "Taipei",
        "station_name": "臺北市松山家商附設夜間及假日停車場",
        "charging_points": 1,
        "telephone": "0227261118#415",
        "description": "不開放臨停，只開放月租車停放"
      }
    },
    {
      "type": "Feature",
      "geometry": {
        "type": "Point",
        "coordinates": [
          121.57229,
          25.03958
        ]
      },
      "properties": {
        "city": "Taipei",
        "station_name": "松山工農地下停車場",
        "charging_points": 6,
        "telephone": "0223450672",
        "description": "每小時30元"
      }
    },
    {
      "type": "Feature",
      "geometry": {
        "type": "Point",
        "coordinates": [
          121.53093,
          25.06861
        ]
      },
      "properties": {
        "city": "Taipei",
        "station_name": "新生公園停車場",
        "charging_points": 3,
        "telephone": "0226550818",
        "description": "每小時30元"
      }
    },
    {
      "type": "Feature",
      "geometry": {
        "type": "Point",
        "coordinates": [
          121.54289,
          24.99837
        ]
      },
      "properties": {
        "city": "Taipei",
        "station_name": "三福街平面停車場",
        "charging_points": 2,
        "telephone": "8919-3669",
        "description": "每小時20元"
      }
    },
    {
      "type": "Feature",
      "geometry": {
        "type": "Point",
        "coordinates": [
          121.54467,
          25.00251
        ]
      },
      "properties": {
        "city": "Taipei",
        "station_name": "景豐臨時平面停車場",
        "charging_points": 2,
        "telephone": "8919-3669",
        "description": "每小時20元"
      }
    },
    {
      "type": "Feature",
      "geometry": {
        "type": "Point",
        "coordinates": [
          121.5105,
          25.05837
        ]
      },
      "properties": {
        "city": "Taipei",
        "station_name": "大稻埕公園地下停車場",
        "charging_points": 4,
        "telephone": "2455-1299",
        "description": "40元/時"
      }
    },
    {
      "type": "Feature",
      "geometry": {
        "type": "Point",
        "coordinates": [
          121.51883,
          25.10192
        ]
      },
      "properties": {
        "city": "Taipei",
        "station_name": "福國路橋下平面停車場",
        "charging_points": 2,
        "telephone": "0227590666",
        "description": "20元/時"
      }
    },
    {
      "type": "Feature",
      "geometry": {
        "type": "Point",
        "coordinates": [
          121.55664,
          25.03399
        ]
      },
      "properties": {
        "city": "Taipei",
        "station_name": "便利停車場大安地政事務所一站",
        "charging_points": 1,
        "telephone": "2799-1001#166",
        "description": "計時/半小/35元/半小時(第一小時以一小時計費)，每日最高無上限"
      }
    },
    {
      "type": "Feature",
      "geometry": {
        "type": "Point",
        "coordinates": [
          121.6113,
          25.0566
        ]
      },
      "properties": {
        "city": "Taipei",
        "station_name": "南港國小地下停車場",
        "charging_points": 8,
        "telephone": "0800021111",
        "description": "30元/8:00~20:00，20元/20:00~8:00"
      }
    },
    {
      "type": "Feature",
      "geometry": {
        "type": "Point",
        "coordinates": [
          121.512,
          25.07425
        ]
      },
      "properties": {
        "city": "Taipei",
        "station_name": "啟聰學校地下停車場",
        "charging_points": 4,
        "telephone": "2759-0666",
        "description": "30元/小時"
      }
    },
    {
      "type": "Feature",
      "geometry": {
        "type": "Point",
        "coordinates": [
          121.56177,
          25.04704
        ]
      },
      "properties": {
        "city": "Taipei",
        "station_name": "偶戲博物館地下停車場",
        "charging_points": 2,
        "telephone": "0226550818",
        "description": "每1小時0元"
      }
    },
    {
      "type": "Feature",
      "geometry": {
        "type": "Point",
        "coordinates": [
          121.49506,
          25.13528
        ]
      },
      "properties": {
        "city": "Taipei",
        "station_name": "豐年運動公園平面停車場",
        "charging_points": 2,
        "telephone": "0227590666",
        "description": "30元/時"
      }
    },
    {
      "type": "Feature",
      "geometry": {
        "type": "Point",
        "coordinates": [
          121.60037,
          25.0881
        ]
      },
      "properties": {
        "city": "Taipei",
        "station_name": "大湖活動中心暨溫水游泳池停車場",
        "charging_points": 1,
        "telephone": "27915870",
        "description": "校園案預設'以分計費'"
      }
    },
    {
      "type": "Feature",
      "geometry": {
        "type": "Point",
        "coordinates": [
          121.5728,
          25.03491
        ]
      },
      "properties": {
        "city": "Taipei",
        "station_name": "興雅國中地下停車場",
        "charging_points": 11,
        "telephone": "0227585499",
        "description": "每小時30元"
      }
    },
    {
      "type": "Feature",
      "geometry": {
        "type": "Point",
        "coordinates": [
          121.57852,
          25.05037
        ]
      },
      "properties": {
        "city": "Taipei",
        "station_name": "松山國小地下停車場",
        "charging_points": 7,
        "telephone": "0227995657",
        "description": "每小時40元"
      }
    },
    {
      "type": "Feature",
      "geometry": {
        "type": "Point",
        "coordinates": [
          121.54093,
          25.03258
        ]
      },
      "properties": {
        "city": "Taipei",
        "station_name": "大安高工地下停車場",
        "charging_points": 14,
        "telephone": "022655-0818",
        "description": "每小時30元"
      }
    },
    {
      "type": "Feature",
      "geometry": {
        "type": "Point",
        "coordinates": [
          121.56599,
          24.98437
        ]
      },
      "properties": {
        "city": "Taipei",
        "station_name": "保儀路平面停車場",
        "charging_points": 2,
        "telephone": "2246-1708",
        "description": "每小時20元"
      }
    },
    {
      "type": "Feature",
      "geometry": {
        "type": "Point",
        "coordinates": [
          121.56122,
          25.05033
        ]
      },
      "properties": {
        "city": "Taipei",
        "station_name": "吉祥平面停車場",
        "charging_points": 2,
        "telephone": "0277518097",
        "description": "每小時30元"
      }
    },
    {
      "type": "Feature",
      "geometry": {
        "type": "Point",
        "coordinates": [
          121.5184,
          25.05457
        ]
      },
      "properties": {
        "city": "Taipei",
        "station_name": "臺北市建成綜合大樓停車場",
        "charging_points": 1,
        "telephone": "0225503853",
        "description": "20元/時"
      }
    },
    {
      "type": "Feature",
      "geometry": {
        "type": "Point",
        "coordinates": [
          121.53957,
          25.15764
        ]
      },
      "properties": {
        "city": "Taipei",
        "station_name": "陽明山花鐘停車場",
        "charging_points": 2,
        "telephone": "0975-024268或(02)26546264",
        "description": "60元/時"
      }
    },
    {
      "type": "Feature",
      "geometry": {
        "type": "Point",
        "coordinates": [
          121.52168,
          25.07548
        ]
      },
      "properties": {
        "city": "Taipei",
        "station_name": "兒童育樂中心平面停車場",
        "charging_points": 2,
        "telephone": "2504-6290 分機85082鍾先生",
        "description": "30元/時"
      }
    },
    {
      "type": "Feature",
      "geometry": {
        "type": "Point",
        "coordinates": [
          121.52018,
          25.06044
        ]
      },
      "properties": {
        "city": "Taipei",
        "station_name": "成淵高中地下停車場",
        "charging_points": 8,
        "telephone": "2799-5657",
        "description": "40元/9:00~21:00，30元/21:00~9:00"
      }
    },
    {
      "type": "Feature",
      "geometry": {
        "type": "Point",
        "coordinates": [
          121.55845,
          25.00602
        ]
      },
      "properties": {
        "city": "Taipei",
        "station_name": "辛亥國小地下停車場",
        "charging_points": 3,
        "telephone": "2557-3722#0",
        "description": "計時/每日/08:00-18:00/20元每小時,計時/每日/18:00-08:00/10元每小時"
      }
    },
    {
      "type": "Feature",
      "geometry": {
        "type": "Point",
        "coordinates": [
          121.49992,
          25.03613
        ]
      },
      "properties": {
        "city": "Taipei",
        "station_name": "艋舺公園地下停車場",
        "charging_points": 10,
        "telephone": "2799-5657",
        "description": "計時/平日/30元每小時/每日最高/180元,計時/假日/30元每小時/每日"
      }
    },
    {
      "type": "Feature",
      "geometry": {
        "type": "Point",
        "coordinates": [
          121.5456,
          25.06065
        ]
      },
      "properties": {
        "city": "Taipei",
        "station_name": "中山國中地下停車場",
        "charging_points": 6,
        "telephone": "2655-0818",
        "description": "每0.5小時10元"
      }
    },
    {
      "type": "Feature",
      "geometry": {
        "type": "Point",
        "coordinates": [
          121.51154,
          25.06193
        ]
      },
      "properties": {
        "city": "Taipei",
        "station_name": "臺北市大同區太平國民小學停車場",
        "charging_points": 1,
        "telephone": "2553-2229#834",
        "description": "校園案預設'以分計費'"
      }
    },
    {
      "type": "Feature",
      "geometry": {
        "type": "Point",
        "coordinates": [
          121.53132,
          25.05034
        ]
      },
      "properties": {
        "city": "Taipei",
        "station_name": "長安國小地下停車場",
        "charging_points": 7,
        "telephone": "2759-0666",
        "description": "每小時40元"
      }
    },
    {
      "type": "Feature",
      "geometry": {
        "type": "Point",
        "coordinates": [
          121.57666,
          24.98945
        ]
      },
      "properties": {
        "city": "Taipei",
        "station_name": "萬興國小地下停車場",
        "charging_points": 6,
        "telephone": "2759-0666",
        "description": "每小時30元"
      }
    },
    {
      "type": "Feature",
      "geometry": {
        "type": "Point",
        "coordinates": [
          121.56608,
          25.05582
        ]
      },
      "properties": {
        "city": "Taipei",
        "station_name": "西松高中地下停車場",
        "charging_points": 8,
        "telephone": "0225284554",
        "description": "每小時30元"
      }
    },
    {
      "type": "Feature",
      "geometry": {
        "type": "Point",
        "coordinates": [
          121.57846,
          25.0483
        ]
      },
      "properties": {
        "city": "Taipei",
        "station_name": "松山車站地下停車場",
        "charging_points": 11,
        "telephone": "0227676549",
        "description": "每小時40元"
      }
    },
    {
      "type": "Feature",
      "geometry": {
        "type": "Point",
        "coordinates": [
          121.51192,
          25.06694
        ]
      },
      "properties": {
        "city": "Taipei",
        "station_name": "延平國小地下停車場",
        "charging_points": 6,
        "telephone": "2705-7716#0",
        "description": "40元/時，最高上限200元/12小時"
      }
    },
    {
      "type": "Feature",
      "geometry": {
        "type": "Point",
        "coordinates": [
          121.51015,
          25.06308
        ]
      },
      "properties": {
        "city": "Taipei",
        "station_name": "臺北大橋橋下停車場",
        "charging_points": 2,
        "telephone": "0228233418",
        "description": "30元/時"
      }
    },
    {
      "type": "Feature",
      "geometry": {
        "type": "Point",
        "coordinates": [
          121.58692,
          25.0418
        ]
      },
      "properties": {
        "city": "Taipei",
        "station_name": "玉成公園地下停車場",
        "charging_points": 10,
        "telephone": "0226517459",
        "description": "20元/時"
      }
    },
    {
      "type": "Feature",
      "geometry": {
        "type": "Point",
        "coordinates": [
          121.58098,
          25.04248
        ]
      },
      "properties": {
        "city": "Taipei",
        "station_name": "春光公園地下停車場",
        "charging_points": 5,
        "telephone": "2944-1489",
        "description": "計時/每日/30 元每小時"
      }
    },
    {
      "type": "Feature",
      "geometry": {
        "type": "Point",
        "coordinates": [
          121.56694,
          25.03068
        ]
      },
      "properties": {
        "city": "Taipei",
        "station_name": "三張里地下停車場",
        "charging_points": 10,
        "telephone": "0225573722",
        "description": "計時/每日/30元每小時"
      }
    },
    {
      "type": "Feature",
      "geometry": {
        "type": "Point",
        "coordinates": [
          121.54089,
          25.04456
        ]
      },
      "properties": {
        "city": "Taipei",
        "station_name": "市民大道建復段停車場",
        "charging_points": 4,
        "telephone": "2799-5657",
        "description": "計時/每日/30元每小時"
      }
    },
    {
      "type": "Feature",
      "geometry": {
        "type": "Point",
        "coordinates": [
          121.52643,
          25.05236
        ]
      },
      "properties": {
        "city": "Taipei",
        "station_name": "林森公園地下停車場",
        "charging_points": 17,
        "telephone": "2655-0818",
        "description": "每0.5小時10元"
      }
    },
    {
      "type": "Feature",
      "geometry": {
        "type": "Point",
        "coordinates": [
          121.50385,
          25.04303
        ]
      },
      "properties": {
        "city": "Taipei",
        "station_name": "Times浩瀚運創西門館",
        "charging_points": 1,
        "telephone": "0800888924#0",
        "description": "校園案預設'以分計費'"
      }
    },
    {
      "type": "Feature",
      "geometry": {
        "type": "Point",
        "coordinates": [
          121.56068,
          25.00301
        ]
      },
      "properties": {
        "city": "Taipei",
        "station_name": "萬芳八號公園停車場",
        "charging_points": 3,
        "telephone": "2759-0666",
        "description": "每小時50元"
      }
    },
    {
      "type": "Feature",
      "geometry": {
        "type": "Point",
        "coordinates": [
          121.55193,
          25.02167
        ]
      },
      "properties": {
        "city": "Taipei",
        "station_name": "嘉興公園地下停車場",
        "charging_points": 5,
        "telephone": "2557-3722#0",
        "description": "每小時30元"
      }
    },
    {
      "type": "Feature",
      "geometry": {
        "type": "Point",
        "coordinates": [
          121.59855,
          25.08132
        ]
      },
      "properties": {
        "city": "Taipei",
        "station_name": "金湖臨時平面停車場",
        "charging_points": 3,
        "telephone": "(02)24551299",
        "description": "每小時20元"
      }
    },
    {
      "type": "Feature",
      "geometry": {
        "type": "Point",
        "coordinates": [
          121.54007,
          25.05485
        ]
      },
      "properties": {
        "city": "Taipei",
        "station_name": "長春路龍江路臨時平面停車場",
        "charging_points": 2,
        "telephone": "7751-8097",
        "description": "每小時40元"
      }
    },
    {
      "type": "Feature",
      "geometry": {
        "type": "Point",
        "coordinates": [
          121.58029,
          25.04677
        ]
      },
      "properties": {
        "city": "Taipei",
        "station_name": "五分埔公園地下停車場",
        "charging_points": 5,
        "telephone": "0227606275",
        "description": "每小時40元"
      }
    },
    {
      "type": "Feature",
      "geometry": {
        "type": "Point",
        "coordinates": [
          121.51314,
          25.11452
        ]
      },
      "properties": {
        "city": "Taipei",
        "station_name": "石牌國小地下停車場",
        "charging_points": 10,
        "telephone": "0228237886",
        "description": "計時/每日/30元/每小時"
      }
    },
    {
      "type": "Feature",
      "geometry": {
        "type": "Point",
        "coordinates": [
          121.52195,
          25.09941
        ]
      },
      "properties": {
        "city": "Taipei",
        "station_name": "文昌國小地下停車場",
        "charging_points": 3,
        "telephone": "0228318671",
        "description": "20元/時"
      }
    },
    {
      "type": "Feature",
      "geometry": {
        "type": "Point",
        "coordinates": [
          121.53826,
          25.0642
        ]
      },
      "properties": {
        "city": "Taipei",
        "station_name": "榮星花園地下停車場",
        "charging_points": 5,
        "telephone": "2502-3333",
        "description": "計時/每日/40元/每小時"
      }
    },
    {
      "type": "Feature",
      "geometry": {
        "type": "Point",
        "coordinates": [
          121.55867,
          25.02653
        ]
      },
      "properties": {
        "city": "Taipei",
        "station_name": "景勤二號公園地下停車場",
        "charging_points": 5,
        "telephone": "2944-1489",
        "description": "計時/每日/30 元每小時"
      }
    },
    {
      "type": "Feature",
      "geometry": {
        "type": "Point",
        "coordinates": [
          121.5004,
          25.03199
        ]
      },
      "properties": {
        "city": "Taipei",
        "station_name": "莒光社會住宅地下停車場",
        "charging_points": 4,
        "telephone": "2944-1489",
        "description": "計時/每日/30 元每小時"
      }
    },
    {
      "type": "Feature",
      "geometry": {
        "type": "Point",
        "coordinates": [
          121.49985,
          25.03476
        ]
      },
      "properties": {
        "city": "Taipei",
        "station_name": "臺北市萬華區行政中心地下停車場",
        "charging_points": 4,
        "telephone": "23064468",
        "description": "計時：30元/時(08-22)，10元/時(22-08)，全程以半小時計。洽公便民於停車上班時間08至20時止，經驗證後，前30分鐘免費。"
      }
    },
    {
      "type": "Feature",
      "geometry": {
        "type": "Point",
        "coordinates": [
          121.52041,
          25.06892
        ]
      },
      "properties": {
        "city": "Taipei",
        "station_name": "花博公園圓山地下停車場",
        "charging_points": 2,
        "telephone": "0800-021-111",
        "description": "計時/每日/40元每小時(0800-2200)，20元每小時(2200-0800)"
      }
    },
    {
      "type": "Feature",
      "geometry": {
        "type": "Point",
        "coordinates": [
          121.53652,
          25.06005
        ]
      },
      "properties": {
        "city": "Taipei",
        "station_name": "USPACE三寶大樓地下停車場",
        "charging_points": 3,
        "telephone": "7751-8097",
        "description": "計時/每日/60元每小時，每日最高/320元 每日"
      }
    },
    {
      "type": "Feature",
      "geometry": {
        "type": "Point",
        "coordinates": [
          121.47012,
          25.12759
        ]
      },
      "properties": {
        "city": "Taipei",
        "station_name": "好市多北投分公司",
        "charging_points": 14,
        "telephone": "0228941838",
        "description": "計時/每日/100元每小時，每日最高無上限"
      }
    },
    {
      "type": "Feature",
      "geometry": {
        "type": "Point",
        "coordinates": [
          121.50444,
          25.13805
        ]
      },
      "properties": {
        "city": "Taipei",
        "station_name": "USPACE北投晶泉丰旅停車場",
        "charging_points": 6,
        "telephone": "0277518097",
        "description": "計時/平日/30元每小時，每日最高無上限；計時/假日/100元每小時，每日最高無上限"
      }
    },
    {
      "type": "Feature",
      "geometry": {
        "type": "Point",
        "coordinates": [
          121.54621,
          25.02974
        ]
      },
      "properties": {
        "city": "Taipei",
        "station_name": "大安國中地下停車場",
        "charging_points": 5,
        "telephone": "2799-5657",
        "description": "計時/每日(08~21)/50元每小時/每日最高/300元每日,計時/每日(21~08)/10元每小時/每日最高/300元每日"
      }
    },
    {
      "type": "Feature",
      "geometry": {
        "type": "Point",
        "coordinates": [
          121.52729,
          25.09278
        ]
      },
      "properties": {
        "city": "Taipei",
        "station_name": "USPACE 福林第一停車場",
        "charging_points": 3,
        "telephone": "0277518097",
        "description": "計時/平日/50元每小時，每日最高/280元 每日；計時/假日/70元每小時，每日最高無上限"
      }
    },
    {
      "type": "Feature",
      "geometry": {
        "type": "Point",
        "coordinates": [
          121.58007,
          25.08022
        ]
      },
      "properties": {
        "city": "Taipei",
        "station_name": "臺北市內湖區內湖國民小學孝悌樓地下停車場",
        "charging_points": 1,
        "telephone": "0227970237#1313",
        "description": "校園案預設以分計費"
      }
    },
    {
      "type": "Feature",
      "geometry": {
        "type": "Point",
        "coordinates": [
          121.50347,
          25.02026
        ]
      },
      "properties": {
        "city": "Taipei",
        "station_name": "青年一期社會住宅地下停車場",
        "charging_points": 3,
        "telephone": "0800076080",
        "description": "計時/每日/30元每小時，每12小時最高/150元每12小時"
      }
    },
    {
      "type": "Feature",
      "geometry": {
        "type": "Point",
        "coordinates": [
          121.50531,
          25.04423
        ]
      },
      "properties": {
        "city": "Taipei",
        "station_name": "峨眉立體停車場",
        "charging_points": 10,
        "telephone": "",
        "description": "計時/平日(10~22)/50元每小時,計時/平日(22~10)/10元每小時,計時/假日(10~22)/60元每小時,計時/假日(22~10)/10元每小時"
      }
    },
    {
      "type": "Feature",
      "geometry": {
        "type": "Point",
        "coordinates": [
          121.51427,
          25.07499
        ]
      },
      "properties": {
        "city": "Taipei",
        "station_name": "臺北市大龍新城地下停車場",
        "charging_points": 4,
        "telephone": "022265-1151",
        "description": "計時/每日/50元每小時"
      }
    },
    {
      "type": "Feature",
      "geometry": {
        "type": "Point",
        "coordinates": [
          121.57552,
          25.06441
        ]
      },
      "properties": {
        "city": "Taipei",
        "station_name": "好市多內湖店停車場",
        "charging_points": 14,
        "telephone": "4499909",
        "description": "計時/每日/100元每小時，每日最高無上限"
      }
    },
    {
      "type": "Feature",
      "geometry": {
        "type": "Point",
        "coordinates": [
          121.58197,
          25.07072
        ]
      },
      "properties": {
        "city": "Taipei",
        "station_name": "便利停車場瑞光站",
        "charging_points": 2,
        "telephone": "2799-1001#168",
        "description": "計時/每日/30元每小時，每日最高/170元 每日"
      }
    },
    {
      "type": "Feature",
      "geometry": {
        "type": "Point",
        "coordinates": [
          121.61445,
          25.0574
        ]
      },
      "properties": {
        "city": "Taipei",
        "station_name": "南港軟體園區南軟大樓地下室停車場",
        "charging_points": 6,
        "telephone": "022654-9101#369",
        "description": "計時/每日/30元每小時，每日最高無上限"
      }
    },
    {
      "type": "Feature",
      "geometry": {
        "type": "Point",
        "coordinates": [
          121.61623,
          25.05711
        ]
      },
      "properties": {
        "city": "Taipei",
        "station_name": "南港軟體園區經貿大樓地下停車場",
        "charging_points": 6,
        "telephone": "2654-9101",
        "description": "計時/每日/30元每小時，每日最高無上限"
      }
    },
    {
      "type": "Feature",
      "geometry": {
        "type": "Point",
        "coordinates": [
          121.5743,
          25.07851
        ]
      },
      "properties": {
        "city": "Taipei",
        "station_name": "大港墘公園地下停車場",
        "charging_points": 6,
        "telephone": "0227995657",
        "description": "計時/平日(08~20)/40元每小時/每日最高/280元每日,計時/平日(20~08)/20元每小時/每日最高/280元每日,計時/假日/20元每小時/每日最高/280元每日"
      }
    },
    {
      "type": "Feature",
      "geometry": {
        "type": "Point",
        "coordinates": [
          121.61243,
          25.06902
        ]
      },
      "properties": {
        "city": "Taipei",
        "station_name": "東湖立體停車場",
        "charging_points": 15,
        "telephone": "(02)27995657",
        "description": "計時/每日(08~21)/40元每小時/每日最高/200元每日,計時/每日(21~08)/20元每小時/每日最高/200元每日"
      }
    },
    {
      "type": "Feature",
      "geometry": {
        "type": "Point",
        "coordinates": [
          121.52424,
          25.05416
        ]
      },
      "properties": {
        "city": "Taipei",
        "station_name": "USPACE晶華酒店附設停車場",
        "charging_points": 6,
        "telephone": "7751-8097",
        "description": "計時/每日/100元每小時，每日最高無上限"
      }
    },
    {
      "type": "Feature",
      "geometry": {
        "type": "Point",
        "coordinates": [
          121.54249,
          25.04695
        ]
      },
      "properties": {
        "city": "Taipei",
        "station_name": "大潤發中崙店停車場",
        "charging_points": 12,
        "telephone": "8772-6635",
        "description": "計時/每日/50元每小時，每日最高無上限"
      }
    },
    {
      "type": "Feature",
      "geometry": {
        "type": "Point",
        "coordinates": [
          121.53872,
          25.05758
        ]
      },
      "properties": {
        "city": "Taipei",
        "station_name": "便利停車場民生站",
        "charging_points": 2,
        "telephone": "2799-1001",
        "description": "計時/每日/60元每小時，每日最高無上限"
      }
    },
    {
      "type": "Feature",
      "geometry": {
        "type": "Point",
        "coordinates": [
          121.51573,
          25.04572
        ]
      },
      "properties": {
        "city": "Taipei",
        "station_name": "永田停車場",
        "charging_points": 1,
        "telephone": "2370-5266",
        "description": "計時/每日/30元每小時"
      }
    },
    {
      "type": "Feature",
      "geometry": {
        "type": "Point",
        "coordinates": [
          121.54678,
          25.04508
        ]
      },
      "properties": {
        "city": "Taipei",
        "station_name": "市民大道復敦段停車場",
        "charging_points": 4,
        "telephone": "2799-5657",
        "description": "計時/平日(08~12)/30元每小時,計時/平日(12~23)/40元每小時,計時/平日(23~08)/10元每小時,計時/假日(08~12)/60元每小時,計時/假日(12~08)/10元每小時"
      }
    },
    {
      "type": "Feature",
      "geometry": {
        "type": "Point",
        "coordinates": [
          121.55061,
          25.04467
        ]
      },
      "properties": {
        "city": "Taipei",
        "station_name": "市民大道敦延段停車場",
        "charging_points": 4,
        "telephone": "022799-5657",
        "description": "計時/平日(08~23)/30元每小時,計時/平日(23~08)/10元每小時,計時/假日(08~18)/30元每小時,計時/假日(18~23)/40元每小時,計時/假日(23~08)/10元每小時"
      }
    },
    {
      "type": "Feature",
      "geometry": {
        "type": "Point",
        "coordinates": [
          121.55357,
          25.04437
        ]
      },
      "properties": {
        "city": "Taipei",
        "station_name": "市民大道延吉段停車場",
        "charging_points": 2,
        "telephone": "022799-5657",
        "description": "計時/平日(08~12)/30元每小時,計時/平日(12~23)/40元每小時,計時/平日(23~08)/10元每小時,計時/假日(08~12)/40元每小時,計時/假日(12~23)/50元每小時,計時/假日(23~08)/10元每小時"
      }
    },
    {
      "type": "Feature",
      "geometry": {
        "type": "Point",
        "coordinates": [
          121.56408,
          25.05438
        ]
      },
      "properties": {
        "city": "Taipei",
        "station_name": "健康1區社會住宅地下停車場",
        "charging_points": 4,
        "telephone": "0277518097",
        "description": "計時/每日/30元每小時，每12小時最高/170元每12小時"
      }
    },
    {
      "type": "Feature",
      "geometry": {
        "type": "Point",
        "coordinates": [
          121.56587,
          25.05448
        ]
      },
      "properties": {
        "city": "Taipei",
        "station_name": "健康2區社會住宅地下停車場",
        "charging_points": 5,
        "telephone": "027751-8097",
        "description": "計時/每日/30元每小時，每12小時最高/170元每12小時"
      }
    },
    {
      "type": "Feature",
      "geometry": {
        "type": "Point",
        "coordinates": [
          121.54857,
          25.05278
        ]
      },
      "properties": {
        "city": "Taipei",
        "station_name": "王朝大酒店",
        "charging_points": 10,
        "telephone": "2719-8399",
        "description": "計時/平日/100元每小時，每日最高無上限；計時/假日/150元每小時，每日最高無上限"
      }
    },
    {
      "type": "Feature",
      "geometry": {
        "type": "Point",
        "coordinates": [
          121.54958,
          25.05464
        ]
      },
      "properties": {
        "city": "Taipei",
        "station_name": "宏國大樓停車場",
        "charging_points": 8,
        "telephone": "0225147188",
        "description": "免費"
      }
    },
    {
      "type": "Feature",
      "geometry": {
        "type": "Point",
        "coordinates": [
          121.54824,
          25.04523
        ]
      },
      "properties": {
        "city": "Taipei",
        "station_name": "USPACE富邦敦北大樓",
        "charging_points": 3,
        "telephone": "027751-8097",
        "description": "計時/平日/40元每小時，每日最高無上限；計時/假日/60元每小時，每日最高無上限"
      }
    },
    {
      "type": "Feature",
      "geometry": {
        "type": "Point",
        "coordinates": [
          121.56193,
          25.04466
        ]
      },
      "properties": {
        "city": "Taipei",
        "station_name": "臺北文創停車場",
        "charging_points": 5,
        "telephone": "66386398",
        "description": "計時/每日/80元每小時，每日最高無上限"
      }
    },
    {
      "type": "Feature",
      "geometry": {
        "type": "Point",
        "coordinates": [
          121.56262,
          25.03556
        ]
      },
      "properties": {
        "city": "Taipei",
        "station_name": "台北君悅酒店停車場",
        "charging_points": 5,
        "telephone": "02-27290580",
        "description": "計時/每日/70元每小時，每日最高無上限"
      }
    },
    {
      "type": "Feature",
      "geometry": {
        "type": "Point",
        "coordinates": [
          121.56776,
          25.03568
        ]
      },
      "properties": {
        "city": "Taipei",
        "station_name": "USPACE 宏泰A19購物中心停車場",
        "charging_points": 6,
        "telephone": "02-77518097",
        "description": "計時/每日/70元每小時，每日最高無上限"
      }
    },
    {
      "type": "Feature",
      "geometry": {
        "type": "Point",
        "coordinates": [
          121.56875,
          25.03722
        ]
      },
      "properties": {
        "city": "Taipei",
        "station_name": "USPACE交易一號停車場",
        "charging_points": 6,
        "telephone": "",
        "description": "計時/平日/60元每小時，每日最高/380元 每日；計時/假日/80元每小時，每日最高無上限"
      }
    },
    {
      "type": "Feature",
      "geometry": {
        "type": "Point",
        "coordinates": [
          121.56869,
          25.03608
        ]
      },
      "properties": {
        "city": "Taipei",
        "station_name": "USPACE交易二號停車場",
        "charging_points": 5,
        "telephone": "",
        "description": "計時/每日/80元每小時，每日最高/380元 每日"
      }
    },
    {
      "type": "Feature",
      "geometry": {
        "type": "Point",
        "coordinates": [
          121.5462,
          25.02052
        ]
      },
      "properties": {
        "city": "Taipei",
        "station_name": "大安運動中心停車場",
        "charging_points": 2,
        "telephone": "2377-0300",
        "description": "計時/每日/30元每小時，每日最高無上限"
      }
    },
    {
      "type": "Feature",
      "geometry": {
        "type": "Point",
        "coordinates": [
          121.53416,
          25.0418
        ]
      },
      "properties": {
        "city": "Taipei",
        "station_name": "三井飯店停車場",
        "charging_points": 3,
        "telephone": "0953022736",
        "description": "計時/平日/60元每小時，每日最高/250元 每日；計時/假日/80元每小時，每日最高/350元 每日"
      }
    },
    {
      "type": "Feature",
      "geometry": {
        "type": "Point",
        "coordinates": [
          121.55221,
          25.03829
        ]
      },
      "properties": {
        "city": "Taipei",
        "station_name": "富邦金融大樓停車場",
        "charging_points": 6,
        "telephone": "2771-6699#68995、7751-8097",
        "description": "計時/每日/80元每小時，每日最高無上限"
      }
    },
    {
      "type": "Feature",
      "geometry": {
        "type": "Point",
        "coordinates": [
          121.53729,
          25.03922
        ]
      },
      "properties": {
        "city": "Taipei",
        "station_name": "USPACE仁愛帝寶停車場",
        "charging_points": 6,
        "telephone": "7751-8097",
        "description": "計時/平日/40元每小時，每日最高/200元 每日；計時/假日/110元每小時，每日最高/440元 每日"
      }
    },
    {
      "type": "Feature",
      "geometry": {
        "type": "Point",
        "coordinates": [
          121.53308,
          25.03141
        ]
      },
      "properties": {
        "city": "Taipei",
        "station_name": "臺北市立金華國民中學",
        "charging_points": 1,
        "telephone": "33931799",
        "description": "計次/每日/70元每次"
      }
    },
    {
      "type": "Feature",
      "geometry": {
        "type": "Point",
        "coordinates": [
          121.55443,
          25.02633
        ]
      },
      "properties": {
        "city": "Taipei",
        "station_name": "USPACE電信大樓停車場",
        "charging_points": 6,
        "telephone": "7751-8097",
        "description": "計時/每日/80元每小時，每日最高/300元 每日"
      }
    },
    {
      "type": "Feature",
      "geometry": {
        "type": "Point",
        "coordinates": [
          121.52255,
          25.03062
        ]
      },
      "properties": {
        "city": "Taipei",
        "station_name": "富山杭州南路停車場",
        "charging_points": 1,
        "telephone": "2265-1151",
        "description": "計時/每日/60元每小時"
      }
    },
    {
      "type": "Feature",
      "geometry": {
        "type": "Point",
        "coordinates": [
          121.55648,
          25.0337
        ]
      },
      "properties": {
        "city": "Taipei",
        "station_name": "便利停車場大安地政事務所站",
        "charging_points": 2,
        "telephone": "2799-1001#166",
        "description": "計時/半小/35元/半小時(第一小時以一小時計費)，每日最高無上限"
      }
    },
    {
      "type": "Feature",
      "geometry": {
        "type": "Point",
        "coordinates": [
          121.54587,
          25.02211
        ]
      },
      "properties": {
        "city": "Taipei",
        "station_name": "臺北和平籃球館停車場",
        "charging_points": 4,
        "telephone": "2377-0300",
        "description": "計時/平日/30元每小時每日最高無上限 每日；計時/假日/40元每小時，每日最高無上限"
      }
    },
    {
      "type": "Feature",
      "geometry": {
        "type": "Point",
        "coordinates": [
          121.54948,
          25.04441
        ]
      },
      "properties": {
        "city": "Taipei",
        "station_name": "便利停車場富敦站",
        "charging_points": 2,
        "telephone": "2799-1001#168",
        "description": "計時/每日/60元每小時，每日最高無上限"
      }
    },
    {
      "type": "Feature",
      "geometry": {
        "type": "Point",
        "coordinates": [
          121.51822,
          25.11576
        ]
      },
      "properties": {
        "city": "Taipei",
        "station_name": "振華公園地下停車場",
        "charging_points": 13,
        "telephone": "0227995657",
        "description": "計時/每日/40 元每小時/每日最高/240 元每日"
      }
    },
    {
      "type": "Feature",
      "geometry": {
        "type": "Point",
        "coordinates": [
          121.53243,
          25.11172
        ]
      },
      "properties": {
        "city": "Taipei",
        "station_name": "168停車聯盟-士林場",
        "charging_points": 1,
        "telephone": "(02)27546661",
        "description": "60/1H"
      }
    },
    {
      "type": "Feature",
      "geometry": {
        "type": "Point",
        "coordinates": [
          121.51717,
          25.06905
        ]
      },
      "properties": {
        "city": "Taipei",
        "station_name": "168停車聯盟-大龍場",
        "charging_points": 1,
        "telephone": "022754-6661",
        "description": "50/1H"
      }
    },
    {
      "type": "Feature",
      "geometry": {
        "type": "Point",
        "coordinates": [
          121.49138,
          25.02694
        ]
      },
      "properties": {
        "city": "Taipei",
        "station_name": "168停車聯盟-西園國宅場",
        "charging_points": 1,
        "telephone": "27546661#18",
        "description": "150/1H"
      }
    },
    {
      "type": "Feature",
      "geometry": {
        "type": "Point",
        "coordinates": [
          121.58581,
          25.04922
        ]
      },
      "properties": {
        "city": "Taipei",
        "station_name": "168停車聯盟-昆陽場(南港信義保管場)",
        "charging_points": 1,
        "telephone": "0227546661#18",
        "description": "150/1H"
      }
    },
    {
      "type": "Feature",
      "geometry": {
        "type": "Point",
        "coordinates": [
          121.535,
          25.01374
        ]
      },
      "properties": {
        "city": "Taipei",
        "station_name": "168停車聯盟-水源市場",
        "charging_points": 2,
        "telephone": "2754-6661",
        "description": "60/1H"
      }
    },
    {
      "type": "Feature",
      "geometry": {
        "type": "Point",
        "coordinates": [
          121.55698,
          25.04373
        ]
      },
      "properties": {
        "city": "Taipei",
        "station_name": "168停車聯盟-華視停車場",
        "charging_points": 1,
        "telephone": "27546661",
        "description": "150/1H"
      }
    },
    {
      "type": "Feature",
      "geometry": {
        "type": "Point",
        "coordinates": [
          121.54869,
          25.00027
        ]
      },
      "properties": {
        "city": "Taipei",
        "station_name": "168停車聯盟-興岩社福大樓",
        "charging_points": 3,
        "telephone": "022754-6661#18",
        "description": "60/1H"
      }
    },
    {
      "type": "Feature",
      "geometry": {
        "type": "Point",
        "coordinates": [
          121.55619,
          24.9808
        ]
      },
      "properties": {
        "city": "Taipei",
        "station_name": "景美女中地下停車場",
        "charging_points": 6,
        "telephone": "6603-9014",
        "description": "計時/每日/20 元每小時，無上限"
      }
    },
    {
      "type": "Feature",
      "geometry": {
        "type": "Point",
        "coordinates": [
          121.55566,
          24.98904
        ]
      },
      "properties": {
        "city": "Taipei",
        "station_name": "永建國小地下停車場",
        "charging_points": 4,
        "telephone": "22347883",
        "description": "計時/每日/30 元每小時"
      }
    },
    {
      "type": "Feature",
      "geometry": {
        "type": "Point",
        "coordinates": [
          121.55793,
          24.98833
        ]
      },
      "properties": {
        "city": "Taipei",
        "station_name": "興隆D1社會住宅地下停車場",
        "charging_points": 3,
        "telephone": "2939-8930",
        "description": "計時/每日/20 元每小時"
      }
    },
    {
      "type": "Feature",
      "geometry": {
        "type": "Point",
        "coordinates": [
          121.56261,
          24.98811
        ]
      },
      "properties": {
        "city": "Taipei",
        "station_name": "興隆D2社會住宅地下停車場",
        "charging_points": 7,
        "telephone": "8661-7601",
        "description": "計時/每日/20 元每小時，每日最高/150 元每日"
      }
    },
    {
      "type": "Feature",
      "geometry": {
        "type": "Point",
        "coordinates": [
          121.58803,
          25.06885
        ]
      },
      "properties": {
        "city": "Taipei",
        "station_name": "臺北市內湖區新湖國民小學活動中心地下停車場",
        "charging_points": 3,
        "telephone": "0227963721#121",
        "description": "本場為月租場，未開放臨時停車。"
      }
    },
    {
      "type": "Feature",
      "geometry": {
        "type": "Point",
        "coordinates": [
          121.55896,
          25.06136
        ]
      },
      "properties": {
        "city": "Taipei",
        "station_name": "民權公園地下停車場",
        "charging_points": 14,
        "telephone": "0227676903",
        "description": "計時/每日 08:00~22:00/30元/每小時, 每日 22:00~08:00/10元/每小時 "
      }
    },
    {
      "type": "Feature",
      "geometry": {
        "type": "Point",
        "coordinates": [
          121.51983,
          25.0756
        ]
      },
      "properties": {
        "city": "Taipei",
        "station_name": "臺北市立明倫高級中學停車場",
        "charging_points": 1,
        "telephone": "2596-1567",
        "description": "無臨停。季繳：7,200元，半年繳優惠：14,000元(每月2,400元)"
      }
    },
    {
      "type": "Feature",
      "geometry": {
        "type": "Point",
        "coordinates": [
          121.56168,
          25.07956
        ]
      },
      "properties": {
        "city": "Taipei",
        "station_name": "濱江國中地下停車場",
        "charging_points": 5,
        "telephone": "2502-3333",
        "description": "計時/每日/10元/每小時, 計時/每日/20元/每小時"
      }
    },
    {
      "type": "Feature",
      "geometry": {
        "type": "Point",
        "coordinates": [
          121.52257,
          25.0965
        ]
      },
      "properties": {
        "city": "Taipei",
        "station_name": "華榮社宅場",
        "charging_points": 2,
        "telephone": "0277381111",
        "description": "計時/每日/150 元每小時;計次/每日/400 元每次"
      }
    },
    {
      "type": "Feature",
      "geometry": {
        "type": "Point",
        "coordinates": [
          121.50769,
          25.03278
        ]
      },
      "properties": {
        "city": "Taipei",
        "station_name": "臺北市中正區社會福利綜合大樓附設停車場",
        "charging_points": 1,
        "telephone": "2381-0267",
        "description": "計次/每日/200 元每次"
      }
    },
    {
      "type": "Feature",
      "geometry": {
        "type": "Point",
        "coordinates": [
          121.55054,
          25.05599
        ]
      },
      "properties": {
        "city": "Taipei",
        "station_name": "敦北翠苑停車場",
        "charging_points": 2,
        "telephone": "0225474157",
        "description": "計時/每日/60元每小時"
      }
    },
    {
      "type": "Feature",
      "geometry": {
        "type": "Point",
        "coordinates": [
          121.55293,
          25.01377
        ]
      },
      "properties": {
        "city": "Taipei",
        "station_name": "助安企業有限公司懷愛館地下停車場",
        "charging_points": 7,
        "telephone": "27546661",
        "description": "計時/每日/50元/每小時"
      }
    },
    {
      "type": "Feature",
      "geometry": {
        "type": "Point",
        "coordinates": [
          121.60407,
          25.05453
        ]
      },
      "properties": {
        "city": "Taipei",
        "station_name": "東明乙區社會住宅地下停車場",
        "charging_points": 6,
        "telephone": "0228318671",
        "description": "計時/平日/20 元每小時, 計時/假日/40 元每小時"
      }
    },
    {
      "type": "Feature",
      "geometry": {
        "type": "Point",
        "coordinates": [
          121.51484,
          25.09754
        ]
      },
      "properties": {
        "city": "Taipei",
        "station_name": "兒童新樂園停車場",
        "charging_points": 9,
        "telephone": "0228345378",
        "description": "計時/平日/30元每小時，計時/假日/40元每小時"
      }
    },
    {
      "type": "Feature",
      "geometry": {
        "type": "Point",
        "coordinates": [
          121.48936,
          25.14095
        ]
      },
      "properties": {
        "city": "Taipei",
        "station_name": "北投稻香地下停車場",
        "charging_points": 3,
        "telephone": "0228983536",
        "description": "目前無收費"
      }
    },
    {
      "type": "Feature",
      "geometry": {
        "type": "Point",
        "coordinates": [
          121.55081,
          25.04886
        ]
      },
      "properties": {
        "city": "Taipei",
        "station_name": "臺北田徑場平面、地下停車場",
        "charging_points": 6,
        "telephone": "0225798520",
        "description": "汽車40元/時(08-20)，當日最高上限230元，30元/時(20-08)，全程以半小時計費"
      }
    },
    {
      "type": "Feature",
      "geometry": {
        "type": "Point",
        "coordinates": [
          121.5356,
          25.11602
        ]
      },
      "properties": {
        "city": "Taipei",
        "station_name": "臺北市立大學天母校區體育館平面停車場",
        "charging_points": 2,
        "telephone": "0228726018",
        "description": "平日30元/每小時 12小時最高200元 假日50元/每小時 12小時最高350元"
      }
    },
    {
      "type": "Feature",
      "geometry": {
        "type": "Point",
        "coordinates": [
          121.53844,
          25.01241
        ]
      },
      "properties": {
        "city": "Taipei",
        "station_name": "國立臺灣大學公館平面停車場",
        "charging_points": 7,
        "telephone": "33663366",
        "description": "40元/小時"
      }
    },
    {
      "type": "Feature",
      "geometry": {
        "type": "Point",
        "coordinates": [
          121.53644,
          25.11609
        ]
      },
      "properties": {
        "city": "Taipei",
        "station_name": "臺北市立大學天母校區教學、行政科資大樓地下停車場",
        "charging_points": 14,
        "telephone": "0228726018",
        "description": "平日30元/每小時 12小時最高200元 假日50元/每小時 12小時最高350元"
      }
    },
    {
      "type": "Feature",
      "geometry": {
        "type": "Point",
        "coordinates": [
          121.60395,
          25.05426
        ]
      },
      "properties": {
        "city": "Taipei",
        "station_name": "東明甲區社會住宅地下停車場",
        "charging_points": 1,
        "telephone": "0226510865",
        "description": "計時/平日/20 元每小時, 計時/假日/40 元每小時"
      }
    },
    {
      "type": "Feature",
      "geometry": {
        "type": "Point",
        "coordinates": [
          121.55195,
          25.05132
        ]
      },
      "properties": {
        "city": "Taipei",
        "station_name": "臺北體育館地下停車場",
        "charging_points": 3,
        "telephone": "0225798373",
        "description": "汽車40元/時(08-20)，當日最高上限230元，30元/時(20-08)，全程以半小時計費"
      }
    },
    {
      "type": "Feature",
      "geometry": {
        "type": "Point",
        "coordinates": [
          121.56267,
          25.05617
        ]
      },
      "properties": {
        "city": "Taipei",
        "station_name": "健康國小地下停車場",
        "charging_points": 4,
        "telephone": "0226550818",
        "description": "每1小時0元"
      }
    },
    {
      "type": "Feature",
      "geometry": {
        "type": "Point",
        "coordinates": [
          121.54246,
          25.03623
        ]
      },
      "properties": {
        "city": "Taipei",
        "station_name": "附中公園地下停車場",
        "charging_points": 2,
        "telephone": "022655-0818",
        "description": "每1小時0元"
      }
    },
    {
      "type": "Feature",
      "geometry": {
        "type": "Point",
        "coordinates": [
          121.51454,
          25.11601
        ]
      },
      "properties": {
        "city": "Taipei",
        "station_name": "嘟嘟房捷運石牌站停車場",
        "charging_points": 2,
        "telephone": "0226550818",
        "description": "每1小時0元"
      }
    },
    {
      "type": "Feature",
      "geometry": {
        "type": "Point",
        "coordinates": [
          121.50644,
          25.12083
        ]
      },
      "properties": {
        "city": "Taipei",
        "station_name": "嘟嘟房捷運唭哩岸站停車場",
        "charging_points": 1,
        "telephone": "0226550818",
        "description": "每1小時0元"
      }
    },
    {
      "type": "Feature",
      "geometry": {
        "type": "Point",
        "coordinates": [
          121.49815,
          25.13284
        ]
      },
      "properties": {
        "city": "Taipei",
        "station_name": "嘟嘟房捷運北投站停車場",
        "charging_points": 2,
        "telephone": "0226550818",
        "description": "每1小時0元"
      }
    },
    {
      "type": "Feature",
      "geometry": {
        "type": "Point",
        "coordinates": [
          121.50144,
          25.13687
        ]
      },
      "properties": {
        "city": "Taipei",
        "station_name": "嘟嘟房捷運新北投站停車場",
        "charging_points": 1,
        "telephone": "0226550818",
        "description": "每1小時0元"
      }
    },
    {
      "type": "Feature",
      "geometry": {
        "type": "Point",
        "coordinates": [
          121.47338,
          25.1311
        ]
      },
      "properties": {
        "city": "Taipei",
        "station_name": "嘟嘟房捷運忠義站停車場",
        "charging_points": 1,
        "telephone": "0226550818",
        "description": "每1小時0元"
      }
    },
    {
      "type": "Feature",
      "geometry": {
        "type": "Point",
        "coordinates": [
          121.61881,
          25.06139
        ]
      },
      "properties": {
        "city": "Taipei",
        "station_name": "嘟嘟房捷運內湖機廠站停車場",
        "charging_points": 8,
        "telephone": "0226550818",
        "description": "每1小時0元"
      }
    },
    {
      "type": "Feature",
      "geometry": {
        "type": "Point",
        "coordinates": [
          121.52283,
          25.10166
        ]
      },
      "properties": {
        "city": "Taipei",
        "station_name": "嘟嘟房捷運芝山站停車場",
        "charging_points": 5,
        "telephone": "0226550818",
        "description": "每1小時0元"
      }
    },
    {
      "type": "Feature",
      "geometry": {
        "type": "Point",
        "coordinates": [
          121.52637,
          25.09215
        ]
      },
      "properties": {
        "city": "Taipei",
        "station_name": "嘟嘟房捷運士林站停車場",
        "charging_points": 2,
        "telephone": "0226550818",
        "description": "每1小時0元"
      }
    },
    {
      "type": "Feature",
      "geometry": {
        "type": "Point",
        "coordinates": [
          121.53671,
          25.04689
        ]
      },
      "properties": {
        "city": "Taipei",
        "station_name": "建國北路高架橋下O區",
        "charging_points": 2,
        "telephone": "2655-0818",
        "description": "每1小時20元"
      }
    },
    {
      "type": "Feature",
      "geometry": {
        "type": "Point",
        "coordinates": [
          121.53701,
          25.06444
        ]
      },
      "properties": {
        "city": "Taipei",
        "station_name": "建國北路高架橋下IB區",
        "charging_points": 1,
        "telephone": "2655-0818",
        "description": "每1小時20元"
      }
    },
    {
      "type": "Feature",
      "geometry": {
        "type": "Point",
        "coordinates": [
          121.53607,
          25.06585
        ]
      },
      "properties": {
        "city": "Taipei",
        "station_name": "建國北路高架橋下J區",
        "charging_points": 1,
        "telephone": "2655-0818",
        "description": "每1小時20元"
      }
    },
    {
      "type": "Feature",
      "geometry": {
        "type": "Point",
        "coordinates": [
          121.53698,
          25.05931
        ]
      },
      "properties": {
        "city": "Taipei",
        "station_name": "建國北路高架橋下G區",
        "charging_points": 6,
        "telephone": "2655-0818",
        "description": "每1小時20元"
      }
    },
    {
      "type": "Feature",
      "geometry": {
        "type": "Point",
        "coordinates": [
          121.53695,
          25.06076
        ]
      },
      "properties": {
        "city": "Taipei",
        "station_name": "建國北路高架橋下H區",
        "charging_points": 6,
        "telephone": "2655-0818",
        "description": "每1小時20元"
      }
    },
    {
      "type": "Feature",
      "geometry": {
        "type": "Point",
        "coordinates": [
          121.53697,
          25.05657
        ]
      },
      "properties": {
        "city": "Taipei",
        "station_name": "建國北路高架橋下E區",
        "charging_points": 3,
        "telephone": "2655-0818",
        "description": "每1小時20元"
      }
    },
    {
      "type": "Feature",
      "geometry": {
        "type": "Point",
        "coordinates": [
          121.53693,
          25.05719
        ]
      },
      "properties": {
        "city": "Taipei",
        "station_name": "建國北路高架橋下F區",
        "charging_points": 1,
        "telephone": "2655-0818",
        "description": "每1小時20元"
      }
    },
    {
      "type": "Feature",
      "geometry": {
        "type": "Point",
        "coordinates": [
          121.53677,
          25.04989
        ]
      },
      "properties": {
        "city": "Taipei",
        "station_name": "建國北路高架橋下B區",
        "charging_points": 5,
        "telephone": "2655-0818",
        "description": "每1小時20元"
      }
    },
    {
      "type": "Feature",
      "geometry": {
        "type": "Point",
        "coordinates": [
          121.53685,
          25.0534
        ]
      },
      "properties": {
        "city": "Taipei",
        "station_name": "建國北路高架橋下C區",
        "charging_points": 3,
        "telephone": "2655-0818",
        "description": "每1小時20元"
      }
    },
    {
      "type": "Feature",
      "geometry": {
        "type": "Point",
        "coordinates": [
          121.53687,
          25.0542
        ]
      },
      "properties": {
        "city": "Taipei",
        "station_name": "建國北路高架橋下D區",
        "charging_points": 3,
        "telephone": "2655-0818",
        "description": "每1小時20元"
      }
    },
    {
      "type": "Feature",
      "geometry": {
        "type": "Point",
        "coordinates": [
          121.53676,
          25.04922
        ]
      },
      "properties": {
        "city": "Taipei",
        "station_name": "建國北路高架橋下A區",
        "charging_points": 2,
        "telephone": "2655-0818",
        "description": "每1小時20元"
      }
    },
    {
      "type": "Feature",
      "geometry": {
        "type": "Point",
        "coordinates": [
          121.5566,
          25.04045
        ]
      },
      "properties": {
        "city": "Taipei",
        "station_name": "僑安地下停車場",
        "charging_points": 8,
        "telephone": "2655-0818",
        "description": "每1小時0元"
      }
    },
    {
      "type": "Feature",
      "geometry": {
        "type": "Point",
        "coordinates": [
          121.52274,
          25.0479
        ]
      },
      "properties": {
        "city": "Taipei",
        "station_name": "市民大道中林段停車場",
        "charging_points": 10,
        "telephone": "2655-0818",
        "description": "每1小時0元"
      }
    },
    {
      "type": "Feature",
      "geometry": {
        "type": "Point",
        "coordinates": [
          121.52792,
          25.04687
        ]
      },
      "properties": {
        "city": "Taipei",
        "station_name": "市民大道林金段停車場",
        "charging_points": 19,
        "telephone": "2655-0818",
        "description": "每1小時0元"
      }
    },
    {
      "type": "Feature",
      "geometry": {
        "type": "Point",
        "coordinates": [
          121.5714,
          25.04959
        ]
      },
      "properties": {
        "city": "Taipei",
        "station_name": "八德立體停車場",
        "charging_points": 7,
        "telephone": "0226550818",
        "description": "每1小時0元"
      }
    },
    {
      "type": "Feature",
      "geometry": {
        "type": "Point",
        "coordinates": [
          121.51059,
          25.04404
        ]
      },
      "properties": {
        "city": "Taipei",
        "station_name": "中山堂地下停車場",
        "charging_points": 9,
        "telephone": "2655-0818",
        "description": "每1小時0元"
      }
    },
    {
      "type": "Feature",
      "geometry": {
        "type": "Point",
        "coordinates": [
          121.5614,
          25.05002
        ]
      },
      "properties": {
        "city": "Taipei",
        "station_name": "中崙高中地下停車場",
        "charging_points": 7,
        "telephone": "0226550818",
        "description": "每1小時0元"
      }
    },
    {
      "type": "Feature",
      "geometry": {
        "type": "Point",
        "coordinates": [
          121.53705,
          25.06337
        ]
      },
      "properties": {
        "city": "Taipei",
        "station_name": "建國北路高架橋下IA區",
        "charging_points": 1,
        "telephone": "2655-0818",
        "description": "每1小時20元"
      }
    },
    {
      "type": "Feature",
      "geometry": {
        "type": "Point",
        "coordinates": [
          121.50219,
          25.13655
        ]
      },
      "properties": {
        "city": "Taipei",
        "station_name": "七星公園地下停車場",
        "charging_points": 6,
        "telephone": "0226550818",
        "description": "每1小時20元"
      }
    },
    {
      "type": "Feature",
      "geometry": {
        "type": "Point",
        "coordinates": [
          121.5134,
          25.11966
        ]
      },
      "properties": {
        "city": "Taipei",
        "station_name": "陽明大學停車場",
        "charging_points": 4,
        "telephone": "0800208333",
        "description": "30元/時"
      }
    },
    {
      "type": "Feature",
      "geometry": {
        "type": "Point",
        "coordinates": [
          0.0,
          0.0
        ]
      },
      "properties": {
        "city": "Taipei",
        "station_name": "臺北市立明德國民中學附設停車場",
        "charging_points": 1,
        "telephone": "",
        "description": ""
      }
    },
    {
      "type": "Feature",
      "geometry": {
        "type": "Point",
        "coordinates": [
          0.0,
          0.0
        ]
      },
      "properties": {
        "city": "Taipei",
        "station_name": "巧愛公寓地下室停車場",
        "charging_points": 1,
        "telephone": "",
        "description": ""
      }
    },
    {
      "type": "Feature",
      "geometry": {
        "type": "Point",
        "coordinates": [
          0.0,
          0.0
        ]
      },
      "properties": {
        "city": "Taipei",
        "station_name": "新北投公園停車場",
        "charging_points": 2,
        "telephone": "",
        "description": ""
      }
    },
    {
      "type": "Feature",
      "geometry": {
        "type": "Point",
        "coordinates": [
          121.5098,
          25.11612
        ]
      },
      "properties": {
        "city": "Taipei",
        "station_name": "北投運動中心停車場",
        "charging_points": 2,
        "telephone": "(02)28202880；0932-200970",
        "description": "30元/時"
      }
    },
    {
      "type": "Feature",
      "geometry": {
        "type": "Point",
        "coordinates": [
          121.50726,
          25.12773
        ]
      },
      "properties": {
        "city": "Taipei",
        "station_name": "博客停車場-家福公館場",
        "charging_points": 4,
        "telephone": "(02)29488889",
        "description": "計時/每日/40元每小時"
      }
    },
    {
      "type": "Feature",
      "geometry": {
        "type": "Point",
        "coordinates": [
          121.59348,
          25.06105
        ]
      },
      "properties": {
        "city": "Taipei",
        "station_name": "潭美停車場",
        "charging_points": 2,
        "telephone": "0958388960",
        "description": "計時/每日/40 元每小時"
      }
    },
    {
      "type": "Feature",
      "geometry": {
        "type": "Point",
        "coordinates": [
          121.59824,
          25.05528
        ]
      },
      "properties": {
        "city": "Taipei",
        "station_name": "南港重陽停車場",
        "charging_points": 2,
        "telephone": "",
        "description": "計時/每日/40 元每小時"
      }
    },
    {
      "type": "Feature",
      "geometry": {
        "type": "Point",
        "coordinates": [
          121.53165,
          25.10566
        ]
      },
      "properties": {
        "city": "Taipei",
        "station_name": "臺北市立聯合醫院-陽明院區停車場",
        "charging_points": 1,
        "telephone": "0800000269",
        "description": "40元/時"
      }
    },
    {
      "type": "Feature",
      "geometry": {
        "type": "Point",
        "coordinates": [
          121.50876,
          25.05119
        ]
      },
      "properties": {
        "city": "Taipei",
        "station_name": "臺北市立聯合醫院-中興院區停車場",
        "charging_points": 2,
        "telephone": "0800000269",
        "description": "40元/時"
      }
    },
    {
      "type": "Feature",
      "geometry": {
        "type": "Point",
        "coordinates": [
          121.51369,
          25.05614
        ]
      },
      "properties": {
        "city": "Taipei",
        "station_name": "朝陽公園地下停車場",
        "charging_points": 5,
        "telephone": "2959-9991",
        "description": "計時/平日/40 元每小時，每日最高/200 元每日；計時/假日/40 元每小時，無上限"
      }
    },
    {
      "type": "Feature",
      "geometry": {
        "type": "Point",
        "coordinates": [
          121.57595,
          25.07233
        ]
      },
      "properties": {
        "city": "Taipei",
        "station_name": "叭叭房亞太C區停車場",
        "charging_points": 5,
        "telephone": "2655-0000",
        "description": "20元/30分鐘"
      }
    },
    {
      "type": "Feature",
      "geometry": {
        "type": "Point",
        "coordinates": [
          121.59439,
          25.08413
        ]
      },
      "properties": {
        "city": "Taipei",
        "station_name": "CITYLINK 內湖店停車場",
        "charging_points": 12,
        "telephone": "0227831863",
        "description": "20元/半小時(平日每12小時最高收費120元、假日每12小時最高收費200元)"
      }
    },
    {
      "type": "Feature",
      "geometry": {
        "type": "Point",
        "coordinates": [
          121.58169,
          25.04868
        ]
      },
      "properties": {
        "city": "Taipei",
        "station_name": "臺北市南港運動中心停車場",
        "charging_points": 3,
        "telephone": "0226532279",
        "description": "30元/時"
      }
    },
    {
      "type": "Feature",
      "geometry": {
        "type": "Point",
        "coordinates": [
          121.57417,
          25.063
        ]
      },
      "properties": {
        "city": "Taipei",
        "station_name": "台北花卉產銷股份有限公司A館",
        "charging_points": 9,
        "telephone": "0227909729",
        "description": "計時/每日/30 元每小時"
      }
    },
    {
      "type": "Feature",
      "geometry": {
        "type": "Point",
        "coordinates": [
          121.5751,
          25.06304
        ]
      },
      "properties": {
        "city": "Taipei",
        "station_name": "台北花卉產銷股份有限公司B館",
        "charging_points": 2,
        "telephone": "0227909729",
        "description": "計時/每日/30 元每小時"
      }
    },
    {
      "type": "Feature",
      "geometry": {
        "type": "Point",
        "coordinates": [
          121.51822,
          25.05389
        ]
      },
      "properties": {
        "city": "Taipei",
        "station_name": "建成公園地下停車場",
        "charging_points": 6,
        "telephone": "0226550818",
        "description": "30元/周一~周五，40元/周六~周日"
      }
    },
    {
      "type": "Feature",
      "geometry": {
        "type": "Point",
        "coordinates": [
          121.51975,
          25.05166
        ]
      },
      "properties": {
        "city": "Taipei",
        "station_name": "建成國中地下停車場",
        "charging_points": 8,
        "telephone": "2759-0666",
        "description": "40元/8:00~22:00，10元/22:00~8:00"
      }
    },
    {
      "type": "Feature",
      "geometry": {
        "type": "Point",
        "coordinates": [
          121.53626,
          25.05729
        ]
      },
      "properties": {
        "city": "Taipei",
        "station_name": "臺北市立大同高級中學附設停車場",
        "charging_points": 2,
        "telephone": "0225235000",
        "description": "計時/每日50 元每小時每日最高/300 元每日"
      }
    },
    {
      "type": "Feature",
      "geometry": {
        "type": "Point",
        "coordinates": [
          121.53735,
          25.06765
        ]
      },
      "properties": {
        "city": "Taipei",
        "station_name": "臺北農產運銷股份有限公司第二果菜批發市場地下三樓停車場(濱江市場地下停車場)",
        "charging_points": 7,
        "telephone": "2516-2519#1125、1116、1117",
        "description": "計時/每日30 元每小時"
      }
    },
    {
      "type": "Feature",
      "geometry": {
        "type": "Point",
        "coordinates": [
          121.55407,
          25.08022
        ]
      },
      "properties": {
        "city": "Taipei",
        "station_name": "台北美福大飯店停車場",
        "charging_points": 6,
        "telephone": "0277325599",
        "description": "120元/時(未滿1小時以1小時計算，逾1小時以上，未滿半小時以半小時計算)"
      }
    },
    {
      "type": "Feature",
      "geometry": {
        "type": "Point",
        "coordinates": [
          121.51801,
          25.04851
        ]
      },
      "properties": {
        "city": "Taipei",
        "station_name": "台北地下街停車場",
        "charging_points": 8,
        "telephone": "25594566#508",
        "description": "依場域公告為準"
      }
    },
    {
      "type": "Feature",
      "geometry": {
        "type": "Point",
        "coordinates": [
          121.51929,
          25.02908
        ]
      },
      "properties": {
        "city": "Taipei",
        "station_name": "臺北市立聯合醫院-婦幼院區停車場",
        "charging_points": 1,
        "telephone": "0800-000-269；2786-7755",
        "description": "40元/時"
      }
    },
    {
      "type": "Feature",
      "geometry": {
        "type": "Point",
        "coordinates": [
          121.50734,
          25.0356
        ]
      },
      "properties": {
        "city": "Taipei",
        "station_name": "臺北市立聯合醫院-和平院區停車場",
        "charging_points": 1,
        "telephone": "0800000269",
        "description": "40元/時"
      }
    },
    {
      "type": "Feature",
      "geometry": {
        "type": "Point",
        "coordinates": [
          121.51937,
          25.03836
        ]
      },
      "properties": {
        "city": "Taipei",
        "station_name": "臺北市中正運動中心地下停車場",
        "charging_points": 2,
        "telephone": "23961000",
        "description": "計時/每日/40 元每小時"
      }
    },
    {
      "type": "Feature",
      "geometry": {
        "type": "Point",
        "coordinates": [
          121.56298,
          25.05985
        ]
      },
      "properties": {
        "city": "Taipei",
        "station_name": "民生社區中心地下停車場",
        "charging_points": 3,
        "telephone": "0222408767",
        "description": "30元/時"
      }
    },
    {
      "type": "Feature",
      "geometry": {
        "type": "Point",
        "coordinates": [
          121.56515,
          25.04087
        ]
      },
      "properties": {
        "city": "Taipei",
        "station_name": "市府轉運站停車場",
        "charging_points": 10,
        "telephone": "",
        "description": "50元/30分鐘(館內消費滿500元，可折抵1小時)"
      }
    },
    {
      "type": "Feature",
      "geometry": {
        "type": "Point",
        "coordinates": [
          121.57543,
          25.03034
        ]
      },
      "properties": {
        "city": "Taipei",
        "station_name": "臺北市立聯合醫院-松德院區停車場",
        "charging_points": 1,
        "telephone": "",
        "description": "40元/時"
      }
    },
    {
      "type": "Feature",
      "geometry": {
        "type": "Point",
        "coordinates": [
          121.56482,
          25.03262
        ]
      },
      "properties": {
        "city": "Taipei",
        "station_name": "詮營信義101停車場",
        "charging_points": 2,
        "telephone": "0227935818",
        "description": "計時/平日/60元每小時，每日最高/200元每日；計時/假日及定假日/60元每小時，每日最高/280元每日"
      }
    },
    {
      "type": "Feature",
      "geometry": {
        "type": "Point",
        "coordinates": [
          121.55448,
          25.05879
        ]
      },
      "properties": {
        "city": "Taipei",
        "station_name": "科技服務大樓附設停車場",
        "charging_points": 3,
        "telephone": "0227160802",
        "description": "計時/每日/30元每小時"
      }
    },
    {
      "type": "Feature",
      "geometry": {
        "type": "Point",
        "coordinates": [
          121.5445,
          25.03737
        ]
      },
      "properties": {
        "city": "Taipei",
        "station_name": "臺北市立聯合醫院-仁愛院區停車場",
        "charging_points": 1,
        "telephone": "0800000269",
        "description": "40元/時"
      }
    },
    {
      "type": "Feature",
      "geometry": {
        "type": "Point",
        "coordinates": [
          121.54027,
          24.98855
        ]
      },
      "properties": {
        "city": "Taipei",
        "station_name": "景美國小地下停車場",
        "charging_points": 5,
        "telephone": "022240-8767",
        "description": "周一至周四：11:00~21:00 30元/小時，21:00~11:00 20元/小時；周五至周日　11:00~21:00 40元/小時，21:00~11:00 20元/小時"
      }
    },
    {
      "type": "Feature",
      "geometry": {
        "type": "Point",
        "coordinates": [
          121.50307,
          25.02381
        ]
      },
      "properties": {
        "city": "Taipei",
        "station_name": "青年公園棒球場地下停車場",
        "charging_points": 7,
        "telephone": "23092133",
        "description": "30元/時"
      }
    },
    {
      "type": "Feature",
      "geometry": {
        "type": "Point",
        "coordinates": [
          121.57305,
          24.99818
        ]
      },
      "properties": {
        "city": "Taipei",
        "station_name": "歐特儀股份有限公司捷運木柵站轉乘停車場",
        "charging_points": 3,
        "telephone": "022705-7716",
        "description": "20元/時(06點~22點)，10元/時(22點~06點)"
      }
    },
    {
      "type": "Feature",
      "geometry": {
        "type": "Point",
        "coordinates": [
          121.54923,
          25.02607
        ]
      },
      "properties": {
        "city": "Taipei",
        "station_name": "遠企中心地下停車場",
        "charging_points": 7,
        "telephone": "27363033",
        "description": "計時 /每日/50元每半小時\r\n"
      }
    },
    {
      "type": "Feature",
      "geometry": {
        "type": "Point",
        "coordinates": [
          121.52945,
          25.11196
        ]
      },
      "properties": {
        "city": "Taipei",
        "station_name": "臺北市公有士東市場地下室停車場",
        "charging_points": 1,
        "telephone": "0228345308",
        "description": "計時/每日/40元每小時"
      }
    },
    {
      "type": "Feature",
      "geometry": {
        "type": "Point",
        "coordinates": [
          121.55939,
          24.99717
        ]
      },
      "properties": {
        "city": "Taipei",
        "station_name": "臺北市文山運動中心停車場",
        "charging_points": 2,
        "telephone": "0222308268#221",
        "description": "30元/小時"
      }
    },
    {
      "type": "Feature",
      "geometry": {
        "type": "Point",
        "coordinates": [
          121.50758,
          25.08388
        ]
      },
      "properties": {
        "city": "Taipei",
        "station_name": "葫蘆國小夜間停車場",
        "charging_points": 1,
        "telephone": "28129586",
        "description": "免費  [不對外開放] "
      }
    },
    {
      "type": "Feature",
      "geometry": {
        "type": "Point",
        "coordinates": [
          121.55024,
          25.04884
        ]
      },
      "properties": {
        "city": "Taipei",
        "station_name": "Times 松山運動中心",
        "charging_points": 2,
        "telephone": "0809008924",
        "description": "平日/40元，假日/40元(依現場為準)"
      }
    },
    {
      "type": "Feature",
      "geometry": {
        "type": "Point",
        "coordinates": [
          121.5029,
          25.12122
        ]
      },
      "properties": {
        "city": "Taipei",
        "station_name": "公館路平面停車場",
        "charging_points": 4,
        "telephone": "(02)25683773",
        "description": "20元/時"
      }
    },
    {
      "type": "Feature",
      "geometry": {
        "type": "Point",
        "coordinates": [
          121.50504,
          25.12503
        ]
      },
      "properties": {
        "city": "Taipei",
        "station_name": "公舘路228巷平面停車場",
        "charging_points": 2,
        "telephone": "(02)25683773分機561",
        "description": "20元/時"
      }
    },
    {
      "type": "Feature",
      "geometry": {
        "type": "Point",
        "coordinates": [
          121.52227,
          25.08976
        ]
      },
      "properties": {
        "city": "Taipei",
        "station_name": "承德公園地下停車場",
        "charging_points": 4,
        "telephone": "0226550818",
        "description": "每1小時0元"
      }
    },
    {
      "type": "Feature",
      "geometry": {
        "type": "Point",
        "coordinates": [
          121.52421,
          25.10548
        ]
      },
      "properties": {
        "city": "Taipei",
        "station_name": "太平洋崇光百貨股份有限公司天母店停車場",
        "charging_points": 4,
        "telephone": "(02)27765555分機3898",
        "description": "計時 /每日/80元每小時"
      }
    },
    {
      "type": "Feature",
      "geometry": {
        "type": "Point",
        "coordinates": [
          121.53333,
          25.1201
        ]
      },
      "properties": {
        "city": "Taipei",
        "station_name": "東和公園平面停車場",
        "charging_points": 2,
        "telephone": "(02)25573722",
        "description": "20元/時"
      }
    },
    {
      "type": "Feature",
      "geometry": {
        "type": "Point",
        "coordinates": [
          121.52938,
          25.10666
        ]
      },
      "properties": {
        "city": "Taipei",
        "station_name": "忠誠路（二）平面停車場",
        "charging_points": 2,
        "telephone": "(02)25573722",
        "description": "30元/時"
      }
    },
    {
      "type": "Feature",
      "geometry": {
        "type": "Point",
        "coordinates": [
          121.51687,
          25.09407
        ]
      },
      "properties": {
        "city": "Taipei",
        "station_name": "士林高商停車場",
        "charging_points": 1,
        "telephone": "0228313114",
        "description": "季租4,000元；年租16,000元。租借場地如有停車需求，30元/時。"
      }
    },
    {
      "type": "Feature",
      "geometry": {
        "type": "Point",
        "coordinates": [
          121.54942,
          24.985
        ]
      },
      "properties": {
        "city": "Taipei",
        "station_name": "和興水岸社會住宅地下停車場",
        "charging_points": 3,
        "telephone": "25573722",
        "description": "計時/每日/20元每小時"
      }
    },
    {
      "type": "Feature",
      "geometry": {
        "type": "Point",
        "coordinates": [
          121.50325,
          25.02043
        ]
      },
      "properties": {
        "city": "Taipei",
        "station_name": "青年二期社會住宅地下停車場",
        "charging_points": 6,
        "telephone": "25573722",
        "description": "計時/每日/每小時30元"
      }
    },
    {
      "type": "Feature",
      "geometry": {
        "type": "Point",
        "coordinates": [
          121.58155,
          25.03856
        ]
      },
      "properties": {
        "city": "Taipei",
        "station_name": "廣慈3區社會住宅地下停車場",
        "charging_points": 6,
        "telephone": "0225573722",
        "description": "平日$30元/1小時(入場12小時最高$150元)，假日$30元/1小時(無最高上限)"
      }
    },
    {
      "type": "Feature",
      "geometry": {
        "type": "Point",
        "coordinates": [
          121.55479,
          25.00089
        ]
      },
      "properties": {
        "city": "Taipei",
        "station_name": "興隆A區社會住宅地下停車場",
        "charging_points": 5,
        "telephone": "2939-8935",
        "description": "依現場公告"
      }
    },
    {
      "type": "Feature",
      "geometry": {
        "type": "Point",
        "coordinates": [
          121.51001,
          25.07869
        ]
      },
      "properties": {
        "city": "Taipei",
        "station_name": "延平北路5段1巷平面停車場",
        "charging_points": 4,
        "telephone": "0222740068",
        "description": "20元/時"
      }
    },
    {
      "type": "Feature",
      "geometry": {
        "type": "Point",
        "coordinates": [
          121.50908,
          25.08807
        ]
      },
      "properties": {
        "city": "Taipei",
        "station_name": "社正路平面停車場",
        "charging_points": 2,
        "telephone": "0222740068",
        "description": "30元/時"
      }
    },
    {
      "type": "Feature",
      "geometry": {
        "type": "Point",
        "coordinates": [
          121.53277,
          25.09633
        ]
      },
      "properties": {
        "city": "Taipei",
        "station_name": "福林路平面停車場",
        "charging_points": 2,
        "telephone": "0227590666",
        "description": "20元/時"
      }
    },
    {
      "type": "Feature",
      "geometry": {
        "type": "Point",
        "coordinates": [
          121.51921,
          25.11312
        ]
      },
      "properties": {
        "city": "Taipei",
        "station_name": "懷德街55巷平面停車場",
        "charging_points": 4,
        "telephone": "(02)25683773",
        "description": "30元/時"
      }
    },
    {
      "type": "Feature",
      "geometry": {
        "type": "Point",
        "coordinates": [
          121.50008,
          25.12794
        ]
      },
      "properties": {
        "city": "Taipei",
        "station_name": "大業路280巷臨時平面停車場",
        "charging_points": 2,
        "telephone": "0227590666",
        "description": "50元/時"
      }
    },
    {
      "type": "Feature",
      "geometry": {
        "type": "Point",
        "coordinates": [
          121.50986,
          25.05027
        ]
      },
      "properties": {
        "city": "Taipei",
        "station_name": "市民大道塔城段停車場",
        "charging_points": 8,
        "telephone": "0226550818",
        "description": "每1小時0元"
      }
    },
    {
      "type": "Feature",
      "geometry": {
        "type": "Point",
        "coordinates": [
          121.49135,
          25.03543
        ]
      },
      "properties": {
        "city": "Taipei",
        "station_name": "華江橋下與雙層小型車停車場",
        "charging_points": 5,
        "telephone": "0909566815",
        "description": "20元/時"
      }
    },
    {
      "type": "Feature",
      "geometry": {
        "type": "Point",
        "coordinates": [
          121.50531,
          25.02791
        ]
      },
      "properties": {
        "city": "Taipei",
        "station_name": "新和庭園平面停車場",
        "charging_points": 3,
        "telephone": "2655-0818",
        "description": "40元/時"
      }
    },
    {
      "type": "Feature",
      "geometry": {
        "type": "Point",
        "coordinates": [
          121.61322,
          25.06733
        ]
      },
      "properties": {
        "city": "Taipei",
        "station_name": "安康公車調度站臨時平面停車場",
        "charging_points": 3,
        "telephone": "27867755",
        "description": "每小時20元"
      }
    },
    {
      "type": "Feature",
      "geometry": {
        "type": "Point",
        "coordinates": [
          121.57816,
          25.07363
        ]
      },
      "properties": {
        "city": "Taipei",
        "station_name": "叭叭房陽光大樓停車場",
        "charging_points": 5,
        "telephone": "2655-0000",
        "description": "依現場公告"
      }
    },
    {
      "type": "Feature",
      "geometry": {
        "type": "Point",
        "coordinates": [
          121.60374,
          25.05211
        ]
      },
      "properties": {
        "city": "Taipei",
        "station_name": "南港車站地下停車場",
        "charging_points": 32,
        "telephone": "0227995657",
        "description": "計時/平日/40元每小時/每日最高/240元每日,計時/假日/50元每小時/每日最高/240元每日"
      }
    },
    {
      "type": "Feature",
      "geometry": {
        "type": "Point",
        "coordinates": [
          121.51917,
          25.04835
        ]
      },
      "properties": {
        "city": "Taipei",
        "station_name": "市民大道公中段停車場",
        "charging_points": 8,
        "telephone": "2655-0818",
        "description": "每1小時0元"
      }
    },
    {
      "type": "Feature",
      "geometry": {
        "type": "Point",
        "coordinates": [
          121.52364,
          25.06802
        ]
      },
      "properties": {
        "city": "Taipei",
        "station_name": "中山北路3段55巷平面停車場",
        "charging_points": 2,
        "telephone": "2504-6290 分機85082鍾先生",
        "description": "每小時40元"
      }
    },
    {
      "type": "Feature",
      "geometry": {
        "type": "Point",
        "coordinates": [
          121.53721,
          25.06777
        ]
      },
      "properties": {
        "city": "Taipei",
        "station_name": "臺北農產運銷股份有限公司第二果菜批發市場停車場",
        "charging_points": 12,
        "telephone": "2516-2519#1122、1125",
        "description": "計時/每日/30 元每小時"
      }
    },
    {
      "type": "Feature",
      "geometry": {
        "type": "Point",
        "coordinates": [
          121.509,
          25.0388
        ]
      },
      "properties": {
        "city": "Taipei",
        "station_name": "城中社會福利綜合大樓地下停車場",
        "charging_points": 1,
        "telephone": "24551299",
        "description": "計時：小型車150元/時，全程以半小時計。計次：機車50元/次，隔日另計。月租：小型車8,500元/月、機車1,000元/月。"
      }
    },
    {
      "type": "Feature",
      "geometry": {
        "type": "Point",
        "coordinates": [
          121.52488,
          25.02054
        ]
      },
      "properties": {
        "city": "Taipei",
        "station_name": "臺北市客家文化中心附設地下停車場",
        "charging_points": 1,
        "telephone": "2369-1198",
        "description": "計時/每日/40元每小時"
      }
    },
    {
      "type": "Feature",
      "geometry": {
        "type": "Point",
        "coordinates": [
          121.56795,
          25.03693
        ]
      },
      "properties": {
        "city": "Taipei",
        "station_name": "遠東百貨信義分公司",
        "charging_points": 2,
        "telephone": "027750-0888",
        "description": "計時 /每日/100元每小時"
      }
    },
    {
      "type": "Feature",
      "geometry": {
        "type": "Point",
        "coordinates": [
          121.56367,
          25.02513
        ]
      },
      "properties": {
        "city": "Taipei",
        "station_name": "吳興街284巷臨時平面停車場",
        "charging_points": 2,
        "telephone": "2246-1708",
        "description": "每小時40元"
      }
    },
    {
      "type": "Feature",
      "geometry": {
        "type": "Point",
        "coordinates": [
          121.54307,
          25.04107
        ]
      },
      "properties": {
        "city": "Taipei",
        "station_name": "太平洋崇光百貨股份有限公司復興店停車場",
        "charging_points": 4,
        "telephone": "2776-5555分機3898",
        "description": "計時 /每日/60元每半小時"
      }
    },
    {
      "type": "Feature",
      "geometry": {
        "type": "Point",
        "coordinates": [
          121.53368,
          25.02241
        ]
      },
      "properties": {
        "city": "Taipei",
        "station_name": "辛亥高架橋下停車場",
        "charging_points": 3,
        "telephone": "0225046290",
        "description": "每小時30元"
      }
    },
    {
      "type": "Feature",
      "geometry": {
        "type": "Point",
        "coordinates": [
          121.54489,
          25.04195
        ]
      },
      "properties": {
        "city": "Taipei",
        "station_name": "太平洋崇光百貨股份有限公司忠孝店停車場",
        "charging_points": 2,
        "telephone": "2776-5555分機3898",
        "description": "計時 /每日/60元每半小時"
      }
    },
    {
      "type": "Feature",
      "geometry": {
        "type": "Point",
        "coordinates": [
          121.52567,
          25.02602
        ]
      },
      "properties": {
        "city": "Taipei",
        "station_name": "國立臺灣師範大學和平校區Ⅰ運動場地下停車場",
        "charging_points": 9,
        "telephone": "7749-3266",
        "description": "計時 /每日/70 元每小時"
      }
    },
    {
      "type": "Feature",
      "geometry": {
        "type": "Point",
        "coordinates": [
          121.55889,
          25.02747
        ]
      },
      "properties": {
        "city": "Taipei",
        "station_name": "六張犁1區社宅停車場",
        "charging_points": 5,
        "telephone": "",
        "description": "計時/每日/30元每小時"
      }
    },
    {
      "type": "Feature",
      "geometry": {
        "type": "Point",
        "coordinates": [
          121.52962,
          25.02675
        ]
      },
      "properties": {
        "city": "Taipei",
        "station_name": "國立臺灣師範大學和平校區Ⅱ羅馬廣場地下停車場",
        "charging_points": 3,
        "telephone": "77493266",
        "description": "計時 /每日/70 元每小時"
      }
    },
    {
      "type": "Feature",
      "geometry": {
        "type": "Point",
        "coordinates": [
          121.57481,
          24.99951
        ]
      },
      "properties": {
        "city": "Taipei",
        "station_name": "和平東路四段381巷平面停車場",
        "charging_points": 2,
        "telephone": "2518-5299",
        "description": "每小時20元"
      }
    },
    {
      "type": "Feature",
      "geometry": {
        "type": "Point",
        "coordinates": [
          121.54713,
          24.99967
        ]
      },
      "properties": {
        "city": "Taipei",
        "station_name": "興隆市場旁平面停車場",
        "charging_points": 2,
        "telephone": "2246-1708",
        "description": "每小時20元"
      }
    },
    {
      "type": "Feature",
      "geometry": {
        "type": "Point",
        "coordinates": [
          121.54014,
          25.03379
        ]
      },
      "properties": {
        "city": "Taipei",
        "station_name": "國立臺灣師範大學附屬高級中學體育教學館地下停車場",
        "charging_points": 1,
        "telephone": "2708-6000",
        "description": "免費"
      }
    },
    {
      "type": "Feature",
      "geometry": {
        "type": "Point",
        "coordinates": [
          121.5593,
          25.02773
        ]
      },
      "properties": {
        "city": "Taipei",
        "station_name": "六張犁2區社宅停車場",
        "charging_points": 7,
        "telephone": "",
        "description": "計時/每日/30元每小時"
      }
    },
    {
      "type": "Feature",
      "geometry": {
        "type": "Point",
        "coordinates": [
          121.60577,
          25.05332
        ]
      },
      "properties": {
        "city": "Taipei",
        "station_name": "南港停車場",
        "charging_points": 1,
        "telephone": "0925975999",
        "description": "計時/平日/40元/每小時, 計時/假日/50元/每小時"
      }
    },
    {
      "type": "Feature",
      "geometry": {
        "type": "Point",
        "coordinates": [
          121.6103,
          25.05626
        ]
      },
      "properties": {
        "city": "Taipei",
        "station_name": "經貿社會住宅地下停車場",
        "charging_points": 5,
        "telephone": "0800021111",
        "description": "計時/日間/30 元每小時, 計時/夜間/20 元每小時"
      }
    },
    {
      "type": "Feature",
      "geometry": {
        "type": "Point",
        "coordinates": [
          121.51976,
          25.09283
        ]
      },
      "properties": {
        "city": "Taipei",
        "station_name": "臺北市士林區行政中心地下停車場",
        "charging_points": 1,
        "telephone": "0228826200",
        "description": "免費"
      }
    },
    {
      "type": "Feature",
      "geometry": {
        "type": "Point",
        "coordinates": [
          121.52324,
          25.11877
        ]
      },
      "properties": {
        "city": "Taipei",
        "station_name": "振興公園地下停車場",
        "charging_points": 6,
        "telephone": "(02)27057716",
        "description": "計時/每日/40元每小時"
      }
    },
    {
      "type": "Feature",
      "geometry": {
        "type": "Point",
        "coordinates": [
          121.50358,
          25.03743
        ]
      },
      "properties": {
        "city": "Taipei",
        "station_name": "臺北市萬華區老松國民小學附設停車場",
        "charging_points": 1,
        "telephone": "2336-1266",
        "description": "免費  [不對外開放] "
      }
    },
    {
      "type": "Feature",
      "geometry": {
        "type": "Point",
        "coordinates": [
          121.51578,
          25.06632
        ]
      },
      "properties": {
        "city": "Taipei",
        "station_name": "臺北市大同區行政中心地下停車場",
        "charging_points": 1,
        "telephone": "2597-5323",
        "description": "免費"
      }
    },
    {
      "type": "Feature",
      "geometry": {
        "type": "Point",
        "coordinates": [
          121.59695,
          25.06757
        ]
      },
      "properties": {
        "city": "Taipei",
        "station_name": "臺北市網球中心停車場",
        "charging_points": 6,
        "telephone": "2246-1708",
        "description": "計時/每日/40元每小時，每日最高/230 元每日"
      }
    },
    {
      "type": "Feature",
      "geometry": {
        "type": "Point",
        "coordinates": [
          121.57266,
          25.0826
        ]
      },
      "properties": {
        "city": "Taipei",
        "station_name": "臺北市內湖區麗山國民小學停車場",
        "charging_points": 2,
        "telephone": "(02)26574158分機515",
        "description": "免費 [不對外開放] "
      }
    },
    {
      "type": "Feature",
      "geometry": {
        "type": "Point",
        "coordinates": [
          121.61179,
          25.06837
        ]
      },
      "properties": {
        "city": "Taipei",
        "station_name": "南湖國小活動中心附設停車場",
        "charging_points": 1,
        "telephone": "0226313366",
        "description": "免費"
      }
    },
    {
      "type": "Feature",
      "geometry": {
        "type": "Point",
        "coordinates": [
          121.61756,
          25.04246
        ]
      },
      "properties": {
        "city": "Taipei",
        "station_name": "臺北市南港區胡適國小地下停車場",
        "charging_points": 1,
        "telephone": "0227824949",
        "description": "免費 [不對外開放]"
      }
    },
    {
      "type": "Feature",
      "geometry": {
        "type": "Point",
        "coordinates": [
          121.60207,
          25.05616
        ]
      },
      "properties": {
        "city": "Taipei",
        "station_name": "臺北市南港區東新國民小學停車場",
        "charging_points": 2,
        "telephone": "0227837577",
        "description": "免費  [不對外開放] "
      }
    },
    {
      "type": "Feature",
      "geometry": {
        "type": "Point",
        "coordinates": [
          121.58901,
          25.06921
        ]
      },
      "properties": {
        "city": "Taipei",
        "station_name": "內湖區行政中心停車場",
        "charging_points": 1,
        "telephone": "0227925828",
        "description": "免費"
      }
    },
    {
      "type": "Feature",
      "geometry": {
        "type": "Point",
        "coordinates": [
          121.5335,
          25.0644
        ]
      },
      "properties": {
        "city": "Taipei",
        "station_name": "中山區行政中心停車場",
        "charging_points": 1,
        "telephone": "022503-1369#205",
        "description": "計時/每日/80元每小時洽公民眾前30分鐘以下免費，逾30分鐘至1小時30元，逾1小時每30分鐘40元，全程以半小時計費。月租:租工小型2,000元/月，機車200元/月；夜間小型車1,800元/月，日間小型車2,000元/月"
      }
    },
    {
      "type": "Feature",
      "geometry": {
        "type": "Point",
        "coordinates": [
          121.52346,
          25.05625
        ]
      },
      "properties": {
        "city": "Taipei",
        "station_name": "中山大樓停車場",
        "charging_points": 1,
        "telephone": "0225117767",
        "description": "計時/每日 08:00~24:00/60元/每小時, 計時/每日 24:00~08:00/10元/每小時"
      }
    },
    {
      "type": "Feature",
      "geometry": {
        "type": "Point",
        "coordinates": [
          121.54806,
          25.04794
        ]
      },
      "properties": {
        "city": "Taipei",
        "station_name": "便利停車場萬國站",
        "charging_points": 2,
        "telephone": "(02)27991001",
        "description": "計時/平日/70 元每小時，每日最高/420 元每日；計時/假日/60 元每小時，每日最高/420 元每日"
      }
    },
    {
      "type": "Feature",
      "geometry": {
        "type": "Point",
        "coordinates": [
          121.58287,
          25.0397
        ]
      },
      "properties": {
        "city": "Taipei",
        "station_name": "廣慈1區社會住宅地下停車場",
        "charging_points": 8,
        "telephone": "0225023333",
        "description": "計時/每日/30元/每小時"
      }
    },
    {
      "type": "Feature",
      "geometry": {
        "type": "Point",
        "coordinates": [
          121.58103,
          25.03863
        ]
      },
      "properties": {
        "city": "Taipei",
        "station_name": "廣慈2區社會住宅地下停車場",
        "charging_points": 6,
        "telephone": "0225023333",
        "description": "計時/每日/30元/每小時"
      }
    },
    {
      "type": "Feature",
      "geometry": {
        "type": "Point",
        "coordinates": [
          121.55798,
          24.99985
        ]
      },
      "properties": {
        "city": "Taipei",
        "station_name": "萬芳醫院附設停車場",
        "charging_points": 6,
        "telephone": "2930-7930",
        "description": "計時/每日/40 元每小時"
      }
    },
    {
      "type": "Feature",
      "geometry": {
        "type": "Point",
        "coordinates": [
          121.55181,
          25.00162
        ]
      },
      "properties": {
        "city": "Taipei",
        "station_name": "驛林交通股份有限公司興隆站",
        "charging_points": 1,
        "telephone": "",
        "description": "計時/每日/30元每小時"
      }
    },
    {
      "type": "Feature",
      "geometry": {
        "type": "Point",
        "coordinates": [
          121.54328,
          25.02608
        ]
      },
      "properties": {
        "city": "Taipei",
        "station_name": "科技大樓地下停車場",
        "charging_points": 4,
        "telephone": "27995657",
        "description": "計時/每日(09~21)/50元每小時/每日最高/300元每日，計時/每日(21~09)/10元每小時/每日最高/300元每日"
      }
    },
    {
      "type": "Feature",
      "geometry": {
        "type": "Point",
        "coordinates": [
          121.58771,
          25.04492
        ]
      },
      "properties": {
        "city": "Taipei",
        "station_name": "成德國中運動中心停車場",
        "charging_points": 1,
        "telephone": "022782-5000",
        "description": "免費"
      }
    },
    {
      "type": "Feature",
      "geometry": {
        "type": "Point",
        "coordinates": [
          121.46942,
          25.1192
        ]
      },
      "properties": {
        "city": "Taipei",
        "station_name": "關渡自然公園停車場",
        "charging_points": 1,
        "telephone": "0228587417",
        "description": "計時/每日/40元每小時，未滿半小時以20元計算"
      }
    },
    {
      "type": "Feature",
      "geometry": {
        "type": "Point",
        "coordinates": [
          121.60451,
          25.06277
        ]
      },
      "properties": {
        "city": "Taipei",
        "station_name": "內湖垃圾焚化廠停車場",
        "charging_points": 2,
        "telephone": "0227961833",
        "description": "計時/每日/每小時20元"
      }
    },
    {
      "type": "Feature",
      "geometry": {
        "type": "Point",
        "coordinates": [
          121.55631,
          24.97964
        ]
      },
      "properties": {
        "city": "Taipei",
        "station_name": "力行停車場",
        "charging_points": 1,
        "telephone": "7715-2938",
        "description": "平日$15/半小時，假日$15/半小時(入場12小時最高$180)"
      }
    },
    {
      "type": "Feature",
      "geometry": {
        "type": "Point",
        "coordinates": [
          121.55702,
          25.04617
        ]
      },
      "properties": {
        "city": "Taipei",
        "station_name": "台灣聯通延吉好室停車場",
        "charging_points": 2,
        "telephone": "0225235000",
        "description": "計時/每日/100元每小時,全程以半小時計"
      }
    },
    {
      "type": "Feature",
      "geometry": {
        "type": "Point",
        "coordinates": [
          121.51837,
          25.09583
        ]
      },
      "properties": {
        "city": "Taipei",
        "station_name": "臺北市立天文科學教育館地下及戶外平面停車場",
        "charging_points": 6,
        "telephone": "0228314551",
        "description": "計時/每日/30 元每小時  "
      }
    },
    {
      "type": "Feature",
      "geometry": {
        "type": "Point",
        "coordinates": [
          121.48984,
          25.02977
        ]
      },
      "properties": {
        "city": "Taipei",
        "station_name": "環南市場停車場",
        "charging_points": 36,
        "telephone": "2362-1685",
        "description": "汽車臨停半小時15元"
      }
    },
    {
      "type": "Feature",
      "geometry": {
        "type": "Point",
        "coordinates": [
          121.49643,
          25.02851
        ]
      },
      "properties": {
        "city": "Taipei",
        "station_name": "華江高中活動中心地下停車場",
        "charging_points": 1,
        "telephone": "2339-6689",
        "description": "免費"
      }
    },
    {
      "type": "Feature",
      "geometry": {
        "type": "Point",
        "coordinates": [
          121.51756,
          25.04701
        ]
      },
      "properties": {
        "city": "Taipei",
        "station_name": "台北車站K區地下街停車場",
        "charging_points": 2,
        "telephone": "2314-1219",
        "description": "計時/每日/50元每小時/每日最高360元每日"
      }
    },
    {
      "type": "Feature",
      "geometry": {
        "type": "Point",
        "coordinates": [
          121.52895,
          25.01131
        ]
      },
      "properties": {
        "city": "Taipei",
        "station_name": "水岸停車場",
        "charging_points": 3,
        "telephone": "8369-5098",
        "description": "計時/平日/30元每小時，計時/假日/50元每小時\n"
      }
    },
    {
      "type": "Feature",
      "geometry": {
        "type": "Point",
        "coordinates": [
          121.51662,
          25.04786
        ]
      },
      "properties": {
        "city": "Taipei",
        "station_name": "臺北車站西區地下停車場",
        "charging_points": 2,
        "telephone": "2799-5657",
        "description": "計時/平日/60元每小時/每日最高/500元每日,計時/假日/70元每小時/每日最高/500元每日"
      }
    },
    {
      "type": "Feature",
      "geometry": {
        "type": "Point",
        "coordinates": [
          121.51769,
          25.04769
        ]
      },
      "properties": {
        "city": "Taipei",
        "station_name": "臺北車站東區地下停車場",
        "charging_points": 2,
        "telephone": "2799-5657",
        "description": "計時/平日/60元每小時/每日最高/500元每日,計時/假日/70元每小時/每日最高/500元每日"
      }
    },
    {
      "type": "Feature",
      "geometry": {
        "type": "Point",
        "coordinates": [
          121.55254,
          25.04908
        ]
      },
      "properties": {
        "city": "Taipei",
        "station_name": "北寧路地下停車場",
        "charging_points": 2,
        "telephone": "0227995657",
        "description": "計時/每日/40元/時(09:00~21:00)，夜間時段30元/時(21:00~09:00)，每12小時最高280元"
      }
    },
    {
      "type": "Feature",
      "geometry": {
        "type": "Point",
        "coordinates": [
          121.5595,
          25.04199
        ]
      },
      "properties": {
        "city": "Taipei",
        "station_name": "臺北大巨蛋園區停車場",
        "charging_points": 20,
        "telephone": "0222461708",
        "description": "平日：小客車$30元/每半小時，假日/活動日：小客車$35元/每半小時"
      }
    },
    {
      "type": "Feature",
      "geometry": {
        "type": "Point",
        "coordinates": [
          121.55086,
          25.01612
        ]
      },
      "properties": {
        "city": "Taipei",
        "station_name": "助安企業股份有限公司黎元停車場",
        "charging_points": 2,
        "telephone": "2754-6661",
        "description": "40/1H"
      }
    },
    {
      "type": "Feature",
      "geometry": {
        "type": "Point",
        "coordinates": [
          121.5531,
          25.01411
        ]
      },
      "properties": {
        "city": "Taipei",
        "station_name": "助安企業股份有限公司辛亥路高架橋下停車場",
        "charging_points": 3,
        "telephone": "2754-6661",
        "description": "40/1H"
      }
    },
    {
      "type": "Feature",
      "geometry": {
        "type": "Point",
        "coordinates": [
          121.54749,
          25.03297
        ]
      },
      "properties": {
        "city": "Taipei",
        "station_name": "168停車聯盟-中華信義場",
        "charging_points": 1,
        "telephone": "27546661",
        "description": "50"
      }
    },
    {
      "type": "Feature",
      "geometry": {
        "type": "Point",
        "coordinates": [
          121.56966,
          24.98955
        ]
      },
      "properties": {
        "city": "Taipei",
        "station_name": "臺北市文山區行政中心停車場",
        "charging_points": 3,
        "telephone": "",
        "description": "計時/每日/30元每小時"
      }
    },
    {
      "type": "Feature",
      "geometry": {
        "type": "Point",
        "coordinates": [
          121.58393,
          25.0007
        ]
      },
      "properties": {
        "city": "Taipei",
        "station_name": "嘟嘟房捷運木柵機廠站停車場",
        "charging_points": 14,
        "telephone": "0225573722",
        "description": "120 元/次"
      }
    },
    {
      "type": "Feature",
      "geometry": {
        "type": "Point",
        "coordinates": [
          121.56632,
          24.98923
        ]
      },
      "properties": {
        "city": "Taipei",
        "station_name": "木柵社會住宅地下停車場",
        "charging_points": 2,
        "telephone": "",
        "description": "週一至週五20元/時，週六至週日及行政機關放假之紀念日、民俗節日30元/時"
      }
    },
    {
      "type": "Feature",
      "geometry": {
        "type": "Point",
        "coordinates": [
          121.57877,
          24.99736
        ]
      },
      "properties": {
        "city": "Taipei",
        "station_name": "嘟嘟房動物園站停車場",
        "charging_points": 3,
        "telephone": "0225573722",
        "description": "平日：10元/小時，假日：06:00-22:00時60元/小時；22:00-06:00時10元/小時"
      }
    },
    {
      "type": "Feature",
      "geometry": {
        "type": "Point",
        "coordinates": [
          121.5033,
          25.08899
        ]
      },
      "properties": {
        "city": "Taipei",
        "station_name": "永平社會住宅地下停車場",
        "charging_points": 1,
        "telephone": "0227546661",
        "description": "月租2200"
      }
    },
    {
      "type": "Feature",
      "geometry": {
        "type": "Point",
        "coordinates": [
          121.54534,
          25.04045
        ]
      },
      "properties": {
        "city": "Taipei",
        "station_name": "168停車聯盟-大安場",
        "charging_points": 1,
        "telephone": "27546661",
        "description": "150"
      }
    },
    {
      "type": "Feature",
      "geometry": {
        "type": "Point",
        "coordinates": [
          121.54553,
          25.06043
        ]
      },
      "properties": {
        "city": "Taipei",
        "station_name": "中山國中站",
        "charging_points": 6,
        "telephone": "02-26550818",
        "description": "充電車位6格，充電樁6座"
      }
    },
    {
      "type": "Feature",
      "geometry": {
        "type": "Point",
        "coordinates": [
          121.52643,
          25.05223
        ]
      },
      "properties": {
        "city": "Taipei",
        "station_name": "林森公園站",
        "charging_points": 17,
        "telephone": "02-26550818",
        "description": "充電車位17格，充電樁17座"
      }
    },
    {
      "type": "Feature",
      "geometry": {
        "type": "Point",
        "coordinates": [
          121.59264,
          25.0532
        ]
      },
      "properties": {
        "city": "Taipei",
        "station_name": "玉成國小站",
        "charging_points": 6,
        "telephone": "02-26550818",
        "description": "充電車位6格，充電樁6座"
      }
    },
    {
      "type": "Feature",
      "geometry": {
        "type": "Point",
        "coordinates": [
          121.56637,
          25.03701
        ]
      },
      "properties": {
        "city": "Taipei",
        "station_name": "松壽廣場站",
        "charging_points": 8,
        "telephone": "02-26550818",
        "description": "充電車位8格，充電樁8座"
      }
    },
    {
      "type": "Feature",
      "geometry": {
        "type": "Point",
        "coordinates": [
          121.52261,
          25.10303
        ]
      },
      "properties": {
        "city": "Taipei",
        "station_name": "捷運芝山站",
        "charging_points": 5,
        "telephone": "02-26550818",
        "description": "充電車位5格，充電樁5座"
      }
    },
    {
      "type": "Feature",
      "geometry": {
        "type": "Point",
        "coordinates": [
          121.47319,
          25.13102
        ]
      },
      "properties": {
        "city": "Taipei",
        "station_name": "捷運忠義站",
        "charging_points": 1,
        "telephone": "02-26550818",
        "description": "充電車位1格，充電樁1座"
      }
    },
    {
      "type": "Feature",
      "geometry": {
        "type": "Point",
        "coordinates": [
          121.5062,
          25.12094
        ]
      },
      "properties": {
        "city": "Taipei",
        "station_name": "捷運唭哩岸站",
        "charging_points": 1,
        "telephone": "02-26550818",
        "description": "充電車位1格，充電樁1座"
      }
    },
    {
      "type": "Feature",
      "geometry": {
        "type": "Point",
        "coordinates": [
          121.51607,
          25.11385
        ]
      },
      "properties": {
        "city": "Taipei",
        "station_name": "捷運石牌站",
        "charging_points": 1,
        "telephone": "02-26550818",
        "description": "充電車位1格，充電樁1座"
      }
    },
    {
      "type": "Feature",
      "geometry": {
        "type": "Point",
        "coordinates": [
          121.49853,
          25.13177
        ]
      },
      "properties": {
        "city": "Taipei",
        "station_name": "捷運北投站",
        "charging_points": 2,
        "telephone": "02-26550818",
        "description": "充電車位2格，充電樁2座"
      }
    },
    {
      "type": "Feature",
      "geometry": {
        "type": "Point",
        "coordinates": [
          121.5022,
          25.13699
        ]
      },
      "properties": {
        "city": "Taipei",
        "station_name": "捷運新北投站",
        "charging_points": 1,
        "telephone": "02-26550818",
        "description": "充電車位1格，充電樁1座"
      }
    },
    {
      "type": "Feature",
      "geometry": {
        "type": "Point",
        "coordinates": [
          121.53714,
          25.06028
        ]
      },
      "properties": {
        "city": "Taipei",
        "station_name": "建國高架站A區",
        "charging_points": 2,
        "telephone": "02-26550818",
        "description": "充電車位2格，充電樁2座"
      }
    },
    {
      "type": "Feature",
      "geometry": {
        "type": "Point",
        "coordinates": [
          121.53714,
          25.06028
        ]
      },
      "properties": {
        "city": "Taipei",
        "station_name": "建國高架站C區",
        "charging_points": 3,
        "telephone": "02-26550818",
        "description": "充電車位3格，充電樁3座"
      }
    },
    {
      "type": "Feature",
      "geometry": {
        "type": "Point",
        "coordinates": [
          121.53714,
          25.06028
        ]
      },
      "properties": {
        "city": "Taipei",
        "station_name": "建國高架站D區",
        "charging_points": 3,
        "telephone": "02-26550818",
        "description": "充電車位3格，充電樁3座"
      }
    },
    {
      "type": "Feature",
      "geometry": {
        "type": "Point",
        "coordinates": [
          121.53714,
          25.06028
        ]
      },
      "properties": {
        "city": "Taipei",
        "station_name": "建國高架站E區",
        "charging_points": 3,
        "telephone": "02-26550818",
        "description": "充電車位3格，充電樁3座"
      }
    },
    {
      "type": "Feature",
      "geometry": {
        "type": "Point",
        "coordinates": [
          121.53714,
          25.06028
        ]
      },
      "properties": {
        "city": "Taipei",
        "station_name": "建國高架站G區",
        "charging_points": 6,
        "telephone": "02-26550818",
        "description": "充電車位6格，充電樁6座"
      }
    },
    {
      "type": "Feature",
      "geometry": {
        "type": "Point",
        "coordinates": [
          121.53714,
          25.06028
        ]
      },
      "properties": {
        "city": "Taipei",
        "station_name": "建國高架站H區",
        "charging_points": 6,
        "telephone": "02-26550818",
        "description": "充電車位6格，充電樁6座"
      }
    },
    {
      "type": "Feature",
      "geometry": {
        "type": "Point",
        "coordinates": [
          121.53714,
          25.06028
        ]
      },
      "properties": {
        "city": "Taipei",
        "station_name": "建國高架站IB區",
        "charging_points": 1,
        "telephone": "02-26550818",
        "description": "充電車位1格，充電樁1座"
      }
    },
    {
      "type": "Feature",
      "geometry": {
        "type": "Point",
        "coordinates": [
          121.53714,
          25.06028
        ]
      },
      "properties": {
        "city": "Taipei",
        "station_name": "建國高架站J區",
        "charging_points": 1,
        "telephone": "02-26550818",
        "description": "充電車位1格，充電樁1座"
      }
    },
    {
      "type": "Feature",
      "geometry": {
        "type": "Point",
        "coordinates": [
          121.53714,
          25.06028
        ]
      },
      "properties": {
        "city": "Taipei",
        "station_name": "建國高架站O區",
        "charging_points": 2,
        "telephone": "02-26550818",
        "description": "充電車位2格，充電樁2座"
      }
    },
    {
      "type": "Feature",
      "geometry": {
        "type": "Point",
        "coordinates": [
          121.52428,
          25.04798
        ]
      },
      "properties": {
        "city": "Taipei",
        "station_name": "市民大道-中林站",
        "charging_points": 10,
        "telephone": "02-26550818",
        "description": "充電車位10格，充電樁10座"
      }
    },
    {
      "type": "Feature",
      "geometry": {
        "type": "Point",
        "coordinates": [
          121.53058,
          25.04628
        ]
      },
      "properties": {
        "city": "Taipei",
        "station_name": "市民大道-林金站",
        "charging_points": 19,
        "telephone": "02-26550818",
        "description": "充電車位19格，充電樁19座"
      }
    },
    {
      "type": "Feature",
      "geometry": {
        "type": "Point",
        "coordinates": [
          121.52476,
          25.08461
        ]
      },
      "properties": {
        "city": "Taipei",
        "station_name": "捷運士林站",
        "charging_points": 2,
        "telephone": "02-26550818",
        "description": "充電車位2格，充電樁2座"
      }
    },
    {
      "type": "Feature",
      "geometry": {
        "type": "Point",
        "coordinates": [
          121.50224,
          25.13673
        ]
      },
      "properties": {
        "city": "Taipei",
        "station_name": "七星公園站",
        "charging_points": 6,
        "telephone": "02-26550818",
        "description": "充電車位6格，充電樁6座"
      }
    },
    {
      "type": "Feature",
      "geometry": {
        "type": "Point",
        "coordinates": [
          121.57195,
          25.04982
        ]
      },
      "properties": {
        "city": "Taipei",
        "station_name": "八德立體站",
        "charging_points": 7,
        "telephone": "02-26550818",
        "description": "充電車位7格，充電樁7座"
      }
    },
    {
      "type": "Feature",
      "geometry": {
        "type": "Point",
        "coordinates": [
          121.61812,
          25.06126
        ]
      },
      "properties": {
        "city": "Taipei",
        "station_name": "捷運內湖機廠站",
        "charging_points": 8,
        "telephone": "02-26550818",
        "description": "充電車位8格，充電樁8座"
      }
    },
    {
      "type": "Feature",
      "geometry": {
        "type": "Point",
        "coordinates": [
          121.5402,
          25.03603
        ]
      },
      "properties": {
        "city": "Taipei",
        "station_name": "附中公園站",
        "charging_points": 2,
        "telephone": "02-26550818",
        "description": "充電車位2格，充電樁2座"
      }
    },
    {
      "type": "Feature",
      "geometry": {
        "type": "Point",
        "coordinates": [
          121.53714,
          25.06028
        ]
      },
      "properties": {
        "city": "Taipei",
        "station_name": "建國高架站",
        "charging_points": 1,
        "telephone": "02-26550818",
        "description": "充電車位1格，充電樁1座"
      }
    },
    {
      "type": "Feature",
      "geometry": {
        "type": "Point",
        "coordinates": [
          121.53714,
          25.06028
        ]
      },
      "properties": {
        "city": "Taipei",
        "station_name": "建國高架站B區",
        "charging_points": 5,
        "telephone": "02-26550818",
        "description": "充電車位5格，充電樁5座"
      }
    },
    {
      "type": "Feature",
      "geometry": {
        "type": "Point",
        "coordinates": [
          121.56299,
          25.03594
        ]
      },
      "properties": {
        "city": "Taipei",
        "station_name": "府前廣場站",
        "charging_points": 40,
        "telephone": "02-26550818",
        "description": "充電車位40格，充電樁40座"
      }
    },
    {
      "type": "Feature",
      "geometry": {
        "type": "Point",
        "coordinates": [
          121.53714,
          25.06028
        ]
      },
      "properties": {
        "city": "Taipei",
        "station_name": "建國高架站F區",
        "charging_points": 1,
        "telephone": "02-26550818",
        "description": "充電車位1格，充電樁1座"
      }
    },
    {
      "type": "Feature",
      "geometry": {
        "type": "Point",
        "coordinates": [
          121.56111,
          25.04858
        ]
      },
      "properties": {
        "city": "Taipei",
        "station_name": "中崙高中站",
        "charging_points": 7,
        "telephone": "02-26550818",
        "description": "充電車位7格，充電樁7座"
      }
    },
    {
      "type": "Feature",
      "geometry": {
        "type": "Point",
        "coordinates": [
          121.5612,
          25.04796
        ]
      },
      "properties": {
        "city": "Taipei",
        "station_name": "偶戲博物館站",
        "charging_points": 2,
        "telephone": "02-26550818",
        "description": "充電車位2格，充電樁2座"
      }
    },
    {
      "type": "Feature",
      "geometry": {
        "type": "Point",
        "coordinates": [
          121.50912,
          25.04289
        ]
      },
      "properties": {
        "city": "Taipei",
        "station_name": "中山堂站",
        "charging_points": 9,
        "telephone": "02-26550818",
        "description": "充電車位9格，充電樁9座"
      }
    },
    {
      "type": "Feature",
      "geometry": {
        "type": "Point",
        "coordinates": [
          121.55668,
          25.04109
        ]
      },
      "properties": {
        "city": "Taipei",
        "station_name": "僑安站",
        "charging_points": 8,
        "telephone": "02-26550818",
        "description": "充電車位8格，充電樁8座"
      }
    },
    {
      "type": "Feature",
      "geometry": {
        "type": "Point",
        "coordinates": [
          121.5627,
          25.05608
        ]
      },
      "properties": {
        "city": "Taipei",
        "station_name": "健康國小站",
        "charging_points": 4,
        "telephone": "02-26550818",
        "description": "充電車位4格，充電樁4座"
      }
    },
    {
      "type": "Feature",
      "geometry": {
        "type": "Point",
        "coordinates": [
          121.5492,
          25.04993
        ]
      },
      "properties": {
        "city": "Taipei",
        "station_name": "台北小巨蛋站",
        "charging_points": 8,
        "telephone": "02-26550818",
        "description": "充電車位8格，充電樁8座"
      }
    },
    {
      "type": "Feature",
      "geometry": {
        "type": "Point",
        "coordinates": [
          121.52055,
          25.04827
        ]
      },
      "properties": {
        "city": "Taipei",
        "station_name": "市民大道-公中站",
        "charging_points": 8,
        "telephone": "02-26550818",
        "description": "充電車位8格，充電樁8座"
      }
    },
    {
      "type": "Feature",
      "geometry": {
        "type": "Point",
        "coordinates": [
          121.51009,
          25.05036
        ]
      },
      "properties": {
        "city": "Taipei",
        "station_name": "市民大道-塔城站",
        "charging_points": 8,
        "telephone": "02-26550818",
        "description": "充電車位8格，充電樁8座"
      }
    },
    {
      "type": "Feature",
      "geometry": {
        "type": "Point",
        "coordinates": [
          121.52257,
          25.08971
        ]
      },
      "properties": {
        "city": "Taipei",
        "station_name": "承德公園站",
        "charging_points": 4,
        "telephone": "02-26550818",
        "description": "充電車位4格，充電樁4座"
      }
    },
    {
      "type": "Feature",
      "geometry": {
        "type": "Point",
        "coordinates": [
          121.51171,
          25.01547
        ]
      },
      "properties": {
        "city": "NewTaipei",
        "station_name": "THPS",
        "charging_points": 2,
        "telephone": "0229212058",
        "description": "充電車位2格，充電樁2座(J1772 TYPE1)，位於B1樓層之52、53停車格，皆為慢速充電規格"
      }
    },
    {
      "type": "Feature",
      "geometry": {
        "type": "Point",
        "coordinates": [
          121.44507,
          24.97891
        ]
      },
      "properties": {
        "city": "NewTaipei",
        "station_name": "新北－土城日月光廣場(B3)",
        "charging_points": 6,
        "telephone": "0809007518",
        "description": "充電車位6格"
      }
    },
    {
      "type": "Feature",
      "geometry": {
        "type": "Point",
        "coordinates": [
          121.46351,
          25.02681
        ]
      },
      "properties": {
        "city": "NewTaipei",
        "station_name": "新埔國小地下停車場",
        "charging_points": 2,
        "telephone": "0277287300",
        "description": "Noodoe EV 提供最以待客為中心的 EV 充電解決方案。不適用環島充電網會員免費充電方案"
      }
    },
    {
      "type": "Feature",
      "geometry": {
        "type": "Point",
        "coordinates": [
          121.46359,
          25.05196
        ]
      },
      "properties": {
        "city": "NewTaipei",
        "station_name": "頭前平面停車場充電站",
        "charging_points": 2,
        "telephone": "0229907400",
        "description": "充電費率每度10 元，充電插頭 J-1772，充電格位數1"
      }
    },
    {
      "type": "Feature",
      "geometry": {
        "type": "Point",
        "coordinates": [
          121.4593,
          25.0584
        ]
      },
      "properties": {
        "city": "NewTaipei",
        "station_name": "宏匯思源公共停車場",
        "charging_points": 10,
        "telephone": "02-8522-9882",
        "description": "充電車位數-10位(1~10號)、充電樁數目-10隻、充電槍規格及數量-J1772/10隻、充電停車位費率-每小時40元，最高上限200元、充電費率-7.5/度、充電服務時間-24th、充電樁位於之樓層-B1樓層"
      }
    },
    {
      "type": "Feature",
      "geometry": {
        "type": "Point",
        "coordinates": [
          121.367874,
          25.068695
        ]
      },
      "properties": {
        "city": "NewTaipei",
        "station_name": "麗林國小停車場",
        "charging_points": 2,
        "telephone": "02-26008457",
        "description": "充電車位 2 格，充電樁 2 座，J1772*2，位於地下停車場：46、47停車格"
      }
    },
    {
      "type": "Feature",
      "geometry": {
        "type": "Point",
        "coordinates": [
          121.38115,
          25.09043
        ]
      },
      "properties": {
        "city": "NewTaipei",
        "station_name": "林口展悅CEO豪辦站",
        "charging_points": 3,
        "telephone": "02-86018535",
        "description": "充電車位 3 格，充電樁 3 座，J1772 * 3"
      }
    },
    {
      "type": "Feature",
      "geometry": {
        "type": "Point",
        "coordinates": [
          121.4772117247948,
          25.0050707485185
        ]
      },
      "properties": {
        "city": "NewTaipei",
        "station_name": "DARA-聯通雙和慈濟站",
        "charging_points": 2,
        "telephone": "0225235000",
        "description": "\r\n      "
      }
    },
    {
      "type": "Feature",
      "geometry": {
        "type": "Point",
        "coordinates": [
          121.4492492675781,
          25.05928993225098
        ]
      },
      "properties": {
        "city": "NewTaipei",
        "station_name": "DARA-宏匯廣場站",
        "charging_points": 14,
        "telephone": "0285128366",
        "description": "\r\n      "
      }
    },
    {
      "type": "Feature",
      "geometry": {
        "type": "Point",
        "coordinates": [
          121.65862,
          25.064318
        ]
      },
      "properties": {
        "city": "NewTaipei",
        "station_name": "汐止區公所",
        "charging_points": 3,
        "telephone": "02-26411111",
        "description": "立體式，小型車計時20元，小型車月租2500元"
      }
    },
    {
      "type": "Feature",
      "geometry": {
        "type": "Point",
        "coordinates": [
          121.459698,
          25.007714
        ]
      },
      "properties": {
        "city": "NewTaipei",
        "station_name": "板橋中山停車場",
        "charging_points": 1,
        "telephone": "03-5285025",
        "description": "充電車位1格，J1772*1"
      }
    },
    {
      "type": "Feature",
      "geometry": {
        "type": "Point",
        "coordinates": [
          121.64068,
          25.06577
        ]
      },
      "properties": {
        "city": "NewTaipei",
        "station_name": "忠厚地下停車場",
        "charging_points": 2,
        "telephone": "26437872",
        "description": "充電車位2格"
      }
    },
    {
      "type": "Feature",
      "geometry": {
        "type": "Point",
        "coordinates": [
          121.80509,
          25.13457
        ]
      },
      "properties": {
        "city": "NewTaipei",
        "station_name": "俥亭停車事業瑞芳八斗子營業所",
        "charging_points": 1,
        "telephone": "02-24257730",
        "description": "臨時停車場"
      }
    },
    {
      "type": "Feature",
      "geometry": {
        "type": "Point",
        "coordinates": [
          121.4940065,
          24.9931734
        ]
      },
      "properties": {
        "city": "NewTaipei",
        "station_name": "雙和醫院停車場",
        "charging_points": 6,
        "telephone": "02-22432965",
        "description": "充電車位 6 格,充電樁 6 座,位於B3樓層之 196、197、198、223、224、225 停車格,皆為慢速充電規格。"
      }
    },
    {
      "type": "Feature",
      "geometry": {
        "type": "Point",
        "coordinates": [
          121.49418,
          24.991234
        ]
      },
      "properties": {
        "city": "NewTaipei",
        "station_name": "雙和醫院二停車場",
        "charging_points": 6,
        "telephone": "02-22436083",
        "description": "充電車位 6 格,充電樁 6 座, 台達電AC充電樁,位於 1 樓之 57、58、59、60、61、62 停車格, 皆為慢充"
      }
    },
    {
      "type": "Feature",
      "geometry": {
        "type": "Point",
        "coordinates": [
          121.467434,
          25.014509
        ]
      },
      "properties": {
        "city": "NewTaipei",
        "station_name": "板橋大遠百",
        "charging_points": 8,
        "telephone": "",
        "description": "本站目前共有6樁 30kW 充電樁；2樁 7kW充電樁。"
      }
    },
    {
      "type": "Feature",
      "geometry": {
        "type": "Point",
        "coordinates": [
          121.45414344223347,
          24.9956997136522
        ]
      },
      "properties": {
        "city": "NewTaipei",
        "station_name": "亞東科技大學地下停車場",
        "charging_points": 2,
        "telephone": "",
        "description": "本站目前共有2樁 30kW 充電樁"
      }
    },
    {
      "type": "Feature",
      "geometry": {
        "type": "Point",
        "coordinates": [
          121.45717901,
          24.98598325
        ]
      },
      "properties": {
        "city": "NewTaipei",
        "station_name": "土城國民運動中心",
        "charging_points": 2,
        "telephone": "03-5775036",
        "description": "充電車位2格，充電樁2座"
      }
    },
    {
      "type": "Feature",
      "geometry": {
        "type": "Point",
        "coordinates": [
          121.48819565,
          25.05491803
        ]
      },
      "properties": {
        "city": "NewTaipei",
        "station_name": "三重國民運動中心",
        "charging_points": 2,
        "telephone": "03-5775036",
        "description": "充電車位2格，充電樁2座"
      }
    },
    {
      "type": "Feature",
      "geometry": {
        "type": "Point",
        "coordinates": [
          121.46446,
          25.09157
        ]
      },
      "properties": {
        "city": "NewTaipei",
        "station_name": "捷運蘆洲站",
        "charging_points": 2,
        "telephone": "02-26550818",
        "description": "充電車位2格，充電樁2座"
      }
    },
    {
      "type": "Feature",
      "geometry": {
        "type": "Point",
        "coordinates": [
          121.45903,
          25.15475
        ]
      },
      "properties": {
        "city": "NewTaipei",
        "station_name": "捷運紅樹林站",
        "charging_points": 6,
        "telephone": "02-26550818",
        "description": "充電車位6格，充電樁6座"
      }
    },
    {
      "type": "Feature",
      "geometry": {
        "type": "Point",
        "coordinates": [
          121.43273,
          25.17477
        ]
      },
      "properties": {
        "city": "NewTaipei",
        "station_name": "捷運淡水站",
        "charging_points": 12,
        "telephone": "02-26550818",
        "description": "充電車位12格，充電樁12座"
      }
    },
    {
      "type": "Feature",
      "geometry": {
        "type": "Point",
        "coordinates": [
          121.4708,
          25.08145
        ]
      },
      "properties": {
        "city": "NewTaipei",
        "station_name": "蘆洲功學社站",
        "charging_points": 1,
        "telephone": "02-26550818",
        "description": "充電車位1格，充電樁1座"
      }
    },
    {
      "type": "Feature",
      "geometry": {
        "type": "Point",
        "coordinates": [
          121.63807,
          25.07461
        ]
      },
      "properties": {
        "city": "NewTaipei",
        "station_name": "新北－汐止日月光家飾館",
        "charging_points": 9,
        "telephone": "0809007518",
        "description": "充電格位數9"
      }
    },
    {
      "type": "Feature",
      "geometry": {
        "type": "Point",
        "coordinates": [
          121.47482,
          25.00622
        ]
      },
      "properties": {
        "city": "NewTaipei",
        "station_name": "新北－中和環球購物中心",
        "charging_points": 8,
        "telephone": "0809007518",
        "description": "充電格位數8"
      }
    },
    {
      "type": "Feature",
      "geometry": {
        "type": "Point",
        "coordinates": [
          121.54005,
          24.9852
        ]
      },
      "properties": {
        "city": "NewTaipei",
        "station_name": "新北－新店",
        "charging_points": 4,
        "telephone": "0809007518",
        "description": "充電格位數4"
      }
    },
    {
      "type": "Feature",
      "geometry": {
        "type": "Point",
        "coordinates": [
          121.44455,
          24.97961
        ]
      },
      "properties": {
        "city": "NewTaipei",
        "station_name": "新北－土城日月光廣場",
        "charging_points": 4,
        "telephone": "0809007518",
        "description": "充電格位數4"
      }
    },
    {
      "type": "Feature",
      "geometry": {
        "type": "Point",
        "coordinates": [
          121.47518,
          25.07139
        ]
      },
      "properties": {
        "city": "NewTaipei",
        "station_name": "新北－三重愛買",
        "charging_points": 6,
        "telephone": "0809007518",
        "description": "充電格位數6"
      }
    },
    {
      "type": "Feature",
      "geometry": {
        "type": "Point",
        "coordinates": [
          121.42868,
          25.17628
        ]
      },
      "properties": {
        "city": "NewTaipei",
        "station_name": "新北－滬尾藝文休閒園區",
        "charging_points": 10,
        "telephone": "0809007518",
        "description": "充電格位數10"
      }
    },
    {
      "type": "Feature",
      "geometry": {
        "type": "Point",
        "coordinates": [
          121.44638,
          25.05149
        ]
      },
      "properties": {
        "city": "NewTaipei",
        "station_name": "新北－新莊",
        "charging_points": 6,
        "telephone": "0809007518",
        "description": "充電格位數6"
      }
    },
    {
      "type": "Feature",
      "geometry": {
        "type": "Point",
        "coordinates": [
          121.47495,
          25.00673
        ]
      },
      "properties": {
        "city": "NewTaipei",
        "station_name": "新北 - 中和環球購物中心",
        "charging_points": 9,
        "telephone": "0809007518",
        "description": "充電格位數9"
      }
    },
    {
      "type": "Feature",
      "geometry": {
        "type": "Point",
        "coordinates": [
          121.36144,
          25.06606
        ]
      },
      "properties": {
        "city": "NewTaipei",
        "station_name": "林口A9環球購物中心",
        "charging_points": 3,
        "telephone": "0809007518",
        "description": "充電格位數3"
      }
    },
    {
      "type": "Feature",
      "geometry": {
        "type": "Point",
        "coordinates": [
          121.60162,
          25.27652
        ]
      },
      "properties": {
        "city": "NewTaipei",
        "station_name": "新北 - 黃金海岸高爾夫球場",
        "charging_points": 3,
        "telephone": "0809007518",
        "description": "充電格位數3"
      }
    },
    {
      "type": "Feature",
      "geometry": {
        "type": "Point",
        "coordinates": [
          121.54757,
          24.87175
        ]
      },
      "properties": {
        "city": "NewTaipei",
        "station_name": "璞石麗緻溫泉會館",
        "charging_points": 3,
        "telephone": "0809007518",
        "description": "充電格位數3"
      }
    },
    {
      "type": "Feature",
      "geometry": {
        "type": "Point",
        "coordinates": [
          121.4763,
          25.0715
        ]
      },
      "properties": {
        "city": "NewTaipei",
        "station_name": "新北－三重愛買",
        "charging_points": 4,
        "telephone": "0809007518",
        "description": "充電格位數4"
      }
    },
    {
      "type": "Feature",
      "geometry": {
        "type": "Point",
        "coordinates": [
          121.37291,
          24.94085
        ]
      },
      "properties": {
        "city": "NewTaipei",
        "station_name": "新北－三峽",
        "charging_points": 9,
        "telephone": "0809007518",
        "description": "充電格位數9"
      }
    },
    {
      "type": "Feature",
      "geometry": {
        "type": "Point",
        "coordinates": [
          121.47478,
          25.08317
        ]
      },
      "properties": {
        "city": "NewTaipei",
        "station_name": "168parking 蘆洲三民停車場",
        "charging_points": 4,
        "telephone": "0809007518",
        "description": "充電格位數4"
      }
    },
    {
      "type": "Feature",
      "geometry": {
        "type": "Point",
        "coordinates": [
          121.36089,
          25.06651
        ]
      },
      "properties": {
        "city": "NewTaipei",
        "station_name": "新北－林口亞昕福朋喜來登酒店",
        "charging_points": 4,
        "telephone": "0809007518",
        "description": "充電格位數4"
      }
    },
    {
      "type": "Feature",
      "geometry": {
        "type": "Point",
        "coordinates": [
          121.42962,
          25.15936
        ]
      },
      "properties": {
        "city": "NewTaipei",
        "station_name": "新北 - 八里福朋喜來登酒店",
        "charging_points": 4,
        "telephone": "0809007518",
        "description": "充電格位數4"
      }
    },
    {
      "type": "Feature",
      "geometry": {
        "type": "Point",
        "coordinates": [
          121.47212,
          25.04855
        ]
      },
      "properties": {
        "city": "NewTaipei",
        "station_name": "美麗人生產後護理之家",
        "charging_points": 2,
        "telephone": "0809007518",
        "description": "充電格位數2"
      }
    },
    {
      "type": "Feature",
      "geometry": {
        "type": "Point",
        "coordinates": [
          121.457105,
          25.06329
        ]
      },
      "properties": {
        "city": "NewTaipei",
        "station_name": "充電飽_新北產業園區服務中心站",
        "charging_points": 2,
        "telephone": "(02)8791-0021",
        "description": "充電費率每度8元。充電插頭J-1772。充電格位數2"
      }
    },
    {
      "type": "Feature",
      "geometry": {
        "type": "Point",
        "coordinates": [
          121.6335611,
          25.0562271
        ]
      },
      "properties": {
        "city": "NewTaipei",
        "station_name": "好市多汐止店B1充電站",
        "charging_points": 14,
        "telephone": "02-77518097",
        "description": "充電費率每度 8 元。充電插頭 J-1772/TYPE2。充電格位數量 14"
      }
    },
    {
      "type": "Feature",
      "geometry": {
        "type": "Point",
        "coordinates": [
          121.4924039,
          25.0017206
        ]
      },
      "properties": {
        "city": "NewTaipei",
        "station_name": "好市多中和店B1充電站",
        "charging_points": 14,
        "telephone": "02-77518097",
        "description": "充電費率每度 8 元。充電插頭 J-1772/TYPE2。充電格位數量 14"
      }
    },
    {
      "type": "Feature",
      "geometry": {
        "type": "Point",
        "coordinates": [
          121.4577385,
          25.0229371
        ]
      },
      "properties": {
        "city": "NewTaipei",
        "station_name": "新北市板橋國民運動中心B1充電站",
        "charging_points": 5,
        "telephone": "02-77518097",
        "description": "充電費率每分鐘 1.25 元。充電插頭 J-1772/TYPE2。充電格位數量 5"
      }
    },
    {
      "type": "Feature",
      "geometry": {
        "type": "Point",
        "coordinates": [
          121.4341007,
          25.027198
        ]
      },
      "properties": {
        "city": "NewTaipei",
        "station_name": "好市多新莊店4F充電站",
        "charging_points": 14,
        "telephone": "02-77518097",
        "description": "充電費率每度 8 元。充電插頭 J-1772/TYPE2。充電格位數量 14"
      }
    },
    {
      "type": "Feature",
      "geometry": {
        "type": "Point",
        "coordinates": [
          121.496062,
          25.0017136
        ]
      },
      "properties": {
        "city": "NewTaipei",
        "station_name": "24TPS 永固便利停（南山威力站）",
        "charging_points": 6,
        "telephone": "02-77518097",
        "description": "充電費率每分鐘 1 元。充電插頭 J-1772。充電格位數量 6"
      }
    },
    {
      "type": "Feature",
      "geometry": {
        "type": "Point",
        "coordinates": [
          121.499242,
          25.00361
        ]
      },
      "properties": {
        "city": "NewTaipei",
        "station_name": "大潤發中和店",
        "charging_points": 6,
        "telephone": "02-77518097",
        "description": "充電費率每分鐘 1.25 元。充電插頭 J-1772。充電格位數量 6"
      }
    },
    {
      "type": "Feature",
      "geometry": {
        "type": "Point",
        "coordinates": [
          121.4468134,
          25.0573342
        ]
      },
      "properties": {
        "city": "NewTaipei",
        "station_name": "新莊典華B2充電站",
        "charging_points": 2,
        "telephone": "02-77518097",
        "description": "充電費率每分鐘 1.25 元。充電插頭 J-1772/TYPE2。充電格位數量 2"
      }
    },
    {
      "type": "Feature",
      "geometry": {
        "type": "Point",
        "coordinates": [
          121.496443,
          25.056557
        ]
      },
      "properties": {
        "city": "NewTaipei",
        "station_name": "新北市三重區三光國民小學",
        "charging_points": 2,
        "telephone": "0800-885-150",
        "description": "停車位:2 充電樁數量:2 停車費:免費 費率:計度/固定/10元每度 樓層:B1"
      }
    },
    {
      "type": "Feature",
      "geometry": {
        "type": "Point",
        "coordinates": [
          121.507555,
          25.007919
        ]
      },
      "properties": {
        "city": "NewTaipei",
        "station_name": "新北永和比漾廣場",
        "charging_points": 2,
        "telephone": "0800-885-150",
        "description": "停車位:1 充電樁數量:2 停車費:50元/小時 (依現場為準) 費率:計度/固定/8元每度 樓層:B5"
      }
    },
    {
      "type": "Feature",
      "geometry": {
        "type": "Point",
        "coordinates": [
          121.363891,
          25.071507
        ]
      },
      "properties": {
        "city": "NewTaipei",
        "station_name": "MITSUI OUTLET PARK 林口Ⅰ館",
        "charging_points": 20,
        "telephone": "0800-885-150",
        "description": "停車位:18 充電樁數量:20 停車費:依現場為準 費率:計度/固定/8.8元每度 樓層:3F"
      }
    },
    {
      "type": "Feature",
      "geometry": {
        "type": "Point",
        "coordinates": [
          121.380713,
          25.086989
        ]
      },
      "properties": {
        "city": "NewTaipei",
        "station_name": "新北市林口國民運動中心",
        "charging_points": 2,
        "telephone": "0800-885-150",
        "description": "停車位:2 充電樁數量:2 停車費:20元/時 費率:計度/固定/7.5元每度 樓層:B2"
      }
    },
    {
      "type": "Feature",
      "geometry": {
        "type": "Point",
        "coordinates": [
          121.51074,
          24.959752
        ]
      },
      "properties": {
        "city": "NewTaipei",
        "station_name": "新北市青少年圖書館",
        "charging_points": 2,
        "telephone": "0800-885-150",
        "description": "停車位:2 充電樁數量:2 停車費:30元/時 費率:計度/固定/8元每度 樓層:B2"
      }
    },
    {
      "type": "Feature",
      "geometry": {
        "type": "Point",
        "coordinates": [
          121.459033,
          25.057376
        ]
      },
      "properties": {
        "city": "NewTaipei",
        "station_name": "宏匯思源i-Tower大樓",
        "charging_points": 7,
        "telephone": "0800-885-150",
        "description": "停車位:1 充電樁數量:7 停車費:40元/時 費率:計度/固定/7.5元每度 樓層:4F"
      }
    },
    {
      "type": "Feature",
      "geometry": {
        "type": "Point",
        "coordinates": [
          121.370433,
          24.935345
        ]
      },
      "properties": {
        "city": "NewTaipei",
        "station_name": "新北三峽公有市場",
        "charging_points": 2,
        "telephone": "0800-885-150",
        "description": "停車位:2 充電樁數量:2 停車費:20元/時 費率:計度/固定/8元每度 樓層:B1"
      }
    },
    {
      "type": "Feature",
      "geometry": {
        "type": "Point",
        "coordinates": [
          121.474213,
          25.003116
        ]
      },
      "properties": {
        "city": "NewTaipei",
        "station_name": "新北民享公有市場",
        "charging_points": 2,
        "telephone": "0800-885-150",
        "description": "停車位:2 充電樁數量:2 停車費:20元/時 費率:免費 樓層:B1"
      }
    },
    {
      "type": "Feature",
      "geometry": {
        "type": "Point",
        "coordinates": [
          121.433439,
          25.056068
        ]
      },
      "properties": {
        "city": "NewTaipei",
        "station_name": "新北泰山公有市場",
        "charging_points": 2,
        "telephone": "0800-885-150",
        "description": "停車位:1 充電樁數量:2 停車費:30元/時 費率:計度/固定/8元每度 樓層:B1"
      }
    },
    {
      "type": "Feature",
      "geometry": {
        "type": "Point",
        "coordinates": [
          121.460467,
          25.050109
        ]
      },
      "properties": {
        "city": "NewTaipei",
        "station_name": "新北捷運幸福站立體停車場",
        "charging_points": 3,
        "telephone": "0800-885-150",
        "description": "停車位:3 充電樁數量:3 停車費:30元/小時 費率:計度/固定/8元每度 樓層:3F"
      }
    },
    {
      "type": "Feature",
      "geometry": {
        "type": "Point",
        "coordinates": [
          121.36461,
          25.067742
        ]
      },
      "properties": {
        "city": "NewTaipei",
        "station_name": "MITSUI OUTLET PARK 林口Ⅱ館",
        "charging_points": 23,
        "telephone": "0800-885-150",
        "description": "停車位:23 充電樁數量:23 停車費:⚠️停車優惠僅限於MITSUI OUTLET PARK 林口當日消費之發票，為利於優惠折抵，請牢記車牌號碼。 1.每消費滿1,000元可折停車1小時，依此類推，請於消費同時，告知車牌號碼進行停車優惠折抵。 2.持永豐三井OUTLET聯名卡可於自動繳費機過卡，即享2小時停車優惠，每日每卡每車僅限優惠乙次。 3.憑威秀影城當日購買之票根，於繳費機掃描QR CODE，即享3小時停車優惠，每日每車限抵扣乙次。 4.以上3項優惠可合併使用，每車每日最高折抵5小時。 費率:計度/固定/8.8元每度 樓層:4F, B1"
      }
    },
    {
      "type": "Feature",
      "geometry": {
        "type": "Point",
        "coordinates": [
          121.479728,
          25.077617
        ]
      },
      "properties": {
        "city": "NewTaipei",
        "station_name": "新北永福國小地下停車場",
        "charging_points": 4,
        "telephone": "0800-885-150",
        "description": "停車位:4 充電樁數量:4 停車費:30元/時 費率:計度/固定/8元每度 樓層:B1"
      }
    },
    {
      "type": "Feature",
      "geometry": {
        "type": "Point",
        "coordinates": [
          121.49847,
          25.074325
        ]
      },
      "properties": {
        "city": "NewTaipei",
        "station_name": "新北龍門公園地下停車場",
        "charging_points": 2,
        "telephone": "0800-885-150",
        "description": "停車位:1 充電樁數量:2 停車費:20元/小時 費率:計度/固定/8元每度 樓層:1F"
      }
    },
    {
      "type": "Feature",
      "geometry": {
        "type": "Point",
        "coordinates": [
          121.479652,
          25.064761
        ]
      },
      "properties": {
        "city": "NewTaipei",
        "station_name": "新北二重國中地下停車場",
        "charging_points": 4,
        "telephone": "0800-885-150",
        "description": "停車位:4 充電樁數量:4 停車費:30元/時 費率:計度/固定/8元每度 樓層:B1"
      }
    },
    {
      "type": "Feature",
      "geometry": {
        "type": "Point",
        "coordinates": [
          121.490182,
          25.071788
        ]
      },
      "properties": {
        "city": "NewTaipei",
        "station_name": "新北厚德國小地下停車場",
        "charging_points": 2,
        "telephone": "0800-885-150",
        "description": "停車位:2 充電樁數量:2 停車費:30元/時 費率:計度/固定/8元每度 樓層:B1"
      }
    },
    {
      "type": "Feature",
      "geometry": {
        "type": "Point",
        "coordinates": [
          121.496408,
          25.080731
        ]
      },
      "properties": {
        "city": "NewTaipei",
        "station_name": "新北五常地下停車場",
        "charging_points": 2,
        "telephone": "0800-885-150",
        "description": "停車位:2 充電樁數量:2 停車費:30元/小時 費率:計度/固定/8元每度 樓層:B1"
      }
    },
    {
      "type": "Feature",
      "geometry": {
        "type": "Point",
        "coordinates": [
          121.484092,
          25.063818
        ]
      },
      "properties": {
        "city": "NewTaipei",
        "station_name": "新北聯邦公園地下停車場",
        "charging_points": 4,
        "telephone": "0800-885-150",
        "description": "停車位:4 充電樁數量:4 停車費:30元/時 費率:計度/固定/8元每度 樓層:B1"
      }
    },
    {
      "type": "Feature",
      "geometry": {
        "type": "Point",
        "coordinates": [
          121.497753,
          25.068702
        ]
      },
      "properties": {
        "city": "NewTaipei",
        "station_name": "新北正義公園地下停車場",
        "charging_points": 4,
        "telephone": "0800-885-150",
        "description": "停車位:3 充電樁數量:4 停車費:平日30元/時，假日40元/時 費率:計度/固定/8元每度 樓層:B1"
      }
    },
    {
      "type": "Feature",
      "geometry": {
        "type": "Point",
        "coordinates": [
          121.490593,
          25.078727
        ]
      },
      "properties": {
        "city": "NewTaipei",
        "station_name": "新北溪美立體停車場",
        "charging_points": 7,
        "telephone": "0800-885-150",
        "description": "停車位:3 充電樁數量:7 停車費:30元/時 費率:計度/固定/8元每度 樓層:B1"
      }
    },
    {
      "type": "Feature",
      "geometry": {
        "type": "Point",
        "coordinates": [
          121.400127,
          25.146544
        ]
      },
      "properties": {
        "city": "NewTaipei",
        "station_name": "新北八里區第一立體停車場",
        "charging_points": 11,
        "telephone": "0800-885-150",
        "description": "停車位:11 充電樁數量:11 停車費:20元/小時 費率:計度/固定/8元每度 樓層:1F"
      }
    },
    {
      "type": "Feature",
      "geometry": {
        "type": "Point",
        "coordinates": [
          121.43953,
          25.083255
        ]
      },
      "properties": {
        "city": "NewTaipei",
        "station_name": "新北五股區工商路立體停車場",
        "charging_points": 6,
        "telephone": "0800-885-150",
        "description": "停車位:6 充電樁數量:6 停車費:平日20元/小時，假日30元/小時 費率:計度/固定/8元每度 樓層:B1"
      }
    },
    {
      "type": "Feature",
      "geometry": {
        "type": "Point",
        "coordinates": [
          121.657151,
          25.064006
        ]
      },
      "properties": {
        "city": "NewTaipei",
        "station_name": "新北智興立體停車場",
        "charging_points": 8,
        "telephone": "0800-885-150",
        "description": "停車位:5 充電樁數量:8 停車費:30元/時 費率:計度/固定/8元每度 樓層:3F"
      }
    },
    {
      "type": "Feature",
      "geometry": {
        "type": "Point",
        "coordinates": [
          121.434631,
          25.062149
        ]
      },
      "properties": {
        "city": "NewTaipei",
        "station_name": "新北楓樹腳公園地下停車場",
        "charging_points": 8,
        "telephone": "0800-885-150",
        "description": "停車位:3 充電樁數量:8 停車費:20元/時 費率:計度/固定/8元每度 樓層:B2"
      }
    },
    {
      "type": "Feature",
      "geometry": {
        "type": "Point",
        "coordinates": [
          121.427472,
          25.050096
        ]
      },
      "properties": {
        "city": "NewTaipei",
        "station_name": "新北義學立體停車場",
        "charging_points": 11,
        "telephone": "0800-885-150",
        "description": "停車位:3 充電樁數量:11 停車費:20元/小時 費率:計度/固定/8元每度 樓層:B1"
      }
    },
    {
      "type": "Feature",
      "geometry": {
        "type": "Point",
        "coordinates": [
          121.925193,
          25.053703
        ]
      },
      "properties": {
        "city": "NewTaipei",
        "station_name": "新北澳底公園地下停車場",
        "charging_points": 2,
        "telephone": "0800-885-150",
        "description": "停車位:2 充電樁數量:2 停車費:20元/時 費率:計度/固定/8元每度 樓層:B1"
      }
    },
    {
      "type": "Feature",
      "geometry": {
        "type": "Point",
        "coordinates": [
          121.370076,
          24.93458
        ]
      },
      "properties": {
        "city": "NewTaipei",
        "station_name": "新北三峽國小地下停車場",
        "charging_points": 5,
        "telephone": "0800-885-150",
        "description": "停車位:3 充電樁數量:5 停車費:40元/小時 費率:計度/固定/8元每度 樓層:B1"
      }
    },
    {
      "type": "Feature",
      "geometry": {
        "type": "Point",
        "coordinates": [
          121.458552,
          24.983809
        ]
      },
      "properties": {
        "city": "NewTaipei",
        "station_name": "新北金城立體停車場",
        "charging_points": 11,
        "telephone": "0800-885-150",
        "description": "停車位:5 充電樁數量:11 停車費:20元/小時 費率:計度/固定/8元每度 樓層:B1"
      }
    },
    {
      "type": "Feature",
      "geometry": {
        "type": "Point",
        "coordinates": [
          121.490718,
          25.070902
        ]
      },
      "properties": {
        "city": "NewTaipei",
        "station_name": "新北三張公園地下停車場",
        "charging_points": 2,
        "telephone": "0800-885-150",
        "description": "停車位:2 充電樁數量:2 停車費:30元/時 費率:計度/固定/8元每度 樓層:B1"
      }
    },
    {
      "type": "Feature",
      "geometry": {
        "type": "Point",
        "coordinates": [
          121.499305,
          25.060173
        ]
      },
      "properties": {
        "city": "NewTaipei",
        "station_name": "新北光興國小地下停車場",
        "charging_points": 6,
        "telephone": "0800-885-150",
        "description": "停車位:3 充電樁數量:6 停車費:平日30元/時，假日40元/時 費率:計度/固定/8元每度 樓層:1F, B1"
      }
    },
    {
      "type": "Feature",
      "geometry": {
        "type": "Point",
        "coordinates": [
          121.489026,
          25.084461
        ]
      },
      "properties": {
        "city": "NewTaipei",
        "station_name": "新北碧華國小地下停車場",
        "charging_points": 5,
        "telephone": "0800-885-150",
        "description": "停車位:3 充電樁數量:5 停車費:20元/時 費率:計度/固定/8元每度 樓層:B1"
      }
    },
    {
      "type": "Feature",
      "geometry": {
        "type": "Point",
        "coordinates": [
          121.500557,
          25.072308
        ]
      },
      "properties": {
        "city": "NewTaipei",
        "station_name": "新北光榮國小地下停車場",
        "charging_points": 11,
        "telephone": "0800-885-150",
        "description": "停車位:7 充電樁數量:11 停車費:30元/小時 費率:計度/固定/8元每度 樓層:B2"
      }
    },
    {
      "type": "Feature",
      "geometry": {
        "type": "Point",
        "coordinates": [
          121.47428,
          25.050496
        ]
      },
      "properties": {
        "city": "NewTaipei",
        "station_name": "新北興穀國小地下停車場",
        "charging_points": 2,
        "telephone": "0800-885-150",
        "description": "停車位:2 充電樁數量:2 停車費:30元/小時 費率:計度/固定/8元每度 樓層:B1"
      }
    },
    {
      "type": "Feature",
      "geometry": {
        "type": "Point",
        "coordinates": [
          121.439186,
          25.172644
        ]
      },
      "properties": {
        "city": "NewTaipei",
        "station_name": "新北市三民立體停車場",
        "charging_points": 3,
        "telephone": "0800-885-150",
        "description": "停車位:3 充電樁數量:3 停車費:30元/小時 費率:計度/固定/8元每度 樓層:1F, B1"
      }
    },
    {
      "type": "Feature",
      "geometry": {
        "type": "Point",
        "coordinates": [
          121.443584,
          25.178233
        ]
      },
      "properties": {
        "city": "NewTaipei",
        "station_name": "新北市水碓立體停車場",
        "charging_points": 9,
        "telephone": "0800-885-150",
        "description": "停車位:5 充電樁數量:9 停車費:30元/小時 費率:計度/固定/8元每度 樓層:B1"
      }
    },
    {
      "type": "Feature",
      "geometry": {
        "type": "Point",
        "coordinates": [
          121.461791,
          25.137999
        ]
      },
      "properties": {
        "city": "NewTaipei",
        "station_name": "新北市民生立體停車場",
        "charging_points": 3,
        "telephone": "0800-885-150",
        "description": "停車位:3 充電樁數量:3 停車費:50元/小時 費率:計度/固定/8元每度 樓層:2F, 3F"
      }
    },
    {
      "type": "Feature",
      "geometry": {
        "type": "Point",
        "coordinates": [
          121.421553,
          24.991795
        ]
      },
      "properties": {
        "city": "NewTaipei",
        "station_name": "新北長壽公園地下停車場",
        "charging_points": 6,
        "telephone": "0800-885-150",
        "description": "停車位:6 充電樁數量:6 停車費:30元/時 費率:計度/固定/8元每度 樓層:B1"
      }
    },
    {
      "type": "Feature",
      "geometry": {
        "type": "Point",
        "coordinates": [
          121.469296,
          24.987509
        ]
      },
      "properties": {
        "city": "NewTaipei",
        "station_name": "新北延吉立體停車場",
        "charging_points": 9,
        "telephone": "0800-885-150",
        "description": "停車位:3 充電樁數量:9 停車費:30元/時 費率:計度/固定/8元每度 樓層:1F"
      }
    },
    {
      "type": "Feature",
      "geometry": {
        "type": "Point",
        "coordinates": [
          121.537333,
          24.971019
        ]
      },
      "properties": {
        "city": "NewTaipei",
        "station_name": "新北三民地下停車場",
        "charging_points": 4,
        "telephone": "0800-885-150",
        "description": "停車位:3 充電樁數量:4 停車費:30元/時 費率:計度/固定/8元每度 樓層:B1"
      }
    },
    {
      "type": "Feature",
      "geometry": {
        "type": "Point",
        "coordinates": [
          121.44684,
          24.98447
        ]
      },
      "properties": {
        "city": "NewTaipei",
        "station_name": "新北裕生立體停車場",
        "charging_points": 4,
        "telephone": "0800-885-150",
        "description": "停車位:3 充電樁數量:4 停車費:30元/時 費率:計度/固定/8元每度 樓層:B1"
      }
    },
    {
      "type": "Feature",
      "geometry": {
        "type": "Point",
        "coordinates": [
          121.451282,
          24.9881
        ]
      },
      "properties": {
        "city": "NewTaipei",
        "station_name": "新北學成公園地下停車場",
        "charging_points": 4,
        "telephone": "0800-885-150",
        "description": "停車位:3 充電樁數量:4 停車費:30元/時 費率:計度/固定/8元每度 樓層:B1"
      }
    },
    {
      "type": "Feature",
      "geometry": {
        "type": "Point",
        "coordinates": [
          121.442969,
          24.978827
        ]
      },
      "properties": {
        "city": "NewTaipei",
        "station_name": "新北員和公園地下停車場",
        "charging_points": 2,
        "telephone": "0800-885-150",
        "description": "停車位:2 充電樁數量:2 停車費:20元/小時 費率:計度/固定/8元每度 樓層:B1"
      }
    },
    {
      "type": "Feature",
      "geometry": {
        "type": "Point",
        "coordinates": [
          121.546333,
          24.979579
        ]
      },
      "properties": {
        "city": "NewTaipei",
        "station_name": "新北綠湖公園地下停車場",
        "charging_points": 7,
        "telephone": "0800-885-150",
        "description": "停車位:7 充電樁數量:7 停車費:30元/時 費率:計度/固定/8元每度 樓層:B1"
      }
    },
    {
      "type": "Feature",
      "geometry": {
        "type": "Point",
        "coordinates": [
          121.809347,
          25.108253
        ]
      },
      "properties": {
        "city": "NewTaipei",
        "station_name": "新北市瑞芳區立體停車場",
        "charging_points": 7,
        "telephone": "0800-885-150",
        "description": "停車位:3 充電樁數量:7 停車費:平日20元/小時，假日30元/小時 費率:計度/固定/8元每度 樓層:1F"
      }
    },
    {
      "type": "Feature",
      "geometry": {
        "type": "Point",
        "coordinates": [
          121.469937,
          25.084184
        ]
      },
      "properties": {
        "city": "NewTaipei",
        "station_name": "新北市蘆洲國小地下停車場",
        "charging_points": 5,
        "telephone": "0800-885-150",
        "description": "停車位:3 充電樁數量:5 停車費:30元/小時 費率:計度/固定/8元每度 樓層:B1"
      }
    },
    {
      "type": "Feature",
      "geometry": {
        "type": "Point",
        "coordinates": [
          121.476735,
          25.086046
        ]
      },
      "properties": {
        "city": "NewTaipei",
        "station_name": "新北市鷺江立體停車場",
        "charging_points": 9,
        "telephone": "0800-885-150",
        "description": "停車位:5 充電樁數量:9 停車費:平日20元/小時，假日30元/小時 費率:計度/固定/8元每度 樓層:1F"
      }
    },
    {
      "type": "Feature",
      "geometry": {
        "type": "Point",
        "coordinates": [
          121.458132,
          25.084956
        ]
      },
      "properties": {
        "city": "NewTaipei",
        "station_name": "新北市成功地下停車場",
        "charging_points": 3,
        "telephone": "0800-885-150",
        "description": "停車位:3 充電樁數量:3 停車費:30元/小時 費率:計度/固定/8元每度 樓層:B1"
      }
    },
    {
      "type": "Feature",
      "geometry": {
        "type": "Point",
        "coordinates": [
          121.476246,
          25.079636
        ]
      },
      "properties": {
        "city": "NewTaipei",
        "station_name": "新北市溪墘地下停車場",
        "charging_points": 3,
        "telephone": "0800-885-150",
        "description": "停車位:3 充電樁數量:3 停車費:30元/小時 費率:計度/固定/8元每度 樓層:B1"
      }
    },
    {
      "type": "Feature",
      "geometry": {
        "type": "Point",
        "coordinates": [
          121.471447,
          25.0908
        ]
      },
      "properties": {
        "city": "NewTaipei",
        "station_name": "新北市仁愛立體停車場",
        "charging_points": 9,
        "telephone": "0800-885-150",
        "description": "停車位:9 充電樁數量:9 停車費:30元/小時 費率:計度/固定/8元每度 樓層:B1"
      }
    },
    {
      "type": "Feature",
      "geometry": {
        "type": "Point",
        "coordinates": [
          121.482649,
          25.070585
        ]
      },
      "properties": {
        "city": "NewTaipei",
        "station_name": "新北三重商工地下停車場",
        "charging_points": 10,
        "telephone": "0800-885-150",
        "description": "停車位:7 充電樁數量:10 停車費:30元/小時 費率:計度/固定/8元每度 樓層:B1"
      }
    },
    {
      "type": "Feature",
      "geometry": {
        "type": "Point",
        "coordinates": [
          121.503153,
          25.254658
        ]
      },
      "properties": {
        "city": "NewTaipei",
        "station_name": "新北市中正停車場",
        "charging_points": 5,
        "telephone": "0800-885-150",
        "description": "停車位:5 充電樁數量:5 停車費:10元/小時 費率:計度/固定/8元每度 樓層:B1"
      }
    },
    {
      "type": "Feature",
      "geometry": {
        "type": "Point",
        "coordinates": [
          121.424011,
          25.026071
        ]
      },
      "properties": {
        "city": "NewTaipei",
        "station_name": "新北市後港公園地下停車場",
        "charging_points": 4,
        "telephone": "0800-885-150",
        "description": "停車位:4 充電樁數量:4 停車費:30元/小時 費率:計度/固定/8元每度 樓層:B3"
      }
    },
    {
      "type": "Feature",
      "geometry": {
        "type": "Point",
        "coordinates": [
          121.458088,
          25.055071
        ]
      },
      "properties": {
        "city": "NewTaipei",
        "station_name": "新北市頭前國中地下停車場",
        "charging_points": 5,
        "telephone": "0800-885-150",
        "description": "停車位:3 充電樁數量:5 停車費:30元/小時 費率:計度/固定/8元每度 樓層:B1"
      }
    },
    {
      "type": "Feature",
      "geometry": {
        "type": "Point",
        "coordinates": [
          121.428446,
          25.022126
        ]
      },
      "properties": {
        "city": "NewTaipei",
        "station_name": "新北市民安國民小學地下停車場",
        "charging_points": 4,
        "telephone": "0800-885-150",
        "description": "停車位:4 充電樁數量:4 停車費:30元/小時 費率:計度/固定/8元每度 樓層:B1"
      }
    },
    {
      "type": "Feature",
      "geometry": {
        "type": "Point",
        "coordinates": [
          121.495244,
          25.064597
        ]
      },
      "properties": {
        "city": "NewTaipei",
        "station_name": "新北正義國小地下停車場",
        "charging_points": 6,
        "telephone": "0800-885-150",
        "description": "停車位:3 充電樁數量:6 停車費:30元/小時 費率:計度/固定/8元每度 樓層:B1"
      }
    },
    {
      "type": "Feature",
      "geometry": {
        "type": "Point",
        "coordinates": [
          121.473845,
          25.033357
        ]
      },
      "properties": {
        "city": "NewTaipei",
        "station_name": "新北江翠國小地下停車場",
        "charging_points": 5,
        "telephone": "0800-885-150",
        "description": "停車位:3 充電樁數量:5 停車費:30元/小時 費率:計度/固定/8元每度 樓層:B1"
      }
    },
    {
      "type": "Feature",
      "geometry": {
        "type": "Point",
        "coordinates": [
          121.465581,
          25.016363
        ]
      },
      "properties": {
        "city": "NewTaipei",
        "station_name": "新北特專三臨時平面停車場",
        "charging_points": 2,
        "telephone": "0800-885-150",
        "description": "停車位:2 充電樁數量:2 停車費:30元/時 費率:計度/固定/8元每度 樓層:1F"
      }
    },
    {
      "type": "Feature",
      "geometry": {
        "type": "Point",
        "coordinates": [
          121.462579,
          25.026576
        ]
      },
      "properties": {
        "city": "NewTaipei",
        "station_name": "新北新埔國小地下停車場",
        "charging_points": 8,
        "telephone": "0800-885-150",
        "description": "停車位:5 充電樁數量:8 停車費:30元/小時 費率:計度/固定/8元每度 樓層:B1"
      }
    },
    {
      "type": "Feature",
      "geometry": {
        "type": "Point",
        "coordinates": [
          121.490762,
          24.992314
        ]
      },
      "properties": {
        "city": "NewTaipei",
        "station_name": "新北錦和運動公園地下停車場",
        "charging_points": 16,
        "telephone": "0800-885-150",
        "description": "停車位:12 充電樁數量:16 停車費:30元/小時 費率:計度/固定/8元每度免費 樓層:B1, 1F"
      }
    },
    {
      "type": "Feature",
      "geometry": {
        "type": "Point",
        "coordinates": [
          121.477266,
          25.021908
        ]
      },
      "properties": {
        "city": "NewTaipei",
        "station_name": "新北華翠橋下平面停車場",
        "charging_points": 6,
        "telephone": "0800-885-150",
        "description": "停車位:3 充電樁數量:6 停車費:30元/時 費率:計度/固定/8元每度免費 樓層:1F"
      }
    },
    {
      "type": "Feature",
      "geometry": {
        "type": "Point",
        "coordinates": [
          121.44456,
          25.0035
        ]
      },
      "properties": {
        "city": "NewTaipei",
        "station_name": "新北臺北紙廠停車場",
        "charging_points": 4,
        "telephone": "0800-885-150",
        "description": "停車位:2 充電樁數量:4 停車費:平日20元/時，假日30元/時 費率:計度/固定/8元每度 樓層:1F"
      }
    },
    {
      "type": "Feature",
      "geometry": {
        "type": "Point",
        "coordinates": [
          121.450822,
          24.995845
        ]
      },
      "properties": {
        "city": "NewTaipei",
        "station_name": "新北華東平面停車場",
        "charging_points": 6,
        "telephone": "0800-885-150",
        "description": "停車位:3 充電樁數量:6 停車費:30元/時 費率:計度/固定/8元每度免費 樓層:1F"
      }
    },
    {
      "type": "Feature",
      "geometry": {
        "type": "Point",
        "coordinates": [
          121.468691,
          25.033765
        ]
      },
      "properties": {
        "city": "NewTaipei",
        "station_name": "新北江翠102平面停車場",
        "charging_points": 2,
        "telephone": "0800-885-150",
        "description": "停車位:2 充電樁數量:2 停車費:20元/時 費率:計度/固定/8元每度 樓層:1F"
      }
    },
    {
      "type": "Feature",
      "geometry": {
        "type": "Point",
        "coordinates": [
          121.442033,
          25.044251
        ]
      },
      "properties": {
        "city": "NewTaipei",
        "station_name": "新北台65高架橋下停車場",
        "charging_points": 3,
        "telephone": "0800-885-150",
        "description": "停車位:2 充電樁數量:3 停車費:20元/時 費率:計度/固定/8元每度免費 樓層:1F"
      }
    },
    {
      "type": "Feature",
      "geometry": {
        "type": "Point",
        "coordinates": [
          121.414198,
          24.957872
        ]
      },
      "properties": {
        "city": "NewTaipei",
        "station_name": "新北中洲平面停車場",
        "charging_points": 6,
        "telephone": "0800-885-150",
        "description": "停車位:3 充電樁數量:6 停車費:20元/時 費率:計度/固定/8元每度免費 樓層:1F"
      }
    },
    {
      "type": "Feature",
      "geometry": {
        "type": "Point",
        "coordinates": [
          121.464622,
          24.986957
        ]
      },
      "properties": {
        "city": "NewTaipei",
        "station_name": "新北永豐平面停車場",
        "charging_points": 2,
        "telephone": "0800-885-150",
        "description": "停車位:2 充電樁數量:2 停車費:30元/時 費率:計度/固定/8元每度 樓層:1F"
      }
    },
    {
      "type": "Feature",
      "geometry": {
        "type": "Point",
        "coordinates": [
          121.466671,
          24.983668
        ]
      },
      "properties": {
        "city": "NewTaipei",
        "station_name": "新北明德平面停車場",
        "charging_points": 1,
        "telephone": "0800-885-150",
        "description": "停車位:1 充電樁數量:1 停車費:20元/時 費率:計度/固定/8元每度 樓層:1F"
      }
    },
    {
      "type": "Feature",
      "geometry": {
        "type": "Point",
        "coordinates": [
          121.49054,
          24.988019
        ]
      },
      "properties": {
        "city": "NewTaipei",
        "station_name": "新北圓通平面停車場",
        "charging_points": 2,
        "telephone": "0800-885-150",
        "description": "停車位:2 充電樁數量:2 停車費:20元/時 費率:計度/固定/8元每度 樓層:1F"
      }
    },
    {
      "type": "Feature",
      "geometry": {
        "type": "Point",
        "coordinates": [
          121.519233,
          24.973327
        ]
      },
      "properties": {
        "city": "NewTaipei",
        "station_name": "新北安和公園臨時平面停車場",
        "charging_points": 2,
        "telephone": "0800-885-150",
        "description": "停車位:1 充電樁數量:2 停車費:30元/時(7~22時)，10元/時(22~7時) 費率:計度/固定/8元每度 樓層:1F"
      }
    },
    {
      "type": "Feature",
      "geometry": {
        "type": "Point",
        "coordinates": [
          121.358002,
          24.954557
        ]
      },
      "properties": {
        "city": "NewTaipei",
        "station_name": "新北三鶯轉運站平面停車場",
        "charging_points": 4,
        "telephone": "0800-885-150",
        "description": "停車位:3 充電樁數量:4 停車費:平日20元/時，假日40元/時 費率:計度/固定/8元每度免費 樓層:1F, 平面(北側), 平面(南側)"
      }
    },
    {
      "type": "Feature",
      "geometry": {
        "type": "Point",
        "coordinates": [
          121.468499,
          25.027882
        ]
      },
      "properties": {
        "city": "NewTaipei",
        "station_name": "新北江翠國中游泳池共構地下停車場",
        "charging_points": 4,
        "telephone": "0800-885-150",
        "description": "停車位:4 充電樁數量:4 停車費:30元/時 費率:計度/固定/8元每度 樓層:B2"
      }
    },
    {
      "type": "Feature",
      "geometry": {
        "type": "Point",
        "coordinates": [
          121.463891,
          25.02563
        ]
      },
      "properties": {
        "city": "NewTaipei",
        "station_name": "新北四維公園地下停車場",
        "charging_points": 10,
        "telephone": "0800-885-150",
        "description": "停車位:10 充電樁數量:10 停車費:30元/時 費率:計度/固定/8元每度 樓層:B1, B2"
      }
    },
    {
      "type": "Feature",
      "geometry": {
        "type": "Point",
        "coordinates": [
          121.480036,
          25.02822
        ]
      },
      "properties": {
        "city": "NewTaipei",
        "station_name": "新北音樂公園地下停車場",
        "charging_points": 10,
        "telephone": "0800-885-150",
        "description": "停車位:4 充電樁數量:10 停車費:30元/時 費率:計度/固定/8元每度 樓層:B1"
      }
    },
    {
      "type": "Feature",
      "geometry": {
        "type": "Point",
        "coordinates": [
          121.460765,
          25.090338
        ]
      },
      "properties": {
        "city": "NewTaipei",
        "station_name": "新北市立鷺江國民中學地下停車場",
        "charging_points": 4,
        "telephone": "0800-885-150",
        "description": "停車位:4 充電樁數量:4 停車費:30元/時 費率:計度/固定/8元每度 樓層:B2"
      }
    },
    {
      "type": "Feature",
      "geometry": {
        "type": "Point",
        "coordinates": [
          121.451316,
          25.034264
        ]
      },
      "properties": {
        "city": "NewTaipei",
        "station_name": "新北市新莊國中運動場地下停車場",
        "charging_points": 6,
        "telephone": "0800-885-150",
        "description": "停車位:5 充電樁數量:6 停車費:30元/時 費率:計度/固定/8元每度 樓層:B1"
      }
    },
    {
      "type": "Feature",
      "geometry": {
        "type": "Point",
        "coordinates": [
          121.500262,
          25.259009
        ]
      },
      "properties": {
        "city": "NewTaipei",
        "station_name": "新北市中山停車場",
        "charging_points": 3,
        "telephone": "0800-885-150",
        "description": "停車位:3 充電樁數量:3 停車費:10元/時 費率:計度/固定/8元每度 樓層:2F"
      }
    },
    {
      "type": "Feature",
      "geometry": {
        "type": "Point",
        "coordinates": [
          121.475227,
          25.066316
        ]
      },
      "properties": {
        "city": "NewTaipei",
        "station_name": "新北二重公園地下停車場",
        "charging_points": 4,
        "telephone": "0800-885-150",
        "description": "停車位:4 充電樁數量:4 停車費:30元/時 費率:計度/固定/8元每度 樓層:B1"
      }
    },
    {
      "type": "Feature",
      "geometry": {
        "type": "Point",
        "coordinates": [
          121.547288,
          24.977152
        ]
      },
      "properties": {
        "city": "NewTaipei",
        "station_name": "新北中興低碳立體停車場",
        "charging_points": 8,
        "telephone": "0800-885-150",
        "description": "停車位:7 充電樁數量:8 停車費:平日20元/時，假日30元/時 費率:計度/固定/8元每度 樓層:1F"
      }
    },
    {
      "type": "Feature",
      "geometry": {
        "type": "Point",
        "coordinates": [
          121.615591,
          25.001815
        ]
      },
      "properties": {
        "city": "NewTaipei",
        "station_name": "新北兒童遊戲場地下停車場",
        "charging_points": 3,
        "telephone": "0800-885-150",
        "description": "停車位:3 充電樁數量:3 停車費:平日20元/時，假日40元/時 費率:計度/固定/8元每度 樓層:1F, B1"
      }
    },
    {
      "type": "Feature",
      "geometry": {
        "type": "Point",
        "coordinates": [
          121.534123,
          24.974231
        ]
      },
      "properties": {
        "city": "NewTaipei",
        "station_name": "新北新店高中地下停車場",
        "charging_points": 6,
        "telephone": "0800-885-150",
        "description": "停車位:5 充電樁數量:6 停車費:30元/時 費率:計度/固定/8元每度 樓層:B1"
      }
    },
    {
      "type": "Feature",
      "geometry": {
        "type": "Point",
        "coordinates": [
          121.456409,
          25.012013
        ]
      },
      "properties": {
        "city": "NewTaipei",
        "station_name": "新北板橋國小地下停車場",
        "charging_points": 4,
        "telephone": "0800-885-150",
        "description": "停車位:4 充電樁數量:4 停車費:30元/時 費率:計度/固定/8元每度 樓層:B1"
      }
    },
    {
      "type": "Feature",
      "geometry": {
        "type": "Point",
        "coordinates": [
          121.463728,
          24.999861
        ]
      },
      "properties": {
        "city": "NewTaipei",
        "station_name": "新北重慶公園地下停車場",
        "charging_points": 7,
        "telephone": "0800-885-150",
        "description": "停車位:3 充電樁數量:7 停車費:30元/時 費率:計度/固定/8元每度 樓層:B1"
      }
    },
    {
      "type": "Feature",
      "geometry": {
        "type": "Point",
        "coordinates": [
          121.465669,
          25.014099
        ]
      },
      "properties": {
        "city": "NewTaipei",
        "station_name": "新北市民廣場地下停車場",
        "charging_points": 17,
        "telephone": "0800-885-150",
        "description": "停車位:5 充電樁數量:17 停車費:平日30元/時，假日40元/時 費率:計度/固定/8元每度 樓層:B2"
      }
    },
    {
      "type": "Feature",
      "geometry": {
        "type": "Point",
        "coordinates": [
          121.454335,
          25.025236
        ]
      },
      "properties": {
        "city": "NewTaipei",
        "station_name": "新北板橋國民中學地下停車場",
        "charging_points": 3,
        "telephone": "0800-885-150",
        "description": "停車位:3 充電樁數量:3 停車費:平日20元/時，假日30元/時 費率:計度/固定/8元每度 樓層:B1"
      }
    },
    {
      "type": "Feature",
      "geometry": {
        "type": "Point",
        "coordinates": [
          121.475675,
          25.013311
        ]
      },
      "properties": {
        "city": "NewTaipei",
        "station_name": "新北民生公園地下停車場",
        "charging_points": 3,
        "telephone": "0800-885-150",
        "description": "停車位:3 充電樁數量:3 停車費:40元/時 費率:計度/固定/8元每度 樓層:B1"
      }
    },
    {
      "type": "Feature",
      "geometry": {
        "type": "Point",
        "coordinates": [
          121.460475,
          25.011991
        ]
      },
      "properties": {
        "city": "NewTaipei",
        "station_name": "新北民權立體停車場",
        "charging_points": 4,
        "telephone": "0800-885-150",
        "description": "停車位:3 充電樁數量:4 停車費:30元/時 費率:計度/固定/8元每度 樓層:2F"
      }
    },
    {
      "type": "Feature",
      "geometry": {
        "type": "Point",
        "coordinates": [
          121.458657,
          25.010301
        ]
      },
      "properties": {
        "city": "NewTaipei",
        "station_name": "新北府後立體停車場",
        "charging_points": 3,
        "telephone": "0800-885-150",
        "description": "停車位:3 充電樁數量:3 停車費:30元/時 費率:計度/固定/8元每度 樓層:4F"
      }
    },
    {
      "type": "Feature",
      "geometry": {
        "type": "Point",
        "coordinates": [
          121.455095,
          25.001393
        ]
      },
      "properties": {
        "city": "NewTaipei",
        "station_name": "新北市立圖書館地下停車場",
        "charging_points": 5,
        "telephone": "0800-885-150",
        "description": "停車位:3 充電樁數量:5 停車費:30元/時 費率:計度/固定/8元每度 樓層:B1"
      }
    },
    {
      "type": "Feature",
      "geometry": {
        "type": "Point",
        "coordinates": [
          121.458289,
          25.012112
        ]
      },
      "properties": {
        "city": "NewTaipei",
        "station_name": "新北板橋高中地下停車場",
        "charging_points": 5,
        "telephone": "0800-885-150",
        "description": "停車位:3 充電樁數量:5 停車費:30元/時 費率:計度/固定/8元每度 樓層:B1"
      }
    },
    {
      "type": "Feature",
      "geometry": {
        "type": "Point",
        "coordinates": [
          121.448553,
          25.001169
        ]
      },
      "properties": {
        "city": "NewTaipei",
        "station_name": "新北中山國小地下停車場",
        "charging_points": 5,
        "telephone": "0800-885-150",
        "description": "停車位:5 充電樁數量:5 停車費:20元/時 費率:計度/固定/8元每度 樓層:B1"
      }
    },
    {
      "type": "Feature",
      "geometry": {
        "type": "Point",
        "coordinates": [
          121.462235,
          25.004151
        ]
      },
      "properties": {
        "city": "NewTaipei",
        "station_name": "新北忠孝國民中學地下停車場",
        "charging_points": 10,
        "telephone": "0800-885-150",
        "description": "停車位:5 充電樁數量:10 停車費:平日30元/時，假日40元/時 費率:計度/固定/8元每度 樓層:B1"
      }
    },
    {
      "type": "Feature",
      "geometry": {
        "type": "Point",
        "coordinates": [
          121.465551,
          24.993075
        ]
      },
      "properties": {
        "city": "NewTaipei",
        "station_name": "新北五權公園地下停車場",
        "charging_points": 7,
        "telephone": "0800-885-150",
        "description": "停車位:7 充電樁數量:7 停車費:30元/時 費率:計度/固定/8元每度 樓層:B1"
      }
    },
    {
      "type": "Feature",
      "geometry": {
        "type": "Point",
        "coordinates": [
          121.71046,
          24.935442
        ]
      },
      "properties": {
        "city": "NewTaipei",
        "station_name": "新北水柳腳立體停車場",
        "charging_points": 4,
        "telephone": "0800-885-150",
        "description": "停車位:3 充電樁數量:4 停車費:20元/時 費率:計度/固定/8元每度 樓層:1F, B1"
      }
    },
    {
      "type": "Feature",
      "geometry": {
        "type": "Point",
        "coordinates": [
          121.499909,
          24.998571
        ]
      },
      "properties": {
        "city": "NewTaipei",
        "station_name": "新北中和國小地下停車場",
        "charging_points": 12,
        "telephone": "0800-885-150",
        "description": "停車位:5 充電樁數量:12 停車費:平日30元/時，假日40元/時 費率:計度/固定/8元每度 樓層:B1"
      }
    },
    {
      "type": "Feature",
      "geometry": {
        "type": "Point",
        "coordinates": [
          121.483546,
          25.001583
        ]
      },
      "properties": {
        "city": "NewTaipei",
        "station_name": "新北民樂立體停車場",
        "charging_points": 5,
        "telephone": "0800-885-150",
        "description": "停車位:3 充電樁數量:5 停車費:30元/時 費率:計度/固定/8元每度 樓層:B1"
      }
    },
    {
      "type": "Feature",
      "geometry": {
        "type": "Point",
        "coordinates": [
          121.502334,
          24.990792
        ]
      },
      "properties": {
        "city": "NewTaipei",
        "station_name": "新北中和地政事務所及稅捐稽徵處",
        "charging_points": 3,
        "telephone": "0800-885-150",
        "description": "停車位:3 充電樁數量:3 停車費:平日20元/時，假日30元/時 費率:計度/固定/8元每度 樓層:B1, B2"
      }
    },
    {
      "type": "Feature",
      "geometry": {
        "type": "Point",
        "coordinates": [
          121.489604,
          25.061005
        ]
      },
      "properties": {
        "city": "NewTaipei",
        "station_name": "新北中山立體停車場",
        "charging_points": 9,
        "telephone": "0800-885-150",
        "description": "停車位:5 充電樁數量:9 停車費:30元/時 費率:計度/固定/8元每度 樓層:2F"
      }
    },
    {
      "type": "Feature",
      "geometry": {
        "type": "Point",
        "coordinates": [
          121.389284,
          25.078752
        ]
      },
      "properties": {
        "city": "NewTaipei",
        "station_name": "新北停三立體停車場",
        "charging_points": 3,
        "telephone": "0800-885-150",
        "description": "停車位:3 充電樁數量:3 停車費:平日20元/時，假日30元/時 費率:計度/固定/8元每度 樓層:1F"
      }
    },
    {
      "type": "Feature",
      "geometry": {
        "type": "Point",
        "coordinates": [
          121.361835,
          25.065977
        ]
      },
      "properties": {
        "city": "NewTaipei",
        "station_name": "新北林口公車轉運站平面停車場",
        "charging_points": 2,
        "telephone": "0800-885-150",
        "description": "停車位:2 充電樁數量:2 停車費:平日20元/時，假日30元/時。<進場30分鐘內免停車費> 費率:浮動費率,,計度/離峰/00:00-11:00/8.4元每度,計度/一般/*11:01-23:59/11元每度 樓層:1F"
      }
    },
    {
      "type": "Feature",
      "geometry": {
        "type": "Point",
        "coordinates": [
          121.444762,
          24.98315
        ]
      },
      "properties": {
        "city": "NewTaipei",
        "station_name": "新北中央公園地下停車場",
        "charging_points": 6,
        "telephone": "0800-885-150",
        "description": "停車位:5 充電樁數量:6 停車費:20元/時 費率:計度/固定/8元每度 樓層:B2"
      }
    },
    {
      "type": "Feature",
      "geometry": {
        "type": "Point",
        "coordinates": [
          121.458347,
          25.084557
        ]
      },
      "properties": {
        "city": "NewTaipei",
        "station_name": "新北市永康公園地下停車場",
        "charging_points": 2,
        "telephone": "0800-885-150",
        "description": "停車位:2 充電樁數量:2 停車費:30元/時 費率:計度/固定/8元每度 樓層:B1"
      }
    },
    {
      "type": "Feature",
      "geometry": {
        "type": "Point",
        "coordinates": [
          121.641663,
          25.220227
        ]
      },
      "properties": {
        "city": "NewTaipei",
        "station_name": "新北市金山立體停車場",
        "charging_points": 7,
        "telephone": "0800-885-150",
        "description": "停車位:5 充電樁數量:7 停車費:平日20元/時，假日30元/時 費率:計度/固定/8元每度 樓層:1F"
      }
    },
    {
      "type": "Feature",
      "geometry": {
        "type": "Point",
        "coordinates": [
          121.447791,
          25.042413
        ]
      },
      "properties": {
        "city": "NewTaipei",
        "station_name": "新北市新莊運動公園地下停車場",
        "charging_points": 12,
        "telephone": "0800-885-150",
        "description": "停車位:9 充電樁數量:12 停車費:30元/時 費率:計度/固定/8元每度 樓層:B1"
      }
    },
    {
      "type": "Feature",
      "geometry": {
        "type": "Point",
        "coordinates": [
          121.506209,
          25.010088
        ]
      },
      "properties": {
        "city": "NewTaipei",
        "station_name": "新北仁愛公園地下停車場",
        "charging_points": 13,
        "telephone": "0800-885-150",
        "description": "停車位:3 充電樁數量:13 停車費:30元/時 費率:計度/固定/8元每度 樓層:B1"
      }
    },
    {
      "type": "Feature",
      "geometry": {
        "type": "Point",
        "coordinates": [
          121.517269,
          25.00182
        ]
      },
      "properties": {
        "city": "NewTaipei",
        "station_name": "新北永和國小地下停車場",
        "charging_points": 6,
        "telephone": "0800-885-150",
        "description": "停車位:5 充電樁數量:6 停車費:30元/時 費率:計度/固定/8元每度 樓層:B1"
      }
    },
    {
      "type": "Feature",
      "geometry": {
        "type": "Point",
        "coordinates": [
          121.520332,
          24.998833
        ]
      },
      "properties": {
        "city": "NewTaipei",
        "station_name": "新北秀朗國民小學地下停車場",
        "charging_points": 15,
        "telephone": "0800-885-150",
        "description": "停車位:7 充電樁數量:15 停車費:30元/時 費率:計度/固定/8元每度 樓層:B1"
      }
    },
    {
      "type": "Feature",
      "geometry": {
        "type": "Point",
        "coordinates": [
          121.522887,
          25.004688
        ]
      },
      "properties": {
        "city": "NewTaipei",
        "station_name": "新北福和國中地下停車場",
        "charging_points": 11,
        "telephone": "0800-885-150",
        "description": "停車位:7 充電樁數量:11 停車費:30元/時 費率:計度/固定/8元每度 樓層:B1"
      }
    },
    {
      "type": "Feature",
      "geometry": {
        "type": "Point",
        "coordinates": [
          121.519858,
          25.013837
        ]
      },
      "properties": {
        "city": "NewTaipei",
        "station_name": "新北網溪國小地下停車場",
        "charging_points": 13,
        "telephone": "0800-885-150",
        "description": "停車位:5 充電樁數量:13 停車費:30元/時 費率:計度/固定/8元每度 樓層:B1"
      }
    },
    {
      "type": "Feature",
      "geometry": {
        "type": "Point",
        "coordinates": [
          121.538394,
          24.977241
        ]
      },
      "properties": {
        "city": "NewTaipei",
        "station_name": "新北大豐地下停車場",
        "charging_points": 4,
        "telephone": "0800-885-150",
        "description": "停車位:3 充電樁數量:4 停車費:30元/時 費率:計度/固定/8元每度 樓層:B2"
      }
    },
    {
      "type": "Feature",
      "geometry": {
        "type": "Point",
        "coordinates": [
          121.512632,
          24.962686
        ]
      },
      "properties": {
        "city": "NewTaipei",
        "station_name": "新北安康立體停車場",
        "charging_points": 4,
        "telephone": "0800-885-150",
        "description": "停車位:3 充電樁數量:4 停車費:30元(7時~22時)，10元(22時~7時) 費率:計度/固定/8元每度 樓層:4F"
      }
    },
    {
      "type": "Feature",
      "geometry": {
        "type": "Point",
        "coordinates": [
          121.54256,
          24.9682
        ]
      },
      "properties": {
        "city": "NewTaipei",
        "station_name": "新北北新地下停車場",
        "charging_points": 7,
        "telephone": "0800-885-150",
        "description": "停車位:3 充電樁數量:7 停車費:30元/時 費率:計度/固定/8元每度 樓層:B1"
      }
    },
    {
      "type": "Feature",
      "geometry": {
        "type": "Point",
        "coordinates": [
          121.545719,
          24.974504
        ]
      },
      "properties": {
        "city": "NewTaipei",
        "station_name": "新北寶橋立體停車場",
        "charging_points": 10,
        "telephone": "0800-885-150",
        "description": "停車位:2 充電樁數量:10 停車費:30元/小時 費率:計度/固定/8元每度 樓層:1F, 1F"
      }
    },
    {
      "type": "Feature",
      "geometry": {
        "type": "Point",
        "coordinates": [
          121.419697,
          24.990625
        ]
      },
      "properties": {
        "city": "NewTaipei",
        "station_name": "新北第七立體停車場",
        "charging_points": 2,
        "telephone": "0800-885-150",
        "description": "停車位:2 充電樁數量:2 停車費:20元/時 費率:計度/固定/8元每度 樓層:2F露天"
      }
    },
    {
      "type": "Feature",
      "geometry": {
        "type": "Point",
        "coordinates": [
          121.428787,
          24.996278
        ]
      },
      "properties": {
        "city": "NewTaipei",
        "station_name": "新北樹林藝文綜合行政大樓地下停車場",
        "charging_points": 5,
        "telephone": "0800-885-150",
        "description": "停車位:5 充電樁數量:5 停車費:平日20元/時，假日30元/時 費率:計度/固定/8元每度 樓層:B1"
      }
    },
    {
      "type": "Feature",
      "geometry": {
        "type": "Point",
        "coordinates": [
          121.513224,
          24.989691
        ]
      },
      "properties": {
        "city": "NewTaipei",
        "station_name": "新北景新立體停車場",
        "charging_points": 4,
        "telephone": "0800-885-150",
        "description": "停車位:3 充電樁數量:4 停車費:平日30元/時，假日40元/時 費率:計度/固定/8元每度 樓層:B1"
      }
    },
    {
      "type": "Feature",
      "geometry": {
        "type": "Point",
        "coordinates": [
          121.551642,
          24.865513
        ]
      },
      "properties": {
        "city": "NewTaipei",
        "station_name": "新北烏來立體停車場",
        "charging_points": 8,
        "telephone": "0800-885-150",
        "description": "停車位:5 充電樁數量:8 停車費:室內:平日60元/次，假日30元/小時；路邊:平日60元/次，假日90元/次 費率:計度/固定/8元每度 樓層:2F"
      }
    },
    {
      "type": "Feature",
      "geometry": {
        "type": "Point",
        "coordinates": [
          121.481012,
          25.026614
        ]
      },
      "properties": {
        "city": "NewTaipei",
        "station_name": "新北萬板高架橋下停車場",
        "charging_points": 6,
        "telephone": "0800-885-150",
        "description": "停車位:3 充電樁數量:6 停車費:平日20元/時，假日30元/時 費率:計度/固定/8元每度免費 樓層:1F"
      }
    },
    {
      "type": "Feature",
      "geometry": {
        "type": "Point",
        "coordinates": [
          121.468304,
          24.999167
        ]
      },
      "properties": {
        "city": "NewTaipei",
        "station_name": "新北民德立體停車場",
        "charging_points": 8,
        "telephone": "0800-885-150",
        "description": "停車位:3 充電樁數量:8 停車費:30元/時 費率:計度/固定/8元每度 樓層:B1"
      }
    },
    {
      "type": "Feature",
      "geometry": {
        "type": "Point",
        "coordinates": [
          121.47562,
          25.003547
        ]
      },
      "properties": {
        "city": "NewTaipei",
        "station_name": "新北民享公園地下停車場",
        "charging_points": 2,
        "telephone": "0800-885-150",
        "description": "停車位:2 充電樁數量:2 停車費:30元/時 費率:計度/固定/8元每度 樓層:B1"
      }
    },
    {
      "type": "Feature",
      "geometry": {
        "type": "Point",
        "coordinates": [
          121.523581,
          24.995689
        ]
      },
      "properties": {
        "city": "NewTaipei",
        "station_name": "新北秀山公園地下停車場",
        "charging_points": 8,
        "telephone": "0800-885-150",
        "description": "停車位:5 充電樁數量:8 停車費:30元/時 費率:計度/固定/8元每度 樓層:B1"
      }
    },
    {
      "type": "Feature",
      "geometry": {
        "type": "Point",
        "coordinates": [
          121.502912,
          25.004855
        ]
      },
      "properties": {
        "city": "NewTaipei",
        "station_name": "新北佳和公園地下停車場",
        "charging_points": 6,
        "telephone": "0800-885-150",
        "description": "停車位:6 充電樁數量:6 停車費:30元/時 費率:計度/固定/8元每度 樓層:B1"
      }
    },
    {
      "type": "Feature",
      "geometry": {
        "type": "Point",
        "coordinates": [
          121.448808,
          24.983839
        ]
      },
      "properties": {
        "city": "NewTaipei",
        "station_name": "新北高工地下停車場",
        "charging_points": 5,
        "telephone": "0800-885-150",
        "description": "停車位:5 充電樁數量:5 停車費:30元/時 費率:計度/固定/8元每度 樓層:B2"
      }
    },
    {
      "type": "Feature",
      "geometry": {
        "type": "Point",
        "coordinates": [
          121.483176,
          25.057609
        ]
      },
      "properties": {
        "city": "NewTaipei",
        "station_name": "新北重陽公園地下停車場",
        "charging_points": 6,
        "telephone": "0800-885-150",
        "description": "停車位:6 充電樁數量:6 停車費:30元/時 費率:計度/固定/8元每度 樓層:B1"
      }
    },
    {
      "type": "Feature",
      "geometry": {
        "type": "Point",
        "coordinates": [
          121.510753,
          25.015622
        ]
      },
      "properties": {
        "city": "NewTaipei",
        "station_name": "新北頂溪國小地下停車場",
        "charging_points": 9,
        "telephone": "0800-885-150",
        "description": "停車位:5 充電樁數量:9 停車費:30元/時 費率:計度/固定/8元每度 樓層:B1"
      }
    },
    {
      "type": "Feature",
      "geometry": {
        "type": "Point",
        "coordinates": [
          121.453007,
          25.044616
        ]
      },
      "properties": {
        "city": "NewTaipei",
        "station_name": "新北中港平面停車場",
        "charging_points": 1,
        "telephone": "0800-885-150",
        "description": "停車位:1 充電樁數量:1 停車費:30元(20時~0時)，20元(0時~20時) 費率:計度/固定/8元每度 樓層:1F平面"
      }
    },
    {
      "type": "Feature",
      "geometry": {
        "type": "Point",
        "coordinates": [
          121.342511,
          24.95554
        ]
      },
      "properties": {
        "city": "NewTaipei",
        "station_name": "新北公八公園平面停車場",
        "charging_points": 1,
        "telephone": "0800-885-150",
        "description": "停車位:1 充電樁數量:1 停車費:平日20元/時，假日40元/時 費率:計度/固定/8元每度 樓層:1F"
      }
    },
    {
      "type": "Feature",
      "geometry": {
        "type": "Point",
        "coordinates": [
          121.364274,
          24.938824
        ]
      },
      "properties": {
        "city": "NewTaipei",
        "station_name": "歐特儀_三峽台北大學運動場停車場",
        "charging_points": 20,
        "telephone": "0800-885-150",
        "description": "停車位:20 充電樁數量:20 停車費:20元/時，當日上限250元 費率:計度/固定/8元每度 樓層:4B2, 5B2, B2"
      }
    },
    {
      "type": "Feature",
      "geometry": {
        "type": "Point",
        "coordinates": [
          121.469913,
          25.009854
        ]
      },
      "properties": {
        "city": "NewTaipei",
        "station_name": "力揚_板橋體育場",
        "charging_points": 2,
        "telephone": "0800-885-150",
        "description": "停車位:2 充電樁數量:2 停車費:30元/時 費率:計度/固定/8元每度 樓層:B1"
      }
    },
    {
      "type": "Feature",
      "geometry": {
        "type": "Point",
        "coordinates": [
          121.440729,
          25.189988
        ]
      },
      "properties": {
        "city": "NewTaipei",
        "station_name": "新北建昇淡水行政中心",
        "charging_points": 2,
        "telephone": "0800-885-150",
        "description": "停車位:1 充電樁數量:2 停車費:平日40元/時，假日50元/時 費率:浮動費率,,計度/離峰/00:00-11:00/8.4元每度,計度/一般/*11:01-23:59/9.5元每度 樓層:1F"
      }
    },
    {
      "type": "Feature",
      "geometry": {
        "type": "Point",
        "coordinates": [
          121.44742,
          25.056796
        ]
      },
      "properties": {
        "city": "NewTaipei",
        "station_name": "新北國家電影及視聽文化中心",
        "charging_points": 2,
        "telephone": "0800-885-150",
        "description": "停車位:2 充電樁數量:2 停車費:平日15元/30分鐘(當日最高上限120元)，假日25元/30分鐘(當日最高上限200元)；館內消費不限金額，停車費比照平日收費(唯無最高收費上限) 費率:計度/固定/8元每度 樓層:B1"
      }
    },
    {
      "type": "Feature",
      "geometry": {
        "type": "Point",
        "coordinates": [
          121.458322,
          25.063823
        ]
      },
      "properties": {
        "city": "NewTaipei",
        "station_name": "新北晶冠廣場",
        "charging_points": 8,
        "telephone": "0800-885-150",
        "description": "停車位:8 充電樁數量:8 停車費:40元/時 費率:計度/固定/8元每度 樓層:B2"
      }
    },
    {
      "type": "Feature",
      "geometry": {
        "type": "Point",
        "coordinates": [
          121.482223,
          25.058943
        ]
      },
      "properties": {
        "city": "NewTaipei",
        "station_name": "歐特儀_新北文中小平面停車場",
        "charging_points": 6,
        "telephone": "0800-885-150",
        "description": "停車位:6 充電樁數量:6 停車費:平日20元/時，假日30元/時(24小時內最高收費200元) 費率:計度/固定/8元每度 樓層:1F"
      }
    },
    {
      "type": "Feature",
      "geometry": {
        "type": "Point",
        "coordinates": [
          121.475523,
          25.049805
        ]
      },
      "properties": {
        "city": "NewTaipei",
        "station_name": "新北興穀國小操場地下停車場",
        "charging_points": 7,
        "telephone": "0800-885-150",
        "description": "停車位:7 充電樁數量:7 停車費:平日30元/時，假日40元/時 費率:計度/固定/8元每度 樓層:B1"
      }
    },
    {
      "type": "Feature",
      "geometry": {
        "type": "Point",
        "coordinates": [
          121.5341,
          24.98942
        ]
      },
      "properties": {
        "city": "NewTaipei",
        "station_name": "易亭_新北新店中正停車場",
        "charging_points": 2,
        "telephone": "0800-885-150",
        "description": "停車位:2 充電樁數量:2 停車費:40元/時，當日最高上限180元 費率:計度/固定/8元每度 樓層:1F"
      }
    },
    {
      "type": "Feature",
      "geometry": {
        "type": "Point",
        "coordinates": [
          121.447089,
          25.039745
        ]
      },
      "properties": {
        "city": "NewTaipei",
        "station_name": "新北市新莊國民運動中心",
        "charging_points": 6,
        "telephone": "0800-885-150",
        "description": "停車位:6 充電樁數量:6 停車費:30元/時 費率:計度/固定/8元每度 樓層:B2"
      }
    },
    {
      "type": "Feature",
      "geometry": {
        "type": "Point",
        "coordinates": [
          121.457871,
          25.037414
        ]
      },
      "properties": {
        "city": "NewTaipei",
        "station_name": "新北新莊農會_信用部",
        "charging_points": 2,
        "telephone": "0800-885-150",
        "description": "停車位:2 充電樁數量:2 停車費:30元/時 費率:計度/固定/8元每度 樓層:B2"
      }
    },
    {
      "type": "Feature",
      "geometry": {
        "type": "Point",
        "coordinates": [
          121.481917,
          25.084479
        ]
      },
      "properties": {
        "city": "NewTaipei",
        "station_name": "力揚_新北蘆洲重陽大樓停車場",
        "charging_points": 1,
        "telephone": "0800-885-150",
        "description": "停車位:1 充電樁數量:1 停車費:30元/時 費率:計度/固定/8元每度 樓層:B1"
      }
    },
    {
      "type": "Feature",
      "geometry": {
        "type": "Point",
        "coordinates": [
          121.495317,
          24.998502
        ]
      },
      "properties": {
        "city": "NewTaipei",
        "station_name": "力揚_新北中和安邦青年社會住宅",
        "charging_points": 8,
        "telephone": "0800-885-150",
        "description": "停車位:5 充電樁數量:8 停車費:40元/時 費率:免費計度/固定/7元每度 樓層:B1"
      }
    },
    {
      "type": "Feature",
      "geometry": {
        "type": "Point",
        "coordinates": [
          121.406811,
          25.154312
        ]
      },
      "properties": {
        "city": "NewTaipei",
        "station_name": "新北市八里區行政中心",
        "charging_points": 8,
        "telephone": "0800-885-150",
        "description": "停車位:8 充電樁數量:8 停車費:20元/時 費率:計度/固定/8元每度 樓層:1F"
      }
    },
    {
      "type": "Feature",
      "geometry": {
        "type": "Point",
        "coordinates": [
          121.637678,
          25.223718
        ]
      },
      "properties": {
        "city": "NewTaipei",
        "station_name": "力揚_新北金山老街文化一路停車場",
        "charging_points": 1,
        "telephone": "0800-885-150",
        "description": "停車位:1 充電樁數量:1 停車費:平日:80元/次；假日:100元/次 費率:計度/固定/8元每度 樓層:1F"
      }
    },
    {
      "type": "Feature",
      "geometry": {
        "type": "Point",
        "coordinates": [
          121.618677,
          25.047103
        ]
      },
      "properties": {
        "city": "NewTaipei",
        "station_name": "白雲國民小學",
        "charging_points": 1,
        "telephone": "0982052927",
        "description": "服務時間：平日 /07:00-19:00 / 停車費率：免費 / 充電費率：計度/固定/9 元每度"
      }
    },
    {
      "type": "Feature",
      "geometry": {
        "type": "Point",
        "coordinates": [
          121.50968,
          24.987066
        ]
      },
      "properties": {
        "city": "NewTaipei",
        "station_name": "興南國民小學",
        "charging_points": 1,
        "telephone": "0939310208",
        "description": "服務時間：週一~週日 00:00~23:59 / 停車費率：$3,100/月 / 充電費率：$9/kWh"
      }
    },
    {
      "type": "Feature",
      "geometry": {
        "type": "Point",
        "coordinates": [
          121.650582,
          25.062755
        ]
      },
      "properties": {
        "city": "NewTaipei",
        "station_name": "星舟x城市車旅_汐止遠雄iFG",
        "charging_points": 16,
        "telephone": "(02)28328057",
        "description": "服務時間：24小時開放。 / 停車費率：停車費率依現場公告為準。 / 充電費率：充電費率依系統公告為準。"
      }
    },
    {
      "type": "Feature",
      "geometry": {
        "type": "Point",
        "coordinates": [
          121.46805,
          25.044641
        ]
      },
      "properties": {
        "city": "NewTaipei",
        "station_name": "星舟x城市車旅_三重冠德心天匯",
        "charging_points": 1,
        "telephone": "(02)28328057",
        "description": "服務時間：24小時開放。 / 停車費率：停車費率依現場公告為準。 / 充電費率：充電費率依系統公告為準。"
      }
    },
    {
      "type": "Feature",
      "geometry": {
        "type": "Point",
        "coordinates": [
          121.44864,
          25.16881
        ]
      },
      "properties": {
        "city": "NewTaipei",
        "station_name": "學府停車場",
        "charging_points": 2,
        "telephone": "(02)-26028799",
        "description": "充電費率每度7.8元，充電插頭 J-1772，充電格位數2"
      }
    },
    {
      "type": "Feature",
      "geometry": {
        "type": "Point",
        "coordinates": [
          121.48475,
          25.00673
        ]
      },
      "properties": {
        "city": "NewTaipei",
        "station_name": "立言停車場",
        "charging_points": 2,
        "telephone": "(02)8912-1051",
        "description": "慢充，充電格位數2，需使用車車電充APP"
      }
    },
    {
      "type": "Feature",
      "geometry": {
        "type": "Point",
        "coordinates": [
          121.44976612470793,
          24.97964779588954
        ]
      },
      "properties": {
        "city": "NewTaipei",
        "station_name": "淞和快充 土城站 evbar",
        "charging_points": 3,
        "telephone": "02-22559610",
        "description": "7x24 小時。停車費率：免費。充電樁數目：3，CCS1數量：2，CCS2數量：2，J1772數量：1"
      }
    },
    {
      "type": "Feature",
      "geometry": {
        "type": "Point",
        "coordinates": [
          121.36692472481229,
          24.92663308991876
        ]
      },
      "properties": {
        "city": "NewTaipei",
        "station_name": "全尚大同路充電站 evbar",
        "charging_points": 1,
        "telephone": "02-22559610",
        "description": "7x24 小時。停車費率：免費。充電樁數目：1，J1772數量：1"
      }
    },
    {
      "type": "Feature",
      "geometry": {
        "type": "Point",
        "coordinates": [
          121.37287112735576,
          24.94347487046186
        ]
      },
      "properties": {
        "city": "NewTaipei",
        "station_name": "全尚國際二街充電站 evbar",
        "charging_points": 1,
        "telephone": "02-22559610",
        "description": "7x24 小時。停車費率：免費。充電樁數目：1，J1772數量：1"
      }
    },
    {
      "type": "Feature",
      "geometry": {
        "type": "Point",
        "coordinates": [
          121.45953088363811,
          25.0569514298367
        ]
      },
      "properties": {
        "city": "NewTaipei",
        "station_name": "新莊思源快充站 evbar",
        "charging_points": 1,
        "telephone": "02-22559610",
        "description": "7x24 小時。停車費率：免費。充電樁數目：1，CCS1數量：1，CCS2數量：1"
      }
    },
    {
      "type": "Feature",
      "geometry": {
        "type": "Point",
        "coordinates": [
          121.38084345364877,
          24.94577480838474
        ]
      },
      "properties": {
        "city": "NewTaipei",
        "station_name": "全尚學成路充電站 evbar",
        "charging_points": 1,
        "telephone": "02-22559610",
        "description": "7x24 小時。停車費率：計時/每日/10 元每小時。充電樁數目：1，J1772數量：1"
      }
    },
    {
      "type": "Feature",
      "geometry": {
        "type": "Point",
        "coordinates": [
          121.55537710036832,
          24.93273518405374
        ]
      },
      "properties": {
        "city": "NewTaipei",
        "station_name": "全尚粗坑里辦事處充電站 evbar",
        "charging_points": 1,
        "telephone": "02-22559610",
        "description": "7x24 小時。停車費率：計時/每日/60 元每小時。充電樁數目：1，J1772數量：1"
      }
    },
    {
      "type": "Feature",
      "geometry": {
        "type": "Point",
        "coordinates": [
          121.49137410627374,
          25.00073250794226
        ]
      },
      "properties": {
        "city": "NewTaipei",
        "station_name": "中和充電站 evbar",
        "charging_points": 4,
        "telephone": "02-22559610",
        "description": "7x24 小時。停車費率：免費。充電樁數目：4，J1772數量：4"
      }
    },
    {
      "type": "Feature",
      "geometry": {
        "type": "Point",
        "coordinates": [
          121.43913862473616,
          24.97858309778449
        ]
      },
      "properties": {
        "city": "NewTaipei",
        "station_name": "全尚誠陽車業 evbar",
        "charging_points": 1,
        "telephone": "02-22559610",
        "description": "7x24 小時。停車費率：免費。充電樁數目：1，J1772數量：1"
      }
    },
    {
      "type": "Feature",
      "geometry": {
        "type": "Point",
        "coordinates": [
          121.33839637116446,
          24.95466688077913
        ]
      },
      "properties": {
        "city": "NewTaipei",
        "station_name": "全方位停車場鶯桃站 evbar",
        "charging_points": 2,
        "telephone": "02-22559610",
        "description": "星期一：00:00～23:59\n星期二：00:00～23:59\n星期三：00:00～23:59\n星期四：00:00～23:59\n星期五：00:00～23:59\n星期六：00:00～23:59\n星期日：00:00～11:59。停車費率：免費。充電樁數目：2，J1772數量：2"
      }
    },
    {
      "type": "Feature",
      "geometry": {
        "type": "Point",
        "coordinates": [
          121.46655660065518,
          25.02791453940909
        ]
      },
      "properties": {
        "city": "NewTaipei",
        "station_name": "新北市立江翠國民中學 evbar",
        "charging_points": 1,
        "telephone": "02-22559610",
        "description": "7x24 小時。停車費率：計時/每日/20 元每小時。充電樁數目：1，J1772數量：1"
      }
    },
    {
      "type": "Feature",
      "geometry": {
        "type": "Point",
        "coordinates": [
          121.65611592208882,
          25.06544411794944
        ]
      },
      "properties": {
        "city": "NewTaipei",
        "station_name": "汐科站停車場 evbar",
        "charging_points": 4,
        "telephone": "02-22559610",
        "description": "7x24 小時。停車費率：免費。充電樁數目：4，J1772數量：4"
      }
    },
    {
      "type": "Feature",
      "geometry": {
        "type": "Point",
        "coordinates": [
          121.46326220967397,
          25.09001624720953
        ]
      },
      "properties": {
        "city": "NewTaipei",
        "station_name": "蘆洲區忠義國小地下停車場 evbar",
        "charging_points": 2,
        "telephone": "",
        "description": "7x24 小時。停車費率：計時/每日/40 元每小時。充電樁數目：2，J1772數量：1，Type2數量：1"
      }
    },
    {
      "type": "Feature",
      "geometry": {
        "type": "Point",
        "coordinates": [
          121.52584,
          24.98047
        ]
      },
      "properties": {
        "city": "NewTaipei",
        "station_name": "Acon-eco新北新店央北站",
        "charging_points": 1,
        "telephone": "0800-868885",
        "description": "充電格數1格，停車費率 每日/30元/每小時"
      }
    },
    {
      "type": "Feature",
      "geometry": {
        "type": "Point",
        "coordinates": [
          121.45338,
          25.05921
        ]
      },
      "properties": {
        "city": "NewTaipei",
        "station_name": "Acon-eco新北新莊昌平站",
        "charging_points": 2,
        "telephone": "0800-868885",
        "description": "充電格數2格，停車費率 每日/20元/每小時"
      }
    },
    {
      "type": "Feature",
      "geometry": {
        "type": "Point",
        "coordinates": [
          121.46958,
          25.09507
        ]
      },
      "properties": {
        "city": "NewTaipei",
        "station_name": "Acon-eco新北蘆洲仁愛街站",
        "charging_points": 1,
        "telephone": "0800-868885",
        "description": "充電格數1格，月租車位"
      }
    },
    {
      "type": "Feature",
      "geometry": {
        "type": "Point",
        "coordinates": [
          121.52598,
          24.98141
        ]
      },
      "properties": {
        "city": "NewTaipei",
        "station_name": "Acon-eco新北新店央北青年社宅站",
        "charging_points": 8,
        "telephone": "0800-868885",
        "description": "充電格數7格，停車費率 每日/30元/每小時"
      }
    },
    {
      "type": "Feature",
      "geometry": {
        "type": "Point",
        "coordinates": [
          121.44782,
          24.98165
        ]
      },
      "properties": {
        "city": "NewTaipei",
        "station_name": "Acon-eco新北土城員和青年社宅站",
        "charging_points": 5,
        "telephone": "0800-868885",
        "description": "充電格數5格，停車費率 每日/30元/每小時"
      }
    },
    {
      "type": "Feature",
      "geometry": {
        "type": "Point",
        "coordinates": [
          121.44089,
          25.17312
        ]
      },
      "properties": {
        "city": "NewTaipei",
        "station_name": "Acon-eco新北淡水國小站",
        "charging_points": 1,
        "telephone": "0800-868885",
        "description": "充電格數1格，停車費率 國定例假日/50元/每小時"
      }
    },
    {
      "type": "Feature",
      "geometry": {
        "type": "Point",
        "coordinates": [
          121.45893,
          25.0563
        ]
      },
      "properties": {
        "city": "NewTaipei",
        "station_name": "Acon-eco新北新莊副都84站",
        "charging_points": 2,
        "telephone": "0800-868885",
        "description": "充電格數2格，停車費率 每日/30元/每小時"
      }
    },
    {
      "type": "Feature",
      "geometry": {
        "type": "Point",
        "coordinates": [
          121.524995,
          25.00342
        ]
      },
      "properties": {
        "city": "NewTaipei",
        "station_name": "Acon-eco新北永和運動中心站",
        "charging_points": 6,
        "telephone": "0800-868885",
        "description": "充電格數6格，停車費率 每日/30元/每小時"
      }
    },
    {
      "type": "Feature",
      "geometry": {
        "type": "Point",
        "coordinates": [
          121.39069,
          25.14989
        ]
      },
      "properties": {
        "city": "NewTaipei",
        "station_name": "Acon-eco新北台北港站",
        "charging_points": 1,
        "telephone": "0800-868885",
        "description": "充電格數1格，停車費率 每日/20元/每小時"
      }
    },
    {
      "type": "Feature",
      "geometry": {
        "type": "Point",
        "coordinates": [
          121.37252,
          25.0698
        ]
      },
      "properties": {
        "city": "NewTaipei",
        "station_name": "Acon-eco新北林口忠孝站",
        "charging_points": 1,
        "telephone": "0800-868885",
        "description": "充電格數1格，停車費率 每日/20元/每小時"
      }
    },
    {
      "type": "Feature",
      "geometry": {
        "type": "Point",
        "coordinates": [
          121.53697,
          24.96116
        ]
      },
      "properties": {
        "city": "NewTaipei",
        "station_name": "Acon-eco新北碧潭東岸停車場站",
        "charging_points": 2,
        "telephone": "0800-868885",
        "description": "充電格數2格，停車費率 平日/30元/每小時, 停車費率 假日/40元/每小時"
      }
    },
    {
      "type": "Feature",
      "geometry": {
        "type": "Point",
        "coordinates": [
          121.53438,
          24.95954
        ]
      },
      "properties": {
        "city": "NewTaipei",
        "station_name": "Acon-eco新北碧潭西岸停車場站",
        "charging_points": 2,
        "telephone": "0800-868885",
        "description": "充電格數2格，停車費率 每日/30元/每小時"
      }
    },
    {
      "type": "Feature",
      "geometry": {
        "type": "Point",
        "coordinates": [
          121.53787,
          24.95255
        ]
      },
      "properties": {
        "city": "NewTaipei",
        "station_name": "Acon-eco新北碧潭渡船頭停車場站",
        "charging_points": 2,
        "telephone": "0800-868885",
        "description": "充電格數2格，停車費率 平日/30元/每小時, 停車費率 假日/40元/每小時"
      }
    },
    {
      "type": "Feature",
      "geometry": {
        "type": "Point",
        "coordinates": [
          121.63856,
          25.05978
        ]
      },
      "properties": {
        "city": "NewTaipei",
        "station_name": "Acon-eco新北汐止同興停車場站",
        "charging_points": 1,
        "telephone": "0800-868885",
        "description": "充電格數1格，停車費率 每日/50元/每小時"
      }
    },
    {
      "type": "Feature",
      "geometry": {
        "type": "Point",
        "coordinates": [
          121.42455,
          24.99012
        ]
      },
      "properties": {
        "city": "NewTaipei",
        "station_name": "Acon-eco新北樹林區公所站",
        "charging_points": 1,
        "telephone": "0800-868885",
        "description": "充電格數1格，停車費率 每日/30元/每小時"
      }
    },
    {
      "type": "Feature",
      "geometry": {
        "type": "Point",
        "coordinates": [
          121.37344,
          25.07373
        ]
      },
      "properties": {
        "city": "NewTaipei",
        "station_name": "Acon-eco新北林口檔案館站",
        "charging_points": 5,
        "telephone": "0800-868885",
        "description": "充電格數5格，停車費率 每日/30元/每小時"
      }
    },
    {
      "type": "Feature",
      "geometry": {
        "type": "Point",
        "coordinates": [
          121.47035,
          25.2515
        ]
      },
      "properties": {
        "city": "NewTaipei",
        "station_name": "Acon-eco新北三芝淺水灣站",
        "charging_points": 5,
        "telephone": "0800-868885",
        "description": "充電格數5格，停車費率 每日/100元/每次"
      }
    },
    {
      "type": "Feature",
      "geometry": {
        "type": "Point",
        "coordinates": [
          121.63303,
          25.2392
        ]
      },
      "properties": {
        "city": "NewTaipei",
        "station_name": "Acon-eco新北金山中角灣站",
        "charging_points": 2,
        "telephone": "0800-868885",
        "description": "充電格數2格，停車費率 平日/60元/每次, 停車費率 假日/120元/每次"
      }
    },
    {
      "type": "Feature",
      "geometry": {
        "type": "Point",
        "coordinates": [
          121.5343,
          24.9831
        ]
      },
      "properties": {
        "city": "NewTaipei",
        "station_name": "Acon-eco新北新店民權中正站",
        "charging_points": 1,
        "telephone": "0800-868885",
        "description": "充電格數1格，停車費率 每日/70元/每小時"
      }
    },
    {
      "type": "Feature",
      "geometry": {
        "type": "Point",
        "coordinates": [
          121.3569,
          25.07032
        ]
      },
      "properties": {
        "city": "NewTaipei",
        "station_name": "Acon-eco新北全聯林口文化北站",
        "charging_points": 1,
        "telephone": "0800-868885",
        "description": "充電格數2格，停車費率 平日/50元/每小時, 停車費率 假日/100元/每小時，消費折抵1h"
      }
    },
    {
      "type": "Feature",
      "geometry": {
        "type": "Point",
        "coordinates": [
          121.36749546894194,
          25.069189958914354
        ]
      },
      "properties": {
        "city": "NewTaipei",
        "station_name": "全聯林口公園站",
        "charging_points": 1,
        "telephone": "02-26069114",
        "description": "CCS1 x 1, CCS2 x 1"
      }
    },
    {
      "type": "Feature",
      "geometry": {
        "type": "Point",
        "coordinates": [
          121.4985614527659,
          25.079920893053735
        ]
      },
      "properties": {
        "city": "NewTaipei",
        "station_name": "全聯三重仁義站",
        "charging_points": 1,
        "telephone": "02-26069114",
        "description": "CCS1 x 1, CCS2 x 1"
      }
    },
    {
      "type": "Feature",
      "geometry": {
        "type": "Point",
        "coordinates": [
          121.429683,
          25.160655
        ]
      },
      "properties": {
        "city": "NewTaipei",
        "station_name": "YES八里永續環境教育中心",
        "charging_points": 2,
        "telephone": "02-55900599",
        "description": "充電費率AC每分1元。充電插頭J-1772。充電格位數2"
      }
    },
    {
      "type": "Feature",
      "geometry": {
        "type": "Point",
        "coordinates": [
          121.44393,
          25.18714
        ]
      },
      "properties": {
        "city": "NewTaipei",
        "station_name": "新北市淡水區公所",
        "charging_points": 1,
        "telephone": "02-55900599",
        "description": "充電費率免費。充電插頭J-1772。充電格位數1"
      }
    },
    {
      "type": "Feature",
      "geometry": {
        "type": "Point",
        "coordinates": [
          121.44294,
          24.97239
        ]
      },
      "properties": {
        "city": "NewTaipei",
        "station_name": "新北市土城區公所",
        "charging_points": 1,
        "telephone": "",
        "description": "充電費率AC每度8元。充電插頭J-1772。充電格位數1"
      }
    },
    {
      "type": "Feature",
      "geometry": {
        "type": "Point",
        "coordinates": [
          121.36076,
          25.06623
        ]
      },
      "properties": {
        "city": "NewTaipei",
        "station_name": "新北－林口亞昕福朋喜來登酒店",
        "charging_points": 4,
        "telephone": "0809007518",
        "description": "位於林口福朋喜來登地下停車場"
      }
    },
    {
      "type": "Feature",
      "geometry": {
        "type": "Point",
        "coordinates": [
          121.46436,
          25.01065
        ]
      },
      "properties": {
        "city": "NewTaipei",
        "station_name": "板橋遠百中山店",
        "charging_points": 8,
        "telephone": "02-2531-0858",
        "description": "位於板橋遠百中山店停車場B2"
      }
    },
    {
      "type": "Feature",
      "geometry": {
        "type": "Point",
        "coordinates": [
          121.44903,
          25.1722
        ]
      },
      "properties": {
        "city": "NewTaipei",
        "station_name": "雲樁科技鄧公國小站",
        "charging_points": 2,
        "telephone": "02-8751-1886",
        "description": "充電費率每分鐘1元。充電插頭Type1、Type2。充電格位數2。"
      }
    },
    {
      "type": "Feature",
      "geometry": {
        "type": "Point",
        "coordinates": [
          121.448458,
          25.09521105
        ]
      },
      "properties": {
        "city": "NewTaipei",
        "station_name": "五股運動中心",
        "charging_points": 1,
        "telephone": "0931-263-103",
        "description": "充電車位1格，充電樁1座，J1772*1，位於平面停車場1F、 1號停車格 ，為交流充電規格。"
      }
    },
    {
      "type": "Feature",
      "geometry": {
        "type": "Point",
        "coordinates": [
          121.4619974,
          25.09151955
        ]
      },
      "properties": {
        "city": "NewTaipei",
        "station_name": "蘆洲運動中心",
        "charging_points": 1,
        "telephone": "0931-263-103",
        "description": "充電車位1格，充電樁1座，J1772*1，位於停車場B1地下室、 3號停車格 ，為交流充電規格。"
      }
    },
    {
      "type": "Feature",
      "geometry": {
        "type": "Point",
        "coordinates": [
          121.360965,
          25.066492
        ]
      },
      "properties": {
        "city": "NewTaipei",
        "station_name": "林口亞昕福朋喜來登酒店",
        "charging_points": 6,
        "telephone": "02-77276988",
        "description": "全天候開放，可持悠遊卡進場，依場域規定繳費，緩衝時間15分鐘&nbsp;"
      }
    },
    {
      "type": "Feature",
      "geometry": {
        "type": "Point",
        "coordinates": [
          121.367965,
          24.939676
        ]
      },
      "properties": {
        "city": "NewTaipei",
        "station_name": "國立臺北大學",
        "charging_points": 2,
        "telephone": "02-26731949",
        "description": "○本站訂閱用戶享充電優惠：平日離峰、假日全時段皆適用-○適用星晴費率，採時間電價計費-全天候開放，停車費依場域規定繳費，夜間12點之後，請告知校門警衛入校目的為充電，校內心湖會館有廁所-○同規格滿位，充電上限85%時間:平日12~15與21~23"
      }
    },
    {
      "type": "Feature",
      "geometry": {
        "type": "Point",
        "coordinates": [
          121.460858,
          25.013104
        ]
      },
      "properties": {
        "city": "NewTaipei",
        "station_name": "捷運江子翠站",
        "charging_points": 1,
        "telephone": "02-27995656",
        "description": "充電費率每度0元，充電插頭J1772，充電格位數1充電車位1格，充電樁1座，位於1F樓層之1停車格為慢速充電規格。"
      }
    },
    {
      "type": "Feature",
      "geometry": {
        "type": "Point",
        "coordinates": [
          121.37561,
          25.07756
        ]
      },
      "properties": {
        "city": "NewTaipei",
        "station_name": "林口世大運選手村社會住宅地下停車場A區",
        "charging_points": 7,
        "telephone": "02-8601-8552",
        "description": "充電費率每度8元，充電插頭J-1772，充電車位7格，充電樁7座，位於B1樓層之228~234停車格皆為慢速充電規格。"
      }
    },
    {
      "type": "Feature",
      "geometry": {
        "type": "Point",
        "coordinates": [
          121.37692,
          25.07539
        ]
      },
      "properties": {
        "city": "NewTaipei",
        "station_name": "林口世大運選手村社會住宅地下停車場B區",
        "charging_points": 6,
        "telephone": "02-8601-8536",
        "description": "每日充電費率每度8元，充電插頭J-1772，充電車位6格，充電樁6座，位於B1樓層之187~192停車格，皆為慢速充電規格。"
      }
    },
    {
      "type": "Feature",
      "geometry": {
        "type": "Point",
        "coordinates": [
          121.37942,
          25.075
        ]
      },
      "properties": {
        "city": "NewTaipei",
        "station_name": "林口世大運選手村社會住宅地下停車場C區",
        "charging_points": 7,
        "telephone": "02-8601-8565",
        "description": "充電費率每度8元，充電插頭J-1772，充電車位7格，充電樁7座，位於B1樓層層之116~118、195~198停車格皆為慢速充電規格。"
      }
    },
    {
      "type": "Feature",
      "geometry": {
        "type": "Point",
        "coordinates": [
          121.3776,
          25.07248
        ]
      },
      "properties": {
        "city": "NewTaipei",
        "station_name": "林口世大運選手村社會住宅地下停車場D區",
        "charging_points": 8,
        "telephone": "02-2606-8064",
        "description": "充電費率每度8元，充電插頭J-1772，充電車位8格，充電樁8座，位於B1樓層層之274、277~283停車格，皆為慢速充電規格。"
      }
    },
    {
      "type": "Feature",
      "geometry": {
        "type": "Point",
        "coordinates": [
          121.44779,
          25.042396
        ]
      },
      "properties": {
        "city": "NewTaipei",
        "station_name": "新莊體育園區停車場",
        "charging_points": 14,
        "telephone": "02-77137800",
        "description": "充電車位14格，充電樁14座"
      }
    },
    {
      "type": "Feature",
      "geometry": {
        "type": "Point",
        "coordinates": [
          121.4131,
          25.02275
        ]
      },
      "properties": {
        "city": "NewTaipei",
        "station_name": "捷運迴龍站轉乘停車場",
        "charging_points": 5,
        "telephone": "02-77137800",
        "description": "充電車位5格，充電樁5座"
      }
    },
    {
      "type": "Feature",
      "geometry": {
        "type": "Point",
        "coordinates": [
          121.46419,
          25.01549
        ]
      },
      "properties": {
        "city": "NewTaipei",
        "station_name": "板橋車站地下停車場",
        "charging_points": 2,
        "telephone": "02-77137800",
        "description": "充電車位2格，充電樁2座"
      }
    },
    {
      "type": "Feature",
      "geometry": {
        "type": "Point",
        "coordinates": [
          121.44919,
          24.98715
        ]
      },
      "properties": {
        "city": "NewTaipei",
        "station_name": "捷運海山站轉乘停車場",
        "charging_points": 2,
        "telephone": "02-77137800",
        "description": "充電車位2格，充電樁2座"
      }
    },
    {
      "type": "Feature",
      "geometry": {
        "type": "Point",
        "coordinates": [
          121.43628,
          24.96566
        ]
      },
      "properties": {
        "city": "NewTaipei",
        "station_name": "捷運永寧站轉乘停車場",
        "charging_points": 5,
        "telephone": "02-77137800",
        "description": "充電車位5格，充電樁5座"
      }
    },
    {
      "type": "Feature",
      "geometry": {
        "type": "Point",
        "coordinates": [
          121.41981,
          24.9589
        ]
      },
      "properties": {
        "city": "NewTaipei",
        "station_name": "捷運頂埔站轉乘停車場",
        "charging_points": 2,
        "telephone": "02-77137800",
        "description": "充電車位2格，充電樁2座"
      }
    },
    {
      "type": "Feature",
      "geometry": {
        "type": "Point",
        "coordinates": [
          121.65527,
          25.06538
        ]
      },
      "properties": {
        "city": "NewTaipei",
        "station_name": "上嘉管理顧問有限公司汐科營業所",
        "charging_points": 4,
        "telephone": "02-22697887",
        "description": "無"
      }
    },
    {
      "type": "Feature",
      "geometry": {
        "type": "Point",
        "coordinates": [
          121.497697,
          25.0800244
        ]
      },
      "properties": {
        "city": "NewTaipei",
        "station_name": "城市車旅三重元信(三重元信2)",
        "charging_points": 2,
        "telephone": "02-22697887",
        "description": "無"
      }
    },
    {
      "type": "Feature",
      "geometry": {
        "type": "Point",
        "coordinates": [
          121.44753,
          25.00546
        ]
      },
      "properties": {
        "city": "NewTaipei",
        "station_name": "ECAR-台灣藝術大學站",
        "charging_points": 2,
        "telephone": "02-22697887",
        "description": "J1772*2"
      }
    },
    {
      "type": "Feature",
      "geometry": {
        "type": "Point",
        "coordinates": [
          121.43208,
          25.17505
        ]
      },
      "properties": {
        "city": "NewTaipei",
        "station_name": "及泰企業有限公司紅毛城停車場",
        "charging_points": 1,
        "telephone": "02-22697887",
        "description": "無"
      }
    },
    {
      "type": "Feature",
      "geometry": {
        "type": "Point",
        "coordinates": [
          121.55448,
          24.95204
        ]
      },
      "properties": {
        "city": "NewTaipei",
        "station_name": "根基國際有限公司青潭國民小學停車場",
        "charging_points": 2,
        "telephone": "(02)27546661",
        "description": "充電車位*2 , J1772*2"
      }
    },
    {
      "type": "Feature",
      "geometry": {
        "type": "Point",
        "coordinates": [
          121.45876,
          25.0076
        ]
      },
      "properties": {
        "city": "NewTaipei",
        "station_name": "國雲停車-府中汽車停車場",
        "charging_points": 2,
        "telephone": "02-25573722",
        "description": "J1772*2"
      }
    },
    {
      "type": "Feature",
      "geometry": {
        "type": "Point",
        "coordinates": [
          121.45558,
          25.02783
        ]
      },
      "properties": {
        "city": "NewTaipei",
        "station_name": "江翠停五平面停車場",
        "charging_points": 1,
        "telephone": "02-22697887",
        "description": "無"
      }
    },
    {
      "type": "Feature",
      "geometry": {
        "type": "Point",
        "coordinates": [
          121.45659,
          25.02846
        ]
      },
      "properties": {
        "city": "NewTaipei",
        "station_name": "市立殯儀館停車場",
        "charging_points": 1,
        "telephone": "02-22697887",
        "description": "無"
      }
    },
    {
      "type": "Feature",
      "geometry": {
        "type": "Point",
        "coordinates": [
          121.40795,
          24.94835
        ]
      },
      "properties": {
        "city": "NewTaipei",
        "station_name": "新北市立殯儀館三峽火化立體停車場",
        "charging_points": 1,
        "telephone": "02-22697887",
        "description": "無"
      }
    }
  ]
}