city,dataset_id,dataset_no,name,theme,has_location,has_time,has_numeric,data_type,main_usage,cross_city_pair,priority_score,raw_theme,service_category,dataset_type,provider_level_1,provider_level_2,provider,update_frequency,format,language,published_at,access_url,description,fields,theme_score_detail
newtaipei,292443D2-FAEF-452C-96CD-33053E7369B6,,新北市各區人數統計表,勞動福祉,True,True,True,area,就業趨勢與社福資源分析,False,4,民政,公共資訊,,,,新北市政府民政局/戶政科,每月,JSON、CSV、XML,中文,,https://data.ntpc.gov.tw/datasets/292443d2-faef-452c-96cd-33053e7369b6,新北市各區人數統計表，為新北市各里數、鄰數、戶數、男女人口、總人口的統計資料。,,智慧通勤:0; 韌性防災:0; 永續環境:0; 食安健康:0; 勞動福祉:3; 文化共融:0
newtaipei,5333CCA8-F9A7-446F-9B9A-92FEDE2FE04E,,新北市各里人數排行榜(新版),勞動福祉,True,True,True,area,就業趨勢與社福資源分析,False,4,民政,公共資訊,,,,新北市政府民政局/戶政科,每月,JSON、CSV、XML,中文,,https://data.ntpc.gov.tw/datasets/5333cca8-f9a7-446f-9b9a-92fede2fe04e,新北市各里人數排行榜，其資料內容包含各里鄰數、戶數、男女人口、總人口等資訊。,,智慧通勤:0; 韌性防災:0; 永續環境:0; 食安健康:0; 勞動福祉:3; 文化共融:0
newtaipei,69CECDB0-7796-48DF-84E5-99E4F1274245,,新北市私立托嬰機構名冊,勞動福祉,True,True,True,point,就業趨勢與社福資源分析,False,4,社福,出生及收養,,,,新北市政府社會局/兒童托育科,每年,JSON、CSV、XML,中文,,https://data.ntpc.gov.tw/datasets/69cecdb0-7796-48df-84e5-99e4f1274245,新北市政府社會局所提供的托嬰機構名冊主要提供欄位包含名稱、地址、電話、可收托人數、備註,,智慧通勤:0; 韌性防災:0; 永續環境:0; 食安健康:0; 勞動福祉:2; 文化共融:0
newtaipei,D7B568AB-3819-40C8-A6E7-A6B199443101,,新北市門牌位置數值資料,勞動福祉,True,True,False,area,就業趨勢與社福資源分析,True,4,民政,購屋及遷徙,,,,新北市政府民政局/戶政科,每月,JSON、CSV、XML,中文,,https://data.ntpc.gov.tw/datasets/d7b568ab-3819-40c8-a6e7-a6b199443101,新北市門牌號碼與門牌位置坐標等數值資料11504,,智慧通勤:0; 韌性防災:0; 永續環境:0; 食安健康:0; 勞動福祉:2; 文化共融:0
newtaipei,1642DFD2-C8C2-48A9-AA0B-61BD9A7165F8,,現住戶數、人口密度及性比例,勞動福祉,True,True,True,area,就業趨勢與社福資源分析,False,4,統計,公共資訊,,,,新北市政府主計處/公務統計科,每年,JSON、CSV、XML,中文,,https://data.ntpc.gov.tw/datasets/1642dfd2-c8c2-48a9-aa0b-61bd9a7165f8,"1.現住戶數、人口密度及性比例年
2.單位：平方公里、個、戶、人、%
3.各項欄位說明詳參新北市統計年報(網址：http://www.bas.ntpc.gov.tw/home.jsp?id=OTE=)或電洽主計處查詢。",,智慧通勤:0; 韌性防災:0; 永續環境:0; 食安健康:0; 勞動福祉:1; 文化共融:0
taipei,a5658ecc-ed0b-41b3-8b2a-301c6d6c298b,00000954,社會福利統計_臺北市兒少機構收容暨空位狀態,勞動福祉,True,True,True,point,就業趨勢與社福資源分析,False,4,社福,出生及收養,網路服務,社會局,,社會局,不定期更新,CSV,中文,2020-07-24T00:00:00,/api/dataset/a5658ecc-ed0b-41b3-8b2a-301c6d6c298b/resource/b3231553-b8b3-4e51-90fd-2cd1a4d8a656/download,兒少機構收容暨空位狀態,"序號、行政區、屬性、機構名稱、機構類型、服務對象、核定服務床位數量、可申請床位數量、說明、評鑑、地址、電話、聯絡人、網址、更新日期
",智慧通勤:0; 韌性防災:0; 永續環境:0; 食安健康:0; 勞動福祉:3; 文化共融:0
taipei,30556fa4-9a39-4c3f-b233-cfe83f82796a,00000656,社會福利統計_臺北市政府義務採購機關採購身心障礙機構團體彙整表,勞動福祉,True,True,True,point,就業趨勢與社福資源分析,False,4,社福,公共資訊,網路服務,社會局,,社會局,每1年,CSV,中文,2015-06-24T00:00:00,/api/dataset/30556fa4-9a39-4c3f-b233-cfe83f82796a/resource/7f8088a9-69f4-4921-826c-25e46e637fde/download,相關資料呈現於臺北市政府社會局>身心障礙者服務 >優先採購身障機構團體或庇護工場生產物品及服務,機關名稱、機關代碼、單位名稱、地址、聯絡電話,智慧通勤:0; 韌性防災:0; 永續環境:0; 食安健康:0; 勞動福祉:3; 文化共融:0
taipei,3c0cd5aa-ad4b-4695-b197-f9eb3405e556,00000953,社會福利統計_臺北市身障機構收容暨空位狀態,勞動福祉,True,True,True,point,就業趨勢與社福資源分析,False,4,社福,公共資訊,網路服務,社會局,,社會局,不定期更新,CSV,中文,2020-07-23T00:00:00,/api/dataset/3c0cd5aa-ad4b-4695-b197-f9eb3405e556/resource/ffa97c0a-d918-4bc6-a00b-298c39ed4e81/download,身障機構空位狀態,序號、行政區、屬性、機構名稱、機構類型、成人日間照顧床位數量、全日型住宿床位數量、早療日間照顧、夜間型住宿床位數量、緊急短期安置床位數量、地址、網址,智慧通勤:0; 韌性防災:1; 永續環境:0; 食安健康:0; 勞動福祉:4; 文化共融:0
taipei,1442b5c9-b5b6-4964-8cc3-29c4d4ff8741,00002838,臺北市109年9月後戶籍登記案件及核發證明文件統計,勞動福祉,True,True,True,area,就業趨勢與社福資源分析,False,4,民政,公共資訊,原始資料,民政局,,民政局,每1月,"CSV,CSV,CSV,CSV,CSV,CSV,CSV,CSV,CSV,CSV",中文,2022-02-08T00:00:00,"/api/dataset/1442b5c9-b5b6-4964-8cc3-29c4d4ff8741/resource/8e2093c1-7337-4081-8e74-ade05e6aed6b/download,/api/dataset/1442b5c9-b5b6-4964-8cc3-29c4d4ff8741/resource/c72c339f-2d59-44a6-b6d0-a2990bbb065f/download,/api/dataset/1442b5c9-b5b6-4964-8cc3-29c4d4ff8741/resource/4191fc22-833e-4973-9dd4-b23a25592b01/download,/api/dataset/1442b5c9-b5b6-4964-8cc3-29c4d4ff8741/resource/fde43529-7e60-4489-982d-5cf4a895cb5e/download,/api/dataset/1442b5c9-b5b6-4964-8cc3-29c4d4ff8741/resource/ffd6e890-2776-4de4-9a70-517339eb1b99/download,/api/dataset/1442b5c9-b5b6-4964-8cc3-29c4d4ff8741/resource/91e57437-47ad-45ac-b887-8276ca50ee0d/download,/api/dataset/1442b5c9-b5b6-4964-8cc3-29c4d4ff8741/resource/185df796-2284-4ac8-b841-d8f02959a6bb/download,/api/dataset/1442b5c9-b5b6-4964-8cc3-29c4d4ff8741/resource/2b7d59c8-c947-4a92-a7f0-fb0431f62e8e/download,/api/dataset/1442b5c9-b5b6-4964-8cc3-29c4d4ff8741/resource/7afc3365-95f3-4772-a545-18f1fc334f66/download,/api/dataset/1442b5c9-b5b6-4964-8cc3-29c4d4ff8741/resource/ae1e5416-ccc1-4c01-a731-a62d5f7fc000/download",臺北市各區戶籍登記案件及核發證明文件統計表(新增相同性別結婚證明書等案件統計),月份、區別、戶籍登記案件數量、國民身分證_初發補發換發數量、空白證毀損數量、門牌數量、門牌證明數量、戶口統計資料數量、催告戶籍登記數量、家暴跟騷註記、本地戶籍謄本數量、代發本市戶籍謄本數量、代發他縣市戶籍謄本數量數量、印鑑證明與登記數量、戶口名簿數量、閱覽數量、本地英文戶籍謄本數量、代發本市英文戶籍謄本、代發他縣市英文戶籍謄本、結婚證明書、英文結婚證明書、離婚證明書、英文離婚證明書、親等關聯資料、巡迴查對更正、里鄰改編改註、非現住人口處理案件、婚姻紀錄證明書、遷徙紀錄證明書、姓名更改紀錄證明書、相同性別結婚證明書、英文相同性別結婚證明書、終止結婚證明書、英文終止結婚證明書、戶籍罰鍰、單區案件總數,智慧通勤:0; 韌性防災:0; 永續環境:0; 食安健康:0; 勞動福祉:3; 文化共融:0
taipei,bc5f7ee7-a301-407f-9ea7-bca6d0a22264,00003591,臺北市113年度長青學苑秋季班課程資料,勞動福祉,True,True,True,area,就業趨勢與社福資源分析,False,4,社福,老年安養,網路服務,社會局,,社會局,不定期更新,CSV,中文,2020-12-30T00:00:00,/api/dataset/bc5f7ee7-a301-407f-9ea7-bca6d0a22264/resource/f33bb672-4f2e-4629-8d86-cfd0050a2e8a/download,提供113年度長青學苑秋季班課程資料,上課區域、中心別、課程、上課時間、指導老師、開課期間、名額數量、會員學費金額、非會員學費金額、其他優惠、報名暨上課地點、聯絡電話、分機、承辦窗口,智慧通勤:0; 韌性防災:0; 永續環境:0; 食安健康:0; 勞動福祉:1; 文化共融:0
taipei,52060e12-e58b-42d8-92a4-40b97fd277f5,00002429,臺北市人口、密度及性比例,勞動福祉,True,True,True,area,就業趨勢與社福資源分析,False,4,統計,公共資訊,原始資料,主計處,,主計處,每1年,CSV,中文,2022-01-18T00:00:00,https://tsis.dbas.gov.taipei/statis/webMain.aspx?sys=220&ymf=5700&kind=21&type=0&funid=a05002201&cycle=4&outmode=12&compmode=0&outkind=1&deflst=2&nzo=1,臺北市人口、密度及性比例時間數列統計資料,統計期、土地面積[平方公里]、人口數/總計[人]、人口數/男[人]、人口數/女[人]、人口密度[人/平方公里]、性比例[男/百女],智慧通勤:0; 韌性防災:0; 永續環境:0; 食安健康:0; 勞動福祉:1; 文化共融:0
taipei,3a98fc18-5205-4f2e-b0de-761b09541aab,00000374,臺北市兒童與少年服務_兒童及少年安置教養機構,勞動福祉,True,True,True,point,就業趨勢與社福資源分析,False,4,社福,公共資訊,網路服務,社會局,,社會局,不定期更新,CSV,中文,2013-08-23T00:00:00,/api/dataset/3a98fc18-5205-4f2e-b0de-761b09541aab/resource/5d84a955-a05f-4b9f-88cb-154b3583bdec/download,提供臺北市兒童及少年安置教養機構相關資訊,機構名稱、地址、電話、行政區代碼、屬性、服務對象、核定服務床位數量、可申請床位數量、說明、評鑑,智慧通勤:0; 韌性防災:0; 永續環境:0; 食安健康:0; 勞動福祉:1; 文化共融:0
taipei,e1d4c151-9694-45d2-8ce7-61fc5213c163,00003230,臺北市勞動力重建運用處委託辦理年度身心障礙者職能加值培育(職業訓練)計畫一覽表(公告資料),勞動福祉,True,True,True,point,就業趨勢與社福資源分析,False,4,勞動,求職及就業,原始資料,勞動局,重建處,勞動局重建處,不定期更新,CSV,中文,2021-09-30T00:00:00,/api/dataset/e1d4c151-9694-45d2-8ce7-61fc5213c163/resource/d2fdc8db-c38c-4f6c-8e57-4922e05d0021/download,委託辦理身心障礙者職業訓練資訊,編號、年度、訓練單位、訓練職類、訓練類別、報名期程、訓練期間、招收障別、訓練時數、課程內容、參訓人數、訓練單位聯絡人、聯絡電話、單位地址、辦訓地址,智慧通勤:0; 韌性防災:0; 永續環境:0; 食安健康:0; 勞動福祉:1; 文化共融:0
taipei,e076d533-1047-43ca-bc86-302a8be532d5,00003711,臺北市勞工團體動態,勞動福祉,True,True,True,area,就業趨勢與社福資源分析,False,4,勞動,求職及就業,原始資料,勞動局,,勞動局,每1年,CSV,中文,2021-01-18T00:00:00,/api/dataset/e076d533-1047-43ca-bc86-302a8be532d5/resource/381797ee-57b1-4aca-9cdd-22047651a07f/download,統計臺北市勞工團體單位數及會員數　　,縣市別代碼、行政區、工會團體類別、勞工團體單位數（家數）、勞工團體會員數（單位:人）,智慧通勤:0; 韌性防災:0; 永續環境:0; 食安健康:0; 勞動福祉:3; 文化共融:0
taipei,973680b9-e0fc-48b8-b2c1-880f89147100,00029722,臺北市區域立法委員選舉,勞動福祉,True,True,True,area,就業趨勢與社福資源分析,False,4,統計,選舉及投票,原始資料,主計處,,主計處,每4年,CSV,中文,2022-09-12T00:00:00,https://tsis.dbas.gov.taipei/statis/webMain.aspx?sys=220&ymf=8400&kind=21&type=0&funid=A05037903&cycle=4&outmode=12&compmode=0&outkind=3&deflst=2&nzo=1,臺北市區域立法委員選舉時間數列統計資料,統計期、選舉屆期別、選區別、人口數[人]、選舉人數[人]、投票日期/年、投票日期/月、投票日期/日、候選人數/總計[人]、候選人數/男[人]、候選人數/女[人]、當選人數/總計[人]、當選人數/男[人]、當選人數/女[人]、投票數/總計[票]、投票數/有效[票]、投票數/無效[票]、選舉人數對人口數百分比[%]、投票數對選舉人數百分比[%]、當選人對候選人百分比[%]、就職日期/年、就職日期/月、就職日期/日,智慧通勤:0; 韌性防災:0; 永續環境:0; 食安健康:0; 勞動福祉:1; 文化共融:0
taipei,417716d9-8227-4ca3-9781-2f5303638241,00002940,臺北市十五歲以上現住原住民人口數按年齡及教育程度分,勞動福祉,True,True,True,area,就業趨勢與社福資源分析,False,4,統計,公共資訊,原始資料,民政局,,民政局,每1年,CSV,中文,2020-11-19T00:00:00,/api/dataset/417716d9-8227-4ca3-9781-2f5303638241/resource/1e9751bf-621a-4fe5-a450-68e55ba986fa/download,依據戶籍登記資料產製統計數,年份、原住民身分別、區域別、年齡別、性別、總計、識字者合計、識字者_研究所博士畢業數量、識字者_研究所博士肄業數量、識字者_研究所碩士畢業數量、識字者_研究所碩士肄業數量、識字者_大學畢業數量、識字者_大學肄業數量、識字者_專科二三年制畢業數量、識字者_專科_二三年制肄業數量、識字者_專科五年制後二年畢業數量、識字者_專科五年制後二年肄業數量、識字者_高中畢業、識字者_高中肄業、識字者_高職畢業、識字者_高職肄業、識字者_五專前三年肄業、識字者_國中畢業、識字者_國中肄業、識字者_初職畢業、識字者_初職肄業、識字者_國小畢業、識字者_國小肄業、識字者自修、不識字者,智慧通勤:0; 韌性防災:0; 永續環境:0; 食安健康:0; 勞動福祉:1; 文化共融:0
taipei,2b497651-0339-458d-ba76-17c4f2de431a,00002616,臺北市原住民戶口數,勞動福祉,True,True,True,area,就業趨勢與社福資源分析,False,4,統計,公共資訊,原始資料,主計處,,主計處,每1年,CSV,中文,2022-01-25T00:00:00,https://tsis.dbas.gov.taipei/statis/webMain.aspx?sys=220&ymf=7700&kind=21&type=0&funid=a05003001&cycle=4&outmode=12&compmode=0&outkind=1&deflst=2&nzo=1,"臺北市原住民戶口數時間數列統計資料
",統計期、原住民戶數/總計[戶]、原住民戶數/平地[戶]、原住民戶數/山地[戶]、原住民人口數/總計/合計[人]、原住民人口數/總計/男[人]、原住民人口數/總計/女[人]、原住民人口數/平地/合計[人]、原住民人口數/平地/男[人]、原住民人口數/平地/女[人]、原住民人口數/山地/合計[人]、原住民人口數/山地/男[人]、原住民人口數/山地/女[人]、原住民占全市人口比率[%]、原住民戶量[人/戶]、原住民人口密度[人/平方公里]、原住民性比例[男/百女],智慧通勤:0; 韌性防災:0; 永續環境:0; 食安健康:0; 勞動福祉:1; 文化共融:0
taipei,a5299a5e-0a08-49b8-8925-a28dd422393e,00002414,臺北市各區人口年齡分配(單齡)按月別,勞動福祉,True,True,True,area,就業趨勢與社福資源分析,False,4,統計,公共資訊,原始資料,主計處,,主計處,不定期更新,"CSV,CSV,CSV,CSV,CSV",中文,2022-03-10T00:00:00,"https://tsis.dbas.gov.taipei/statis/webMain.aspx?sys=220&ymf=10801&ymt=11012&kind=21&type=0&funid=a04000406&cycle=1&outmode=12&compmode=0&outkind=3&deflst=2&nzo=1,https://tsis.dbas.gov.taipei/statis/webMain.aspx?sys=220&ymf=10201&ymt=10412&kind=21&type=0&funid=a04000406&cycle=1&outmode=12&compmode=0&outkind=3&deflst=2&nzo=1,https://tsis.dbas.gov.taipei/statis/webMain.aspx?sys=220&ymf=10001&ymt=10112&kind=21&type=0&funid=a04000406&cycle=1&outmode=12&compmode=0&outkind=3&deflst=2&nzo=1,https://tsis.dbas.gov.taipei/statis/webMain.aspx?sys=220&ymf=11101&kind=21&type=0&funid=a04000406&cycle=1&outmode=12&compmode=0&outkind=3&deflst=2&nzo=1,https://tsis.dbas.gov.taipei/statis/webMain.aspx?sys=220&ymf=10501&ymt=10712&kind=21&type=0&funid=a04000406&cycle=1&outmode=12&compmode=0&outkind=3&deflst=2&nzo=1",臺北市各區人口年齡分配(單齡)按月別時間數列統計資料,統計期、行政區別、性別、總計、未滿1~4歲、未滿1歲、1歲、2歲、3歲、4歲、5~9歲、5歲、6歲、7歲、8歲、9歲、10~14歲、10歲、11歲、12歲、13歲、14歲、15~19歲、15歲、16歲、17歲、18歲、19歲、20~24歲、20歲、21歲、22歲、23歲、24歲、25~29歲、25歲、26歲、27歲、28歲、29歲、30~34歲、30歲、31歲、32歲、33歲、34歲、35~39歲、35歲、36歲、37歲、38歲、39歲、40~44歲、40歲、41歲、42歲、43歲、44歲、45~49歲、45歲、46歲、47歲、48歲、49歲、50~54歲、50歲、51歲、52歲、53歲、54歲、55~59歲、55歲、56歲、57歲、58歲、59歲、60~64歲、60歲、61歲、62歲、63歲、64歲、65~69歲、65歲、66歲、67歲、68歲、69歲、70~74歲、70歲、71歲、72歲、73歲、74歲、75~79歲、75歲、76歲、77歲、78歲、79歲、80~84歲、80歲、81歲、82歲、83歲、84歲、85~89歲、85歲、86歲、87歲、88歲、89歲、90~94歲、90歲、91歲、92歲、93歲、94歲、95~99歲、95歲、96歲、97歲、98歲、99歲、100歲以上,智慧通勤:0; 韌性防災:0; 永續環境:0; 食安健康:0; 勞動福祉:1; 文化共融:0
taipei,64c8a3a0-3b9a-4f49-a13a-fb1eb2ffa4b1,00002794,臺北市各區人口數按年齡分,勞動福祉,True,True,True,area,就業趨勢與社福資源分析,False,4,統計,公共資訊,原始資料,民政局,,民政局,每1月,"CSV,CSV,CSV",中文,2020-11-06T00:00:00,"/api/dataset/64c8a3a0-3b9a-4f49-a13a-fb1eb2ffa4b1/resource/f5a72bf0-4ef5-4a9a-95cf-538d8af26508/download,/api/dataset/64c8a3a0-3b9a-4f49-a13a-fb1eb2ffa4b1/resource/edf9a589-7095-4f18-995f-f8657c0d8c1a/download,/api/dataset/64c8a3a0-3b9a-4f49-a13a-fb1eb2ffa4b1/resource/140c2fac-a403-4395-a0b6-39fc953c623f/download",依據戶政事務所受理民眾戶籍登記資料產製人口統計數據。,年份、月份、區域別、性別、總計、0歲數量、1歲數量、2歲數量、3歲數量、4歲數量、5歲數量、6歲數量、7歲數量、8歲數量、9歲數量、10歲數量、11歲數量、12歲數量、13歲數量、14歲數量、15歲數量、16歲數量、17歲數量、18歲數量、19歲數量、20歲數量、21歲數量、22歲數量、23歲數量、24歲數量、25歲數量、26歲數量、27歲數量、28歲數量、29歲數量、30歲數量、31歲數量、32歲數量、33歲數量、34歲數量、35歲數量、36歲數量、37歲數量、38歲數量、39歲數量、40歲數量、41歲數量、42歲數量、43歲數量、44歲數量、45歲數量、46歲數量、47歲數量、48歲數量、49歲數量、50歲數量、51歲數量、52歲數量、53歲數量、54歲數量、55歲數量、56歲數量、57歲數量、58歲數量、59歲數量、60歲數量、61歲數量、62歲數量、63歲數量、64歲數量、65歲數量、66歲數量、67歲數量、68歲數量、69歲數量、70歲數量、71歲數量、72歲數量、73歲數量、74歲數量、75歲數量、76歲數量、77歲數量、78歲數量、79歲數量、80歲數量、81歲數量、82歲數量、83歲數量、84歲數量、85歲數量、86歲數量、87歲數量、88歲數量、89歲數量、90歲數量、91歲數量、92歲數量、93歲數量、94歲數量、95歲數量、96歲數量、97歲數量、98歲數量、99歲數量、100歲以上,智慧通勤:0; 韌性防災:0; 永續環境:0; 食安健康:0; 勞動福祉:1; 文化共融:0
taipei,47109669-1d57-4560-afc4-3b74b31cfb48,00002884,臺北市各區人口數按年齡及教育程度分,勞動福祉,True,True,True,area,就業趨勢與社福資源分析,False,4,統計,公共資訊,原始資料,民政局,,民政局,每1年,"CSV,CSV,CSV",中文,2020-11-13T00:00:00,"/api/dataset/47109669-1d57-4560-afc4-3b74b31cfb48/resource/84d58ea3-93d5-4cda-8319-4bad5c93670c/download,/api/dataset/47109669-1d57-4560-afc4-3b74b31cfb48/resource/3f3f482b-b047-45ee-b95d-06a79bd8152c/download,/api/dataset/47109669-1d57-4560-afc4-3b74b31cfb48/resource/150e7903-0f74-45f3-b5c2-52415079c9ca/download",依據戶籍註記資料產製統計數,年、區域別、年齡別、性別、總計、識字者合計、識字者_研究所博士畢業數量、識字者_研究所博士肄業數量、識字者_研究所碩士畢業數量、識字者_研究所碩士肄業數量、識字者_大學畢業數量、識字者_大學肄業數量、識字者_專科二三年制畢業數量、識字者_專科_二三年制肄業數量、識字者_專科五年制後二年畢業數量、識字者_專科五年制後二年肄業數量、識字者_高中畢業數量、識字者_高中肄業、識字者_高職畢業、識字者_高職肄業、識字者_五專前三年肄業、識字者_國中畢業、識字者_國中肄業、識字者_初職畢業、識字者_初職肄業、識字者_國小畢業、識字者_國小肄業、識字者自修、不識字者,智慧通勤:0; 韌性防災:0; 永續環境:0; 食安健康:0; 勞動福祉:1; 文化共融:0
taipei,bbf6e7bb-8f0e-462b-bea1-7123802c515e,00002919,臺北市各區區公所原住民服務窗口,勞動福祉,True,True,False,point,就業趨勢與社福資源分析,True,4,民政,公共資訊,原始資料,原民會,,原民會,不定期更新,CSV,中文,2020-11-16T00:00:00,/api/dataset/bbf6e7bb-8f0e-462b-bea1-7123802c515e/resource/8ad80a29-0638-49da-be95-2bb9d0d604ca/download,原服員定期訪視原住民家戶，主動瞭解並隨時掌握本市高風險家戶及個人，協助本會業務申請案之受理與審查，並主動傳達臺北市政府及本會相關福利、施政等相關措施。,郵遞區號、姓名、地址、電話、分機、辦公時間、訪視時間,智慧通勤:0; 韌性防災:0; 永續環境:0; 食安健康:0; 勞動福祉:3; 文化共融:0
taipei,9c6946fb-0c1a-44d5-b128-0d8c1fbddba4,00002789,臺北市各區原住民人口數,勞動福祉,True,True,True,area,就業趨勢與社福資源分析,False,4,統計,公共資訊,原始資料,民政局,,民政局,每1月,"CSV,CSV,CSV",中文,2020-11-06T00:00:00,"/api/dataset/9c6946fb-0c1a-44d5-b128-0d8c1fbddba4/resource/e5038200-c7c0-49ce-b8d8-44ef6cec7ba9/download,/api/dataset/9c6946fb-0c1a-44d5-b128-0d8c1fbddba4/resource/18b30f77-6fde-4fd9-8084-bc91fec3721f/download,/api/dataset/9c6946fb-0c1a-44d5-b128-0d8c1fbddba4/resource/8afbee16-cfb9-403e-ae25-cb01c8e1eea4/download",依據戶政事務所受理民眾戶籍登記資料產製人口統計數。,年月、區域別、性別、原住民人口數_合計數量、原住民人口數_平地原住民數量、原住民人口數_山地原住民數量、原住民人口數_平埔原住民數量,智慧通勤:0; 韌性防災:0; 永續環境:0; 食安健康:0; 勞動福祉:1; 文化共融:0
taipei,91d3835b-97ec-4f7b-9e44-a3e0d4ef8b9d,00002795,臺北市各區原住民人口數按年齡分,勞動福祉,True,True,True,area,就業趨勢與社福資源分析,False,4,統計,公共資訊,原始資料,民政局,,民政局,每1月,"CSV,CSV,CSV",中文,2020-11-06T00:00:00,"/api/dataset/91d3835b-97ec-4f7b-9e44-a3e0d4ef8b9d/resource/f2937208-b551-44bc-84d3-eeb486dfbafa/download,/api/dataset/91d3835b-97ec-4f7b-9e44-a3e0d4ef8b9d/resource/75061346-0883-4c28-a736-a1cd8ffdba72/download,/api/dataset/91d3835b-97ec-4f7b-9e44-a3e0d4ef8b9d/resource/b789b6d9-241b-456b-8ccb-3e74d57cde0b/download",依據戶政事務所受理民眾戶籍登記資料產製人口統計數據。,年份、月份、區域別、性別、總計、0歲數量、1歲數量、2歲數量、3歲數量、4歲數量、5歲數量、6歲數量、7歲數量、8歲數量、9歲數量、10歲數量、11歲數量、12歲數量、13歲數量、14歲數量、15歲數量、16歲數量、17歲數量、18歲數量、19歲數量、20歲數量、21歲數量、22歲數量、23歲數量、24歲數量、25歲數量、26歲數量、27歲數量、28歲數量、29歲數量、30歲數量、31歲數量、32歲數量、33歲數量、34歲數量、35歲數量、36歲數量、37歲數量、38歲數量、39歲數量、40歲數量、41歲數量、42歲數量、43歲數量、44歲數量、45歲數量、46歲數量、47歲數量、48歲數量、49歲數量、50歲數量、51歲數量、52歲數量、53歲數量、54歲數量、55歲數量、56歲數量、57歲數量、58歲數量、59歲數量、60歲數量、61歲數量、62歲數量、63歲數量、64歲數量、65歲數量、66歲數量、67歲數量、68歲數量、69歲數量、70歲數量、71歲數量、72歲數量、73歲數量、74歲數量、75歲數量、76歲數量、77歲數量、78歲數量、79歲數量、80歲數量、81歲數量、82歲數量、83歲數量、84歲數量、85歲數量、86歲數量、87歲數量、88歲數量、89歲數量、90歲數量、91歲數量、92歲數量、93歲數量、94歲數量、95歲數量、96歲數量、97歲數量、98歲數量、99歲數量、100歲以上,智慧通勤:0; 韌性防災:0; 永續環境:0; 食安健康:0; 勞動福祉:1; 文化共融:0
taipei,08f12111-5856-4f15-bc13-ae14fed5bd9d,00002387,臺北市各區土地人口按月別,勞動福祉,True,True,True,area,就業趨勢與社福資源分析,False,4,統計,公共資訊,原始資料,主計處,,主計處,每1月,CSV,中文,2022-03-10T00:00:00,https://tsis.dbas.gov.taipei/statis/webMain.aspx?sys=220&ymf=8701&kind=21&type=0&funid=a04000301&cycle=1&outmode=12&compmode=0&outkind=3&deflst=2&nzo=1,臺北市各區土地人口按月別時間數列統計資料,統計期、行政區別、土地面積[平方公里]、實際編組里數[里]、戶籍登記里數[里]、實際編組鄰數[鄰]、戶籍登記鄰數[鄰]、戶數[戶]、人口數/總計[人]、人口數/男[人]、人口數/女[人]、性比例[男/百女]、戶量[人/戶]、人口密度[人/平方公里],智慧通勤:0; 韌性防災:0; 永續環境:0; 食安健康:0; 勞動福祉:1; 文化共融:0
taipei,3b9856c9-d26b-4089-95ad-bc4c5908461e,00002785,臺北市各區戶政事務所等候人數,勞動福祉,True,True,True,point,就業趨勢與社福資源分析,False,4,民政,公共資訊,網路服務,民政局,,民政局,不定期更新,CSV,中文,2020-11-06T00:00:00,/api/dataset/3b9856c9-d26b-4089-95ad-bc4c5908461e/resource/b69e905a-0436-4151-aad8-dfc94054defc/download,臺北市各區戶政事務所即時等候人數資訊,編號、戶所名稱、網址、郵遞區號、地址、電話,智慧通勤:0; 韌性防災:0; 永續環境:0; 食安健康:0; 勞動福祉:2; 文化共融:0
taipei,a45cdba6-9181-443c-9c88-b57bb55541bc,00002885,臺北市各區戶數、人口數按戶別分,勞動福祉,True,True,True,area,就業趨勢與社福資源分析,False,4,統計,公共資訊,原始資料,民政局,,民政局,每1年,CSV,中文,2020-11-13T00:00:00,/api/dataset/a45cdba6-9181-443c-9c88-b57bb55541bc/resource/3b48955b-9b5e-4342-ad9d-d871131ba8e8/download,依據戶籍登記資料產製統計數,年、區域別、戶別、戶口數_戶數、戶口數_人口數_計、戶口數_人口數_男數量、戶口數_人口數_女數量,智慧通勤:0; 韌性防災:0; 永續環境:0; 食安健康:0; 勞動福祉:1; 文化共融:0
taipei,ef26e731-22c5-41a4-9429-6f9b010894bd,00000755,臺北市各區百歲人瑞人數統計表,勞動福祉,True,True,True,area,就業趨勢與社福資源分析,False,4,民政,公共資訊,原始資料,民政局,,民政局,每1年,CSV,中文,2015-12-31T00:00:00,/api/dataset/ef26e731-22c5-41a4-9429-6f9b010894bd/resource/e205921c-d503-4ba5-9e9b-9eb4fb63e4d1/download,臺北市各區百歲人瑞人數統計,年度、行政區、人數_男、人數_女、總人數,智慧通勤:0; 韌性防災:0; 永續環境:0; 食安健康:0; 勞動福祉:2; 文化共融:0
taipei,cdef233e-9d54-4505-be79-bcc4c56eeb4c,00002873,臺北市各區結婚、離婚及終止結婚人口數,勞動福祉,True,True,True,area,就業趨勢與社福資源分析,False,4,統計,公共資訊,原始資料,民政局,,民政局,每1月,"CSV,CSV,CSV",中文,2020-11-13T00:00:00,"/api/dataset/cdef233e-9d54-4505-be79-bcc4c56eeb4c/resource/212758cd-6c7c-4744-9674-dc1249e342b2/download,/api/dataset/cdef233e-9d54-4505-be79-bcc4c56eeb4c/resource/d95793f8-f82b-4cfc-9b86-d32819fc976b/download,/api/dataset/cdef233e-9d54-4505-be79-bcc4c56eeb4c/resource/cc51ae5a-7cb3-4731-80ca-d4906741a648/download",依據戶籍登記資料產製,年份、月份、區域別、結婚對數合計數量、結婚對數＿不同性別、結婚對數＿相同性別、離婚／終止結婚對數合計數量、離婚／終止結婚對數＿不同性別、離婚／終止結婚對數＿相同性別,智慧通勤:0; 韌性防災:0; 永續環境:0; 食安健康:0; 勞動福祉:1; 文化共融:0
taipei,65d72874-4dd1-409c-8cfa-82011f001d77,00002874,臺北市各區遷徙、出生及死亡人口數,勞動福祉,True,True,True,area,就業趨勢與社福資源分析,False,4,統計,公共資訊,原始資料,民政局,,民政局,每1月,"CSV,CSV,CSV",中文,2020-11-13T00:00:00,"/api/dataset/65d72874-4dd1-409c-8cfa-82011f001d77/resource/120906e8-cebe-475d-bf84-a0b815eec3a2/download,/api/dataset/65d72874-4dd1-409c-8cfa-82011f001d77/resource/789a5fb4-34d0-4812-b59f-4e70a1771a08/download,/api/dataset/65d72874-4dd1-409c-8cfa-82011f001d77/resource/23b57598-2301-498a-848b-1e79aa4be3b7/download",依據戶籍登記資料產製人口數,年份、月份、行政區、遷入人數、遷出人數、住址變更人數_入數量、住址變更人數_出數量、出生人數、死亡人數,智慧通勤:0; 韌性防災:0; 永續環境:0; 食安健康:0; 勞動福祉:1; 文化共融:0
taipei,6a1dbb4e-e99c-4e67-ab09-f6d83852dc99,00000063,臺北市各行政區最新月份人口數及戶數,勞動福祉,True,True,True,area,就業趨勢與社福資源分析,False,4,統計,公共資訊,原始資料,民政局,,民政局,每1月,"CSV,CSV,CSV,CSV,CSV,CSV,CSV",中文,2016-05-10T00:00:00,"/api/dataset/6a1dbb4e-e99c-4e67-ab09-f6d83852dc99/resource/9681db4c-fb1b-4a23-9013-e74483b6b046/download,/api/dataset/6a1dbb4e-e99c-4e67-ab09-f6d83852dc99/resource/c7c313ee-50e9-4a8f-9cf6-e7955e40c603/download,/api/dataset/6a1dbb4e-e99c-4e67-ab09-f6d83852dc99/resource/cdd433fc-2352-4203-b9e1-3df6fb9ea4fe/download,/api/dataset/6a1dbb4e-e99c-4e67-ab09-f6d83852dc99/resource/7074cbd6-24b7-4f12-a198-a063d3449eda/download,/api/dataset/6a1dbb4e-e99c-4e67-ab09-f6d83852dc99/resource/42badc95-c6c6-4aae-aa5c-12b6723bd394/download,/api/dataset/6a1dbb4e-e99c-4e67-ab09-f6d83852dc99/resource/b243106d-8980-42a4-b803-feb715295946/download,/api/dataset/6a1dbb4e-e99c-4e67-ab09-f6d83852dc99/resource/9f2ae48a-a38f-4499-b067-9d05ab1f5049/download",依據戶政事務所受理民眾戶籍登記資料產製人口統計數據。,年份、月份、行政區、里數_現有門牌數值、里數_戶籍登記、鄰數_現有門牌、鄰數_戶籍登記、戶數、人口數_合計數量、人口數_男數量、人口數_女數量,智慧通勤:0; 韌性防災:0; 永續環境:0; 食安健康:0; 勞動福祉:1; 文化共融:0
taipei,a6394e3f-3514-4542-87bd-de4310a40db3,00003754,臺北市各里人口數按年齡分,勞動福祉,True,True,True,area,就業趨勢與社福資源分析,False,4,民政,公共資訊,原始資料,民政局,,民政局,每1月,"CSV,CSV,CSV",中文,2021-02-02T00:00:00,"/api/dataset/a6394e3f-3514-4542-87bd-de4310a40db3/resource/c8f5b53d-ef3d-4321-ae8e-58cd2a5ee73c/download,/api/dataset/a6394e3f-3514-4542-87bd-de4310a40db3/resource/a92f4f08-9c3c-4122-98ce-00a3c38ece06/download,/api/dataset/a6394e3f-3514-4542-87bd-de4310a40db3/resource/09c661ed-368c-44cb-8d1e-cbe7ececf2ec/download",依據戶政事務所受理民眾戶籍登記資料產製人口統計數據。,年份、月份、區域代碼、區域別、性別、總計、0歲數量、1歲數量、2歲數量、3歲數量、4歲數量、5歲數量、6歲數量、7歲數量、8歲數量、9歲數量、10歲數量、11歲數量、12歲數量、13歲數量、14歲數量、15歲數量、16歲數量、17歲數量、18歲數量、19歲數量、20歲數量、21歲數量、22歲數量、23歲數量、24歲數量、25歲數量、26歲數量、27歲數量、28歲數量、29歲數量、30歲數量、31歲數量、32歲數量、33歲數量、34歲數量、35歲數量、36歲數量、37歲數量、38歲數量、39歲數量、40歲數量、41歲數量、42歲數量、43歲數量、44歲數量、45歲數量、46歲數量、47歲數量、48歲數量、49歲數量、50歲數量、51歲數量、52歲數量、53歲數量、54歲數量、55歲數量、56歲數量、57歲數量、58歲數量、59歲數量、60歲數量、61歲數量、62歲數量、63歲數量、64歲數量、65歲數量、66歲數量、67歲數量、68歲數量、69歲數量、70歲數量、71歲數量、72歲數量、73歲數量、74歲數量、75歲數量、76歲數量、77歲數量、78歲數量、79歲數量、80歲數量、81歲數量、82歲數量、83歲數量、84歲數量、85歲數量、86歲數量、87歲數量、88歲數量、89歲數量、90歲數量、91歲數量、92歲數量、93歲數量、94歲數量、95歲數量、96歲數量、97歲數量、98歲數量、99歲數量、100歲以上,智慧通勤:0; 韌性防災:0; 永續環境:0; 食安健康:0; 勞動福祉:3; 文化共融:0
taipei,850c6fc0-0037-42c3-84fc-61b0cbb23d8e,00002029,臺北市土地人口概況按月別,勞動福祉,True,True,True,area,就業趨勢與社福資源分析,False,4,統計,公共資訊,原始資料,主計處,,主計處,每1月,CSV,中文,2022-03-10T00:00:00,https://tsis.dbas.gov.taipei/statis/webMain.aspx?sys=220&ymf=8701&kind=21&type=0&funid=a04000201&cycle=1&outmode=12&compmode=0&outkind=1&deflst=2&nzo=1,臺北市土地人口概況按月別時間數列統計資料,統計期、土地面積[平方公里]、實際編組里數[里]、戶籍登記里數[里]、實際編組鄰數[鄰]、戶籍登記鄰數[鄰]、戶數[戶]、人口數/總計[人]、人口數/男[人]、人口數/女[人]、性比例[男/百女]、戶量[人/戶]、人口密度[人/平方公里],智慧通勤:0; 韌性防災:0; 永續環境:0; 食安健康:0; 勞動福祉:1; 文化共融:0
taipei,54cfef84-da82-4ca9-aa7b-b201f1fcbce6,00000569,臺北市大同區區民活動中心設置無障礙設施資料,勞動福祉,True,True,True,point,就業趨勢與社福資源分析,False,4,民政,生活安全及品質,原始資料,大同區公所,,大同區公所,不定期更新,CSV,中文,2015-05-29T00:00:00,/api/dataset/54cfef84-da82-4ca9-aa7b-b201f1fcbce6/resource/9a16da32-246e-4dde-8536-4d16d8756c56/download,臺北市大同區各區民活動中心之無障礙設施名稱及數量,location(區民活動中心名稱)、address(地址)、data(無障礙設施名稱)、ItemValue(統計數值)、Management unit code(機關代碼),智慧通勤:0; 韌性防災:0; 永續環境:0; 食安健康:0; 勞動福祉:2; 文化共融:1
taipei,9c9a3f77-8340-48d8-bc0e-f9155521b758,00000406,臺北市嬰幼兒照顧服務_公辦民營托嬰中心,勞動福祉,True,True,True,point,就業趨勢與社福資源分析,False,4,社福,生育保健,網路服務,社會局,,社會局,不定期更新,CSV,中文,2013-08-26T00:00:00,/api/dataset/9c9a3f77-8340-48d8-bc0e-f9155521b758/resource/a02ccc34-dd28-4c5d-b527-c5433ec1a453/download,提供臺北市公辦民營托嬰中心資料,機構類型、機構名稱、收托人數、地址、電話,智慧通勤:0; 韌性防災:0; 永續環境:0; 食安健康:0; 勞動福祉:2; 文化共融:0
taipei,212e7c54-8d97-4909-a6be-9afcfd28121f,00002981,臺北市家庭收支－行政區別按年別（101至108年）,勞動福祉,True,True,True,area,就業趨勢與社福資源分析,False,4,統計,公共資訊,原始資料,主計處,,主計處,不定期更新,CSV,中文,2020-11-23T00:00:00,/api/dataset/212e7c54-8d97-4909-a6be-9afcfd28121f/resource/ed03dc4c-7a02-42d6-b173-bca5a9b91238/download,臺北市家庭收支－行政區別按年別時間數列統計資料,年別、行政區、家庭戶數、每戶人數、每戶成年人數、每戶就業人數、每戶所得收入者人數、[一]所得收入總計[NT]、1.受僱人員報酬[NT]、[1]本業薪資[NT]、[2]兼業薪資[NT]、[3]其他收入[NT]、2.產業主所得[NT]、3.財產所得收入[NT]、4.自用住宅設算租金收入[NT]、5.經常移轉收入[NT]、[1]從私人[NT]、[2]從政府[NT]、[3]社會保險受益[NT]、[4]從企業[NT]、[5]從國外[NT]、6.雜項收入[NT]、[二]非消費支出[NT]、1.利息支出[NT]、2.經常移轉支出[NT]、[1]對私人[NT]、[2]對政府[NT]、[3]社會保險[NT]、[4]對國外[NT]、[三]消費支出[NT]、1.食品及非酒精飲料[NT]、2.菸酒及檳榔[NT]、3.衣著鞋襪及服飾用品[NT]、4.住宅服務水電瓦斯及其他燃料[NT]、[1]房地租及水費[NT]、[2]電費及燃料[NT]、5.家具設備及家務維護[NT]、6.醫療保健[NT]、7.交通[NT]、[1]個人交通工具之購置[NT]、[2]個人交通設備使用管理及保養費[NT]、[3]乘交通設備及其他交通服務[NT]、[4]汽機車保險費[NT]、8.通訊[NT]、9.休閒與文化[NT]、[1]套裝旅遊[不含自助旅遊][NT]、[2]娛樂消遣及文化服務[NT]、[3]書報雜誌文具[NT]、[4]教育消遣康樂器材及其附屬品[NT]、10.教育[NT]、11.餐廳及旅館[NT]、12.什項消費[NT]、可支配所得[NT]、消費支出[NT]、儲蓄[NT]、所得總額[NT],智慧通勤:1; 韌性防災:0; 永續環境:0; 食安健康:2; 勞動福祉:3; 文化共融:2
taipei,504aed86-eaba-4e39-9e3b-c67a60366f96,00002898,臺北市家庭福利服務統計,勞動福祉,True,True,True,area,就業趨勢與社福資源分析,False,4,統計,公共資訊,原始資料,主計處,,主計處,每1年,CSV,中文,2022-03-21T00:00:00,https://tsis.dbas.gov.taipei/statis/webMain.aspx?sys=220&ymf=9400&kind=21&type=0&funid=a05027901&cycle=4&outmode=12&compmode=0&outkind=1&deflst=2&nzo=1,"臺北市家庭福利服務時間數列統計資料
",統計期、單親福利服務中心機構數/計、單親福利服務中心機構數/公立、單親福利服務中心機構數/私立、單親福利服務中心機構數/公設民營、單親中途之家及家園機構數/計、單親中途之家及家園機構數/公立、單親中途之家及家園機構數/私立、單親中途之家及家園機構數/公設民營、單親中途之家及家園可收容人數、單親中途之家及家園實際收容數、區域型家庭及社會福利服務中心機構數/計、區域型家庭及社會福利服務中心機構數/公立、區域型家庭及社會福利服務中心機構數/私立、區域型家庭及社會福利服務中心機構數/公設民營、新住民家庭福利服務中心機構數/計、新住民家庭福利服務中心機構數/公立、新住民家庭福利服務中心機構數/私立、新住民家庭福利服務中心機構數/公設民營、單親子女課業輔導人次、單親諮詢服務人次、單親團體輔導活動人次、單親親職教育或親子活動人次、單親其他人次、新住民電話訪問人次、新住民家庭訪視人次、新住民個案管理輔導服務人次、新住民個人支持場次、新住民個人支持人次、新住民家庭支持場次、新住民家庭支持人次、新住民福利宣導活動場次、新住民福利宣導活動人次、新住民生活適應輔導班場次、新住民生活適應輔導班人次、新住民資訊支持場次、新住民資訊支持人次、新住民社會支持場次、新住民社會支持人次、新住民經濟支持方案數、新住民經濟支持人次、新住民其他場次、新住民其他人次,智慧通勤:0; 韌性防災:0; 永續環境:0; 食安健康:0; 勞動福祉:2; 文化共融:1
taipei,a5d42395-b37a-49a8-ab30-09c3e8595d6c,00002718,臺北市家暴通報案件數統計資訊,勞動福祉,True,True,True,area,就業趨勢與社福資源分析,False,4,社福,公共資訊,原始資料,社會局,家防中心,社會局家防中心,每6月,CSV,中文,2022-02-08T00:00:00,/api/dataset/a5d42395-b37a-49a8-ab30-09c3e8595d6c/resource/cb45bfa3-3262-4862-8505-134fc5458e2f/download,提供臺北市家暴通報案件數統計資訊。,時間、區、村里、村里代碼、年齡區間、性別、案件類型、總計,智慧通勤:0; 韌性防災:0; 永續環境:0; 食安健康:0; 勞動福祉:1; 文化共融:0
taipei,c072007e-f658-4699-aeed-5c4f584ae4bb,00003145,臺北市就業促進研習班開課表,勞動福祉,True,True,True,point,就業趨勢與社福資源分析,False,4,勞動,求職及就業,原始資料,勞動局,就服處,勞動局就服處,不定期更新,"CSV,CSV,CSV,CSV,CSV,CSV,CSV,CSV",中文,2020-11-26T00:00:00,"/api/dataset/c072007e-f658-4699-aeed-5c4f584ae4bb/resource/875cc363-d352-4607-84a9-925cd676bb0c/download,/api/dataset/c072007e-f658-4699-aeed-5c4f584ae4bb/resource/a11a07e8-63ea-4e9a-9f1c-6192005328f5/download,/api/dataset/c072007e-f658-4699-aeed-5c4f584ae4bb/resource/9a396393-60d8-4a9e-821e-4dd08612f747/download,/api/dataset/c072007e-f658-4699-aeed-5c4f584ae4bb/resource/e8b7617b-d01e-415f-aa7f-c3a530cb8119/download,/api/dataset/c072007e-f658-4699-aeed-5c4f584ae4bb/resource/bafb49ef-739e-4cb0-9ae9-22351a8cdd39/download,/api/dataset/c072007e-f658-4699-aeed-5c4f584ae4bb/resource/d585d0a6-5bbc-4521-9e05-5e5f137a53a3/download,/api/dataset/c072007e-f658-4699-aeed-5c4f584ae4bb/resource/d8ffff31-a94a-4285-976b-4015128e68da/download,/api/dataset/c072007e-f658-4699-aeed-5c4f584ae4bb/resource/e8baf446-5d5f-4eff-8f0a-931cf719b3c3/download",臺北市就業促進研習班開課表相關資料,序號、上課日期、上課時間、站別、辦理方式、類別、課程名稱、課綱、講師、上課地點、預約人數、地址、備註,智慧通勤:0; 韌性防災:0; 永續環境:0; 食安健康:0; 勞動福祉:1; 文化共融:0
taipei,99690f1a-ba04-42d5-ad7e-35be64be3db9,00002836,臺北市戶政受理案件年報,勞動福祉,True,True,True,area,就業趨勢與社福資源分析,False,4,民政,公共資訊,原始資料,民政局,,民政局,每1年,"CSV,CSV,CSV,CSV,CSV,CSV,CSV,CSV,CSV",中文,2022-01-19T00:00:00,"/api/dataset/99690f1a-ba04-42d5-ad7e-35be64be3db9/resource/ef0639e9-d63b-4381-95cb-14aa8920af93/download,/api/dataset/99690f1a-ba04-42d5-ad7e-35be64be3db9/resource/243abcac-8159-46a4-844b-03c1f546c591/download,/api/dataset/99690f1a-ba04-42d5-ad7e-35be64be3db9/resource/565fc0a4-1071-454d-9dd2-516cf8ed85d2/download,/api/dataset/99690f1a-ba04-42d5-ad7e-35be64be3db9/resource/8535ecb3-30fb-46fe-a8c4-9f395ad1721e/download,/api/dataset/99690f1a-ba04-42d5-ad7e-35be64be3db9/resource/3a61a252-94f9-47d4-9610-7f26e419d15a/download,/api/dataset/99690f1a-ba04-42d5-ad7e-35be64be3db9/resource/098a97a9-7a8c-4cb8-8061-a032faf2910d/download,/api/dataset/99690f1a-ba04-42d5-ad7e-35be64be3db9/resource/69aa1115-cf75-418c-9b44-b766c99006e0/download,/api/dataset/99690f1a-ba04-42d5-ad7e-35be64be3db9/resource/0e19fde6-122b-4238-8f50-16ee2a7dbea0/download,/api/dataset/99690f1a-ba04-42d5-ad7e-35be64be3db9/resource/994398e7-420f-4fbf-b529-2d36ef28f08b/download",臺北市各區戶政受理案件年報統計表,區域別、發給國民身分證件數、填發戶口名簿件數、核發戶籍謄本件數、辦理印鑑件數、門牌_總計件數、門牌_編釘門牌件數、門牌_里鄰整編改註戶數件數、門牌_門牌證明件數、更正戶籍登記出生年月日件數、更改姓名件數,智慧通勤:0; 韌性防災:0; 永續環境:0; 食安健康:0; 勞動福祉:2; 文化共融:0
taipei,02e84820-bd47-4614-896d-a763f2b0e102,00002788,臺北市戶政管理及便民服務案件統計表,勞動福祉,True,True,True,area,就業趨勢與社福資源分析,False,4,民政,公共資訊,原始資料,民政局,,民政局,每1月,"CSV,CSV,CSV,CSV,CSV,CSV,CSV,CSV,CSV,CSV",中文,2022-02-08T00:00:00,"/api/dataset/02e84820-bd47-4614-896d-a763f2b0e102/resource/4597ec90-2777-44c0-a4f4-f56651101f93/download,/api/dataset/02e84820-bd47-4614-896d-a763f2b0e102/resource/7d69d8de-7ecc-4a3b-ae53-5f6927978aa4/download,/api/dataset/02e84820-bd47-4614-896d-a763f2b0e102/resource/26eb368c-cfbe-4b97-8314-e6ef9c5486f5/download,/api/dataset/02e84820-bd47-4614-896d-a763f2b0e102/resource/4ea70aac-b142-405c-a514-7d09c8aadfe0/download,/api/dataset/02e84820-bd47-4614-896d-a763f2b0e102/resource/8ec78cb7-dbc9-4d2b-9181-0208b26ad437/download,/api/dataset/02e84820-bd47-4614-896d-a763f2b0e102/resource/c946cb03-ef08-4ae5-a22f-43b17a531862/download,/api/dataset/02e84820-bd47-4614-896d-a763f2b0e102/resource/6c489282-0b9e-4f5c-8b17-6a90b7e88012/download,/api/dataset/02e84820-bd47-4614-896d-a763f2b0e102/resource/a05f08f1-7530-4888-a603-41e40074f7e6/download,/api/dataset/02e84820-bd47-4614-896d-a763f2b0e102/resource/eb68796e-a7dd-437c-bc5a-5480d583feed/download,/api/dataset/02e84820-bd47-4614-896d-a763f2b0e102/resource/af24ec34-f3a0-49e0-9846-c1ab09e12fc3/download",臺北市各區戶政管理及便民服務案件數統計表,月份、區域別、戶政管理件數_合計、戶政管理件數_虛報遷入出登記、戶政管理件數_無戶籍人口、戶政管理件數_重複戶籍、戶政管理件數_未接受戶籍校正、戶政管理件數_發現不法取得或冒用或變造國民身分證、戶政管理件數_受理公文件數、便民服務件數_合計、便民服務件數_電話或傳真申請戶籍資料、便民服務件數_通信或網路申請戶籍資料、便民服務件數_派員到家辦理服務、便民服務件數_填發一次告知單、便民服務件數_辦理護照人別確認、便民服務件數_辦理護照申請收件、便民服務件數_辦理自然人憑證、便民服務件數_網路預約辦理戶籍登記、便民服務件數_國民身分證掛失含撤銷、便民服務件數_派員查明居住事實服務、便民服務件數_跨機關通報服務、便民服務件數_到校受理初領國民身分證、月底未領或未換發國民身分證_人數合計、月底未領或未換發國民身分證_初領人數、月底未領或未換發國民身分證_全面換證人數、月底櫃臺服務窗口數,智慧通勤:0; 韌性防災:0; 永續環境:0; 食安健康:0; 勞動福祉:3; 文化共融:0
taipei,48ec066b-c2c7-4734-8e72-29549adcaf83,00002837,臺北市戶籍登記案件及核發證明文件統計,勞動福祉,True,True,True,area,就業趨勢與社福資源分析,False,4,民政,公共資訊,原始資料,民政局,,民政局,不定期更新,"CSV,CSV,CSV,CSV",中文,2020-11-11T00:00:00,"/api/dataset/48ec066b-c2c7-4734-8e72-29549adcaf83/resource/def0bf97-17a8-49f6-ba1c-b3a119ef5302/download,/api/dataset/48ec066b-c2c7-4734-8e72-29549adcaf83/resource/520d73e9-653a-4fbf-b157-7683c8e0352e/download,/api/dataset/48ec066b-c2c7-4734-8e72-29549adcaf83/resource/ddad140d-1d47-4ece-a6c9-5973d621f1ef/download,/api/dataset/48ec066b-c2c7-4734-8e72-29549adcaf83/resource/97dc956d-02eb-468e-9189-1a704923e832/download",臺北市各區戶籍登記案件及核發證明文件統計表,月份、區別、戶籍登記案件數量、國民身分證_初發補發換發數量、空白證毀損數量、門牌數量、門牌證明數量、戶口統計資料數量、催告戶籍登記數量、家暴防治註記數量、本地戶籍謄本數量、代發本市戶籍謄本數量、代發他縣市戶籍謄本數量、印鑑證明與登記數量、戶口名簿數量、閱覽數量、本地英文戶籍謄本數量、代發他縣市英文戶籍謄本、結婚證明書、英文結婚證明書、離婚證明書、英文離婚證明書、巡迴查對更正、里鄰改編改註戶數、非現住人口處理案件、閱覽、親等關聯資料、婚姻紀錄證明書、遷徙紀錄證明書、姓名更改紀錄證明書、戶籍罰鍰、單區案件總數,智慧通勤:0; 韌性防災:0; 永續環境:0; 食安健康:0; 勞動福祉:3; 文化共融:0
taipei,e23346ae-da02-461d-b42b-18a60a1870d5,00002887,臺北市戶長按年齡及教育程度分人口數,勞動福祉,True,True,True,area,就業趨勢與社福資源分析,False,4,統計,公共資訊,原始資料,民政局,,民政局,每1年,CSV,中文,2020-11-13T00:00:00,/api/dataset/e23346ae-da02-461d-b42b-18a60a1870d5/resource/49f8923d-5a64-48b6-915f-c601cb74db9b/download,依據戶籍登記資料產製統計數,年份、區域別、教育程度別、性別、總計、未滿15歲數量、15～19歲數量、20～24歲數量、25～29歲數量、30～34歲數量、35～39歲數量、40～44歲數量、45～49歲數量、50～54歲數量、55～59歲數量、60～64歲數量、65～69歲數量、70～74歲數量、75～79歲數量、80～84歲數量、85～89歲數量、90～94歲數量、95～99歲數量、100歲以上,智慧通勤:0; 韌性防災:0; 永續環境:0; 食安健康:0; 勞動福祉:1; 文化共融:0
taipei,33da4ba0-c366-45eb-a71f-1991e6455ed6,00002996,臺北市所得收入者每人所得－行政區別按年別,勞動福祉,True,True,True,area,就業趨勢與社福資源分析,False,4,統計,公共資訊,原始資料,主計處,,主計處,每1年,CSV,中文,2021-12-09T00:00:00,/api/dataset/33da4ba0-c366-45eb-a71f-1991e6455ed6/resource/c81d1a86-fd2c-4e76-a387-8e70dd066b8a/download,臺北市所得收入者每人所得－行政區別按年別時間數列統計資料,年別、行政區、所得收入者人數、[一]所得收入總計[NT]、1.受僱人員報酬[NT]、[1]本業薪資[NT]、[2]兼業薪資[NT]、[3]其他收入[NT]、2.產業主所得[NT]、[1]農業淨收入[NT]、[2]營業淨收入[NT]、[3]執行業務淨收入[NT]、3.財產所得收入[NT]、4.自用住宅設算租金收入[NT]、5.經常移轉收入[NT]、[1]從私人[NT]、[2]從政府[NT]、[3]社會保險受益[NT]、[4]從企業[NT]、[5]從國外[NT]、6.雜項收入[NT]、[二]非消費支出[NT]、1.利息支出[NT]、2.經常移轉支出[NT]、[1]對私人[NT]、[2]對政府[NT]、[3]社會保險[NT]、[4]對國外[NT]、[三]可支配所得[NT],智慧通勤:0; 韌性防災:0; 永續環境:0; 食安健康:0; 勞動福祉:2; 文化共融:0
taipei,d1bb140b-733b-43cc-91ca-685a984d022a,00003434,臺北市所轄面積暨行政區里鄰數量月報表,勞動福祉,True,True,True,area,就業趨勢與社福資源分析,False,4,民政,公共資訊,原始資料,民政局,,民政局,每1月,"CSV,CSV,CSV,CSV,CSV,CSV,CSV,CSV,CSV,CSV,CSV,CSV,CSV,CSV,CSV,CSV,CSV,CSV,CSV,CSV,CSV,CSV,CSV,CSV,CSV,CSV,CSV,CSV,CSV,CSV,CSV,CSV,CSV,CSV,CSV,CSV,CSV,CSV,CSV",中文,2022-03-02T00:00:00,"/api/dataset/d1bb140b-733b-43cc-91ca-685a984d022a/resource/51c0e63b-4335-44f1-bf1b-f67fe99cff46/download,/api/dataset/d1bb140b-733b-43cc-91ca-685a984d022a/resource/0702bcc0-0295-4173-9bd9-b94ca96ce8ea/download,/api/dataset/d1bb140b-733b-43cc-91ca-685a984d022a/resource/6e65a3fa-e580-4e7a-bb12-fd66fef9db44/download,/api/dataset/d1bb140b-733b-43cc-91ca-685a984d022a/resource/de9a2356-9d45-4a9c-b14a-82459178983c/download,/api/dataset/d1bb140b-733b-43cc-91ca-685a984d022a/resource/44373730-9191-4b53-8f1d-1c90f525b6e6/download,/api/dataset/d1bb140b-733b-43cc-91ca-685a984d022a/resource/f84f9d1f-d2d8-4532-ba01-b4cb7b9a2322/download,/api/dataset/d1bb140b-733b-43cc-91ca-685a984d022a/resource/46883745-68bc-4d56-b9f8-8368a2639855/download,/api/dataset/d1bb140b-733b-43cc-91ca-685a984d022a/resource/11480fba-a556-4333-8613-ce5ccd1e763e/download,/api/dataset/d1bb140b-733b-43cc-91ca-685a984d022a/resource/07f917e1-13ca-4438-988c-2fe5b4386b71/download,/api/dataset/d1bb140b-733b-43cc-91ca-685a984d022a/resource/1f5fde74-a034-4e49-bbaa-0106e1056b34/download,/api/dataset/d1bb140b-733b-43cc-91ca-685a984d022a/resource/72666961-695e-4c03-9fc0-96474dff8431/download,/api/dataset/d1bb140b-733b-43cc-91ca-685a984d022a/resource/3bdeab52-a5a3-4651-81ff-ad4f2df26b10/download,/api/dataset/d1bb140b-733b-43cc-91ca-685a984d022a/resource/3b662284-4e98-453a-9056-9dc58ca4493f/download,/api/dataset/d1bb140b-733b-43cc-91ca-685a984d022a/resource/18b80aac-6899-4b8c-84e5-d76cf3f23488/download,/api/dataset/d1bb140b-733b-43cc-91ca-685a984d022a/resource/c32844bd-0e0c-461d-92c8-94b2594622d6/download,/api/dataset/d1bb140b-733b-43cc-91ca-685a984d022a/resource/bbcf86ac-5925-495b-ab56-75901d338d5a/download,/api/dataset/d1bb140b-733b-43cc-91ca-685a984d022a/resource/50a220bd-7716-4390-80b7-366d6a0e6381/download,/api/dataset/d1bb140b-733b-43cc-91ca-685a984d022a/resource/c4665a93-d88a-4ad1-800c-53e76addd9ae/download,/api/dataset/d1bb140b-733b-43cc-91ca-685a984d022a/resource/d1a4ebe0-3d1e-48cc-b867-7ce31d012abb/download,/api/dataset/d1bb140b-733b-43cc-91ca-685a984d022a/resource/15701eeb-8a62-4566-9a3e-f1958222e2f9/download,/api/dataset/d1bb140b-733b-43cc-91ca-685a984d022a/resource/aa7fe644-e23c-4d29-be31-697377b86a55/download,/api/dataset/d1bb140b-733b-43cc-91ca-685a984d022a/resource/83c35242-8498-47c6-b59b-c29c681f63a5/download,/api/dataset/d1bb140b-733b-43cc-91ca-685a984d022a/resource/223e5280-2264-4c60-a646-bec41e91f687/download,/api/dataset/d1bb140b-733b-43cc-91ca-685a984d022a/resource/19ec543f-b162-4f83-8595-234da1f17efb/download,/api/dataset/d1bb140b-733b-43cc-91ca-685a984d022a/resource/d78296e7-655c-480e-9463-c2bcf1553161/download,/api/dataset/d1bb140b-733b-43cc-91ca-685a984d022a/resource/dd00d466-ee62-43ef-b987-6c31ac385511/download,/api/dataset/d1bb140b-733b-43cc-91ca-685a984d022a/resource/879ac1c3-37f5-4731-88d8-77083de21821/download,/api/dataset/d1bb140b-733b-43cc-91ca-685a984d022a/resource/137e3708-b65b-4327-aeab-184fd0a0ee74/download,/api/dataset/d1bb140b-733b-43cc-91ca-685a984d022a/resource/1e5cef3b-4a79-4f49-81f1-c1f103819d76/download,/api/dataset/d1bb140b-733b-43cc-91ca-685a984d022a/resource/67f76565-0c12-455f-a36f-5aa58f013de7/download,/api/dataset/d1bb140b-733b-43cc-91ca-685a984d022a/resource/a71ca546-b0a9-4c23-a5b9-47902d1c4605/download,/api/dataset/d1bb140b-733b-43cc-91ca-685a984d022a/resource/d52856a1-5a60-4994-8c88-25a038376fba/download,/api/dataset/d1bb140b-733b-43cc-91ca-685a984d022a/resource/b2333aa2-f82d-4132-a9c8-3102dbe7cb7f/download,/api/dataset/d1bb140b-733b-43cc-91ca-685a984d022a/resource/09c5ab7e-ae0f-44e6-a17e-28c534f7981a/download,/api/dataset/d1bb140b-733b-43cc-91ca-685a984d022a/resource/81a5c733-bd80-4b52-a13e-543d3d7919df/download,/api/dataset/d1bb140b-733b-43cc-91ca-685a984d022a/resource/740ee8ed-81f5-4ac8-b94d-62f7ac7a3f36/download,/api/dataset/d1bb140b-733b-43cc-91ca-685a984d022a/resource/814b14a2-3203-455f-8f83-9f787a6b22d9/download,/api/dataset/d1bb140b-733b-43cc-91ca-685a984d022a/resource/be75d59c-85a4-44c5-8dd4-02dff131bd97/download,/api/dataset/d1bb140b-733b-43cc-91ca-685a984d022a/resource/551ded57-c436-44f3-a8f6-1a7c6a15c494/download",臺北市所轄面積暨各行政區、里、鄰數量每月統計報表,行政區別、面積（平方公里）、區數量、里數量、鄰數量,智慧通勤:0; 韌性防災:0; 永續環境:0; 食安健康:0; 勞動福祉:2; 文化共融:0
taipei,3fbc79e5-0138-4c89-8c47-39feddbd6d3f,00003431,臺北市政府實物銀行聯絡資訊,勞動福祉,True,True,False,point,就業趨勢與社福資源分析,True,4,社福,生活安全及品質,網路服務,社會局,,社會局,每1年,CSV,中文,2020-12-22T00:00:00,/api/dataset/3fbc79e5-0138-4c89-8c47-39feddbd6d3f/resource/e38afd26-9ba8-42fa-8044-8e1571eecf83/download,提供臺北市政府實物銀行聯絡資訊,序號、機構類型、機構名稱、行政區代碼、地址,智慧通勤:0; 韌性防災:0; 永續環境:0; 食安健康:0; 勞動福祉:1; 文化共融:0
taipei,1a6432e4-4377-4033-ab00-96228c3d8b40,00029362,臺北市政府社會住宅包租代管媒合統計資料,勞動福祉,True,True,True,area,就業趨勢與社福資源分析,False,4,社福,購屋及遷徙,原始資料,都發局,,都發局,每1年,CSV,中文,2022-06-17T00:00:00,/api/dataset/1a6432e4-4377-4033-ab00-96228c3d8b40/resource/3882a390-c748-4f16-b2da-b605aeeb24bb/download,本府歷年社會住宅包租代管媒合統計資料,項次、統計年度、行政區、行政區代碼、媒合戶數,智慧通勤:0; 韌性防災:0; 永續環境:0; 食安健康:0; 勞動福祉:2; 文化共融:0
taipei,91217f0f-ae7b-4257-adaa-e749ff3df19f,00002992,臺北市新住民人口數,勞動福祉,True,True,True,area,就業趨勢與社福資源分析,False,4,資訊,公共資訊,原始資料,民政局,,民政局,每1年,"CSV,CSV,CSV,CSV,CSV,CSV",中文,2021-03-17T00:00:00,"/api/dataset/91217f0f-ae7b-4257-adaa-e749ff3df19f/resource/1406d444-f97d-4313-aa3d-9872f28ea999/download,/api/dataset/91217f0f-ae7b-4257-adaa-e749ff3df19f/resource/372c8103-6cfd-4987-bbca-518e7d4ab0de/download,/api/dataset/91217f0f-ae7b-4257-adaa-e749ff3df19f/resource/1b7a6867-271b-49af-abb6-b1289ad6d836/download,/api/dataset/91217f0f-ae7b-4257-adaa-e749ff3df19f/resource/0987754f-f138-4500-8aed-ae4649e08085/download,/api/dataset/91217f0f-ae7b-4257-adaa-e749ff3df19f/resource/b1f2fbdd-5b00-4c4e-8c0e-4f649a3e8778/download,/api/dataset/91217f0f-ae7b-4257-adaa-e749ff3df19f/resource/476e90ef-f8fa-4e52-8659-c6110d06f241/download",年度、行政區、當月新住民人數、大陸含港澳地區男性、大陸含港澳地區女性、越南男性、越南女性、馬來西亞男性、馬來西亞女性、印尼男性、印尼女性、泰國男性、泰國女性、菲律賓男性、菲律賓女性、其他國籍男性、其他國籍女性、國籍不詳男性、國籍不詳女性,年度、行政區、當月新住民人數_統計數值、大陸含港澳地區男性_統計數值、大陸含港澳地區女性_統計數值、越南男性_統計數值、越南女性_統計數值、馬來西亞男性_統計數值、馬來西亞女性_統計數值、印尼男性_統計數值、印尼女性_統計數值、泰國男性_統計數值、泰國女性_統計數值、菲律賓男性_統計數值、菲律賓女性_統計數值、其他國籍男性_統計數值、其他國籍女性_統計數值、國籍不詳男性_統計數值、國籍不詳女性_統計數值,智慧通勤:0; 韌性防災:0; 永續環境:0; 食安健康:0; 勞動福祉:1; 文化共融:0
taipei,1d6d31e2-7c1f-402e-9f5a-92d8a2b0d634,00002982,臺北市每戶家庭收支－行政區別按年別（101至108年）,勞動福祉,True,True,True,area,就業趨勢與社福資源分析,False,4,統計,公共資訊,原始資料,主計處,,主計處,不定期更新,CSV,中文,2020-11-23T00:00:00,/api/dataset/1d6d31e2-7c1f-402e-9f5a-92d8a2b0d634/resource/5938e30c-0daf-4ecf-b3d5-2d4fd308ab64/download,臺北市每戶家庭收支－行政區別按年別時間數列統計資料,年別、行政區、家庭戶數、每戶人數、每戶成年人數、每戶就業人數、每戶所得收入者人數、[一]所得收入總計[NT]、1.受僱人員報酬[NT]、[1]本業薪資[NT]、[2]兼業薪資[NT]、[3]其他收入[NT]、2.產業主所得[NT]、3.財產所得收入[NT]、4.自用住宅設算租金收入[NT]、5.經常移轉收入[NT]、[1]從私人[NT]、[2]從政府[NT]、[3]社會保險受益[NT]、[4]從企業[NT]、[5]從國外[NT]、6.雜項收入[NT]、[二]非消費支出[NT]、1.利息支出[NT]、2.經常移轉支出[NT]、[1]對私人[NT]、[2]對政府[NT]、[3]社會保險[NT]、[4]對國外[NT]、[三]消費支出[NT]、1.食品及非酒精飲料[NT]、2.菸酒及檳榔[NT]、3.衣著鞋襪及服飾用品[NT]、4.住宅服務水電瓦斯及其他燃料[NT]、[1]房地租及水費[NT]、[2]電費及燃料[NT]、5.家具設備及家務維護[NT]、6.醫療保健[NT]、7.交通[NT]、[1]個人交通工具之購置[NT]、[2]個人交通設備使用管理及保養費[NT]、[3]乘交通設備及其他交通服務[NT]、[4]汽機車保險費[NT]、8.通訊[NT]、9.休閒與文化[NT]、[1]套裝旅遊[不含自助旅遊][NT]、[2]娛樂消遣及文化服務[NT]、[3]書報雜誌文具[NT]、[4]教育消遣康樂器材及其附屬品[NT]、10.教育[NT]、11.餐廳及旅館[NT]、12.什項消費[NT]、可支配所得[NT]、消費支出[NT]、儲蓄[NT]、所得總額[NT],智慧通勤:1; 韌性防災:0; 永續環境:0; 食安健康:2; 勞動福祉:3; 文化共融:2
taipei,aeaaa517-089c-42a7-ad5b-60fef89c3545,00001676,臺北市準公共化托嬰中心,勞動福祉,True,True,True,point,就業趨勢與社福資源分析,False,4,社福,生育保健,網路服務,社會局,,社會局,不定期更新,CSV,中文,2019-10-16T00:00:00,/api/dataset/aeaaa517-089c-42a7-ad5b-60fef89c3545/resource/75bb5396-4880-4301-9dde-2f7ccae00d57/download,提供準公共化托嬰中心名冊,序號、機構名稱、行政區、地址、電話、核定收托人數、實際收托人數、評鑑結果,智慧通勤:0; 韌性防災:0; 永續環境:0; 食安健康:0; 勞動福祉:1; 文化共融:0
taipei,d455b149-1a2f-4d5a-a9a8-315eb71f51f6,00000661,臺北市老人福利機構名冊,勞動福祉,True,True,True,point,就業趨勢與社福資源分析,False,4,社福,老年安養,網路服務,社會局,,社會局,每1年,CSV,中文,2020-07-29T00:00:00,/api/dataset/d455b149-1a2f-4d5a-a9a8-315eb71f51f6/resource/2649f023-26ce-483a-a6f9-d7854522bcfd/download,提供臺北市老人福利機構名冊資料,編號、屬性、機構名稱、區域別、地址、電話、收容對象、核定總床位數量、長照床位數量、養護床位數量、失智床位數量、安養床位數量,智慧通勤:0; 韌性防災:0; 永續環境:0; 食安健康:1; 勞動福祉:2; 文化共融:0
taipei,3b4401a5-f70e-46d1-9c64-37bf3d2b082d,00003031,臺北市自來水用水人口及配水情形,勞動福祉,True,True,True,area,就業趨勢與社福資源分析,False,4,統計,公共資訊,原始資料,主計處,,主計處,每1年,CSV,中文,2022-02-17T00:00:00,https://tsis.dbas.gov.taipei/statis/webMain.aspx?sys=220&ymf=5700&kind=21&type=0&funid=a05021701&cycle=4&outmode=12&compmode=0&outkind=1&deflst=2&nzo=1,臺北市自來水用水人口及配水情形時間數列統計資料,統計期、供水區域人數/人數[人]、供水區域人數/臺北市人數[人]、實際供水人數/人數[人]、實際供水人數/臺北市人數[人]、供水普及率[%]、供水普及率/臺北市普及率[%]、配水量/配水總量[立方公尺]、配水量/每人每日配水量[立方公尺]、享有改善水源人數/人數[人]、享有改善水源人數/臺北市人數[人],智慧通勤:0; 韌性防災:0; 永續環境:0; 食安健康:0; 勞動福祉:1; 文化共融:0
taipei,edf402f1-1bb9-427c-9697-7c0fead5e902,00003746,臺北市農牧戶概況—按可耕作地所有權屬分,勞動福祉,True,True,True,area,就業趨勢與社福資源分析,False,4,統計,公共資訊,原始資料,主計處,,主計處,每1年,CSV,中文,2021-01-28T00:00:00,https://tsis.dbas.gov.taipei/statis/webMain.aspx?sys=220&ymf=5700&kind=21&type=0&funid=a05013902&cycle=4&outmode=12&compmode=0&outkind=3&deflst=2&nzo=1,臺北市農牧戶概況按可耕作地所有權屬分時間數列統計資料,統計期、農戶別、行政區別、農牧戶數[戶]、農牧戶人口[人],智慧通勤:0; 韌性防災:0; 永續環境:0; 食安健康:0; 勞動福祉:1; 文化共融:0
taipei,a8ef3b5d-a598-477c-be64-52e56816d58f,00003732,臺北市選舉(市長),勞動福祉,True,True,True,area,就業趨勢與社福資源分析,False,4,統計,選舉及投票,原始資料,主計處,,主計處,每4年,CSV,中文,2022-01-21T00:00:00,https://tsis.dbas.gov.taipei/statis/webMain.aspx?sys=220&ymf=8300&kind=21&type=0&funid=a05037902&cycle=4&outmode=12&compmode=0&outkind=3&deflst=2&nzo=1,"臺北市選舉(市長)時間數列統計資料
",統計期、選舉屆期別、行政區別、人口數[人]、選舉人數[人]、投票日期/年、投票日期/月、投票日期/日、候選人數/總計[人]、候選人數/男[人]、候選人數/女[人]、當選人數/總計[人]、當選人數/男[人]、當選人數/女[人]、投票數/總計[票]、投票數/有效[票]、投票數/無效[票]、選舉人數對人口數百分比[%]、投票數對選舉人數百分比[%]、當選人對候選人百分比[%]、就職日期/年、就職日期/月、就職日期/日,智慧通勤:0; 韌性防災:0; 永續環境:0; 食安健康:0; 勞動福祉:1; 文化共融:0
taipei,40fc2ac5-f5ac-4d35-940c-bfcc6e2d645d,00003572,臺北市重大災害財物損失統計報表災害撤離情形,勞動福祉,True,True,True,area,就業趨勢與社福資源分析,False,4,民政,公共資訊,原始資料,民政局,,民政局,不定期更新,CSV,中文,2020-12-30T00:00:00,/api/dataset/40fc2ac5-f5ac-4d35-940c-bfcc6e2d645d/resource/dff95549-d8b1-4646-982d-71e2e2be8724/download,撤離情形統計,年度、縣市別、行政區別、累計實際撤離人數、備註,智慧通勤:0; 韌性防災:1; 永續環境:0; 食安健康:0; 勞動福祉:2; 文化共融:0
taipei,7566463a-b145-499a-b68c-f6fcb680e5c4,00001542,臺北市銀髮族據點課程資訊,勞動福祉,True,True,True,area,就業趨勢與社福資源分析,False,4,社福,老年安養,網路服務,社會局,,社會局,不定期更新,CSV,中文,2018-07-13T00:00:00,/api/dataset/7566463a-b145-499a-b68c-f6fcb680e5c4/resource/62256beb-fbfa-4557-af86-7e03e7fd132c/download,提供臺北市銀髮族據點課程資訊,課程名稱、開課起始日期、開課結束日期、地點、電話、人數、授課老師,智慧通勤:0; 韌性防災:0; 永續環境:0; 食安健康:0; 勞動福祉:1; 文化共融:0
taipei,d10a3309-01f9-4180-88d2-c4e6ee18b640,00003457,臺北市銀髮族服務_公立老人安養暨長期照顧機構,勞動福祉,True,True,True,point,就業趨勢與社福資源分析,False,4,社福,老年安養,網路服務,社會局,,社會局,不定期更新,CSV,中文,2020-12-24T00:00:00,/api/dataset/d10a3309-01f9-4180-88d2-c4e6ee18b640/resource/67549b46-4328-48d3-973f-dd7d3a96dbed/download,提供公立老人安養暨長期照顧機構相關資訊 ,屬性、機構名稱、區域別、地址、電話、收容對象、核定總床位數量、長照床位數量、養護床位數量、失智床位數量、安養床位數量,智慧通勤:0; 韌性防災:0; 永續環境:0; 食安健康:1; 勞動福祉:2; 文化共融:0
taipei,55500b1b-9e39-4b47-8312-bae28256ae30,00003458,臺北市銀髮族服務_公設民營老人安養暨長期照顧機構,勞動福祉,True,True,True,point,就業趨勢與社福資源分析,False,4,社福,老年安養,網路服務,社會局,,社會局,不定期更新,CSV,中文,2020-12-24T00:00:00,/api/dataset/55500b1b-9e39-4b47-8312-bae28256ae30/resource/2aa363e1-6bc3-4312-8388-c4f5e25c7149/download,提供公設民營老人安養暨長期照顧機構相關資訊,屬性、機構名稱、區域別、地址、電話、收容對象、核定總床位數量、長照床位數量、養護床位數量、失智床位數量、安養床位數量,智慧通勤:0; 韌性防災:0; 永續環境:0; 食安健康:1; 勞動福祉:2; 文化共融:0
taipei,6ab66246-7a52-4dc2-9c72-5fbf62003e90,00003459,臺北市銀髮族服務_私立老人安養暨長期照顧機構,勞動福祉,True,True,True,point,就業趨勢與社福資源分析,False,4,社福,老年安養,網路服務,社會局,,社會局,每1年,CSV,中文,2020-12-24T00:00:00,/api/dataset/6ab66246-7a52-4dc2-9c72-5fbf62003e90/resource/9a3e0440-87ea-4793-9240-5c8dc02b5129/download,提供私立老人安養暨長期照顧機構聯絡資訊,屬性、機構名稱、區域別、地址、電話、收容對象、核定總床位數量、長照床位數量、養護床位數量、失智床位數量、安養床位數量,智慧通勤:0; 韌性防災:0; 永續環境:0; 食安健康:1; 勞動福祉:2; 文化共融:0
taipei,b84b4354-2298-4805-87fa-f75405ce46b4,00003416,臺北市銀髮族服務臺北市獨居老人人數,勞動福祉,True,True,True,area,就業趨勢與社福資源分析,False,4,社福,老年安養,網路服務,社會局,,社會局,每3月,CSV,中文,2020-12-21T00:00:00,/api/dataset/b84b4354-2298-4805-87fa-f75405ce46b4/resource/31f2de9b-c900-427b-a0eb-8f769629459f/download,臺北市獨居老人人數,年/季、行政區、總人數、男生人數、女生人數,智慧通勤:0; 韌性防災:0; 永續環境:0; 食安健康:0; 勞動福祉:1; 文化共融:0
taipei,b7c8e724-1e98-45ee-a0bd-f3840623ed97,00004107,臺北市門牌位置數值資料,勞動福祉,True,True,False,point,就業趨勢與社福資源分析,True,4,民政,公共資訊,原始資料,民政局,,民政局,每1月,CSV,中文,2022-03-04T00:00:00,/api/dataset/b7c8e724-1e98-45ee-a0bd-f3840623ed97/resource/ce76ca0c-7f94-4935-ab47-1d2a41ca2abb/download,本局依門牌異動資料， 辦理現場調查並建置之數值資料；其內容涵蓋門牌號碼與門牌位置坐標等數值資料。,省市縣市代碼、鄉鎮市區代碼、村里、鄰、街路段、地區、巷、弄、號、橫座標、縱座標,智慧通勤:0; 韌性防災:0; 永續環境:0; 食安健康:0; 勞動福祉:2; 文化共融:0
taipei,567976f0-6bbe-4b21-9452-6877d073f2b2,00000934,臺北自來水事業處無障礙設施資料表,勞動福祉,True,True,True,point,就業趨勢與社福資源分析,False,4,社福,生活安全及品質,原始資料,北水處,,北水處,不定期更新,CSV,中文,2020-06-10T00:00:00,/api/dataset/567976f0-6bbe-4b21-9452-6877d073f2b2/resource/944d9d3c-886c-42ee-baba-671e71be0bf8/download,臺北自來水事業處無障礙設施項目、地點、地址、數量及聯絡人等資料,"項次編號、無障礙廁所設施項目、設施地點、設施地址、數量、聯絡人
",智慧通勤:0; 韌性防災:0; 永續環境:0; 食安健康:0; 勞動福祉:1; 文化共融:0
taipei,b796f87a-0ed8-4e57-89f6-225a4941b1ed,00000560,臺北市政府1999派工資料,勞動福祉,True,True,True,point,就業趨勢與社福資源分析,False,4,民政,公共資訊,原始資料,研考會,,研考會,每1月,"CSV,CSV,CSV,CSV,CSV,CSV,CSV,CSV,CSV,CSV,CSV,CSV,CSV,CSV,CSV,CSV,CSV,CSV,CSV,CSV,CSV,CSV,CSV,CSV,CSV,CSV,CSV,CSV,CSV,CSV,CSV,CSV,CSV,CSV,CSV,CSV,CSV,CSV,CSV,CSV,CSV,CSV,CSV,CSV,CSV,CSV,CSV,CSV,CSV,CSV,CSV,CSV,CSV,CSV,CSV,CSV,CSV,CSV,CSV,CSV,CSV,CSV,CSV,CSV,CSV,CSV,CSV,CSV,CSV,CSV,CSV,CSV,CSV,CSV,CSV,CSV,CSV,CSV,CSV,CSV,CSV,CSV,CSV,CSV,CSV,CSV,CSV,CSV,CSV,CSV,CSV,CSV,CSV,CSV,CSV,CSV,CSV,CSV,CSV,CSV,CSV,CSV,CSV,CSV,CSV,CSV,CSV,CSV,CSV,CSV,CSV,CSV,CSV,CSV,CSV,CSV,CSV,CSV,CSV,CSV",中文,2015-05-22T00:00:00,"/api/dataset/b796f87a-0ed8-4e57-89f6-225a4941b1ed/resource/96060fd2-0062-42ae-bd6b-d37cdfadcfe9/download,/api/dataset/b796f87a-0ed8-4e57-89f6-225a4941b1ed/resource/b7a7e880-41f6-48d8-809f-fd1eb58f05c5/download,/api/dataset/b796f87a-0ed8-4e57-89f6-225a4941b1ed/resource/1de4b6f9-993d-4faa-9f77-fe71efe5560d/download,/api/dataset/b796f87a-0ed8-4e57-89f6-225a4941b1ed/resource/b7f17d01-30b0-4978-840b-e039b98103af/download,/api/dataset/b796f87a-0ed8-4e57-89f6-225a4941b1ed/resource/a3ed1444-1b34-4b95-8ad0-c8c93ec28000/download,/api/dataset/b796f87a-0ed8-4e57-89f6-225a4941b1ed/resource/62854583-e217-45bb-a334-09f3aaffad21/download,/api/dataset/b796f87a-0ed8-4e57-89f6-225a4941b1ed/resource/90b3f0ba-3a37-41ad-81cd-2bbc90f3c934/download,/api/dataset/b796f87a-0ed8-4e57-89f6-225a4941b1ed/resource/518ce7d4-44df-44e5-bb1e-2316e8f71e65/download,/api/dataset/b796f87a-0ed8-4e57-89f6-225a4941b1ed/resource/2d94a508-c03e-4830-8791-575fd07690f8/download,/api/dataset/b796f87a-0ed8-4e57-89f6-225a4941b1ed/resource/056fcf52-1691-4ffa-b9be-0f7cccd6e53b/download,/api/dataset/b796f87a-0ed8-4e57-89f6-225a4941b1ed/resource/65304b8c-bac6-40db-a13b-cd97828772d9/download,/api/dataset/b796f87a-0ed8-4e57-89f6-225a4941b1ed/resource/2b9fc5fb-a88b-4a5c-981a-c0feb31c0143/download,/api/dataset/b796f87a-0ed8-4e57-89f6-225a4941b1ed/resource/1a9ac830-f4ae-49fe-ae75-4ec9adf8ac70/download,/api/dataset/b796f87a-0ed8-4e57-89f6-225a4941b1ed/resource/f31811d5-b9ee-474d-bdff-204c47fa2935/download,/api/dataset/b796f87a-0ed8-4e57-89f6-225a4941b1ed/resource/2cb2095e-6265-4b41-a4fe-74adedcb31e0/download,/api/dataset/b796f87a-0ed8-4e57-89f6-225a4941b1ed/resource/4cb9c807-1040-4f57-8e98-132140e4ceda/download,/api/dataset/b796f87a-0ed8-4e57-89f6-225a4941b1ed/resource/6f07979a-267b-4e37-8b68-fecfabde8314/download,/api/dataset/b796f87a-0ed8-4e57-89f6-225a4941b1ed/resource/ecab61a6-6ea6-499f-bf0e-86d5a9ab1102/download,/api/dataset/b796f87a-0ed8-4e57-89f6-225a4941b1ed/resource/0aca41a5-da94-4a6c-8318-b1069fdac75d/download,/api/dataset/b796f87a-0ed8-4e57-89f6-225a4941b1ed/resource/0ac52b39-fccb-4bc6-b5f4-d87b8bbbb13d/download,/api/dataset/b796f87a-0ed8-4e57-89f6-225a4941b1ed/resource/8a52488c-4bfd-485a-b48a-d6ad57d53744/download,/api/dataset/b796f87a-0ed8-4e57-89f6-225a4941b1ed/resource/26653bea-37df-433e-997a-4f202f6fd4b4/download,/api/dataset/b796f87a-0ed8-4e57-89f6-225a4941b1ed/resource/9aea2032-60b6-4568-8ac0-6239c5a8d91f/download,/api/dataset/b796f87a-0ed8-4e57-89f6-225a4941b1ed/resource/b47527d5-5940-4393-9800-4df97dea4a6a/download,/api/dataset/b796f87a-0ed8-4e57-89f6-225a4941b1ed/resource/59cceb29-b505-4a46-b0ef-3493af4055a7/download,/api/dataset/b796f87a-0ed8-4e57-89f6-225a4941b1ed/resource/416cccc7-ded9-47e5-85d7-21f9e9e8cf1d/download,/api/dataset/b796f87a-0ed8-4e57-89f6-225a4941b1ed/resource/79f08324-5d34-400f-8e7e-5d2f5b3ff5ff/download,/api/dataset/b796f87a-0ed8-4e57-89f6-225a4941b1ed/resource/3b735955-4f93-480c-ab72-3d0a12b9a6d3/download,/api/dataset/b796f87a-0ed8-4e57-89f6-225a4941b1ed/resource/1468a9a8-bb4e-41b7-88de-3359c344f852/download,/api/dataset/b796f87a-0ed8-4e57-89f6-225a4941b1ed/resource/7daffaed-4b8d-419c-a08f-8f9d25941c8c/download,/api/dataset/b796f87a-0ed8-4e57-89f6-225a4941b1ed/resource/07f5237b-1b88-4846-bf76-0510eccd02ae/download,/api/dataset/b796f87a-0ed8-4e57-89f6-225a4941b1ed/resource/a9dbadde-b52b-48e5-84eb-6124f494e226/download,/api/dataset/b796f87a-0ed8-4e57-89f6-225a4941b1ed/resource/81168b00-4e96-49eb-a7d3-a7006737e92c/download,/api/dataset/b796f87a-0ed8-4e57-89f6-225a4941b1ed/resource/9cc0fa0e-e74a-4f14-8caf-3a1151da6b50/download,/api/dataset/b796f87a-0ed8-4e57-89f6-225a4941b1ed/resource/e218f254-e6c2-4f69-8066-8784f06cc619/download,/api/dataset/b796f87a-0ed8-4e57-89f6-225a4941b1ed/resource/db4342a0-7c03-4714-9a08-b5233d257997/download,/api/dataset/b796f87a-0ed8-4e57-89f6-225a4941b1ed/resource/c3dc227b-1353-439b-8161-0ad5829a3962/download,/api/dataset/b796f87a-0ed8-4e57-89f6-225a4941b1ed/resource/f6a0f083-bba2-4573-a2e4-72b1e2da4346/download,/api/dataset/b796f87a-0ed8-4e57-89f6-225a4941b1ed/resource/a648d593-cd89-4a03-9c65-be87e6f616cb/download,/api/dataset/b796f87a-0ed8-4e57-89f6-225a4941b1ed/resource/eb5c47a5-79a6-4e2e-983a-8d393f982ffb/download,/api/dataset/b796f87a-0ed8-4e57-89f6-225a4941b1ed/resource/890df355-cf64-4700-98c2-7db69690b737/download,/api/dataset/b796f87a-0ed8-4e57-89f6-225a4941b1ed/resource/8aa49553-561d-4d16-bf15-8c533a416acb/download,/api/dataset/b796f87a-0ed8-4e57-89f6-225a4941b1ed/resource/cd812962-c5b2-4921-82a9-12f0bea4b28c/download,/api/dataset/b796f87a-0ed8-4e57-89f6-225a4941b1ed/resource/9af3807a-b3d1-41ba-8269-387c943a93e7/download,/api/dataset/b796f87a-0ed8-4e57-89f6-225a4941b1ed/resource/fe08ea62-9f33-4ca7-bf05-2bd4b07a1aa0/download,/api/dataset/b796f87a-0ed8-4e57-89f6-225a4941b1ed/resource/98f1090a-1c7f-4496-a4c4-4b1bdce43915/download,/api/dataset/b796f87a-0ed8-4e57-89f6-225a4941b1ed/resource/c1d7422f-4f23-4ff9-bdec-95b19262fb76/download,/api/dataset/b796f87a-0ed8-4e57-89f6-225a4941b1ed/resource/cc809488-13a0-4366-9a9f-7c9d18212827/download,/api/dataset/b796f87a-0ed8-4e57-89f6-225a4941b1ed/resource/13efb8a6-94ee-460f-b327-bf29fe9eb3dc/download,/api/dataset/b796f87a-0ed8-4e57-89f6-225a4941b1ed/resource/931c5dde-cea2-4fb7-b5d9-1d74f3a83114/download,/api/dataset/b796f87a-0ed8-4e57-89f6-225a4941b1ed/resource/92cea674-6c89-4365-af10-2183c547aee0/download,/api/dataset/b796f87a-0ed8-4e57-89f6-225a4941b1ed/resource/1cf539c2-68ac-4a2f-bb40-d486216037d4/download,/api/dataset/b796f87a-0ed8-4e57-89f6-225a4941b1ed/resource/5ed4f6ab-ff81-4208-9f0b-87ac2f86eec2/download,/api/dataset/b796f87a-0ed8-4e57-89f6-225a4941b1ed/resource/c665bf54-05b3-42ab-862a-058355a5fecb/download,/api/dataset/b796f87a-0ed8-4e57-89f6-225a4941b1ed/resource/588e56a7-7c50-49f4-8bc3-949649b68728/download,/api/dataset/b796f87a-0ed8-4e57-89f6-225a4941b1ed/resource/24da92c3-a900-48cb-8996-e0330370e4af/download,/api/dataset/b796f87a-0ed8-4e57-89f6-225a4941b1ed/resource/586acb5e-5383-42ff-810a-171e6a22ac8d/download,/api/dataset/b796f87a-0ed8-4e57-89f6-225a4941b1ed/resource/a7956cda-cfd5-4f71-ab7e-62ea760e3c09/download,/api/dataset/b796f87a-0ed8-4e57-89f6-225a4941b1ed/resource/e2995818-36da-4b67-b78b-4b407056c6f7/download,/api/dataset/b796f87a-0ed8-4e57-89f6-225a4941b1ed/resource/de35c663-fa0c-4e10-a13a-6aa6f296f15a/download,/api/dataset/b796f87a-0ed8-4e57-89f6-225a4941b1ed/resource/aaf15e59-7927-4bbe-9c47-bf03eb2f4c07/download,/api/dataset/b796f87a-0ed8-4e57-89f6-225a4941b1ed/resource/f598e412-bc4a-4d1f-8ff2-243eeebb521a/download,/api/dataset/b796f87a-0ed8-4e57-89f6-225a4941b1ed/resource/ee9fabfc-1eda-4038-93cb-8923e5372578/download,/api/dataset/b796f87a-0ed8-4e57-89f6-225a4941b1ed/resource/2db2f90a-e4c9-4d10-ae9c-05764fe81455/download,/api/dataset/b796f87a-0ed8-4e57-89f6-225a4941b1ed/resource/2f25f41d-78ab-4f19-a059-3ce46eade39c/download,/api/dataset/b796f87a-0ed8-4e57-89f6-225a4941b1ed/resource/0b92e228-8561-4f5f-b41c-6fd02e25ac94/download,/api/dataset/b796f87a-0ed8-4e57-89f6-225a4941b1ed/resource/8f192863-9013-46e5-b4f1-3691ee084ef0/download,/api/dataset/b796f87a-0ed8-4e57-89f6-225a4941b1ed/resource/dda4fe1c-2c63-457d-ae18-7fb2d5040760/download,/api/dataset/b796f87a-0ed8-4e57-89f6-225a4941b1ed/resource/0b891a1a-8aa5-497f-b1be-3a5b17c1b153/download,/api/dataset/b796f87a-0ed8-4e57-89f6-225a4941b1ed/resource/16a0aa64-5600-4401-9ca1-f223218aaf69/download,/api/dataset/b796f87a-0ed8-4e57-89f6-225a4941b1ed/resource/72709006-c0d5-4924-be4c-3ad4460d5294/download,/api/dataset/b796f87a-0ed8-4e57-89f6-225a4941b1ed/resource/92c728b9-9154-4e70-855c-389d5ba26533/download,/api/dataset/b796f87a-0ed8-4e57-89f6-225a4941b1ed/resource/95149de4-7e37-4953-88b1-092925743946/download,/api/dataset/b796f87a-0ed8-4e57-89f6-225a4941b1ed/resource/02da3244-ea59-42c8-b203-b7181c79bdfb/download,/api/dataset/b796f87a-0ed8-4e57-89f6-225a4941b1ed/resource/df579d7f-5d29-4d00-9964-1a99b26a1a1e/download,/api/dataset/b796f87a-0ed8-4e57-89f6-225a4941b1ed/resource/8aec2bb2-b334-4572-9cbe-b0dfd3aae8fa/download,/api/dataset/b796f87a-0ed8-4e57-89f6-225a4941b1ed/resource/7a92a9b9-3898-40a4-b1df-6986cb62a9eb/download,/api/dataset/b796f87a-0ed8-4e57-89f6-225a4941b1ed/resource/8e11e7c2-9c8d-4143-a557-11997fdab5fa/download,/api/dataset/b796f87a-0ed8-4e57-89f6-225a4941b1ed/resource/e0dd882a-8124-43af-ae03-a84f250ed953/download,/api/dataset/b796f87a-0ed8-4e57-89f6-225a4941b1ed/resource/f14e431e-4af3-4973-b3d9-302bf763d9eb/download,/api/dataset/b796f87a-0ed8-4e57-89f6-225a4941b1ed/resource/df8b6bef-4016-4502-ae8d-4cdffbab8988/download,/api/dataset/b796f87a-0ed8-4e57-89f6-225a4941b1ed/resource/60a32fb9-aaeb-480b-a949-b8715661938f/download,/api/dataset/b796f87a-0ed8-4e57-89f6-225a4941b1ed/resource/140f286a-fc30-4be4-9774-6304274c5fc3/download,/api/dataset/b796f87a-0ed8-4e57-89f6-225a4941b1ed/resource/85a89da5-5172-4b67-ab76-0c0d90705de6/download,/api/dataset/b796f87a-0ed8-4e57-89f6-225a4941b1ed/resource/dcceda37-0146-42df-8e38-dbf8d921d25f/download,/api/dataset/b796f87a-0ed8-4e57-89f6-225a4941b1ed/resource/0ab341b7-1d7e-45f5-b3cb-5d1153c8d0f2/download,/api/dataset/b796f87a-0ed8-4e57-89f6-225a4941b1ed/resource/aef4966f-28c2-4e02-88ce-ea7a6181f202/download,/api/dataset/b796f87a-0ed8-4e57-89f6-225a4941b1ed/resource/1af8d0c3-8b6d-4b45-996f-b67314b9a5d5/download,/api/dataset/b796f87a-0ed8-4e57-89f6-225a4941b1ed/resource/dc1f2f16-360d-4a4e-86fb-2c62f88501de/download,/api/dataset/b796f87a-0ed8-4e57-89f6-225a4941b1ed/resource/9ba3579a-f7c3-4cd2-acbf-c0b6bb7da3f9/download,/api/dataset/b796f87a-0ed8-4e57-89f6-225a4941b1ed/resource/f70b102a-660b-44ce-9dad-c161e57a2436/download,/api/dataset/b796f87a-0ed8-4e57-89f6-225a4941b1ed/resource/e10dfa90-67e4-47fc-b4af-d719eaf5bf7c/download,/api/dataset/b796f87a-0ed8-4e57-89f6-225a4941b1ed/resource/a1632472-a110-46f3-83a8-7e4445d91079/download,/api/dataset/b796f87a-0ed8-4e57-89f6-225a4941b1ed/resource/da2c6801-a74e-496e-be64-beb45b56f030/download,/api/dataset/b796f87a-0ed8-4e57-89f6-225a4941b1ed/resource/4d847f52-812f-45d2-ba49-08a0113eba26/download,/api/dataset/b796f87a-0ed8-4e57-89f6-225a4941b1ed/resource/89d8f276-b259-4f2d-99da-1e9466cc0486/download,/api/dataset/b796f87a-0ed8-4e57-89f6-225a4941b1ed/resource/87d4130d-518e-48e0-890a-945d55a3cd82/download,/api/dataset/b796f87a-0ed8-4e57-89f6-225a4941b1ed/resource/76b6f315-4db7-447f-9b70-16e8d2266fe7/download,/api/dataset/b796f87a-0ed8-4e57-89f6-225a4941b1ed/resource/8ae96d6b-6ead-420e-96b0-26de3107292a/download,/api/dataset/b796f87a-0ed8-4e57-89f6-225a4941b1ed/resource/2eb67080-c200-49e7-b360-c65ba0f92a3d/download,/api/dataset/b796f87a-0ed8-4e57-89f6-225a4941b1ed/resource/0764fe05-e0da-4045-8dd8-17ce3b6ccdcd/download,/api/dataset/b796f87a-0ed8-4e57-89f6-225a4941b1ed/resource/0517527c-d2ef-4437-a97c-7b0c03bcfa44/download,/api/dataset/b796f87a-0ed8-4e57-89f6-225a4941b1ed/resource/c3e8d4ca-226d-461a-81f1-7dfdcf99cfaa/download,/api/dataset/b796f87a-0ed8-4e57-89f6-225a4941b1ed/resource/4a9f944f-e796-44d6-9ab5-40095455101b/download,/api/dataset/b796f87a-0ed8-4e57-89f6-225a4941b1ed/resource/e3dea2f1-f597-4a4c-a42a-cc89df21272f/download,/api/dataset/b796f87a-0ed8-4e57-89f6-225a4941b1ed/resource/2ec6e089-a5f5-4ffb-bcc4-98868c4446bf/download,/api/dataset/b796f87a-0ed8-4e57-89f6-225a4941b1ed/resource/4356709d-fe56-41a5-9f1b-3a1ee62d1b31/download,/api/dataset/b796f87a-0ed8-4e57-89f6-225a4941b1ed/resource/f771f4a4-f5d3-4ed0-942d-fba88774ce6f/download,/api/dataset/b796f87a-0ed8-4e57-89f6-225a4941b1ed/resource/fc74e7d5-59de-4def-bd5c-9dc2de751179/download,/api/dataset/b796f87a-0ed8-4e57-89f6-225a4941b1ed/resource/6e39f833-c693-496c-9660-a775db28ea78/download,/api/dataset/b796f87a-0ed8-4e57-89f6-225a4941b1ed/resource/e7a4d619-1ed9-46eb-8d04-7696c0a990be/download,/api/dataset/b796f87a-0ed8-4e57-89f6-225a4941b1ed/resource/1fa5e1d2-e3b7-4703-a3fd-7540f0ade881/download,/api/dataset/b796f87a-0ed8-4e57-89f6-225a4941b1ed/resource/cf557672-fa45-40ec-8d26-fdf75c45c5ba/download,/api/dataset/b796f87a-0ed8-4e57-89f6-225a4941b1ed/resource/95e364a7-4fc6-4f02-b248-876a7a76333a/download,/api/dataset/b796f87a-0ed8-4e57-89f6-225a4941b1ed/resource/248b52c1-b57e-4791-955a-79e616decf4b/download,/api/dataset/b796f87a-0ed8-4e57-89f6-225a4941b1ed/resource/7313d5d6-2a9a-47a2-ab69-231c26f36ae9/download,/api/dataset/b796f87a-0ed8-4e57-89f6-225a4941b1ed/resource/9c626ce2-c840-4e5c-ae14-0352ce4d0a5f/download,/api/dataset/b796f87a-0ed8-4e57-89f6-225a4941b1ed/resource/2dc19c52-7fa8-485a-9407-fe09a9528c1a/download,/api/dataset/b796f87a-0ed8-4e57-89f6-225a4941b1ed/resource/bade56b2-5dad-4056-a9f2-160f36f48b28/download,/api/dataset/b796f87a-0ed8-4e57-89f6-225a4941b1ed/resource/26f65a3b-ac84-45f2-ba47-c39bd65081a8/download",臺北市政府1999每月派工項目資料,"案件編號、派工項目、案件地址、立案日期、立案時間
",智慧通勤:0; 韌性防災:0; 永續環境:0; 食安健康:0; 勞動福祉:2; 文化共融:0
newtaipei,6A1F1057-B094-4843-8CC0-05EBD09625BB,,宗教社會服務概況,勞動福祉,False,True,True,table,就業趨勢與社福資源分析,True,3,統計,公共資訊,,,,新北市政府主計處/公務統計科,每年,JSON、CSV、XML,中文,,https://data.ntpc.gov.tw/datasets/6a1f1057-b094-4843-8cc0-05ebd09625bb,"1.宗教社會服務概況
2.單位：個
3.各項欄位說明詳參新北市統計年報(網址：http://www.bas.ntpc.gov.tw/home.jsp?id=OTE=)或電洽主計處查詢。",,智慧通勤:0; 韌性防災:0; 永續環境:0; 食安健康:0; 勞動福祉:1; 文化共融:0
newtaipei,3E0EC8A1-2E99-403B-B224-9335E24998F3,,新住民人口,勞動福祉,False,True,True,table,就業趨勢與社福資源分析,True,3,統計,公共資訊,,,,新北市政府主計處/公務統計科,每年,JSON、CSV、XML,中文,,https://data.ntpc.gov.tw/datasets/3e0ec8a1-2e99-403b-b224-9335e24998f3,"1.新住民人口
2.單位：人
3.各項欄位說明詳參新北市統計年報(網址：http://www.bas.ntpc.gov.tw/home.jsp?id=OTE=)或電洽主計處查詢。",,智慧通勤:0; 韌性防災:0; 永續環境:0; 食安健康:0; 勞動福祉:1; 文化共融:0
newtaipei,B05FBAB8-5B43-4847-B72E-6856CAEB1611,,新北市兒童及少年安置及教養機構,勞動福祉,True,True,False,point,就業趨勢與社福資源分析,False,3,社福,出生及收養,,,,新北市政府社會局/兒童少年福利科,每年,JSON、CSV、XML,中文,,https://data.ntpc.gov.tw/datasets/b05fbab8-5b43-4847-b72e-6856caeb1611,新北市兒童及少年安置及教養機構主要欄位包含中心名稱、地址、電話,,智慧通勤:0; 韌性防災:0; 永續環境:0; 食安健康:0; 勞動福祉:1; 文化共融:0
newtaipei,B3FAF2AA-E96B-4F2F-B647-DA47DC094860,,新北市公共托育中心名冊,勞動福祉,True,True,False,point,就業趨勢與社福資源分析,False,3,社福,出生及收養,,,,新北市政府社會局/兒童托育科,每年,JSON、CSV、XML、KML,中文,,https://data.ntpc.gov.tw/datasets/b3faf2aa-e96b-4f2f-b647-da47dc094860,提供新北市各公共托育中心名稱、委辦單位、地址與電話等資訊,,智慧通勤:0; 韌性防災:0; 永續環境:0; 食安健康:0; 勞動福祉:1; 文化共融:0
newtaipei,08DF50E4-2AB6-47B6-91B6-FA9AE08A30BD,,新北市市民活動中心資料,勞動福祉,True,True,False,point,就業趨勢與社福資源分析,False,3,民政,公共資訊,,,,新北市政府民政局/地方自治科,不更新,JSON、CSV、XML,中文,,https://data.ntpc.gov.tw/datasets/08df50e4-2ab6-47b6-91b6-fa9ae08a30bd,提供各區市民活動中心名稱及地址等相關資料。,,智慧通勤:0; 韌性防災:0; 永續環境:0; 食安健康:0; 勞動福祉:2; 文化共融:1
newtaipei,502D1589-3693-4F2C-9C05-22E3EC37330D,,新北市歷年住宅補貼受理情形統計表,勞動福祉,False,True,True,table,就業趨勢與社福資源分析,True,3,社福,公共資訊,,,,新北市政府城鄉發展局/住宅發展科,每年,JSON、CSV、XML,中文,,https://data.ntpc.gov.tw/datasets/502d1589-3693-4f2c-9c05-22e3ec37330d,新北市歷年申請住宅補貼情形,,智慧通勤:0; 韌性防災:0; 永續環境:0; 食安健康:0; 勞動福祉:1; 文化共融:0
newtaipei,76ACD17D-44DD-4FF5-9F9B-E4654DA84FC6,,新北市歷年性侵害案量統計,勞動福祉,False,True,True,table,就業趨勢與社福資源分析,True,3,社福,生活安全及品質,,,,新北市政府社會局/新北市政府家庭暴力暨性侵害防治中心/綜合規劃組,每年,JSON、CSV、XML,中文,,https://data.ntpc.gov.tw/datasets/76acd17d-44dd-4ff5-9f9b-e4654da84fc6,此為104~114年歷年性侵害案量統計，說明資料為104~114年的統計圖表。,,智慧通勤:0; 韌性防災:0; 永續環境:0; 食安健康:0; 勞動福祉:1; 文化共融:0
newtaipei,A4CFC560-C73F-4E54-AAE0-492C13F10DE1,,新北市法律諮詢服務處所暨時段,勞動福祉,True,True,False,point,就業趨勢與社福資源分析,False,3,資訊,公共資訊,,,,新北市政府法制局/秘書室,每年,JSON、CSV、XML,中文,,https://data.ntpc.gov.tw/datasets/a4cfc560-c73f-4e54-aae0-492c13f10de1,"為解決市民法律疑惑，聘任95位經驗豐富且具熱忱的律師擔任本府法律扶助顧問，提供民眾免費法律諮詢。除於市府行政大樓外，更在本市各區公所設置法律諮詢處，分別提供全市民眾免費解答民眾法律疑惑。
提供地點、服務時段、聯絡電話、地址等資訊
",,智慧通勤:0; 韌性防災:0; 永續環境:0; 食安健康:0; 勞動福祉:1; 文化共融:0
newtaipei,214634CA-3C71-4FC8-8F46-FAFFE97F23FF,,新北市行政區域圖,勞動福祉,True,True,False,area,就業趨勢與社福資源分析,False,3,民政,公共資訊,,,,新北市政府民政局/地方行政科,不更新,JSON、CSV、XML,中文,,https://data.ntpc.gov.tw/datasets/214634ca-3c71-4fc8-8f46-faffe97f23ff,行政區域圖高解析下載連結,,智慧通勤:0; 韌性防災:0; 永續環境:0; 食安健康:0; 勞動福祉:2; 文化共融:0
newtaipei,13F881C7-53C4-4F8C-B693-816584562666,,新北市行政區面積,勞動福祉,True,True,False,area,就業趨勢與社福資源分析,False,3,民政,公共資訊,,,,新北市政府民政局/地方行政科,不更新,JSON、CSV、XML,中文,,https://data.ntpc.gov.tw/datasets/13f881c7-53c4-4f8c-b693-816584562666,新北市行政區面積。,,智慧通勤:0; 韌性防災:0; 永續環境:0; 食安健康:0; 勞動福祉:2; 文化共融:0
newtaipei,8BBD1ACA-752C-4DF0-B515-1CFD88B36274,,新北市里界圖資,勞動福祉,True,True,False,point,就業趨勢與社福資源分析,False,3,民政,公共資訊,,,,新北市政府民政局/地方行政科,不更新,JSON、CSV、XML,中文,,https://data.ntpc.gov.tw/datasets/8bbd1aca-752c-4df0-b515-1cfd88b36274,本項資料解壓縮後，包含.csv、.cpg、.dbf、.prj、.qpj、.shp及.shx等7個檔案，其內容有：ADMIT:市鎮鄉(區)名稱、ADMIT_ID:市鎮鄉(區)代碼、ADMIV:村里名稱、ADMIV_ID:村里代碼、TM2X:TM2 97座標X、TM2Y:TM2 97座標Y等,,智慧通勤:0; 韌性防災:0; 永續環境:0; 食安健康:0; 勞動福祉:2; 文化共融:0
newtaipei,D0070EF9-AE5C-423F-9F5C-E22AEF21C33B,,新北市里長資訊,勞動福祉,True,True,False,area,就業趨勢與社福資源分析,False,3,民政,公共資訊,,,,新北市政府民政局/地方行政科,不更新,JSON、CSV、XML,中文,,https://data.ntpc.gov.tw/datasets/d0070ef9-ae5c-423f-9f5c-e22aef21c33b,新北市全市1032里里長聯絡資訊,,智慧通勤:0; 韌性防災:0; 永續環境:0; 食安健康:0; 勞動福祉:2; 文化共融:0
newtaipei,04B91716-4B56-4933-B001-807810EA21F6,,新北市里長資訊1141030,勞動福祉,True,True,False,area,就業趨勢與社福資源分析,False,3,民政,公共資訊,,,,新北市政府民政局/地方行政科,不更新,JSON、CSV、XML,中文,,https://data.ntpc.gov.tw/datasets/04b91716-4b56-4933-b001-807810ea21f6,新北市全市1032里里長聯絡資訊,,智慧通勤:0; 韌性防災:0; 永續環境:0; 食安健康:0; 勞動福祉:2; 文化共融:0
taipei,be069086-f70e-4e5b-a676-6edd614a76ff,00001264,112學年度臺北市國民中小學餘裕空間情形一覽表,勞動福祉,True,True,False,area,就業趨勢與社福資源分析,False,3,教育,求學及進修,原始資料,教育局,,教育局,不定期更新,CSV,中文,2020-06-10T00:00:00,/api/dataset/be069086-f70e-4e5b-a676-6edd614a76ff/resource/d6ce692a-d92b-4a4d-bae3-dfd0ae5a9ad3/download,"一、為使本市學校資源有效利用，本局積極辦理校園餘裕空間多元活化，包括提供社會局設置公共托育家園及托嬰中心、非營利幼兒園、樂齡學堂及實驗教育教育團體進駐等。
二、本局所稱餘裕空間，係指依據教育部「國民小學及國民中學設施設備基準」（教學空間、行政辦公室及公共服務空間）、教育部「幼兒園及其分班基本設施設備標準」、「臺北市國民中小學特殊教育班實施要點」、「公共場所哺（集）乳室設置及管理標準」、「學校輔導工作場所設置基準」及「行政院及所屬各機關資料中心設置作業要點」等相關法規（必要使用空間）核算後超出基準之空間。
三、檢附112學年度臺北市國民中小學教室空間設置情形各1份。",序號、行政區、學校名稱、已活化情形/借用單位名稱及使用情形、活化間數、規劃活化情形/用途、規劃活化間數、國小班級數_含特教、幼兒園班級數_含特幼、國小學生數、幼兒園學生數、實際使用間數、教育部設備基準及配合法令必要使用空間、超過基準教室間數、尚待補強或補照後方得使用、位於無使用執照合法建物、目前可供會勘使用、備註,智慧通勤:0; 韌性防災:0; 永續環境:0; 食安健康:0; 勞動福祉:1; 文化共融:0
taipei,afd3899d-2c12-44a6-9dd0-54333644459f,00000157,臺北各市區民活動中心資料,勞動福祉,True,True,False,point,就業趨勢與社福資源分析,False,3,民政,公共資訊,原始資料,民政局,,民政局,不定期更新,ODS,中文,2013-05-15T00:00:00,/api/dataset/afd3899d-2c12-44a6-9dd0-54333644459f/resource/34300677-808f-45af-a7a4-bf64c68fd2c7/download,本市各行政區管轄區民活動中心地址,編號(serial_number_1)、區(distrrict)、區民活動中心名稱(name)、地址(address)、x座標(x)、y座標(y),智慧通勤:0; 韌性防災:0; 永續環境:0; 食安健康:0; 勞動福祉:2; 文化共融:1
taipei,c259b18c-2146-4531-aadc-3e1da7a5d9ed,00000067,臺北市中山區各里簡易疏散避難地圖資訊,勞動福祉,True,True,False,area,就業趨勢與社福資源分析,False,3,民政,生活安全及品質,原始資料,中山區公所,,中山區公所,不定期更新,CSV,中文,2018-11-21T00:00:00,/api/dataset/c259b18c-2146-4531-aadc-3e1da7a5d9ed/resource/26c365ee-0f2c-47b7-9131-92bb069359c7/download,提供臺北市中山區各里簡易疏散避難圖資訊。,District、AreaCode、Village、Language、FILE_URL,智慧通勤:0; 韌性防災:1; 永續環境:0; 食安健康:0; 勞動福祉:2; 文化共融:0
taipei,9f9bdad6-948d-45d7-bca6-a807f8b0682e,00001249,臺北市中正區各里簡易疏散避難地圖資訊,勞動福祉,True,True,False,area,就業趨勢與社福資源分析,False,3,民政,生活安全及品質,原始資料,中正區公所,,中正區公所,不定期更新,CSV,中文,2017-09-08T00:00:00,/api/dataset/9f9bdad6-948d-45d7-bca6-a807f8b0682e/resource/224525c5-3d91-474e-befb-5d982a89ddb0/download,提供臺北市中正區各里簡易疏散避難地圖資訊。,District(區)、AreaCode(行政區域代碼)、Village(里)、Language(語系)、FILE_URL(圖檔連結網址),智慧通勤:0; 韌性防災:1; 永續環境:0; 食安健康:0; 勞動福祉:2; 文化共融:0
taipei,1ddd988a-6268-4523-9a33-63b76434be54,00003610,臺北市二手輔具資源提供單位,勞動福祉,True,True,False,point,就業趨勢與社福資源分析,False,3,社福,公共資訊,網路服務,社會局,,社會局,每1年,CSV,中文,2020-12-30T00:00:00,/api/dataset/1ddd988a-6268-4523-9a33-63b76434be54/resource/7d81f50d-28a2-4424-9f53-5c7064c1c567/download,提供臺北市二手輔具資源提供單位資訊,"中心名稱、開放時間、中心地址、行政區、中心電話
",智慧通勤:0; 韌性防災:0; 永續環境:0; 食安健康:0; 勞動福祉:1; 文化共融:0
taipei,72417af0-7dec-4fad-b762-5f2baafcf084,00001251,臺北市人民團體名冊,勞動福祉,True,True,False,point,就業趨勢與社福資源分析,False,3,社福,公共資訊,網路服務,社會局,,社會局,每1年,CSV,中文,2017-09-13T00:00:00,/api/dataset/72417af0-7dec-4fad-b762-5f2baafcf084/resource/e194f151-adfa-4ab2-b0e0-8f64f470ef40/download,提供臺北市人民團體名冊,機關代碼、名稱、地址、電話、成立日期,智慧通勤:0; 韌性防災:0; 永續環境:0; 食安健康:0; 勞動福祉:1; 文化共融:0
taipei,5d65fcc3-4290-4806-840c-60b345a1c893,00000396,臺北市低收、中低收入戶服務_平價住宅,勞動福祉,True,True,False,point,就業趨勢與社福資源分析,False,3,社福,購屋及遷徙,網路服務,社會局,,社會局,不定期更新,CSV,中文,2013-08-26T00:00:00,/api/dataset/5d65fcc3-4290-4806-840c-60b345a1c893/resource/073dbdaf-9ca6-4a47-b297-dc9c57e3f031/download,提供低收、中低收入戶服務_平價住宅資訊,機構名稱、地址、行政區代碼、電話、傳真,智慧通勤:0; 韌性防災:0; 永續環境:0; 食安健康:0; 勞動福祉:3; 文化共融:0
taipei,ed642d05-1b2b-42eb-a679-838f8a689350,00003899,臺北市信義區各里簡易疏散避難地圖資訊,勞動福祉,True,True,False,area,就業趨勢與社福資源分析,False,3,民政,生活安全及品質,原始資料,信義區公所,,信義區公所,不定期更新,CSV,中文,2021-04-07T00:00:00,/api/dataset/ed642d05-1b2b-42eb-a679-838f8a689350/resource/4e6f0014-a675-4e3a-a9e8-8d8d61706fb6/download,提供臺北市信義區各里簡易疏散避難圖資訊。,District(區)、AreaCode(行政區代碼)、Village(里)、Language(語系)、FILE_URL(圖檔連結網址),智慧通勤:0; 韌性防災:1; 永續環境:0; 食安健康:0; 勞動福祉:2; 文化共融:0
taipei,76b8b514-e793-4cca-8dcf-065d5af4b760,00001813,臺北市假牙補助醫療院所名單,勞動福祉,True,True,False,point,就業趨勢與社福資源分析,False,3,社福,老年安養,原始資料,社會局,,社會局,不定期更新,CSV,中文,2020-07-28T00:00:00,/api/dataset/76b8b514-e793-4cca-8dcf-065d5af4b760/resource/d6522c9f-2026-4ab0-9642-65df9218a9bc/download,"假牙補助醫療院所名單
資料呈現於【社會局局網>相關服務>銀髮族服務>健保費補助及健康維護>中低收入老人假牙補助>相關檔案】",補助類型、區域、院所名稱、地址、連絡電話,智慧通勤:0; 韌性防災:0; 永續環境:0; 食安健康:2; 勞動福祉:5; 文化共融:0
taipei,0f648fee-c8f5-4990-913c-b4965ffc9bf0,00003253,臺北市免費勞工法令律師諮詢時段,勞動福祉,True,True,False,point,就業趨勢與社福資源分析,False,3,勞動,公共資訊,網路服務,勞動局,,勞動局,每1年,CSV,中文,2020-12-11T00:00:00,/api/dataset/0f648fee-c8f5-4990-913c-b4965ffc9bf0/resource/14480c08-519c-4e04-a341-7222a6a56481/download,免費諮詢律師的地點及諮詢時段,地點、郵遞區號、地址、方式、時段,智慧通勤:0; 韌性防災:0; 永續環境:0; 食安健康:0; 勞動福祉:1; 文化共融:0
taipei,15caa523-3ee5-49aa-a471-08a6181f48e7,00003471,臺北市兒少及家庭社區支持服務方案,勞動福祉,True,True,False,point,就業趨勢與社福資源分析,False,3,社福,公共資訊,網路服務,社會局,,社會局,不定期更新,CSV,中文,2020-12-25T00:00:00,/api/dataset/15caa523-3ee5-49aa-a471-08a6181f48e7/resource/3b5a622e-317a-428f-a030-a34d335b8df3/download,提供臺北市兒少及家庭社區支持服務方案資訊,縣市別、縣市代碼、辦理單位、服務地址、聯絡電話,智慧通勤:0; 韌性防災:0; 永續環境:0; 食安健康:0; 勞動福祉:1; 文化共融:0
taipei,8e8aa6b6-c6ae-49f0-a3fb-a542b6f61a41,00029638,臺北市兒童及少年寄養家庭戶數,勞動福祉,True,True,False,area,就業趨勢與社福資源分析,False,3,社福,出生及收養,網路服務,社會局,,社會局,每3月,CSV,中文,2022-08-08T00:00:00,/api/dataset/8e8aa6b6-c6ae-49f0-a3fb-a542b6f61a41/resource/6d7877d0-4a62-45e5-9943-ae9e33baf32e/download,提供臺北市兒童及少年寄養家庭戶數資料,年/季、總戶數、按身分別分/一般戶數、按身分別分/原住民戶數、按行政區別分/松山區戶數、按行政區別分/信義區戶數、按行政區別分/大安區戶數、按行政區別分/中山區戶數、按行政區別分/中正區戶數、按行政區別分/大同區戶數、按行政區別分/萬華區戶數、按行政區別分/文山區戶數、按行政區別分/南港區戶數、按行政區別分/內湖區戶數、按行政區別分/士林區戶數、按行政區別分/北投區戶數、按行政區別分/其他戶數,智慧通勤:0; 韌性防災:0; 永續環境:0; 食安健康:0; 勞動福祉:1; 文化共融:0
taipei,68c423bf-c523-4364-8880-5f20e59009e5,00000705,臺北市兒童及少年未來教育與發展帳戶洽辦單位,勞動福祉,True,True,False,point,就業趨勢與社福資源分析,False,3,社福,出生及收養,網路服務,社會局,,社會局,不定期更新,CSV,中文,2020-07-27T00:00:00,/api/dataset/68c423bf-c523-4364-8880-5f20e59009e5/resource/4916088e-b001-48c2-91d2-aeaff0347d93/download,提供兒童及少年未來教育與發展帳戶洽辦單位資料,機構名稱、行政區、郵遞區號、地址、電話,智慧通勤:0; 韌性防災:0; 永續環境:0; 食安健康:0; 勞動福祉:1; 文化共融:0
taipei,34b4b777-ec28-4cfc-a475-f77c70073726,00000370,臺北市兒童與少年服務(少年服務中心),勞動福祉,True,True,False,point,就業趨勢與社福資源分析,False,3,社福,公共資訊,網路服務,社會局,,社會局,不定期更新,CSV,中文,2013-08-23T00:00:00,/api/dataset/34b4b777-ec28-4cfc-a475-f77c70073726/resource/fe0b9a5f-0a07-4668-bf93-024c2c050036/download,提供臺北市少年服務中心相關資料,機構類型、機構名稱、地址、電話、公私立,智慧通勤:0; 韌性防災:0; 永續環境:0; 食安健康:0; 勞動福祉:1; 文化共融:0
taipei,3b790b10-5795-4e95-850a-ce978f1d0cb0,00000372,臺北市兒童與少年服務_兒少福利相關機構,勞動福祉,True,True,False,point,就業趨勢與社福資源分析,False,3,社福,公共資訊,網路服務,社會局,,社會局,不定期更新,CSV,中文,2013-08-23T00:00:00,/api/dataset/3b790b10-5795-4e95-850a-ce978f1d0cb0/resource/440e2491-9300-4d89-9efa-e9086c2afd7e/download,提供兒童與少年服務-兒少福利相關機構連絡資訊,機構類型、機構名稱、行政區代碼、郵遞區號、地址、電話、傳真、電子郵件、立案字號、成立日期、經度、緯度、機關代碼、提供單位、上傳日期,智慧通勤:0; 韌性防災:0; 永續環境:0; 食安健康:0; 勞動福祉:2; 文化共融:0
taipei,9c1000e3-493b-4a8f-980b-36a0a7b5e8c5,00000375,臺北市兒童與少年服務_收出養(媒合)服務機構,勞動福祉,True,True,False,point,就業趨勢與社福資源分析,False,3,社福,出生及收養,網路服務,社會局,,社會局,不定期更新,CSV,中文,2013-08-23T00:00:00,/api/dataset/9c1000e3-493b-4a8f-980b-36a0a7b5e8c5/resource/b6225f9f-d661-4147-a871-e5e3cf61aea5/download,"提供臺北市兒童與少年服務_收出養(媒合)服務機構資料
",機關代碼、機關名稱、機構名稱、地址、電話,智慧通勤:0; 韌性防災:0; 永續環境:0; 食安健康:0; 勞動福祉:1; 文化共融:0
taipei,374e8524-9871-44f9-a32f-3b66b6a3036c,00003465,臺北市兒童與少年服務_早療機構,勞動福祉,True,True,False,point,就業趨勢與社福資源分析,False,3,社福,生育保健,網路服務,社會局,,社會局,每1年,CSV,中文,2020-12-25T00:00:00,/api/dataset/374e8524-9871-44f9-a32f-3b66b6a3036c/resource/262a40f7-eb9d-4ac9-b520-08780811e7dc/download,提供臺北市兒童與少年服務_早療機構資訊,機構類型、機構名稱、地址、行政區代碼、電話,智慧通勤:0; 韌性防災:0; 永續環境:0; 食安健康:0; 勞動福祉:1; 文化共融:0
taipei,f4a895e4-9e6b-42a9-be0f-54a1cf7444be,00003463,臺北市兒童與少年服務_早療社區療育服務,勞動福祉,True,True,False,point,就業趨勢與社福資源分析,False,3,社福,生育保健,網路服務,社會局,,社會局,每1年,CSV,中文,2020-12-25T00:00:00,/api/dataset/f4a895e4-9e6b-42a9-be0f-54a1cf7444be/resource/e82f3c75-a31f-4693-bbb3-78e3d9e39691/download,提供臺北市兒童與少年服務_早療社區療育服務資訊,序號、機構名稱、行政區代碼、地址、電話、服務內容,智慧通勤:0; 韌性防災:0; 永續環境:0; 食安健康:0; 勞動福祉:1; 文化共融:0
taipei,91e2e9ab-2417-4107-b9cf-4472ec519d84,00003464,臺北市兒童與少年服務_早療通報轉介中心及社區資源中心,勞動福祉,True,True,False,point,就業趨勢與社福資源分析,False,3,社福,生育保健,網路服務,社會局,,社會局,每1年,CSV,中文,2020-12-25T00:00:00,/api/dataset/91e2e9ab-2417-4107-b9cf-4472ec519d84/resource/fd475872-e206-4ecc-851c-eb1b6d333fa9/download,提供臺北市兒童與少年服務_早療通報轉介中心及社區資源中心聯絡資訊,機構類型、機構名稱、地址、行政區代碼、電話,智慧通勤:0; 韌性防災:0; 永續環境:0; 食安健康:0; 勞動福祉:1; 文化共融:0
taipei,216cf6f5-fe7f-4395-ad2b-b47a533cefab,00000369,臺北市兒童與少年服務_臺北市公辦民營兒童服務中心,勞動福祉,True,True,False,point,就業趨勢與社福資源分析,False,3,社福,公共資訊,網路服務,社會局,,社會局,不定期更新,CSV,中文,2013-08-23T00:00:00,/api/dataset/216cf6f5-fe7f-4395-ad2b-b47a533cefab/resource/be2de1c8-b47c-407a-9491-8deb0fad46b7/download,提供兒童與少年服務_臺北市公辦民營兒童服務中心資料,機構類型、機構名稱、地址、電話、傳真,智慧通勤:0; 韌性防災:0; 永續環境:0; 食安健康:0; 勞動福祉:1; 文化共融:0
taipei,a6ff4234-0455-4f61-b9c1-95ba00cf4433,00000373,臺北市兒童與少年服務_青少年就業諮詢輔導單位,勞動福祉,True,True,False,point,就業趨勢與社福資源分析,False,3,社福,求職及就業,網路服務,社會局,,社會局,不定期更新,XML,中文,2013-08-23T00:00:00,/api/dataset/a6ff4234-0455-4f61-b9c1-95ba00cf4433/resource/c0f667f2-dc0d-40f8-8a12-534c0ed6183c/download,兒童與少年服務_青少年就業諮詢輔導單位,機構名稱、行政區、編號、負責人頭銜、負責人姓名、聯絡人頭銜、聯絡人姓名、屆期、郵遞區號、城市、地址、電話、傳真、網址、e-mail、機關簡介、字號標題、立案字號、開始日期標題、成立日期、項目一標題、項目一內容、項目二標題、項目二內容、組織區域、兼任里長、是否備有交通車、橫座標、縱座標、單位代碼、提供單位、上傳日期,智慧通勤:1; 韌性防災:0; 永續環境:0; 食安健康:0; 勞動福祉:2; 文化共融:0
taipei,00880bf8-8f57-4929-a7f8-a7c954685013,00003674,臺北市內湖區各里簡易疏散避難地圖資訊,勞動福祉,True,True,False,area,就業趨勢與社福資源分析,False,3,民政,生活安全及品質,原始資料,內湖區公所,,內湖區公所,不定期更新,CSV,中文,2021-01-08T00:00:00,/api/dataset/00880bf8-8f57-4929-a7f8-a7c954685013/resource/53ef21b7-9b4b-4343-a6b7-3e10e3cb2f69/download,提供臺北市內湖區各里簡易疏散避難圖資訊。,District(區)、AreaCode(行政區域代碼)、Village(里)、Language(語系)、FILE_URL(圖檔連結網址),智慧通勤:0; 韌性防災:1; 永續環境:0; 食安健康:0; 勞動福祉:2; 文化共融:0
taipei,f18a325f-e942-43d5-9706-862f669e2c23,00003438,臺北市全市圖暨12區行政區域圖,勞動福祉,True,True,False,point,就業趨勢與社福資源分析,False,3,民政,公共資訊,原始資料,民政局,,民政局,不定期更新,CSV,中文,2020-12-31T00:00:00,/api/dataset/f18a325f-e942-43d5-9706-862f669e2c23/resource/5a719c53-881f-4dd8-8fa2-fc024e2248fa/download,臺北市政府民政局編印之101年版臺北市全市圖暨12區行政區域圖,檔案名稱、縣市別代碼、地址-行政區域代碼、檔案格式、檔案取得網址,智慧通勤:0; 韌性防災:0; 永續環境:0; 食安健康:0; 勞動福祉:2; 文化共融:0
taipei,7dc5e262-3a5a-4460-b7c4-f578457edcd2,00001520,臺北市動產質借處各分處一覽表,勞動福祉,True,True,False,point,就業趨勢與社福資源分析,False,3,社福,公共資訊,原始資料,財政局,動質處,財政局動質處,每1年,CSV,中文,2020-07-07T00:00:00,/api/dataset/7dc5e262-3a5a-4460-b7c4-f578457edcd2/resource/d3c32e15-69a6-459f-89af-432a01e41d72/download,臺北市動產質借處各分處資訊,名稱、地址、電話、傳真、緯度、經度,智慧通勤:0; 韌性防災:0; 永續環境:0; 食安健康:0; 勞動福祉:1; 文化共融:0
taipei,d76ca4fd-55ad-48c6-8ba1-18a2ffd3ac24,00000196,臺北市北投區各里簡易疏散避難地圖資訊,勞動福祉,True,True,False,area,就業趨勢與社福資源分析,False,3,民政,生活安全及品質,原始資料,北投區公所,,北投區公所,不定期更新,CSV,中文,2015-08-04T00:00:00,/api/dataset/d76ca4fd-55ad-48c6-8ba1-18a2ffd3ac24/resource/6d4ef9f8-7699-46ca-877c-ddc28ed7da04/download,提供臺北市北投區各里簡易疏散避難圖資訊。,District(區)、AreaCode(行政區域代碼) 、Village(里)、Language(語系)、FILE_URL(圖檔連結網址),智慧通勤:0; 韌性防災:1; 永續環境:0; 食安健康:0; 勞動福祉:2; 文化共融:0
taipei,ec071234-4b3f-405d-bc86-dd9cc856e470,00003176,臺北市區段徵收成果統計表,勞動福祉,False,True,True,table,就業趨勢與社福資源分析,True,3,地政,公共資訊,原始資料,地政局,開發總隊,地政局開發總隊,不定期更新,CSV,中文,2020-12-02T00:00:00,/api/dataset/ec071234-4b3f-405d-bc86-dd9cc856e470/resource/43b510e2-b222-4cb2-b78d-5ecd0bfac83b/download,區段徵收成果統計表,區段徵收案、區段徵收範圍土地總計[公頃]、徵收私有土地[公頃]、公有土地[公頃]、原土地所有權人取得土地[公頃]、可標（讓）售土地[公頃]、公共設施用地[公頃]、補償補助費總計、私有土地補償地價、公有土地撥用地價、地上物補償費、其他補助費,智慧通勤:0; 韌性防災:0; 永續環境:0; 食安健康:0; 勞動福祉:1; 文化共融:0
taipei,1601ef3a-c253-4988-b047-943d9e786143,00000180,臺北市區界圖,勞動福祉,True,True,False,point,就業趨勢與社福資源分析,False,3,民政,公共資訊,原始資料,民政局,,民政局,不定期更新,SHP,中文,2012-01-04T00:00:00,/api/dataset/1601ef3a-c253-4988-b047-943d9e786143/resource/d8b7eb29-136f-49fc-b14b-3489d3656122/download,行政區界之調整為本局之權責，另為推動業務上運用地理資訊，特將本市十二個行政區加以建置GIS圖層供各公務機關參考使用，本項資料所採用座標系統為TWD97。,AREA、PERF_ID、COUN_ID、CPID、CPTID、NPID、NPTID、PNAME、TNAME、PTNAME、TM2_MAX_X、TM2_MAX_Y、TM2_MIN_X、TM2_MIN_Y、MAX_X、MAX_Y、MIN_X、MIN_Y,智慧通勤:0; 韌性防災:0; 永續環境:0; 食安健康:0; 勞動福祉:2; 文化共融:0
taipei,b777e538-0d70-44e1-8942-390e5ac8679f,00000263,臺北市南港區各里簡易疏散避難地圖資訊,勞動福祉,True,True,False,area,就業趨勢與社福資源分析,False,3,民政,公共資訊,原始資料,南港區公所,,南港區公所,不定期更新,CSV,中文,2013-10-17T00:00:00,/api/dataset/b777e538-0d70-44e1-8942-390e5ac8679f/resource/db8e1af6-4b4f-4417-9c57-697f8c4d5e9c/download,提供臺北市南港區各里簡易疏散避難圖資訊,District(區)、AreaCode(行政區域代碼)、Village(里)、Language(語系)、FILE_URL(圖檔連結網址),智慧通勤:0; 韌性防災:1; 永續環境:0; 食安健康:0; 勞動福祉:2; 文化共融:0
taipei,b0f6620f-f965-4863-bcbb-7d0ce509a5a0,00003238,臺北市原住民兒童及少年課後照顧關懷據點,勞動福祉,True,True,False,point,就業趨勢與社福資源分析,False,3,社福,求學及進修,原始資料,原民會,,原民會,每1年,CSV,中文,2020-12-11T00:00:00,/api/dataset/b0f6620f-f965-4863-bcbb-7d0ce509a5a0/resource/5f8c69cd-7524-4228-a2eb-cb649ccadf56/download,依據臺北市原住民兒童及少年課後照顧關懷據點實際設立提供,郵遞區號、地點、辦理時間、地址、單位名稱、統一編號,智慧通勤:0; 韌性防災:0; 永續環境:0; 食安健康:0; 勞動福祉:2; 文化共融:0
taipei,3edd2a9b-8b26-4ab1-8a5a-12321255f6dd,00001677,臺北市友善兒童少年福利服務據點,勞動福祉,True,True,False,point,就業趨勢與社福資源分析,False,3,社福,公共資訊,網路服務,社會局,,社會局,不定期更新,CSV,中文,2019-10-16T00:00:00,/api/dataset/3edd2a9b-8b26-4ab1-8a5a-12321255f6dd/resource/e8b73df5-2f8a-45d9-b877-4aa0d9a5aba2/download,兒童與少年服務-友善兒童少年福利服務據點,機構名稱、計畫名稱、電話、地址、服務區域,智慧通勤:0; 韌性防災:0; 永續環境:0; 食安健康:0; 勞動福祉:2; 文化共融:0
taipei,041287ab-e528-49c6-99eb-a37ef329a121,00003492,臺北市各區公墓資訊(含禁葬/未禁葬公墓及坐標資訊),勞動福祉,True,True,False,point,就業趨勢與社福資源分析,False,3,民政,生命禮儀,原始資料,民政局,殯葬處,民政局殯葬處,每1年,CSV,中文,2020-12-28T00:00:00,/api/dataset/041287ab-e528-49c6-99eb-a37ef329a121/resource/9216450b-1e57-4669-b993-7d0f3cb8265e/download,揭示臺北市各區列管公墓資訊(含是否禁葬資訊),序號、類型、行政區、墓區名稱、墓區位置、葬區狀態、開放時間、緯度、經度、備註,智慧通勤:0; 韌性防災:0; 永續環境:0; 食安健康:0; 勞動福祉:2; 文化共融:0
taipei,95e1fc57-7605-4c89-8361-dfeac479f45f,00000138,臺北市各區公所免費市民法律諮詢服務資料,勞動福祉,True,True,False,point,就業趨勢與社福資源分析,False,3,民政,公共資訊,原始資料,民政局,,民政局,不定期更新,ODS,中文,2013-05-31T00:00:00,/api/dataset/95e1fc57-7605-4c89-8361-dfeac479f45f/resource/58af883a-6e50-44f9-bfa3-e4001014e088/download,臺北市各區公所法律諮詢服務相關資料,district(區別)、Mediation Committee secretary(調解會秘書)、LocalCall Service(市話)、Extension(分機)、address(機關地址),智慧通勤:0; 韌性防災:0; 永續環境:0; 食安健康:0; 勞動福祉:2; 文化共融:0
taipei,f11877f9-8748-43fd-8a2b-eb875d6bb5a3,00000189,臺北市各區災害應變中心領取沙包專線電話一覽表,勞動福祉,True,True,False,area,就業趨勢與社福資源分析,False,3,民政,公共資訊,原始資料,民政局,,民政局,不定期更新,CSV,中文,2013-10-17T00:00:00,/api/dataset/f11877f9-8748-43fd-8a2b-eb875d6bb5a3/resource/57673a4a-e7f9-4e3a-ae57-d85562f1f641/download,提供臺北市領取沙包資料。,district(區別)、areacode(行政區代碼)、tel_service(電話)、location(領取地點)、recycle_location(回收地點),智慧通勤:0; 韌性防災:1; 永續環境:1; 食安健康:0; 勞動福祉:2; 文化共融:0
taipei,bea69229-8349-4208-8a68-988718f4ea48,00003397,臺北市各工會名單及聯絡方式,勞動福祉,True,True,False,point,就業趨勢與社福資源分析,False,3,勞動,求職及就業,原始資料,勞動局,,勞動局,每3月,CSV,中文,2020-12-21T00:00:00,/api/dataset/bea69229-8349-4208-8a68-988718f4ea48/resource/164f0ff1-5ee3-419c-a51f-d19e7273b907/download,臺北市各工會名單、通訊地址及電話聯絡方式總表,項次、工會屬性、工會名稱、理事長、郵遞區號、通訊地址、聯絡電話,智慧通勤:0; 韌性防災:0; 永續環境:0; 食安健康:0; 勞動福祉:2; 文化共融:0
taipei,5ca45420-4a23-41c0-a324-128680f28f92,00000140,臺北市固定里民活動場所資料,勞動福祉,True,True,False,point,就業趨勢與社福資源分析,False,3,民政,公共資訊,原始資料,民政局,,民政局,不定期更新,CSV,中文,2013-05-15T00:00:00,/api/dataset/5ca45420-4a23-41c0-a324-128680f28f92/resource/bf098ea3-c42e-4a41-b058-bc17b3d3ed46/download,本市各固定里民活動場所設置地址,編號(serial_number_1)、區別(district)、里別(borough)、固定里民活動場所地址(address)、座標X(coordinate)、座標Y(coordinate),智慧通勤:0; 韌性防災:0; 永續環境:0; 食安健康:0; 勞動福祉:2; 文化共融:1
taipei,29467bd6-52e3-4896-a438-b4e7257c5aac,00003247,臺北市國民中小學中途輟學學生概況,勞動福祉,False,True,True,table,就業趨勢與社福資源分析,True,3,教育,求學及進修,原始資料,教育局,,教育局,每1年,CSV,中文,2020-12-02T00:00:00,/api/dataset/29467bd6-52e3-4896-a438-b4e7257c5aac/resource/a3a26c48-3ec9-4c77-9c35-3019cc684b4e/download,111-112學年度臺北市國民中小學中途輟學學生概況,民國年、教育層別、總計、性別男[人數]、性別女[人數]、背景雙親[人數]、背景單親[人數]、背景失親[人數]、輟學原因個人因素[人數]、輟學原因家庭因素[人數]、輟學原因學校因素[人數]、輟學原因社會因素[人數]、輟學原因其他因素[人數],智慧通勤:0; 韌性防災:0; 永續環境:0; 食安健康:0; 勞動福祉:1; 文化共融:0
taipei,2a0435c7-cbd4-45d5-b111-14cf3bd6b365,00003477,臺北市國民年金辦事處,勞動福祉,True,True,False,point,就業趨勢與社福資源分析,False,3,社福,老年安養,網路服務,社會局,,社會局,每1年,CSV,中文,2020-12-25T00:00:00,/api/dataset/2a0435c7-cbd4-45d5-b111-14cf3bd6b365/resource/c77e97f8-e265-4cb2-b07b-fc1019302fa2/download,提供國民年金辦事處資訊,序號、機構類型、機構名稱、地址、電話,智慧通勤:0; 韌性防災:0; 永續環境:0; 食安健康:0; 勞動福祉:1; 文化共融:0
taipei,4f58b1f2-f8ac-4f97-908b-a1303f57625e,00003894,臺北市士林區各里簡易疏散避難地圖資訊,勞動福祉,True,True,False,area,就業趨勢與社福資源分析,False,3,民政,生活安全及品質,原始資料,士林區公所,,士林區公所,不定期更新,CSV,中文,2021-03-30T00:00:00,/api/dataset/4f58b1f2-f8ac-4f97-908b-a1303f57625e/resource/c9b89178-6fbc-4a56-b586-2476090fedbb/download,提供臺北市士林區各里簡易疏散避難圖資訊,District(區)、AreaCode(行政區域代碼)、Village(里)、Language(語系)、FILE_URL(圖檔連結網址),智慧通勤:0; 韌性防災:1; 永續環境:0; 食安健康:0; 勞動福祉:2; 文化共融:0
taipei,ea6f3b18-9062-4594-abee-43fbb9efedbc,00000073,臺北市大同區各里簡易疏散避難地圖資訊,勞動福祉,True,True,False,area,就業趨勢與社福資源分析,False,3,民政,生活安全及品質,原始資料,大同區公所,,大同區公所,不定期更新,CSV,中文,2018-06-30T00:00:00,/api/dataset/ea6f3b18-9062-4594-abee-43fbb9efedbc/resource/c018614d-38db-4ecc-b8e6-48694f96f83f/download,提供臺北市大同區各里簡易疏散避難圖資訊。 ,District(區)、AreaCode(行政區域代碼)、Village(里)、Language(語系)、FILE_URL(圖檔連結網址) ,智慧通勤:0; 韌性防災:1; 永續環境:0; 食安健康:0; 勞動福祉:2; 文化共融:0
taipei,c00e0b69-e420-4e5b-a306-25079b7eacde,00000163,臺北市大安區各里簡易疏散避難地圖資訊,勞動福祉,True,True,False,area,就業趨勢與社福資源分析,False,3,民政,生活安全及品質,原始資料,大安區公所,,大安區公所,不定期更新,CSV,中文,2021-10-26T00:00:00,/api/dataset/c00e0b69-e420-4e5b-a306-25079b7eacde/resource/0efcf335-80aa-4bba-99ea-ea7c0fc0f847/download,提供臺北市大安區各里簡易疏散避難圖資訊。,District(區)、AreaCode(行政區域代碼) 、Village(里)、Language(語系)、FILE_URL(圖檔連結網址),智慧通勤:0; 韌性防災:1; 永續環境:0; 食安健康:0; 勞動福祉:2; 文化共融:0
taipei,628d461f-08ed-4acc-bc82-b4d9a1338d1f,00003414,臺北市婦女服務_婦女支持培力中心,勞動福祉,True,True,False,point,就業趨勢與社福資源分析,False,3,社福,婚姻,網路服務,社會局,,社會局,每1年,CSV,中文,2020-12-21T00:00:00,/api/dataset/628d461f-08ed-4acc-bc82-b4d9a1338d1f/resource/ed11707f-ebcd-430a-b5e9-48c32dd50f57/download,提供婦女支持培力中心聯絡資訊,機構名稱、地址、行政區、行政區代碼、電話,智慧通勤:0; 韌性防災:0; 永續環境:0; 食安健康:0; 勞動福祉:1; 文化共融:0
taipei,cba93d7e-0f77-4c94-88ab-c91cb1b8a3ae,00003455,臺北市婦女服務_新住民社區關懷據點,勞動福祉,True,True,False,point,就業趨勢與社福資源分析,False,3,社福,公共資訊,網路服務,社會局,,社會局,每1年,CSV,中文,2020-12-24T00:00:00,/api/dataset/cba93d7e-0f77-4c94-88ab-c91cb1b8a3ae/resource/bf766ade-4999-46db-89ea-501ecbb582ae/download,提供新住民社區關懷據點聯絡資訊,機構類型、機構名稱、地址、行政區、電話,智慧通勤:0; 韌性防災:0; 永續環境:0; 食安健康:0; 勞動福祉:1; 文化共融:0
taipei,9ef628c5-2070-48aa-aefe-b9ce9ea25130,00003456,臺北市婦女服務_臺北市婦女館,勞動福祉,True,True,False,point,就業趨勢與社福資源分析,False,3,社福,公共資訊,網路服務,社會局,,社會局,每1年,CSV,中文,2020-12-24T00:00:00,/api/dataset/9ef628c5-2070-48aa-aefe-b9ce9ea25130/resource/0037cf1c-d87d-48ff-b012-6becafab3608/download,提供臺北市婦女服務-臺北市婦女館聯絡資訊,機構名稱、地址、行政區、行政區代碼、電話,智慧通勤:0; 韌性防災:0; 永續環境:0; 食安健康:0; 勞動福祉:1; 文化共融:0
taipei,8baaa204-47cf-4cce-8273-bdb01d1a3136,00003417,臺北市嬰幼兒照顧服務_109年度臺北市居家式托育人員在職訓練課程行事曆,勞動福祉,True,True,False,point,就業趨勢與社福資源分析,False,3,社福,求職及就業,網路服務,社會局,,社會局,不定期更新,CSV,中文,2020-12-21T00:00:00,/api/dataset/8baaa204-47cf-4cce-8273-bdb01d1a3136/resource/940d791d-7236-46d4-82f5-5b4332198eeb/download,109年度臺北市居家式托育人員在職訓練課程行事曆,序號、行政區、課程日期、課程時間、課程類別、課程名稱、辦理地點、地址,智慧通勤:0; 韌性防災:0; 永續環境:0; 食安健康:0; 勞動福祉:3; 文化共融:0
taipei,42f421b9-979e-44c6-9770-342ad08f3eb5,00003418,臺北市嬰幼兒照顧服務_109年度臺北市機構式托育人員在職訓練課程行事曆,勞動福祉,True,True,False,point,就業趨勢與社福資源分析,False,3,社福,求職及就業,網路服務,社會局,,社會局,不定期更新,CSV,中文,2020-12-21T00:00:00,/api/dataset/42f421b9-979e-44c6-9770-342ad08f3eb5/resource/6e5fa2fe-1157-4725-a37a-84ae4ccc4987/download,109年度臺北市機構式托育人員在職訓練課程行事曆,序號、課程日期、課程時間、課程類別、課程名稱、辦理地點、地址,智慧通勤:0; 韌性防災:0; 永續環境:0; 食安健康:0; 勞動福祉:3; 文化共融:0
taipei,a7462972-0380-4987-99fb-2071e798ce66,00001751,臺北市嬰幼兒照顧服務_定點臨托,勞動福祉,True,True,False,point,就業趨勢與社福資源分析,False,3,社福,生育保健,網路服務,社會局,,社會局,每1年,CSV,中文,2020-06-10T00:00:00,/api/dataset/a7462972-0380-4987-99fb-2071e798ce66/resource/57685fb2-cc92-4874-8588-e5a1b1b15b50/download,提供臺北市定點臨托相關資訊,序號、機構類型、機構名稱、地址、電話,智慧通勤:0; 韌性防災:0; 永續環境:0; 食安健康:0; 勞動福祉:2; 文化共融:0
taipei,41c729ce-c848-492a-b7a6-db468f06c17c,00001750,臺北市嬰幼兒照顧服務_居家托育服務中心,勞動福祉,True,True,False,point,就業趨勢與社福資源分析,False,3,社福,生育保健,網路服務,社會局,,社會局,每1年,CSV,中文,2020-06-10T00:00:00,/api/dataset/41c729ce-c848-492a-b7a6-db468f06c17c/resource/5cf938d7-350e-433b-b8be-280710038d74/download,提供臺北市居家托育服務中心聯絡資訊,序號、機構類型、機構名稱、地址、電話,智慧通勤:0; 韌性防災:0; 永續環境:0; 食安健康:0; 勞動福祉:2; 文化共融:0
taipei,7c66efcd-d073-401c-b18a-7a46728776c4,00001748,臺北市嬰幼兒照顧服務_社區公共托育家園,勞動福祉,True,True,False,point,就業趨勢與社福資源分析,False,3,社福,生育保健,網路服務,社會局,,社會局,每1年,CSV,中文,2020-06-10T00:00:00,/api/dataset/7c66efcd-d073-401c-b18a-7a46728776c4/resource/f1418a7a-4bdf-41fc-869c-63703dc16363/download,提供臺北市社區公共托育家園聯絡資訊,序號、機構類型、機構名稱、地址、電話,智慧通勤:0; 韌性防災:0; 永續環境:0; 食安健康:0; 勞動福祉:2; 文化共融:0
taipei,081df75e-85c7-464c-b125-546920911c5c,00000333,臺北市嬰幼兒照顧服務_私立托嬰中心,勞動福祉,True,True,False,point,就業趨勢與社福資源分析,False,3,社福,生育保健,網路服務,社會局,,社會局,不定期更新,CSV,中文,2012-01-09T00:00:00,/api/dataset/081df75e-85c7-464c-b125-546920911c5c/resource/e7cdaca3-e9da-46f9-b857-395e6e8e06a6/download,提供臺北市私立托嬰中心資料,機構類型、機構名稱、郵遞區號、地址、電話,智慧通勤:0; 韌性防災:0; 永續環境:0; 食安健康:0; 勞動福祉:2; 文化共融:0
taipei,7262cdae-18e7-4d33-a842-4978cbc84d43,00001749,臺北市嬰幼兒照顧服務_育兒友善園,勞動福祉,True,True,False,point,就業趨勢與社福資源分析,False,3,社福,生育保健,網路服務,社會局,,社會局,每1年,CSV,中文,2020-06-10T00:00:00,/api/dataset/7262cdae-18e7-4d33-a842-4978cbc84d43/resource/4bfa01ad-7ba0-4b7a-9c1b-f9c58a2cd751/download,提供育兒友善園聯絡資訊,序號、機構類型、機構名稱、地址、電話,智慧通勤:0; 韌性防災:0; 永續環境:0; 食安健康:0; 勞動福祉:2; 文化共融:0
taipei,01ac5a1d-dfc3-44c7-84a7-6d76bcb2879b,00000330,臺北市嬰幼兒照顧服務_育兒資源暨培力中心,勞動福祉,True,True,False,point,就業趨勢與社福資源分析,False,3,社福,生育保健,網路服務,社會局,,社會局,不定期更新,CSV,中文,2012-01-09T00:00:00,/api/dataset/01ac5a1d-dfc3-44c7-84a7-6d76bcb2879b/resource/1015e1db-bbf0-4cef-9bea-9928e84b3735/download,提供嬰幼兒照顧服務_育兒資源暨培力中心資訊,機構名稱、行政區代碼、地址、電話、分機,智慧通勤:0; 韌性防災:0; 永續環境:0; 食安健康:0; 勞動福祉:2; 文化共融:0
taipei,fd4779d0-827d-4ab3-8f65-2a356abad6d9,00000405,臺北市嬰幼兒照顧服務_親子館,勞動福祉,True,True,False,point,就業趨勢與社福資源分析,False,3,社福,生育保健,網路服務,社會局,,社會局,不定期更新,CSV,中文,2013-08-26T00:00:00,/api/dataset/fd4779d0-827d-4ab3-8f65-2a356abad6d9/resource/5c09f39f-79cc-45b8-be8e-9b3ea8b220e3/download,提供臺北市親子館資訊,機構類型、機構名稱、地址、行政區代碼、電話,智慧通勤:0; 韌性防災:0; 永續環境:0; 食安健康:0; 勞動福祉:2; 文化共融:0
taipei,ddb9e7b3-9aa5-4df3-a2db-9267d69436b9,00003164,臺北市宗教（祠）財團法人一覽,勞動福祉,True,True,False,point,就業趨勢與社福資源分析,False,3,民政,公共資訊,原始資料,民政局,,民政局,不定期更新,"ODS,ODS,ODS,ODS",中文,2020-12-01T00:00:00,"/api/dataset/ddb9e7b3-9aa5-4df3-a2db-9267d69436b9/resource/f7a28527-336b-48fb-a38c-64d8c3b1cbf2/download,/api/dataset/ddb9e7b3-9aa5-4df3-a2db-9267d69436b9/resource/858c1229-66c7-42ab-9e96-bf5d2a07d0c2/download,/api/dataset/ddb9e7b3-9aa5-4df3-a2db-9267d69436b9/resource/dea8d38a-0836-4cf0-be59-9c30b7c792b7/download,/api/dataset/ddb9e7b3-9aa5-4df3-a2db-9267d69436b9/resource/85178bd2-ae11-40d0-bbdd-6a52a6113187/download",臺北市財團法人寺廟資料，臺北市財團法人教會資料，臺北市財團法人基金會資料，臺北市財團法人宗祠、宗祠基金會資料,編號、名稱、縣市、行政區、主事務所地址,智慧通勤:0; 韌性防災:0; 永續環境:0; 食安健康:0; 勞動福祉:2; 文化共融:0
taipei,cb6aac10-16f9-4062-9c34-4e31dfb34259,00003470,臺北市家庭暴力暨性侵害防治中心,勞動福祉,True,True,False,point,就業趨勢與社福資源分析,False,3,社福,生活安全及品質,網路服務,社會局,,社會局,每1年,CSV,中文,2020-12-25T00:00:00,/api/dataset/cb6aac10-16f9-4062-9c34-4e31dfb34259/resource/b5e37d22-26ed-4a50-9b19-d02f0497d4a3/download,提供臺北市家庭暴力暨性侵害防治中心聯絡資訊,機構單位、地址、行政區代碼、電話、分機,智慧通勤:0; 韌性防災:0; 永續環境:0; 食安健康:0; 勞動福祉:1; 文化共融:0
taipei,b5f043ce-00be-4404-b975-02e29fe10f51,00003163,臺北市寺廟一覽,勞動福祉,True,True,False,area,就業趨勢與社福資源分析,False,3,民政,公共資訊,原始資料,民政局,,民政局,不定期更新,ODS,中文,2020-11-29T00:00:00,/api/dataset/b5f043ce-00be-4404-b975-02e29fe10f51/resource/34d77ca7-b446-4c48-b3ce-a694eded45b6/download,臺北市立案寺廟一覽資訊,編號、寺廟名稱、聯絡電話、縣市、行政區、所在地,智慧通勤:0; 韌性防災:0; 永續環境:0; 食安健康:0; 勞動福祉:2; 文化共融:0
taipei,9cb8ebf1-8d21-4523-908c-af853867eea1,00003168,臺北市就業服務處求職求才職缺資訊,勞動福祉,True,True,False,area,就業趨勢與社福資源分析,False,3,勞動,求職及就業,原始資料,勞動局,就服處,勞動局就服處,不定期更新,"CSV,CSV",中文,2020-11-30T00:00:00,"/api/dataset/9cb8ebf1-8d21-4523-908c-af853867eea1/resource/cec51213-9585-4b4a-ae18-5c9309ddf453/download,/api/dataset/9cb8ebf1-8d21-4523-908c-af853867eea1/resource/b0c24ef5-06dd-4027-9a1a-5c39c3381cbe/download",求職求才職缺,公司名稱、職缺、工作內容、職缺數、薪資種類、薪資起、薪資迄、活動時間、活動地點,智慧通勤:0; 韌性防災:0; 永續環境:0; 食安健康:0; 勞動福祉:2; 文化共融:1
taipei,67e8ddde-3cbb-4946-bf16-73774abcd1b9,00002969,臺北市就業服務處聯絡資訊,勞動福祉,True,True,False,point,就業趨勢與社福資源分析,False,3,勞動,公共資訊,原始資料,勞動局,就服處,勞動局就服處,不定期更新,CSV,中文,2020-11-23T00:00:00,/api/dataset/67e8ddde-3cbb-4946-bf16-73774abcd1b9/resource/ad036b2e-4e9b-4600-a1bb-2db17fedd7cb/download,臺北市就業服務處各單位(含處內及本處外站)聯絡資訊,名稱、地區、地址、電話、網址、備註,智慧通勤:0; 韌性防災:0; 永續環境:0; 食安健康:0; 勞動福祉:1; 文化共融:0
taipei,86672d20-9c69-4c24-859b-078862c4e699,00000082,臺北市已立案宗教團體點位資料,勞動福祉,True,True,False,point,就業趨勢與社福資源分析,False,3,民政,公共資訊,原始資料,民政局,,民政局,不定期更新,ODS,中文,2013-10-02T00:00:00,/api/dataset/86672d20-9c69-4c24-859b-078862c4e699/resource/2aac2df3-e768-448c-8f06-181d7b424690/download,臺北市已立案宗教團體點位相關資料,寺廟名稱、行政區、里、教別、祭典日期、負責人、電話、地址、X座標、Y座標,智慧通勤:0; 韌性防災:0; 永續環境:0; 食安健康:0; 勞動福祉:2; 文化共融:0
taipei,5461f8dd-9c72-4f3f-bcfe-bddc8ebec55b,00002843,臺北市忠烈祠管理概況,勞動福祉,True,True,False,area,就業趨勢與社福資源分析,False,3,民政,服兵役,原始資料,民政局,,民政局,不定期更新,CSV,中文,2020-11-13T00:00:00,/api/dataset/5461f8dd-9c72-4f3f-bcfe-bddc8ebec55b/resource/91c64800-dd5c-4768-9dbd-1829e760e05d/download,臺北市忠烈祠管理概況有關資訊,忠烈祠名稱、座落地點、年底土地面積（平方公尺）、地面層面積（平方公尺）、總樓地板面積（平方公尺）、軍人男性數、軍人女性數、警消及民防人員男性數、警消及民防人員女性數、公務人員男性數、公務人員女性數、民眾男性數、民眾女性數、共立牌位,智慧通勤:0; 韌性防災:0; 永續環境:0; 食安健康:0; 勞動福祉:2; 文化共融:0
taipei,90b1d719-681f-4795-88e3-eb67e0d3fc3c,00003475,臺北市急難救助提供單位,勞動福祉,True,True,False,point,就業趨勢與社福資源分析,False,3,社福,生活安全及品質,網路服務,社會局,,社會局,每1年,CSV,中文,2020-12-25T00:00:00,/api/dataset/90b1d719-681f-4795-88e3-eb67e0d3fc3c/resource/f998a89d-86de-4551-89eb-12e2128cb0e9/download,提供臺北市急難救助提供單位資訊,序號、機構類型、機構名稱、地址、電話,智慧通勤:0; 韌性防災:0; 永續環境:0; 食安健康:0; 勞動福祉:1; 文化共融:0
taipei,b5dc3143-47d3-4a65-9fac-b50ef27ac05d,00003530,臺北市性騷擾事件申訴審議概況,勞動福祉,True,True,False,area,就業趨勢與社福資源分析,False,3,社福,生活安全及品質,網路服務,社會局,,社會局,每1年,CSV,中文,2020-12-28T00:00:00,/api/dataset/b5dc3143-47d3-4a65-9fac-b50ef27ac05d/resource/d2265bfc-a190-4144-837f-30fd78e54cfc/download,定期提供臺北市性騷擾事件申訴審議概況資訊,年度、季、行為樣態、兩造關係、事件發生地點,智慧通勤:0; 韌性防災:0; 永續環境:0; 食安健康:0; 勞動福祉:1; 文化共融:0
taipei,902ce3ff-75c6-4ad3-bcf4-562c23bc16a6,00000400,臺北市愛心餐食_愛心餐食補給站,勞動福祉,True,True,False,point,就業趨勢與社福資源分析,False,3,社福,公共資訊,網路服務,社會局,,社會局,不定期更新,CSV,中文,2013-08-26T00:00:00,/api/dataset/902ce3ff-75c6-4ad3-bcf4-562c23bc16a6/resource/bdc841eb-e8c8-41ee-abfc-1e198a96e905/download,提供愛心餐食補給站相關資訊,機構名稱、行政區代碼、中心主任、郵遞區號、地址、電話、傳真、經度、緯度、機關代碼、提供單位、上傳日期,智慧通勤:0; 韌性防災:0; 永續環境:0; 食安健康:0; 勞動福祉:1; 文化共融:0
taipei,e7b45593-9d44-469c-97fa-f1a52c69ebaa,00029533,臺北市托嬰中心評鑑結果,勞動福祉,True,True,False,area,就業趨勢與社福資源分析,False,3,社福,生育保健,網路服務,社會局,,社會局,每1年,CSV,中文,2022-07-26T00:00:00,/api/dataset/e7b45593-9d44-469c-97fa-f1a52c69ebaa/resource/43c0bdc5-ddb0-40bf-accd-a096d8c5ac23/download,提供臺北市托嬰中心評鑑資料,編號、機構名稱、行政區、行政區碼、110年、111年、112年、113年、114年,智慧通勤:0; 韌性防災:0; 永續環境:0; 食安健康:0; 勞動福祉:1; 文化共融:0
taipei,6c2f8c6d-2c44-44fc-a555-3160b1683e4b,00003037,臺北市推行社區發展工作成果,勞動福祉,False,True,True,table,就業趨勢與社福資源分析,True,3,統計,公共資訊,原始資料,主計處,,主計處,每1年,CSV,中文,2022-03-04T00:00:00,https://tsis.dbas.gov.taipei/statis/webMain.aspx?sys=220&ymf=5700&kind=21&type=0&funid=a05028101&cycle=4&outmode=12&compmode=0&outkind=1&deflst=2&nzo=1,臺北市推行社區發展工作成果時間數列統計資料,統計期、社區發展協會數[個]、社區戶數[戶]、社區人口數[人]、社區發展協會理事長人數/總計[人]、社區發展協會理事長人數/男[人]、社區發展協會理事長人數/女[人]、社區發展協會會員數/總計[人]、社區發展協會會員數/男[人]、社區發展協會會員數/女[人]、現有設置社區生產建設基金[個]、實際使用經費/總計[元]、實際使用經費/政府補助款[元]、實際使用經費/社區自籌款[元]、社區活動中心/原建[未作修擴建][幢]、社區活動中心/新建[幢]、社區活動中心/修擴建[幢]、主要社區建設/辦理社區幹部訓練[人次]、主要社區建設/辦理社區觀摩[人次]、主要社區建設/長壽俱樂部[處]、主要社區建設/社區成長教室[班]、主要社區建設/守望相助隊[隊]、主要社區建設/志願服務/團隊數[隊]、主要社區建設/志願服務/志工人數[人]、主要社區建設/民俗藝文康樂班[隊]、主要社區建設/社區照顧關懷據點[處]、主要社區建設/圖書室[處]、主要社區建設/刊物[期]、主要社區建設/福利服務及活動受益人次[人次]、主要社區建設/其他,智慧通勤:0; 韌性防災:0; 永續環境:0; 食安健康:0; 勞動福祉:4; 文化共融:2
taipei,2fb262e5-b379-496f-9458-7f10fb9479c7,00002936,臺北市政府勞動局暨所屬機關聯絡資訊,勞動福祉,True,True,False,point,就業趨勢與社福資源分析,False,3,勞動,公共資訊,原始資料,勞動局,,勞動局,每1年,CSV,中文,2020-11-19T00:00:00,/api/dataset/2fb262e5-b379-496f-9458-7f10fb9479c7/resource/ee057e90-9049-41af-a2c5-0221ec8e83e8/download,提供臺北市政府勞動局、臺北市勞動檢查處、臺北市就業服務處（含各就業服務站）、臺北市勞動力重建運用處及臺北市職能發展學院聯絡資訊,名稱、地區、地址、電話、網址,智慧通勤:0; 韌性防災:0; 永續環境:0; 食安健康:0; 勞動福祉:1; 文化共融:0
taipei,6b99dd93-9c63-43c9-96eb-0bfffce97217,00002606,臺北市政府各機關學校聯絡資訊,勞動福祉,True,True,False,point,就業趨勢與社福資源分析,False,3,民政,公共資訊,原始資料,人事處,,人事處,不定期更新,CSV,中文,2020-10-29T00:00:00,/api/dataset/6b99dd93-9c63-43c9-96eb-0bfffce97217/resource/d332914d-5119-4722-9861-77132b7f6e1c/download,臺北市政府各機關學校之總機與地址,機關代碼、機關名稱、總機電話一、總機電話二、傳真、郵遞區號、地址,智慧通勤:0; 韌性防災:0; 永續環境:0; 食安健康:0; 勞動福祉:2; 文化共融:0
taipei,e5b93ec9-6a69-40e2-a38a-eaaa14cbad19,00003639,臺北市政府教育局公立國民小學課後照顧班開辦情形,勞動福祉,True,True,False,area,就業趨勢與社福資源分析,False,3,教育,求學及進修,原始資料,教育局,,教育局,不定期更新,"CSV,CSV,CSV,CSV",中文,2021-01-05T00:00:00,"/api/dataset/e5b93ec9-6a69-40e2-a38a-eaaa14cbad19/resource/b3fe692a-e1aa-4ab4-8c12-ed7fe2975581/download,/api/dataset/e5b93ec9-6a69-40e2-a38a-eaaa14cbad19/resource/03b48677-ac78-4864-9966-c514bd33024e/download,/api/dataset/e5b93ec9-6a69-40e2-a38a-eaaa14cbad19/resource/7621675b-94c4-4e30-8bcd-40ec6ed4daa1/download,/api/dataset/e5b93ec9-6a69-40e2-a38a-eaaa14cbad19/resource/c0a3db3b-906b-4aea-b909-0664ee933496/download",臺北市政府教育局112學年度第2學期公立國民小學課後照顧班開辦情形,序號、縣市、行政區、學校名稱、郵遞區號、縣市別代碼、主管機關代碼,智慧通勤:0; 韌性防災:0; 永續環境:0; 食安健康:0; 勞動福祉:1; 文化共融:0
taipei,7b427c97-50ed-4f09-ae6d-1b717bfa16f3,00002823,臺北市政府民政局暨所屬機關電話及地址,勞動福祉,True,True,False,point,就業趨勢與社福資源分析,False,3,民政,公共資訊,原始資料,民政局,,民政局,不定期更新,CSV,中文,2020-11-10T00:00:00,/api/dataset/7b427c97-50ed-4f09-ae6d-1b717bfa16f3/resource/23e0b49e-3907-4758-a0ad-72dbc617d0af/download,臺北市政府民政局暨所屬機關通訊資料,機關名稱、電話、傳真、地址,智慧通勤:0; 韌性防災:0; 永續環境:0; 食安健康:0; 勞動福祉:2; 文化共融:0
taipei,f2f3f0d3-9e84-4fc5-af4d-5814563e17b3,00000947,臺北市政府求職徵才職缺資訊,勞動福祉,True,True,False,point,就業趨勢與社福資源分析,False,3,資訊,求職及就業,原始資料,人事處,,人事處,每1日,XML,中文,2016-01-08T00:00:00,https://dop.blob.core.windows.net/ipsnworkcontainer/jobs.xml,臺北市政府各機關學校所釋出之職缺資料，包含職缺機關、職稱、工作地點、應徵期限等詳細資料。,No(流水號)、dept_code(機關代碼)、dept_name(機關名稱)、Job_no、Modify_date、tel(公務電話)、level(官職等或薪點)、job_Kind_Name(職系)、title(職稱)、pop_Kind_Name(人員區分)、member_no_desc(名額)、org_type_Name(機關類型)、apply_sdate(應徵開始日期)、apply_edate(應徵結束日期)、apply_rule(資格條件)、job_desc(工作項目)、job_location_Name(工作地點)、job_address(工作地址)、official_rule(是否須具公務人員任用資格)、is_duty(是否須輪值)、Special_rule(特殊條件註記)、contact(聯絡方式)、File_Path(附件路徑)、Note(備註),智慧通勤:0; 韌性防災:0; 永續環境:0; 食安健康:0; 勞動福祉:1; 文化共融:0
taipei,253818a1-80a9-4b03-9218-f3d2c86b95f0,00029505,臺北市政府特約優惠商店及優惠項目一覽表,勞動福祉,True,True,False,point,就業趨勢與社福資源分析,False,3,統計,休閒旅遊,原始資料,人事處,,人事處,不定期更新,CSV,中文,2022-07-22T00:00:00,/api/dataset/253818a1-80a9-4b03-9218-f3d2c86b95f0/resource/d3d1dc53-355c-4838-9aa8-d75e98ba10c4/download,"說明：
1.優惠對象：全國各機關(構)、公立學校及公營事業機構現職、退休員工（含同行眷屬）及於上開機關（構）、學校服務之志工。
2.本優惠商店訊息登載自行政院人事行政總處「公務福利e化平台」-優惠商店專區。
3.依行政院人事行政總處「全國公教員工優惠商店推動方案」第七點：本方案提供之優惠，僅供優惠對象自由參考運用。優惠對象如與優惠商店發生消費糾紛，仍應依優惠對象與優惠商店訂立之契約為準，並依相關法令如消費者保護法或民法等相關規定解決，承辦單位不涉入處理。","編號、優惠商店名稱、商店型式、縣市、地址、網址、公司登記地址、電話、商店簡介、優惠項目、優惠起日、優惠迄日、備註
",智慧通勤:0; 韌性防災:0; 永續環境:0; 食安健康:0; 勞動福祉:1; 文化共融:1
taipei,21c4f316-9b65-45df-94cb-0dff1ff9b491,00003453,臺北市政府社會局身心障礙者需求評估中心,勞動福祉,True,True,False,point,就業趨勢與社福資源分析,False,3,社福,公共資訊,網路服務,社會局,,社會局,每1年,CSV,中文,2020-12-24T00:00:00,/api/dataset/21c4f316-9b65-45df-94cb-0dff1ff9b491/resource/5df487f6-1e7c-483c-af3c-3900f21c03ad/download,提供臺北市政府社會局身心障礙者需求評估中心聯絡資訊,機構名稱、地址、行政區代碼、電話、傳真,智慧通勤:0; 韌性防災:0; 永續環境:0; 食安健康:0; 勞動福祉:2; 文化共融:0
taipei,168d597e-6777-4107-83cf-d726936e9725,00003372,臺北市政府許可仲介本國人在國內工作之私立就業服務機構暨分支機構名冊,勞動福祉,True,True,False,point,就業趨勢與社福資源分析,False,3,勞動,求職及就業,原始資料,勞動局,,勞動局,每3月,CSV,中文,2020-12-16T00:00:00,/api/dataset/168d597e-6777-4107-83cf-d726936e9725/resource/37dc2485-6c21-47ea-9b91-2d85f14d998b/download,依私立就業服務機構許可及管理辦法第39條規定公告,編號、許可證字號、機構名稱、機構地址、機構電話、負責人姓名、許可證有效期限、資本額、專業人員姓名及證照字號,智慧通勤:0; 韌性防災:0; 永續環境:0; 食安健康:0; 勞動福祉:1; 文化共融:0
taipei,96dd21f5-8525-4c6e-a832-9f7fc7fa9ad9,00003478,臺北市政府駐地方法院家庭暴力事件聯合服務處,勞動福祉,True,True,False,point,就業趨勢與社福資源分析,False,3,社福,生活安全及品質,網路服務,社會局,,社會局,不定期更新,CSV,中文,2020-12-25T00:00:00,/api/dataset/96dd21f5-8525-4c6e-a832-9f7fc7fa9ad9/resource/828de473-86a8-46cb-8c0a-1505ea9b45cd/download,提供每年度臺北市政府駐地方法院家庭暴力事件聯合服務處資訊,機構類型、機構名稱、地址、電話、分機、服務對象,智慧通勤:0; 韌性防災:0; 永續環境:0; 食安健康:0; 勞動福祉:1; 文化共融:0
taipei,705f2725-57ef-4aa4-beb1-ad31fc927faf,00000128,臺北市文山區各里簡易疏散避難地圖資訊,勞動福祉,True,True,False,area,就業趨勢與社福資源分析,False,3,民政,公共資訊,原始資料,文山區公所,,文山區公所,不定期更新,CSV,中文,2013-10-24T00:00:00,/api/dataset/705f2725-57ef-4aa4-beb1-ad31fc927faf/resource/9d110501-7855-478d-832e-87b9ef203076/download,提供臺北市文山區各里簡易疏散避難圖資訊。,District(區)、AreaCode(行政區域代碼) 、Village(里)、Language(語系)、FILE_URL(圖檔連結網址),智慧通勤:0; 韌性防災:1; 永續環境:0; 食安健康:0; 勞動福祉:2; 文化共融:0
taipei,dc3e7c97-46bb-4e3f-b57c-0cd493048d3e,00002654,臺北市新住民人口,勞動福祉,False,True,True,table,就業趨勢與社福資源分析,True,3,統計,公共資訊,原始資料,主計處,,主計處,每1年,"CSV,CSV",中文,2022-01-18T00:00:00,"https://tsis.dbas.gov.taipei/statis/webMain.aspx?sys=220&ymf=11200&kind=21&type=0&funid=a05039502&cycle=4&outmode=12&compmode=0&outkind=3&deflst=2&nzo=1,https://tsis.dbas.gov.taipei/statis/webMain.aspx?sys=220&ymf=11200&kind=21&type=0&funid=a05004203&cycle=4&outmode=12&compmode=0&outkind=3&deflst=2&nzo=1",臺北市新住民人口時間數列、按年齡別時間數列統計資料,統計期、性別、總計[人]、大陸港澳配偶[人]、外裔外籍配偶按原屬國籍/合計[人]、外裔外籍配偶按原屬國籍/越南[人]、外裔外籍配偶按原屬國籍/印尼[人]、外裔外籍配偶按原屬國籍/馬來西亞[人]、外裔外籍配偶按原屬國籍/菲律賓[人]、外裔外籍配偶按原屬國籍/泰國[人]、外裔外籍配偶按原屬國籍/日本[人]、外裔外籍配偶按原屬國籍/美國[人]、外裔外籍配偶按原屬國籍/韓國[人]、外裔外籍配偶按原屬國籍/其他國家[人]、國籍不詳[人],智慧通勤:0; 韌性防災:0; 永續環境:0; 食安健康:0; 勞動福祉:1; 文化共融:0
taipei,13fba49a-e97d-47c6-be69-c5b628877fd3,00003028,臺北市暴力犯罪,勞動福祉,False,True,True,table,就業趨勢與社福資源分析,True,3,統計,生活安全及品質,原始資料,主計處,,主計處,每1年,CSV,中文,2022-02-23T00:00:00,https://tsis.dbas.gov.taipei/statis/webMain.aspx?sys=220&ymf=10600&kind=21&type=0&funid=a05028701&cycle=4&outmode=12&compmode=0&outkind=1&deflst=2&nzo=1,"臺北市暴力犯罪時間數列統計資料
",統計期、發生件數/總計[件]、發生件數/強盜搶奪[件]、發生件數/故意殺人[件]、發生件數/強制性交[件]、發生件數/其他[件]、發生率[件/十萬人]、破獲件數/總計[件]、破獲件數/按案件類別分/強盜搶奪[件]、破獲件數/按案件類別分/故意殺人[件]、破獲件數/按案件類別分/強制性交[件]、破獲件數/按案件類別分/其他[件]、破獲件數/按報案轄區分/本市轄區/當期[件]、破獲件數/按報案轄區分/本市轄區/積案[件]、破獲件數/按報案轄區分/其他轄區[件]、破獲率[%]、嫌疑犯人數/總計[人]、嫌疑犯人數/強盜搶奪[人]、嫌疑犯人數/故意殺人[人]、嫌疑犯人數/強制性交[人]、嫌疑犯人數/其他[人]、犯罪人口率[人/十萬人],智慧通勤:0; 韌性防災:0; 永續環境:0; 食安健康:0; 勞動福祉:1; 文化共融:0
taipei,04ccf404-45a3-47ea-ad4c-686beca10689,00001187,臺北市最近5年地價稅稅源統計表,勞動福祉,False,True,True,table,就業趨勢與社福資源分析,True,3,財稅,公共資訊,原始資料,財政局,稅捐處,財政局稅捐處,不定期更新,"CSV,CSV",中文,2020-06-10T00:00:00,"/api/dataset/04ccf404-45a3-47ea-ad4c-686beca10689/resource/92c0eb23-905b-4f4a-8ccd-0ac23f405966/download,/api/dataset/04ccf404-45a3-47ea-ad4c-686beca10689/resource/b1ae324a-cbb7-4b22-9803-d1916543d8d4/download",臺北市最近5年地價稅稅源統計表（每年）,年度別、一般土地戶數（戶）、一般土地面積（公頃）、一般土地地價（千元）、一般土地查定稅額（千元）、自用住宅用地戶數（戶）、自用住宅用地面積（公頃）、自用住宅用地地價（千元）、自用住宅用地查定稅額（千元）、勞工宿舍用地戶數（戶）、勞工宿舍用地面積（公頃）、勞工宿舍用地地價（千元）、勞工宿舍用地查定稅額（千元）、事業直接使用土地戶數（戶）、事業直接使用土地面積（公頃）、事業直接使用土地地價（千元）、事業直接使用土地查定稅額（千元）、公共設施保留地戶數（戶）、公共設施保留地面積（公頃）、公共設施保留地地價（千元）、公共設施保留地查定稅額（千元）、空地戶數（戶）、空地面積（公頃）、空地地價（千元）、空地查定稅額（千元）,智慧通勤:0; 韌性防災:0; 永續環境:0; 食安健康:0; 勞動福祉:1; 文化共融:0
taipei,c0d8fdd0-4ad4-4505-8f52-355048e5eec8,00029532,臺北市未婚懷孕服務中心,勞動福祉,True,True,False,point,就業趨勢與社福資源分析,False,3,社福,生育保健,網路服務,社會局,,社會局,每1年,CSV,中文,2022-07-27T00:00:00,/api/dataset/c0d8fdd0-4ad4-4505-8f52-355048e5eec8/resource/698dac9e-2308-4753-b383-d97541d949ab/download,提供臺北市未婚懷孕服務中心資料,機關名稱、機構類型、機構名稱、地址、電話,智慧通勤:0; 韌性防災:0; 永續環境:0; 食安健康:0; 勞動福祉:1; 文化共融:0
taipei,ec47293e-ef02-451e-89d9-640f29efe572,00003437,臺北市未立案宗教場所資料,勞動福祉,True,True,False,point,就業趨勢與社福資源分析,False,3,民政,公共資訊,原始資料,民政局,,民政局,每1年,CSV,中文,2021-11-03T00:00:00,/api/dataset/ec47293e-ef02-451e-89d9-640f29efe572/resource/0bb32012-24bc-4f16-88cd-c7546fa4897f/download,臺北市未立案宗教場所開放查詢資料。,編號、名稱、縣市別、行政區、里別、地址,智慧通勤:0; 韌性防災:0; 永續環境:0; 食安健康:0; 勞動福祉:2; 文化共融:0
taipei,7c9b715c-67ae-4012-84ad-af401c688145,00000178,臺北市松山區各里簡易疏散避難地圖資訊,勞動福祉,True,True,False,area,就業趨勢與社福資源分析,False,3,民政,公共資訊,原始資料,松山區公所,,松山區公所,不定期更新,CSV,中文,2014-03-10T00:00:00,/api/dataset/7c9b715c-67ae-4012-84ad-af401c688145/resource/17d53d92-d451-42d1-9fcf-c8b49cb691ec/download,提供臺北市松山區各里簡易疏散避難圖資訊。,District(區)、AreaCode(行政區域代碼) 、Village(里)、Language(語系)、FILE_URL(圖檔連結網址),智慧通勤:0; 韌性防災:1; 永續環境:0; 食安健康:0; 勞動福祉:2; 文化共融:0
taipei,d8978c42-1343-4a86-82bc-27d949606e47,00001132,臺北市次分區界圖,勞動福祉,True,True,False,area,就業趨勢與社福資源分析,False,3,民政,公共資訊,原始資料,民政局,,民政局,不定期更新,SHP,中文,2016-10-18T00:00:00,/api/dataset/d8978c42-1343-4a86-82bc-27d949606e47/resource/561eb587-96dc-45e9-9afc-2e9c78744763/download,為配合政府資訊公開政策，俾利業務上運用地理資訊，特將本市12行政區次分區加以建置GIS圖層供各公務機關或相關單位參考使用。,SECT_NAME、SECT_CODE、SEC_NAME、SEC_CODE、TM2_MAX_X、TM2_MAX_Y、TM2_MIN_X、TM2_MIN_Y、SECOND_COD、SECOND_NAM、MAX_X、MAX_Y、MIN_X、MIN_Y,智慧通勤:0; 韌性防災:0; 永續環境:0; 食安健康:0; 勞動福祉:2; 文化共融:0
taipei,6297943a-1e71-480d-967c-635855df66fe,00002281,臺北市歷年住宅補貼受理情形統計表,勞動福祉,False,True,True,table,就業趨勢與社福資源分析,True,3,社福,購屋及遷徙,原始資料,都發局,,都發局,每1年,CSV,中文,2020-10-14T00:00:00,/api/dataset/6297943a-1e71-480d-967c-635855df66fe/resource/e54950a4-86b4-407b-bccf-180f17e1b310/download,臺北市歷年住宅補貼受理申請戶數、計畫戶數及核定戶數情形統計表,項目、租金補貼申請戶數、租金補貼計畫戶數、租金補貼核定戶數、自購住宅貸款利息補貼申請戶數、自購住宅貸款利息補貼計畫戶數、自購住宅貸款利息補貼核定戶數、修繕住宅貸款利息補貼申請戶數、修繕住宅貸款利息補貼計畫戶數、修繕住宅貸款利息補貼核定戶數、備註,智慧通勤:0; 韌性防災:0; 永續環境:0; 食安健康:0; 勞動福祉:1; 文化共融:0
taipei,3a3e239c-e3dc-4daa-a79f-4ddd939f9418,00000107,臺北市殯葬禮儀公司,勞動福祉,True,True,False,point,就業趨勢與社福資源分析,False,3,社福,生命禮儀,原始資料,民政局,殯葬處,民政局殯葬處,每1年,CSV,中文,2020-12-22T00:00:00,/api/dataset/3a3e239c-e3dc-4daa-a79f-4ddd939f9418/resource/649bb58e-c7ac-4304-8dd0-324d3ba6e0bc/download,本市登記之合法殯葬禮儀公司地址及連絡方式,seqno、name、contact、telephone、ZipCode、address,智慧通勤:0; 韌性防災:0; 永續環境:0; 食安健康:0; 勞動福祉:1; 文化共融:0
taipei,20143c69-a790-4dec-bb5e-1f0ed7e76c1e,00003536,臺北市殯葬禮儀服務業備查核准清冊,勞動福祉,True,True,False,point,就業趨勢與社福資源分析,False,3,民政,生命禮儀,原始資料,民政局,殯葬處,民政局殯葬處,每1年,CSV,中文,2020-12-29T00:00:00,/api/dataset/20143c69-a790-4dec-bb5e-1f0ed7e76c1e/resource/702cd8d7-3fa7-43df-a6fa-7d084221dc2e/download,"提供臺北市禮儀服務業備查核准清冊，包含殯葬禮儀服務業者名稱、負責人、地址、電話等資料
",公司名稱、負責人、郵遞區號、公司地址、電話,智慧通勤:0; 韌性防災:0; 永續環境:0; 食安健康:0; 勞動福祉:2; 文化共融:0
taipei,88d25799-6da3-456d-8eec-aa195c6f5e00,00003903,臺北市火葬設施資訊(含座標位置),勞動福祉,True,True,False,point,就業趨勢與社福資源分析,False,3,民政,生命禮儀,原始資料,民政局,殯葬處,民政局殯葬處,每1年,CSV,中文,2021-04-13T00:00:00,/api/dataset/88d25799-6da3-456d-8eec-aa195c6f5e00/resource/66caa128-316e-4c68-999e-25026dd55e0e/download,提供臺北市火化設施位置及座標資訊,設施名稱、郵遞區號、設施地址、連絡電話、座標資訊,智慧通勤:0; 韌性防災:0; 永續環境:0; 食安健康:0; 勞動福祉:2; 文化共融:0
taipei,ece023db-a5f8-4399-97da-f04d7f4009e3,00000398,臺北市生活危機服務_臺北市社會福利服務中心,勞動福祉,True,True,False,point,就業趨勢與社福資源分析,False,3,社福,公共資訊,網路服務,社會局,,社會局,不定期更新,CSV,中文,2013-08-26T00:00:00,/api/dataset/ece023db-a5f8-4399-97da-f04d7f4009e3/resource/1a2d417e-c121-4a12-835f-97ee6852c4b8/download,提供臺北市社會福利服務中心資訊,機構名稱、行政區、郵遞區號、地址、電話,智慧通勤:0; 韌性防災:0; 永續環境:0; 食安健康:0; 勞動福祉:3; 文化共融:0
taipei,3e78bffa-3fa3-46d5-a632-df99447de695,00000786,臺北市產業發展獎勵補助計畫獲獎勵補助廠商基本資料,勞動福祉,True,True,False,point,就業趨勢與社福資源分析,False,3,經濟,開創事業,原始資料,產業局,,產業局,每1年,CSV,中文,2015-08-20T00:00:00,/api/dataset/3e78bffa-3fa3-46d5-a632-df99447de695/resource/014c6c34-efdb-4aab-9715-50711f14562e/download,臺北市產業發展獎勵補助計畫---獲獎勵補助廠商基本資料 。 ,獲補助年度、領域、公司名稱、計畫名稱、負責人姓名、登記地址-行政區、核定日期、計畫起始日、計畫到期日、核定補助款-元、自籌款-元、總經費-元、產業類別-大類、資本額-申請時,智慧通勤:0; 韌性防災:0; 永續環境:0; 食安健康:0; 勞動福祉:1; 文化共融:0
taipei,91ea734a-5ef3-452e-a4bf-81ea68ecbae7,00029534,臺北市社區式家事商談服務單位,勞動福祉,True,True,False,point,就業趨勢與社福資源分析,False,3,社福,婚姻,網路服務,社會局,,社會局,每1年,CSV,中文,2022-07-26T00:00:00,/api/dataset/91ea734a-5ef3-452e-a4bf-81ea68ecbae7/resource/57a7dbef-7866-4301-adec-7b42fd6015d5/download,提供臺北市社區式家事商談服務單位資料,服務單位、服務據點、聯絡電話、郵遞區號、地址,智慧通勤:0; 韌性防災:0; 永續環境:0; 食安健康:0; 勞動福祉:1; 文化共融:0
taipei,e81a07f7-8137-4019-a96f-210a00ef72a3,00000362,臺北市社區發展服務_社區發展協會,勞動福祉,True,True,False,point,就業趨勢與社福資源分析,False,3,社福,公共資訊,網路服務,社會局,,社會局,不定期更新,CSV,中文,2013-08-20T00:00:00,/api/dataset/e81a07f7-8137-4019-a96f-210a00ef72a3/resource/654f0abf-b859-4a1d-8dcd-28c733313c1c/download,提供社區發展服務-社區發展協會相關連絡資訊,機構名稱、行政區代碼、理事長、屆期、郵遞區號、地址、電話、傳真、電子郵件、立案字號、成立日期、經度、緯度、機關代碼、提供單位、上傳日期,智慧通勤:0; 韌性防災:0; 永續環境:0; 食安健康:0; 勞動福祉:1; 文化共融:0
taipei,283e3707-14a2-4470-a52a-49b8c8846783,00003462,臺北市社區發展服務_臺北市非營利組織發展中心,勞動福祉,True,True,False,point,就業趨勢與社福資源分析,False,3,社福,公共資訊,網路服務,社會局,,社會局,每1年,CSV,中文,2020-12-25T00:00:00,/api/dataset/283e3707-14a2-4470-a52a-49b8c8846783/resource/8fe48dc9-34a3-4351-b468-941f3cc287fd/download,提供臺北市非營利組織發展中心聯絡資訊,機關名稱、機構名稱、地址、行政區代碼、電話,智慧通勤:0; 韌性防災:0; 永續環境:0; 食安健康:0; 勞動福祉:1; 文化共融:0
taipei,72d02a99-4b85-493b-946e-5c9b306f3695,00003430,臺北市社區發展服務_通過認證之社區發展協會名單,勞動福祉,True,True,False,point,就業趨勢與社福資源分析,False,3,社福,公共資訊,網路服務,社會局,,社會局,不定期更新,CSV,中文,2020-12-22T00:00:00,/api/dataset/72d02a99-4b85-493b-946e-5c9b306f3695/resource/823a1452-86cc-487d-85b0-e208513ade08/download,通過認證之社區發展協會名單,序號、機構名稱、地址、行政區、行政區代碼、電話,智慧通勤:0; 韌性防災:0; 永續環境:0; 食安健康:0; 勞動福祉:1; 文化共融:0
taipei,f1ab8d11-1bab-45c0-8865-d753ee0f0a3d,00029641,臺北市社會福利基金會名冊,勞動福祉,True,True,False,point,就業趨勢與社福資源分析,False,3,社福,公共資訊,網路服務,社會局,,社會局,每1年,CSV,中文,2022-08-08T00:00:00,/api/dataset/f1ab8d11-1bab-45c0-8865-d753ee0f0a3d/resource/5fc1a4df-b0e1-4d9e-b539-8b3495f31ff9/download,提供臺北市社會福利基金會名冊資料,序號、名稱、電話、地址、代碼編號、行政區、立案字號、成立日期、類別,智慧通勤:0; 韌性防災:0; 永續環境:0; 食安健康:0; 勞動福祉:3; 文化共融:0
taipei,50b75091-f679-45a1-ac5e-228f02201faa,00001392,臺北市社福人口分佈情形,勞動福祉,True,True,False,area,就業趨勢與社福資源分析,False,3,社福,公共資訊,網路服務,社會局,,社會局,每1年,"CSV,CSV,CSV,CSV,CSV,CSV,CSV,CSV,CSV,CSV,CSV,CSV,CSV,CSV,CSV,CSV,CSV,CSV,CSV",中文,2017-12-12T00:00:00,"/api/dataset/50b75091-f679-45a1-ac5e-228f02201faa/resource/04d61d36-ce34-4cf6-815c-be3715cba51c/download,/api/dataset/50b75091-f679-45a1-ac5e-228f02201faa/resource/775cdf32-cba3-4610-a3e8-09cbd3f9d5f3/download,/api/dataset/50b75091-f679-45a1-ac5e-228f02201faa/resource/15af3b39-db6d-47bd-8b9f-e9b855192357/download,/api/dataset/50b75091-f679-45a1-ac5e-228f02201faa/resource/57ab5f15-bc3b-46ce-a0a3-8a877528df8b/download,/api/dataset/50b75091-f679-45a1-ac5e-228f02201faa/resource/85400eeb-c16b-4356-9592-679ef107959e/download,/api/dataset/50b75091-f679-45a1-ac5e-228f02201faa/resource/e56f5766-1e1c-4393-9e2f-cf608e5ae872/download,/api/dataset/50b75091-f679-45a1-ac5e-228f02201faa/resource/5b8f39a2-2187-45ce-9f83-c6fe3aaad7f7/download,/api/dataset/50b75091-f679-45a1-ac5e-228f02201faa/resource/1c802552-8ee8-40ef-8a33-8c22c9d26787/download,/api/dataset/50b75091-f679-45a1-ac5e-228f02201faa/resource/f0f8b33d-6e08-4d94-a22b-b8895a993e7b/download,/api/dataset/50b75091-f679-45a1-ac5e-228f02201faa/resource/dcbbbaa2-93a4-41b3-b72e-13028fdce438/download,/api/dataset/50b75091-f679-45a1-ac5e-228f02201faa/resource/acc1a33f-7372-4dfc-84c6-e48223d4f560/download,/api/dataset/50b75091-f679-45a1-ac5e-228f02201faa/resource/ffc5f0d9-32e5-4016-8c88-c1b11c1a9f8f/download,/api/dataset/50b75091-f679-45a1-ac5e-228f02201faa/resource/031c4c83-2029-4bb2-9903-81ea5fe0cb0e/download,/api/dataset/50b75091-f679-45a1-ac5e-228f02201faa/resource/9e41780b-50ed-41f9-87a8-a2e38d8927e9/download,/api/dataset/50b75091-f679-45a1-ac5e-228f02201faa/resource/2661a293-2600-4b59-b3e0-2ca140ba72fb/download,/api/dataset/50b75091-f679-45a1-ac5e-228f02201faa/resource/35226b66-2c7d-47a7-a08c-c96c458f2c23/download,/api/dataset/50b75091-f679-45a1-ac5e-228f02201faa/resource/8da781f3-82df-4973-9403-c69541a76dd8/download,/api/dataset/50b75091-f679-45a1-ac5e-228f02201faa/resource/a7674040-40cf-4d2f-93ad-d7270df2b095/download,/api/dataset/50b75091-f679-45a1-ac5e-228f02201faa/resource/4b1a75d8-ef6a-4379-bbb6-fa32fa2c9d61/download",提供中低收、低收及身障人口分佈情形資料,序號、行政區、行政區代碼、性別、出生日期,智慧通勤:0; 韌性防災:0; 永續環境:0; 食安健康:0; 勞動福祉:4; 文化共融:0
taipei,9491113c-dd80-44fa-9265-d7ea042616d4,00029509,臺北市稅捐稽徵處分處稽徵區域,勞動福祉,True,True,False,area,就業趨勢與社福資源分析,False,3,財稅,公共資訊,原始資料,財政局,稅捐處,財政局稅捐處,不定期更新,CSV,中文,2022-07-18T00:00:00,/api/dataset/9491113c-dd80-44fa-9265-d7ea042616d4/resource/faf53b9f-bb9a-4236-bfc4-267be0d2454d/download,臺北市稅捐稽徵處各分處稽徵區域,單位、面積、里數、戶數、人口數,智慧通勤:0; 韌性防災:0; 永續環境:0; 食安健康:0; 勞動福祉:1; 文化共融:0
taipei,607dd52a-a553-4f2c-9019-0382f684de77,00003027,臺北市竊盜案件,勞動福祉,False,True,True,table,就業趨勢與社福資源分析,True,3,統計,生活安全及品質,原始資料,主計處,,主計處,每1年,CSV,中文,2022-02-16T00:00:00,https://tsis.dbas.gov.taipei/statis/webMain.aspx?sys=220&ymf=5700&kind=21&type=0&funid=a05028601&cycle=4&outmode=12&compmode=0&outkind=1&deflst=2&nzo=1,"臺北市竊盜案件時間數列統計資料
",統計期、發生件數/總計[件]、發生件數/普通竊盜[件]、發生件數/重大竊盜[件]、發生件數/汽車竊盜[件]、發生件數/機車竊盜[件]、發生率[件/十萬人]、破獲件數/總計[件]、破獲件數/按案件類別分/普通竊盜[件]、破獲件數/按案件類別分/重大竊盜[件]、破獲件數/按案件類別分/汽車竊盜[件]、破獲件數/按案件類別分/機車竊盜[件]、破獲件數/按報案轄區分/本市轄區/當期[件]、破獲件數/按報案轄區分/本市轄區/積案[件]、破獲件數/按報案轄區分/其他轄區[件]、破獲率[%]、嫌疑犯人數/總計[件]、嫌疑犯人數/普通竊盜[件]、嫌疑犯人數/重大竊盜[件]、嫌疑犯人數/汽車竊盜[件]、嫌疑犯人數/機車竊盜[件]、犯罪人口率[人/十萬人],智慧通勤:0; 韌性防災:0; 永續環境:0; 食安健康:0; 勞動福祉:1; 文化共融:0
taipei,5cb73231-b741-48b3-bec3-2ef57bb10029,00000177,臺北市立動物園_動物資料,勞動福祉,True,True,False,point,就業趨勢與社福資源分析,False,3,教育,求學及進修,原始資料,教育局,動物園,教育局動物園,每1年,CSV,中文,2014-04-15T00:00:00,/api/dataset/5cb73231-b741-48b3-bec3-2ef57bb10029/resource/6afa114d-38a2-4e3c-9cfd-29d3bd26b65b/download,本資料集提供臺北市立動物園園區之動物導覽整合資訊，藉由文字、圖片、影音等解說媒，融合保育及教育的觀點解說動物的生態習性，帶領社會大眾一同探索野生動物的奧秘。(本資料集開放授權應用內容僅限文字範圍，圖片、聲音及影片等多媒體資訊不在開放授權範圍),中文名、摘要說明、關鍵字、別名、經度、緯度、館區、POI群組、英文名、學名、分類學_門、分類學_綱、分類學_目、分類學_科、保育等級、地理分布、棲地型態、形態特徵、生態習性、食性、面臨問題、解說、主題網頁、主題網頁URL、動物認養焦點物種、編號代號、照片說明及URL(4組)、PDF說明及URL(2組)、聲音說明及URL(3組)、影片URL、資料更新日期、序號,智慧通勤:0; 韌性防災:0; 永續環境:0; 食安健康:0; 勞動福祉:1; 文化共融:0
taipei,b20c5ea7-dcae-446b-8d85-574a2bb2c907,00002763,臺北市立案一般護理之家一覽表,勞動福祉,True,True,False,point,就業趨勢與社福資源分析,False,3,社福,老年安養,原始資料,衛生局,,衛生局,不定期更新,CSV,中文,2020-11-05T00:00:00,/api/dataset/b20c5ea7-dcae-446b-8d85-574a2bb2c907/resource/ed438da1-9e3c-4ccd-86be-6eeb4b275259/download,臺北市立案一般護理之家一覽表。,臺北市、序號、機構名稱、開放床數、地址、電話、分機,智慧通勤:0; 韌性防災:0; 永續環境:0; 食安健康:0; 勞動福祉:1; 文化共融:0
taipei,fb5e4253-13a5-425a-9747-f19ef9b18577,00001678,臺北市老人安養暨長期照顧機構評鑑,勞動福祉,True,True,False,point,就業趨勢與社福資源分析,False,3,社福,老年安養,網路服務,社會局,,社會局,每1年,CSV,中文,2019-10-16T00:00:00,/api/dataset/fb5e4253-13a5-425a-9747-f19ef9b18577/resource/7d8337c9-df15-4203-bee1-a6db7f9486ae/download,銀髮族服務_老人安養暨長期照顧機構評鑑資料,序號、機構名稱、郵遞區號、地址、電話、104年評鑑成績、105年評鑑成績、106年評鑑成績、107年評鑑成績、108年評鑑成績,智慧通勤:0; 韌性防災:0; 永續環境:0; 食安健康:0; 勞動福祉:2; 文化共融:0
taipei,2334ffb4-e17c-47d8-8091-4b974d576a06,00000673,臺北市老人福利機構評鑑,勞動福祉,True,True,False,point,就業趨勢與社福資源分析,False,3,社福,老年安養,網路服務,社會局,,社會局,不定期更新,CSV,中文,2017-01-02T00:00:00,/api/dataset/2334ffb4-e17c-47d8-8091-4b974d576a06/resource/2e41cc6a-bc0a-44da-99ac-fcf07d33f66a/download,老人福利機構評鑑資料呈現於【社會局局網 > 銀髮族服務 > 老人機構專區】,機構名稱、郵遞區號、地址、電話、104年評鑑成績、105年評鑑成績、106年評鑑成績、107年評鑑成績、108年評鑑成績、112年評鑑成績,智慧通勤:0; 韌性防災:0; 永續環境:0; 食安健康:0; 勞動福祉:3; 文化共融:0
taipei,84aaa044-985c-4521-ab51-30cecb04e9ff,00001783,臺北市萬華區各里簡易疏散避難地圖資訊,勞動福祉,True,True,False,area,就業趨勢與社福資源分析,False,3,民政,生活安全及品質,原始資料,萬華區公所,,萬華區公所,不定期更新,CSV,中文,2020-07-08T00:00:00,/api/dataset/84aaa044-985c-4521-ab51-30cecb04e9ff/resource/32aadfd8-7216-45e5-b09d-e4d986dc2f35/download,提供臺北市萬華區各里簡易疏散避難圖資訊,District(區)、AreaCode(行政區域代碼)、Village(里)、Language(語系)、FILE_URL(圖檔連結網址),智慧通勤:0; 韌性防災:1; 永續環境:0; 食安健康:0; 勞動福祉:2; 文化共融:0
taipei,ae286d1f-5fe5-4aab-bf2a-d54e93bf6505,00000397,臺北市街友服務_街友中途之家暨盥洗服務據點,勞動福祉,True,True,False,point,就業趨勢與社福資源分析,False,3,社福,公共資訊,網路服務,社會局,,社會局,不定期更新,CSV,中文,2013-08-26T00:00:00,/api/dataset/ae286d1f-5fe5-4aab-bf2a-d54e93bf6505/resource/45bc8cd5-2cff-4386-9f67-f7c6105aec54/download,提供街友中途之家暨盥洗服務據點相關連絡資訊,類型、服務單位名稱、盥洗時間、地址、電話,智慧通勤:0; 韌性防災:0; 永續環境:0; 食安健康:0; 勞動福祉:1; 文化共融:0
taipei,72ec2427-4b31-41a9-a280-e4a47bd931c4,00003712,臺北市財團法人職工福利委員會名冊,勞動福祉,True,True,False,point,就業趨勢與社福資源分析,False,3,勞動,公共資訊,原始資料,勞動局,,勞動局,每1年,CSV,中文,2021-01-18T00:00:00,/api/dataset/72ec2427-4b31-41a9-a280-e4a47bd931c4/resource/d10f15df-14e4-4b72-bcbb-9ef1b9043299/download,提供臺北市財團法人職工福利委員會名稱、會址。　,名稱、地址、登記法院、法人登記日期、法人登記類別,智慧通勤:0; 韌性防災:0; 永續環境:0; 食安健康:0; 勞動福祉:1; 文化共融:0
taipei,749fd334-0614-46bd-991e-58457d6ca15c,00003495,臺北市身心障礙福利基金會,勞動福祉,True,True,False,point,就業趨勢與社福資源分析,False,3,社福,公共資訊,網路服務,社會局,,社會局,每1年,CSV,中文,2020-12-28T00:00:00,/api/dataset/749fd334-0614-46bd-991e-58457d6ca15c/resource/d72dbaca-68dd-445d-8a56-d5433c59e672/download,提供臺北市身心障礙福利基金會資訊,序號、基金會名稱、行政區、地址、電話、成立日期,智慧通勤:0; 韌性防災:0; 永續環境:0; 食安健康:0; 勞動福祉:2; 文化共融:0
taipei,81628831-c92b-4524-8610-6601ddb1c4ec,00000689,臺北市身心障礙者居家照顧委辦單位,勞動福祉,True,True,False,point,就業趨勢與社福資源分析,False,3,社福,生活安全及品質,網路服務,社會局,,社會局,不定期更新,CSV,中文,2020-07-23T00:00:00,/api/dataset/81628831-c92b-4524-8610-6601ddb1c4ec/resource/93e5d29a-6ef2-4328-8306-d917ae398cb5/download,提供臺北市身心障礙者居家照顧委辦單位資料,委辦單位、地址、電話、分機、服務區域,智慧通勤:0; 韌性防災:0; 永續環境:0; 食安健康:0; 勞動福祉:2; 文化共融:0
taipei,606f2ac9-0e38-4392-8ae6-e09bb0c9bd00,00000387,臺北市身心障礙者服務_住宿機構,勞動福祉,True,True,False,point,就業趨勢與社福資源分析,False,3,社福,公共資訊,網路服務,社會局,,社會局,不定期更新,CSV,中文,2013-08-26T00:00:00,/api/dataset/606f2ac9-0e38-4392-8ae6-e09bb0c9bd00/resource/efab0c4d-0882-47ac-a01b-48aa36caa25a/download,提供身心障礙者服務-住宿機構資訊,機構類型、機構名稱、地址、行政區代碼、電話,智慧通勤:0; 韌性防災:0; 永續環境:0; 食安健康:0; 勞動福祉:1; 文化共融:0
taipei,aea23bf9-5e9c-470b-bc32-85b9bef4c35f,00000389,臺北市身心障礙者服務_團體家庭,勞動福祉,True,True,False,point,就業趨勢與社福資源分析,False,3,社福,公共資訊,網路服務,社會局,,社會局,不定期更新,CSV,中文,2013-08-26T00:00:00,/api/dataset/aea23bf9-5e9c-470b-bc32-85b9bef4c35f/resource/76985f1a-3983-43c8-9707-0ee74e0ceb4c/download,提供身心障礙者服務-團體家庭資訊,機構名稱、地址、行政區代碼、電話、傳真,智慧通勤:0; 韌性防災:0; 永續環境:0; 食安健康:0; 勞動福祉:1; 文化共融:0
taipei,bb6adffe-2300-4ea7-8f25-1073340f922e,00000395,臺北市身心障礙者服務_日間服務機構,勞動福祉,True,True,False,point,就業趨勢與社福資源分析,False,3,社福,公共資訊,網路服務,社會局,,社會局,不定期更新,CSV,中文,2013-08-26T00:00:00,/api/dataset/bb6adffe-2300-4ea7-8f25-1073340f922e/resource/943c505b-2aa3-4b1e-b8d6-fa066b317b19/download,提供身心障礙者服務-日間服務機構資訊,機構名稱、地址、行政區代碼、電話、傳真,智慧通勤:0; 韌性防災:0; 永續環境:0; 食安健康:0; 勞動福祉:1; 文化共融:0
taipei,0d1944a8-644e-4a21-9ac8-ef0a72ff0a54,00000392,臺北市身心障礙者服務_社區日間作業設施,勞動福祉,True,True,False,point,就業趨勢與社福資源分析,False,3,社福,公共資訊,網路服務,社會局,,社會局,不定期更新,CSV,中文,2013-08-26T00:00:00,/api/dataset/0d1944a8-644e-4a21-9ac8-ef0a72ff0a54/resource/e71db367-1afb-43aa-a6ee-228c7882f7e8/download,提供身心障礙者服務-社區日間作業設施資訊,機構名稱、地址、電話、核定服務量、可申請服務量,智慧通勤:0; 韌性防災:0; 永續環境:0; 食安健康:0; 勞動福祉:1; 文化共融:0
taipei,89273339-3d6e-4a69-bda6-33a9dbb5e937,00000391,臺北市身心障礙者服務_社區日間活動據點,勞動福祉,True,True,False,point,就業趨勢與社福資源分析,False,3,社福,公共資訊,網路服務,社會局,,社會局,不定期更新,CSV,中文,2013-08-26T00:00:00,/api/dataset/89273339-3d6e-4a69-bda6-33a9dbb5e937/resource/4c23101b-4b21-4951-bcc2-6bdb92c6b4d0/download,提供身心障礙者服務-社區日間活動據點資訊,機構名稱、地址、行政區代碼、電話、公私立,智慧通勤:0; 韌性防災:0; 永續環境:0; 食安健康:0; 勞動福祉:1; 文化共融:1
taipei,63ffcab9-c4bb-407f-a4c3-3b87d149ba3f,00000386,臺北市身心障礙者服務_福利服務中心,勞動福祉,True,True,False,point,就業趨勢與社福資源分析,False,3,社福,公共資訊,網路服務,社會局,,社會局,不定期更新,CSV,中文,2013-08-26T00:00:00,/api/dataset/63ffcab9-c4bb-407f-a4c3-3b87d149ba3f/resource/aba33618-a5e9-4974-a612-d37ead3b3339/download,提供身心障礙者服務-福利服務中心資訊,機構名稱、地址、電話、傳真、公私立,智慧通勤:0; 韌性防災:0; 永續環境:0; 食安健康:0; 勞動福祉:2; 文化共融:0
taipei,a72055e3-812b-4e10-82ab-f44b692a7ff5,00000388,臺北市身心障礙者服務_精神障礙者會所,勞動福祉,True,True,False,point,就業趨勢與社福資源分析,False,3,社福,公共資訊,網路服務,社會局,,社會局,不定期更新,CSV,中文,2013-08-26T00:00:00,/api/dataset/a72055e3-812b-4e10-82ab-f44b692a7ff5/resource/41404922-8817-4cb4-8781-d21432f2a0eb/download,提供身心障礙者服務-精神障礙者會所資訊,機構名稱、地址、行政區代碼、電話、公私立,智慧通勤:0; 韌性防災:0; 永續環境:0; 食安健康:0; 勞動福祉:1; 文化共融:0
taipei,ec51217d-c1d1-4804-a05e-f3abdd3a77e9,00000393,臺北市身心障礙者服務_身心障礙者服務中心,勞動福祉,True,True,False,point,就業趨勢與社福資源分析,False,3,社福,公共資訊,網路服務,社會局,,社會局,不定期更新,CSV,中文,2013-08-26T00:00:00,/api/dataset/ec51217d-c1d1-4804-a05e-f3abdd3a77e9/resource/3fa84102-8050-4d92-88bd-63247a77bbcc/download,提供身心障礙者服務中心相關資訊,機構類型、機構名稱、地址、電話、傳真,智慧通勤:0; 韌性防災:0; 永續環境:0; 食安健康:0; 勞動福祉:1; 文化共融:0
taipei,860eb03d-7e30-4198-9c02-edfb9bc1f2f7,00003473,臺北市身心障礙者服務_身心障礙者臨時及短期照顧服務單位,勞動福祉,True,True,False,point,就業趨勢與社福資源分析,False,3,社福,公共資訊,網路服務,社會局,,社會局,每1年,CSV,中文,2020-12-25T00:00:00,/api/dataset/860eb03d-7e30-4198-9c02-edfb9bc1f2f7/resource/a88dcce4-6d21-4197-8e2f-37b90bf23eb2/download,提供臺北市身心障礙者服務_身心障礙者臨時及短期照顧服務單位資訊,序號、機構名稱、地址、行政區代碼、電話,智慧通勤:0; 韌性防災:0; 永續環境:0; 食安健康:0; 勞動福祉:2; 文化共融:0
taipei,34caee29-5566-4516-acb8-c39b93897fe8,00000394,臺北市身心障礙者服務_輔具服務中心,勞動福祉,True,True,False,point,就業趨勢與社福資源分析,False,3,社福,公共資訊,網路服務,社會局,,社會局,不定期更新,CSV,中文,2013-08-26T00:00:00,/api/dataset/34caee29-5566-4516-acb8-c39b93897fe8/resource/227093b9-a9b0-43ec-ae4f-c7b364787783/download,提供身心障礙者服務-輔具服務中心資訊,機構名稱、服務區域、地址、行政區代碼、電話,智慧通勤:0; 韌性防災:0; 永續環境:0; 食安健康:0; 勞動福祉:1; 文化共融:0
taipei,c5aafda8-ef14-4f66-a6b7-d5da995a14b5,00000608,臺北市身障就業資源地圖,勞動福祉,True,True,False,point,就業趨勢與社福資源分析,False,3,勞動,求職及就業,原始資料,勞動局,重建處,勞動局重建處,不定期更新,CSV,中文,2022-01-07T00:00:00,/api/dataset/c5aafda8-ef14-4f66-a6b7-d5da995a14b5/resource/f26a4c04-771f-42f3-a028-1a7e89303509/download,"身障就業資源地圖(職業重建暨就業服務、職業輔導評量服務、職務再設計、就業服務機構、庇護工場)
依身心障礙者權益保障法第三十四條第一項規定，各級勞工主管機關對於具有就業意願及就業能力，而不足以獨立在競爭性就業市場工作之身心障礙者，應依其工作能力，提供個別化就業安置、訓練及其他工作協助等支持性就業服務。
而影響身障者就業穩定的重要因素之一即是交通，讓身障者可以就近在居住一定範圍內，或在交通便利上可以方便找到服務單位，一直是本處提供便利服務的重要指標。
因此建立身障就業資源地圖，讓有需要服務的身障者可以就近尋求服務，就是重要的工作原則之一。在網站上將各種不同服務方案，標列在地圖上，而且把各服務據點的地址、電話一一列出，可以讓身障者可依自行方便的區域尋求服務，既符合法令規定，在實務上也可更貼近便民的服務理念。 
",SEQNO、Year、name、type、business item、contact、address、telephone,智慧通勤:1; 韌性防災:0; 永續環境:0; 食安健康:0; 勞動福祉:2; 文化共融:0
taipei,6d864ede-c482-4f33-bb89-5be19dc772e1,00000579,臺北市鄰界圖,勞動福祉,True,True,False,point,就業趨勢與社福資源分析,False,3,民政,公共資訊,原始資料,民政局,,民政局,不定期更新,SHP,中文,2016-12-28T00:00:00,/api/dataset/6d864ede-c482-4f33-bb89-5be19dc772e1/resource/84e357c9-6157-45e7-aaa2-4fb1e3318644/download,為配合政府資訊公開政策，俾利業務上運用地理資訊， 特將本市12行政區，456個里下之各鄰界加以建置GIS圖層供各公務機關或相關單位參考使用，本項資料所採用座標系統為TWD97。,SECT_NAME、SECT_CODE、LIE_NAME、LIE_CODE、LI_NO、SDFKEY、SDFNAME,智慧通勤:0; 韌性防災:0; 永續環境:0; 食安健康:0; 勞動福祉:2; 文化共融:0
taipei,6b17b31d-4e16-495e-95b1-9fd1f47c80d8,00000119,臺北市里界圖,勞動福祉,True,True,False,point,就業趨勢與社福資源分析,False,3,民政,公共資訊,原始資料,民政局,,民政局,不定期更新,SHP,中文,2012-01-04T00:00:00,/api/dataset/6b17b31d-4e16-495e-95b1-9fd1f47c80d8/resource/145e30da-58f3-45db-a125-8adc3fde2620/download,行政里界之調整為本局之權責，另為推動業務上運用地理資訊，特將本市456個里加以建置GIS圖層供各公務機關參考使用，本項資料所採用座標系統為TWD97。,AREA、NEW、FULL、PERF_ID、COUN_ID、CPID、CPTID、CPTVID、NPID、NPTID、NPTVID、PNAME、TNAME、VNAME、PTVNAME、PTNAME、TVNAME、TM2_MAX_X、TM2_MAX_Y、TM2_MIN_X、TM2_MIN_Y、MAX_X、MAX_Y、MIN_X、MIN_Y、SECT_NAME、LIE_NAME、sn,智慧通勤:0; 韌性防災:0; 永續環境:0; 食安健康:0; 勞動福祉:2; 文化共融:0
taipei,cd62abcb-f489-4857-a110-de451ee84302,00000340,臺北市銀髮族服務_互助家庭,勞動福祉,True,True,False,point,就業趨勢與社福資源分析,False,3,社福,老年安養,網路服務,社會局,,社會局,每1年,CSV,中文,2012-01-09T00:00:00,/api/dataset/cd62abcb-f489-4857-a110-de451ee84302/resource/65dee30d-6397-4e3c-b06b-cead2a87e9f9/download,銀髮族服務_互助家庭,機關代碼、機關名稱、機構名稱、地址、電話,智慧通勤:0; 韌性防災:0; 永續環境:0; 食安健康:0; 勞動福祉:1; 文化共融:0
taipei,99daa736-36c6-4957-884d-45cf81dc5745,00000334,臺北市銀髮族服務_失智照顧型,勞動福祉,True,True,False,point,就業趨勢與社福資源分析,False,3,社福,老年安養,網路服務,社會局,,社會局,不定期更新,CSV,中文,2012-01-09T00:00:00,/api/dataset/99daa736-36c6-4957-884d-45cf81dc5745/resource/aba1629f-58a7-41db-ab41-80c879c10f3c/download,銀髮族服務_失智照顧型,機構類型、機構名稱、地址、電話,智慧通勤:0; 韌性防災:0; 永續環境:0; 食安健康:0; 勞動福祉:2; 文化共融:0
taipei,f59b76f0-9c63-4242-9d1e-19364de95814,00000337,臺北市銀髮族服務_安養機構,勞動福祉,True,True,False,point,就業趨勢與社福資源分析,False,3,社福,老年安養,網路服務,社會局,,社會局,不定期更新,CSV,中文,2012-01-09T00:00:00,/api/dataset/f59b76f0-9c63-4242-9d1e-19364de95814/resource/88ee77e3-74f5-4593-b55f-be7f01bb2259/download,銀髮族服務_安養機構,機構類型、機構名稱、地址、電話,智慧通勤:0; 韌性防災:0; 永續環境:0; 食安健康:0; 勞動福祉:1; 文化共融:0
taipei,e3cec007-4212-4944-989e-5078e4f5f3bb,00000346,臺北市銀髮族服務_家庭照顧者服務中心,勞動福祉,True,True,False,point,就業趨勢與社福資源分析,False,3,社福,老年安養,網路服務,社會局,,社會局,不定期更新,CSV,中文,2012-01-09T00:00:00,/api/dataset/e3cec007-4212-4944-989e-5078e4f5f3bb/resource/efed6694-9700-4b45-a7bd-3000918d59b0/download,提供家庭照顧者服務中心資訊,機構類型、機構名稱、地址、電話、公私立,智慧通勤:0; 韌性防災:0; 永續環境:0; 食安健康:0; 勞動福祉:2; 文化共融:0
taipei,2d32278e-7606-4ac2-bdb7-ef3bfd8461be,00000383,臺北市銀髮族服務_小規模多機能,勞動福祉,True,True,False,point,就業趨勢與社福資源分析,False,3,社福,老年安養,網路服務,社會局,,社會局,不定期更新,CSV,中文,2013-08-26T00:00:00,/api/dataset/2d32278e-7606-4ac2-bdb7-ef3bfd8461be/resource/2ab15ace-a058-4170-8da2-ecfe5707e926/download,提供銀髮族服務_小規模多機能相關資訊,機構名稱、地址、行政區代碼、電話、評鑑結果,智慧通勤:0; 韌性防災:0; 永續環境:0; 食安健康:0; 勞動福祉:1; 文化共融:0
taipei,f17b2bdc-1cff-4caf-83fb-561b3d272f00,00000343,臺北市銀髮族服務_石頭湯社區照顧,勞動福祉,True,True,False,point,就業趨勢與社福資源分析,False,3,社福,老年安養,網路服務,社會局,,社會局,不定期更新,CSV,中文,2012-01-09T00:00:00,/api/dataset/f17b2bdc-1cff-4caf-83fb-561b3d272f00/resource/03ac321b-51fb-4ea9-a8c5-d0976184550a/download,銀髮族服務_石頭湯社區照顧,機構類型、機構名稱、地址、電話,智慧通勤:0; 韌性防災:0; 永續環境:0; 食安健康:0; 勞動福祉:2; 文化共融:0
taipei,48a04f42-094e-46a0-a279-b4d8b703a7b3,00003466,臺北市銀髮族服務_社區整體照顧服務體系C級單位一覽表,勞動福祉,True,True,False,point,就業趨勢與社福資源分析,False,3,社福,老年安養,網路服務,社會局,,社會局,每1年,CSV,中文,2020-12-25T00:00:00,/api/dataset/48a04f42-094e-46a0-a279-b4d8b703a7b3/resource/ffab5e5f-4a0f-4759-8531-5302379509cd/download,提供臺北市銀髮族服務_社區整體照顧服務體系C級單位一覽表,序號、據點名稱、行政區、行政區代碼、據點地址、電話,智慧通勤:0; 韌性防災:0; 永續環境:0; 食安健康:0; 勞動福祉:2; 文化共融:0
taipei,d082dc87-d3fd-479d-89c6-745ff1be955a,00000341,臺北市銀髮族服務_社區照顧關懷據點,勞動福祉,True,True,False,point,就業趨勢與社福資源分析,False,3,社福,老年安養,網路服務,社會局,,社會局,不定期更新,CSV,中文,2012-01-09T00:00:00,/api/dataset/d082dc87-d3fd-479d-89c6-745ff1be955a/resource/11930dc6-4092-4bde-a42c-7722e0416462/download,提供銀髮族服務_社區照顧關懷據點資訊,據點名稱、據點類型、地址、行政區代碼、電話,智慧通勤:0; 韌性防災:0; 永續環境:0; 食安健康:0; 勞動福祉:2; 文化共融:0
taipei,cef4eddf-7d49-46ea-b94c-33fcde55218a,00000339,臺北市銀髮族服務_老人住宅(公寓),勞動福祉,True,True,False,point,就業趨勢與社福資源分析,False,3,社福,老年安養,網路服務,社會局,,社會局,每1年,CSV,中文,2012-01-09T00:00:00,/api/dataset/cef4eddf-7d49-46ea-b94c-33fcde55218a/resource/a5674541-0175-47bf-a8ac-0f8c6edd37a1/download,提供銀髮族服務_老人住宅(公寓)資料,機構名稱、受託單位、地址、電話、連結網址,智慧通勤:0; 韌性防災:0; 永續環境:0; 食安健康:0; 勞動福祉:1; 文化共融:0
taipei,23aff01f-67a3-461f-9fda-2fafe4ec9284,00003415,臺北市銀髮族服務_老人收容安置補助名冊,勞動福祉,True,True,False,point,就業趨勢與社福資源分析,False,3,社福,老年安養,網路服務,社會局,,社會局,不定期更新,CSV,中文,2020-12-21T00:00:00,/api/dataset/23aff01f-67a3-461f-9fda-2fafe4ec9284/resource/380592d1-bc02-4268-896d-25fc7571e549/download,提供老人收容安置補助名冊,序號、機構名稱、機構地址、機構電話、負責人、105年評鑑成績、105年度衛福部評鑑成績、106年評鑑成績、107年評鑑成績、108年評鑑成績,智慧通勤:0; 韌性防災:0; 永續環境:0; 食安健康:0; 勞動福祉:2; 文化共融:0
taipei,fe55795c-a220-4b88-bde1-5b994321f8af,00003468,臺北市銀髮族服務_臺北市老人共餐單位一覽表,勞動福祉,True,True,False,point,就業趨勢與社福資源分析,False,3,社福,老年安養,網路服務,社會局,,社會局,每1年,CSV,中文,2020-12-25T00:00:00,/api/dataset/fe55795c-a220-4b88-bde1-5b994321f8af/resource/86d839db-85c7-48b0-991b-dc86922eb093/download,提供臺北市銀髮族服務_臺北市老人共餐單位一覽表,序號、據點名稱、行政區、行政區代碼、據點地址、聯絡電話,智慧通勤:0; 韌性防災:0; 永續環境:0; 食安健康:0; 勞動福祉:1; 文化共融:0
taipei,c8ac5650-2a3a-4d80-8cb0-d26f89f7395f,00000338,臺北市銀髮族服務_臺北市老人日間照顧中心,勞動福祉,True,True,False,point,就業趨勢與社福資源分析,False,3,社福,老年安養,網路服務,社會局,,社會局,不定期更新,CSV,中文,2012-01-09T00:00:00,/api/dataset/c8ac5650-2a3a-4d80-8cb0-d26f89f7395f/resource/a8222101-850f-404e-bde8-99d7eda642f9/download,銀髮族服務_臺北市老人日間照顧中心,機構類型、機構名稱、地址、電話,智慧通勤:0; 韌性防災:0; 永續環境:0; 食安健康:0; 勞動福祉:2; 文化共融:0
taipei,78dfc9a2-36e2-4ef5-beaa-a74633ba3d26,00000335,臺北市銀髮族服務_臺北市老人服務中心,勞動福祉,True,True,False,point,就業趨勢與社福資源分析,False,3,社福,老年安養,網路服務,社會局,,社會局,不定期更新,CSV,中文,2012-01-09T00:00:00,/api/dataset/78dfc9a2-36e2-4ef5-beaa-a74633ba3d26/resource/869a27cb-65d8-4479-bde0-5781220b2016/download,提供臺北市各老人服務中心相關資訊,中心名稱、地址、行政區代碼、電話、傳真,智慧通勤:0; 韌性防災:0; 永續環境:0; 食安健康:0; 勞動福祉:1; 文化共融:0
taipei,603c62b4-5b31-4266-a964-867244a78f6b,00003469,臺北市銀髮族服務_臺北市長期照顧管理中心,勞動福祉,True,True,False,point,就業趨勢與社福資源分析,False,3,社福,老年安養,網路服務,社會局,,社會局,每1年,CSV,中文,2020-12-25T00:00:00,/api/dataset/603c62b4-5b31-4266-a964-867244a78f6b/resource/73581107-54a5-44b3-b35f-0a167377e61e/download,提供臺北市銀髮族服務_臺北市長期照顧管理中心聯絡資訊,機構名稱、地址、行政區、行政區代碼、電話,智慧通勤:0; 韌性防災:0; 永續環境:0; 食安健康:0; 勞動福祉:2; 文化共融:0
taipei,61a6449b-9a0e-4b1c-848b-81bb22350379,00000342,臺北市銀髮族服務_長期照顧型,勞動福祉,True,True,False,point,就業趨勢與社福資源分析,False,3,社福,老年安養,網路服務,社會局,,社會局,不定期更新,CSV,中文,2012-01-09T00:00:00,/api/dataset/61a6449b-9a0e-4b1c-848b-81bb22350379/resource/ef76b389-e6f3-412d-9c4b-63f47ff96198/download,銀髮族服務_長期照顧型,機構類型、機構名稱、地址、電話,智慧通勤:0; 韌性防災:0; 永續環境:0; 食安健康:0; 勞動福祉:2; 文化共融:0
taipei,28c08fda-c7d1-4485-9791-8effde726635,00000336,臺北市銀髮族服務_養護型,勞動福祉,True,True,False,point,就業趨勢與社福資源分析,False,3,社福,老年安養,網路服務,社會局,,社會局,不定期更新,CSV,中文,2012-01-09T00:00:00,/api/dataset/28c08fda-c7d1-4485-9791-8effde726635/resource/905196ee-62ff-4cde-a1c0-cdede195ed04/download,銀髮族服務_養護型,機構類型、機構名稱、地址、電話,智慧通勤:0; 韌性防災:0; 永續環境:0; 食安健康:0; 勞動福祉:1; 文化共融:0
taipei,40c16fac-ff03-4da7-91a0-75272f732149,00000344,臺北市銀髮族服務相關機構,勞動福祉,True,True,False,point,就業趨勢與社福資源分析,False,3,社福,老年安養,網路服務,社會局,,社會局,不定期更新,CSV,中文,2012-01-09T00:00:00,/api/dataset/40c16fac-ff03-4da7-91a0-75272f732149/resource/f432adf0-0e92-473f-a81e-5d5e8ef75965/download,提供臺北市銀髮族服務相關機構連絡資訊,序號、機構類型、機構名稱、地址、行政區代碼、電話、立案日期,智慧通勤:0; 韌性防災:0; 永續環境:0; 食安健康:0; 勞動福祉:1; 文化共融:0
taipei,67b63404-89b8-4214-8096-3322204144e6,00000345,臺北市銀髮族服務長青學苑,勞動福祉,True,True,False,point,就業趨勢與社福資源分析,False,3,社福,公共資訊,網路服務,社會局,,社會局,每1年,CSV,中文,2012-01-09T00:00:00,/api/dataset/67b63404-89b8-4214-8096-3322204144e6/resource/4b03e7ea-8007-4b95-bc65-bc359abd29ea/download,提供銀髮族服務長青學苑資料,序號、機構名稱、地址、行政區代碼、電話,智慧通勤:0; 韌性防災:0; 永續環境:0; 食安健康:0; 勞動福祉:1; 文化共融:0
taipei,5ed70753-73a4-4fc1-b78c-df09f7499594,00004112,臺北市集會堂、活動中心資料,勞動福祉,True,True,False,point,就業趨勢與社福資源分析,False,3,民政,公共資訊,原始資料,民政局,,民政局,不定期更新,ODS,中文,2022-03-17T00:00:00,/api/dataset/5ed70753-73a4-4fc1-b78c-df09f7499594/resource/5ae02e14-50fc-4906-86a7-96e0231780e1/download,臺北市集會堂及活動中心資料,編號、區別、集會堂或活動中心名稱、地址、電話、座標X、座標Y,智慧通勤:0; 韌性防災:0; 永續環境:0; 食安健康:0; 勞動福祉:2; 文化共融:1
newtaipei,F29F882D-BB0E-4B4A-832F-1C54CD202C93,,中低收入戶人數及生活扶助,勞動福祉,False,True,True,table,就業趨勢與社福資源分析,False,2,統計,公共資訊,,,,新北市政府主計處/公務統計科,每年,JSON、CSV、XML,中文,,https://data.ntpc.gov.tw/datasets/f29f882d-bb0e-4b4a-832f-1c54cd202c93,"1.中低收入戶人數及生活扶助
2.單位：所、人、人次、新臺幣千元
3.各項欄位說明詳參新北市統計年報(網址：http://www.bas.ntpc.gov.tw/home.jsp?id=OTE=)或電洽主計處查詢。",,智慧通勤:0; 韌性防災:0; 永續環境:0; 食安健康:0; 勞動福祉:3; 文化共融:0
newtaipei,1F7D297F-1613-499C-A530-46EDC7A15383,,中低收入老人生活津貼與老農津貼,勞動福祉,False,True,True,table,就業趨勢與社福資源分析,False,2,統計,公共資訊,,,,新北市政府主計處/公務統計科,每年,JSON、CSV、XML,中文,,https://data.ntpc.gov.tw/datasets/1f7d297f-1613-499c-a530-46edc7a15383,"1.中低收入老人生活津貼與老農津貼
2.單位：人、新臺幣千元
3.各項欄位說明詳參新北市統計年報(網址：http://www.bas.ntpc.gov.tw/home.jsp?id=OTE=)或電洽主計處查詢。",,智慧通勤:0; 韌性防災:0; 永續環境:0; 食安健康:0; 勞動福祉:2; 文化共融:0
newtaipei,7C280938-CD2E-4932-BBC9-8E6768DAB5B7,,低收入戶人數及生活扶助,勞動福祉,False,True,True,table,就業趨勢與社福資源分析,False,2,統計,公共資訊,,,,新北市政府主計處/公務統計科,每年,JSON、CSV、XML,中文,,https://data.ntpc.gov.tw/datasets/7c280938-cd2e-4932-bbc9-8e6768dab5b7,"1.低收入戶人數及生活扶助
2.單位：戶、戶次、人、人次、新臺幣千元
3.各項欄位說明詳參新北市統計年報(網址：http://www.bas.ntpc.gov.tw/home.jsp?id=OTE=)或電洽主計處查詢。",,智慧通勤:0; 韌性防災:0; 永續環境:0; 食安健康:0; 勞動福祉:2; 文化共融:0
newtaipei,2725EFAB-F5CE-4BD1-999F-9EAC3768A415,,兒童及少年福利服務概況,勞動福祉,False,True,True,table,就業趨勢與社福資源分析,False,2,統計,公共資訊,,,,新北市政府主計處/公務統計科,每年,JSON、CSV、XML,中文,,https://data.ntpc.gov.tw/datasets/2725efab-f5ce-4bd1-999f-9eac3768a415,"1.兒童及少年福利服務概況
2.單位：所、人、人次、新臺幣千元
3.各項欄位說明詳參新北市統計年報(網址：http://www.bas.ntpc.gov.tw/home.jsp?id=OTE=)或電洽主計處查詢。",,智慧通勤:0; 韌性防災:0; 永續環境:0; 食安健康:0; 勞動福祉:1; 文化共融:0
newtaipei,A00F072D-F996-4792-83E6-646762F53262,,刑事案件犯罪人口率,勞動福祉,False,True,True,table,就業趨勢與社福資源分析,False,2,統計,公共資訊,,,,新北市政府主計處/公務統計科,每年,JSON、CSV、XML,中文,,https://data.ntpc.gov.tw/datasets/a00f072d-f996-4792-83e6-646762f53262,"1.新北市刑事案件犯罪人口率(含性別)
2.單位：人/十萬人
3.各項欄位說明詳參新北市性別圖像電子檔(網址：http://www.bas.ntpc.gov.tw/home.jsp?id=MTI5)或電洽主計處查詢。",,智慧通勤:0; 韌性防災:0; 永續環境:0; 食安健康:0; 勞動福祉:1; 文化共融:0
newtaipei,964C2BC8-CF24-4AD5-AEC1-32F6C9DA52E3,,十五歲以上現住人口之教育程度─按區別分,勞動福祉,False,True,True,table,就業趨勢與社福資源分析,False,2,統計,公共資訊,,,,新北市政府主計處/公務統計科,每年,JSON、CSV、XML,中文,,https://data.ntpc.gov.tw/datasets/964c2bc8-cf24-4ad5-aec1-32f6c9da52e3,"1.十五歲以上現住人口之教育程度─按區別分
2.單位：人
3.各項欄位說明詳參新北市統計年報(網址：http://www.bas.ntpc.gov.tw/home.jsp?id=OTE=)或電洽主計處查詢。",,智慧通勤:0; 韌性防災:0; 永續環境:0; 食安健康:0; 勞動福祉:1; 文化共融:0
newtaipei,7854F7B9-894C-4505-B62B-A2053575B80A,,十五歲以上現住人口之教育程度─按年齡別,勞動福祉,False,True,True,table,就業趨勢與社福資源分析,False,2,統計,公共資訊,,,,新北市政府主計處/公務統計科,每年,JSON、CSV、XML,中文,,https://data.ntpc.gov.tw/datasets/7854f7b9-894c-4505-b62b-a2053575b80a,"1.十五歲以上現住人口之教育程度─按年齡別
2.單位：人
3.各項欄位說明詳參新北市統計年報(網址：http://www.bas.ntpc.gov.tw/home.jsp?id=OTE=)或電洽主計處查詢。",,智慧通勤:0; 韌性防災:0; 永續環境:0; 食安健康:0; 勞動福祉:1; 文化共融:0
newtaipei,6B47F1A9-35C3-4085-8AF3-EE36D629ACBC,,十五歲以上現住原住民族人口之教育程度─按年齡別分,勞動福祉,False,True,True,table,就業趨勢與社福資源分析,False,2,統計,公共資訊,,,,新北市政府主計處/公務統計科,每年,JSON、CSV、XML,中文,,https://data.ntpc.gov.tw/datasets/6b47f1a9-35c3-4085-8af3-ee36d629acbc,"1.十五歲以上現住原住民族人口之教育程度─按年齡別分
2.單位：人
3.各項欄位說明詳參新北市統計年報(網址：http://www.bas.ntpc.gov.tw/home.jsp?id=OTE=)或電洽主計處查詢。",,智慧通勤:0; 韌性防災:0; 永續環境:0; 食安健康:0; 勞動福祉:1; 文化共融:0
newtaipei,17A2D397-DAA6-4E67-9DE5-D73E0A908EB0,,婦女福利服務,勞動福祉,False,True,False,table,就業趨勢與社福資源分析,True,2,統計,公共資訊,,,,新北市政府主計處/公務統計科,每年,JSON、CSV、XML,中文,,https://data.ntpc.gov.tw/datasets/17a2d397-daa6-4e67-9de5-d73e0a908eb0,"1.新北市婦女福利服務(含性別)
2.單位：家；人次；人；萬元
3.各項欄位說明詳參新北市性別圖像電子檔(網址：http://www.bas.ntpc.gov.tw/home.jsp?id=MTI5)或電洽主計處查詢。",,智慧通勤:0; 韌性防災:0; 永續環境:0; 食安健康:0; 勞動福祉:1; 文化共融:0
newtaipei,A9AA558A-E5C8-4D84-B8C0-73E0920716B1,,婦女福利服務概況(102年以前),勞動福祉,False,True,True,table,就業趨勢與社福資源分析,False,2,統計,公共資訊,,,,新北市政府主計處/公務統計科,不更新,JSON、CSV、XML,中文,,https://data.ntpc.gov.tw/datasets/a9aa558a-e5c8-4d84-b8c0-73e0920716b1,"1.婦女福利服務概況(102年以前)
2.單位：所、人次、次
3.各項欄位說明詳參新北市統計年報(網址：http://www.bas.ntpc.gov.tw/home.jsp?id=OTE=)或電洽主計處查詢。",,智慧通勤:0; 韌性防災:0; 永續環境:0; 食安健康:0; 勞動福祉:1; 文化共融:0
newtaipei,8FBF91D6-A614-4850-91AD-7CAA734A8D28,,婦女福利服務概況(103年以後),勞動福祉,False,True,True,table,就業趨勢與社福資源分析,False,2,統計,公共資訊,,,,新北市政府主計處/公務統計科,每年,JSON、CSV、XML,中文,,https://data.ntpc.gov.tw/datasets/8fbf91d6-a614-4850-91ad-7caa734a8d28,"1.婦女福利服務概況(103年以後)
2.單位：所、人次、次
3.各項欄位說明詳參新北市統計年報(網址：http://www.bas.ntpc.gov.tw/home.jsp?id=OTE=)或電洽主計處查詢。",,智慧通勤:0; 韌性防災:0; 永續環境:0; 食安健康:0; 勞動福祉:1; 文化共融:0
newtaipei,3121C2FA-FEAC-487B-8495-731830A43B0F,,戶所等待人數,勞動福祉,False,True,True,table,就業趨勢與社福資源分析,False,2,民政,公共資訊,,,,新北市政府民政局/戶政科,不更新,JSON、CSV、XML,中文,,https://data.ntpc.gov.tw/datasets/3121c2fa-feac-487b-8495-731830a43b0f,新北市各戶所等待人數即時資訊,,智慧通勤:0; 韌性防災:0; 永續環境:0; 食安健康:0; 勞動福祉:2; 文化共融:0
newtaipei,22ECD1E6-842B-419B-B78A-C60482AF298A,,新北市原住民族別人數排行榜統計表,勞動福祉,False,True,True,table,就業趨勢與社福資源分析,False,2,族群,公共資訊,,,,新北市政府原住民族行政局/秘書室,每年,JSON、CSV、XML,中文,,https://data.ntpc.gov.tw/datasets/22ecd1e6-842b-419b-b78a-c60482af298a,新北市原住民族別人數排行榜統計表，其資料包含男女人口排行等資料。,,智慧通勤:0; 韌性防災:0; 永續環境:0; 食安健康:0; 勞動福祉:1; 文化共融:0
newtaipei,E5BEF801-73F7-4074-82DF-2DF430A08AF6,,新北市各區區公所原住民服務窗口,勞動福祉,False,True,False,table,就業趨勢與社福資源分析,True,2,民政,公共資訊,,,,新北市政府原住民族行政局/秘書室,每年,JSON、CSV、XML,中文,,https://data.ntpc.gov.tw/datasets/e5bef801-73f7-4074-82df-2df430a08af6,新北市各區區公所原住民服務窗口。,,智慧通勤:0; 韌性防災:0; 永續環境:0; 食安健康:0; 勞動福祉:2; 文化共融:0
newtaipei,0DE9326D-22ED-4AC7-8491-65BEC2758AF9,,新北市各區原住民人數統計表,勞動福祉,False,True,True,table,就業趨勢與社福資源分析,False,2,族群,公共資訊,,,,新北市政府原住民族行政局/秘書室,每年,JSON、CSV、XML,中文,,https://data.ntpc.gov.tw/datasets/0de9326d-22ed-4ac7-8491-65bec2758af9,"新北市各區原住民人數統計，其資料包含各區原住名男女人口等資訊。
",,智慧通勤:0; 韌性防災:0; 永續環境:0; 食安健康:0; 勞動福祉:1; 文化共融:0
newtaipei,FA61DB8D-79D1-447F-9F7A-FE4A8D4AF96D,,新北市各類戶籍登記人數統計表,勞動福祉,False,True,True,table,就業趨勢與社福資源分析,False,2,民政,公共資訊,,,,新北市政府民政局/戶政科,每月,JSON、CSV、XML,中文,,https://data.ntpc.gov.tw/datasets/fa61db8d-79d1-447f-9f7a-fe4a8d4af96d,新北市各類戶籍登記人數統計表，為新北市各區遷入、遷出、出生、死亡、結婚及離婚統計資料,,智慧通勤:0; 韌性防災:0; 永續環境:0; 食安健康:0; 勞動福祉:2; 文化共融:0
newtaipei,BA26940B-4A16-4B92-B971-F38565231BE7,,新北市家防中心案件諮詢協談統計,勞動福祉,False,True,True,table,就業趨勢與社福資源分析,False,2,社福,生活安全及品質,,,,新北市政府社會局/新北市政府家庭暴力暨性侵害防治中心/綜合規劃組,每月,JSON、CSV、XML,中文,,https://data.ntpc.gov.tw/datasets/ba26940b-4a16-4b92-b971-f38565231be7,此為115年每月家暴及性侵案件諮詢協談統計。,,智慧通勤:0; 韌性防災:0; 永續環境:0; 食安健康:0; 勞動福祉:1; 文化共融:0
newtaipei,FBCC2A46-C8DE-489C-92D2-C614A793E76F,,新北市政府實物銀行聯絡資訊,勞動福祉,False,True,False,table,就業趨勢與社福資源分析,True,2,社福,公共資訊,,,,新北市政府社會局/社會工作科,每年,JSON、CSV、XML、KML,中文,,https://data.ntpc.gov.tw/datasets/fbcc2a46-c8de-489c-92d2-c614a793e76f,市府為強化對弱勢家庭的服務網絡，運用社會工作資源連結方式，凝聚社會善心資源及社區力量，使弱勢家庭得以就近獲得資源以穩定生活，滿足弱勢家庭基本生活所需，故自100 月1 月結合公私夥伴資源力量開始推動實物銀行方案，期透過各界愛心捐助從點到線成面，建構出社會關懷支持網絡。,,智慧通勤:0; 韌性防災:0; 永續環境:0; 食安健康:0; 勞動福祉:3; 文化共融:0
newtaipei,4F3797A2-99EB-4BC0-BA9D-6500E3589985,,新北市政府警察局104違反社會秩序維護法件數人數,勞動福祉,False,True,True,table,就業趨勢與社福資源分析,False,2,治安,公共資訊,,,,新北市政府警察局/新北市政府警察局刑事警察大隊/科技犯罪偵查專責組,不更新,JSON、CSV、XML,中文,,https://data.ntpc.gov.tw/datasets/4f3797a2-99eb-4bc0-ba9d-6500e3589985,新北市政府警察局104違反社會秩序維護法件數人數。,,智慧通勤:0; 韌性防災:0; 永續環境:0; 食安健康:0; 勞動福祉:1; 文化共融:0
newtaipei,874C373E-BBC5-4C24-93FB-EAB72E9DFF43,,新北市政府警察局違反社會秩序維護法件數人數,勞動福祉,False,True,True,table,就業趨勢與社福資源分析,False,2,治安,公共資訊,,,,新北市政府警察局/新北市政府警察局刑事警察大隊/科技犯罪偵查專責組,不更新,JSON、CSV、XML,中文,,https://data.ntpc.gov.tw/datasets/874c373e-bbc5-4c24-93fb-eab72e9dff43,新北市政府警察局違反社會秩序維護法件數人數。,,智慧通勤:0; 韌性防災:0; 永續環境:0; 食安健康:0; 勞動福祉:1; 文化共融:0
newtaipei,E663DA41-D985-4611-BEEC-8D27A923A0B2,,新北市歷年家暴案量統計,勞動福祉,False,True,True,table,就業趨勢與社福資源分析,False,2,社福,生活安全及品質,,,,新北市政府社會局/新北市政府家庭暴力暨性侵害防治中心/綜合規劃組,每年,JSON、CSV、XML,中文,,https://data.ntpc.gov.tw/datasets/e663da41-d985-4611-beec-8d27a923a0b2,此為104~114年歷年家暴案量統計，說明資料為104~114年的統計圖表。,,智慧通勤:0; 韌性防災:0; 永續環境:0; 食安健康:0; 勞動福祉:1; 文化共融:0
newtaipei,80743C0E-B7E7-4D4A-825B-DF354A542F65,,歷年重大職災統計,勞動福祉,False,True,True,table,就業趨勢與社福資源分析,False,2,勞動,求職及就業,,,,新北市政府勞工局/秘書室,不更新,JSON、CSV、XML,中文,,https://data.ntpc.gov.tw/datasets/80743c0e-b7e7-4d4a-825b-df354a542f65,提供歷年重大職災統計相關資料,,智慧通勤:0; 韌性防災:0; 永續環境:0; 食安健康:0; 勞動福祉:1; 文化共融:0
newtaipei,88978EA6-24F2-4774-8D04-622787616A3D,,現住人口之婚姻狀況─按區別分,勞動福祉,False,True,True,table,就業趨勢與社福資源分析,False,2,統計,公共資訊,,,,新北市政府主計處/公務統計科,每年,JSON、CSV、XML,中文,,https://data.ntpc.gov.tw/datasets/88978ea6-24f2-4774-8d04-622787616a3d,"1.現住人口之婚姻狀況─按區別分
2.單位：人
3.各項欄位說明詳參新北市統計年報(網址：http://www.bas.ntpc.gov.tw/home.jsp?id=OTE=)或電洽主計處查詢。",,智慧通勤:0; 韌性防災:0; 永續環境:0; 食安健康:0; 勞動福祉:1; 文化共融:0
newtaipei,2C5E1515-2B2F-4334-A53E-27FA4ADCDBEC,,現住人口之婚姻狀況─按年齡別分,勞動福祉,False,True,True,table,就業趨勢與社福資源分析,False,2,統計,公共資訊,,,,新北市政府主計處/公務統計科,每年,JSON、CSV、XML,中文,,https://data.ntpc.gov.tw/datasets/2c5e1515-2b2f-4334-a53e-27fa4adcdbec,"1.現住人口之婚姻狀況─按年齡別分
2.單位：人
3.各項欄位說明詳參新北市統計年報(網址：http://www.bas.ntpc.gov.tw/home.jsp?id=OTE=)或電洽主計處查詢。",,智慧通勤:0; 韌性防災:0; 永續環境:0; 食安健康:0; 勞動福祉:1; 文化共融:0
newtaipei,8308AB58-62D1-424E-8314-24B65B7AB492,,現住人口之年齡分配,勞動福祉,False,True,True,table,就業趨勢與社福資源分析,False,2,統計,公共資訊,,,,新北市政府主計處/公務統計科,每年,JSON、CSV、XML,中文,,https://data.ntpc.gov.tw/datasets/8308ab58-62d1-424e-8314-24b65b7ab492,"1.現住人口之年齡分配
2.單位：人
3.各項欄位說明詳參新北市統計年報(網址：http://www.bas.ntpc.gov.tw/home.jsp?id=OTE=)或電洽主計處查詢。",,智慧通勤:0; 韌性防災:0; 永續環境:0; 食安健康:0; 勞動福祉:1; 文化共融:0
newtaipei,AC89B3AD-6C64-47F4-B5D6-9AF374E7C4EE,,現住原住民族種族別人口數,勞動福祉,False,True,True,table,就業趨勢與社福資源分析,False,2,統計,公共資訊,,,,新北市政府主計處/公務統計科,每年,JSON、CSV、XML,中文,,https://data.ntpc.gov.tw/datasets/ac89b3ad-6c64-47f4-b5d6-9af374e7c4ee,"1.現住原住民族種族別人口數
2.單位：人
3.各項欄位說明詳參新北市統計年報(網址：http://www.bas.ntpc.gov.tw/home.jsp?id=OTE=)或電洽主計處查詢。",,智慧通勤:0; 韌性防災:0; 永續環境:0; 食安健康:0; 勞動福祉:1; 文化共融:0
newtaipei,9F641102-F5BF-42C5-984C-C0F3E66BE9F3,,老人福利服務,勞動福祉,False,True,True,table,就業趨勢與社福資源分析,False,2,統計,公共資訊,,,,新北市政府主計處/公務統計科,每年,JSON、CSV、XML,中文,,https://data.ntpc.gov.tw/datasets/9f641102-f5bf-42c5-984c-c0f3e66be9f3,"1.新北市老人福利服務(含性別)
2.單位：人次；人；人數
3.各項欄位說明詳參新北市性別圖像電子檔(網址：http://www.bas.ntpc.gov.tw/home.jsp?id=MTI5)或電洽主計處查詢。",,智慧通勤:0; 韌性防災:0; 永續環境:0; 食安健康:0; 勞動福祉:1; 文化共融:0
newtaipei,28FFF677-08DF-4951-B5B8-4620727D7EA8,,老人福利服務概況,勞動福祉,False,True,True,table,就業趨勢與社福資源分析,False,2,統計,公共資訊,,,,新北市政府主計處/公務統計科,每年,JSON、CSV、XML,中文,,https://data.ntpc.gov.tw/datasets/28fff677-08df-4951-b5b8-4620727d7ea8,"1.老人福利服務概況
2.單位：所、人、人次
3.各項欄位說明詳參新北市統計年報(網址：http://www.bas.ntpc.gov.tw/home.jsp?id=OTE=)或電洽主計處查詢。",,智慧通勤:0; 韌性防災:0; 永續環境:0; 食安健康:0; 勞動福祉:1; 文化共融:0
newtaipei,3475B3FE-5FD5-471F-A058-3436C3574E4C,,身心障礙福利服務概況,勞動福祉,False,True,True,table,就業趨勢與社福資源分析,False,2,統計,公共資訊,,,,新北市政府主計處/公務統計科,每年,JSON、CSV、XML,中文,,https://data.ntpc.gov.tw/datasets/3475b3fe-5fd5-471f-a058-3436c3574e4c,"1.身心障礙福利服務概況
2.單位：所、人、人次、新臺幣千元
3.各項欄位說明詳參新北市統計年報(網址：http://www.bas.ntpc.gov.tw/home.jsp?id=OTE=)或電洽主計處查詢。",,智慧通勤:0; 韌性防災:0; 永續環境:0; 食安健康:0; 勞動福祉:1; 文化共融:0
newtaipei,3603B9DF-516E-4356-88A5-3D628E6B51E3,,辦理社會救助醫療補助概況,勞動福祉,False,True,True,table,就業趨勢與社福資源分析,False,2,統計,公共資訊,,,,新北市政府主計處/公務統計科,每年,JSON、CSV、XML,中文,,https://data.ntpc.gov.tw/datasets/3603b9df-516e-4356-88a5-3d628e6b51e3,"1.辦理社會救助醫療補助概況
2.單位：人次、日、新臺幣元
3.各項欄位說明詳參新北市統計年報(網址：http://www.bas.ntpc.gov.tw/home.jsp?id=OTE=)或電洽主計處查詢。",,智慧通勤:0; 韌性防災:0; 永續環境:0; 食安健康:1; 勞動福祉:2; 文化共融:0
taipei,df84a268-5a2c-4118-89a6-9cb1ff6469de,00002624,人口及住宅普查臺北市概況,勞動福祉,False,True,True,table,就業趨勢與社福資源分析,False,2,統計,公共資訊,原始資料,主計處,,主計處,每10年,CSV,中文,2022-02-21T00:00:00,https://tsis.dbas.gov.taipei/statis/webMain.aspx?sys=220&ymf=6900&kind=21&type=0&funid=a05003701&cycle=4&outmode=12&compmode=0&outkind=1&deflst=2&nzo=1,人口及住宅普查臺北市概況時間數列統計資料,統計期、戶數/總計[戶]、戶數/普通住戶[戶]、戶數非普通住戶[戶]、常住人口[人]、常住人口/按性別/男[人]、常住人口/按性別/女[人]、常住人口/按戶別/普通住戶[人]、常住人口/按戶別/非普通住戶[人]、戶量/總計[人/戶]、戶量/普通住戶[人/戶]、戶量/非普通住戶[人/戶]、活動人口[人]、普通住戶主要家計負責人/總計[人]、普通住戶主要家計負責人/有工作者/合計[人]、普通住戶主要家計負責人/有工作者/農業[人]、普通住戶主要家計負責人/有工作者/工業[人]、普通住戶主要家計負責人/有工作者/服務業[人]、普通住戶主要家計負責人/有工作者/其他不能歸類之行業[人]、普通住戶主要家計負責人/無工作者[人]、住宅單位數/總計[宅]、住宅單位數/普通住戶/合計[宅]、住宅單位數/普通住戶/住宅/小計[宅]、住宅單位數/普通住戶/住宅/有人經常居住[宅]、住宅單位數/普通住戶/住宅/無人經常居住，但供其他用途[宅]、住宅單位數/普通住戶/住宅/空閒[宅]、住宅單位數/普通住戶/有人經常居住之其他房屋[宅]、住宅單位數/普通住戶/有人經常居住之其他處所[宅]、住宅單位數/非普通住戶[宅]、空閒住宅率[%]、住宅之平均每宅樓地板面積[平方公尺]、空閒住宅之平均每宅樓地板面積[平方公尺]、有人經常居住住宅之居住人口數[人]、有人經常居住住宅之平均每宅居住人口數[人]、有人經常居住住宅之平均每宅房廳數[間]、有人經常居住住宅之平均每人使用房廳數[間]、有人經常居住住宅之平均每人使用衛浴套數[套]、有人經常居住住宅之用途/總計[宅]、有人經常居住住宅之用途/住宅專用[宅]、有人經常居住住宅之用途/住宅兼工業用[宅]、有人經常居住住宅之用途/住宅兼商業用[宅]、有人經常居住住宅之用途/住宅兼其他用[宅],智慧通勤:0; 韌性防災:0; 永續環境:0; 食安健康:0; 勞動福祉:1; 文化共融:1
taipei,9d7f800d-33b9-44cb-8c5b-187cb00c017e,00000649,社會福利統計_臺北市低收入戶及中低收入戶申請,勞動福祉,False,True,True,table,就業趨勢與社福資源分析,False,2,社福,公共資訊,網路服務,社會局,,社會局,每1年,CSV,中文,2020-07-01T00:00:00,/api/dataset/9d7f800d-33b9-44cb-8c5b-187cb00c017e/resource/e273f45d-5b8c-4ffd-b4f0-ddacd1dbde66/download,社會福利統計_低收入戶及中低收入戶申請資料呈現於【社會局局網>統計資料 > 預告統計資料發布時間表】,民國年、季、申請數量、核定低收入戶通過數量、核定中低收入戶通過數量,智慧通勤:0; 韌性防災:0; 永續環境:0; 食安健康:0; 勞動福祉:5; 文化共融:0
taipei,a3f23233-88a9-4e15-b45f-49d41e71d496,00000703,社會福利統計_臺北市低收入戶暨中低收入戶自立脫貧服務,勞動福祉,False,True,True,table,就業趨勢與社福資源分析,False,2,社福,求職及就業,網路服務,社會局,,社會局,每3月,CSV,中文,2015-01-06T00:00:00,/api/dataset/a3f23233-88a9-4e15-b45f-49d41e71d496/resource/1f945d54-4180-4cef-9f9b-b5c313b522e1/download,社會福利統計_低收入戶暨中低收入戶自立脫貧服務資料呈現於【社會局局網> 統計資料 > 預告統計資料發布時間表】,年/季、低收入戶參加自立脫貧方案總人數、低收入戶參加自立脫貧方案男生人數、低收入戶參加自立脫貧方案女生人數、中低收入戶參加自立脫貧方案總人數、中低收入戶參加自立脫貧方案男生人數、中低收入戶參加自立脫貧方案女生人數,智慧通勤:0; 韌性防災:0; 永續環境:0; 食安健康:0; 勞動福祉:6; 文化共融:0
taipei,2b68aeee-346a-4fdd-855b-e4211ff3bfc3,00000498,社會福利統計_臺北市公益彩券盈餘分配基金預算,勞動福祉,False,True,True,table,就業趨勢與社福資源分析,False,2,社福,公共資訊,網路服務,社會局,,社會局,每1年,CSV,中文,2015-07-01T00:00:00,/api/dataset/2b68aeee-346a-4fdd-855b-e4211ff3bfc3/resource/84e14df7-9424-4fc5-9179-130f1b5c7552/download,社會福利統計_本市公益彩券盈餘分配基金預算資料呈現於【社會局局網> 公益彩券 > 預算資料】,機關名稱、機關代碼、年度、計畫項目、預算金額,智慧通勤:0; 韌性防災:0; 永續環境:0; 食安健康:0; 勞動福祉:3; 文化共融:0
taipei,e23e3d5b-db47-47b9-89b7-cc41657db216,00000497,社會福利統計_臺北市公益彩券經銷商人數統計,勞動福祉,False,True,True,table,就業趨勢與社福資源分析,False,2,社福,公共資訊,網路服務,社會局,,社會局,每1月,CSV,中文,2021-03-05T00:00:00,/api/dataset/e23e3d5b-db47-47b9-89b7-cc41657db216/resource/c3d1d523-fb0f-4137-a960-c3c79d95d356/download,社會福利統計_公益彩券經銷商人數資料呈現於【社會局局網>公開資訊 > 公益彩券 > 彩券經銷商】,統計年月、身心障礙者人數、身心障礙者百分比、低收入單親家庭人數、低收入單親家庭百分比、原住民人數、原住民百分比、總人數,智慧通勤:0; 韌性防災:0; 永續環境:0; 食安健康:0; 勞動福祉:4; 文化共融:0
taipei,55114676-98a7-4f7b-a5b6-372057754914,00000683,社會福利統計_臺北市受理人民團體籌組申請,勞動福祉,False,True,True,table,就業趨勢與社福資源分析,False,2,社福,公共資訊,網路服務,社會局,,社會局,每1年,CSV,中文,2016-12-30T00:00:00,/api/dataset/55114676-98a7-4f7b-a5b6-372057754914/resource/3293405d-d0f4-4622-aa75-348f62900854/download,"社會福利統計_受理人民團體籌組申請資料呈現於【社會局網> 人民團體服務 > 統計資料】
",序號、機關名稱、機關代碼、團體類別、團體數量,智慧通勤:0; 韌性防災:0; 永續環境:0; 食安健康:0; 勞動福祉:3; 文化共融:0
taipei,c256050f-1b95-4cd0-8ff0-615c5a40b333,00000528,社會福利統計_臺北市受理公益勸募活動申請,勞動福祉,False,True,True,table,就業趨勢與社福資源分析,False,2,社福,公共資訊,網路服務,社會局,,社會局,不定期更新,CSV,中文,2019-05-17T00:00:00,/api/dataset/c256050f-1b95-4cd0-8ff0-615c5a40b333/resource/b1670efd-ba50-4951-ae1b-cf1b2ffad9bd/download,社會福利統計_受理公益勸募活動申請資料呈現於【社會局局網> 公益勸募 > 歷年度許可案件】,辦理單位、活動名稱、活動期間、實籌金額、財務查核年,智慧通勤:0; 韌性防災:0; 永續環境:0; 食安健康:0; 勞動福祉:3; 文化共融:1
taipei,3704be28-17a1-4487-bd64-f5b7c042c0b0,00000675,社會福利統計_臺北市婦女中心統計資料,勞動福祉,False,True,True,table,就業趨勢與社福資源分析,False,2,社福,公共資訊,網路服務,社會局,,社會局,每6月,CSV,中文,2020-07-24T00:00:00,/api/dataset/3704be28-17a1-4487-bd64-f5b7c042c0b0/resource/38079d79-ef00-423a-a22f-3c446758f777/download,社會福利統計_婦女中心統計資料【社會局局網> 統計資料 > 預告統計資料發布時間表】,民國年、統計區間、機構數量、公立機構數量、公設民營機構數量,智慧通勤:0; 韌性防災:0; 永續環境:0; 食安健康:0; 勞動福祉:3; 文化共融:0
taipei,bd7914c1-a33c-4d40-815f-25fd72a114d6,00000659,社會福利統計_臺北市居家服務,勞動福祉,False,True,True,table,就業趨勢與社福資源分析,False,2,社福,公共資訊,網路服務,社會局,,社會局,每1年,CSV,中文,2020-07-28T00:00:00,/api/dataset/bd7914c1-a33c-4d40-815f-25fd72a114d6/resource/ed437ab9-9536-4b64-9e1e-82808225cafa/download,社會福利統計_居家服務資料呈現於【社會局局網> 統計資料 > 預告統計資料發布時間表】,機關代碼、民國年、統計區間、期底服務個案人數、本期補助服務人數,智慧通勤:0; 韌性防災:0; 永續環境:0; 食安健康:0; 勞動福祉:4; 文化共融:0
taipei,c5e6bff4-5907-4e60-91ed-ea88bc8dc063,00000660,社會福利統計_臺北市市民醫療補助,勞動福祉,False,True,True,table,就業趨勢與社福資源分析,False,2,社福,公共資訊,網路服務,社會局,,社會局,每3月,CSV,中文,2019-12-20T00:00:00,/api/dataset/c5e6bff4-5907-4e60-91ed-ea88bc8dc063/resource/b6705364-34f5-47cc-975c-4d5a610ef173/download,社會福利統計_臺北市市民醫療補助資料呈現於【社會局局網> 統計資料 > 預告統計資料發布時間表】,民國年、月、總人數、總人次、總醫療費用,智慧通勤:0; 韌性防災:0; 永續環境:0; 食安健康:1; 勞動福祉:4; 文化共融:0
taipei,cd713bd8-bb59-4ffd-bd94-7cd90c9063b6,00000672,社會福利統計_臺北市庇護家園,勞動福祉,False,True,True,table,就業趨勢與社福資源分析,False,2,社福,公共資訊,網路服務,社會局,,社會局,每1年,CSV,中文,2015-04-08T00:00:00,/api/dataset/cd713bd8-bb59-4ffd-bd94-7cd90c9063b6/resource/48a42415-087e-48b6-9aeb-a265020bd9ed/download,社會福利統計_庇護家園資料呈現於【社會局局網> 婦女服務 > 統計資料】,機關名稱、機關代碼、年度、庇護人數、核銷金額,智慧通勤:0; 韌性防災:0; 永續環境:0; 食安健康:0; 勞動福祉:3; 文化共融:0
taipei,3fd97cfd-7410-4d32-a870-38ec50e0a2f0,00000487,社會福利統計_臺北市弱勢兒童及少年醫療補助,勞動福祉,False,True,True,table,就業趨勢與社福資源分析,False,2,社福,公共資訊,網路服務,社會局,,社會局,不定期更新,CSV,中文,2015-01-12T00:00:00,/api/dataset/3fd97cfd-7410-4d32-a870-38ec50e0a2f0/resource/85094d5b-2d37-4084-a73b-6766e7a3f8b0/download,社會福利統計_臺北市弱勢兒童及少年醫療補助資料呈現於【社會局局網> 兒童與少年服務 > 統計資料】,年度、補助項目、男生補助人次、女生補助人次、總補助人次、補助金額,智慧通勤:0; 韌性防災:0; 永續環境:0; 食安健康:1; 勞動福祉:5; 文化共融:0
taipei,82634a47-7a60-4941-ac26-7268888caa3c,00000712,社會福利統計_臺北市弱勢少年自立生活經濟扶助,勞動福祉,False,True,True,table,就業趨勢與社福資源分析,False,2,社福,公共資訊,網路服務,社會局,,社會局,不定期更新,CSV,中文,2016-01-20T00:00:00,/api/dataset/82634a47-7a60-4941-ac26-7268888caa3c/resource/da714334-0e2f-41df-866d-1d837f8a9100/download,社會福利統計_弱勢少年自立生活經濟扶助資料呈現於【社會局局網>兒童與少年服務>少年自立服務】,機關代碼、資料名稱、資料連結路徑、點閱數量、公告日期,智慧通勤:0; 韌性防災:0; 永續環境:0; 食安健康:0; 勞動福祉:5; 文化共融:0
taipei,dd492121-a209-445e-ba21-3e180a53d75e,00000695,社會福利統計_臺北市強化社會安全網－急難紓困方案(原馬上關懷)救助,勞動福祉,False,True,True,table,就業趨勢與社福資源分析,False,2,社福,公共資訊,網路服務,社會局,,社會局,每3月,CSV,中文,2016-02-08T00:00:00,/api/dataset/dd492121-a209-445e-ba21-3e180a53d75e/resource/3da3319f-5f06-4113-8aa5-dfe2a0e624a3/download,社會福利統計_強化社會安全網－急難紓困方案(原馬上關懷)救助資料呈現於【社會局局網> 社會救助 > 統計資料】,民國年、月、申請人數、核定人數、核定金額,智慧通勤:0; 韌性防災:0; 永續環境:0; 食安健康:0; 勞動福祉:3; 文化共融:0
taipei,926f8d82-98a4-45a6-9f49-149aa64ad3a9,00000693,社會福利統計_臺北市急難救助,勞動福祉,False,True,True,table,就業趨勢與社福資源分析,False,2,社福,生活安全及品質,網路服務,社會局,,社會局,每3月,CSV,中文,2019-12-20T00:00:00,/api/dataset/926f8d82-98a4-45a6-9f49-149aa64ad3a9/resource/97f648fc-d0ad-486d-a824-98549bbc6463/download,社會福利統計_急難救助資料呈現於【社會局局網> 統計資料 > 預告統計資料發布時間表】,年/季、總救助人次、男生救助人次、女生救助人次、救助金額,智慧通勤:0; 韌性防災:0; 永續環境:0; 食安健康:0; 勞動福祉:3; 文化共融:0
taipei,a44320d7-4d92-4a10-bd84-90664443d6c8,00000865,社會福利統計_臺北市政府公益彩券盈餘分配辦理社會福利事業情形,勞動福祉,False,True,True,table,就業趨勢與社福資源分析,False,2,社福,公共資訊,原始資料,社會局,,社會局,每1年,CSV,中文,2020-01-31T00:00:00,/api/dataset/a44320d7-4d92-4a10-bd84-90664443d6c8/resource/31d8cd43-edee-46f8-89e0-ced7ed32ce81/download,提供社會福利統計_臺北市政府公益彩券盈餘分配辦理社會福利事業情形資訊,機關名稱、年度、預算金額、執行金額、執行百分比,智慧通勤:0; 韌性防災:0; 永續環境:0; 食安健康:0; 勞動福祉:3; 文化共融:0
taipei,19adc309-3655-4d87-af96-b18093a27891,00000676,社會福利統計_臺北市政府社會局施政計畫,勞動福祉,False,True,True,table,就業趨勢與社福資源分析,False,2,社福,公共資訊,網路服務,社會局,,社會局,每1年,CSV,中文,2015-01-12T00:00:00,/api/dataset/19adc309-3655-4d87-af96-b18093a27891/resource/7b3459e8-41ef-4e16-95fa-75349b19ae9d/download,社會福利統計_施政計畫資料呈現於【社會局局網> 定期報告 > 施政計畫】,機關代碼、資料名稱、資料連結路徑、點閱數量、公告日期,智慧通勤:0; 韌性防災:0; 永續環境:0; 食安健康:0; 勞動福祉:3; 文化共融:0
taipei,04923905-24a5-430a-b463-db46b830441d,00001543,社會福利統計_臺北市政府社會局相關業務年度統計,勞動福祉,False,True,True,table,就業趨勢與社福資源分析,False,2,社福,公共資訊,網路服務,社會局,,社會局,每1年,CSV,中文,2015-04-13T00:00:00,/api/dataset/04923905-24a5-430a-b463-db46b830441d/resource/f5d8384c-7c28-44de-a9f4-6019eecbad47/download,社會福利統計_相關業務年度統計資料呈現於【社會局局網> 統計資料 > 相關業務年度統計】,序號、資料名稱、資料連結路徑、點閱數量、公告日期,智慧通勤:0; 韌性防災:0; 永續環境:0; 食安健康:0; 勞動福祉:3; 文化共融:0
taipei,957b75bf-a636-4e7d-9494-2640c8df98b6,00000677,社會福利統計_臺北市政府社會局議會工作報告,勞動福祉,False,True,True,table,就業趨勢與社福資源分析,False,2,社福,公共資訊,網路服務,社會局,,社會局,不定期更新,CSV,中文,2015-04-13T00:00:00,/api/dataset/957b75bf-a636-4e7d-9494-2640c8df98b6/resource/e6c7f9b8-5a25-40cf-944f-31b5b1635fcd/download,社會福利統計_議會工作報告資料呈現於【社會局局網> 定期報告 > 議會工作報告】,機關代碼、資料名稱、資料連結路徑、點閱數量、公告日期,智慧通勤:0; 韌性防災:0; 永續環境:0; 食安健康:0; 勞動福祉:3; 文化共融:0
taipei,a80c1202-36dd-4ad5-b050-8de837556a69,00000686,社會福利統計_臺北市災害救助,勞動福祉,False,True,True,table,就業趨勢與社福資源分析,False,2,社福,生活安全及品質,網路服務,社會局,,社會局,不定期更新,CSV,中文,2019-12-20T00:00:00,/api/dataset/a80c1202-36dd-4ad5-b050-8de837556a69/resource/67cdaa7e-fb7c-45f7-b18a-8d489f90078a/download,"社會福利統計_災害救助資料呈現於【社會局局網> 統計資料 > 預告統計資料發布時間表】
",年/季、臨時收容災民人數、受災死亡人數、受災失蹤人數、受災重傷人數、受災其他人數、住宅毀損安遷救助戶數、住宅毀損安遷救助人數、救助金額,智慧通勤:0; 韌性防災:1; 永續環境:0; 食安健康:0; 勞動福祉:3; 文化共融:0
taipei,1c9ea2fb-c6f3-4820-a097-85cef457f08d,00000653,社會福利統計_臺北市社區互助方案申請,勞動福祉,False,True,True,table,就業趨勢與社福資源分析,False,2,社福,公共資訊,網路服務,社會局,,社會局,每1年,CSV,中文,2014-01-15T00:00:00,/api/dataset/1c9ea2fb-c6f3-4820-a097-85cef457f08d/resource/c67c918b-204c-4f30-b71c-0797dc6279b6/download,社會福利統計_社區互助方案申請資料呈現於【社會局局網 > 社區發展服務 > 統計資料】,機關名稱、年度、社區發展協會總數量、社區照顧關懷據點數量、社區圖書室數量,智慧通勤:0; 韌性防災:0; 永續環境:0; 食安健康:0; 勞動福祉:4; 文化共融:0
taipei,557544af-aef5-4927-b421-29d9fb4b4317,00000704,社會福利統計_臺北市社會工作師管理,勞動福祉,False,True,True,table,就業趨勢與社福資源分析,False,2,社福,公共資訊,網路服務,社會局,,社會局,每1年,CSV,中文,2020-07-27T00:00:00,/api/dataset/557544af-aef5-4927-b421-29d9fb4b4317/resource/eac8af1f-b3e8-4d84-ac9b-f04817e82c14/download,"社會福利統計_社會工作師管理資料呈現於【社會局局網> 統計資料 > 預告統計資料發布時間表】
",機關名稱、機關代碼、民國年、統計區間、事務所開業數量,智慧通勤:0; 韌性防災:0; 永續環境:0; 食安健康:0; 勞動福祉:3; 文化共融:0
taipei,ea2f255e-bd04-43ba-8eec-d71810ebc391,00000679,社會福利統計_臺北市脆弱家庭服務,勞動福祉,False,True,True,table,就業趨勢與社福資源分析,False,2,社福,公共資訊,網路服務,社會局,,社會局,每3月,CSV,中文,2020-07-27T00:00:00,/api/dataset/ea2f255e-bd04-43ba-8eec-d71810ebc391/resource/767b7bdb-03d5-4e7c-8ef5-9782128adf28/download,社會福利統計_脆弱家庭服務資料呈現於【社會局局網> 統計資料 > 預告統計資料發布時間表】,機關名稱、機關代碼、民國年、統計區間、總通報案件數,智慧通勤:0; 韌性防災:0; 永續環境:0; 食安健康:0; 勞動福祉:3; 文化共融:0
taipei,75ef3f0b-5a83-4e35-a1e8-67c22182f54d,00000488,社會福利統計_臺北市補助團體一覽表,勞動福祉,False,True,True,table,就業趨勢與社福資源分析,False,2,社福,公共資訊,網路服務,社會局,,社會局,不定期更新,CSV,中文,2021-01-29T00:00:00,/api/dataset/75ef3f0b-5a83-4e35-a1e8-67c22182f54d/resource/bad61494-bc60-46f3-afb0-5b45fed8ce8b/download,社會福利統計_公益彩券盈餘分配基金歷年補助民間團體一覽表 資料呈現於【社會局局網> 公開資訊 > 公益彩券 > 補助團體一覽表】,機關名稱、機關代碼、福利服務項目、福利服務金額、核准補助金額（累計）,智慧通勤:0; 韌性防災:0; 永續環境:0; 食安健康:0; 勞動福祉:4; 文化共融:0
taipei,a4b184b6-8e35-4db8-8933-dec256599559,00000690,社會福利統計_臺北市身心障礙福利機構概況,勞動福祉,False,True,True,table,就業趨勢與社福資源分析,False,2,社福,公共資訊,網路服務,社會局,,社會局,不定期更新,CSV,中文,2020-07-23T00:00:00,/api/dataset/a4b184b6-8e35-4db8-8933-dec256599559/resource/626ab989-fd23-4589-930f-94bde59b9edb/download,社會福利統計_身心障礙福利機構概況資料呈現於【社會局局網> 統計資料 > 預告統計資料發布時間表】,年/季、核定安置服務總人數、全日型住宿核定安置服務人數、夜間型住宿核定安置服務人數、日間照顧核定安置服務人數、部分時制照顧核定安置服務人數、實際安置服務總人數、實際安置服務男生人數、實際安置服務女生人數、全日型住宿實際安置服務男生人數、全日型住宿實際安置服務女生人數、夜間型住宿實際安置服務男生人數、夜間型住宿實際安置服務女生人數、日間照顧實際安置服務男生人數、日間照顧實際安置服務女生人數、部分時制照顧實際安置服務男生人數、部分時制照顧實際安置服務女生人數、本期服務人次,智慧通勤:0; 韌性防災:0; 永續環境:0; 食安健康:0; 勞動福祉:4; 文化共融:0
taipei,9f513f50-9af8-4d3e-9074-2226804fddbd,00000685,社會福利統計_臺北市身心障礙者生活補助申請,勞動福祉,False,True,True,table,就業趨勢與社福資源分析,False,2,社福,公共資訊,網路服務,社會局,,社會局,每3月,CSV,中文,2015-07-01T00:00:00,/api/dataset/9f513f50-9af8-4d3e-9074-2226804fddbd/resource/ff7778d4-0921-4a94-948d-095e69232a6c/download,"社會福利統計_身心障礙者生活補助申請資料呈現於【社會局網站> 統計資料 > 預告統計資料發布時間表】
",年月、總補助人數、男生補助人數、女生補助人數、補助金額,智慧通勤:0; 韌性防災:0; 永續環境:0; 食安健康:0; 勞動福祉:4; 文化共融:0
taipei,c356c62b-4930-4f31-be5b-71aff0b87855,00000531,社會福利統計_臺北市身心障礙者輔具費用補助,勞動福祉,False,True,True,table,就業趨勢與社福資源分析,False,2,社福,公共資訊,網路服務,社會局,,社會局,每3月,CSV,中文,2015-07-01T00:00:00,/api/dataset/c356c62b-4930-4f31-be5b-71aff0b87855/resource/61fce2ab-23f3-49bd-a0f3-c781d262184b/download,社會福利統計_身心障礙者輔具費用補助資料呈現於【社會局局網> 統計資料 > 預告統計資料發布時間表】,年/季、補助總人次、男生補助人次、女生補助人次、補助金額,智慧通勤:0; 韌性防災:0; 永續環境:0; 食安健康:0; 勞動福祉:4; 文化共融:0
taipei,cbc29b1c-ba9d-4bad-8883-ff4cb063a56e,00000532,社會福利統計_臺北市身心障礙證明(手冊)管理,勞動福祉,False,True,True,table,就業趨勢與社福資源分析,False,2,社福,公共資訊,網路服務,社會局,,社會局,不定期更新,CSV,中文,2020-07-23T00:00:00,/api/dataset/cbc29b1c-ba9d-4bad-8883-ff4cb063a56e/resource/264835ca-6396-431a-9489-f315170b67b5/download,"社會福利統計_身心障礙證明(手冊)管理資料呈現於【社會局局網> 統計資料 > 預告統計資料發布時間表】
",年/季、註銷身心障礙者原因/死亡人數、註銷身心障礙者原因/治療人數、註銷身心障礙者原因/復健人數、註銷身心障礙者原因/自動放棄人數、註銷身心障礙者原因/重新鑑定未符合身心障礙等級人數、註銷身心障礙者原因/未依規定辦理重新鑑定人數、註銷身心障礙者原因/未依規定辦理換發證明人數、註銷身心障礙者原因/戶籍遷出人數、註銷身心障礙者原因/辦理新制重新鑑定人數、註銷身心障礙者原因/其他人數,智慧通勤:0; 韌性防災:0; 永續環境:0; 食安健康:0; 勞動福祉:3; 文化共融:0
taipei,fc84b83a-10ce-40ae-849f-58454dafc72d,00000688,社會福利統計_臺北市身障租金補貼,勞動福祉,False,True,True,table,就業趨勢與社福資源分析,False,2,社福,公共資訊,網路服務,社會局,,社會局,每3月,CSV,中文,2020-07-23T00:00:00,/api/dataset/fc84b83a-10ce-40ae-849f-58454dafc72d/resource/a09fada9-15b0-4795-9ef1-0baa3a1546bf/download,社會福利統計_身障租金補貼資料呈現於【社會局局網> 統計資料 > 預告統計資料發布時間表】,年/季、房屋租金補貼個案人數、房屋租金補貼人次、房屋租金補貼金額、購屋貸款利息補貼個案人數、購屋貸款利息補貼人次、購屋貸款利息補貼金額,智慧通勤:0; 韌性防災:0; 永續環境:0; 食安健康:0; 勞動福祉:3; 文化共融:0
taipei,8fc2c933-52c4-4bbd-84cb-5b0523e62337,00000654,社會福利統計臺北市中低收入老人生活津貼,勞動福祉,False,True,True,table,就業趨勢與社福資源分析,False,2,社福,老年安養,網路服務,社會局,,社會局,每3月,CSV,中文,2019-12-20T00:00:00,/api/dataset/8fc2c933-52c4-4bbd-84cb-5b0523e62337/resource/2394450f-971a-41fe-8163-712713837161/download,社會福利統計中低收入老人生活津貼資料呈現於【社會局局網> 統計資料 > 預告統計資料發布時間表】,年/月、總補助金額、第0類低收入戶補助金額、第1類低收入戶補助金額、第2類低收入戶補助金額、第3類低收入戶補助金額、第4類低收入戶補助金額、中低收入戶補助金額,智慧通勤:0; 韌性防災:0; 永續環境:0; 食安健康:0; 勞動福祉:6; 文化共融:0
taipei,c4126142-5fd7-4c8e-a9f0-cd8357a16dfd,00002031,臺北市15歲以上人口之教育程度,勞動福祉,False,True,True,table,就業趨勢與社福資源分析,False,2,統計,公共資訊,原始資料,主計處,,主計處,每1年,CSV,中文,2022-01-25T00:00:00,https://tsis.dbas.gov.taipei/statis/webMain.aspx?sys=220&ymf=6200&kind=21&type=0&funid=a05007401&cycle=4&outmode=12&compmode=0&outkind=3&deflst=2&nzo=1,"臺北市15歲以上人口之教育程度時間數列統計資料
",統計期、性別、總計[人]、博士/計[人]、博士/畢業[人]、博士/肄業[人]、碩士/計[人]、碩士/畢業[人]、碩士/肄業[人]、大學/計[人]、大學/畢業[人]、大學/肄業[人]、專科/合計/計[人]、專科/合計/畢業[人]、專科/合計/肄業[人]、專科/二或三年制/計[人]、專科/二或三年制/畢業[人]、專科/二或三年制/肄業[人]、專科/五年制/後兩年/計[人]、專科/五年制/後兩年/畢業[人]、專科/五年制/後兩年/肄業[人]、高級中等/普通教育[高中]/計[人]、高級中等/普通教育[高中]/畢業[人]、高級中等/普通教育[高中]/肄業[人]、高級中等/職業教育[高職]/計[人]、高級中等/職業教育[高職]/五專前三年肄業[人]、高級中等/職業教育[高職]/畢業[人]、高級中等/職業教育[高職]/肄業[人]、國中/計[人]、國中/畢業[人]、國中/肄業[人]、初職/計[人]、初職/畢業[人]、初職/肄業[人]、國小/計[人]、國小/畢業[人]、國小/肄業[人]、自修[人]、不識字[人],智慧通勤:0; 韌性防災:0; 永續環境:0; 食安健康:0; 勞動福祉:1; 文化共融:0
taipei,9f6f6fa1-a3f6-4b56-a06f-b1502e91039e,00002050,臺北市15歲以上人口之教育程度按年齡別,勞動福祉,False,True,True,table,就業趨勢與社福資源分析,False,2,統計,公共資訊,原始資料,主計處,,主計處,每1年,CSV,中文,2022-01-25T00:00:00,https://tsis.dbas.gov.taipei/statis/webMain.aspx?sys=220&ymf=9800&kind=21&type=0&funid=a05007501&cycle=4&outmode=12&compmode=0&outkind=3&deflst=2&nzo=1,"臺北市15歲以上人口之教育程度按年齡別時間數列統計資料
",統計期、年齡別、總計[人]、博士/計[人]、博士/畢業[人]、博士/肄業[人]、碩士/計[人]、碩士/畢業[人]、碩士/肄業[人]、大學/計[人]、大學/畢業[人]、大學/肄業[人]、專科/合計/計[人]、專科/合計/畢業[人]、專科/合計/肄業[人]、專科/二或三年制/計[人]、專科/二或三年制/畢業[人]、專科/二或三年制/肄業[人]、專科/五年制/後兩年/計[人]、專科/五年制/後兩年/畢業[人]、專科/五年制/後兩年/肄業[人]、高級中等/普通教育[高中]/計[人]、高級中等/普通教育[高中]/畢業[人]、高級中等/普通教育[高中]/肄業[人]、高級中等/職業教育[高職]/計[人]、高級中等/職業教育[高職]/五專前三年肄業[人]、高級中等/職業教育[高職]/畢業[人]、高級中等/職業教育[高職]/肄業[人]、國中/計[人]、國中/畢業[人]、國中/肄業[人]、初職/計[人]、初職/畢業[人]、初職/肄業[人]、國小/計[人]、國小/畢業[人]、國小/肄業[人]、自修[人]、不識字[人],智慧通勤:0; 韌性防災:0; 永續環境:0; 食安健康:0; 勞動福祉:1; 文化共融:0
taipei,5dae4208-7cb6-4c11-bece-3faa62e5fd30,00002054,臺北市15歲以上人口勞動力狀況及指標,勞動福祉,False,True,True,table,就業趨勢與社福資源分析,False,2,統計,求職及就業,原始資料,主計處,,主計處,每1年,CSV,中文,2022-02-10T00:00:00,https://tsis.dbas.gov.taipei/statis/webMain.aspx?sys=220&ymf=5800&kind=21&type=0&funid=a05004501&cycle=4&outmode=12&compmode=0&outkind=3&deflst=2&nzo=1,臺北市15歲以上人口勞動力狀況及指標按年別時間數列統計資料,統計期、性別、總人口[千人]、15歲以上民間人口[千人]、15歲以上勞動力人口[千人]、15歲以上勞動力人口/就業者[千人]、15歲以上勞動力人口/失業者[千人]、15歲以上非勞動力人口[千人]、勞動力參與率[%]、就業者平均每週工時[時]、失業率[%],智慧通勤:0; 韌性防災:0; 永續環境:0; 食安健康:0; 勞動福祉:3; 文化共融:0
taipei,38843a1b-d63a-4239-bcd1-b71bb0c8230c,00029721,臺北市15歲以上同性婚姻人口之教育程度,勞動福祉,False,True,True,table,就業趨勢與社福資源分析,False,2,統計,婚姻,原始資料,主計處,,主計處,每1年,CSV,中文,2022-09-12T00:00:00,https://tsis.dbas.gov.taipei/statis/webMain.aspx?sys=220&ymf=10800&kind=21&type=0&funid=a19100501&cycle=4&outmode=12&compmode=0&outkind=3&deflst=2&nzo=1,臺北市15歲以上同性婚姻人口之教育程度時間數列統計資料,"統計期、性別、總計[人]、博士畢業[人]、碩士畢業[人]、大學畢業[人]、專科畢業[人]、高中畢業[人]、國中畢業[人]、國小畢業以下[人]
",智慧通勤:0; 韌性防災:0; 永續環境:0; 食安健康:0; 勞動福祉:1; 文化共融:0
taipei,f3491d84-e16c-4827-85ed-bf8ccc666d13,00029720,臺北市15歲以上同性婚姻人口按年齡別,勞動福祉,False,True,True,table,就業趨勢與社福資源分析,False,2,統計,婚姻,原始資料,主計處,,主計處,每1年,CSV,中文,2022-09-12T00:00:00,https://tsis.dbas.gov.taipei/statis/webMain.aspx?sys=220&ymf=10800&kind=21&type=0&funid=a19100401&cycle=4&outmode=12&compmode=0&outkind=3&deflst=2&nzo=1,臺北市15歲以上同性婚姻人口按年齡別時間數列統計資料,統計期、年齡別、性別、總計[人]、有偶[人]、終止結婚[人]、喪偶[人],智慧通勤:0; 韌性防災:0; 永續環境:0; 食安健康:0; 勞動福祉:1; 文化共融:0
taipei,3e300a52-8801-4660-bd4c-82a21063c631,00003505,臺北市中低收入(含低收入戶)老人生活津貼,勞動福祉,False,True,True,table,就業趨勢與社福資源分析,False,2,社福,老年安養,網路服務,社會局,,社會局,每1年,CSV,中文,2020-12-28T00:00:00,/api/dataset/3e300a52-8801-4660-bd4c-82a21063c631/resource/d6ec6831-c330-4947-b7ef-fc04f205c327/download,提供臺北市中低收入(含低收入戶)老人生活津貼資訊,年/月、總人數、第0類低收入戶人數、第1類低收入戶人數、第2類低收入戶人數、第3類低收入戶人數、第4類低收入戶人數、最低生活費1倍至未滿1.5倍者人數、最低生活費1.5倍至未滿2.5倍者人數、具原住民身分人數,智慧通勤:0; 韌性防災:0; 永續環境:0; 食安健康:0; 勞動福祉:3; 文化共融:0
taipei,485e17e5-472f-4526-ab5f-b4a9d58b43d8,00002893,臺北市中低收入(含低收入戶)老人生活津貼補助與老農津貼,勞動福祉,False,True,True,table,就業趨勢與社福資源分析,False,2,統計,老年安養,原始資料,主計處,,主計處,每1年,CSV,中文,2022-01-27T00:00:00,https://tsis.dbas.gov.taipei/statis/webMain.aspx?sys=220&ymf=8300&kind=21&type=0&funid=a05027301&cycle=4&outmode=12&compmode=0&outkind=1&deflst=2&nzo=1,"臺北市中低收入(含低收入戶)老人生活津貼補助與老農津貼時間數列統計資料

",統計期、生活津貼總人次/計、生活津貼總人次/男、生活津貼總人次/女、生活津貼總金額[千元]、低收第0類人次/計、低收第0類人次/男、低收第0類人次/女、低收第0類金額[千元]、低收第1類人次/計、低收第1類人次/男、低收第1類人次/女、低收第1類金額[千元]、低收第2類人次/計、低收第2類人次/男、低收第2類人次/女、低收第2類金額[千元]、低收第3類人次/計、低收第3類人次/男、低收第3類人次/女、低收第3類金額[千元]、低收第4類人次/計、低收第4類人次/男、低收第4類人次/女、低收第4類金額[千元]、中低收入戶人次/計、中低收入戶人次/男、中低收入戶人次/女、中低收入戶金額[千元]、中低收最低生活費1倍至未滿1.5倍人次/計、中低收最低生活費1倍至未滿1.5倍人次/男、中低收最低生活費1倍至未滿1.5倍人次/女、中低收最低生活費1倍至未滿1.5倍金額[千元]、中低收最低生活費1.5倍至未滿2.5倍人次/計、中低收最低生活費1.5倍至未滿2.5倍發放人次/男、中低收最低生活費1.5倍至未滿2.5倍人次/女、中低收最低生活費1.5倍至未滿2.5倍金額[千元]、老農津貼/核付人數、老農津貼核付人數/男、老農津貼核付人數/女、老農津貼金額[千元]、中低收生活津貼與老農津貼受益人數占65歲以上人口%,智慧通勤:0; 韌性防災:0; 永續環境:0; 食安健康:0; 勞動福祉:4; 文化共融:0
taipei,491db057-b7ed-458f-959a-9ba1cd0430e1,00003499,臺北市中低收入戶數及人數按年齡別分,勞動福祉,False,True,True,table,就業趨勢與社福資源分析,False,2,社福,公共資訊,網路服務,社會局,,社會局,每3月,CSV,中文,2020-12-28T00:00:00,/api/dataset/491db057-b7ed-458f-959a-9ba1cd0430e1/resource/433f89ce-3657-43cd-a911-4352422299f7/download,每季提供臺北市中低收入戶數及人數按年齡別分資訊,年/季、戶數、人數總計、0歲至未滿6歲人數、6歲至未滿12歲人數、12歲至未滿18歲人數、18歲至未滿26歲人數、26歲至未滿35歲人數、35歲至未滿45歲人數、45歲至未滿60歲人數、60歲至未滿65歲人數、65歲至未滿80歲人數、80歲以上人數,智慧通勤:0; 韌性防災:0; 永續環境:0; 食安健康:0; 勞動福祉:3; 文化共融:0
taipei,289fa94f-986c-4852-a357-ab497e662f27,00003595,臺北市中低收入戶數及人數按身分別分,勞動福祉,False,True,True,table,就業趨勢與社福資源分析,False,2,社福,公共資訊,網路服務,社會局,,社會局,每3月,CSV,中文,2020-12-30T00:00:00,/api/dataset/289fa94f-986c-4852-a357-ab497e662f27/resource/c4c29b85-f352-48a1-9199-485cd49b3347/download,每季提供臺北市中低收入戶數及人數按身分別分,年/季、季底總戶數、季底戶數/一般戶數、季底戶數/原住民戶數、季底總人數、季底人數/一般戶人數、季底人數/原住民人數,智慧通勤:0; 韌性防災:0; 永續環境:0; 食安健康:0; 勞動福祉:3; 文化共融:0
taipei,fba99fbc-75e4-458f-b839-87738591cf92,00003515,臺北市中低收入戶特殊項目救助及服務,勞動福祉,False,True,True,table,就業趨勢與社福資源分析,False,2,社福,公共資訊,網路服務,社會局,,社會局,每3月,CSV,中文,2020-12-28T00:00:00,/api/dataset/fba99fbc-75e4-458f-b839-87738591cf92/resource/163cc3de-263e-4c65-a429-81d65bc5078d/download,每季提供臺北市中低收入戶特殊項目救助及服務資訊,年/季、產婦及嬰兒營養補助人次、托兒補助人次、教育補助人次、租金補助人次、住宅借住戶數、房屋修繕補助戶次、喪葬補助人數、生育補助人次、就學交通補助人次、其他必要之救助及服務人次或戶次,智慧通勤:1; 韌性防災:0; 永續環境:0; 食安健康:0; 勞動福祉:4; 文化共融:0
taipei,4a260f77-cd29-41be-817d-9893872c9765,00002428,臺北市中低收入戶生活扶助,勞動福祉,False,True,True,table,就業趨勢與社福資源分析,False,2,統計,公共資訊,原始資料,主計處,,主計處,每1年,CSV,中文,2022-02-15T00:00:00,https://tsis.dbas.gov.taipei/statis/webMain.aspx?sys=220&ymf=10000&kind=21&type=0&funid=a05027201&cycle=4&outmode=12&compmode=0&outkind=1&deflst=2&nzo=1,"臺北市中低收入戶生活扶助時間數列統計資料
",統計期、戶數[戶]、戶數[戶]/占全市比率[%]、人數[人]、人數[人]/占全市比率[%]、生活補助/產婦及嬰兒營養補助/人次[人次]、生活補助/產婦及嬰兒營養補助/金額[千元]、生活補助/托兒補助/人次[人次]、生活補助/托兒補助/金額[千元]、生活補助/教育補助/人次[人次]、生活補助/教育補助/金額[千元]、生活補助/租金補助/人次[人次]、生活補助/租金補助/金額[千元]、生活補助/房屋修繕補助/人次[人次]、生活補助/房屋修繕補助/金額[千元]、生活補助/喪葬補助/人次[人次]、生活補助/喪葬補助/金額[千元]、生活補助/居家服務/人次[人次]、生活補助/居家服務/金額[千元]、生活補助/生育補助/人次[人次]、生活補助/生育補助/金額[千元]、生活補助/就學交通補助/人次[人次]、生活補助/就學交通補助/金額[千元]、生活補助/其他必要之救助及服務補助/人次[人次]、生活補助/其他必要之救助及服務補助/金額[千元]、輔導就業服務/就業服務人次[人次]、輔導就業服務/職業訓練人次[人次]、輔導就業服務/以工代賑/人次[人次]、輔導就業服務/以工代賑/金額[千元],智慧通勤:1; 韌性防災:0; 永續環境:0; 食安健康:0; 勞動福祉:5; 文化共融:0
taipei,93d17466-1d6b-4055-829e-c758753200a6,00003516,臺北市中低收入戶輔導就業服務,勞動福祉,False,True,True,table,就業趨勢與社福資源分析,False,2,社福,求職及就業,網路服務,社會局,,社會局,每3月,CSV,中文,2020-12-28T00:00:00,/api/dataset/93d17466-1d6b-4055-829e-c758753200a6/resource/8d21bb99-288f-4cb9-a7cb-bd19893f1ea4/download,每季提供臺北市中低收入戶輔導就業服務資訊,年/季、有工作能力未就業者人數、參加以工代賑人數、以工代賑金額、社政轉介勞政人數/就業媒合服務、社政轉介勞政人數/參加職業訓練、勞政回報人數/已就業人數、勞政回報人數/參加職業訓練人數、輔導成功率、免計入家庭總收入之受益人數,智慧通勤:0; 韌性防災:0; 永續環境:0; 食安健康:0; 勞動福祉:4; 文化共融:0
taipei,51c34f0a-e7c1-4b72-b96a-5a1cafa54d0e,00029538,臺北市中低收入戶輔導就業服務資料,勞動福祉,False,True,True,table,就業趨勢與社福資源分析,False,2,社福,求職及就業,網路服務,社會局,,社會局,不定期更新,CSV,中文,2022-07-26T00:00:00,/api/dataset/51c34f0a-e7c1-4b72-b96a-5a1cafa54d0e/resource/b314b571-d903-4436-8046-80b4dd414f7c/download,提供臺北市中低收入戶輔導就業服務資料,年/季、以工代賑/人次總計、以工代賑人次/男、以工代賑人次/女、以工代賑/金額、社政轉介勞政就業媒合服務人次總計、社政轉介勞政就業媒合服務人次/男、社政轉介勞政就業媒合服務人次/女,智慧通勤:0; 韌性防災:0; 永續環境:0; 食安健康:0; 勞動福祉:4; 文化共融:0
taipei,fe554dcb-8100-4b89-b483-a58e5ad8d736,00003566,臺北市中低收入老人住宅修繕補助,勞動福祉,False,True,True,table,就業趨勢與社福資源分析,False,2,社福,老年安養,網路服務,社會局,,社會局,每1年,CSV,中文,2020-12-29T00:00:00,/api/dataset/fe554dcb-8100-4b89-b483-a58e5ad8d736/resource/e9f011f6-8ebd-4e4e-a188-0533f2ef60f4/download,提供每年度臺北市中低收入老人住宅修繕補助資訊,序號、民國年、統計區間、低收入戶補助金額、中低收入戶補助金額,智慧通勤:0; 韌性防災:0; 永續環境:0; 食安健康:0; 勞動福祉:4; 文化共融:0
taipei,d21233fb-9527-499f-be73-d19c1dd2347c,00000710,臺北市中低收入老人假牙補助,勞動福祉,False,True,True,table,就業趨勢與社福資源分析,False,2,社福,老年安養,網路服務,社會局,,社會局,每1年,CSV,中文,2017-07-03T00:00:00,/api/dataset/d21233fb-9527-499f-be73-d19c1dd2347c/resource/7cbc16bc-51d0-419c-a87a-d4d694980011/download,中低收入老人假牙補助資料呈現於【社會局局網> 銀髮族服務 > 統計資料】,機關名稱、機關代碼、類別、人次、金額,智慧通勤:0; 韌性防災:0; 永續環境:0; 食安健康:0; 勞動福祉:5; 文化共融:0
taipei,a1f23f84-dace-4ffc-8bbc-e5123eb31d1e,00003565,臺北市中低收入老人特別照顧津貼,勞動福祉,False,True,True,table,就業趨勢與社福資源分析,False,2,社福,老年安養,網路服務,社會局,,社會局,不定期更新,CSV,中文,2020-12-29T00:00:00,/api/dataset/a1f23f84-dace-4ffc-8bbc-e5123eb31d1e/resource/57460f82-37fa-4b7e-9b00-65a17fb36f71/download,提供臺北市中低收入老人特別照顧津貼資訊,年/月、補助人數總計、男性補助人數、女性補助人數、65歲至未滿70歲補助人數、70歲至未滿75歲補助人數、75歲至未滿80歲補助人數、80歲至未滿85歲補助人數、85歲至未滿90歲補助人數、90歲以上補助人數、發放金額,智慧通勤:0; 韌性防災:0; 永續環境:0; 食安健康:0; 勞動福祉:5; 文化共融:0
taipei,0a7e36bb-b9bb-429b-bb9c-e5bc6aa30330,00003567,臺北市中低收入老人特別照顧津貼照顧者概況,勞動福祉,False,True,True,table,就業趨勢與社福資源分析,False,2,社福,老年安養,網路服務,社會局,,社會局,每3月,CSV,中文,2020-12-29T00:00:00,/api/dataset/0a7e36bb-b9bb-429b-bb9c-e5bc6aa30330/resource/011b1e01-80d2-457a-adbd-5e589a201d4c/download,定期提供臺北市中低收入老人特別照顧津貼照顧者概況資訊,年/月、總人數、照顧者年齡20歲至未滿30歲人數、照顧者年齡30歲至未滿40歲人數、照顧者年齡40歲至未滿50歲人數、照顧者年齡50歲至未滿60歲人數、照顧者年齡60歲至未滿65歲人數、照顧者與受照顧者關係/夫、照顧者與受照顧者關係/妻、照顧者與受照顧者關係/兒子、照顧者與受照顧者關係/女兒、照顧者與受照顧者關係/子媳、照顧者與受照顧者關係/女婿、照顧者與受照顧者關係/孫子、照顧者與受照顧者關係/孫女,智慧通勤:0; 韌性防災:0; 永續環境:0; 食安健康:0; 勞動福祉:4; 文化共融:0
taipei,f1d939aa-3b10-47d7-8692-1e3c0dccff65,00002219,臺北市中等學校畢業生出路(57學年度至102學年度),勞動福祉,False,True,True,table,就業趨勢與社福資源分析,False,2,統計,求學及進修,原始資料,主計處,,主計處,不定期更新,CSV,中文,2021-01-11T00:00:00,https://tsis.dbas.gov.taipei/statis/webMain.aspx?sys=220&ymf=5700&kind=21&type=0&funid=a05009501&cycle=4&outmode=12&compmode=0&outkind=3&deflst=2&nzo=1,"臺北市中等學校畢業生出路(57學年度至102學年度)時間數列統計資料
",統計期、學制別、總計[人]、升學/合計[人]、升學/大學校院[人]、升學/專科學校[人]、升學/高中或高職[人]、升學/師專師院[人]、升學/軍警學校[人]、升學/其他[人]、就業/合計[人]、就業/農林漁牧狩獵業[人]、就業/礦業及土石採取業[人]、就業/製造業或營造業[人]、就業/水電燃氣業[人]、就業/批發零售及餐飲業[人]、就業/金融保險不動產及租賃業[人]、就業/運輸倉儲通信業[人]、就業/社會及個人服務業[人]、就業/其他[人]、閒居[人]、其他[人],智慧通勤:1; 韌性防災:0; 永續環境:0; 食安健康:0; 勞動福祉:2; 文化共融:0
taipei,0393f306-9248-4316-8f8a-2014b5e30728,00002151,臺北市主要死亡原因,勞動福祉,False,True,True,table,就業趨勢與社福資源分析,False,2,統計,公共資訊,原始資料,主計處,,主計處,每1年,CSV,中文,2020-10-12T00:00:00,https://tsis.dbas.gov.taipei/statis/webMain.aspx?sys=220&ymf=8100&kind=21&type=0&funid=A05032401&cycle=4&outmode=12&compmode=0&outkind=3&deflst=2&nzo=1,臺北市主要死亡原因時間數列統計資料,統計期、死因別、順位、死亡人數/合計[人]、死亡人數/男[人]、死亡人數/女[人]、死亡率/合計[人/十萬人口]、死亡率/男[人/十萬人口]、死亡率/女[人/十萬人口],智慧通勤:0; 韌性防災:0; 永續環境:0; 食安健康:0; 勞動福祉:1; 文化共融:0
taipei,ff8ae1d0-0f35-4e8e-a2a6-0c4ce3a10b6c,00002562,臺北市事業單位勞工檢查次數(59至81年),勞動福祉,False,True,True,table,就業趨勢與社福資源分析,False,2,統計,求職及就業,原始資料,主計處,,主計處,不定期更新,CSV,中文,2020-10-29T00:00:00,https://tsis.dbas.gov.taipei/statis/webMain.aspx?sys=220&ymf=5700&kind=21&type=0&funid=a05007001&cycle=4&outmode=12&compmode=0&outkind=3&deflst=2&nzo=1,"臺北市事業單位勞工檢查次數(59至81年)時間數列統計資料
",統計期、總次數[次]、工廠檢查次數[次]、鍋爐檢查次數[次]、特種檢查次數[次]、礦場安全檢查次數[次]、礦場衛生勞動條件檢查次數[次],智慧通勤:0; 韌性防災:0; 永續環境:0; 食安健康:1; 勞動福祉:2; 文化共融:0
taipei,13216dfa-90c2-49dc-a2b3-b262eb6b3303,00003713,臺北市事業單位勞資關係概況,勞動福祉,False,True,True,table,就業趨勢與社福資源分析,False,2,勞動,求職及就業,原始資料,勞動局,,勞動局,每1年,CSV,中文,2021-01-18T00:00:00,/api/dataset/13216dfa-90c2-49dc-a2b3-b262eb6b3303/resource/428570f4-298e-4136-8526-81d8eba52ec3/download,統計臺北市團體協約簽訂家數　　,縣市別代碼、項目、年度、新成立/新簽訂家數、累計成立/累計簽訂家數,智慧通勤:0; 韌性防災:0; 永續環境:0; 食安健康:0; 勞動福祉:1; 文化共融:0
taipei,535ada24-f3ac-4cc1-bca0-c88912d4b95c,00003378,臺北市事業單位成立勞資會議家數,勞動福祉,False,True,True,table,就業趨勢與社福資源分析,False,2,勞動,求職及就業,網路服務,勞動局,,勞動局,每1年,CSV,中文,2021-01-18T00:00:00,/api/dataset/535ada24-f3ac-4cc1-bca0-c88912d4b95c/resource/746579e2-43c6-4197-b46a-e6954975b67f/download,統計臺北市事業單位成立勞資會議家數　,縣市別代碼、項目、年度、新成立/新簽訂家數、累計成立/累計簽訂家數,智慧通勤:0; 韌性防災:0; 永續環境:0; 食安健康:0; 勞動福祉:1; 文化共融:0
taipei,4f72e4b1-fba0-4ebc-b41e-8d9615f60b1b,00002569,臺北市事業單位辦理托兒服務概況,勞動福祉,False,True,True,table,就業趨勢與社福資源分析,False,2,統計,公共資訊,原始資料,主計處,,主計處,每1年,CSV,中文,2021-02-24T00:00:00,https://tsis.dbas.gov.taipei/statis/webMain.aspx?sys=220&ymf=10400&kind=21&type=0&funid=a05039601&cycle=4&outmode=12&compmode=0&outkind=1&deflst=2&nzo=1,"臺北市事業單位辦理托兒服務概況時間數列統計資料
",統計期、辦理托兒設措施家數/總計[家]、辦理托兒設措施家數/托兒設施[家]、辦理托兒設措施家數/簽約[家]、辦理托兒設措施家數/津貼[家]、辦理托兒設措施家數/簽約及津貼[家]、未辦理托兒設措施家數[家]、事業單位辦理托兒服務申請補助家數[家]、事業單位辦理托兒服務補助家數[家]、事業單位辦理托兒服務補助金額/總計[元]、事業單位辦理托兒服務補助金額/哺集乳室[元]、事業單位辦理托兒服務補助金額/托兒設施[元]、事業單位辦理托兒服務補助金額/托兒措施[元],智慧通勤:0; 韌性防災:0; 永續環境:0; 食安健康:0; 勞動福祉:1; 文化共融:0
taipei,c95d4a3c-dafe-40ea-bf97-363c267061c5,00002646,臺北市人口之婚姻狀況,勞動福祉,False,True,True,table,就業趨勢與社福資源分析,False,2,統計,公共資訊,原始資料,主計處,,主計處,每1年,CSV,中文,2022-01-24T00:00:00,https://tsis.dbas.gov.taipei/statis/webMain.aspx?sys=220&ymf=5700&kind=21&type=0&funid=a05003801&cycle=4&outmode=12&compmode=0&outkind=1&deflst=2&nzo=1,"臺北市人口之婚姻狀況時間數列統計資料
",統計期、總計/計[人]、總計/男[人]、總計/女[人]、未婚/計[人]、未婚/男[人]、未婚/女[人]、有偶/合計/計[人]、有偶/合計/男[人]、有偶/合計/女[人]、有偶/不同性別/計[人]、有偶/不同性別/男[人]、有偶/不同性別/女[人]、有偶/相同性別/計[人]、有偶/相同性別/男[人]、有偶/相同性別/女[人]、離婚或終止婚姻/合計/計[人]、離婚或終止婚姻/合計/男[人]、離婚或終止婚姻/合計/女[人]、離婚或終止婚姻/不同性別/計[人]、離婚或終止婚姻/不同性別/男[人]、離婚或終止婚姻/不同性別/女[人]、離婚或終止婚姻/相同性別/計[人]、離婚或終止婚姻/相同性別/男[人]、離婚或終止婚姻/相同性別/女[人]、喪偶/合計/計[人]、喪偶/合計/男[人]、喪偶/合計/女[人]、喪偶/不同性別/計[人]、喪偶/不同性別/男[人]、喪偶/不同性別/女[人]、喪偶/相同性別/計[人]、喪偶/相同性別/男[人]、喪偶/相同性別/女[人],智慧通勤:0; 韌性防災:0; 永續環境:0; 食安健康:0; 勞動福祉:1; 文化共融:0
taipei,eb9675ae-db41-469f-a838-d92059d7a981,00002649,臺北市人口之婚姻狀況按年齡別,勞動福祉,False,True,True,table,就業趨勢與社福資源分析,False,2,統計,公共資訊,原始資料,主計處,,主計處,每1年,CSV,中文,2022-01-24T00:00:00,https://tsis.dbas.gov.taipei/statis/webMain.aspx?sys=220&ymf=8400&kind=21&type=0&funid=a05003802&cycle=4&outmode=12&compmode=0&outkind=3&deflst=2&nzo=1,"臺北市人口之婚姻狀況按年齡別時間數列統計資料
",統計期、婚姻狀況別、性別、總計[人]、未滿15歲[人]、15~19歲[人]、20~24歲[人]、25~29歲[人]、30~34歲[人]、35~39歲[人]、40~44歲[人]、45~49歲[人]、50~54歲[人]、55~59歲[人]、60~64歲[人]、65歲以上[人],智慧通勤:0; 韌性防災:0; 永續環境:0; 食安健康:0; 勞動福祉:1; 文化共融:0
taipei,b8ea9f7e-b6e2-43e0-931c-5f1e05206ccb,00002430,臺北市人口之年齡分配(五歲組),勞動福祉,False,True,True,table,就業趨勢與社福資源分析,False,2,統計,公共資訊,原始資料,主計處,,主計處,每1年,CSV,中文,2022-01-13T00:00:00,https://tsis.dbas.gov.taipei/statis/webMain.aspx?sys=220&ymf=5700&kind=21&type=0&funid=a05002401&cycle=4&outmode=12&compmode=0&outkind=3&deflst=2&nzo=1,臺北市人口之年齡分配(五歲組)時間數列統計資料,統計期、性別、總計、未滿1~4歲、5~9歲、10~14歲、15~19歲、20~24歲、25~29歲、30~34歲、35~39歲、40~44歲、45~49歲、50~54歲、55~59歲、60~64歲、65~69歲、70~74歲、75~79歲、80~84歲、85~89歲、90~94歲、95~99歲、100歲以上,智慧通勤:0; 韌性防災:0; 永續環境:0; 食安健康:0; 勞動福祉:1; 文化共融:0
taipei,b04d4310-2013-43bd-a3c2-caa64d097d33,00002431,臺北市人口之年齡分配(單齡),勞動福祉,False,True,True,table,就業趨勢與社福資源分析,False,2,統計,公共資訊,原始資料,主計處,,主計處,每1年,CSV,中文,2022-01-26T00:00:00,https://tsis.dbas.gov.taipei/statis/webMain.aspx?sys=220&ymf=5700&kind=21&type=0&funid=a05002501&cycle=4&outmode=12&compmode=0&outkind=3&deflst=2&nzo=1,臺北市人口之年齡分配(單齡)時間數列統計資料,統計期、性別、總計、未滿1~4歲、未滿1歲、1歲、2歲、3歲、4歲、5~9歲、5歲、6歲、7歲、8歲、9歲、10~14歲、10歲、11歲、12歲、13歲、14歲、15~19歲、15歲、16歲、17歲、18歲、19歲、20~24歲、20歲、21歲、22歲、23歲、24歲、25~29歲、25歲、26歲、27歲、28歲、29歲、30~34歲、30歲、31歲、32歲、33歲、34歲、35~39歲、35歲、36歲、37歲、38歲、39歲、40~44歲、40歲、41歲、42歲、43歲、44歲、45~49歲、45歲、46歲、47歲、48歲、49歲、50~54歲、50歲、51歲、52歲、53歲、54歲、55~59歲、55歲、56歲、57歲、58歲、59歲、60~64歲、60歲、61歲、62歲、63歲、64歲、65~69歲、65歲、66歲、67歲、68歲、69歲、70~74歲、70歲、71歲、72歲、73歲、74歲、75~79歲、75歲、76歲、77歲、78歲、79歲、80~84歲、80歲、81歲、82歲、83歲、84歲、85~89歲、85歲、86歲、87歲、88歲、89歲、90~94歲、90歲、91歲、92歲、93歲、94歲、95~99歲、95歲、96歲、97歲、98歲、99歲、100歲以上,智慧通勤:0; 韌性防災:0; 永續環境:0; 食安健康:0; 勞動福祉:1; 文化共融:0
taipei,7a1f7bcb-6093-4aa5-920b-23fc5e89d7ae,00002451,臺北市人口動態登記(57年到99年11月),勞動福祉,False,True,True,table,就業趨勢與社福資源分析,False,2,統計,公共資訊,原始資料,主計處,,主計處,每1年,"CSV,CSV",中文,2022-01-14T00:00:00,"https://tsis.dbas.gov.taipei/statis/webMain.aspx?sys=220&ymf=9901&ymt=9911&kind=21&type=0&funid=a05002702&cycle=1&outmode=12&compmode=0&outkind=1&deflst=2&nzo=1,https://tsis.dbas.gov.taipei/statis/webMain.aspx?sys=220&ymf=5700&ymt=9800&kind=21&type=0&funid=a05002701&cycle=4&outmode=12&compmode=0&outkind=1&deflst=2&nzo=1",臺北市人口動態登記(57年到99年11月)時間數列統計資料,統計期、遷入人數依來源地/總計、遷入人數依來源地/本市/他區、遷入人數依來源地/臺灣省、遷入人數依來源地/高雄市、遷入人數依來源地/福建省、遷入人數依來源地/其他省市、遷入人數依來源地/外國、遷入人數依來源地/初設戶籍、遷入人數依來源地/其他、同區住址變更遷入人數、遷出人數依目的地/總計、遷出人數依目的地/本市/他區、遷出人數依目的地/臺灣省、遷出人數依目的地/高雄市、遷出人數依目的地/福建省、遷出人數依目的地/其他省市、遷出人數依目的地/外國、遷出人數依目的地/廢止戶籍、遷出人數依目的地/其他、同區住址變更遷出人數,智慧通勤:0; 韌性防災:0; 永續環境:0; 食安健康:0; 勞動福祉:1; 文化共融:0
taipei,8d63893f-25b9-40d1-bc17-fbdc196876d3,00002452,臺北市人口動態登記(99年12月以後),勞動福祉,False,True,True,table,就業趨勢與社福資源分析,False,2,統計,公共資訊,原始資料,主計處,,主計處,每1年,"CSV,CSV",中文,2022-01-14T00:00:00,"https://tsis.dbas.gov.taipei/statis/webMain.aspx?sys=220&ymf=9912&ymt=9912&kind=21&type=0&funid=a05002703&cycle=1&outmode=12&compmode=0&outkind=1&deflst=2&nzo=1,https://tsis.dbas.gov.taipei/statis/webMain.aspx?sys=220&ymf=10000&kind=21&type=0&funid=a05002704&cycle=4&outmode=12&compmode=0&outkind=1&deflst=2&nzo=1",臺北市人口動態登記(99年12月以後)時間數列統計資料,統計期、遷入人數依來源地/總計、遷入人數依來源地/本市/他區、遷入人數依來源地/臺灣省、遷入人數依來源地/新北市、遷入人數依來源地/桃園市、遷入人數依來源地/臺中市、遷入人數依來源地/臺南市、遷入人數依來源地/高雄市、遷入人數依來源地/福建省、遷入人數依來源地/其他省市、遷入人數依來源地/外國、遷入人數依來源地/初設戶籍、遷入人數依來源地/其他、同區住址變更遷入人數、遷出人數依目的地/總計、遷出人數依目的地/本市/他區、遷出人數依目的地/臺灣省、遷出人數依目的地/新北市、遷出人數依目的地/桃園市、遷出人數依目的地/臺中市、遷出人數依目的地/臺南市、遷出人數依目的地/高雄市、遷出人數依目的地/福建省、遷出人數依目的地/其他省市、遷出人數依目的地/外國、遷出人數依目的地/廢止戶籍、遷出人數依目的地/其他、同區住址變更遷出人數,智慧通勤:0; 韌性防災:0; 永續環境:0; 食安健康:0; 勞動福祉:1; 文化共融:0
taipei,405b9cdb-0738-483d-9c1d-dd9c1429b5eb,00029726,臺北市人口年齡中位數,勞動福祉,False,True,True,table,就業趨勢與社福資源分析,False,2,統計,公共資訊,原始資料,主計處,,主計處,每1年,CSV,中文,2022-09-12T00:00:00,https://tsis.dbas.gov.taipei/statis/webMain.aspx?sys=220&ymf=8100&kind=21&type=0&funid=a05900401&cycle=4&outmode=12&compmode=0&outkind=1&deflst=2&nzo=1,臺北市人口年齡中位數時間數列統計資料,統計期、年齡中位數[歲]/ 全體、年齡中位數[歲]/ 男、年齡中位數[歲]/ 女、年齡中位數增減數[歲]/ 全體、年齡中位數增減數[歲]/ 男、年齡中位數增減數[歲]/ 女,智慧通勤:0; 韌性防災:0; 永續環境:0; 食安健康:0; 勞動福祉:1; 文化共融:0
taipei,ce5927ec-47fc-4727-9165-0bffdcc45fd0,00002411,臺北市人口年齡分配(單齡)按月別,勞動福祉,False,True,True,table,就業趨勢與社福資源分析,False,2,統計,公共資訊,原始資料,主計處,,主計處,每1月,CSV,中文,2022-03-10T00:00:00,https://tsis.dbas.gov.taipei/statis/webMain.aspx?sys=220&ymf=10001&kind=21&type=0&funid=a04000402&cycle=1&outmode=12&compmode=0&outkind=3&deflst=2&nzo=1,臺北市人口年齡分配(單齡)按月別時間數列統計資料,統計期、性別、總計、未滿1~4歲、未滿1歲、1歲、2歲、3歲、4歲、5~9歲、5歲、6歲、7歲、8歲、9歲、10~14歲、10歲、11歲、12歲、13歲、14歲、15~19歲、15歲、16歲、17歲、18歲、19歲、20~24歲、20歲、21歲、22歲、23歲、24歲、25~29歲、25歲、26歲、27歲、28歲、29歲、30~34歲、30歲、31歲、32歲、33歲、34歲、35~39歲、35歲、36歲、37歲、38歲、39歲、40~44歲、40歲、41歲、42歲、43歲、44歲、45~49歲、45歲、46歲、47歲、48歲、49歲、50~54歲、50歲、51歲、52歲、53歲、54歲、55~59歲、55歲、56歲、57歲、58歲、59歲、60~64歲、60歲、61歲、62歲、63歲、64歲、65~69歲、65歲、66歲、67歲、68歲、69歲、70~74歲、70歲、71歲、72歲、73歲、74歲、75~79歲、75歲、76歲、77歲、78歲、79歲、80~84歲、80歲、81歲、82歲、83歲、84歲、85~89歲、85歲、86歲、87歲、88歲、89歲、90~94歲、90歲、91歲、92歲、93歲、94歲、95~99歲、95歲、96歲、97歲、98歲、99歲、100歲以上,智慧通勤:0; 韌性防災:0; 永續環境:0; 食安健康:0; 勞動福祉:1; 文化共融:0
taipei,1e0c58e9-6aa5-4acb-a5a1-f60bacad60f3,00002406,臺北市人口年齡分配按月別,勞動福祉,False,True,True,table,就業趨勢與社福資源分析,False,2,統計,公共資訊,原始資料,主計處,,主計處,每1月,CSV,中文,2022-03-10T00:00:00,https://tsis.dbas.gov.taipei/statis/webMain.aspx?sys=220&ymf=8907&kind=21&type=0&funid=a04000401&cycle=1&outmode=12&compmode=0&outkind=3&deflst=2&nzo=1,臺北市人口年齡分配按月別時間數列統計資料,統計期、幼年人口數[0~14歲][人]、幼年人口占全市人口比率[%]、青壯年人口數[15~64歲][人]、青壯年人口占全市人口比率[%]、老年人口數[65歲以上][人]、老年人口占全市人口比率[%]、扶養比、老化指數,智慧通勤:0; 韌性防災:0; 永續環境:0; 食安健康:0; 勞動福祉:1; 文化共融:0
taipei,384a53a3-e855-48d0-9b49-ba5784582180,00002422,臺北市人口成長按月別,勞動福祉,False,True,True,table,就業趨勢與社福資源分析,False,2,統計,公共資訊,原始資料,主計處,,主計處,每1月,CSV,中文,2022-03-10T00:00:00,https://tsis.dbas.gov.taipei/statis/webMain.aspx?sys=220&ymf=8701&kind=21&type=0&funid=a04000501&cycle=1&outmode=12&compmode=0&outkind=3&deflst=2&nzo=1,臺北市人口成長按月別時間數列統計資料,統計期、人口增加數[人]、自然增加數[人]、出生數[人]、死亡數[人]、社會增加數[人]、遷入數[人]、遷出數[人]、遷入數[含同區住址變更][人]、遷出數[含同區住址變更][人]、同區住址變更遷入數[人]、同區住址變更遷出數[人]、人口增加率[千分比]、自然增加率[千分比]、粗出生率[千分比]、粗死亡率[千分比]、社會增加率[千分比]、遷入率[千分比]、遷出率[千分比]、人口總移動率[千分比],智慧通勤:0; 韌性防災:0; 永續環境:0; 食安健康:0; 勞動福祉:2; 文化共融:0
taipei,e9ce11ee-2f18-474d-8259-3edae6108d49,00002433,臺北市人口數按出生地,勞動福祉,False,True,True,table,就業趨勢與社福資源分析,False,2,統計,公共資訊,原始資料,主計處,,主計處,每1年,CSV,中文,2022-02-21T00:00:00,https://tsis.dbas.gov.taipei/statis/webMain.aspx?sys=220&ymf=10400&kind=21&type=0&funid=a05039401&cycle=4&outmode=12&compmode=0&outkind=3&deflst=2&nzo=1,臺北市人口數按出生地時間數列統計資料,統計期、性別、總計[人]、本國/合計[人]、本國/新北市[人]、本國/臺北市[人]、本國/桃園市[人]、本國/臺中市[人]、本國/臺南市[人]、本國/高雄市[人]、本國/宜蘭縣[人]、本國/新竹縣[人]、本國/苗栗縣[人]、本國/彰化縣[人]、本國/南投縣[人]、本國/雲林縣[人]、本國/嘉義縣[人]、本國/屏東縣[人]、本國/臺東縣[人]、本國/花蓮縣[人]、本國/澎湖縣[人]、本國/基隆市[人]、本國/新竹市[人]、本國/嘉義市[人]、本國/金門縣[人]、本國/連江縣[人]、大陸地區[人]、港澳地區[人]、東南亞地區[人]、其他地區[人]、未詳[人],智慧通勤:0; 韌性防災:0; 永續環境:0; 食安健康:0; 勞動福祉:1; 文化共融:0
taipei,eb77b3e1-a511-4d06-a0ce-64c936220c22,00002615,臺北市人口死亡數按年齡別,勞動福祉,False,True,True,table,就業趨勢與社福資源分析,False,2,統計,公共資訊,原始資料,主計處,,主計處,每1年,CSV,中文,2020-10-29T00:00:00,https://tsis.dbas.gov.taipei/statis/webMain.aspx?sys=220&ymf=5700&kind=21&type=0&funid=a05002901&cycle=4&outmode=12&compmode=0&outkind=3&deflst=2&nzo=1,"臺北市人口死亡數按年齡別時間數列統計資料
",統計期、登記/發生日期別、性別、總計[人]、未滿1歲[人]、1歲[人]、2歲[人]、3歲[人]、4歲[人]、5~9歲[人]、10~14歲[人]、15~19歲[人]、20~24歲[人]、25~29歲[人]、30~34歲[人]、35~39歲[人]、40~44歲[人]、45~49歲[人]、50~54歲[人]、55~59歲[人]、60~64歲[人]、65~69歲[人]、70~74歲[人]、75~79歲[人]、80~84歲[人]、85歲以上[人],智慧通勤:0; 韌性防災:0; 永續環境:0; 食安健康:0; 勞動福祉:1; 文化共融:0
taipei,d095bd48-b743-45e2-aef3-e9cfe5bd53df,00002651,臺北市人口結婚情形,勞動福祉,False,True,True,table,就業趨勢與社福資源分析,False,2,統計,婚姻,原始資料,主計處,,主計處,每1年,"CSV,CSV",中文,2022-02-10T00:00:00,"https://tsis.dbas.gov.taipei/statis/webMain.aspx?sys=220&ymf=8700&kind=21&type=0&funid=a05004002&cycle=4&outmode=12&compmode=0&outkind=1&deflst=2&nzo=1,https://tsis.dbas.gov.taipei/statis/webMain.aspx?sys=220&ymf=8000&kind=21&type=0&funid=a05004001&cycle=4&outmode=12&compmode=0&outkind=3&deflst=2&nzo=1","臺北市人口結婚情形時間數列統計資料
",統計期、登記/發生日期、結婚對數/總計[對]、結婚對數/相同性別[對]、結婚對數/對象為本國國籍配偶[對]、結婚對數/對象為大陸港澳配偶[對]、結婚對數/對象為其他外籍配偶[對]、結婚對數中配偶為大陸港澳及其他外籍人士之對數比率[%]、結婚人數中大陸港澳及其他外籍配偶之人數比率[%]、結婚人數/總計/男[人]、結婚人數/總計/女[人]、結婚人數/初婚/男[人]、結婚人數/初婚/女[人]、結婚人數/離婚或終止結婚/男[人]、結婚人數/離婚或終止結婚/女[人]、結婚人數/喪偶再婚/男[人]、結婚人數/喪偶再婚/女[人]、結婚平均年齡/全體/男[歲]、結婚平均年齡/全體/女[歲]、結婚平均年齡/初婚/男[歲]、結婚平均年齡/初婚/女[歲]、結婚平均年齡/離婚或終止結婚再婚/男[歲]、結婚平均年齡/離婚或終止結婚再婚/女[歲]、結婚平均年齡/喪偶再婚/男[歲]、結婚平均年齡/喪偶再婚/女[歲],智慧通勤:0; 韌性防災:0; 永續環境:0; 食安健康:0; 勞動福祉:1; 文化共融:0
taipei,a073e196-cb86-4b91-bd69-e804a073883f,00002453,臺北市人口自然增加及社會增加,勞動福祉,False,True,True,table,就業趨勢與社福資源分析,False,2,統計,公共資訊,原始資料,主計處,,主計處,每1年,CSV,中文,2022-01-14T00:00:00,https://tsis.dbas.gov.taipei/statis/webMain.aspx?sys=220&ymf=5700&kind=21&type=0&funid=a05002801&cycle=4&outmode=12&compmode=0&outkind=1&deflst=2&nzo=1,"臺北市人口自然增加及社會增加時間數列統計資料
",統計期、人口增加數[人]、自然增加/出生人數/總計[人]、自然增加/出生人數/男[人]、自然增加/出生人數/女[人]、自然增加/粗出生率[千分比]、自然增加/死亡人數/總計[人]、自然增加/死亡人數/男[人]、自然增加/死亡人數/女[人]、自然增加/粗死亡率[千分比]、自然增加數[人]、自然增加率[千分比]、社會增加/遷入人數/總計[人]、社會增加/遷入人數/男[人]、社會增加/遷入人數/女[人]、社會增加/遷入率[千分比]、社會增加/遷出人數/總計[人]、社會增加/遷出人數/男[人]、社會增加/遷出人數/女[人]、社會增加/遷出率[千分比]、社會增加/遷入人數[含同區住址邊更][人]、社會增加/遷出人數[含同區住址邊更][人]、社會增加/同區住址邊更遷入人數[人]、社會增加/同區住址邊更遷出人數[人]、社會增加數[人]、社會增加率[千分比]、人口總移動率[千分比],智慧通勤:0; 韌性防災:0; 永續環境:0; 食安健康:0; 勞動福祉:2; 文化共融:0
taipei,3acfeb5e-2364-44d9-a7a5-67a6af09b82e,00002652,臺北市人口離婚情形,勞動福祉,False,True,True,table,就業趨勢與社福資源分析,False,2,統計,婚姻,原始資料,主計處,,主計處,每1年,"CSV,CSV",中文,2022-03-08T00:00:00,"https://tsis.dbas.gov.taipei/statis/webMain.aspx?sys=220&ymf=8900&kind=21&type=0&funid=a05004102&cycle=4&outmode=12&compmode=0&outkind=1&deflst=2&nzo=1,https://tsis.dbas.gov.taipei/statis/webMain.aspx?sys=220&ymf=8000&kind=21&type=0&funid=a05004101&cycle=4&outmode=12&compmode=0&outkind=3&deflst=2&nzo=1","臺北市人口離婚情形時間數列統計資料
",統計期、登記/發生日期、離婚對數/總計[對]、離婚對數/相同性別[對]、離婚對數/對象為本國國籍配偶[對]、離婚對數/對象為大陸港澳配偶[對]、離婚對數/對象為其他外籍配偶[對]、離婚對數中配偶為大陸港澳及其他外籍人士之對數比率[%]、平均離婚年齡/男[歲]、平均離婚年齡/女[歲],智慧通勤:0; 韌性防災:0; 永續環境:0; 食安健康:0; 勞動福祉:1; 文化共融:0
taipei,3307b322-575c-4908-807c-6b9357e5e004,00002388,臺北市人民團體概況,勞動福祉,False,True,True,table,就業趨勢與社福資源分析,False,2,統計,公共資訊,原始資料,主計處,,主計處,每1年,CSV,中文,2021-02-27T00:00:00,https://tsis.dbas.gov.taipei/statis/webMain.aspx?sys=220&ymf=5700&kind=21&type=0&funid=a05024901&cycle=4&outmode=12&compmode=0&outkind=1&deflst=2&nzo=1,臺北市人民團體概況時間數列統計資料,"統計期、團體數/總計[個]、團體數/職業團體[個]、團體數/社會團體[個]、會員數/總計/個人會員[人]、會員數/總計/團體會員[個]、會員數/職業團體/個人會員[人]、會員數/職業團體/團體會員[個]、會員數/社會團體/個人會員[人]、會員數/社會團體/團體會員[個]
",智慧通勤:0; 韌性防災:0; 永續環境:0; 食安健康:0; 勞動福祉:1; 文化共融:0
taipei,e664b073-b954-4010-a46f-7166d5b1484e,00000681,臺北市低收、中低收入老人修繕住屋補助人數,勞動福祉,False,True,True,table,就業趨勢與社福資源分析,False,2,社福,老年安養,網路服務,社會局,,社會局,每1年,CSV,中文,2019-12-20T00:00:00,/api/dataset/e664b073-b954-4010-a46f-7166d5b1484e/resource/62978ac4-f8e5-4e02-8142-eb9eb0f3315e/download,低收、中低收入老人修繕住屋補助人數資料呈現於【社會局局網> 統計資料 > 預告統計資料發布時間表】,年度、低收入戶補助人數、低收入戶補助人次、中低收入戶補助人數、中低收入戶補助人次,智慧通勤:0; 韌性防災:0; 永續環境:0; 食安健康:0; 勞動福祉:5; 文化共融:0
taipei,25495eba-4ca7-4e55-94b8-675a6ca54624,00002942,臺北市低收入戶人口數(57年至86年),勞動福祉,False,True,True,table,就業趨勢與社福資源分析,False,2,統計,公共資訊,原始資料,主計處,,主計處,每1年,CSV,中文,2020-11-19T00:00:00,https://tsis.dbas.gov.taipei/statis/webMain.aspx?sys=220&ymf=5700&ymt=8600&kind=21&type=0&funid=a05026801&cycle=4&outmode=12&compmode=0&outkind=1&deflst=2&nzo=1,臺北市低收入戶人口數(57年至86年)時間數列統計資料,統計期、臺北市最低生活費[元]、總計/戶數[戶]、總計/人數[人]、生活照顧戶/戶數[戶]、生活照顧戶/人數[人]、生活輔導戶/戶數[戶]、生活輔導戶/人數[人]、臨時輔導戶/戶數[戶]、臨時輔導戶/人數[人],智慧通勤:0; 韌性防災:0; 永續環境:0; 食安健康:0; 勞動福祉:3; 文化共融:0
taipei,5b8c4efd-3012-43c6-945e-8aa23f603a61,00002943,臺北市低收入戶人口數(87年以後),勞動福祉,False,True,True,table,就業趨勢與社福資源分析,False,2,統計,公共資訊,原始資料,主計處,,主計處,每1年,CSV,中文,2022-01-24T00:00:00,https://tsis.dbas.gov.taipei/statis/webMain.aspx?sys=220&ymf=8700&kind=21&type=0&funid=a05026802&cycle=4&outmode=12&compmode=0&outkind=1&deflst=2&nzo=1,臺北市低收入戶人口數(87年以後)時間數列統計資料,統計期、臺北市最低生活費[元]、總計/戶數[戶]、總計/戶數占全市[區]戶數比率[%]、總計/人數[人]、總計/人數占全市[區]人口數比率[%]、第0類/戶數[戶]、第0類/人數[人]、第1類/戶數[戶]、第1類/人數[人]、第2類/戶數[戶]、第2類/人數[人]、第3類/戶數[戶]、第3類/人數[人]、第4類/戶數[戶]、第4類/人數[人],智慧通勤:0; 韌性防災:0; 永續環境:0; 食安健康:0; 勞動福祉:2; 文化共融:0
taipei,0f984bbc-523a-446c-9941-65008672b3cd,00002947,臺北市低收入戶及民眾慰問,勞動福祉,False,True,True,table,就業趨勢與社福資源分析,False,2,統計,公共資訊,原始資料,主計處,,主計處,每1年,CSV,中文,2022-02-15T00:00:00,https://tsis.dbas.gov.taipei/statis/webMain.aspx?sys=220&ymf=7800&kind=21&type=0&funid=a05027101&cycle=4&outmode=12&compmode=0&outkind=3&deflst=2&nzo=1,臺北市低收入戶及民眾慰問時間數列統計資料,統計期、慰問人[戶]次/低收入戶[戶次]、慰問人[戶]次/其他/人次、慰問人[戶]次/其他/戶[所]次、慰問款物/總計[元]、慰問款物/現金[元]、慰問款物/實物總值[元],智慧通勤:0; 韌性防災:0; 永續環境:0; 食安健康:0; 勞動福祉:1; 文化共融:0
taipei,b53e1997-d223-4c0b-9bb2-2f018e4482fb,00003528,臺北市低收入戶及節日慰問概況,勞動福祉,False,True,True,table,就業趨勢與社福資源分析,False,2,社福,公共資訊,網路服務,社會局,,社會局,每1年,CSV,中文,2020-12-28T00:00:00,/api/dataset/b53e1997-d223-4c0b-9bb2-2f018e4482fb/resource/8722457c-85cf-45c1-8bc5-625c0db74c49/download,提供臺北市低收入戶及節日慰問概況資訊,機關名稱、年/節日、慰問款物金額、受慰問戶次、受慰問人次,智慧通勤:0; 韌性防災:0; 永續環境:0; 食安健康:0; 勞動福祉:2; 文化共融:0
taipei,0b29acd6-9609-48be-984b-dd1281d1f04e,00002042,臺北市低收入戶及補助按月別,勞動福祉,False,True,True,table,就業趨勢與社福資源分析,False,2,統計,公共資訊,原始資料,主計處,,主計處,每1月,CSV,中文,2022-03-18T00:00:00,https://tsis.dbas.gov.taipei/statis/webMain.aspx?sys=220&ymf=8701&kind=21&type=0&funid=a04002901&cycle=1&outmode=12&compmode=0&outkind=1&deflst=2&nzo=1,臺北市低收入戶及補助按月別時間數列統計資料,統計期、低收入戶戶數[戶]、低收入戶人數[人]、低收入戶家庭生活補助人數[人]、低收入戶本府家庭生活補助金額[千元]、低收入戶內政部家庭生活補助金額[千元]、中低收入[含低收入戶]老人生活津貼補助人次[人次]、中低收入[含低收入戶]老人生活津貼補助金額[千元],智慧通勤:0; 韌性防災:0; 永續環境:0; 食安健康:0; 勞動福祉:3; 文化共融:0
taipei,471cb908-ba9e-409c-b875-bf18c1829d1d,00002944,臺北市低收入戶家庭補助(57至87上半年),勞動福祉,False,True,True,table,就業趨勢與社福資源分析,False,2,統計,公共資訊,原始資料,主計處,,主計處,每1年,CSV,中文,2020-11-19T00:00:00,https://tsis.dbas.gov.taipei/statis/webMain.aspx?sys=220&ymf=5700&ymt=8700&kind=21&type=0&funid=a05026901&cycle=4&outmode=12&compmode=0&outkind=1&deflst=2&nzo=1,臺北市低收入戶家庭補助(57-87上半年)時間數列統計資料,統計期、總計/人[戶]次、總計/金額[千元]、生活照顧戶家庭補助/生活救助/人[戶]次、生活照顧戶家庭補助/生活救助/金額[千元]、生活照顧戶家庭補助/戶內其他人口救助/人次、生活照顧戶家庭補助/戶內其他人口救助/金額[千元]、生活照顧戶家庭補助/戶內其他人口救助/內政部補助金額[千元]、生活輔導戶家庭救助/戶次、生活輔導戶家庭救助/內政部補助金額[千元],智慧通勤:0; 韌性防災:0; 永續環境:0; 食安健康:0; 勞動福祉:4; 文化共融:0
taipei,27972a0d-707f-4e70-ba64-28c6fce5a23b,00002945,臺北市低收入戶家庭補助(87下半年以後),勞動福祉,False,True,True,table,就業趨勢與社福資源分析,False,2,統計,公共資訊,原始資料,主計處,,主計處,每1年,CSV,中文,2022-01-25T00:00:00,https://tsis.dbas.gov.taipei/statis/webMain.aspx?sys=220&ymf=8700&kind=21&type=0&funid=a05026902&cycle=4&outmode=12&compmode=0&outkind=1&deflst=2&nzo=1,臺北市低收入戶家庭補助(87下半年以後)時間數列統計資料,統計期、總計/人[戶]次、總計/金額[千元]、第0類全戶人口/人次、第0類全戶人口/金額[千元]、第1類全戶人口/人次、第1類全戶人口/金額[千元]、第2類戶長/戶次、第2類戶長/金額[千元]、其他[孕婦加成補助]/人次、其他[孕婦加成補助]/金額[千元],智慧通勤:0; 韌性防災:0; 永續環境:0; 食安健康:0; 勞動福祉:3; 文化共融:0
taipei,c09b5bb2-fbc3-4a8c-97fe-c1749577acef,00003496,臺北市低收入戶數及人數按款別分,勞動福祉,False,True,True,table,就業趨勢與社福資源分析,False,2,社福,公共資訊,網路服務,社會局,,社會局,每3月,CSV,中文,2020-12-28T00:00:00,/api/dataset/c09b5bb2-fbc3-4a8c-97fe-c1749577acef/resource/a758f6eb-3b4e-4e68-b8e0-7ae6fd7a414a/download,每季提供臺北市低收入戶數及人數按款別分資訊,年/季、戶數總計、第一款戶數、第二款戶數、第三款戶數、第一款人數、第二款人數、第三款人數,智慧通勤:0; 韌性防災:0; 永續環境:0; 食安健康:0; 勞動福祉:2; 文化共融:0
taipei,6ce4ad1c-77b5-4eca-b9c5-36f306a073dc,00003498,臺北市低收入戶數及人數按身分別分,勞動福祉,False,True,True,table,就業趨勢與社福資源分析,False,2,社福,公共資訊,網路服務,社會局,,社會局,每3月,CSV,中文,2020-12-28T00:00:00,/api/dataset/6ce4ad1c-77b5-4eca-b9c5-36f306a073dc/resource/3689cc7a-e0f9-44fb-bddc-b548b76f60f3/download,每季提供臺北市低收入戶數及人數按身分別分資訊,年/季、本季底戶數總計、本季底一般戶戶數、本季底原住民戶戶數、本季底人數總計、本季底一般戶人數、本季底原住民戶人數,智慧通勤:0; 韌性防災:0; 永續環境:0; 食安健康:0; 勞動福祉:2; 文化共融:0
taipei,40391121-1f09-4aff-8978-8a38aa65bf86,00000706,臺北市低收入戶暨中低收入戶生育補助申請,勞動福祉,False,True,True,table,就業趨勢與社福資源分析,False,2,社福,生育保健,網路服務,社會局,,社會局,不定期更新,CSV,中文,2015-06-01T00:00:00,/api/dataset/40391121-1f09-4aff-8978-8a38aa65bf86/resource/67c2951e-4187-4e1e-8dce-174b11f6caf5/download,"低收入戶暨中低收入戶生育補助申請資料呈現於【社會局局網> 社會救助 > 健保及醫療補助】
",機關代碼、項目、資料連結路徑、點閱數量、公告日期,智慧通勤:0; 韌性防災:0; 永續環境:0; 食安健康:1; 勞動福祉:5; 文化共融:0
taipei,63922471-d357-49d5-a1ba-216361b75637,00003502,臺北市低收入戶生活扶助,勞動福祉,False,True,True,table,就業趨勢與社福資源分析,False,2,社福,公共資訊,網路服務,社會局,,社會局,每3月,CSV,中文,2020-12-28T00:00:00,/api/dataset/63922471-d357-49d5-a1ba-216361b75637/resource/f781347b-9b4b-4e39-94ed-6e2bebaca35a/download,每季提供臺北市低收入戶生活扶助資訊,年/季、總金額、第0類低收入戶人次、第0類低收入戶發放標準、第0類低收入戶金額、第1類低收入戶人次、第1類低收入戶發放標準、第1類低收入戶金額、第2類低收入戶戶次、第2類低收入戶發放標準、第2類低收入戶金額,智慧通勤:0; 韌性防災:0; 永續環境:0; 食安健康:0; 勞動福祉:3; 文化共融:0
taipei,528b8fdd-6bc1-4e84-943c-62f9edc5da3d,00002946,臺北市低收入戶生活扶助統計,勞動福祉,False,True,True,table,就業趨勢與社福資源分析,False,2,統計,公共資訊,原始資料,主計處,,主計處,每1年,CSV,中文,2022-02-15T00:00:00,https://tsis.dbas.gov.taipei/statis/webMain.aspx?sys=220&ymf=9400&kind=21&type=0&funid=a05027001&cycle=4&outmode=12&compmode=0&outkind=1&deflst=2&nzo=1,臺北市低收入戶生活扶助統計時間數列統計資料,統計期、生活扶助/人次[人次]、生活扶助/金額[千元]、就學生活扶助/人次[人次]、就學生活扶助/金額[千元]、特殊救助/產婦及嬰兒營養補助人次[人次]、特殊救助/產婦及嬰兒營養補助金額[千元]、特殊救助/托兒補助人次[人次]、特殊救助/托兒補助金額[千元]、特殊救助/教育補助人次[人次]、特殊救助/教育補助金額[千元]、特殊救助/租金補助人次[人次]、特殊救助/租金補助金額[千元]、特殊救助/住宅借住/戶數[戶]、特殊救助/住宅借住/金額[千元]、特殊救助/房屋修繕補助戶次[戶次]、特殊救助/房屋修繕補助金額[千元]、特殊救助/喪葬補助人次[人次]、特殊救助/喪葬補助金額[千元]、特殊救助/居家服務/人次[人次]、特殊救助/居家服務/金額[千元]、特殊救助/生育補助人次[人次]、特殊救助/生育補助金額[千元]、特殊救助/就學交通補助人次[人次]、特殊救助/就學交通補助金額[千元]、特殊救助/其他必要之救助/人次[人次]、特殊救助/其他必要之救助/金額[千元]、低收入戶購置電腦補助累計戶數[戶]、就業服務人次[人次]、職業訓練人次[人次]、以工代賑/人次/總計[人次]、以工代賑/人次/一般[人次]、以工代賑/人次/原住民/合計[人次]、以工代賑/人次/原住民/男[人次]、以工代賑/人次/原住民/女[人次]、以工代賑/金額[千元],智慧通勤:1; 韌性防災:0; 永續環境:0; 食安健康:0; 勞動福祉:4; 文化共融:0
taipei,dde8fc5f-7033-4129-9882-f1b2e82bdf4c,00003529,臺北市低收入戶輔導就業服務,勞動福祉,False,True,True,table,就業趨勢與社福資源分析,False,2,社福,求職及就業,網路服務,社會局,,社會局,每3月,CSV,中文,2020-12-28T00:00:00,/api/dataset/dde8fc5f-7033-4129-9882-f1b2e82bdf4c/resource/218c4a9d-6ad1-4085-9f38-ae36039e92ad/download,每季提供臺北市低收入戶輔導就業服務資訊,序號、年/季、以工代賑/人次、以工代賑/金額、社政轉介勞政就業媒合服務人次,智慧通勤:0; 韌性防災:0; 永續環境:0; 食安健康:0; 勞動福祉:3; 文化共融:0
taipei,2d39228b-28f1-47e9-9f54-6ec948796e99,00002572,臺北市依性別工作平等法申訴概況,勞動福祉,False,True,True,table,就業趨勢與社福資源分析,False,2,統計,求職及就業,原始資料,主計處,,主計處,每1年,CSV,中文,2021-03-09T00:00:00,https://tsis.dbas.gov.taipei/statis/webMain.aspx?sys=220&ymf=10500&kind=21&type=0&funid=a05039801&cycle=4&outmode=12&compmode=0&outkind=1&deflst=2&nzo=1,"臺北市依性別工作平等法申訴概況時間數列統計資料
",統計期、申訴件數[件]、申訴成立件數[件]、申訴人數/總計[人]、申訴人數/男性[人]、申訴人數/女性[人]、職場性騷擾申訴件數[件]、職場性騷擾申訴成立件數[件]、職場性騷擾申訴人數/總計[人]、職場性騷擾申訴人數/男性[人]、職場性騷擾申訴人數/女性[人],智慧通勤:0; 韌性防災:0; 永續環境:0; 食安健康:0; 勞動福祉:1; 文化共融:0
taipei,aca78a8c-a4a5-49e4-898b-9ae67ff7b2c9,00004078,臺北市個案研討,勞動福祉,False,True,True,table,就業趨勢與社福資源分析,False,2,社福,公共資訊,原始資料,社會局,,社會局,不定期更新,CSV,中文,2022-01-26T00:00:00,/api/dataset/aca78a8c-a4a5-49e4-898b-9ae67ff7b2c9/resource/42b9d730-2a00-47d7-aef5-2b3a5b669c24/download,本市社會安全網進行個案研討數量統計,"機關名稱、機關代碼、年度、月份、案數
",智慧通勤:0; 韌性防災:0; 永續環境:0; 食安健康:0; 勞動福祉:2; 文化共融:0
taipei,935ff592-b614-493f-92f0-930570994ff1,00003602,臺北市兒少保護個案處遇及結案情形,勞動福祉,False,True,True,table,就業趨勢與社福資源分析,False,2,社福,出生及收養,網路服務,社會局,,社會局,每1年,CSV,中文,2020-12-30T00:00:00,/api/dataset/935ff592-b614-493f-92f0-930570994ff1/resource/b1ec5a16-fc7c-4c3d-a4fb-0e8872d1d231/download,定期提供臺北市兒少保護個案處遇及結案情形資訊,年/季、處遇個案總數量、家庭維繫個案數量、家庭重整個案數量、安置後返家個案數、中長程處遇服務類型個案數、處遇中服務量總計、結轉案人數、結轉案原因/受虐原因消失、結轉案原因/結束安置返家且列入追蹤輔導計畫、結轉案原因/案家搬遷或案件屬他轄、結轉案原因/個案死亡、結轉案原因/個案出養、結轉案原因/其他,智慧通勤:0; 韌性防災:0; 永續環境:0; 食安健康:0; 勞動福祉:1; 文化共融:0
taipei,40b597aa-3614-4114-8da0-8854f7f185b8,00003605,臺北市兒少保護及福利服務通報案件_受暴問題類型,勞動福祉,False,True,True,table,就業趨勢與社福資源分析,False,2,社福,公共資訊,網路服務,社會局,,社會局,每1年,CSV,中文,2020-12-30T00:00:00,/api/dataset/40b597aa-3614-4114-8da0-8854f7f185b8/resource/aec9b382-857e-46fc-8d07-57c670f9f42a/download,定期提供臺北市兒少保護及福利服務通報案件_受暴問題類型資訊,年/季、總案件數、保護服務總案件數、保護服務/兒少保護案件數、保護服務/兒少性剝削案件數、福利服務案件數、諮詢或轉介案件數、轉介服務案件數、其他情形案件數,智慧通勤:0; 韌性防災:0; 永續環境:0; 食安健康:0; 勞動福祉:2; 文化共融:0
taipei,3d4b045a-4206-404d-b8d9-aa8e2626698d,00000680,臺北市兒少安置機構管理,勞動福祉,False,True,True,table,就業趨勢與社福資源分析,False,2,社福,出生及收養,網路服務,社會局,,社會局,每1年,CSV,中文,2020-01-07T00:00:00,/api/dataset/3d4b045a-4206-404d-b8d9-aa8e2626698d/resource/02d699b5-c529-4271-85b0-85ac8c3c5ab2/download,"兒少安置機構管理資料呈現於【社會局局網> 統計資料 > 預告統計資料發布時間表】
",年度、安置及教養機構所數、安置及教養機構床位數、安置及教養機構本期進住人數、安置及教養機構現有收容人數,智慧通勤:0; 韌性防災:0; 永續環境:0; 食安健康:0; 勞動福祉:2; 文化共融:0
taipei,b0736b6d-0415-41d0-a768-aa5cb9bdeeaa,00003606,臺北市兒少通報案件處理情形,勞動福祉,False,True,True,table,就業趨勢與社福資源分析,False,2,社福,公共資訊,網路服務,社會局,,社會局,每1年,CSV,中文,2020-12-30T00:00:00,/api/dataset/b0736b6d-0415-41d0-a768-aa5cb9bdeeaa/resource/25508b63-6c6d-442f-b9fe-f63b10edb980/download,定期提供臺北市兒少通報案件處理情形資訊,年度、社會安全網兒少保護通報表及未滿18歲性侵害通報表總數量、社會安全網兒少保護通報表及未滿18歲性侵害通報表/責任通報總數、社會安全網兒少保護通報表及未滿18歲性侵害通報表/一般通報總數、社會安全網事件諮詢表-未滿18歲通報案件總數、社會安全網事件諮詢表-未滿18歲通報案件/責任通報總數、社會安全網事件諮詢表-未滿18歲通報案件/一般通報,智慧通勤:0; 韌性防災:0; 永續環境:0; 食安健康:0; 勞動福祉:2; 文化共融:0
taipei,5f9f0c57-66d0-4ec9-a027-52b2e3807722,00003504,臺北市兒少高風險家庭關懷輔導處遇服務執行概況,勞動福祉,False,True,True,table,就業趨勢與社福資源分析,False,2,社福,公共資訊,網路服務,社會局,,社會局,每3月,CSV,中文,2020-12-28T00:00:00,/api/dataset/5f9f0c57-66d0-4ec9-a027-52b2e3807722/resource/fc34f29b-e3a3-418a-91b7-3d053f6bab42/download,每季提供臺北市兒少高風險家庭關懷輔導處遇服務執行概況資訊,年/季、訪視評估結果總數量、兒少訪視評估結果總數量、成人訪視評估結果總數量、本季新增開案總計、本季兒少新增開案、本季成人新增開案、經評估為保護案件總計、經評估為兒少保護案件、經評估為成人保護案件、本季尚開案評估中、本季結案,智慧通勤:0; 韌性防災:0; 永續環境:0; 食安健康:0; 勞動福祉:1; 文化共融:0
taipei,66b4709b-50b6-4b14-8a2d-1362caf0b73f,00003586,臺北市兒童及少年家庭寄養概況,勞動福祉,False,True,True,table,就業趨勢與社福資源分析,False,2,社福,出生及收養,網路服務,社會局,,社會局,每3月,CSV,中文,2020-12-30T00:00:00,/api/dataset/66b4709b-50b6-4b14-8a2d-1362caf0b73f/resource/e5746702-e6ce-4f5d-a22a-ff68bb8806b9/download,每季提供臺北市兒童及少年家庭寄養概況資訊,民國年、季、增加寄養人數、停止寄養人數、實有寄養人數,智慧通勤:0; 韌性防災:0; 永續環境:0; 食安健康:0; 勞動福祉:1; 文化共融:0
taipei,0fe52ced-bfe6-4d63-99a0-cffa25c2f65b,00003584,臺北市兒童及少年性剝削案件辦理情形,勞動福祉,False,True,True,table,就業趨勢與社福資源分析,False,2,社福,公共資訊,網路服務,社會局,,社會局,不定期更新,CSV,中文,2020-12-30T00:00:00,/api/dataset/0fe52ced-bfe6-4d63-99a0-cffa25c2f65b/resource/156ece24-9bec-43b3-8692-9391eeefd112/download,每半年提供臺北市兒童及少年性剝削案件辦理情形資訊,年/半年、總案件數、報告來源/責任報告數量、報告來源/其他數量、案件類型/使兒童或少年為有對價之性交或猥褻行為、案件類型/利用兒童或少年為性交或猥褻之行為並供人觀覽、案件類型/拍攝或製造兒童或少年為性交或猥褻行為之物品、案件類型/利用兒童或少年從事坐檯陪酒或涉及色情之伴遊或伴舞等侍應工作,智慧通勤:0; 韌性防災:0; 永續環境:0; 食安健康:0; 勞動福祉:1; 文化共融:0
taipei,3a9d0c55-6506-4cc2-84f6-f0d28369c5da,00003583,臺北市兒童及少年性剝削通報被害人概況,勞動福祉,False,True,True,table,就業趨勢與社福資源分析,False,2,社福,公共資訊,網路服務,社會局,,社會局,不定期更新,CSV,中文,2020-12-30T00:00:00,/api/dataset/3a9d0c55-6506-4cc2-84f6-f0d28369c5da/resource/bb87fd8e-33da-418e-9402-cad61edcfcdb/download,每半年提供臺北市兒童及少年性剝削通報被害人概況資訊,年/半年、總人數、一般民眾人數、原住民人數、大陸籍人數、外國籍人數、無國籍人數、國籍別不詳人數、就學狀況/學齡前、就學狀況/國小、就學狀況/國中、就學狀況/高中職、就學狀況/大專、就學狀況/不詳,智慧通勤:0; 韌性防災:0; 永續環境:0; 食安健康:0; 勞動福祉:1; 文化共融:0
taipei,07a41a31-fe50-41ee-8237-e6714da75628,00003603,臺北市兒童及少年福利服務,勞動福祉,False,True,True,table,就業趨勢與社福資源分析,False,2,社福,公共資訊,網路服務,社會局,,社會局,不定期更新,CSV,中文,2020-12-30T00:00:00,/api/dataset/07a41a31-fe50-41ee-8237-e6714da75628/resource/ff6ab9f3-1fdf-4c40-a267-1f6a01d6148b/download,提供臺北市兒童及少年福利服務資訊,年度、兒童及少年諮詢代表人數、兒童及少年培力活動參與人次、無依兒童及少年安置及處理人數/尋獲父母或監護人者、無依兒童及少年安置及處理人數/逾法定期限未尋獲父母或監護人者、無依兒童及少年安置及處理人數/法定期限內尚在協尋父母或監護人者,智慧通勤:0; 韌性防災:0; 永續環境:0; 食安健康:0; 勞動福祉:2; 文化共融:1
taipei,c428f322-0d54-403c-9778-235646d5f7cd,00002413,臺北市兒童及少年福利服務統計,勞動福祉,False,True,True,table,就業趨勢與社福資源分析,False,2,統計,公共資訊,原始資料,主計處,,主計處,每1年,CSV,中文,2022-02-22T00:00:00,https://tsis.dbas.gov.taipei/statis/webMain.aspx?sys=220&ymf=8800&kind=21&type=0&funid=a05026001&cycle=4&outmode=12&compmode=0&outkind=1&deflst=2&nzo=1,臺北市兒童及少年福利服務時間數列統計資料,統計期、生活扶助/件人次[件人次]、生活扶助/金額[元]、弱勢兒少醫療補助/件人次[件人次]、弱勢兒少醫療補助/金額[元]、弱勢兒少托育補助或津貼/件人次[件人次]、弱勢兒少托育補助或津貼/金額[元]、育樂活動參加人次[人次]、家庭寄養/家庭數[戶]、家庭寄養/人數/合計[人]、家庭寄養/人數/男[人]、家庭寄養/人數/女[人]、個案輔導人次[人次]、追蹤輔導人次[人次],智慧通勤:0; 韌性防災:0; 永續環境:0; 食安健康:1; 勞動福祉:4; 文化共融:1
taipei,1c49371e-1346-4756-a8be-3b0f2554045f,00003579,臺北市兒童及少年結束家外安置後續追蹤輔導服務概況,勞動福祉,False,True,True,table,就業趨勢與社福資源分析,False,2,社福,公共資訊,網路服務,社會局,,社會局,每1年,CSV,中文,2020-12-30T00:00:00,/api/dataset/1c49371e-1346-4756-a8be-3b0f2554045f/resource/3e3403c1-14e1-41b2-9935-5ccaa741b47d/download,定期提供臺北市兒童及少年結束家外安置後續追蹤輔導服務概況資訊,機關名稱、年/半年、本期追蹤輔導人數、本期新增追蹤輔導人數、前期未結案追蹤輔導人數,智慧通勤:0; 韌性防災:0; 永續環境:0; 食安健康:0; 勞動福祉:1; 文化共融:0
taipei,57f0c628-9e83-4bf0-9099-15a2eeeee30d,00002415,臺北市兒童少年保護,勞動福祉,False,True,True,table,就業趨勢與社福資源分析,False,2,統計,公共資訊,原始資料,主計處,,主計處,每1年,CSV,中文,2022-03-10T00:00:00,https://tsis.dbas.gov.taipei/statis/webMain.aspx?sys=220&ymf=8700&kind=21&type=0&funid=a05026101&cycle=4&outmode=12&compmode=0&outkind=1&deflst=2&nzo=1,臺北市兒童少年保護時間數列統計資料,統計期、兒童少年福利機構數[所]、兒童及少年安置及教養機構現有人數[人]、每萬未滿18歲人口中兒童及少年安置及教養機構現有人數[人]、接受保護兒童少年專線服務人次[人次]、每萬未滿18歲人口中接受保護兒童少年專線服務人次[人次]、兒童及少年性剝削受理通報[報告]人數[人]、每萬未滿18歲人口中兒童及少年性剝削受理通報[報告]人數[人]、兒童及少年保護案件受虐者人數[人]、每萬未滿18歲人口中兒童及少年保護案件受虐者人數[人]、兒少保護通報調查處理個案數[人次]、兒少保護通報調查處理個案數[人次]/按分級/緊急事件、兒少保護通報調查處理個案數[人次]/按分級/非緊急事件、兒少保護通報調查處理個案數[人次]/按分類/家內事件、兒少保護通報調查處理個案數[人次]按分類/家外事件、兒少保護通報調查處理個案數[人次]/按分類/其他事件,智慧通勤:0; 韌性防災:1; 永續環境:0; 食安健康:0; 勞動福祉:2; 文化共融:0
taipei,2742b00e-d177-4dcc-b6c2-bedbdf8b0feb,00003607,臺北市兒童少年保護執行(三)_家內兒少保護個案基本資料,勞動福祉,False,True,True,table,就業趨勢與社福資源分析,False,2,社福,公共資訊,網路服務,社會局,,社會局,每1年,CSV,中文,2020-12-30T00:00:00,/api/dataset/2742b00e-d177-4dcc-b6c2-bedbdf8b0feb/resource/9b68cfc0-ee4b-45da-b86b-396ff6d03ae3/download,定期提供臺北市兒童少年保護執行(三)_家內兒少保護個案基本資料,年/季、總計、受虐類型/遺棄、受虐類型/身心虐待、受虐類型/不當管教、受虐類型/目睹家暴、受虐類型/兒少物質濫用、受虐類型/其它、0歲至未滿3歲人數、3歲至未滿6歲人數、6歲至未滿9歲人數、9歲至未滿12歲人數、12歲至未滿15歲人數、15歲至未滿18歲人數,智慧通勤:0; 韌性防災:0; 永續環境:0; 食安健康:0; 勞動福祉:1; 文化共融:0
taipei,6251d856-44a6-4f5d-9e2a-8fb137ee3453,00000671,臺北市兒童臨時托育補助,勞動福祉,False,True,True,table,就業趨勢與社福資源分析,False,2,社福,生育保健,網路服務,社會局,,社會局,不定期更新,CSV,中文,2020-07-24T00:00:00,/api/dataset/6251d856-44a6-4f5d-9e2a-8fb137ee3453/resource/899fe2e9-0757-455e-a840-afecbdb40b23/download,兒童臨時托育補助統計資料呈現於【社會局局網> 嬰幼兒照顧服務 > 育兒及托育相關補助】,序號、項目、資料連結路徑、點閱數量、公告日期,智慧通勤:0; 韌性防災:0; 永續環境:0; 食安健康:0; 勞動福祉:4; 文化共融:0
taipei,bfa7ecf0-1e8d-4574-9cfb-8bb065213f10,00003546,臺北市公墓設施概況,勞動福祉,False,True,True,table,就業趨勢與社福資源分析,False,2,民政,生命禮儀,原始資料,民政局,殯葬處,民政局殯葬處,每1年,CSV,中文,2020-12-29T00:00:00,/api/dataset/bfa7ecf0-1e8d-4574-9cfb-8bb065213f10/resource/b21d1af6-d59b-45c6-a624-90368791512e/download,統計公墓設施概況等資料,年度、公私立、總計/年底處數/合計、總計/年底處數/開放中、總計/年底處數/已停用、總計/年底土地面積、經規劃並啟用者/年底處數、經規劃並啟用者/年底土地面積、經規劃並啟用者/年底已使用面積、經規劃並啟用者/年底未使用面積、經規劃並啟用者/年底可使用墓基總數、經規劃並啟用者/年底已使用墓基總數、經規劃並啟用者/本年墓基使用數、經規劃並啟用者/年底尚未使用、經規劃並啟用者/本年埋葬/屍體數（具）、經規劃並啟用者/本年埋葬/骨灰數（個）、經規劃並啟用者/本年遷出/骨骸數（個）、經規劃並啟用者/本年遷出/骨灰數（個）、未經規劃者/年底處數、未經規劃者/年底土地面積、未經規劃者/本年埋葬/屍體數（具）、未經規劃者/本年埋葬/骨灰數（個）、未經規劃者/本年遷出/骨骸數（個）、未經規劃者/本年遷出/骨灰數（個）,智慧通勤:0; 韌性防災:0; 永續環境:0; 食安健康:0; 勞動福祉:2; 文化共融:0
taipei,7d800823-de17-4c67-9f8b-31bbb46e2715,00003025,臺北市刑事案件,勞動福祉,False,True,True,table,就業趨勢與社福資源分析,False,2,統計,生活安全及品質,原始資料,主計處,,主計處,每1年,CSV,中文,2021-06-08T00:00:00,https://tsis.dbas.gov.taipei/statis/webMain.aspx?sys=220&ymf=5700&kind=21&type=0&funid=a05028401&cycle=4&outmode=12&compmode=0&outkind=1&deflst=2&nzo=1,"臺北市刑事案件時間數列統計資料
",統計期、發生件數[件]、發生率[件/十萬人]、破獲件數[件]、破獲件數/本市轄區/當期[件]、破獲件數/本市轄區/積案[件]、破獲件數/其他轄區[件]、破獲率[%]、嫌疑犯人數/總計[人]、嫌疑犯人數/兒童[人]、嫌疑犯人數/少年[人]、嫌疑犯人數/青年[人]、嫌疑犯人數/成年[人]、犯罪人口率[人/十萬人]、兒童犯罪人口率[人/十萬人]、少年犯罪人口率[人/十萬人]、青年犯罪人口率[人/十萬人]、成年犯罪人口率[人/十萬人]、被害人數[人],智慧通勤:0; 韌性防災:0; 永續環境:0; 食安健康:0; 勞動福祉:1; 文化共融:0
taipei,dc7e246a-a88e-42f8-8cd6-9739209af774,00002056,臺北市刑事案件按月別,勞動福祉,False,True,True,table,就業趨勢與社福資源分析,False,2,統計,生活安全及品質,原始資料,主計處,,主計處,每1月,"CSV,CSV",中文,2022-03-21T00:00:00,"https://tsis.dbas.gov.taipei/statis/webMain.aspx?sys=220&ymf=10801&kind=21&type=0&funid=a04003102&cycle=1&outmode=12&compmode=0&outkind=3&deflst=2&nzo=1,https://tsis.dbas.gov.taipei/statis/webMain.aspx?sys=220&ymf=8701&kind=21&type=0&funid=a04003101&cycle=1&outmode=12&compmode=0&outkind=3&deflst=2&nzo=1",臺北市刑事案件按月別時間數列統計資料,統計期、發生件數[件]、發生率[件/十萬人]、嫌疑犯[人]、犯罪人口率[人/十萬人]、破獲件數/總計[件]、破獲件數/當期[件]、破獲件數/積案[件]、破獲件數/他轄[件]、破獲率[%]、實際員警人數[人],智慧通勤:0; 韌性防災:0; 永續環境:0; 食安健康:0; 勞動福祉:1; 文化共融:0
taipei,036bbfa1-f121-4050-8fbe-5141581fe4ab,00003026,臺北市刑事案件類別統計,勞動福祉,False,True,True,table,就業趨勢與社福資源分析,False,2,統計,生活安全及品質,原始資料,主計處,,主計處,每1年,CSV,中文,2022-01-27T00:00:00,https://tsis.dbas.gov.taipei/statis/webMain.aspx?sys=220&ymf=5700&kind=21&type=0&funid=a05028501&cycle=4&outmode=12&compmode=0&outkind=1&deflst=2&nzo=1,"臺北市刑事案件類別統計時間數列統計資料
",統計期、發生件數/總計、發生件數/竊盜、發生件數/贓物、發生件數/賭博、發生件數/傷害/合計、發生件數/傷害/重傷害、發生件數/傷害/一般傷害、發生件數/詐欺背信/合計、發生件數/詐欺背信/詐欺、發生件數/詐欺背信/背信、發生件數/重利、發生件數/殺人/合計、發生件數/殺人/故意殺人、發生件數/殺人/過失致死、發生件數/駕駛過失、發生件數/妨害婚姻及家庭、發生件數/妨害風化、發生件數/妨害性自主罪/合計、發生件數/妨害性自主罪/強制性交、發生件數/妨害性自主罪/共同強制性交、發生件數/妨害性自主罪/對幼性交、發生件數/妨害性自主罪/性交猥褻、發生件數/恐嚇取財/合計、發生件數/恐嚇取財/重大恐嚇取財、發生件數/恐嚇取財/一般恐嚇取財、發生件數/擄人勒贖、發生件數/侵占、發生件數/偽造文書印文、發生件數/違反毒品危害防制條例、發生件數/毀棄損壞、發生件數/妨害公務、發生件數/違反著作權法、發生件數/違反商標法、發生件數/妨害電腦使用、發生件數/強盜搶奪/合計、發生件數/強盜搶奪/強盜、發生件數/強盜搶奪/搶奪、發生件數/竊佔、發生件數/違反藥事法、發生件數/違反森林法、發生件數/公共危險、發生件數/妨害自由、發生件數/妨害名譽、發生件數/違反選罷法、發生件數/妨害秘密、發生件數/遺棄、發生件數/誣告、發生件數/違反槍砲彈藥刀械管制條例、發生件數/違反就業服務法、發生件數/內亂、發生件數/偽造有價證券、發生件數/妨害秩序、發生件數/違反國家總動員法、發生件數/侵害墳墓屍體、發生件數/懲治走私條例、發生件數/違反貪污治罪條例、發生件數/瀆職、發生件數/妨害兵役、發生件數/偽造貨幣、發生件數/偽造度量衡、發生件數/偽證、發生件數/湮滅證據、發生件數/藏匿頂替、發生件數/脫逃、發生件數/其他、破獲件數/總計、破獲件數/竊盜、破獲件數/贓物、破獲件數/賭博、破獲件數/傷害/合計、破獲件數/傷害/重傷害、破獲件數/傷害/一般傷害、破獲件數/詐欺背信/合計、破獲件數/詐欺背信/詐欺、破獲件數/詐欺背信/背信、破獲件數/重利、破獲件數/殺人/合計、破獲件數/殺人/故意殺人、破獲件數/殺人/過失致死、破獲件數/駕駛過失、破獲件數/妨害家庭及婚姻、破獲件數/妨害風化、破獲件數/妨害性自主罪/合計、破獲件數/妨害性自主罪/強制性交、破獲件數/妨害性自主罪/共同強制性交、破獲件數/妨害性自主罪/對幼性交、破獲件數/妨害性自主罪/性交猥褻、破獲件數/恐嚇取財/合計、破獲件數/恐嚇取財/重大恐嚇取財、破獲件數/恐嚇取財/一般恐嚇取財、破獲件數/擄人勒贖、破獲件數/侵占、破獲件數/偽造文書印文、破獲件數/違反毒品危害防制條例、破獲件數/毀棄損壞、破獲件數/妨害公務、破獲件數/違反著作權法、破獲件數/違反商標法、破獲件數/妨害電腦使用、破獲件數/強盜搶奪/合計、破獲件數/強盜搶奪/強盜、破獲件數/強盜搶奪/搶奪、破獲件數/竊佔、破獲件數/違反藥事法、破獲件數/違反森林法、破獲件數/公共危險、破獲件數/妨害自由、破獲件數/妨害名譽、破獲件數/違反選罷法、破獲件數/妨害秘密、破獲件數/遺棄、破獲件數/誣告、破獲件數/違反槍砲彈藥刀械管制條例、破獲件數/違反就業服務法、破獲件數/內亂、破獲件數/偽造有價證券、破獲件數/妨害秩序、破獲件數/違反國家總動員法、破獲件數/侵害墳墓屍體、破獲件數/懲治走私條例、破獲件數/違反貪污治罪條例、破獲件數/瀆職、破獲件數/妨害兵役、破獲件數/偽造貨幣、破獲件數/偽造度量衡、破獲件數/偽證、破獲件數/湮滅證據、破獲件數/藏匿頂替、破獲件數/脫逃、破獲件數/其他,智慧通勤:0; 韌性防災:0; 永續環境:0; 食安健康:0; 勞動福祉:1; 文化共融:0
taipei,a244b6e4-dec8-4654-87c7-7e19609ff4d4,00000551,臺北市列管後備軍人動態統計表,勞動福祉,False,True,True,table,就業趨勢與社福資源分析,False,2,統計,服兵役,原始資料,兵役局,,兵役局,每1月,CSV,中文,2015-05-19T00:00:00,/api/dataset/a244b6e4-dec8-4654-87c7-7e19609ff4d4/resource/fd6e470e-fe43-453b-9eef-3794703574fa/download,臺北市列管後備軍人動態統計,年、月、役別、上月列管人數、小計增加人數、退伍報到增加人數、停役報到增加人數、零退報到增加人數、遷入增加人數、轉役入增加人數、其他增加人數、小計減少人數、遷出減少人數、志願服役減少人數、轉役出減少人數、免役減少人數、回役減少人數、除役減少人數、禁役減少人數、死亡減少人數、其他減少人數、本月列管人數、本月中出國人數、本月中失蹤人口人數、本月中失蹤撤銷人數、本月中回國人數、本月中區內住變人數,智慧通勤:0; 韌性防災:0; 永續環境:0; 食安健康:0; 勞動福祉:1; 文化共融:0
taipei,ae156106-fa7e-49a8-876d-4bd73fdfa40b,00000921,臺北市動產質借概況,勞動福祉,False,True,True,table,就業趨勢與社福資源分析,False,2,社福,公共資訊,原始資料,財政局,動質處,財政局動質處,每1年,"CSV,CSV,CSV,CSV,CSV,CSV,CSV,CSV,CSV,CSV,CSV,CSV",中文,2022-03-03T00:00:00,"/api/dataset/ae156106-fa7e-49a8-876d-4bd73fdfa40b/resource/c4406f5f-6ea9-4a23-b101-34198666377f/download,/api/dataset/ae156106-fa7e-49a8-876d-4bd73fdfa40b/resource/031cbd20-7847-462f-bb73-95457c127064/download,/api/dataset/ae156106-fa7e-49a8-876d-4bd73fdfa40b/resource/8e0b4cd8-eaf4-4abc-a2bf-95b8d7eaccc3/download,/api/dataset/ae156106-fa7e-49a8-876d-4bd73fdfa40b/resource/ca013bf2-7685-4103-a38b-86d4bd1f3da1/download,/api/dataset/ae156106-fa7e-49a8-876d-4bd73fdfa40b/resource/785e8af1-2053-4fad-8584-c52820d0bbe4/download,/api/dataset/ae156106-fa7e-49a8-876d-4bd73fdfa40b/resource/ef65c1b1-bd93-4ca7-b1d0-f5ff7bceb5e6/download,/api/dataset/ae156106-fa7e-49a8-876d-4bd73fdfa40b/resource/2f554c29-379e-42a5-8f63-5ed168140fdd/download,/api/dataset/ae156106-fa7e-49a8-876d-4bd73fdfa40b/resource/5bcf844b-e9cb-4883-bec0-27cd95750259/download,/api/dataset/ae156106-fa7e-49a8-876d-4bd73fdfa40b/resource/a7692942-b720-4a43-a9d7-ebfbe9434e00/download,/api/dataset/ae156106-fa7e-49a8-876d-4bd73fdfa40b/resource/6efbf00a-5abb-4cd0-aefe-c30d64ef6f75/download,/api/dataset/ae156106-fa7e-49a8-876d-4bd73fdfa40b/resource/04e64e71-8832-4f88-9720-31d53a61e3a0/download,/api/dataset/ae156106-fa7e-49a8-876d-4bd73fdfa40b/resource/6666dc01-8014-4ad2-8061-efc78da7a758/download",臺北市動產質借處年度質借狀況資料,戶籍地(戶籍地)、總人次(件)、按質借金額分未滿10萬元人次(件)、按質借金額分10-未滿20萬元人次(件)、按質借金額分20-未滿30萬元人次(件)、按質借金額分30-未滿40萬元人次(件)、按質借金額分40-未滿50萬元人次(件)、按質借金額分50-未滿60萬元人次(件)、按質借金額分60-未滿70萬元人次(件)、按質借金額分70-未滿80萬元人次(件)、按質借金額分80-未滿90萬元人次(件)、按質借金額分90-未滿100萬元人次(件)、按質借金額分100萬元以上人次(件)、按客戶年齡及性別分男20歲以下人次(件)、按客戶年齡及性別分女20歲以下人次(件)、按客戶年齡及性別分男21-30歲人次(件)、按客戶年齡及性別分女21-30歲人次(件)、按客戶年齡及性別分男31-40歲人次(件)、按客戶年齡及性別分女31-40歲人次(件)、按客戶年齡及性別分男41-50歲人次(件)、按客戶年齡及性別分女41-50歲人次(件)、按客戶年齡及性別分男51-60歲人次(件)、按客戶年齡及性別分女51-60歲人次(件)、按客戶年齡及性別分男61-64歲人次(件)、按客戶年齡及性別分女61-64歲人次(件)、按客戶年齡及性別分男65歲以上人次(件)、按客戶年齡及性別分女65歲以上人次(件),智慧通勤:0; 韌性防災:0; 永續環境:0; 食安健康:0; 勞動福祉:1; 文化共融:0
taipei,da9ed005-8f06-446a-b61a-d46e7d8d6ac9,00000919,臺北市動產質借處營業概況,勞動福祉,False,True,True,table,就業趨勢與社福資源分析,False,2,社福,公共資訊,原始資料,財政局,動質處,財政局動質處,每1年,"CSV,CSV,CSV,CSV,CSV,CSV,CSV,CSV,CSV,CSV,CSV,CSV",中文,2022-03-03T00:00:00,"/api/dataset/da9ed005-8f06-446a-b61a-d46e7d8d6ac9/resource/9836320c-9ae4-4f20-9e14-b66817efa9a5/download,/api/dataset/da9ed005-8f06-446a-b61a-d46e7d8d6ac9/resource/517209e8-932a-4b41-b724-21939fffa675/download,/api/dataset/da9ed005-8f06-446a-b61a-d46e7d8d6ac9/resource/ae42ed5b-5b10-48e4-9fc5-aa0d978fda28/download,/api/dataset/da9ed005-8f06-446a-b61a-d46e7d8d6ac9/resource/4248b655-632a-4a07-b904-8f399ad6e692/download,/api/dataset/da9ed005-8f06-446a-b61a-d46e7d8d6ac9/resource/13400657-2c5b-4c09-9a8c-b531b0004868/download,/api/dataset/da9ed005-8f06-446a-b61a-d46e7d8d6ac9/resource/d594c3b2-01d9-4373-b7ce-530bbe6c0b8a/download,/api/dataset/da9ed005-8f06-446a-b61a-d46e7d8d6ac9/resource/5e1f2881-6325-4251-839f-e91e50a98a84/download,/api/dataset/da9ed005-8f06-446a-b61a-d46e7d8d6ac9/resource/1652e982-ed8b-488e-9a9e-86c33f0ae4d2/download,/api/dataset/da9ed005-8f06-446a-b61a-d46e7d8d6ac9/resource/3a4e835c-2834-40c0-b033-2471c4ef570b/download,/api/dataset/da9ed005-8f06-446a-b61a-d46e7d8d6ac9/resource/33a81b92-abb9-4108-8c99-ca4209d6e116/download,/api/dataset/da9ed005-8f06-446a-b61a-d46e7d8d6ac9/resource/2cb33f40-6bbb-4e53-b8df-810c9941ef0e/download,/api/dataset/da9ed005-8f06-446a-b61a-d46e7d8d6ac9/resource/762a9369-51d5-4713-b5b8-fb163d6d1722/download",臺北市動產質借處年度營運狀況資料,分處別(分處)、項目(項目)、本年質借件數(件)、本年質借本金(元)、現金利息收入(元)、本年變賣總計(元)、本年變賣本金(元)、本年變賣利息(元)、本年變賣利益(元),智慧通勤:0; 韌性防災:0; 永續環境:0; 食安健康:0; 勞動福祉:1; 文化共融:0
taipei,44d2ac10-d857-4df9-88d7-c9be81f3cb81,00002227,臺北市勞動力參與率婚姻狀況別,勞動福祉,False,True,True,table,就業趨勢與社福資源分析,False,2,統計,求職及就業,原始資料,主計處,,主計處,每1年,CSV,中文,2022-02-25T00:00:00,https://tsis.dbas.gov.taipei/statis/webMain.aspx?sys=220&ymf=7100&kind=21&type=0&funid=a05004801&cycle=4&outmode=12&compmode=0&outkind=3&deflst=2&nzo=1,臺北市勞動力參與率婚姻狀況別時間數列統計資料,統計期、性別、全體[%]、未婚[%]、有配偶或同居[%]、離婚分居或喪偶[%],智慧通勤:0; 韌性防災:0; 永續環境:0; 食安健康:0; 勞動福祉:1; 文化共融:0
taipei,5653e44b-5190-4b27-b8e9-59a81e3b498c,00002226,臺北市勞動力參與率年齡別,勞動福祉,False,True,True,table,就業趨勢與社福資源分析,False,2,統計,求職及就業,原始資料,主計處,,主計處,每1年,CSV,中文,2021-03-09T00:00:00,https://tsis.dbas.gov.taipei/statis/webMain.aspx?sys=220&ymf=6700&kind=21&type=0&funid=a05004701&cycle=4&outmode=12&compmode=0&outkind=3&deflst=2&nzo=1,臺北市勞動力參與率年齡別時間數列統計資料,統計期、性別、勞動力人口[千人]、勞動力人口按年齡別/15-19歲[千人]、勞動力人口按年齡別/20-24歲[千人]、勞動力人口按年齡別/25-29歲[千人]、勞動力人口按年齡別/30-34歲[千人]、勞動力人口按年齡別/35-39歲[千人]、勞動力人口按年齡別/40-44歲[千人]、勞動力人口按年齡別/45-49歲[千人]、勞動力人口按年齡別/50-54歲[千人]、勞動力人口按年齡別/55-59歲[千人]、勞動力人口按年齡別/60-64歲[千人]、勞動力人口按年齡別/65歲以上[千人]、勞動力參與率[%]、勞動力參與率按年齡別/15-19歲[%]、勞動力參與率按年齡別/20-24歲[%]、勞動力參與率按年齡別/25-29歲[%]、勞動力參與率按年齡別/30-34歲[%]、勞動力參與率按年齡別/35-39歲[%]、勞動力參與率按年齡別/40-44歲[%]、勞動力參與率按年齡別/45-49歲[%]、勞動力參與率按年齡別/50-54歲[%]、勞動力參與率按年齡別/55-59歲[%]、勞動力參與率按年齡別/60-64歲[%]、勞動力參與率按年齡別/65歲以上[%],智慧通勤:0; 韌性防災:0; 永續環境:0; 食安健康:0; 勞動福祉:2; 文化共融:0
taipei,4b73eb1c-412c-4bf8-9236-c5be43b14c17,00002225,臺北市勞動力參與率教育程度別,勞動福祉,False,True,True,table,就業趨勢與社福資源分析,False,2,統計,求職及就業,原始資料,主計處,,主計處,每1年,CSV,中文,2022-02-10T00:00:00,https://tsis.dbas.gov.taipei/statis/webMain.aspx?sys=220&ymf=6700&kind=21&type=0&funid=a05004601&cycle=4&outmode=12&compmode=0&outkind=3&deflst=2&nzo=1,臺北市勞動力參與率教育程度別時間數列統計資料,年平均別、性別、勞動力人口[千人]、勞動力人口按教育程度別/研究所[千人]、勞動力人口按教育程度別/大學[千人]、勞動力人口按教育程度別/專科[千人]、勞動力人口按教育程度別/高職[千人]、勞動力人口按教育程度別/高中[千人]、勞動力人口按教育程度別/國中[初職][千人]、勞動力人口按教育程度別/國小以下[千人]、勞動力參與率[%]、勞動力參與率按教育程度別/研究所[%]、勞動力參與率按教育程度別/大學[%]、勞動力參與率按教育程度別/專科[%]、勞動力參與率按教育程度別/高職[%]、勞動力參與率按教育程度別/高中[%]、勞動力參與率按教育程度別/國中[初職][%]、勞動力參與率按教育程度別/國小以下[%],智慧通勤:0; 韌性防災:0; 永續環境:0; 食安健康:0; 勞動福祉:2; 文化共融:0
taipei,18f45255-8b16-4e6d-9a77-e48af4e497cd,00002033,臺北市勞動力及就業按半年別,勞動福祉,False,True,True,table,就業趨勢與社福資源分析,False,2,統計,求職及就業,原始資料,主計處,,主計處,每6月,CSV,中文,2022-01-27T00:00:00,https://tsis.dbas.gov.taipei/statis/webMain.aspx?sys=220&ymf=9400&kind=21&type=0&funid=a04000901&cycle=3&outmode=12&compmode=0&outkind=1&deflst=2&nzo=1,臺北市勞動力及就業按半年別時間數列統計資料,統計期、十五歲以上民間人口[千人]、勞動力人口/合計[千人]、勞動力人口/就業者[千人]、勞動力人口/失業者[千人]、非勞動力人口[千人]、勞動力參與率[%]、失業率[%]、就業結構/農業人數[千人]、就業結構/農業占就業者人數[%]、就業結構/工業人數[千人]、就業結構/工業占就業者人數[%]、就業結構/服務業人數[千人]、就業結構/服務業占就業者人數[%]、就業者教育程度/大專以上人數[千人]、就業者教育程度/大專以上占就業者人數[%]、就業者教育程度/高中職人數[千人]、就業者教育程度/高中職占就業者人數[%]、就業者教育程度/國中以下人數[千人]、就業者教育程度/國中以下占就業者人數[%],智慧通勤:0; 韌性防災:0; 永續環境:0; 食安健康:0; 勞動福祉:3; 文化共融:0
taipei,d87eb95f-6a0c-4f80-b6db-93accea811c6,00003215,臺北市勞動力重建運用處職務再設計補助民間團體及個人情形季報表,勞動福祉,False,True,True,table,就業趨勢與社福資源分析,False,2,勞動,求職及就業,原始資料,勞動局,重建處,勞動局重建處,不定期更新,CSV,中文,2021-12-09T00:00:00,/api/dataset/d87eb95f-6a0c-4f80-b6db-93accea811c6/resource/bdf5c5fb-b917-498c-bd23-5b747192d247/download,臺北市勞動力重建運用處第1季職務再設計補助民間團體及個人情形季報表,工作計畫、核准日期、補助事項或用途、補助對象、本機關補助金額、他機關補助金額、合計、本季撥款金額、截至本季累計撥款金額、備註,智慧通勤:0; 韌性防災:0; 永續環境:0; 食安健康:0; 勞動福祉:2; 文化共融:0
taipei,355e8aad-3389-4613-b593-12f1e8229403,00002012,臺北市勞工保險及就業服務按月別,勞動福祉,False,True,True,table,就業趨勢與社福資源分析,False,2,統計,求職及就業,原始資料,主計處,,主計處,每1月,CSV,中文,2022-02-17T00:00:00,https://tsis.dbas.gov.taipei/statis/webMain.aspx?sys=220&ymf=8701&kind=21&type=0&funid=a04001001&cycle=1&outmode=12&compmode=0&outkind=1&deflst=2&nzo=1,臺北市勞工保險及就業服務按月別時間數列統計資料,統計期、勞工保險投保單位數[家]、勞工保險投保人數[人]、勞工保險給付件數[件]、勞工保險給付金額[千元]、市府推介就業服務/新登記求職人數[人]、市府推介就業服務/新登記求才人數[人]、市府推介就業服務/有效求職推介就業人數[人]、市府推介就業服務/有效求才僱用人數[人]、市府推介就業服務/求職就業率[%]、市府推介就業服務/求才利用率[%]、重大職業災害發生件數[件]、重大職業災害死亡人數[人],智慧通勤:0; 韌性防災:1; 永續環境:0; 食安健康:0; 勞動福祉:2; 文化共融:0
taipei,07b5b7e5-da3b-4d3c-9ac8-faf0b751de50,00002681,臺北市勞工教育、休閒活動及志願服務概況,勞動福祉,False,True,True,table,就業趨勢與社福資源分析,False,2,統計,公共資訊,原始資料,主計處,,主計處,每1年,CSV,中文,2020-11-02T00:00:00,https://tsis.dbas.gov.taipei/statis/webMain.aspx?sys=220&ymf=8900&kind=21&type=0&funid=a05006401&cycle=4&outmode=12&compmode=0&outkind=1&deflst=2&nzo=1,臺北市勞工教育、休閒活動及志願服務概況時間數列統計資料,統計期、提撥勞工教育經費[元]、辦理勞工教育班數[班]、勞工休閒活動辦理次數[次]、勞工休閒活動參加人次[人次]、志願服務性團體隊數[隊]、志願服務性團體人數[人]、志願服務性團體服務總時數[小時]、志願服務性團體服務總人次[人次]、志願服務性團體訓練總時數[小時],智慧通勤:0; 韌性防災:0; 永續環境:0; 食安健康:0; 勞動福祉:1; 文化共融:1
taipei,774e937d-45c1-47d1-aa56-77096d9d74d5,00002683,臺北市勞工服務中心服務概況,勞動福祉,False,True,True,table,就業趨勢與社福資源分析,False,2,統計,公共資訊,原始資料,主計處,,主計處,每1年,CSV,中文,2021-03-05T00:00:00,https://tsis.dbas.gov.taipei/statis/webMain.aspx?sys=220&ymf=8700&kind=21&type=0&funid=a05006501&cycle=4&outmode=12&compmode=0&outkind=1&deflst=2&nzo=1,臺北市勞工服務中心服務概況時間數列統計資料,統計期、勞工服務件數[件]、勞工服務件數按服務性質分/解釋法令疑義[件]、勞工服務件數按服務性質分/申訴[件]、勞工服務件數按服務性質分/轉介[件]、勞工服務件數按服務性質分/建議[件]、勞工服務件數按服務性質分/批評[件]、勞工服務件數按服務性質分/其他[件]、勞工服務件數按服務類別分/工資[件]、勞工服務件數按服務類別分/工時[件]、勞工服務件數按服務類別分/僱用管理[件]、勞工服務件數按服務類別分/性別平等工作[件]、勞工服務件數按服務類別分/安全衛生[件]、勞工服務件數按服務類別分/勞工保險[件]、勞工服務件數按服務類別分/勞工福利[件]、勞工服務件數按服務類別分/就業與訓練[件]、勞工服務件數按服務類別分/外國人問題[件]、勞工服務件數按服務類別分/勞資問題[件]、勞工服務件數按服務類別分/綜合問題[件],智慧通勤:0; 韌性防災:0; 永續環境:0; 食安健康:1; 勞動福祉:3; 文化共融:0
taipei,27d36de7-2fac-4b69-89a4-d99472210afe,00002560,臺北市勞工資遣解僱概況,勞動福祉,False,True,True,table,就業趨勢與社福資源分析,False,2,統計,求職及就業,原始資料,主計處,,主計處,每1年,CSV,中文,2022-02-25T00:00:00,https://tsis.dbas.gov.taipei/statis/webMain.aspx?sys=220&ymf=10100&kind=21&type=0&funid=a05006901&cycle=4&outmode=12&compmode=0&outkind=1&deflst=2&nzo=1,"臺北市勞工資遣解僱概況時間數列統計資料
","統計期、資遣通報資遣員工人數[人]、大量解僱計畫解僱人數[人]、就業保險失業認定申請人數[人]、資遣通報資遣員工人數增減率[%]、大量解僱計畫解僱人數增減率[%]、就業保險失業認定申請人數增減率[%]
",智慧通勤:0; 韌性防災:0; 永續環境:0; 食安健康:0; 勞動福祉:3; 文化共融:0
taipei,d91a1e24-e1aa-4578-9852-0ce91780c272,00002675,臺北市勞資爭議案件(87年至90年),勞動福祉,False,True,True,table,就業趨勢與社福資源分析,False,2,統計,求職及就業,原始資料,主計處,,主計處,每1年,CSV,中文,2020-11-02T00:00:00,https://tsis.dbas.gov.taipei/statis/webMain.aspx?sys=220&ymf=8700&ymt=9000&kind=21&type=0&funid=a05006701&cycle=4&outmode=12&compmode=0&outkind=1&deflst=2&nzo=1,臺北市勞資爭議案件(87年至90年)時間數列統計資料,統計期、爭議受理案件件數[件]、爭議受理案件涉及人數[人]、爭議受理案件按主要爭議類別分/總計[件]、爭議受理案件按主要爭議類別分/契約爭議[件]、爭議受理案件按主要爭議類別分/工資爭議[件]、爭議受理案件按主要爭議類別分/工時爭議[件]、爭議受理案件按主要爭議類別分/退休爭議[件]、爭議受理案件按主要爭議類別分/福利爭議[件]、爭議受理案件按主要爭議類別分/勞保爭議[件]、爭議受理案件按主要爭議類別分/管理爭議[件]、爭議受理案件按主要爭議類別分/職災爭議[件]、爭議受理案件按主要爭議類別分/安全衛生爭議[件]、爭議受理案件按主要爭議類別分/工會爭議[件]、爭議受理案件按主要爭議類別分/其他爭議[件]、受理案件處理結果已終結案件數/總計[件]、受理案件處理結果已終結案件數/協調[件]、受理案件處理結果已終結案件數/調解[件]、受理案件處理結果已終結案件數/仲裁[件]、受理案件處理結果未終結案件數[件],智慧通勤:0; 韌性防災:0; 永續環境:0; 食安健康:1; 勞動福祉:3; 文化共融:0
taipei,1b6fae45-1f11-43a8-9211-2cd18949da2b,00002679,臺北市勞資爭議案件(91年至96年),勞動福祉,False,True,True,table,就業趨勢與社福資源分析,False,2,統計,求職及就業,原始資料,主計處,,主計處,每1年,CSV,中文,2020-11-02T00:00:00,https://tsis.dbas.gov.taipei/statis/webMain.aspx?sys=220&ymf=9100&ymt=9600&kind=21&type=0&funid=a05006702&cycle=4&outmode=12&compmode=0&outkind=3&deflst=2&nzo=1,"臺北市勞資爭議案件(91年至96年)時間數列統計資料
",統計期、行業別、爭議受理案件件數[件]、爭議受理案件涉及人數[人]、爭議受理案件按主要爭議類別分/總計[件]、爭議受理案件按主要爭議類別分/契約爭議[件]、爭議受理案件按主要爭議類別分/工資爭議[件]、爭議受理案件按主要爭議類別分/工時爭議[件]、爭議受理案件按主要爭議類別分/退休爭議[件]、爭議受理案件按主要爭議類別分/福利爭議[件]、爭議受理案件按主要爭議類別分/勞保爭議[件]、爭議受理案件按主要爭議類別分/管理爭議[件]、爭議受理案件按主要爭議類別分/職災爭議[件]、爭議受理案件按主要爭議類別分/安全衛生爭議[件]、爭議受理案件按主要爭議類別分/工會爭議[件]、爭議受理案件按主要爭議類別分/其他爭議[件]、受理案件處理結果已終結案件數/總計[件]、受理案件處理結果已終結案件數/協調[件]、受理案件處理結果已終結案件數/調解[件]、受理案件處理結果已終結案件數/仲裁[件]、受理案件處理結果未終結案件數[件],智慧通勤:0; 韌性防災:0; 永續環境:0; 食安健康:1; 勞動福祉:3; 文化共融:0
taipei,a1a6d756-2713-4a3f-a03e-497ddae228d9,00002682,臺北市勞資爭議案件(97年至98年),勞動福祉,False,True,True,table,就業趨勢與社福資源分析,False,2,統計,求職及就業,原始資料,主計處,,主計處,每1年,CSV,中文,2020-11-02T00:00:00,https://tsis.dbas.gov.taipei/statis/webMain.aspx?sys=220&ymf=9700&ymt=9800&kind=21&type=0&funid=a05006703&cycle=4&outmode=12&compmode=0&outkind=3&deflst=2&nzo=1,"臺北市勞資爭議案件(97年至98年)時間數列統計資料
",統計期、行業別、爭議受理案件數[件]、爭議受理案件涉及人數/總計[人]、爭議受理案件涉及人數/男[人]、爭議受理案件涉及人數/女[人]、爭議受理案件按主要爭議類別分/權利事項/契約爭議[件]、爭議受理案件按主要爭議類別分/權利事項/給付資遣費爭議[件]、爭議受理案件按主要爭議類別分/權利事項/給付退休金爭議[件]、爭議受理案件按主要爭議類別分/權利事項/勞工保險給付爭議[件]、爭議受理案件按主要爭議類別分/權利事項/職業災害補償爭議[件]、爭議受理案件按主要爭議類別分/權利事項/工資爭議[件]、爭議受理案件按主要爭議類別分/權利事項/工會身分保護爭議[件]、爭議受理案件按主要爭議類別分/權利事項/休假爭議[件]、爭議受理案件按主要爭議類別分/權利事項/其他權利事項[件]、爭議受理案件按主要爭議類別分/調整事項/調整工資爭議[件]、爭議受理案件按主要爭議類別分/調整事項/結算年資爭議[件]、爭議受理案件按主要爭議類別分/調整事項/調整工時爭議[件]、爭議受理案件按主要爭議類別分/調整事項/其他調整事項[件]、受理案件處理結果已終結案件數/總計[件]、受理案件處理結果已終結案件數/協調[件]、受理案件處理結果已終結案件數/調解[件]、受理案件處理結果已終結案件數/仲裁[件]、受理案件處理結果未終結案件數[件],智慧通勤:0; 韌性防災:1; 永續環境:0; 食安健康:0; 勞動福祉:3; 文化共融:0
taipei,21c73aa5-e64d-430f-835e-b6b05e43ac1f,00002685,臺北市勞資爭議案件(99年以後),勞動福祉,False,True,True,table,就業趨勢與社福資源分析,False,2,統計,求職及就業,原始資料,主計處,,主計處,每1年,CSV,中文,2021-02-26T00:00:00,https://tsis.dbas.gov.taipei/statis/webMain.aspx?sys=220&ymf=9900&kind=21&type=0&funid=a05006704&cycle=4&outmode=12&compmode=0&outkind=3&deflst=2&nzo=1,"臺北市勞資爭議案件(99年以後)時間數列統計資料
",統計期、行業別、爭議受理案件件數[件]、爭議受理案件涉及人數/總計[人]、爭議受理案件涉及人數/男[人]、爭議受理案件涉及人數/女[人]、爭議受理案件按主要爭議類別分/權利事項/契約爭議[件]、爭議受理案件按主要爭議類別分/權利事項/給付資遣費爭議[件]、爭議受理案件按主要爭議類別分/權利事項/給付退休金爭議[件]、爭議受理案件按主要爭議類別分/權利事項/勞工保險給付爭議[件]、爭議受理案件按主要爭議類別分/權利事項/職業災害補償爭議[件]、爭議受理案件按主要爭議類別分/權利事項/工資爭議[件]、爭議受理案件按主要爭議類別分/權利事項/工會身分保護爭議[件]、爭議受理案件按主要爭議類別分/權利事項/休假爭議[件]、爭議受理案件按主要爭議類別分/權利事項/其他權利事項[件]、爭議受理案件按主要爭議類別分/調整事項/調整工資爭議[件]、爭議受理案件按主要爭議類別分/調整事項/結算年資爭議[件]、爭議受理案件按主要爭議類別分/調整事項/調整工時爭議[件]、爭議受理案件按主要爭議類別分/調整事項/調整休假爭議[件]、爭議受理案件按主要爭議類別分/調整事項/調整津貼爭議[件]、爭議受理案件按主要爭議類別分/調整事項/ 調整獎金爭議[件]、爭議受理案件按主要爭議類別分/調整事項/調整福利措施爭議[件]、爭議受理案件按主要爭議類別分/調整事項/調整管理措施爭議[件]、爭議受理案件按主要爭議類別分/調整事項/其他調整事項[件]、受理案件處理結果已終結案件數/總計[件]、受理案件處理結果已終結案件數/協調[件]、受理案件處理結果已終結案件數/調解[件]、受理案件處理結果已終結案件數/仲裁[件]、受理案件處理結果未終結案件數[件],智慧通勤:0; 韌性防災:1; 永續環境:0; 食安健康:0; 勞動福祉:4; 文化共融:0
taipei,cfaf7c41-11a8-4a09-98c4-e9b7a540e4d9,00000682,臺北市危機家庭兒童托育補助,勞動福祉,False,True,True,table,就業趨勢與社福資源分析,False,2,社福,生育保健,網路服務,社會局,,社會局,每1年,CSV,中文,2017-02-21T00:00:00,/api/dataset/cfaf7c41-11a8-4a09-98c4-e9b7a540e4d9/resource/5ce3301d-b6ce-4037-be46-b01278be05ae/download,危機家庭兒童托育補助統計資料呈現於【社會局局網> 嬰幼兒照顧服務 > 育兒及托育相關補助】,機關代碼、資料名稱、資料連結路徑、點閱數量、公告日期,智慧通勤:0; 韌性防災:0; 永續環境:0; 食安健康:0; 勞動福祉:4; 文化共融:0
taipei,4be3e59f-ad27-4088-93a4-43fba7fbfb22,00002872,臺北市原住民人口數按民族別分,勞動福祉,False,True,True,table,就業趨勢與社福資源分析,False,2,統計,公共資訊,原始資料,民政局,,民政局,每1月,"CSV,CSV,CSV",中文,2020-11-13T00:00:00,"/api/dataset/4be3e59f-ad27-4088-93a4-43fba7fbfb22/resource/9892bba3-0555-4822-ae03-c9e98b217b47/download,/api/dataset/4be3e59f-ad27-4088-93a4-43fba7fbfb22/resource/d5790851-0b92-4638-836b-5fe6cce90160/download,/api/dataset/4be3e59f-ad27-4088-93a4-43fba7fbfb22/resource/6b472d8e-05d3-4515-94b1-1f2fe0e07c5d/download",依據戶籍登記資料產製,年份、月份、性別、總計、阿美族數量、泰雅族數量、排灣族數量、布農族數量、魯凱族數量、卑南族數量、鄒族數量、賽夏族數量、雅美族數量、邵族數量、噶瑪蘭族數量、太魯閣族數量、撒奇萊雅族數量、賽德克族數量、拉阿魯哇族數量、卡那卡那富族數量、西拉雅族數量、凱達格蘭族數量、道卡斯族數量、巴宰族數量、拍瀑拉族數量、巴布薩族數量、洪雅族數量、噶哈巫族數量、大武壠族數量、馬卡道族數量、尚未申報,智慧通勤:0; 韌性防災:0; 永續環境:0; 食安健康:0; 勞動福祉:1; 文化共融:0
taipei,bf2f76ff-097d-43d0-8b3b-a9ab4d7f9bfd,00002425,臺北市原住民及新住民按月別,勞動福祉,False,True,True,table,就業趨勢與社福資源分析,False,2,統計,公共資訊,原始資料,主計處,,主計處,每1月,CSV,中文,2022-03-10T00:00:00,https://tsis.dbas.gov.taipei/statis/webMain.aspx?sys=220&ymf=8703&kind=21&type=0&funid=a04000701&cycle=1&outmode=12&compmode=0&outkind=1&deflst=2&nzo=1,"臺北市原住民及新住民按月別時間數列統計資料
",統計期、原住民人口數/總計[人]、原住民人口數/男[人]、原住民人口數/女[人]、原住民占全市人口比率[%]、原住民性比例[男/百女]、新住民人口數/總計[人]、新住民人口數/大陸港澳配偶[人]、新住民人口數/其他外裔或外籍配偶/合計[人]、新住民人口數/其他外裔或外籍配偶/越南[人]、新住民人口數/其他外裔或外籍配偶/印尼[人]、新住民人口數/其他外裔或外籍配偶/泰國[人]、新住民人口數/其他外裔或外籍配偶/其他[人]、新住民人口數/不詳[人]、新移民人口數/總計[人]、新移民人口數/大陸港澳配偶[人]、新移民人口數/其他外籍配偶/合計[人]、新移民人口數/其他外籍配偶/越南[人]、新移民人口數/其他外籍配偶/印尼[人]、新移民人口數/其他外籍配偶/泰國[人]、新移民人口數/其他外籍配偶/其他[人],智慧通勤:0; 韌性防災:0; 永續環境:0; 食安健康:0; 勞動福祉:1; 文化共融:0
taipei,78304046-566e-41ad-baf1-0590d7412fbf,00003225,臺北市原住民學前教育及兒童托育補助情形,勞動福祉,False,True,True,table,就業趨勢與社福資源分析,False,2,社福,生育保健,原始資料,原民會,,原民會,每1年,CSV,中文,2020-12-11T00:00:00,/api/dataset/78304046-566e-41ad-baf1-0590d7412fbf/resource/71561c09-39af-4f94-8fab-e77d127e1e17/download,依據每學期受理情形統計數據,項目、年度、申請數量、核准數量、補助額度,智慧通勤:0; 韌性防災:0; 永續環境:0; 食安健康:0; 勞動福祉:2; 文化共融:0
taipei,b2907c78-ccfd-4888-8078-49cd140aea75,00003260,臺北市原住民學生專門人才獎勵情形,勞動福祉,False,True,True,table,就業趨勢與社福資源分析,False,2,教育,求學及進修,原始資料,原民會,,原民會,每1年,CSV,中文,2020-12-11T00:00:00,/api/dataset/b2907c78-ccfd-4888-8078-49cd140aea75/resource/1ab2e54f-98e6-4a38-bf07-41c23cffe06d/download,依據每學期受理情形統計數據,年度、申請數量、核准數量、補助額度、單位名稱、統一編號,智慧通勤:0; 韌性防災:0; 永續環境:0; 食安健康:0; 勞動福祉:1; 文化共融:0
taipei,79724756-c80f-49ab-8987-d7f8771401fe,00003227,臺北市原住民急難救助統計,勞動福祉,False,True,True,table,就業趨勢與社福資源分析,False,2,社福,生活安全及品質,原始資料,原民會,,原民會,每1年,CSV,中文,2020-12-11T00:00:00,/api/dataset/79724756-c80f-49ab-8987-d7f8771401fe/resource/fbccd958-6b9b-4458-a0b4-29f663a2f094/download,臺北市原住民急難救助統計表-近5年,年度、生活救助核准件數量、補助金額、醫療補助核准件數量、補助金額、死亡救助核准件數量、補助金額、災害救助核准件數量、補助金額、總額,智慧通勤:0; 韌性防災:1; 永續環境:0; 食安健康:1; 勞動福祉:2; 文化共融:0
taipei,70e53cbd-3394-4ec7-aa58-dd7cab7770c2,00003252,臺北市原住民族學生獎學金補助情形,勞動福祉,False,True,True,table,就業趨勢與社福資源分析,False,2,教育,求學及進修,原始資料,原民會,,原民會,每1年,CSV,中文,2020-12-11T00:00:00,/api/dataset/70e53cbd-3394-4ec7-aa58-dd7cab7770c2/resource/c71a81ad-51b8-4693-aaa3-9546d5adb36b/download,依據每學期受理情形統計數據,年度、申請數量、核准數量、補助額度、單位名稱、統一編號,智慧通勤:0; 韌性防災:0; 永續環境:0; 食安健康:0; 勞動福祉:1; 文化共融:0
taipei,a59edba1-4e15-4ae5-8060-b483910ab8cb,00003259,臺北市原住民福利人數資料統計表含原住民人口數,勞動福祉,False,True,True,table,就業趨勢與社福資源分析,False,2,族群,公共資訊,原始資料,原民會,,原民會,每1年,"CSV,CSV,CSV,CSV,CSV,CSV,CSV,CSV,CSV,CSV",中文,2020-12-11T00:00:00,"/api/dataset/a59edba1-4e15-4ae5-8060-b483910ab8cb/resource/6d3da717-d9ba-48f6-b916-0aa038071ea7/download,/api/dataset/a59edba1-4e15-4ae5-8060-b483910ab8cb/resource/366fbb75-f86b-44b1-a00e-2798c7f36991/download,/api/dataset/a59edba1-4e15-4ae5-8060-b483910ab8cb/resource/65849412-224e-4fd5-9b72-43f262349d3b/download,/api/dataset/a59edba1-4e15-4ae5-8060-b483910ab8cb/resource/f0a399fe-7fec-48bd-a703-fe1d469a7444/download,/api/dataset/a59edba1-4e15-4ae5-8060-b483910ab8cb/resource/c7276d44-698f-45f3-adec-fe57eab8cb3d/download,/api/dataset/a59edba1-4e15-4ae5-8060-b483910ab8cb/resource/b34284bc-11dc-40c8-877f-ab373a408572/download,/api/dataset/a59edba1-4e15-4ae5-8060-b483910ab8cb/resource/489aedac-7c60-4c36-b817-545e05f5f95f/download,/api/dataset/a59edba1-4e15-4ae5-8060-b483910ab8cb/resource/c6bfd248-2354-4533-8657-906256475439/download,/api/dataset/a59edba1-4e15-4ae5-8060-b483910ab8cb/resource/949d414d-dc2c-46c0-82f8-8ebbb4bcc672/download,/api/dataset/a59edba1-4e15-4ae5-8060-b483910ab8cb/resource/d9a10972-e600-4c5f-b725-827b258ae5f1/download",臺北市原住民福利人數資料統計表,"年度、性別、原住民人數、原住民戶數、原住民性別結構百分比
",智慧通勤:0; 韌性防災:0; 永續環境:0; 食安健康:0; 勞動福祉:2; 文化共融:0
taipei,ee545f18-0de1-46ae-a289-7e8b4d788551,00003561,臺北市原住民身心障礙者之年齡分配,勞動福祉,False,True,True,table,就業趨勢與社福資源分析,False,2,社福,公共資訊,網路服務,社會局,,社會局,不定期更新,CSV,中文,2020-12-29T00:00:00,/api/dataset/ee545f18-0de1-46ae-a289-7e8b4d788551/resource/d0c0c0ed-bd4b-4f03-a875-41dba08e681f/download,提供臺北市原住民身心障礙者之年齡分配資訊,年齡、總人數、神經系統構造及精神心智功能、眼耳及相關構造與感官功能及疼痛、涉及聲音與言語構造及其功能、循環或造血或免疫與呼吸系統構造及其功能、消化新陳代謝與內分泌系統相關構造及其功能、泌尿與生殖系統相關構造及其功能、神經或肌肉或骨骼之移動相關構造及其功能、皮膚與相關構造及其功能、跨兩類別以上者人數、舊制轉換新制暫無法歸類者人數,智慧通勤:0; 韌性防災:0; 永續環境:0; 食安健康:0; 勞動福祉:1; 文化共融:0
taipei,9af2ad0b-e4e7-4981-aa49-52c9db7f213e,00003560,臺北市原住民身心障礙者人數,勞動福祉,False,True,True,table,就業趨勢與社福資源分析,False,2,社福,公共資訊,網路服務,社會局,,社會局,每1年,CSV,中文,2020-12-29T00:00:00,/api/dataset/9af2ad0b-e4e7-4981-aa49-52c9db7f213e/resource/5c1af1dc-5ad3-4020-bd14-321a750781db/download,提供臺北市原住民身心障礙者人數,年度、總人數、視覺障礙者人數、聽覺機能障礙者人數、平衡機能障礙者人數、聲音機能或語言機能障礙者人數、肢體障礙者人數、智能障礙者人數、重要器官失去功能者人數、顏面損傷者人數、植物人人數、失智症者人數、自閉症者人數、慢性精神病患者人數、多重障礙者人數、頑性瘨癇症者人數、因罕見疾病而致身心功能障礙者人數、其他人數、新制類別無法對應舊制類別者人數,智慧通勤:0; 韌性防災:0; 永續環境:0; 食安健康:0; 勞動福祉:1; 文化共融:0
taipei,21cd9b1b-92e6-407d-b54c-b189800cc946,00002423,臺北市各區人口消長按月別,勞動福祉,False,True,True,table,就業趨勢與社福資源分析,False,2,統計,公共資訊,原始資料,主計處,,主計處,每1月,CSV,中文,2022-03-10T00:00:00,https://tsis.dbas.gov.taipei/statis/webMain.aspx?sys=220&ymf=8701&kind=21&type=0&funid=a04000601&cycle=1&outmode=12&compmode=0&outkind=1&deflst=2&nzo=1,臺北市各區人口消長按月別時間數列統計資料,統計期、人口數[人]/ 總計、人口數[人]/ 松山區、人口數[人]/ 信義區、人口數[人]/ 大安區、人口數[人]/ 中山區、人口數[人]/ 中正區、人口數[人]/ 大同區、人口數[人]/ 萬華區、人口數[人]/ 文山區、人口數[人]/ 南港區、人口數[人]/ 內湖區、人口數[人]/ 士林區、人口數[人]/ 北投區、增減率[千分比]/ 總計、增減率[千分比]/ 松山區、增減率[千分比]/ 信義區、增減率[千分比]/ 大安區、增減率[千分比]/ 中山區、增減率[千分比]/ 中正區、增減率[千分比]/ 大同區、增減率[千分比]/ 萬華區、增減率[千分比]/ 文山區、增減率[千分比]/ 南港區、增減率[千分比]/ 內湖區、增減率[千分比]/ 士林區、增減率[千分比]/ 北投區,智慧通勤:0; 韌性防災:0; 永續環境:0; 食安健康:0; 勞動福祉:1; 文化共融:0
taipei,fbc367bd-8591-4bd4-942e-5a1758af02dc,00002821,臺北市各區戶政事務所規費收費一覽表,勞動福祉,False,True,True,table,就業趨勢與社福資源分析,False,2,民政,公共資訊,網路服務,民政局,,民政局,不定期更新,ODS,中文,2020-11-10T00:00:00,/api/dataset/fbc367bd-8591-4bd4-942e-5a1758af02dc/resource/5cd9f0ba-cdfc-4a25-b79e-b4d58604a317/download,戶所受理民眾申辦各項規費項目繳納金額基準,縣市、類別、項目名稱、單位、單價,智慧通勤:0; 韌性防災:0; 永續環境:0; 食安健康:0; 勞動福祉:2; 文化共融:0
taipei,48bf3203-8825-4518-9ff0-613ad8af78d5,00029653,臺北市各區調解親屬、繼承案件調查表(111年1至6月),勞動福祉,False,True,True,table,就業趨勢與社福資源分析,False,2,民政,公共資訊,原始資料,民政局,,民政局,不定期更新,CSV,中文,2022-08-23T00:00:00,/api/dataset/48bf3203-8825-4518-9ff0-613ad8af78d5/resource/57a7478b-a091-4dc1-af02-498607517a6b/download,臺北市各區調解親屬、繼承案件相關調查,編號、區別、類別、分類、細項、案件序號、案件來源、受理時間、開會時間、開會次數（統計數值）、調解結果、備註,智慧通勤:0; 韌性防災:0; 永續環境:0; 食安健康:0; 勞動福祉:2; 文化共融:0
taipei,296c2d21-c149-443c-8ded-858583ae6380,00003851,臺北市各項特別預決算歲入部分,勞動福祉,False,True,True,table,就業趨勢與社福資源分析,False,2,統計,公共資訊,原始資料,主計處,,主計處,每1年,CSV,中文,2021-03-10T00:00:00,https://tsis.dbas.gov.taipei/statis/webMain.aspx?sys=220&ymf=6100&kind=21&type=0&funid=a05015901&cycle=4&outmode=12&compmode=0&outkind=3&deflst=2&nzo=1,臺北市各項特別預決算歲入部分時間數列統計資料,統計期、特別預算別、總計/追加減後預算數[千元]、總計/決算審定數[千元]、稅課收入/追加減後預算數[千元]、稅課收入/決算審定數[千元]、補助收入/追加減後預算數[千元]、補助收入/決算審定數[千元]、信託管理收入/追加減後預算數[千元]、信託管理收入/決算審定數[千元]、公債及賒借收入/追加減後預算數[千元]、公債及賒借收入/決算審定數[千元]、財產收入/追加減後預算數[千元]、財產收入/決算審定數[千元]、移用以前年度歲計賸餘/追加減後預算數[千元]、移用以前年度歲計賸餘/決算審定數[千元]、其他收入/追加減後預算數[千元]、其他收入/決算審定數[千元],智慧通勤:0; 韌性防災:0; 永續環境:0; 食安健康:0; 勞動福祉:1; 文化共融:0
taipei,8647dd01-07dc-4460-9d8f-6c71fea881c0,00003507,臺北市合作事業現有工作人員,勞動福祉,False,True,True,table,就業趨勢與社福資源分析,False,2,社福,公共資訊,網路服務,社會局,,社會局,不定期更新,CSV,中文,2020-12-28T00:00:00,/api/dataset/8647dd01-07dc-4460-9d8f-6c71fea881c0/resource/5a6b61ce-21ab-463f-bd19-bf74cc82630d/download,提供臺北市合作事業現有工作人員數,年度、工作人員總計、縣市政府合作事業行政管理人員數、專營合作社社數、專營合作社工作人員數總計、專營合作社工作人員理事人數、專營合作社工作人員監事人數、專營合作社工作人員僱用人員數、專營合作社工作人員兼任人數、兼營合作社場數、兼營合作社工作人員數總計、兼營合作社工作人員理事人數、兼營合作社工作人員監事人數、兼營合作社工作人員僱用人員數、儲蓄互助社場數、儲蓄互助社工作人員總數、儲蓄互助社工作人員理事人數、儲蓄互助社工作人員監事人數、儲蓄互助社工作人員僱用人員數,智慧通勤:0; 韌性防災:0; 永續環境:0; 食安健康:0; 勞動福祉:1; 文化共融:0
taipei,cc1092a7-0af6-4d41-aee4-c3f2808b409b,00002339,臺北市商業登記現有家數及資本額(91年至95年),勞動福祉,False,True,True,table,就業趨勢與社福資源分析,False,2,統計,公共資訊,原始資料,主計處,,主計處,不定期更新,CSV,中文,2020-10-14T00:00:00,https://tsis.dbas.gov.taipei/statis/webMain.aspx?sys=220&ymf=9100&ymt=9500&kind=21&type=0&funid=a05011502&cycle=4&outmode=12&compmode=0&outkind=1&deflst=2&nzo=1,臺北市商業登記現有家數及資本額(91年至95年)時間數列統計資料,統計期、現有家數[家]/ 總計、現有家數[家]/ 農林漁牧業、現有家數[家]/ 礦業及土石採取業、現有家數[家]/ 製造業、現有家數[家]/ 水電燃氣業、現有家數[家]/ 營造業、現有家數[家]/ 批發及零售業、現有家數[家]/ 住宿及餐飲業、現有家數[家]/ 運輸倉儲及通信業、現有家數[家]/ 金融及保險業、現有家數[家]/ 不動產及租賃業、現有家數[家]/ 專業科學及技術服務業、現有家數[家]/ 教育服務業、現有家數[家]/ 醫療保健及社會福利服務業、現有家數[家]/ 文化運動及休閒服務業、現有家數[家]/ 其他服務業、現有家數[家]/ 公共行政業、資本額[百萬元]/ 總計、資本額[百萬元]/ 農林漁牧業、資本額[百萬元]/ 礦業及土石採取業、資本額[百萬元]/ 製造業、資本額[百萬元]/ 水電燃氣業、資本額[百萬元]/ 營造業、資本額[百萬元]/ 批發及零售業、資本額[百萬元]/ 住宿及餐飲業、資本額[百萬元]/ 運輸倉儲及通信業、資本額[百萬元]/ 金融及保險業、資本額[百萬元]/ 不動產及租賃業、資本額[百萬元]/ 專業科學及技術服務業、資本額[百萬元]/ 教育服務業、資本額[百萬元]/ 醫療保健及社會福利服務業、資本額[百萬元]/ 文化運動及休閒服務業、資本額[百萬元]/ 其他服務業、資本額[百萬元]/ 公共行政業,智慧通勤:1; 韌性防災:0; 永續環境:0; 食安健康:1; 勞動福祉:2; 文化共融:1
taipei,e48ee3c0-973f-4534-9435-44363c25cf24,00002215,臺北市國小教育粗在學率,勞動福祉,False,True,True,table,就業趨勢與社福資源分析,False,2,統計,公共資訊,原始資料,主計處,,主計處,每1年,CSV,中文,2022-02-24T00:00:00,https://tsis.dbas.gov.taipei/statis/webMain.aspx?sys=220&ymf=5700&kind=21&type=0&funid=a05009301&cycle=4&outmode=12&compmode=0&outkind=3&deflst=2&nzo=1,"臺北市國小教育粗在學率時間數列統計資料
",統計期、性別、6至11歲戶籍人口數[人]、國小學生數[人]、國小教育粗在學率[%],智慧通勤:0; 韌性防災:0; 永續環境:0; 食安健康:0; 勞動福祉:1; 文化共融:0
taipei,a35fde9e-d6fc-4f00-ae0c-ad2fce9003f6,00000657,臺北市國民年金保險費補助統計資料,勞動福祉,False,True,True,table,就業趨勢與社福資源分析,False,2,社福,老年安養,網路服務,社會局,,社會局,不定期更新,CSV,中文,2015-07-06T00:00:00,/api/dataset/a35fde9e-d6fc-4f00-ae0c-ad2fce9003f6/resource/8a74360e-8937-40ef-9d0c-80f621334e3a/download,"國民年金保險費補助統計資料呈現於 【社會局局網> 社會救助 > 統計資料】
",補助別、已繳費人數、未繳費人數、合計人數、已繳費金額、未繳費金額、合計金額,智慧通勤:0; 韌性防災:0; 永續環境:0; 食安健康:0; 勞動福祉:3; 文化共融:0
taipei,c39e3c34-ac30-4df9-8e3c-ab89ad0bb9ac,00003262,臺北市執行定額進用身心障礙者概況表,勞動福祉,False,True,True,table,就業趨勢與社福資源分析,False,2,勞動,公共資訊,原始資料,勞動局,重建處,勞動局重建處,每1年,CSV,中文,2022-03-02T00:00:00,/api/dataset/c39e3c34-ac30-4df9-8e3c-ab89ad0bb9ac/resource/0d23d390-a984-414d-952f-093fad0085f0/download,本市定額進用身心障礙者義務機關(構)、進用人數及差額補助費等資料,項次、單位性質、總計數量、超額家數、足額家數、不足額家數、欠繳差額補助費機構數、法定進用人數、實際進用人數、實際進用人數、加權進用人數、超額進用人數、未足額進用人數、應繳納差額補助費、已繳納差額補助費、未繳納差額補助費、溢繳差額補助費、註銷金額、累計滯納金、已繳滯納金、未繳納滯納金、當月催繳家數、累計強制執行家數、累計強制執行金額、取得債權憑證張數、取得債權憑證金額,智慧通勤:0; 韌性防災:0; 永續環境:0; 食安健康:0; 勞動福祉:1; 文化共融:0
taipei,d6791667-fd87-4b23-9a95-c1c402eb3117,00003668,臺北市執行警勤區訪查工作成果統計,勞動福祉,False,True,True,table,就業趨勢與社福資源分析,False,2,治安,生活安全及品質,原始資料,警察局,,警察局,每1年,CSV,中文,2022-02-17T00:00:00,/api/dataset/d6791667-fd87-4b23-9a95-c1c402eb3117/resource/6e9804e9-b686-4c31-8b8c-a68c3a3be1e9/download,本市警察局轄區內，為達成犯罪預防、為民服務及社會治安調查等任務所執行警勤區訪查工作為統計範圍及對象。,年度別、治安顧慮人口及記事人口查訪次數、集合式住宅訪查件數、一般人口訪查戶數、諮詢對象聯繫拜訪戶數、無設籍治安顧慮人口及記事人口數量、治安重點處所,智慧通勤:0; 韌性防災:0; 永續環境:0; 食安健康:0; 勞動福祉:2; 文化共融:0
taipei,8b020692-0354-4644-b3ce-5de8d4515b65,00002618,臺北市外僑人口數,勞動福祉,False,True,True,table,就業趨勢與社福資源分析,False,2,統計,公共資訊,原始資料,主計處,,主計處,每1年,CSV,中文,2022-01-27T00:00:00,https://tsis.dbas.gov.taipei/statis/webMain.aspx?sys=220&ymf=5700&kind=21&type=0&funid=a05003201&cycle=4&outmode=12&compmode=0&outkind=1&deflst=2&nzo=1,"臺北市外僑人口數時間數列統計資料
",統計期、總計/合計[人]、總計/男[人]、總計/女[人]、日本[人]、韓國[人]、菲律賓[人]、越南[人]、泰國[人]、馬來西亞[人]、新加坡[人]、印尼[人]、緬甸[人]、印度[人]、土耳其[人]、黎巴嫩[人]、以色列[人]、約旦[人]、伊朗[人]、沙烏地阿拉伯[人]、澳大利亞[人]、紐西蘭[人]、挪威[人]、瑞典[人]、芬蘭[人]、丹麥[人]、愛爾蘭[人]、英國[人]、荷蘭[人]、德國[人]、比利時[人]、奧地利[人]、瑞士[人]、義大利[人]、梵諦岡[人]、法國[人]、西班牙[人]、葡萄牙[人]、加拿大[人]、美國[人]、墨西哥[人]、瓜地馬拉[人]、哥斯大黎加[人]、巴拿馬[人]、多明尼加共和國[人]、委內瑞拉[人]、哥倫比亞[人]、巴西[人]、秘魯[人]、玻利維亞[人]、智利[人]、阿根廷[人]、烏拉圭[人]、南非共和國[人]、其他國籍[人]、無國籍[人],智慧通勤:0; 韌性防災:0; 永續環境:0; 食安健康:0; 勞動福祉:1; 文化共融:0
taipei,ad0385fc-2c90-4009-9486-194689641c93,00002568,臺北市外籍移工人數,勞動福祉,False,True,True,table,就業趨勢與社福資源分析,False,2,統計,公共資訊,原始資料,主計處,,主計處,每1年,CSV,中文,2021-03-04T00:00:00,https://tsis.dbas.gov.taipei/statis/webMain.aspx?sys=220&ymf=8700&kind=21&type=0&funid=a05007301&cycle=4&outmode=12&compmode=0&outkind=1&deflst=2&nzo=1,"臺北市外籍移工人數時間數列統計資料
",統計期、外籍移工人數/總計[人]、外籍移工人數/產業[人]、外籍移工人數/社福[人]、外籍移工人數/男性[人]、外籍移工人數/女性[人]、外籍移工人數/菲律賓/總計[人]、外籍移工人數/菲律賓/產業[人]、外籍移工人數/菲律賓/社福[人]、外籍移工人數/泰國/總計[人]、外籍移工人數/泰國/產業[人]、外籍移工人數/泰國/社福[人]、外籍移工人數/馬來西亞/總計[人]、外籍移工人數/馬來西亞/產業[人]、外籍移工人數/馬來西亞/社福[人]、外籍移工人數/印尼/總計[人]、外籍移工人數/印尼/產業[人]、外籍移工人數/印尼/社福[人]、外籍移工人數/越南/總計[人]、外籍移工人數/越南/產業[人]、外籍移工人數/越南/社福[人]、外籍移工人數/蒙古/總計人]、外籍移工人數/蒙古/產業[人]、外籍移工人數/蒙古/社福[人]、外籍移工人數/其他/總計[人]、外籍移工人數/其他/產業[人]、外籍移工人數/其他/社福[人]、外籍移工查察件數/入國訪視[件]、外籍移工查察件數/檢舉查察[件]、外籍移工查察件數/1955查察[件]、外籍移工查察件數/養護機構訪查[件]、外籍移工查察件數/仲介機構訪查[件],智慧通勤:0; 韌性防災:0; 永續環境:0; 食安健康:0; 勞動福祉:1; 文化共融:0
taipei,49090cc2-ffe6-4c4f-ba2c-e3742c6112f9,00003559,臺北市多重障礙者之年齡分配按多重障礙類別分,勞動福祉,False,True,True,table,就業趨勢與社福資源分析,False,2,社福,公共資訊,網路服務,社會局,,社會局,不定期更新,CSV,中文,2020-12-29T00:00:00,/api/dataset/49090cc2-ffe6-4c4f-ba2c-e3742c6112f9/resource/8b500044-342c-48a7-bf69-9e1a077a16f4/download,提供臺北市多重障礙者之年齡分配按多重障礙類別分資訊,年度/年紀、視覺障礙者人數、聽覺機能障礙者人數、平衡機能障礙者人數、聲音機能或語言機能障礙者人數、肢體障礙者人數、智能障礙者人數、重要器官失去功能者人數、顏面損傷者人數、植物人人數、失智症者人數、自閉症者人數、慢性精神病患者人數、頑性難治症瘨癇症者人數、因罕見疾病而致身心功能障礙者人數、其他人數、新制類別無法對應舊制類別者人數,智慧通勤:0; 韌性防災:0; 永續環境:0; 食安健康:0; 勞動福祉:1; 文化共融:0
taipei,cca83022-2e49-4d5a-a0ee-80c1f35c2d2c,00003512,臺北市多重障礙者人數按多重障礙類別分,勞動福祉,False,True,True,table,就業趨勢與社福資源分析,False,2,社福,公共資訊,網路服務,社會局,,社會局,不定期更新,CSV,中文,2020-12-28T00:00:00,/api/dataset/cca83022-2e49-4d5a-a0ee-80c1f35c2d2c/resource/169568f4-4f48-4f7a-984c-fa6deea2650d/download,提供臺北市多重障礙者人數按多重障礙類別分資訊,年/季、視覺障礙者人數、聽覺機能障礙者人數、平衡機能障礙者人數、聲音機能或語言機能障礙者人數、肢體障礙者、智能障礙者、重要器官失去功能者、顏面損傷者、植物人、失智症者、自閉症者、慢性精神病患者、頑性難治症瘨癇症者、因罕見疾病而致身心功能障礙者、其他、新制類別無法對應舊制類別者、尚無詳細類別之多障者,智慧通勤:0; 韌性防災:0; 永續環境:0; 食安健康:0; 勞動福祉:1; 文化共融:0
taipei,0be74de4-e04f-4d56-a181-4e7a2da90cd2,00002518,臺北市失業率(婚姻狀況別),勞動福祉,False,True,True,table,就業趨勢與社福資源分析,False,2,統計,求職及就業,原始資料,主計處,,主計處,每1年,CSV,中文,2022-02-25T00:00:00,https://tsis.dbas.gov.taipei/statis/webMain.aspx?sys=220&ymf=6700&kind=21&type=0&funid=a05005602&cycle=4&outmode=12&compmode=0&outkind=3&deflst=2&nzo=1,臺北市失業率(婚姻狀況別)時間數列統計資料,統計期、性別、全體[%]、未婚[%]、有配偶或同居[%]、離婚分居或喪偶[%],智慧通勤:0; 韌性防災:0; 永續環境:0; 食安健康:0; 勞動福祉:2; 文化共融:0
taipei,91c5ed02-532e-422f-826e-5f40864ff6e0,00002517,臺北市失業率(年齡別),勞動福祉,False,True,True,table,就業趨勢與社福資源分析,False,2,統計,求職及就業,原始資料,主計處,,主計處,每1年,CSV,中文,2022-03-03T00:00:00,https://tsis.dbas.gov.taipei/statis/webMain.aspx?sys=220&ymf=6700&type=0&funid=a05005501&cycle=4&outmode=12&compmode=0&outkind=3&deflst=2&nzo=1,臺北市失業率(年齡別)時間數列統計資料,統計期、性別、失業人口/總計[千人]、失業人口/15至19歲[千人]、失業人口/20至24歲[千人]、失業人口/25至29歲[千人]、失業人口/30至34歲[千人]、失業人口/35至39歲[千人]、失業人口/40至44歲[千人]、失業人口/45至49歲[千人]、失業人口/50至54歲[千人]、失業人口/55至59歲[千人]、失業人口/60至64歲[千人]、失業人口/65歲以上[千人]、失業率/全體[%]、失業率/15至19歲[%]、失業率/20至24歲[%]、失業率/25至29歲[%]、失業率/30至34歲[%]、失業率/35至39歲[%]、失業率/40至44歲[%]、失業率/45至49歲[%]、失業率/50至54歲[%]、失業率/55至59歲[%]、失業率/60至64歲[%]、失業率/65歲以上[%],智慧通勤:0; 韌性防災:0; 永續環境:0; 食安健康:0; 勞動福祉:3; 文化共融:0
taipei,acdfa796-b3cc-42eb-bacb-19d73704defe,00002516,臺北市失業率(教育程度別),勞動福祉,False,True,True,table,就業趨勢與社福資源分析,False,2,統計,求職及就業,原始資料,主計處,,主計處,每1年,CSV,中文,2022-03-03T00:00:00,https://tsis.dbas.gov.taipei/statis/webMain.aspx?sys=220&ymf=6700&type=0&funid=a05005401&cycle=4&outmode=12&compmode=0&outkind=3&deflst=2&nzo=1,臺北市失業率(教育程度別)時間數列統計資料,統計期、性別、失業人口/總計[千人]、失業人口/研究所[千人]、失業人口/大學[千人]、失業人口/專科[千人]、失業人口/高中[千人]、失業人口/高職[千人]、失業人口/國中[初職][千人]、失業人口/國小以下[千人]、失業率/全體[%]、失業率/研究所[%]、失業率/大學[%]、失業率/專科[%]、失業率/高中[%]、失業率/高職[%]、失業率/國中[初職][%]、失業率/國小以下[%],智慧通勤:0; 韌性防災:0; 永續環境:0; 食安健康:0; 勞動福祉:3; 文化共融:0
taipei,460f5e4a-e3d6-4de4-a1d5-6c69faf0d553,00002487,臺北市失蹤人口,勞動福祉,False,True,True,table,就業趨勢與社福資源分析,False,2,統計,公共資訊,原始資料,主計處,,主計處,每1年,CSV,中文,2021-02-26T00:00:00,https://tsis.dbas.gov.taipei/statis/webMain.aspx?sys=220&ymf=9000&kind=21&type=0&funid=a05039201&cycle=4&outmode=12&compmode=0&outkind=3&deflst=2&nzo=1,臺北市失蹤人口時間數列統計資料,統計期、警政年齡層、性別、發生數[件]、查獲數[件],智慧通勤:0; 韌性防災:0; 永續環境:0; 食安健康:0; 勞動福祉:1; 文化共融:0
taipei,532940b5-c1d9-4787-9c01-6ada92589142,00003568,臺北市婦女福利服務,勞動福祉,False,True,False,table,就業趨勢與社福資源分析,True,2,社福,公共資訊,網路服務,社會局,,社會局,不定期更新,CSV,中文,2020-12-29T00:00:00,/api/dataset/532940b5-c1d9-4787-9c01-6ada92589142/resource/9ce2f793-05fc-4b04-8109-0937fef8801c/download,每半年提供臺北市婦女福利服務資訊,年/半年、參加總人次、婦女福利與婦女權益活動參加人次、婦女團體組織能力培訓、婦女團體領導人培訓、性別意識培力活動參加人次、性別師資培訓課程、婦女相關議題之溝通平台或公共論壇、其他,智慧通勤:0; 韌性防災:0; 永續環境:0; 食安健康:0; 勞動福祉:2; 文化共融:1
taipei,3e36bcc8-b70a-41d6-b556-7978ba301c5c,00002419,臺北市婦女福利服務(103年以後),勞動福祉,False,True,True,table,就業趨勢與社福資源分析,False,2,統計,公共資訊,原始資料,主計處,,主計處,每1年,CSV,中文,2022-03-08T00:00:00,https://tsis.dbas.gov.taipei/statis/webMain.aspx?sys=220&ymf=10300&kind=21&type=0&funid=a05026302&cycle=4&outmode=12&compmode=0&outkind=3&deflst=2&nzo=1,臺北市婦女福利服務(103年以後)時間數列統計資料,統計期、性別、諮詢服務人次[人次]、個案管理人次[人次]、婦女福利與婦女權益活動/辦理場次[次]、婦女福利與婦女權益活動/參加人次[人次]、團體方案服務/辦理場次[次]、團體方案服務/參加人次[人次]、婦女組織培力活動/辦理場次[次]、婦女組織培力活動/參加人次[人次]、婦女團體組織能力培訓/辦理場次[次]、婦女團體組織能力培訓/參加人次[人次]、婦女團體領導人培訓/辦理場次[次]、婦女團體領導人培訓/參加人次[人次]、性別意識培力活動/辦理場次[次]、性別意識培力活動/參加人次[人次]、性別師資培訓課程/辦理次數[次]、性別師資培訓課程/參加人次[人次]、婦女相關議題之溝通平台或公共論壇/辦理次數[次]、婦女相關議題之溝通平台或公共論壇/參加人次[人次]、其他/辦理場次[次]、其他/參加人次[人次],智慧通勤:0; 韌性防災:0; 永續環境:0; 食安健康:0; 勞動福祉:1; 文化共融:1
taipei,264fba1a-e423-48d4-a250-3b683dc541de,00002418,臺北市婦女福利服務(94年至102年),勞動福祉,False,True,True,table,就業趨勢與社福資源分析,False,2,統計,公共資訊,原始資料,主計處,,主計處,每1年,CSV,中文,2020-10-16T00:00:00,https://tsis.dbas.gov.taipei/statis/webMain.aspx?sys=220&ymf=9400&ymt=10200&kind=21&type=0&funid=a05026301&cycle=4&outmode=12&compmode=0&outkind=1&deflst=2&nzo=1,臺北市婦女福利服務(94年至102年)時間數列統計資料,統計期、法律諮詢人次[人次]、諮商服務人次[人次]、親職講座/辦理場次[次]、親職講座/參加人次[人次]、婦女福利活動/辦理場次[次]、婦女福利活動/參加人次[人次]、婦女學苑/班數[班]、婦女學苑/參加人次[人次]、其他/辦理場次[次]、其他/參加人次[人次],智慧通勤:0; 韌性防災:0; 永續環境:0; 食安健康:0; 勞動福祉:1; 文化共融:1
taipei,24229a0f-7d11-476e-afaa-3884d59e2dd0,00002416,臺北市婦女福利服務機構概況(84年至87年),勞動福祉,False,True,True,table,就業趨勢與社福資源分析,False,2,統計,公共資訊,原始資料,主計處,,主計處,每1年,CSV,中文,2020-10-16T00:00:00,https://tsis.dbas.gov.taipei/statis/webMain.aspx?sys=220&ymf=8400&ymt=8700&kind=21&type=0&funid=a05026201&cycle=4&outmode=12&compmode=0&outkind=1&deflst=2&nzo=1,臺北市婦女福利服務機構概況(84年至87年)時間數列統計資料,統計期、婦女[婦幼]福利服務中心/機構數/總計[家]、婦女[婦幼]福利服務中心/機構數/公立[家]、婦女[婦幼]福利服務中心/機構數/私立[家]、婦女[婦幼]福利服務中心/服務人次/諮詢輔導[人次]、婦女[婦幼]福利服務中心/服務人次/婦女技藝[人次]、婦女[婦幼]福利服務中心/服務人次/親職講座[人次]、婦女[婦幼]福利服務中心/服務人次/不幸婦女服務[人次]、婦女[婦幼]福利服務中心/服務人次/知性教育[人次]、婦女[婦幼]福利服務中心/服務人次/其他[人次]、婦女中途之家庇護中心/機構數/總計[家]、婦女中途之家庇護中心/機構數/公立[家]、婦女中途之家庇護中心/機構數/私立[家]、婦女中途之家庇護中心/可收容人數[人]、婦女中途之家庇護中心/實際收容人數[人]、輔導不幸婦女就業人數[人],智慧通勤:0; 韌性防災:0; 永續環境:0; 食安健康:0; 勞動福祉:2; 文化共融:0
taipei,233339fa-173b-427f-8110-8747a63a7834,00002417,臺北市婦女福利服務機構概況(88年以後),勞動福祉,False,True,True,table,就業趨勢與社福資源分析,False,2,統計,公共資訊,原始資料,主計處,,主計處,每1年,CSV,中文,2022-03-07T00:00:00,https://tsis.dbas.gov.taipei/statis/webMain.aspx?sys=220&ymf=8800&kind=21&type=0&funid=a05026202&cycle=4&outmode=12&compmode=0&outkind=1&deflst=2&nzo=1,臺北市婦女福利服務機構概況(88年以後)時間數列統計資料,統計期、婦女福利服務中心/機構數/總計[家]、婦女福利服務中心/機構數/公立[家]、婦女福利服務中心/機構數/公設民營[家]、婦女福利服務中心/個案管理服務人次[人次]、婦女中途之家庇護中心/機構數/總計[家]、婦女中途之家庇護中心/機構數/公立[家]、婦女中途之家庇護中心/機構數/公設民營[家]、婦女中途之家庇護中心/可收容人數[人]、婦女中途之家庇護中心/實際收容個案數[人次],智慧通勤:0; 韌性防災:0; 永續環境:0; 食安健康:0; 勞動福祉:1; 文化共融:0
taipei,3897fe2a-f13d-41bc-845b-9cf2aba3596b,00003571,臺北市家庭暴力加害人處遇,勞動福祉,False,True,True,table,就業趨勢與社福資源分析,False,2,社福,生活安全及品質,網路服務,社會局,,社會局,每1年,CSV,中文,2020-12-29T00:00:00,/api/dataset/3897fe2a-f13d-41bc-845b-9cf2aba3596b/resource/d24d6597-b1d8-4c11-9ff3-505f0012633b/download,定期提供臺北市家庭暴力加害人處遇資訊,年/季、應執行處遇人數、完成處遇人數、尚在執行處遇人數、顯已無法完成處遇者人數、已移送家防中心或警察局、已移送地檢署人數,智慧通勤:0; 韌性防災:0; 永續環境:0; 食安健康:0; 勞動福祉:1; 文化共融:0
taipei,f66fa1be-67f3-48f3-a859-d8cb8be7e713,00003580,臺北市家庭暴力被害人保護扶助金額,勞動福祉,False,True,True,table,就業趨勢與社福資源分析,False,2,社福,生活安全及品質,網路服務,社會局,,社會局,每1年,CSV,中文,2020-12-30T00:00:00,/api/dataset/f66fa1be-67f3-48f3-a859-d8cb8be7e713/resource/97866b7d-dffc-4608-962f-c3b282a66529/download,定期提供臺北市家庭暴力被害人保護扶助金額資訊,年/季、總金額、緊急生活扶助金額、生活扶助、急難救助、租金補助、醫療補助金額、庇護安置補助、心理治療諮商與輔導金額、律師費用補助、訴訟費用補助、子女生活津貼、子女教育補助、兒童托育費用、民間慈善團體資助、其他補助,智慧通勤:0; 韌性防災:1; 永續環境:0; 食安健康:2; 勞動福祉:3; 文化共融:0
taipei,0e01d743-126e-4322-a39d-88ef0fd3e503,00000669,臺北市寄養服務業務,勞動福祉,False,True,True,table,就業趨勢與社福資源分析,False,2,社福,出生及收養,網路服務,社會局,,社會局,每3月,CSV,中文,2020-07-29T00:00:00,/api/dataset/0e01d743-126e-4322-a39d-88ef0fd3e503/resource/29f5697c-bf8e-4051-8a82-d3b6ad25f5da/download,寄養服務業務資料呈現於【社會局局網> 統計資料> 預告統計資料發布時間表】,機關名稱、機關代碼、民國年、季、執行金額,智慧通勤:0; 韌性防災:0; 永續環境:0; 食安健康:0; 勞動福祉:2; 文化共融:0
taipei,df320c78-f66b-4504-92b4-cf2a2eb46f1b,00002515,臺北市就業人口之年齡結構,勞動福祉,False,True,True,table,就業趨勢與社福資源分析,False,2,統計,求職及就業,原始資料,主計處,,主計處,每1年,CSV,中文,2021-03-18T00:00:00,https://tsis.dbas.gov.taipei/statis/webMain.aspx?sys=220&ymf=6700&kind=21&type=0&funid=a05005301&cycle=4&outmode=12&compmode=0&outkind=3&deflst=2&nzo=1,臺北市就業人口之年齡結構時間數列統計資料,統計期、性別、就業人口/實數[千人]、就業人口按年齡別/15至未滿20歲/實數[千人]、就業人口按年齡別/20至未滿25歲/實數[千人]、就業人口按年齡別/25至未滿30歲/實數[千人]、就業人口按年齡別/30至未滿35歲/實數[千人]、就業人口按年齡別/35至未滿40歲/實數[千人]、就業人口按年齡別/40至未滿45歲/實數[千人]、就業人口按年齡別/45至未滿50歲/實數[千人]、就業人口按年齡別/50至未滿55歲/實數[千人]、就業人口按年齡別/55至未滿60歲/實數[千人]、就業人口按年齡別/60至未滿65歲/實數[千人]、就業人口按年齡別/65歲以上/實數[千人]、就業人口/百分比[%]、就業人口按年齡別/15至未滿20歲/百分比[%]、就業人口按年齡別/20至未滿25歲/百分比[%]、就業人口按年齡別/25至未滿30歲/百分比[%]、就業人口按年齡別/30至未滿35歲/百分比[%]、就業人口按年齡別/35至未滿40歲/百分比[%]、就業人口按年齡別/40至未滿45歲/百分比[%]、就業人口按年齡別/45至未滿50歲/百分比[%]、就業人口按年齡別/50至未滿55歲/百分比[%]、就業人口按年齡別/55至未滿60歲/百分比[%]、就業人口按年齡別/60至未滿65歲/百分比[%]、就業人口按年齡別/65歲以上/百分比[%],智慧通勤:0; 韌性防災:0; 永續環境:0; 食安健康:0; 勞動福祉:2; 文化共融:0
taipei,97a50181-34f6-4ea8-b77e-05949a27ec1c,00002513,臺北市就業人口之從業身分,勞動福祉,False,True,True,table,就業趨勢與社福資源分析,False,2,統計,求職及就業,原始資料,主計處,,主計處,每1年,CSV,中文,2021-06-08T00:00:00,https://tsis.dbas.gov.taipei/statis/webMain.aspx?sys=220&ymf=5800&kind=21&type=0&funid=a05005101&cycle=4&outmode=12&compmode=0&outkind=3&deflst=2&nzo=1,臺北市就業人口之從業身分時間數列統計資料,統計期、性別、從業身分別、實數[千人]、百分比[%],智慧通勤:0; 韌性防災:0; 永續環境:0; 食安健康:0; 勞動福祉:2; 文化共融:0
taipei,0a50c8aa-5fba-4c0b-a6d7-3f0b3f4922ae,00002514,臺北市就業人口之教育程度,勞動福祉,False,True,True,table,就業趨勢與社福資源分析,False,2,統計,求職及就業,原始資料,主計處,,主計處,每1年,CSV,中文,2021-04-07T00:00:00,https://tsis.dbas.gov.taipei/statis/webMain.aspx?sys=220&ymf=6700&kind=21&type=0&funid=a05005201&cycle=4&outmode=12&compmode=0&outkind=3&deflst=2&nzo=1,臺北市就業人口之教育程度時間數列統計資料,統計期、性別、教育程度別、實數[千人]、百分比[%],智慧通勤:0; 韌性防災:0; 永續環境:0; 食安健康:0; 勞動福祉:2; 文化共融:0
taipei,574acb70-499f-4cd3-86a7-d18a957ce4d3,00002512,臺北市就業人口之職業(100年以後),勞動福祉,False,True,True,table,就業趨勢與社福資源分析,False,2,統計,求職及就業,原始資料,主計處,,主計處,每1年,CSV,中文,2021-06-08T00:00:00,https://tsis.dbas.gov.taipei/statis/webMain.aspx?sys=220&ymf=10000&kind=21&type=0&funid=a05005003&cycle=4&outmode=12&compmode=0&outkind=3&deflst=2&nzo=1,臺北市就業人口之職業(100年以後)時間數列統計資料,統計期、性別、總計/實數[千人]、民意代表企業主管及經理人員/實數[千人]、專業人員/實數[千人]、技術員及助理專業人員/實數[千人]、事務支援人員/實數[千人]、服務及銷售工作人員/實數[千人]、農林漁牧業生產人員/實數[千人]、技藝有關工作人員機械設備操作及勞力工/實數[千人]、總計/百分比[%]、民意代表企業主管及經理人員/百分比[%]、專業人員/百分比[%]、技術員及助理專業人員/百分比[%]、事務支援人員/百分比[%]、服務及銷售工作人員/百分比[%]、農林漁牧業生產人員/百分比[%]、技藝有關工作人員機械設備操作及勞力工/百分比[%],智慧通勤:0; 韌性防災:0; 永續環境:0; 食安健康:0; 勞動福祉:2; 文化共融:0
taipei,86fe1f8a-de30-4418-8cc3-fd440e27bc3c,00002510,臺北市就業人口之職業(81年以前),勞動福祉,False,True,True,table,就業趨勢與社福資源分析,False,2,統計,求職及就業,原始資料,主計處,,主計處,不定期更新,CSV,中文,2020-10-23T00:00:00,https://tsis.dbas.gov.taipei/statis/webMain.aspx?sys=220&ymf=5800&ymt=8100&kind=21&type=0&funid=a05005001&cycle=4&outmode=12&compmode=0&outkind=3&deflst=2&nzo=1,臺北市就業人口之職業(81年以前)時間數列統計資料,統計期、性別、總計/實數[千人]、專門性技術性及有關人員/實數[千人]、行政及主管人員/實數[千人]、監督及佐理人員/實數[千人]、買賣工作人員/實數[千人]、服務工作人員/實數[千人]、農林漁牧狩獵工作人員/實數[千人]、生產及有關工人運輸設備操作工及體力工人/實數[千人]、總計/百分比[%]、專門性技術性及有關人員/百分比[%]、行政及主管人員/百分比[%]、監督及佐理人員/百分比[%]、買賣工作人員/百分比[%]、服務工作人員/百分比[%]、農林漁牧狩獵工作人員/百分比[%]、生產及有關工人運輸設備操作工及體力工人/百分比[%],智慧通勤:1; 韌性防災:0; 永續環境:0; 食安健康:0; 勞動福祉:2; 文化共融:0
taipei,0f5d52c9-93fc-477c-8560-85ae98596855,00002511,臺北市就業人口之職業(82年至99年),勞動福祉,False,True,True,table,就業趨勢與社福資源分析,False,2,統計,求職及就業,原始資料,主計處,,主計處,不定期更新,CSV,中文,2020-10-23T00:00:00,https://tsis.dbas.gov.taipei/statis/webMain.aspx?sys=220&ymf=8200&ymt=9900&kind=21&type=0&funid=a05005002&cycle=4&outmode=12&compmode=0&outkind=3&deflst=2&nzo=1,臺北市就業人口之職業(82年至99年)時間數列統計資料,統計期、性別、總計/實數[千人]、民意代表企業主管及經理人員/實數[千人]、專業人員/實數[千人]、技術員及助理專業人員/實數[千人]、事務工作人員/實數[千人]、服務工作人員及售貨員/實數[千人]、農林漁牧工作人員/實數[千人]、生產有關工人機械設備操作工及體力工/實數[千人]、總計/百分比[%]、民意代表企業主管及經理人員/百分比[%]、專業人員/百分比[%]、技術員及助理專業人員/百分比[%]、事務工作人員/百分比[%]、服務工作人員及售貨員/百分比[%]、農林漁牧工作人員/百分比[%]、生產有關工人機械設備操作工及體力工/百分比[%],智慧通勤:0; 韌性防災:0; 永續環境:0; 食安健康:0; 勞動福祉:2; 文化共融:0
taipei,a32646e3-5b14-45eb-86f8-8fe133e8b393,00002507,臺北市就業人口之行業(90年以前),勞動福祉,False,True,True,table,就業趨勢與社福資源分析,False,2,統計,求職及就業,原始資料,主計處,,主計處,不定期更新,CSV,中文,2020-10-23T00:00:00,https://tsis.dbas.gov.taipei/statis/webMain.aspx?sys=220&ymf=5800&ymt=9000&kind=21&type=0&funid=a05004901&cycle=4&outmode=12&compmode=0&outkind=3&deflst=2&nzo=1,臺北市就業人口之行業(90年以前)時間數列統計資料,統計期、性別、行業別、實數[千人]、百分比[%],智慧通勤:0; 韌性防災:0; 永續環境:0; 食安健康:0; 勞動福祉:2; 文化共融:0
taipei,ebc2a154-6fee-4ff7-a6e7-2bd7a1c813cd,00002508,臺北市就業人口之行業(91至95年),勞動福祉,False,True,True,table,就業趨勢與社福資源分析,False,2,統計,求職及就業,原始資料,主計處,,主計處,不定期更新,CSV,中文,2020-10-23T00:00:00,https://tsis.dbas.gov.taipei/statis/webMain.aspx?sys=220&ymf=9100&ymt=9500&kind=21&type=0&funid=a05004902&cycle=4&outmode=12&compmode=0&outkind=3&deflst=2&nzo=1,臺北市就業人口之行業(91至95年)時間數列統計資料,統計期、性別、行業別、實數[千人]、百分比[%],智慧通勤:0; 韌性防災:0; 永續環境:0; 食安健康:0; 勞動福祉:2; 文化共融:0
taipei,9817db12-9574-4af4-9748-774d2063512c,00002509,臺北市就業人口之行業(96年以後),勞動福祉,False,True,True,table,就業趨勢與社福資源分析,False,2,統計,求職及就業,原始資料,主計處,,主計處,每1年,CSV,中文,2021-04-07T00:00:00,https://tsis.dbas.gov.taipei/statis/webMain.aspx?sys=220&ymf=9600&kind=21&type=0&funid=a05004903&cycle=4&outmode=12&compmode=0&outkind=3&deflst=2&nzo=1,臺北市就業人口之行業(96年以後)時間數列統計資料,統計期、性別、行業別、實數[千人]、百分比[%],智慧通勤:0; 韌性防災:0; 永續環境:0; 食安健康:0; 勞動福祉:2; 文化共融:0
taipei,48eb75e3-8694-433d-87cd-01b08668bcc7,00029730,臺北市就業保險育嬰留職停薪津貼初次核付人數,勞動福祉,False,True,True,table,就業趨勢與社福資源分析,False,2,統計,求職及就業,原始資料,主計處,,主計處,每1年,CSV,中文,2022-09-12T00:00:00,https://tsis.dbas.gov.taipei/statis/webMain.aspx?sys=220&ymf=9800&kind=21&type=0&funid=a05900201&cycle=4&outmode=12&compmode=0&outkind=1&deflst=2&nzo=1,臺北市就業保險育嬰留職停薪津貼初次核付人數時間數列統計資料,統計期、就業保險育嬰留職停薪津貼初次核付人數[人]/ 總計、就業保險育嬰留職停薪津貼初次核付人數[人]/ 男、就業保險育嬰留職停薪津貼初次核付人數[人]/ 女、就業保險育嬰留職停薪津貼初次核付人數增減率[%]/ 總計、就業保險育嬰留職停薪津貼初次核付人數增減率[%]/ 男、就業保險育嬰留職停薪津貼初次核付人數增減率[%]/ 女,智慧通勤:0; 韌性防災:0; 永續環境:0; 食安健康:0; 勞動福祉:1; 文化共融:0
taipei,8915d063-c82c-41ed-a480-7c1c4f1d48b7,00029357,臺北市就職求才人數及求供倍數,勞動福祉,False,True,True,table,就業趨勢與社福資源分析,False,2,勞動,求職及就業,原始資料,勞動局,就服處,勞動局就服處,不定期更新,CSV,中文,2022-06-16T00:00:00,/api/dataset/8915d063-c82c-41ed-a480-7c1c4f1d48b7/resource/a875d9ce-7b37-441b-ba60-b5b827cbcf47/download,臺北市就職求才人數及求供倍數資料,項目別、求職人數新登記、求職人數有效、求才人數新登記、求才人數有效、求供倍數新登記、求供倍數有效,智慧通勤:0; 韌性防災:0; 永續環境:0; 食安健康:0; 勞動福祉:1; 文化共融:0
taipei,13b48a58-99b5-4446-a51b-fdf12a278efe,00004079,臺北市局處篩選,勞動福祉,False,True,True,table,就業趨勢與社福資源分析,False,2,社福,公共資訊,原始資料,社會局,,社會局,不定期更新,CSV,中文,2022-01-26T00:00:00,/api/dataset/13b48a58-99b5-4446-a51b-fdf12a278efe/resource/a4df67cc-f0e4-4b82-b479-567222c4fea6/download,本市社會安全網篩選個案符合跨局處(2個以上)服務之個案統計數量,機關名稱、機關代碼、年度、月份、跨局處服務之個案統計數量,智慧通勤:0; 韌性防災:0; 永續環境:0; 食安健康:0; 勞動福祉:2; 文化共融:0
taipei,6922b2b6-f58f-455b-a0b3-cbc2a3a482d9,00003710,臺北市工會概況,勞動福祉,False,True,True,table,就業趨勢與社福資源分析,False,2,勞動,求職及就業,原始資料,勞動局,,勞動局,每1年,CSV,中文,2021-01-18T00:00:00,/api/dataset/6922b2b6-f58f-455b-a0b3-cbc2a3a482d9/resource/69afeb4d-5e0e-45df-9b42-2627df497bcd/download,臺北市工會團體數及會員性別人數統計,工會別、臺北市工會團體數（單位:個）、理監事人數（單位:人）、男會員人數、女會員人數、更新日期,智慧通勤:0; 韌性防災:0; 永續環境:0; 食安健康:0; 勞動福祉:2; 文化共融:0
taipei,ecd6c8ab-f16c-48bf-82d4-1fada97e5755,00003535,臺北市市立殯葬設施及服務收費基準,勞動福祉,False,True,True,table,就業趨勢與社福資源分析,False,2,民政,生命禮儀,原始資料,民政局,殯葬處,民政局殯葬處,每1年,CSV,中文,2020-12-29T00:00:00,/api/dataset/ecd6c8ab-f16c-48bf-82d4-1fada97e5755/resource/0f6fbefa-8ef9-42a7-98f3-3cb603c7d408/download,臺北市殯葬管理處所屬公立殯儀館收費標準,編號、年度、項目、單位、數量、金額、說明,智慧通勤:0; 韌性防災:0; 永續環境:0; 食安健康:0; 勞動福祉:2; 文化共融:0
taipei,aebb21b3-7f29-46d1-863c-09d280aa7223,00000549,臺北市常備兵役役男家屬各項扶(慰)助經費統計表,勞動福祉,False,True,True,table,就業趨勢與社福資源分析,False,2,統計,服兵役,原始資料,兵役局,,兵役局,每3月,CSV,中文,2015-05-19T00:00:00,/api/dataset/aebb21b3-7f29-46d1-863c-09d280aa7223/resource/6acee2e8-fada-4db0-8e24-039b5af16abc/download,臺北市常備兵役役男家屬各項扶(慰)助經費統計,年、季、鄉鎮市區別、身分別、合計件數、合計金額、一次安家費件數、一次安家費金額、三節生活扶助金件數、三節生活扶助金金額、生育補助金件數、生育補助金金額、喪葬補助金件數、喪葬補助金金額、急難慰助金件數、急難慰助金金額、健保補助費件數、健保補助費金額、醫療補助費件數、醫療補助金額,智慧通勤:0; 韌性防災:0; 永續環境:0; 食安健康:1; 勞動福祉:2; 文化共融:0
taipei,26a9959e-b0e8-478b-afd2-d32cc62a7e04,00000550,臺北市常備兵役役男家屬安家費暨三節生活扶助金統計表,勞動福祉,False,True,True,table,就業趨勢與社福資源分析,False,2,統計,服兵役,原始資料,兵役局,,兵役局,不定期更新,CSV,中文,2015-05-19T00:00:00,/api/dataset/26a9959e-b0e8-478b-afd2-d32cc62a7e04/resource/5906358c-b676-4bf7-887f-16c461535930/download,臺北市常備兵役役男家屬安家費暨三節生活扶助金統計,年、月、鄉鎮市區別、身分別、合計發給戶數、合計發給口數、合計金額、一次安家費小計發給戶數、一次安家費小計發給口數、一次安家費小計金額、一次安家費甲級發給戶數、一次安家費甲級發給口數、一次安家費甲級金額、一次安家費乙級發給戶數、一次安家費乙級發給口數、一次安家費乙級金額、一次安家費丙級發給戶數、一次安家費丙級發給口數、一次安家費丙級金額、三節生活扶助金小計發給戶數、三節生活扶助金小計發給口數、三節生活扶助金小計金額、三節生活扶助金甲級發給戶數、三節生活扶助金甲級發給口數、三節生活扶助金甲級金額、三節生活扶助金乙級發給戶數、三節生活扶助金乙級發給口數、三節生活扶助金乙級金額、三節生活扶助金丙級發給戶數、三節生活扶助金丙級發給口數、三節生活扶助金丙級金額,智慧通勤:0; 韌性防災:0; 永續環境:0; 食安健康:0; 勞動福祉:1; 文化共融:0
taipei,5ca3ebce-87cb-4f28-9944-95293cd43fe3,00002407,臺北市平面媒體廣告及新聞處理情形,勞動福祉,False,True,True,table,就業趨勢與社福資源分析,False,2,統計,公共資訊,原始資料,主計處,,主計處,每1年,"CSV,CSV",中文,2021-02-10T00:00:00,"https://tsis.dbas.gov.taipei/statis/webMain.aspx?sys=220&ymf=7900&ymt=10400&kind=21&type=0&funid=a05011301&cycle=4&outmode=12&compmode=0&outkind=1&deflst=2&nzo=1,https://tsis.dbas.gov.taipei/statis/webMain.aspx?sys=220&ymf=9300&kind=21&type=0&funid=a05044601&cycle=4&outmode=12&compmode=0&outkind=1&deflst=2&nzo=1",臺北市平面媒體廣告及新聞處理情形時間數列統計資料,統計期、違反兒童及少年性剝削防制條例新聞及廣告/案件數[則]、違反兒童及少年性剝削防制條例新聞及廣告/處分數[件]、違反兒童及少年性剝削防制條例新聞及廣告/處分金額[萬元]、違反菸酒管理法廣告/案件數[則]、違反菸酒管理法廣告/處分數[件]、違反菸酒管理法廣告/處分金額[萬元]、違反性騷擾防治法新聞/案件數[則]、違反性騷擾防治法新聞/處分數[件]、違反性騷擾防治法新聞/處分金額[萬元]、違反兒童及少年福利與權益保障法新聞/案件數[則]、違反兒童及少年福利與權益保障法新聞/處分數[件]、違反兒童及少年福利與權益保障法新聞/處分金額[萬元]、違反性侵害犯罪防治法新聞/案件數[則]、違反性侵害犯罪防治法新聞/處分數[件]、違反性侵害犯罪防治法新聞/處分金額[萬元]、違反人口販運防制法新聞/案件數[則]、違反人口販運防制法新聞/處分數[件]、違反人口販運防制法新聞/處分金額[萬元],智慧通勤:0; 韌性防災:0; 永續環境:0; 食安健康:0; 勞動福祉:2; 文化共融:0
taipei,c5f76297-8ffe-4cc6-be9b-0819fd818bbe,00003263,臺北市年度勞資爭議統計依主要爭議類別區分,勞動福祉,False,True,True,table,就業趨勢與社福資源分析,False,2,勞動,求職及就業,原始資料,勞動局,,勞動局,每1年,CSV,中文,2021-03-24T00:00:00,/api/dataset/c5f76297-8ffe-4cc6-be9b-0819fd818bbe/resource/5bbdabe1-def2-48a2-85e1-c007bbefd053/download,依主要爭議類別區分勞資爭議統計報表,年度、轄區、性質、主要爭議類別、案件數（數量）,智慧通勤:0; 韌性防災:0; 永續環境:0; 食安健康:0; 勞動福祉:1; 文化共融:0
taipei,a5f80885-0a15-4215-ae76-5ed36a8ae808,00003261,臺北市年度勞資爭議統計依行業別區分,勞動福祉,False,True,True,table,就業趨勢與社福資源分析,False,2,勞動,求職及就業,原始資料,勞動局,,勞動局,每1年,CSV,中文,2021-03-24T00:00:00,/api/dataset/a5f80885-0a15-4215-ae76-5ed36a8ae808/resource/f018eb1c-a6ed-43dc-b394-6df3a7fdf519/download,依行業別區分勞資爭議統計報表,年度、統計月份、轄區、行業別、案件數（數量）,智慧通勤:0; 韌性防災:0; 永續環境:0; 食安健康:0; 勞動福祉:1; 文化共融:0
taipei,93317708-6f62-4a5c-aba7-bf2795afa82e,00002153,臺北市年齡別死亡概況,勞動福祉,False,True,True,table,就業趨勢與社福資源分析,False,2,統計,公共資訊,原始資料,主計處,,主計處,每1年,CSV,中文,2020-10-12T00:00:00,https://tsis.dbas.gov.taipei/statis/webMain.aspx?sys=220&ymf=8100&kind=21&type=0&funid=A05032601&cycle=4&outmode=12&compmode=0&outkind=1&deflst=2&nzo=1,臺北市年齡別死亡概況時間數列統計資料,統計期、死亡人數/總計[人]、每十萬人口死亡率/總計[人/每十萬人口]、死亡人數/0歲[人]、每十萬人口死亡率/0歲[人/每十萬人口]、死亡人數按死因別分/1-4歲[人]、每十萬人口死亡率/1-4歲[人/每十萬人口]、死亡人數/ 5-14歲[人]、每十萬人口死亡率/ 5-14歲[人/每十萬人口]、死亡人數/15-24歲[人]、每十萬人口死亡率/15-24歲[人/每十萬人口]、死亡人數/25-44歲[人]、每十萬人口死亡率/25-44歲[人/每十萬人口]、死亡人數/45-64歲[人]、每十萬人口死亡率/45-64歲[人/每十萬人口]、死亡人數/65歲以上[人]、每十萬人口死亡率/65歲以上[人/每十萬人口]、男性死亡平均年齡[歲]、女性死亡平均年齡[歲]、男性死亡年齡中位數[歲]、女性死亡年齡中位數[歲],智慧通勤:0; 韌性防災:0; 永續環境:0; 食安健康:0; 勞動福祉:1; 文化共融:0
taipei,34edcf5a-9a2b-41cf-940a-d7b9455dc6e6,00003551,臺北市弱勢兒童及少年扶助概況,勞動福祉,False,True,True,table,就業趨勢與社福資源分析,False,2,社福,公共資訊,網路服務,社會局,,社會局,每1年,CSV,中文,2020-12-29T00:00:00,/api/dataset/34edcf5a-9a2b-41cf-940a-d7b9455dc6e6/resource/ffc96dd2-4460-46c5-8cd9-b9df2387c763/download,定期提供臺北市弱勢兒童及少年扶助概況資訊,年/季、生活扶助、醫療補助人數、托育補助或津貼人數、緊急生活扶助人數,智慧通勤:0; 韌性防災:1; 永續環境:0; 食安健康:1; 勞動福祉:4; 文化共融:0
taipei,aa011cd4-17ff-42d4-a5f6-16230d7f6ade,00000708,臺北市弱勢家庭兒童托育補助,勞動福祉,False,True,True,table,就業趨勢與社福資源分析,False,2,社福,生育保健,網路服務,社會局,,社會局,不定期更新,CSV,中文,2020-07-28T00:00:00,/api/dataset/aa011cd4-17ff-42d4-a5f6-16230d7f6ade/resource/f5ef7dad-7195-4fc7-93a5-fcae5059a547/download,弱勢家庭兒童托育補助統計資料呈現於【社會局局網 > 嬰幼兒照顧服務 > 育兒及托育相關補助】,機關代碼、項目、資料連結路徑、點閱數量、公告日期,智慧通勤:0; 韌性防災:0; 永續環境:0; 食安健康:0; 勞動福祉:5; 文化共融:0
taipei,e40cdd1a-406b-4cd3-8ac0-c9d5db12f66e,00003519,臺北市性侵害事件裁罰案按裁罰事由,勞動福祉,False,True,True,table,就業趨勢與社福資源分析,False,2,社福,生活安全及品質,網路服務,社會局,,社會局,每1年,CSV,中文,2020-12-28T00:00:00,/api/dataset/e40cdd1a-406b-4cd3-8ac0-c9d5db12f66e/resource/0cb84237-1749-4470-9e38-f40f67ae01b5/download,定期提供臺北市性侵害事件裁罰案按裁罰事由資訊,年/季、總件數、加害人裁罰/無正當理由不到場或拒絕接受評估或身心治療或輔導教育者件數、加害人裁罰/無正當理由不按時到場接受身心治療或輔導教育或接受之時數不足者、加害人裁罰/未依規定定期辦理登記或報到者、媒體不當報導裁罰、任何人揭露被害人身分裁罰,智慧通勤:0; 韌性防災:0; 永續環境:0; 食安健康:0; 勞動福祉:1; 文化共融:0
taipei,33508639-048f-41f3-9197-30d48a6c657e,00003570,臺北市性侵害加害人處遇,勞動福祉,False,True,True,table,就業趨勢與社福資源分析,False,2,社福,生活安全及品質,網路服務,社會局,,社會局,不定期更新,CSV,中文,2020-12-29T00:00:00,/api/dataset/33508639-048f-41f3-9197-30d48a6c657e/resource/10a68301-2e69-435e-aee5-050d055c65dd/download,提供每年度臺北市性侵害加害人處遇資訊,年度、總人數、無須處遇、完成處遇人數、尚在接受處遇人數、暫停處遇人數、未完成處遇已結案人數、轉入強制治療,智慧通勤:0; 韌性防災:0; 永續環境:0; 食安健康:0; 勞動福祉:1; 文化共融:0
taipei,2215a02a-9c2a-4313-9eb0-e28353dacffb,00003597,臺北市性侵害被害人保護扶助金額,勞動福祉,False,True,True,table,就業趨勢與社福資源分析,False,2,社福,生活安全及品質,網路服務,社會局,,社會局,每1年,CSV,中文,2020-12-30T00:00:00,/api/dataset/2215a02a-9c2a-4313-9eb0-e28353dacffb/resource/d5c2728b-8f23-4c72-a033-bd9bc2ff5394/download,定期提供臺北市性侵害被害人保護扶助金額,年/季、總金額、緊急生活扶助金額、生活扶助金額、急難救助金額、租金補助金額、醫療補助金額、庇護安置補助金額、心理復健補助金額、律師費用補助金額、訴訟費用補助金額、民間慈善團體資助金額、其他補助金額,智慧通勤:0; 韌性防災:1; 永續環境:0; 食安健康:2; 勞動福祉:3; 文化共融:0
taipei,3dd58570-95fe-441b-a086-79ba652078a8,00003582,臺北市性騷擾事件裁罰統計,勞動福祉,False,True,True,table,就業趨勢與社福資源分析,False,2,社福,生活安全及品質,網路服務,社會局,,社會局,每1年,CSV,中文,2020-12-30T00:00:00,/api/dataset/3dd58570-95fe-441b-a086-79ba652078a8/resource/13b6bda2-a41b-413d-8cc3-d17cc871a13c/download,定期提供臺北市性騷擾事件裁罰統計資訊,機關名稱、民國年、統計區間、裁罰件數、裁罰金額,智慧通勤:0; 韌性防災:0; 永續環境:0; 食安健康:0; 勞動福祉:1; 文化共融:0
taipei,da64a35b-cd04-409c-b21e-cdac96e66f39,00003587,臺北市性騷擾申訴事件審議結果,勞動福祉,False,True,True,table,就業趨勢與社福資源分析,False,2,社福,生活安全及品質,網路服務,社會局,,社會局,不定期更新,CSV,中文,2020-12-30T00:00:00,/api/dataset/da64a35b-cd04-409c-b21e-cdac96e66f39/resource/f2ca108c-e4eb-4755-ad4b-8ad5bfdef9be/download,提供臺北市性騷擾申訴事件審議結果資訊,年/季、申訴事件調查結果成立總數量、申訴事件調查結果不成立總數量、申訴事件調查結果撤回總計、再申訴事件調查結果成立、再申訴事件調查結果不成立、再申訴事件調查結果撤回、調解事件調解結果成立、調解事件調解結果不成立、移送司法偵查,智慧通勤:0; 韌性防災:0; 永續環境:0; 食安健康:0; 勞動福祉:1; 文化共融:0
taipei,81105b87-9c67-4a0b-899c-28cc8fd0fa5e,00003588,臺北市性騷擾當事人基本資料,勞動福祉,False,True,True,table,就業趨勢與社福資源分析,False,2,社福,生活安全及品質,網路服務,社會局,,社會局,不定期更新,CSV,中文,2020-12-30T00:00:00,/api/dataset/81105b87-9c67-4a0b-899c-28cc8fd0fa5e/resource/290d8505-65a0-432e-8860-0ac874f75d94/download,每半年提供臺北市性騷擾當事人基本資料,年/季、總人數、男性人數、女性人數、未滿18歲、18歲至未滿30歲、30歲至未滿40歲、40歲至未滿50歲、50歲至未滿65歲、65歲以上、年齡不詳、領有身心障礙手冊或證明、疑似身心障礙者、非身心障礙者、身心障礙別不詳,智慧通勤:0; 韌性防災:0; 永續環境:0; 食安健康:0; 勞動福祉:1; 文化共融:0
taipei,c17d891c-b603-406a-b71c-6682a1179173,00002011,臺北市戶口之戶量,勞動福祉,False,True,True,table,就業趨勢與社福資源分析,False,2,統計,公共資訊,原始資料,主計處,,主計處,每1年,CSV,中文,2022-01-26T00:00:00,https://tsis.dbas.gov.taipei/statis/webMain.aspx?sys=220&ymf=5700&kind=21&type=0&funid=a05002301&cycle=4&outmode=12&compmode=0&outkind=3&deflst=2&nzo=1,臺北市戶口之戶量時間數列統計資料,"統計期、戶別、戶數[戶]、人口數[人]、戶量[人/戶]
",智慧通勤:0; 韌性防災:0; 永續環境:0; 食安健康:0; 勞動福祉:1; 文化共融:0
taipei,8724262e-5f09-40f3-bd81-dc67710237d1,00002822,臺北市戶籍罰鍰處罰金額基準表,勞動福祉,False,True,True,table,就業趨勢與社福資源分析,False,2,民政,公共資訊,網路服務,民政局,,民政局,不定期更新,ODS,中文,2020-11-10T00:00:00,/api/dataset/8724262e-5f09-40f3-bd81-dc67710237d1/resource/4750cf9c-bf57-4189-94e1-3579b05d6cab/download,民眾違反戶籍法相關規定，戶所依照處罰金額開罰,類別、項目、法定申報期間、主事由、次事由、處罰金額、依據,智慧通勤:0; 韌性防災:0; 永續環境:0; 食安健康:0; 勞動福祉:2; 文化共融:0
taipei,b0f99dc7-8dcf-4284-b959-b2b26cf71551,00003187,臺北市所得收入者每人所得－年齡組別按年別,勞動福祉,False,True,True,table,就業趨勢與社福資源分析,False,2,統計,公共資訊,原始資料,主計處,,主計處,每1年,CSV,中文,2021-12-09T00:00:00,/api/dataset/b0f99dc7-8dcf-4284-b959-b2b26cf71551/resource/e1ca08e2-9f0b-44b0-8c75-cadf8c5550b6/download,臺北市所得收入者每人所得－年齡組別按年別時間數列統計資料,年別、年齡組、所得收入者人數、[一]所得收入總計[NT]、1.受僱人員報酬[NT]、[1]本業薪資[NT]、[2]兼業薪資[NT]、[3]其他收入[NT]、2.產業主所得[NT]、[1]農業淨收入[NT]、[2]營業淨收入[NT]、[3]執行業務淨收入[NT]、3.財產所得收入[NT]、4.自用住宅設算租金收入[NT]、5.經常移轉收入[NT]、[1]從私人[NT]、[2]從政府[NT]、[3]社會保險受益[NT]、[4]從企業[NT]、[5]從國外[NT]、6.雜項收入[NT]、[二]非消費支出[NT]、1.利息支出[NT]、2.經常移轉支出[NT]、[1]對私人[NT]、[2]對政府[NT]、[3]社會保險[NT]、[4]對國外[NT]、[三]可支配所得[NT],智慧通勤:0; 韌性防災:0; 永續環境:0; 食安健康:0; 勞動福祉:2; 文化共融:0
taipei,d2f5071b-1e1b-4546-9298-3aa0da4a05f1,00003189,臺北市所得收入者每人所得－性別按年別,勞動福祉,False,True,True,table,就業趨勢與社福資源分析,False,2,統計,公共資訊,原始資料,主計處,,主計處,每1年,CSV,中文,2021-12-09T00:00:00,/api/dataset/d2f5071b-1e1b-4546-9298-3aa0da4a05f1/resource/134fb472-1738-4580-8805-121cf3fdca8f/download,臺北市所得收入者每人所得－性別按年別時間數列統計資料,年別、性別、所得收入者人數、[一]所得收入總計[NT]、1.受僱人員報酬[NT]、[1]本業薪資[NT]、[2]兼業薪資[NT]、[3]其他收入[NT]、2.產業主所得[NT]、[1]農業淨收入[NT]、[2]營業淨收入[NT]、[3]執行業務淨收入[NT]、3.財產所得收入[NT]、4.自用住宅設算租金收入[NT]、5.經常移轉收入[NT]、[1]從私人[NT]、[2]從政府[NT]、[3]社會保險受益[NT]、[4]從企業[NT]、[5]從國外[NT]、6.雜項收入[NT]、[二]非消費支出[NT]、1.利息支出[NT]、2.經常移轉支出[NT]、[1]對私人[NT]、[2]對政府[NT]、[3]社會保險[NT]、[4]對國外[NT]、[三]可支配所得[NT],智慧通勤:0; 韌性防災:0; 永續環境:0; 食安健康:0; 勞動福祉:2; 文化共融:0
taipei,4cbfa0fb-a050-463a-9702-376eaffc0d96,00003188,臺北市所得收入者每人所得－教育程度別按年別,勞動福祉,False,True,True,table,就業趨勢與社福資源分析,False,2,統計,公共資訊,原始資料,主計處,,主計處,每1年,CSV,中文,2021-12-09T00:00:00,/api/dataset/4cbfa0fb-a050-463a-9702-376eaffc0d96/resource/f80bd513-6eec-4a47-b0cc-01a7af67af5a/download,臺北市所得收入者每人所得－教育程度別按年別時間數列統計資料,年別、教育程度、所得收入者人數、[一]所得收入總計[NT]、1.受僱人員報酬[NT]、[1]本業薪資[NT]、[2]兼業薪資[NT]、[3]其他收入[NT]、2.產業主所得[NT]、[1]農業淨收入[NT]、[2]營業淨收入[NT]、[3]執行業務淨收入[NT]、3.財產所得收入[NT]、4.自用住宅設算租金收入[NT]、5.經常移轉收入[NT]、[1]從私人[NT]、[2]從政府[NT]、[3]社會保險受益[NT]、[4]從企業[NT]、[5]從國外[NT]、6.雜項收入[NT]、[二]非消費支出[NT]、1.利息支出[NT]、2.經常移轉支出[NT]、[1]對私人[NT]、[2]對政府[NT]、[3]社會保險[NT]、[4]對國外[NT]、[三]可支配所得[NT],智慧通勤:0; 韌性防災:0; 永續環境:0; 食安健康:0; 勞動福祉:2; 文化共融:0
taipei,a7c50ba4-0d8c-41f8-a93d-60f108c53a58,00003185,臺北市所得收入者每人所得－社會經濟特性別按年別,勞動福祉,False,True,True,table,就業趨勢與社福資源分析,False,2,統計,公共資訊,原始資料,主計處,,主計處,不定期更新,CSV,中文,2020-12-02T00:00:00,/api/dataset/a7c50ba4-0d8c-41f8-a93d-60f108c53a58/resource/af52fafd-8ee0-48cc-beaf-85a9a2474cad/download,臺北市所得收入者每人所得－社會經濟特性別按年別時間數列統計資料,年別、社會經濟特性、所得收入者人數、[一]所得收入總計[NT]、1.受僱人員報酬[NT]、[1]本業薪資[NT]、[2]兼業薪資[NT]、[3]其他收入[NT]、2.產業主所得[NT]、[1]農業淨收入[NT]、[2]營業淨收入[NT]、[3]執行業務淨收入[NT]、3.財產所得收入[NT]、4.自用住宅設算租金收入[NT]、5.經常移轉收入[NT]、[1]從私人[NT]、[2]從政府[NT]、[3]社會保險受益[NT]、[4]從企業[NT]、[5]從國外[NT]、6.雜項收入[NT]、[二]非消費支出[NT]、1.利息支出[NT]、2.經常移轉支出[NT]、[1]對私人[NT]、[2]對政府[NT]、[3]社會保險[NT]、[4]對國外[NT]、[三]可支配所得[NT],智慧通勤:0; 韌性防災:0; 永續環境:0; 食安健康:0; 勞動福祉:2; 文化共融:0
taipei,5ac95143-f22a-4f2c-be85-0b1fb50118ca,00003180,臺北市所得收入者每人所得－職業別按年別,勞動福祉,False,True,True,table,就業趨勢與社福資源分析,False,2,統計,公共資訊,原始資料,主計處,,主計處,每1年,CSV,中文,2021-12-09T00:00:00,/api/dataset/5ac95143-f22a-4f2c-be85-0b1fb50118ca/resource/adcebfd8-c0a4-4068-88cf-0716ac3b0c32/download,臺北市所得收入者每人所得－職業別按年別時間數列統計資料,年別、職業、所得收入者人數、[一]所得收入總計[NT]、1.受僱人員報酬[NT]、[1]本業薪資[NT]、[2]兼業薪資[NT]、[3]其他收入[NT]、2.產業主所得[NT]、[1]農業淨收入[NT]、[2]營業淨收入[NT]、[3]執行業務淨收入[NT]、3.財產所得收入[NT]、4.自用住宅設算租金收入[NT]、5.經常移轉收入[NT]、[1]從私人[NT]、[2]從政府[NT]、[3]社會保險受益[NT]、[4]從企業[NT]、[5]從國外[NT]、6.雜項收入[NT]、[二]非消費支出[NT]、1.利息支出[NT]、2.經常移轉支出[NT]、[1]對私人[NT]、[2]對政府[NT]、[3]社會保險[NT]、[4]對國外[NT]、[三]可支配所得[NT],智慧通勤:0; 韌性防災:0; 永續環境:0; 食安健康:0; 勞動福祉:2; 文化共融:0
taipei,bbc0dec8-4fd8-45d4-ba9e-ccce5d7eba20,00003175,臺北市所得收入者每人所得－行業別按年別,勞動福祉,False,True,True,table,就業趨勢與社福資源分析,False,2,統計,公共資訊,原始資料,主計處,,主計處,每1年,CSV,中文,2021-12-09T00:00:00,/api/dataset/bbc0dec8-4fd8-45d4-ba9e-ccce5d7eba20/resource/90194984-ed88-492e-bf24-9c47778239cf/download,臺北市所得收入者每人所得－行業別按年別時間數列統計資料,年別、行業、所得收入者人數、[一]所得收入總計[NT]、1.受僱人員報酬[NT]、[1]本業薪資[NT]、[2]兼業薪資[NT]、[3]其他收入[NT]、2.產業主所得[NT]、[1]農業淨收入[NT]、[2]營業淨收入[NT]、[3]執行業務淨收入[NT]、3.財產所得收入[NT]、4.自用住宅設算租金收入[NT]、5.經常移轉收入[NT]、[1]從私人[NT]、[2]從政府[NT]、[3]社會保險受益[NT]、[4]從企業[NT]、[5]從國外[NT]、6.雜項收入[NT]、[二]非消費支出[NT]、1.利息支出[NT]、2.經常移轉支出[NT]、[1]對私人[NT]、[2]對政府[NT]、[3]社會保險[NT]、[4]對國外[NT]、[三]可支配所得[NT],智慧通勤:0; 韌性防災:0; 永續環境:0; 食安健康:0; 勞動福祉:2; 文化共融:0
taipei,3b5e6458-bef8-4ab2-92dd-a619edbe676e,00029531,臺北市托嬰中心、居家式托育服務及親子館服務概況,勞動福祉,False,True,True,table,就業趨勢與社福資源分析,False,2,社福,生育保健,網路服務,社會局,,社會局,每1年,"CSV,CSV,CSV",中文,2022-07-26T00:00:00,"/api/dataset/3b5e6458-bef8-4ab2-92dd-a619edbe676e/resource/507569f3-f485-4cd2-bb29-f722441e3723/download,/api/dataset/3b5e6458-bef8-4ab2-92dd-a619edbe676e/resource/87c5959d-c451-4c39-94c5-04769c9f0c47/download,/api/dataset/3b5e6458-bef8-4ab2-92dd-a619edbe676e/resource/e9fa3a56-f2e1-49f9-a311-3a2dd0ea7740/download",提供臺北市托嬰中心及親子館家數、居家式托育服務人數、收托人數及使用人次等資訊,"年度、私立托嬰中心家數、公辦民營托嬰中心家數、社區公共托育家園家數、私立托嬰中心收托人數、公辦民營托嬰中心收托人數、社區公共托育家園收托人數、登記托育人員人數、親屬托育人員人數、登記托育實際收托人數、親屬托育實際收托人數、家數、使用人次、備註
",智慧通勤:0; 韌性防災:0; 永續環境:0; 食安健康:0; 勞動福祉:1; 文化共融:0
taipei,01fcfe00-9a1a-42d7-83f3-6c3a839a4da7,00003553,臺北市托嬰中心專業工作人員,勞動福祉,False,True,True,table,就業趨勢與社福資源分析,False,2,社福,生育保健,網路服務,社會局,,社會局,不定期更新,CSV,中文,2020-12-29T00:00:00,/api/dataset/01fcfe00-9a1a-42d7-83f3-6c3a839a4da7/resource/f4774d92-e0ff-4566-93d6-16fcdff15c40/download,每半年提供臺北市托嬰中心專業工作人員資訊,年/半年、總人員數、主管人員數量、托育人員數量、護理人員數量,智慧通勤:0; 韌性防災:0; 永續環境:0; 食安健康:0; 勞動福祉:1; 文化共融:0
taipei,64f09ad9-718f-4df0-9707-8e3601587a5b,00003554,臺北市托嬰中心收托人數,勞動福祉,False,True,True,table,就業趨勢與社福資源分析,False,2,社福,生育保健,網路服務,社會局,,社會局,不定期更新,CSV,中文,2020-12-29T00:00:00,/api/dataset/64f09ad9-718f-4df0-9707-8e3601587a5b/resource/46a0d037-52eb-479a-a10f-a44fdeb37a81/download,每半年提供臺北市托嬰中心收托人數資訊,年/半年、總收托人數、未滿1歲收托人數、1歲至未滿2歲收托人數、2歲至未滿3歲收托人數,智慧通勤:0; 韌性防災:0; 永續環境:0; 食安健康:0; 勞動福祉:1; 文化共融:0
taipei,387f6538-36eb-415f-8489-7529da951d2b,00002041,臺北市托育及身心障礙福利服務按月別,勞動福祉,False,True,True,table,就業趨勢與社福資源分析,False,2,統計,公共資訊,原始資料,主計處,,主計處,每1月,CSV,中文,2022-03-18T00:00:00,https://tsis.dbas.gov.taipei/statis/webMain.aspx?sys=220&ymf=8701&kind=21&type=0&funid=a04002801&cycle=1&outmode=12&compmode=0&outkind=1&deflst=2&nzo=1,臺北市托育及身心障礙福利服務按月別時間數列統計資料,統計期、幼兒園所數[家]、幼兒園可收托人數[人]、私立兒童課後照顧服務中心所數[家]、私立兒童課後照顧服務中心招收人數[人]、托嬰中心所數[所]、托嬰中心可收托人數[人]、育幼院所數[家]、育幼院實際收容人數[人]、身心障礙人數[人]、身心障礙福利機構數[家]、身心障礙生活補助金額[千元],智慧通勤:0; 韌性防災:0; 永續環境:0; 食安健康:0; 勞動福祉:3; 文化共融:0
taipei,aafb15dc-5508-4091-bd48-a708e60f6698,00002432,臺北市扶養比及老化指數,勞動福祉,False,True,True,table,就業趨勢與社福資源分析,False,2,統計,公共資訊,原始資料,主計處,,主計處,每1年,CSV,中文,2022-01-18T00:00:00,https://tsis.dbas.gov.taipei/statis/webMain.aspx?sys=220&ymf=5700&kind=21&type=0&funid=a05002601&cycle=4&outmode=12&compmode=0&outkind=1&deflst=2&nzo=1,臺北市扶養比及老化指數時間數列統計資料,統計期、幼年人口數[人]、幼年人口占全市人口比率[%]、青壯年人口數[人]、青壯年人口占全市人口比率[%]、老年人口數[人]、老年人口占全市人口比率[%]、扶老比、扶幼比、扶養比、老化指數,智慧通勤:0; 韌性防災:0; 永續環境:0; 食安健康:0; 勞動福祉:1; 文化共融:0
taipei,9399a4f6-8d96-49ab-b74c-c0c11eb12204,00003521,臺北市推行社區發展工作概況,勞動福祉,False,True,True,table,就業趨勢與社福資源分析,False,2,社福,公共資訊,網路服務,社會局,,社會局,不定期更新,CSV,中文,2020-12-28T00:00:00,/api/dataset/9399a4f6-8d96-49ab-b74c-c0c11eb12204/resource/1476cac7-44ed-44b8-9837-2eadbf3d55ec/download,提供臺北市推行社區發展工作概況資訊,年度、社區發展協會總數、社區戶數、社區人口數、理監事人數、參加社區發展協會會員數、實際使用總經費,智慧通勤:0; 韌性防災:0; 永續環境:0; 食安健康:0; 勞動福祉:2; 文化共融:0
taipei,41313e93-3b96-4882-bfc7-197351c9f9a5,00003508,臺北市提供手語翻譯、同步聽打服務人數,勞動福祉,False,True,True,table,就業趨勢與社福資源分析,False,2,社福,公共資訊,網路服務,社會局,,社會局,每1年,CSV,中文,2020-12-28T00:00:00,/api/dataset/41313e93-3b96-4882-bfc7-197351c9f9a5/resource/2134b712-0fc1-4b37-95e5-ffacf83b271e/download,定期提供臺北市提供手語翻譯、同步聽打服務人數資訊,機關名稱、民國年、統計區間、手語翻譯服務人數、同步聽打服務人數,智慧通勤:0; 韌性防災:0; 永續環境:0; 食安健康:0; 勞動福祉:1; 文化共融:0
taipei,ecc66d52-f1fa-48c7-8a17-69e54baa86ac,00001856,臺北市政府依法進用原住民概況,勞動福祉,False,True,True,table,就業趨勢與社福資源分析,False,2,統計,公共資訊,原始資料,人事處,,人事處,每6月,CSV,中文,2022-01-01T00:00:00,/api/dataset/ecc66d52-f1fa-48c7-8a17-69e54baa86ac/resource/713af65b-9571-4362-8d00-ffda45b44e4e/download,為統計臺北市政府各機關學校依臺北市促進原住民就業自治條例規定進用原住民概況,序號、項目、總計、符合中央法規進用人數、備註,智慧通勤:0; 韌性防災:0; 永續環境:0; 食安健康:0; 勞動福祉:1; 文化共融:0
taipei,1ff783ac-335c-42e2-bb60-251cba8c3ba7,00000553,臺北市政府兵役局補助民間團體經費報告,勞動福祉,False,True,True,table,就業趨勢與社福資源分析,False,2,統計,服兵役,原始資料,兵役局,,兵役局,每1年,CSV,中文,2015-05-19T00:00:00,/api/dataset/1ff783ac-335c-42e2-bb60-251cba8c3ba7/resource/5f2c4870-ab06-41de-88a0-72dd2cdf160b/download,補助民間團體經費報告,年、受補助民間團體名稱、實施日期、活動名稱、活動內容摘要、列之科目名稱、補助金額核定額、補助金額已撥付額、補助金額實支數、審核及處理結果,智慧通勤:0; 韌性防災:0; 永續環境:0; 食安健康:0; 勞動福祉:1; 文化共融:1
taipei,f62c916f-ac1a-4218-84d6-390abb43aa89,00002880,臺北市政府創意提案競賽成果彙編,勞動福祉,False,True,True,table,就業趨勢與社福資源分析,False,2,民政,公共資訊,原始資料,研考會,,研考會,每1年,CSV,中文,2020-11-13T00:00:00,/api/dataset/f62c916f-ac1a-4218-84d6-390abb43aa89/resource/927fa38d-184a-4ff5-b3a0-aef187aab5a8/download,臺北市政府創意提案競賽成果彙編(96年起辦理),資料名稱、年度、獲獎件數、檔案格式、全文下載連結,智慧通勤:0; 韌性防災:0; 永續環境:0; 食安健康:0; 勞動福祉:2; 文化共融:0
taipei,55a41ed4-d11b-4d67-b858-0c04abcbc8bd,00003341,臺北市政府勞動局志願服務志工人數及服務人次,勞動福祉,False,True,True,table,就業趨勢與社福資源分析,False,2,勞動,求職及就業,原始資料,勞動局,,勞動局,每1年,CSV,中文,2020-12-15T00:00:00,/api/dataset/55a41ed4-d11b-4d67-b858-0c04abcbc8bd/resource/9e3f758d-ebf5-4b98-a064-e44d60c4fd26/download,本局志願服務志工人數、服務人次及志願服務時數,年度、運用單位、志工人數、志願服務人次、志願服務時數,智慧通勤:0; 韌性防災:0; 永續環境:0; 食安健康:0; 勞動福祉:1; 文化共融:0
taipei,23630879-4926-4877-a48a-a0ae6cc2f7d5,00000600,臺北市政府勞動局違反勞動基準法事業單位及事業主公布總表,勞動福祉,False,True,True,table,就業趨勢與社福資源分析,False,2,勞動,求職及就業,原始資料,勞動局,,勞動局,每1月,CSV,中文,2013-10-07T00:00:00,/api/dataset/23630879-4926-4877-a48a-a0ae6cc2f7d5/resource/69614c02-b47d-4e9d-a23f-088803c9dd66/download,公布臺北市事業單位及事業主違反勞動基準法名單,公告日期、處分日期、處分字號、事業單位或事業主之名稱、負責人姓名、違反勞動基準法條款、違反法規內容、罰鍰金額、備註,智慧通勤:0; 韌性防災:0; 永續環境:0; 食安健康:0; 勞動福祉:1; 文化共融:0
taipei,4f6a1058-385e-4341-a521-7f222e951404,00001740,臺北市政府勞動局違反勞工退休金條例事業單位及事業主公布總表,勞動福祉,False,True,True,table,就業趨勢與社福資源分析,False,2,勞動,求職及就業,原始資料,勞動局,,勞動局,每1年,CSV,中文,2020-10-05T00:00:00,/api/dataset/4f6a1058-385e-4341-a521-7f222e951404/resource/72c2d232-fb89-4536-9066-8c00271dcf5a/download,臺北市政府勞動局違反勞工退休金條例事業單位及代表人公布總表,公告日期、處分日期、處分字號、事業單位名稱/自然人姓名、事業單位代表人、違反勞工退休金條例條款、違反法規內容、罰鍰金額、備註,智慧通勤:0; 韌性防災:0; 永續環境:0; 食安健康:0; 勞動福祉:2; 文化共融:0
taipei,6bb50140-afdd-4882-bb90-fff17a2a7dfc,00003216,臺北市政府原住民族事務委員會職業訓練生活津貼差額補助及學費材料費補助年度申請統計,勞動福祉,False,True,True,table,就業趨勢與社福資源分析,False,2,統計,求職及就業,原始資料,原民會,,原民會,每1年,CSV,中文,2020-12-11T00:00:00,/api/dataset/6bb50140-afdd-4882-bb90-fff17a2a7dfc/resource/0eba64a1-3b4a-447f-ba8a-ba5f90f06059/download,依據本會「臺北市政府原住民族事務委員會職業訓練生活津貼差額補助及學費材料費補助實施計畫」核定補助人數及金額之統計。,年度、職業訓練學費材料費核准數量、職業訓練學費材料費核撥金額、職業訓練生活津貼差額補助核准數量、職業訓練生活津貼差額補助核撥金額、職業訓練學費材料費及生活津貼差額補助總核准數量、職業訓練學費材料費及生活津貼差額補助總核撥金額,智慧通勤:0; 韌性防災:0; 永續環境:0; 食安健康:0; 勞動福祉:2; 文化共融:0
taipei,319854a1-5f4b-428c-b8ed-8550a4d67d7f,00000807,臺北市政府年度因公出國及赴大陸地區計畫,勞動福祉,False,True,True,table,就業趨勢與社福資源分析,False,2,民政,公共資訊,原始資料,人事處,,人事處,每1年,"CSV,CSV,CSV,CSV,CSV,CSV,CSV,CSV,CSV,CSV,CSV,CSV",中文,2020-07-10T00:00:00,"/api/dataset/319854a1-5f4b-428c-b8ed-8550a4d67d7f/resource/871d9de2-91f2-4a91-bbe8-dac203dad90a/download,/api/dataset/319854a1-5f4b-428c-b8ed-8550a4d67d7f/resource/3ff78977-1f5f-4923-a811-8c10110d7b77/download,/api/dataset/319854a1-5f4b-428c-b8ed-8550a4d67d7f/resource/f7675a0e-f6f6-4530-9785-99c3d793d959/download,/api/dataset/319854a1-5f4b-428c-b8ed-8550a4d67d7f/resource/37311bfd-8d72-452f-9050-81931eafade7/download,/api/dataset/319854a1-5f4b-428c-b8ed-8550a4d67d7f/resource/25b0914e-bdc2-43fe-bc32-5d43862452c3/download,/api/dataset/319854a1-5f4b-428c-b8ed-8550a4d67d7f/resource/0af27205-95b2-44e9-9186-e6a05fc631b0/download,/api/dataset/319854a1-5f4b-428c-b8ed-8550a4d67d7f/resource/40650ead-4486-442b-9da7-a6003bead14d/download,/api/dataset/319854a1-5f4b-428c-b8ed-8550a4d67d7f/resource/6ad828ad-59fd-40b7-8171-ba3f69a9abd3/download,/api/dataset/319854a1-5f4b-428c-b8ed-8550a4d67d7f/resource/19502320-f6e1-456c-aeaf-3b833ad5077e/download,/api/dataset/319854a1-5f4b-428c-b8ed-8550a4d67d7f/resource/f2aa0a6f-387f-4f70-abe8-27ce76c28993/download,/api/dataset/319854a1-5f4b-428c-b8ed-8550a4d67d7f/resource/855e3da8-34e4-4991-863d-a82c8ae06133/download,/api/dataset/319854a1-5f4b-428c-b8ed-8550a4d67d7f/resource/05dc7a91-3a57-4b68-8e67-22db4020248c/download",收錄本府年度因公派員出國及赴大陸地區計畫資料,序號、優先順序、提報機關、機關代碼、類別、項目名稱、擬前往國家、出國日數、出國人數、核定情形,智慧通勤:0; 韌性防災:0; 永續環境:0; 食安健康:0; 勞動福祉:2; 文化共融:0
taipei,250d076c-217a-4d0b-902d-157531bd97a9,00003522,臺北市政府從事社會福利工作人員數,勞動福祉,False,True,True,table,就業趨勢與社福資源分析,False,2,社福,公共資訊,網路服務,社會局,,社會局,不定期更新,CSV,中文,2020-12-28T00:00:00,/api/dataset/250d076c-217a-4d0b-902d-157531bd97a9/resource/31c89887-f131-43e7-bd61-3efcfe56e223/download,提供臺北市政府從事社會福利工作人員數,年度、行政人員數量、社會工作人員數量、社會工作師數量、非社工專業人員數量、其他人員數量,智慧通勤:0; 韌性防災:0; 永續環境:0; 食安健康:0; 勞動福祉:3; 文化共融:0
taipei,368ec011-2324-4c30-9dda-9bf281e17f5d,00002677,臺北市政府推介就業服務按就業者職業別(105年以後),勞動福祉,False,True,True,table,就業趨勢與社福資源分析,False,2,統計,求職及就業,原始資料,主計處,,主計處,每1年,CSV,中文,2022-02-21T00:00:00,https://tsis.dbas.gov.taipei/statis/webMain.aspx?sys=220&ymf=10500&kind=21&type=0&funid=a05006104&cycle=4&outmode=12&compmode=0&outkind=3&deflst=2&nzo=1,臺北市政府推介就業服務按就業者職業別(105年以後)時間數列統計資料,統計期、性別、總計[人]、民意代表主管及經理人員[人]、專業人員[人]、技術員及助理專業人員[人]、事務支援人員[人]、服務及銷售工作人員[人]、農林漁牧業生產人員[人]、技藝有關工作人員[人]、機械設備操作及組裝人員[人]、基層技術工及勞力工[人]、其他[人],智慧通勤:0; 韌性防災:0; 永續環境:0; 食安健康:0; 勞動福祉:1; 文化共融:0
taipei,1182dfb1-5bfc-4fd9-9107-976af15b7788,00002676,臺北市政府推介就業服務按就業者職業別(85年至104年),勞動福祉,False,True,True,table,就業趨勢與社福資源分析,False,2,統計,求職及就業,原始資料,主計處,,主計處,不定期更新,CSV,中文,2020-11-02T00:00:00,https://tsis.dbas.gov.taipei/statis/webMain.aspx?sys=220&ymf=8500&ymt=10400&kind=21&type=0&funid=a05006103&cycle=4&outmode=12&compmode=0&outkind=3&deflst=2&nzo=1,臺北市政府推介就業服務按就業者職業別(85年至104年)時間數列統計資料,統計期、性別、總計[人]、民意代表行政主管企業主管及經理人員[人]、專業人員[人]、技術員及助理專業人員[人]、事務工作人員[人]、服務工作人員及售貨人員[人]、農林漁牧工作人員[人]、技術工及有關工作人員[人]、機械設備操作工及組裝工[人]、非技術工及體力工[人]、其他不能歸類職業[人],智慧通勤:0; 韌性防災:0; 永續環境:0; 食安健康:0; 勞動福祉:1; 文化共融:0
taipei,7683f4fc-f820-48f8-a6ec-1db37479b2de,00002667,臺北市政府推介就業服務按求職人年齡別,勞動福祉,False,True,True,table,就業趨勢與社福資源分析,False,2,統計,求職及就業,原始資料,主計處,,主計處,每1年,CSV,中文,2021-12-31T00:00:00,https://tsis.dbas.gov.taipei/statis/webMain.aspx?sys=220&ymf=5700&kind=21&type=0&funid=a05005801&cycle=4&outmode=12&compmode=0&outkind=3&deflst=2&nzo=1,臺北市政府推介就業服務按求職人年齡別時間數列統計資料,統計期、性別、總計[人]、未滿20歲[人]、20至24歲[人]、25至29歲[人]、30至44歲[人]、45至64歲/合計[人]、65歲以上[人],智慧通勤:0; 韌性防災:0; 永續環境:0; 食安健康:0; 勞動福祉:1; 文化共融:0
taipei,8993923d-7863-47b0-8afc-20dacf183ce2,00002668,臺北市政府推介就業服務按求職人教育程度別,勞動福祉,False,True,True,table,就業趨勢與社福資源分析,False,2,統計,求職及就業,原始資料,主計處,,主計處,每1年,CSV,中文,2022-02-21T00:00:00,https://tsis.dbas.gov.taipei/statis/webMain.aspx?sys=220&ymf=5700&kind=21&type=0&funid=a05005901&cycle=4&outmode=12&compmode=0&outkind=3&deflst=2&nzo=1,臺北市政府推介就業服務按求職人教育程度別時間數列統計資料,統計期、性別、總計計[人]、大學以上[人]、專科[人]、高中職[人]、國中[人]、國小以下[人]、不詳[人],智慧通勤:0; 韌性防災:0; 永續環境:0; 食安健康:0; 勞動福祉:1; 文化共融:0
taipei,052fed04-dc9a-4ff5-8edf-2831a761a08e,00002672,臺北市政府推介就業服務按求職人職業需求別(105年以後),勞動福祉,False,True,True,table,就業趨勢與社福資源分析,False,2,統計,求職及就業,原始資料,主計處,,主計處,每1年,CSV,中文,2022-02-21T00:00:00,https://tsis.dbas.gov.taipei/statis/webMain.aspx?sys=220&ymf=10500&kind=21&type=0&funid=a05006004&cycle=4&outmode=12&compmode=0&outkind=3&deflst=2&nzo=1,臺北市政府推介就業服務按求職人職業需求別(105年以後)時間數列統計資料,統計期、性別、總計[人]、民意代表主管及經理人員[人]、專業人員[人]、技術員及助理專業人員[人]、事務支援人員[人]、服務及銷售工作人員[人]、農林漁牧業生產人員[人]、技藝有關工作人員[人]、機械設備操作及組裝人員[人]、基層技術工及勞力工[人]、其他[人],智慧通勤:0; 韌性防災:0; 永續環境:0; 食安健康:0; 勞動福祉:1; 文化共融:0
taipei,a800c85a-cd08-43c1-818a-b08e6d6d11d4,00002671,臺北市政府推介就業服務按求職人職業需求別(85年至104年),勞動福祉,False,True,True,table,就業趨勢與社福資源分析,False,2,統計,求職及就業,原始資料,主計處,,主計處,每1年,CSV,中文,2020-11-02T00:00:00,https://tsis.dbas.gov.taipei/statis/webMain.aspx?sys=220&ymf=8500&ymt=10400&kind=21&type=0&funid=a05006003&cycle=4&outmode=12&compmode=0&outkind=3&deflst=2&nzo=1,臺北市政府推介就業服務按求職人職業需求別(85年至104年)時間數列統計資料,統計期、性別、總計[人]、民意代表行政主管企業主管及經理人員[人]、專業人員[人]、技術員及助理專業人員[人]、事務工作人員[人]、服務工作人員及售貨人員[人]、農林漁牧工作人員[人]、技術工及有關工作人員[人]、機械設備操作工及組裝工[人]、非技術工及體力工[人]、其他不能歸類職業[人],智慧通勤:0; 韌性防災:0; 永續環境:0; 食安健康:0; 勞動福祉:1; 文化共融:0
taipei,934a050c-42b5-47c8-8436-9caf29edc226,00002666,臺北市政府推介就業服務概況,勞動福祉,False,True,True,table,就業趨勢與社福資源分析,False,2,統計,求職及就業,原始資料,主計處,,主計處,每1年,"CSV,CSV",中文,2022-02-24T00:00:00,"https://tsis.dbas.gov.taipei/statis/webMain.aspx?sys=220&ymf=5700&ymt=9200&kind=21&type=0&funid=a05005701&cycle=4&outmode=12&compmode=0&outkind=1&deflst=2&nzo=1,https://tsis.dbas.gov.taipei/statis/webMain.aspx?sys=220&ymf=9300&kind=21&type=0&funid=a05005702&cycle=4&outmode=12&compmode=0&outkind=1&deflst=2&nzo=1",臺北市政府推介就業服務概況時間數列統計資料,統計期、一般職業介紹/新登記求職人數[人]、一般職業介紹/有效求職人數[人]、一般職業介紹/新登記求才人數[人]、一般職業介紹/有效求才人數[人]、一般職業介紹/有效求職推介就業人數[人]、一般職業介紹/有效求才僱用人數[人]、一般職業介紹/新登記求供倍數、一般職業介紹/有效求供倍數、一般職業介紹/求職就業率[%]、一般職業介紹/求才利用率[%]、公開甄試約聘僱人員/報名人數[人]、公開甄試約聘僱人員/求才人數[人]、公開甄試約聘僱人員/求職推介就業人數[人]、公開甄試約聘僱人員/求才僱用人數[人]、女性二度就業/新登記求職人數[人]、女性二度就業/有效求職推介就業人數[人]、不實徵才申訴件數/總計[件]、不實徵才申訴件數/刊登不實徵才廣告[件]、不實徵才申訴件數/收取保證金[件],智慧通勤:0; 韌性防災:0; 永續環境:0; 食安健康:0; 勞動福祉:1; 文化共融:0
taipei,debb762f-6e35-484a-a7ae-d4a687b4bc3b,00003476,臺北市政府推展志願服務基本資料,勞動福祉,False,True,True,table,就業趨勢與社福資源分析,False,2,社福,公共資訊,網路服務,社會局,,社會局,不定期更新,CSV,中文,2020-12-25T00:00:00,/api/dataset/debb762f-6e35-484a-a7ae-d4a687b4bc3b/resource/4fe34692-40d5-4f9f-8705-ff0e497cd1dd/download,提供臺北市政府推展志願服務基本資料,機關名稱、志工隊數、志工人數、男生志工人數、女生志工人數,智慧通勤:0; 韌性防災:0; 永續環境:0; 食安健康:0; 勞動福祉:1; 文化共融:0
taipei,9257ab12-d7f4-4037-835a-75d4cbfdd086,00000783,臺北市政府暑期工讀名額分配統計,勞動福祉,False,True,True,table,就業趨勢與社福資源分析,False,2,統計,公共資訊,原始資料,人事處,,人事處,每1年,CSV,中文,2015-08-24T00:00:00,/api/dataset/9257ab12-d7f4-4037-835a-75d4cbfdd086/resource/7179c5f9-b294-4b41-828e-afed52f1fb72/download,"本府大專青年學生公部門暑期工讀需求分配表
",年度、名額分配機關名稱、權責機關1-人事處、權責機關2-青年局（自114年起業務由就業服務處移交至青年局）、總計,智慧通勤:0; 韌性防災:0; 永續環境:0; 食安健康:0; 勞動福祉:1; 文化共融:0
taipei,2df78ff5-3a50-43e1-9e9c-0f61387f3932,00029536,臺北市政府社會局111年度辦理公告金額以上採購案件一覽表,勞動福祉,False,True,True,table,就業趨勢與社福資源分析,False,2,社福,公共資訊,網路服務,社會局,,社會局,不定期更新,CSV,中文,2022-07-26T00:00:00,/api/dataset/2df78ff5-3a50-43e1-9e9c-0f61387f3932/resource/f5559019-8b05-45ac-b498-85234d46765f/download,提供社會局111年度辦理公告金額以上採購案件一覽表,序號、單位、標案名稱、預算金額、採購案件性質,智慧通勤:0; 韌性防災:0; 永續環境:0; 食安健康:0; 勞動福祉:2; 文化共融:0
taipei,541e44d0-6828-4eae-9e79-e618097ae41c,00003629,臺北市政府社會局現有職員概況,勞動福祉,False,True,True,table,就業趨勢與社福資源分析,False,2,社福,公共資訊,網路服務,社會局,,社會局,不定期更新,CSV,中文,2021-01-05T00:00:00,/api/dataset/541e44d0-6828-4eae-9e79-e618097ae41c/resource/4a6cabd7-1eab-4355-a5ab-a2cd1b0ada94/download,提供臺北市政府社會局現有職員概況資訊,序號、機關名稱、機關代碼、單位、預算員額數量,智慧通勤:0; 韌性防災:0; 永續環境:0; 食安健康:0; 勞動福祉:2; 文化共融:0
taipei,c30ca421-d935-4faa-b523-9c175c8de738,00003825,臺北市政府行政機關辦公日曆表,勞動福祉,False,True,False,table,就業趨勢與社福資源分析,True,2,民政,公共資訊,原始資料,人事處,,人事處,每1年,CSV,中文,2021-03-03T00:00:00,/api/dataset/c30ca421-d935-4faa-b523-9c175c8de738/resource/0dcbcfcf-f7a1-4664-a810-82c01cb524e0/download,辦公日曆表,Date(日期)、name(紀念日節日名稱)、isHoliday(是否放假)、holidayCategory(放假類別)、description(放假說明),智慧通勤:0; 韌性防災:0; 永續環境:0; 食安健康:0; 勞動福祉:2; 文化共融:0
taipei,2db5eae2-d337-405a-af7c-5da04a0ea397,00000716,臺北市政府補助本市公務人員協會歷年經費表,勞動福祉,False,True,True,table,就業趨勢與社福資源分析,False,2,統計,公共資訊,原始資料,人事處,,人事處,每1年,ODS,中文,2018-11-22T00:00:00,/api/dataset/2db5eae2-d337-405a-af7c-5da04a0ea397/resource/3890ac83-c4b1-4f52-9854-0d6210e1ccc7/download,臺北市政府補助本市公務人員協會歷年經費,年度、補助民間團體名稱、預算數、累積補助金額、補助項目,智慧通勤:0; 韌性防災:0; 永續環境:0; 食安健康:0; 勞動福祉:1; 文化共融:0
taipei,27029a92-ce9a-4ec3-b0d6-e04ba4e19741,00002692,臺北市政府補助本市公教退休人員協會歷年經費表,勞動福祉,False,True,True,table,就業趨勢與社福資源分析,False,2,統計,退休,原始資料,人事處,,人事處,每1年,CSV,中文,2020-11-03T00:00:00,/api/dataset/27029a92-ce9a-4ec3-b0d6-e04ba4e19741/resource/b4e6ca48-e32a-4f04-8e18-eb7fcd8637d5/download,臺北市政府人事處歷年補助民間團體情形表,民國年、補助民間團體名稱、預算數、累積補助金額、補助項目,智慧通勤:0; 韌性防災:0; 永續環境:0; 食安健康:0; 勞動福祉:1; 文化共融:0
taipei,683480e8-1643-48bb-8591-a3c31f8ca952,00003963,臺北市政府警察局受(處)理刑事案件嫌疑犯人數（教育程度別統計資訊）,勞動福祉,False,True,True,table,就業趨勢與社福資源分析,False,2,治安,生活安全及品質,原始資料,警察局,刑警大隊,警察局刑警大隊,不定期更新,CSV,中文,2021-06-30T00:00:00,/api/dataset/683480e8-1643-48bb-8591-a3c31f8ca952/resource/05a60139-cac0-4845-90ce-b3374132e534/download,臺北市政府警察局115年01-02月刑事案件嫌疑犯人數-教育程度別統計表,教育程度別、總計人數、竊盜類小計人數、重大竊盜人數、普通竊盜人數、汽車竊盜人數、機車竊盜人數、贓物人數、賭博人數、傷害類小計人數、重傷害人數、一般傷害人數、詐欺背信類小計人數、詐欺人數、背信人數、妨害自由人數、殺人類小計人數、故意殺人人數、過失殺人人數、駕駛過失人數、妨害婚姻及家庭人數、妨害風化人數、妨害性自主罪類小計人數、強制性交人數、共同強制性交人數、對幼性交人數、性交猥褻人數、內亂人數、恐嚇取財類小計人數、重大恐嚇取財人數、一般恐嚇取財人數、擄人勒贖人數、侵占人數、偽造文書印文人數、違反毒品危害防制條例類小計人數、第一級毒品人數、第二級毒品人數、第三級毒品人數、第四級毒品人數、其他毒品人數、毀棄損壞人數、妨害公務人數、違反著作權法人數、違反商標法人數、妨害電腦使用人數、強盜搶奪類小計人數、強盜人數、搶奪人數、竊佔人數、偽造有價證券人數、妨害秩序人數、違反藥事法人數、違反國家總動員法人數、違反森林法人數、公共危險人數、侵害墳墓屍體人數、重利人數、妨害名譽人數、違反選罷法人數、妨害祕密人數、遺棄人數、違反貪污治罪條例人數、懲治走私條例人數、妨害兵役人數、偽造貨幣人數、偽造度量衡人數、偽證人數、誣告人數、湮滅證據人數、瀆職人數、脫逃人數、藏匿頂替人數、違反槍砲彈藥刀械管制條例人數、違反就業服務法人數、其他人數,智慧通勤:0; 韌性防災:0; 永續環境:0; 食安健康:0; 勞動福祉:1; 文化共融:0
taipei,99346673-a711-439b-b0c1-dd45a45ce6df,00003962,臺北市政府警察局受(處)理刑事案件嫌疑犯人數（職業別統計資訊）,勞動福祉,False,True,True,table,就業趨勢與社福資源分析,False,2,治安,生活安全及品質,原始資料,警察局,刑警大隊,警察局刑警大隊,不定期更新,CSV,中文,2021-06-30T00:00:00,/api/dataset/99346673-a711-439b-b0c1-dd45a45ce6df/resource/1e4913ec-ada9-4276-9800-7f91155e0d51/download,臺北市政府警察局115年01-02月刑事案件嫌疑犯人數-職業別統計表,職業別、總計人數、竊盜類小計總數、重大竊盜總數、普通竊盜總數、總數、機車竊盜總數、贓物總數、賭博總數、傷害類小計總數、重傷害總數、一般傷害總數、詐欺背信類小計總數、詐欺總數、背信總數、妨害自由總數、殺人類小計總數、故意殺人總數、過失殺人總數、駕駛過失總數、妨害婚姻及家庭總數、妨害風化總數、妨害性自主罪類小計總數、強制性交總數、共同強制性交總數、對幼性交總數、性交猥褻總數、內亂總數、恐嚇取財類小計總數、重大恐嚇取財總數、一般恐嚇取財總數、擄人勒贖總數、侵占總數、偽造文書印文總數、違反毒品危害防制條例類小計總數、第一級毒品總數、第二級毒品總數、第三級毒品總數、第四級毒品總數、其他毒品總數、毀棄損壞總數、妨害公務總數、違反著作權法總數、違反商標法總數、妨害電腦使用總數、強盜搶奪類小計總數、強盜總數、搶奪總數、竊佔總數、偽造有價證券總數、妨害秩序總數、違反藥事法總數、違反國家總動員法總數、違反森林法總數、公共危險總數、侵害墳墓屍體總數、重利總數、妨害名譽總數、違反選罷法總數、妨害祕密總數、遺棄總數、違反貪污治罪條例總數、懲治走私條例總數、妨害兵役總數、偽造貨幣總數、偽造度量衡總數、偽證總數、誣告總數、湮滅證據總數、瀆職總數、脫逃總數、藏匿頂替總數、違反槍砲彈藥刀械管制條例總數、違反就業服務法總數、其他總數,智慧通勤:0; 韌性防災:0; 永續環境:0; 食安健康:0; 勞動福祉:1; 文化共融:0
taipei,96726aab-1b3f-4de8-b3d4-36f911a67788,00003645,臺北市政府警察局受理(查獲)失蹤人口案件統計,勞動福祉,False,True,True,table,就業趨勢與社福資源分析,False,2,治安,生活安全及品質,原始資料,警察局,,警察局,每1年,CSV,中文,2021-01-06T00:00:00,/api/dataset/96726aab-1b3f-4de8-b3d4-36f911a67788/resource/7e880a82-db15-4e20-8849-bf5212053c0a/download,警察局受理(查獲)失蹤人口案件統計,項目別、性別、發生數量、查獲數量、累計未查獲數量,智慧通勤:0; 韌性防災:0; 永續環境:0; 食安健康:0; 勞動福祉:1; 文化共融:0
taipei,5af19dde-41fe-4ce4-b0fe-c27e7aed095a,00004115,臺北市政府警察局治安顧慮人口數量統計表,勞動福祉,False,True,True,table,就業趨勢與社福資源分析,False,2,治安,生活安全及品質,原始資料,警察局,刑警大隊,警察局刑警大隊,不定期更新,CSV,中文,2022-01-01T00:00:00,/api/dataset/5af19dde-41fe-4ce4-b0fe-c27e7aed095a/resource/1da27a3b-d2cd-40f4-b317-0e8240b3c406/download,臺北市政府警察局111年迄今治安顧慮人口數量統計表,年度及月份、總數、妨害自由罪總數、妨害性自主罪總數、受毒品戒治人罪總數、放火罪總數、毒品犯罪總數、恐嚇取財罪總數、強盜罪總數、殺人罪總數、組織犯罪總數、詐欺罪總數、搶奪罪總數、槍砲彈藥罪總數、擄人勒贖罪總數、竊盜罪總數,智慧通勤:0; 韌性防災:0; 永續環境:0; 食安健康:0; 勞動福祉:1; 文化共融:0
taipei,363351a1-0b2b-4673-be54-3a474c225b14,00003657,臺北市政府警察局違反社會秩序維護法件數,勞動福祉,False,True,True,table,就業趨勢與社福資源分析,False,2,治安,生活安全及品質,原始資料,警察局,刑警大隊,警察局刑警大隊,不定期更新,CSV,中文,2021-01-15T00:00:00,/api/dataset/363351a1-0b2b-4673-be54-3a474c225b14/resource/09f94ce7-8a84-47c1-9a05-9b1db0ee0006/download,臺北市政府警察局109年迄今違反社會秩序維護法件數統計表,年度及月份、總件數、總人數、妨害安寧秩序件數、妨害安寧秩序人數、妨害善良風俗件數、妨害善良風俗人數、妨害公務件數、妨害公務人數、妨害他人身體財產件數、妨害他人身體財產人數,智慧通勤:0; 韌性防災:0; 永續環境:0; 食安健康:0; 勞動福祉:1; 文化共融:0
taipei,55363784-979c-4df4-97dd-d075518a31aa,00029295,臺北市政府輔導產業發展概況,勞動福祉,False,True,True,table,就業趨勢與社福資源分析,False,2,統計,開創事業,原始資料,主計處,,主計處,每1年,CSV,中文,2022-05-05T00:00:00,https://tsis.dbas.gov.taipei/statis/webMain.aspx?sys=220&ymf=9600&kind=21&type=0&funid=a05043601&cycle=4&outmode=12&compmode=0&outkind=1&deflst=2&nzo=1,臺北市政府輔導產業發展概況時間數列統計資料,統計期、產業發展獎勵補助計畫受補助[貼]家數/總計[家]、產業發展獎勵補助計畫受補助[貼]家數/男性負責人[家]、產業發展獎勵補助計畫受補助[貼]家數/女性負責人[家]、產業發展獎勵補助計畫受補助[貼]金額/總計[元]、產業發展獎勵補助計畫受補助[貼]金額/男性負責人[元]、產業發展獎勵補助計畫受補助[貼]金額/女性負責人[元]、青年創業貸款受貸人數/總計[人]、青年創業貸款受貸人數/男[人]、青年創業貸款受貸人數/女[人]、青年創業貸款受貸金額/總計[元]、青年創業貸款受貸金額/男[元]、青年創業貸款受貸金額/女[元]、中小企業經營管理研習班數[班]、中小企業經營管理研習人次/總計[人次]、中小企業經營管理研習人次/男[人次]、中小企業經營管理研習人次/女[人次],智慧通勤:0; 韌性防災:0; 永續環境:0; 食安健康:0; 勞動福祉:1; 文化共融:0
taipei,47938166-8465-4e60-b5b8-b6d3d0b6a742,00003291,臺北市政府體育局及所屬機關舉辦公聽會及補助、委託辦理之各式論壇、研討會參加人次,勞動福祉,False,True,True,table,就業趨勢與社福資源分析,False,2,統計,公共資訊,原始資料,體育局,,體育局,每1年,CSV,中文,2020-12-14T00:00:00,/api/dataset/47938166-8465-4e60-b5b8-b6d3d0b6a742/resource/20a4e47d-a2b9-4eb9-8c6f-bfa575c2f290/download,臺北市政府體育局及所屬機關舉辦公聽會及補助、委託辦理之各式論壇、研討會參加人次統計,年度、公聽會場次、公聽會參加人次、各式論壇與研討會場次、各式論壇與研討會參加人次,智慧通勤:0; 韌性防災:0; 永續環境:0; 食安健康:0; 勞動福祉:1; 文化共融:0
taipei,da4531d1-de8f-442d-b0b7-2fce8499d338,00001597,臺北市教保服務機構違反《幼兒教育及照顧法》及《教保服務人員條例》相關規定處理情形,勞動福祉,False,True,True,table,就業趨勢與社福資源分析,False,2,統計,求學及進修,原始資料,教育局,,教育局,不定期更新,CSV,中文,2021-04-07T00:00:00,/api/dataset/da4531d1-de8f-442d-b0b7-2fce8499d338/resource/510fd1bc-b2f3-4077-981a-3eff84541aad/download,統計資料,機關代碼、名稱、連結、說明、調整日,智慧通勤:0; 韌性防災:0; 永續環境:0; 食安健康:0; 勞動福祉:1; 文化共融:0
taipei,cd8d3a45-9a0e-4d69-a17a-819e853df2d4,00000663,臺北市新移民(外籍配偶),勞動福祉,False,True,True,table,就業趨勢與社福資源分析,False,2,社福,婚姻,網路服務,社會局,,社會局,不定期更新,CSV,中文,2015-07-06T00:00:00,/api/dataset/cd8d3a45-9a0e-4d69-a17a-819e853df2d4/resource/15e42d99-5bea-43cf-ab06-c2a974bd996f/download,新移民(外籍配偶)資料呈現於【社會局局網> 統計資料 > 預告統計資料發布時間表】,年度、電話訪問人次、家庭訪視人次、個案管理服務人次、新移民個人支持性服務參加人次、新移民家庭支持性服務參加人次、新移民社會支持服務參加人次、新移民資訊支持服務參加人次、新移民經濟支持服務參加人次,智慧通勤:0; 韌性防災:0; 永續環境:0; 食安健康:0; 勞動福祉:2; 文化共融:0
taipei,2d85f2f5-0c02-4df1-964d-19ba133e5afd,00002653,臺北市新移民人口,勞動福祉,False,True,True,table,就業趨勢與社福資源分析,False,2,統計,公共資訊,原始資料,主計處,,主計處,不定期更新,"CSV,CSV",中文,2022-01-18T00:00:00,"https://tsis.dbas.gov.taipei/statis/webMain.aspx?sys=220&ymf=10500&ymt=11200&kind=21&type=0&funid=a05039501&cycle=4&outmode=12&compmode=0&outkind=3&deflst=2&nzo=1,https://tsis.dbas.gov.taipei/statis/webMain.aspx?sys=220&ymf=9400&ymt=11200&kind=21&type=0&funid=a05004201&cycle=4&outmode=12&compmode=0&outkind=3&deflst=2&nzo=1","臺北市新移民人口時間數列、按年齡別時間數列統計資料（統計至112年底，由新住民統計取代）
",統計期、性別、總計[人]、大陸港澳配偶[人]、其他外籍配偶/合計[人]、其他外籍配偶/越南[人]、其他外籍配偶/馬來西亞[人]、其他外籍配偶/印尼[人]、其他外籍配偶/泰國[人]、其他外籍配偶/菲律賓[人]、其他外籍配偶/緬甸[人]、其他外籍配偶/柬埔寨[人]、其他外籍配偶/其他國籍[人],智慧通勤:0; 韌性防災:0; 永續環境:0; 食安健康:0; 勞動福祉:1; 文化共融:0
taipei,a08b62e1-16ea-4f5f-ad70-d6d4667cfc42,00029707,臺北市旅行業從業人員,勞動福祉,False,True,True,table,就業趨勢與社福資源分析,False,2,統計,求職及就業,原始資料,主計處,,主計處,每1年,CSV,中文,2022-09-12T00:00:00,https://tsis.dbas.gov.taipei/statis/webMain.aspx?sys=220&ymf=9500&kind=21&type=0&funid=a02012203&cycle=4&outmode=12&compmode=0&outkind=1&deflst=2&nzo=1,臺北市旅行業從業人員時間數列統計資料,統計期、旅行業從業人員[人]/ 總計、旅行業從業人員[人]/ 男、旅行業從業人員[人]/ 女、旅行業從業人員增減率[%]/ 總計、旅行業從業人員增減率[%]/ 男、旅行業從業人員增減率[%]/ 女,智慧通勤:0; 韌性防災:0; 永續環境:0; 食安健康:0; 勞動福祉:1; 文化共融:0
taipei,877ddf33-2938-4417-ad7e-a7ca25639baa,00000658,臺北市早期療育個案服務,勞動福祉,False,True,True,table,就業趨勢與社福資源分析,False,2,社福,生育保健,網路服務,社會局,,社會局,每3月,CSV,中文,2019-12-20T00:00:00,/api/dataset/877ddf33-2938-4417-ad7e-a7ca25639baa/resource/8a0de0cd-5c01-40fb-9cef-cdfe5903c957/download,早期療育個案服務資料呈現於【社會局局網> 統計資料 > 預告統計資料發布時間表】,年/季、總收托人數、男生收托人數、女生收托人數、總療育個案人數、男生療育個案人數、女生療育個案人數,智慧通勤:0; 韌性防災:0; 永續環境:0; 食安健康:0; 勞動福祉:2; 文化共融:0
taipei,33dc5028-78ef-4892-bec6-0b459f7cb193,00002075,臺北市暴力犯罪案件按月別,勞動福祉,False,True,True,table,就業趨勢與社福資源分析,False,2,統計,生活安全及品質,原始資料,主計處,,主計處,每1月,CSV,中文,2022-03-21T00:00:00,https://tsis.dbas.gov.taipei/statis/webMain.aspx?sys=220&ymf=10601&kind=21&type=0&funid=a04003301&cycle=1&outmode=12&compmode=0&outkind=1&deflst=2&nzo=1,臺北市暴力犯罪案件按月別時間數列統計資料,統計期、發生件數/總計[件]、發生件數/強制性交[件]、發生件數/強盜搶奪[件]、發生件數/其他[件]、發生率[件/十萬人]、嫌疑犯[人]、犯罪人口率[人/十萬人]、破獲件數/總計[件]、破獲件數/當期[件]、破獲件數/積案[件]、破獲件數/他轄[件]、破獲率[%],智慧通勤:0; 韌性防災:0; 永續環境:0; 食安健康:0; 勞動福祉:1; 文化共融:0
taipei,a408d80a-9ffc-40ae-b4a9-6e253f4e95be,00000547,臺北市替代役役男家屬各項扶(慰)助經費統計表,勞動福祉,False,True,True,table,就業趨勢與社福資源分析,False,2,統計,服兵役,原始資料,兵役局,,兵役局,每3月,CSV,中文,2015-05-19T00:00:00,/api/dataset/a408d80a-9ffc-40ae-b4a9-6e253f4e95be/resource/3ac131c7-b1d2-4a0c-9261-b27721bfc1f1/download,臺北市替代役役男家屬各項扶(慰)助經費統計,年、季、鄉鎮市區別、身分別、合計件數、合計金額、一次安家費件數、一次安家費金額、三節生活扶助金件數、三節生活扶助金金額、生育補助金件數、生育補助金金額、喪葬補助金件數、喪葬補助金金額、急難慰助金件數、急難慰助金金額、健保補助費件數、健保補助費金額、醫療補助費件數、醫療補助金額、傷殘安養津貼件數、傷殘安養津貼金額,智慧通勤:0; 韌性防災:0; 永續環境:0; 食安健康:1; 勞動福祉:2; 文化共融:0
taipei,960d2e19-f2db-4cff-b303-30bb638a5abd,00000548,臺北市替代役役男家屬安家費暨三節生活扶助金統計表,勞動福祉,False,True,True,table,就業趨勢與社福資源分析,False,2,統計,服兵役,原始資料,兵役局,,兵役局,不定期更新,CSV,中文,2015-05-19T00:00:00,/api/dataset/960d2e19-f2db-4cff-b303-30bb638a5abd/resource/bf8772b4-14d1-439b-ab89-4d04046f8494/download,臺北市替代役役男家屬安家費暨三節生活扶助金統計,年、月、鄉鎮市區別、役別、合計發給戶數、合計發給口數、合計金額、一次安家費小計發給戶數、一次安家費小計發給口數、一次安家費小計金額、一次安家費甲級發給戶數、一次安家費甲級發給口數、一次安家費甲級金額、一次安家費乙級發給戶數、一次安家費乙級發給口數、一次安家費乙級金額、一次安家費丙級發給戶數、一次安家費丙級發給口數、一次安家費丙級金額、三節生活扶助金小計發給戶數、三節生活扶助金小計發給口數、三節生活扶助金小計金額、三節生活扶助金甲級發給戶數、三節生活扶助金甲級發給口數、三節生活扶助金甲級金額、三節生活扶助金乙級發給戶數、三節生活扶助金乙級發給口數、三節生活扶助金乙級金額、三節生活扶助金丙級發給戶數、三節生活扶助金丙級發給口數、三節生活扶助金丙級金額,智慧通勤:0; 韌性防災:0; 永續環境:0; 食安健康:0; 勞動福祉:1; 文化共融:0
taipei,49561f97-9b05-418e-97e2-cdadce43091a,00003148,臺北市有效求職者未能推介就業之原因－按職業分,勞動福祉,False,True,True,table,就業趨勢與社福資源分析,False,2,勞動,求職及就業,原始資料,勞動局,就服處,勞動局就服處,不定期更新,"CSV,CSV,CSV,CSV,CSV,CSV,CSV,CSV,CSV,CSV,CSV,CSV,CSV,CSV,CSV,CSV,CSV,CSV,CSV,CSV,CSV,CSV,CSV,CSV,CSV,CSV,CSV,CSV",中文,2020-11-27T00:00:00,"/api/dataset/49561f97-9b05-418e-97e2-cdadce43091a/resource/09f57bc7-ba0d-49e2-bac9-a0539ee6c18a/download,/api/dataset/49561f97-9b05-418e-97e2-cdadce43091a/resource/4d06479b-b7cc-40f1-a3a2-7cec5ffd1c02/download,/api/dataset/49561f97-9b05-418e-97e2-cdadce43091a/resource/9eb479f3-bbea-469c-b5b3-8046d93b98b3/download,/api/dataset/49561f97-9b05-418e-97e2-cdadce43091a/resource/d03cb254-31cb-4abb-8c90-bb225ca8797a/download,/api/dataset/49561f97-9b05-418e-97e2-cdadce43091a/resource/32ab2cf9-adea-42df-8229-9b57d5681698/download,/api/dataset/49561f97-9b05-418e-97e2-cdadce43091a/resource/5a284e15-6159-4d82-81d9-0d83e71bc757/download,/api/dataset/49561f97-9b05-418e-97e2-cdadce43091a/resource/a942a974-a5da-457c-abd3-909d85cc9a7c/download,/api/dataset/49561f97-9b05-418e-97e2-cdadce43091a/resource/75b81e42-a955-4617-ba99-1e3662c6eb17/download,/api/dataset/49561f97-9b05-418e-97e2-cdadce43091a/resource/4248d907-09a7-47ef-8f92-d9b993ba855f/download,/api/dataset/49561f97-9b05-418e-97e2-cdadce43091a/resource/74139c56-2a77-4f0a-a372-b35329c2a62f/download,/api/dataset/49561f97-9b05-418e-97e2-cdadce43091a/resource/8d2fc328-7673-428b-8410-7c4169d3f4e0/download,/api/dataset/49561f97-9b05-418e-97e2-cdadce43091a/resource/31c696d6-29c5-4501-a2f2-e0ded0215ba3/download,/api/dataset/49561f97-9b05-418e-97e2-cdadce43091a/resource/560e5ac1-ee91-47cf-848c-ad127fadcd8a/download,/api/dataset/49561f97-9b05-418e-97e2-cdadce43091a/resource/3f1e25f3-4edb-46bd-95d0-edf213bdd287/download,/api/dataset/49561f97-9b05-418e-97e2-cdadce43091a/resource/739e821f-49dc-4434-bf65-80ea87e36d4d/download,/api/dataset/49561f97-9b05-418e-97e2-cdadce43091a/resource/9b8759c0-247b-4dcb-bae8-d77cdc9c0dec/download,/api/dataset/49561f97-9b05-418e-97e2-cdadce43091a/resource/1cdc77ef-b1a7-49ab-89c2-c2f96a0c5ee1/download,/api/dataset/49561f97-9b05-418e-97e2-cdadce43091a/resource/1531ec2b-7a1a-45e3-a9d1-8e5b777f7e11/download,/api/dataset/49561f97-9b05-418e-97e2-cdadce43091a/resource/eb39d003-3905-4dba-90a5-8ea2b8fb2631/download,/api/dataset/49561f97-9b05-418e-97e2-cdadce43091a/resource/74328887-faf8-430b-9534-a27733e3d0ef/download,/api/dataset/49561f97-9b05-418e-97e2-cdadce43091a/resource/f7f8a8b6-aa5d-4e70-934c-d70a7a71ba08/download,/api/dataset/49561f97-9b05-418e-97e2-cdadce43091a/resource/ed0e2993-d009-4eaa-9fcc-f29cdc7f69f1/download,/api/dataset/49561f97-9b05-418e-97e2-cdadce43091a/resource/c50ddfef-6a04-4b66-9f20-e0a013ae387a/download,/api/dataset/49561f97-9b05-418e-97e2-cdadce43091a/resource/d58862fe-e618-42f7-99c8-1a7232b7309c/download,/api/dataset/49561f97-9b05-418e-97e2-cdadce43091a/resource/2dfe7628-3f96-4bee-bfa3-124404435d01/download,/api/dataset/49561f97-9b05-418e-97e2-cdadce43091a/resource/c73595b4-9ad5-4320-94ad-05679e03b5e9/download,/api/dataset/49561f97-9b05-418e-97e2-cdadce43091a/resource/d4411850-016f-4bc4-9f81-4dc46abd9300/download,/api/dataset/49561f97-9b05-418e-97e2-cdadce43091a/resource/158f9003-3658-4cd4-883f-0ea5c0f185ea/download",臺北市有效求職者未能推介就業之原因－按職業分之統計報表,項目別、總計、民意代表主管及經理人員、專業人員、技術員及助理專業人員、事務支援人員、服務及售貨工作人員、農林漁牧業生產人員、技術有關工作人員、機械設備操作及組裝人員、基層技術工及勞力工、其他,智慧通勤:0; 韌性防災:0; 永續環境:0; 食安健康:0; 勞動福祉:1; 文化共融:0
taipei,57232c1c-4387-49b8-9e19-a1fd2a0caa4e,00003548,臺北市樹花葬使用狀況,勞動福祉,False,True,True,table,就業趨勢與社福資源分析,False,2,民政,生命禮儀,原始資料,民政局,殯葬處,民政局殯葬處,每1年,CSV,中文,2020-12-29T00:00:00,/api/dataset/57232c1c-4387-49b8-9e19-a1fd2a0caa4e/resource/a762fc6f-8cc1-4ef1-9fe3-7967b2cf19d4/download,提供臺北市樹花葬區使用數量統計資料，自112年1月1日開始每年度統計,年度、樹葬本市人數、樹葬外市人數、花葬本市人數、花葬外市人數,智慧通勤:0; 韌性防災:0; 永續環境:0; 食安健康:0; 勞動福祉:2; 文化共融:0
taipei,8b50e741-70e1-4665-8b3b-25ff408a43a2,00002870,臺北市死亡人口數按年齡分,勞動福祉,False,True,True,table,就業趨勢與社福資源分析,False,2,統計,公共資訊,原始資料,民政局,,民政局,每1年,CSV,中文,2020-11-13T00:00:00,/api/dataset/8b50e741-70e1-4665-8b3b-25ff408a43a2/resource/ec279083-1066-410b-bce4-47c3eb7bfda5/download,依據戶籍登記資料產製,年別、類別、性別、總計、0歲數量、1歲數量、2歲數量、3歲數量、4歲數量、5歲數量、6歲數量、7歲數量、8歲數量、9歲數量、10歲數量、11歲數量、12歲數量、13歲數量、14歲數量、15歲數量、16歲數量、17歲數量、18歲數量、19歲數量、20歲數量、21歲數量、22歲數量、23歲數量、24歲數量、25歲數量、26歲數量、27歲數量、28歲數量、29歲數量、30歲數量、31歲數量、32歲數量、33歲數量、34歲數量、35歲數量、36歲數量、37歲數量、38歲數量、39歲數量、40歲數量、41歲數量、42歲數量、43歲數量、44歲數量、45歲數量、46歲數量、47歲數量、48歲數量、49歲數量、50歲數量、51歲數量、52歲數量、53歲數量、54歲數量、55歲數量、56歲數量、57歲數量、58歲數量、59歲數量、60歲數量、61歲數量、62歲數量、63歲數量、64歲數量、65歲數量、66歲數量、67歲數量、68歲數量、69歲數量、70歲數量、71歲數量、72歲數量、73歲數量、74歲數量、75歲數量、76歲數量、77歲數量、78歲數量、79歲數量、80歲數量、81歲數量、82歲數量、83歲數量、84歲數量、85歲數量、86歲數量、87歲數量、88歲數量、89歲數量、90歲數量、91歲數量、92歲數量、93歲數量、94歲數量、95歲數量、96歲數量、97歲數量、98歲數量、99歲數量、100歲以上,智慧通勤:0; 韌性防災:0; 永續環境:0; 食安健康:0; 勞動福祉:1; 文化共融:0
taipei,07d91b15-de34-4db8-a2e5-f7ba29df87e5,00003540,臺北市殯儀管理業務概況,勞動福祉,False,True,True,table,就業趨勢與社福資源分析,False,2,民政,生命禮儀,原始資料,民政局,殯葬處,民政局殯葬處,每1年,CSV,中文,2020-12-29T00:00:00,/api/dataset/07d91b15-de34-4db8-a2e5-f7ba29df87e5/resource/dc7661ba-0413-42ad-92bd-101f23d95a73/download,凡本市依法所為殯葬管理業務，均為統計對象。,年度、環保葬/非公墓/公園綠地等/男、環保葬/非公墓/公園綠地等/女、環保葬/非公墓/海洋/男、環保葬/非公墓/海洋/女、環保葬/公墓內/樹葬/男、環保葬/公墓內/樹葬/女、年底公立公墓收費狀況/有收費公墓數（個）、年底公立公墓收費狀況/未收費公墓數（個）、年底公立公墓管理人員/專任（人）/男、年底公立公墓管理人員/專任（人）/女、年底公立公墓管理人員/兼任（人）/男、年底公立公墓管理人員/兼任（人）/女、年底公立各級單位殯葬業務承辦人員/專任（人）/男、年底公立各級單位殯葬業務承辦人員/專任（人）/女、年底公立各級單位殯葬業務承辦人員/兼任（人）/男、年底公立各級單位殯葬業務承辦人員/兼任（人）/女、本年核發埋葬火化許可證明/埋葬屍體（件）/男、本年核發埋葬火化許可證明/埋葬屍體（件）/女、本年核發埋葬火化許可證明/火化屍體或骨骸（件）/男、本年核發埋葬火化許可證明/火化屍體或骨骸（件）/女、本年殯葬設施違反殯葬法規處分件數（件）,智慧通勤:0; 韌性防災:0; 永續環境:0; 食安健康:0; 勞動福祉:2; 文化共融:0
taipei,2726b137-856d-470b-9ee5-c040c8d70c01,00003547,臺北市殯葬服務業概況,勞動福祉,False,True,True,table,就業趨勢與社福資源分析,False,2,民政,生命禮儀,原始資料,民政局,殯葬處,民政局殯葬處,每1年,CSV,中文,2020-12-29T00:00:00,/api/dataset/2726b137-856d-470b-9ee5-c040c8d70c01/resource/e1485377-8fbf-4ab2-9ae5-117925e72c8d/download,凡依殯葬管理條例許可(備查)、規範及管理之殯葬服務業，均為統計對象。,年度、年底殯葬設施經營業許可家數、年底殯葬設施經營業員工數男、年底殯葬設施經營業員工數女、年底殯葬禮儀服務業許可家數、年底殯葬禮儀服務業員工數男、年底殯葬禮儀服務業員工數女、年底殯葬禮儀服務業跨區備查家數、年底殯葬禮儀服務業跨區備查員工數男、年底殯葬禮儀服務業跨區備查員工數女、年底殯葬禮儀服務業兼合法生前契約業者家數、年底殯葬禮儀服務業兼合法生前契約業者本年簽訂生前契約件數、年底殯葬禮儀服務業兼合法生前契約業者累計簽訂生前契約件數、本年殯葬服務業及殯葬行為違反殯葬法規處分件數,智慧通勤:0; 韌性防災:0; 永續環境:0; 食安健康:0; 勞動福祉:2; 文化共融:0
taipei,b298aa88-d045-4852-bd40-e2b9766a016e,00003177,臺北市每戶家庭收支－經濟戶長社會經濟特性別,勞動福祉,False,True,True,table,就業趨勢與社福資源分析,False,2,統計,公共資訊,原始資料,主計處,,主計處,不定期更新,CSV,中文,2020-12-02T00:00:00,/api/dataset/b298aa88-d045-4852-bd40-e2b9766a016e/resource/d9061ecb-d14b-4cdd-891f-4c4d8bc3ee5f/download,"臺北市每戶家庭收支－經濟戶長社會經濟特性別時間數列統計資料
",年別、經濟戶長社會經濟特性、家庭戶數、每戶人數、每戶成年人數、每戶就業人數、每戶所得收入者人數、[一]所得收入總計[NT]、1.受僱人員報酬[NT]、[1]本業薪資[NT]、[2]兼業薪資[NT]、[3]其他收入[NT]、2.產業主所得[NT]、3.財產所得收入[NT]、4.自用住宅設算租金收入[NT]、5.經常移轉收入[NT]、[1]從私人[NT]、[2]從政府[NT]、[3]社會保險受益[NT]、[4]從企業[NT]、[5]從國外[NT]、6.雜項收入[NT]、[二]非消費支出[NT]、1.利息支出[NT]、2.經常移轉支出[NT]、[1]對私人[NT]、[2]對政府[NT]、[3]社會保險[NT]、[4]對國外[NT]、[三]消費支出[NT]、1.食品費[NT]、2.飲料費[NT]、3.菸草[NT]、4.衣著鞋襪類[NT]、5.房地租及水費[NT]、6.燃料和燈光[NT]、7.家具及家庭設備[NT]、8.家事管理[NT]、9.保健和醫療[NT]、10.運輸及通訊[NT]、[1]交通工具及通訊購置[NT]、[2]交通設備使用管理費[NT]、[3]乘交通設備之費用[NT]、[4]其他通訊費[NT]、[5]汽機車保險費支出[NT]、11.娛樂教育和文化服務[NT]、[1]旅遊費用[NT]、[2]娛樂消遣服務[NT]、[3]書報雜誌文具[NT]、[4]娛樂器材及附屬品[NT]、[5]教育與研究費[NT]、12.雜項支出[NT]、可支配所得[NT]、消費支出[NT]、儲蓄[NT]、所得總額[經常性收入][NT],智慧通勤:2; 韌性防災:0; 永續環境:0; 食安健康:2; 勞動福祉:3; 文化共融:2
taipei,1a827745-38a1-4ac5-a058-162f12148a2f,00003151,臺北市求職、求才及推介就業人數按年齡別分,勞動福祉,False,True,True,table,就業趨勢與社福資源分析,False,2,勞動,求職及就業,原始資料,勞動局,就服處,勞動局就服處,不定期更新,"CSV,CSV,CSV,CSV,CSV,CSV,CSV,CSV,CSV,CSV,CSV,CSV,CSV,CSV,CSV,CSV,CSV,CSV,CSV,CSV,CSV,CSV,CSV,CSV,CSV,CSV,CSV,CSV",中文,2020-11-27T00:00:00,"/api/dataset/1a827745-38a1-4ac5-a058-162f12148a2f/resource/c4b10bc3-663f-4c35-8381-bde4fe2bcaf7/download,/api/dataset/1a827745-38a1-4ac5-a058-162f12148a2f/resource/98b362ea-5043-4834-b6cf-b3d9f6a65e26/download,/api/dataset/1a827745-38a1-4ac5-a058-162f12148a2f/resource/9a2ca389-2914-4fc4-8d4d-cf60fe87e91a/download,/api/dataset/1a827745-38a1-4ac5-a058-162f12148a2f/resource/e76cfeab-537a-44df-beb6-75ec8ffc3331/download,/api/dataset/1a827745-38a1-4ac5-a058-162f12148a2f/resource/654068dd-10ad-4e98-9c30-780745d2422b/download,/api/dataset/1a827745-38a1-4ac5-a058-162f12148a2f/resource/48486db3-6b51-490a-8fb5-09783242f088/download,/api/dataset/1a827745-38a1-4ac5-a058-162f12148a2f/resource/10b2cb51-f50d-427a-b00b-57e0c44d5443/download,/api/dataset/1a827745-38a1-4ac5-a058-162f12148a2f/resource/a3baa4cd-a2aa-4c51-8f23-9b36b3d16a3a/download,/api/dataset/1a827745-38a1-4ac5-a058-162f12148a2f/resource/dabbbe26-40e0-460e-8d13-3930b30b9b82/download,/api/dataset/1a827745-38a1-4ac5-a058-162f12148a2f/resource/080dee98-c594-4739-a6aa-c6e45a4d31cf/download,/api/dataset/1a827745-38a1-4ac5-a058-162f12148a2f/resource/7eb1edaa-9722-46f3-b8d5-941f7e9ec3dd/download,/api/dataset/1a827745-38a1-4ac5-a058-162f12148a2f/resource/67422059-839a-49c8-b086-4758a3decafd/download,/api/dataset/1a827745-38a1-4ac5-a058-162f12148a2f/resource/bf6b9fdb-ed8a-4b9b-b944-c2f1d5d3f88e/download,/api/dataset/1a827745-38a1-4ac5-a058-162f12148a2f/resource/ff54859c-292f-4921-b86a-f19ecc43cba4/download,/api/dataset/1a827745-38a1-4ac5-a058-162f12148a2f/resource/7afe7548-38a8-4a57-91d7-c0efd4c96570/download,/api/dataset/1a827745-38a1-4ac5-a058-162f12148a2f/resource/48963ba5-5271-49be-99c4-7e0fc7cabefd/download,/api/dataset/1a827745-38a1-4ac5-a058-162f12148a2f/resource/30e5b31a-dfc3-43a9-81d1-2f2fa24c3599/download,/api/dataset/1a827745-38a1-4ac5-a058-162f12148a2f/resource/b94d9ec6-a293-4cb8-ac55-7487103f6e54/download,/api/dataset/1a827745-38a1-4ac5-a058-162f12148a2f/resource/02fdb29a-1ede-4e33-9bf0-a40a8a0ad021/download,/api/dataset/1a827745-38a1-4ac5-a058-162f12148a2f/resource/99020387-db4e-4c4f-9f3f-7e2a87de429b/download,/api/dataset/1a827745-38a1-4ac5-a058-162f12148a2f/resource/89b35967-7d16-4b3e-89a6-de5ecbfc31cd/download,/api/dataset/1a827745-38a1-4ac5-a058-162f12148a2f/resource/74e7954d-30a4-4c89-b90b-8394be7b9867/download,/api/dataset/1a827745-38a1-4ac5-a058-162f12148a2f/resource/6f4094f4-4510-41fb-946e-df6d632fff22/download,/api/dataset/1a827745-38a1-4ac5-a058-162f12148a2f/resource/7466a2e5-c7c9-482b-a1ea-339988ff054c/download,/api/dataset/1a827745-38a1-4ac5-a058-162f12148a2f/resource/00c36c5c-f748-413f-b8f2-030896e564d4/download,/api/dataset/1a827745-38a1-4ac5-a058-162f12148a2f/resource/47844b72-88cb-446f-971b-9f933927ddbc/download,/api/dataset/1a827745-38a1-4ac5-a058-162f12148a2f/resource/d137ec81-9226-46c9-b639-47120dd3cd50/download,/api/dataset/1a827745-38a1-4ac5-a058-162f12148a2f/resource/1234f317-9b09-4193-8686-efd668663ed5/download",臺北市求職、求才及推介就業人數-按年齡別分之統計報表,項目別、求職人數新登記總計、求職人數新登記男、求職人數新登記女、求職人數有效總計、求職人數有效男、求職人數有效女、求才人數新登記、求才人數有效、求職推介就業人數新登記總計、求職推介就業人數新登記男、求職推介就業人數新登記女、求職推介就業人數有效總計、求職推介就業人數有效男、求職推介就業人數有效女、求才僱用人數新登記、求才僱用人數有效、推介人次新登記總計、推介人次新登記男、推介人次新登記女、推介人次有效總計、推介人次有效男、推介人次有效女,智慧通勤:0; 韌性防災:0; 永續環境:0; 食安健康:0; 勞動福祉:1; 文化共融:0
taipei,65fe22f7-6d71-4497-a5c8-f31241f60aa8,00003152,臺北市求職、求才及推介就業人數按教育別分,勞動福祉,False,True,True,table,就業趨勢與社福資源分析,False,2,勞動,求職及就業,原始資料,勞動局,就服處,勞動局就服處,不定期更新,"CSV,CSV,CSV,CSV,CSV,CSV,CSV,CSV,CSV,CSV,CSV,CSV,CSV,CSV,CSV,CSV,CSV,CSV,CSV,CSV,CSV,CSV,CSV,CSV,CSV,CSV,CSV,CSV",中文,2020-11-27T00:00:00,"/api/dataset/65fe22f7-6d71-4497-a5c8-f31241f60aa8/resource/7bc9f0d5-0650-406b-9b12-6eb4131afad6/download,/api/dataset/65fe22f7-6d71-4497-a5c8-f31241f60aa8/resource/b486fcb3-7c3b-4b0c-b7ba-65b4eff090d9/download,/api/dataset/65fe22f7-6d71-4497-a5c8-f31241f60aa8/resource/7b9e34ef-70e1-472e-9fe5-44a65e45e1f3/download,/api/dataset/65fe22f7-6d71-4497-a5c8-f31241f60aa8/resource/424222d5-2746-4e68-9762-94bf36151bbd/download,/api/dataset/65fe22f7-6d71-4497-a5c8-f31241f60aa8/resource/250d5a93-05ff-42f0-9775-e3b0c6b28bfc/download,/api/dataset/65fe22f7-6d71-4497-a5c8-f31241f60aa8/resource/f39fc706-ff00-4a54-8424-c2d2c49f5677/download,/api/dataset/65fe22f7-6d71-4497-a5c8-f31241f60aa8/resource/c2bfbf50-d9bb-40bb-a835-ef97981d56c1/download,/api/dataset/65fe22f7-6d71-4497-a5c8-f31241f60aa8/resource/6b111c79-332c-498d-9b94-7b6a4510720e/download,/api/dataset/65fe22f7-6d71-4497-a5c8-f31241f60aa8/resource/87e00dfc-10ea-4799-a7bd-32ed41196fa4/download,/api/dataset/65fe22f7-6d71-4497-a5c8-f31241f60aa8/resource/90fb9ac3-5acc-43e1-ba7d-113d201fa0a1/download,/api/dataset/65fe22f7-6d71-4497-a5c8-f31241f60aa8/resource/9b21eccb-b5d6-4cb0-8bd9-6b95004a23a4/download,/api/dataset/65fe22f7-6d71-4497-a5c8-f31241f60aa8/resource/6cbb34d1-f298-448d-b878-6cad38b906b0/download,/api/dataset/65fe22f7-6d71-4497-a5c8-f31241f60aa8/resource/7954ced1-db55-494d-bdc4-c469e6108e3d/download,/api/dataset/65fe22f7-6d71-4497-a5c8-f31241f60aa8/resource/bbfe2de3-12e8-40db-80a5-f6c7c4f8b14c/download,/api/dataset/65fe22f7-6d71-4497-a5c8-f31241f60aa8/resource/1337fcc8-21d2-43b8-8a71-97ecfa891d8f/download,/api/dataset/65fe22f7-6d71-4497-a5c8-f31241f60aa8/resource/c5dd5abe-9c05-4103-8d15-14826cad5715/download,/api/dataset/65fe22f7-6d71-4497-a5c8-f31241f60aa8/resource/d2960c06-6ac4-4a6c-b1a4-359f963151ce/download,/api/dataset/65fe22f7-6d71-4497-a5c8-f31241f60aa8/resource/83701a1c-93e9-49d6-84bd-8eebed5cd5a7/download,/api/dataset/65fe22f7-6d71-4497-a5c8-f31241f60aa8/resource/fd1c748d-ed8e-42b5-a8ac-5d84f43f51b2/download,/api/dataset/65fe22f7-6d71-4497-a5c8-f31241f60aa8/resource/d786be86-d8df-43e2-ace7-f9f4474a19dd/download,/api/dataset/65fe22f7-6d71-4497-a5c8-f31241f60aa8/resource/2ca40b44-cf01-450d-8ef2-a4695544d02d/download,/api/dataset/65fe22f7-6d71-4497-a5c8-f31241f60aa8/resource/99952703-fe73-403b-a326-c9da3bfe8291/download,/api/dataset/65fe22f7-6d71-4497-a5c8-f31241f60aa8/resource/d1710c05-7f39-41b7-9a0d-fa2f8f942f16/download,/api/dataset/65fe22f7-6d71-4497-a5c8-f31241f60aa8/resource/8f2f7741-877b-423f-908a-24101af0f8ef/download,/api/dataset/65fe22f7-6d71-4497-a5c8-f31241f60aa8/resource/e517585f-7c16-451c-a269-6cb090df871a/download,/api/dataset/65fe22f7-6d71-4497-a5c8-f31241f60aa8/resource/6a151837-4ef6-4a02-88ff-49081556c905/download,/api/dataset/65fe22f7-6d71-4497-a5c8-f31241f60aa8/resource/077a3029-1906-4d80-b366-3b170abdea84/download,/api/dataset/65fe22f7-6d71-4497-a5c8-f31241f60aa8/resource/ca31d72e-cb23-42c1-9b72-25dfc1b60b28/download",臺北市求職、求才及推介就業人數-按教育別分之統計報表,項目別、求職人數新登記總計、求職人數新登記男、求職人數新登記女、求職人數有效總計、求職人數有效男、求職人數有效女、求才人數新登記、求才人數有效、求職推介就業人數新登記總計、求職推介就業人數新登記男、求職推介就業人數新登記女、求職推介就業人數有效總計、求職推介就業人數有效男、求職推介就業人數有效女、求才僱用人數新登記、求才僱用人數有效、推介人次新登記總計、推介人次新登記男、推介人次新登記女、推介人次有效總計、推介人次有效男、推介人次有效女,智慧通勤:0; 韌性防災:0; 永續環境:0; 食安健康:0; 勞動福祉:1; 文化共融:0
taipei,0bd0cf27-d158-469f-bf49-ff728ac5f0e9,00003153,臺北市求職、求才及推介就業人數按職業別分,勞動福祉,False,True,True,table,就業趨勢與社福資源分析,False,2,勞動,求職及就業,原始資料,勞動局,就服處,勞動局就服處,不定期更新,"CSV,CSV,CSV,CSV,CSV,CSV,CSV,CSV,CSV,CSV,CSV,CSV,CSV,CSV,CSV,CSV,CSV,CSV,CSV,CSV,CSV,CSV,CSV,CSV,CSV,CSV,CSV",中文,2020-11-27T00:00:00,"/api/dataset/0bd0cf27-d158-469f-bf49-ff728ac5f0e9/resource/97cd8e74-3120-4e21-b4c6-86a8ec735df0/download,/api/dataset/0bd0cf27-d158-469f-bf49-ff728ac5f0e9/resource/136ad39a-b87c-423f-bb45-546ef7d8eead/download,/api/dataset/0bd0cf27-d158-469f-bf49-ff728ac5f0e9/resource/5baef366-2854-4c71-a7c2-89559d8c712a/download,/api/dataset/0bd0cf27-d158-469f-bf49-ff728ac5f0e9/resource/22556648-fde4-4fbe-af40-fac213ebbd8b/download,/api/dataset/0bd0cf27-d158-469f-bf49-ff728ac5f0e9/resource/95490035-a139-4da4-8f8b-2baca80a10f7/download,/api/dataset/0bd0cf27-d158-469f-bf49-ff728ac5f0e9/resource/5fe7ca15-a254-45fe-94cc-ebd07e2848eb/download,/api/dataset/0bd0cf27-d158-469f-bf49-ff728ac5f0e9/resource/1ad4540c-1842-444c-80c6-2edf56146a2e/download,/api/dataset/0bd0cf27-d158-469f-bf49-ff728ac5f0e9/resource/3e57ff0b-9523-4e92-b618-d96961f49fed/download,/api/dataset/0bd0cf27-d158-469f-bf49-ff728ac5f0e9/resource/ce86d1f8-597b-47fa-ac7c-6bb4ad31bf7d/download,/api/dataset/0bd0cf27-d158-469f-bf49-ff728ac5f0e9/resource/a47de9fe-0dd0-4fa4-9a7b-88dfd190c0da/download,/api/dataset/0bd0cf27-d158-469f-bf49-ff728ac5f0e9/resource/0eaf0ea7-ab69-41fb-9f98-c59a0b4eff08/download,/api/dataset/0bd0cf27-d158-469f-bf49-ff728ac5f0e9/resource/46420299-602c-4295-9736-1b085cf4d5e2/download,/api/dataset/0bd0cf27-d158-469f-bf49-ff728ac5f0e9/resource/10d6c8ea-23d4-4365-863f-06165d6e9578/download,/api/dataset/0bd0cf27-d158-469f-bf49-ff728ac5f0e9/resource/3dcc0d96-defb-4241-aa72-bd0f7d366629/download,/api/dataset/0bd0cf27-d158-469f-bf49-ff728ac5f0e9/resource/cfe31b0b-d0aa-46f3-8b1f-1ea6de04fb28/download,/api/dataset/0bd0cf27-d158-469f-bf49-ff728ac5f0e9/resource/80704b17-6010-4b2f-93ef-bccfbcef49a7/download,/api/dataset/0bd0cf27-d158-469f-bf49-ff728ac5f0e9/resource/ac3ca9ed-5fdb-487c-8500-9ed27184f5ff/download,/api/dataset/0bd0cf27-d158-469f-bf49-ff728ac5f0e9/resource/08301ebf-46d5-482e-b091-22773e399337/download,/api/dataset/0bd0cf27-d158-469f-bf49-ff728ac5f0e9/resource/860ef7fd-c835-4595-ae55-a8b75be641a5/download,/api/dataset/0bd0cf27-d158-469f-bf49-ff728ac5f0e9/resource/1d40aabc-829b-47fe-98fc-7e0bc086b29f/download,/api/dataset/0bd0cf27-d158-469f-bf49-ff728ac5f0e9/resource/cd1f84aa-fa0a-41c2-8a59-446f5e531f59/download,/api/dataset/0bd0cf27-d158-469f-bf49-ff728ac5f0e9/resource/f2762498-adff-4a76-8e9a-9cf1aabd31c3/download,/api/dataset/0bd0cf27-d158-469f-bf49-ff728ac5f0e9/resource/d4405815-42d4-4380-becf-31344e4c1fc5/download,/api/dataset/0bd0cf27-d158-469f-bf49-ff728ac5f0e9/resource/e31e447c-2aae-4c94-81e6-93893c7e1dfe/download,/api/dataset/0bd0cf27-d158-469f-bf49-ff728ac5f0e9/resource/f48d2e1c-dbae-4677-bb37-854d13219118/download,/api/dataset/0bd0cf27-d158-469f-bf49-ff728ac5f0e9/resource/de75d2c7-3160-4355-a0b6-77ce599e2c4a/download,/api/dataset/0bd0cf27-d158-469f-bf49-ff728ac5f0e9/resource/e66cfe56-936b-4e16-a20f-7de892fee3f8/download",臺北市求職、求才及推介就業人數-按職業別分之統計報表,項目別、總計、民意代表主管及經理人員男、專業人員女、技術員及助理專業人員新登記合計、事務支援人員新登記男、服務及售貨工作人員新登記女、農林漁牧業生產人員有效合計、技術有關工作人員有效男、機械設備操作及組裝人員有效女、基層技術工及勞力工新登記合計、其他新登記合計,智慧通勤:0; 韌性防災:0; 永續環境:0; 食安健康:0; 勞動福祉:1; 文化共融:0
taipei,fb905ae3-b1c5-4f34-b0e2-6889cbb3c81b,00003433,臺北市海葬使用情形,勞動福祉,False,True,True,table,就業趨勢與社福資源分析,False,2,社福,生命禮儀,原始資料,民政局,殯葬處,民政局殯葬處,每1年,CSV,中文,2020-12-15T00:00:00,/api/dataset/fb905ae3-b1c5-4f34-b0e2-6889cbb3c81b/resource/67b7d2c3-fa1a-4a05-b634-96840e485f9b/download,臺北市(含北北基桃聯合海葬)各年度海葬使用人數統計,序號、民國年度、西元年度、人數、單位,智慧通勤:0; 韌性防災:0; 永續環境:0; 食安健康:0; 勞動福祉:1; 文化共融:0
taipei,d7fa9b2b-53fb-435e-b9f1-d7e811f453db,00003543,臺北市火化場設施概況,勞動福祉,False,True,True,table,就業趨勢與社福資源分析,False,2,民政,生命禮儀,原始資料,民政局,殯葬處,民政局殯葬處,每1年,CSV,中文,2020-12-28T00:00:00,/api/dataset/d7fa9b2b-53fb-435e-b9f1-d7e811f453db/resource/ec2236e1-c00b-49ea-a8ec-cabd7e6a52f5/download,統計火化場設施及數量概況,年度、月份、火化場數（處）、土地面積（平方公尺）、建物總樓地板面積（平方公尺）、每日最大處理量、火化爐數（座）、屍體火化數/男、屍體火化數/女,智慧通勤:0; 韌性防災:0; 永續環境:0; 食安健康:0; 勞動福祉:2; 文化共融:0
taipei,ce7d5523-7466-48fc-a931-7c7918d95a00,00002897,臺北市特殊境遇家庭扶助,勞動福祉,False,True,True,table,就業趨勢與社福資源分析,False,2,統計,公共資訊,原始資料,主計處,,主計處,每1年,CSV,中文,2022-02-18T00:00:00,https://tsis.dbas.gov.taipei/statis/webMain.aspx?sys=220&ymf=8800&kind=21&type=0&funid=a05027801&cycle=4&outmode=12&compmode=0&outkind=3&deflst=2&nzo=1,"臺北市特殊境遇家庭扶助時間數列統計資料
","統計期、性別、總計/人次、緊急生活扶助/人次、傷病醫療補助/人次、法律訴訟補助/人次、子女生活津貼/人次、兒童托育津貼/人次、總計/金額[千元]、緊急生活扶助/金額[千元]、傷病醫療補助/金額[千元]、法律訴訟補助/金額[千元]、子女生活津貼/金額[千元]、兒童托育津貼/金額[千元]、未婚懷孕婦女受益人數[人]
",智慧通勤:0; 韌性防災:1; 永續環境:0; 食安健康:1; 勞動福祉:2; 文化共融:0
taipei,b817bd81-d3d1-4080-afd5-1598c3d228c7,00003517,臺北市特殊境遇家庭概況,勞動福祉,False,True,True,table,就業趨勢與社福資源分析,False,2,社福,公共資訊,網路服務,社會局,,社會局,每3月,CSV,中文,2020-12-28T00:00:00,/api/dataset/b817bd81-d3d1-4080-afd5-1598c3d228c7/resource/c881606d-b71d-4c46-ad36-754c0446b0db/download,每季提供臺北市特殊境遇家庭概況資訊,年/季、戶數、家長年齡未滿20人數、家長年齡20歲至未滿30歲人數、家長年齡30歲至未滿40歲、家長年齡40歲至未滿50歲、家長年齡50歲至未滿60歲、家長年齡60歲至未滿70歲、家長年齡70歲至未滿80歲、家長年齡80歲以上、家長婚姻狀況/未婚、家長婚姻狀況/有偶、家長婚姻狀況/離婚、家長婚姻狀況/喪偶、家長設籍狀況/本國籍一般、家長設籍狀況/本國籍原住民、家長設籍狀況/大陸籍、家長設籍狀況/外國籍、家長工作狀況/有工作、家長工作狀況/無工作、家長工作狀況/臨時性工作、扶養子女人數、扶養孫子女人數,智慧通勤:0; 韌性防災:0; 永續環境:0; 食安健康:0; 勞動福祉:1; 文化共融:0
taipei,2a90cf6f-5ae2-4fcb-9d7f-c5e12d6408dd,00003520,臺北市特殊境遇家庭符合款項,勞動福祉,False,True,True,table,就業趨勢與社福資源分析,False,2,社福,公共資訊,網路服務,社會局,,社會局,每3月,CSV,中文,2020-12-28T00:00:00,/api/dataset/2a90cf6f-5ae2-4fcb-9d7f-c5e12d6408dd/resource/5ccfc2e7-4251-4fa7-9929-4e176311c1a3/download,每季提供臺北市特殊境遇家庭符合款項資訊,年/季、65歲以下且配偶死亡人數、65歲以下且配偶失蹤經向警察機關報案協尋未獲達6個月以上人數、因配偶惡意遺棄經判決離婚確定或已完成協議離婚登記人數、受配偶不堪同居之虐待經判決離婚確定或已完成協議離婚登記、家庭暴力受害者、未婚懷孕婦女且懷胎3個月以上至分娩2個月以內者、因離婚或喪偶或未婚生子獨自扶養18歲以下子女者、獨自扶養18歲以下父母無力扶養之孫子女者、配偶處1年以上之徒刑或受拘束人身自由之保安處分1年以上且在執行中、因3個月內生活發生重大變故導致生活經濟困難者,智慧通勤:0; 韌性防災:0; 永續環境:0; 食安健康:0; 勞動福祉:1; 文化共融:0
taipei,8bc1ecbf-1030-453f-8d72-38d882b5a5ce,00002886,臺北市現住人口數按婚姻狀況分,勞動福祉,False,True,True,table,就業趨勢與社福資源分析,False,2,統計,公共資訊,原始資料,民政局,,民政局,每1年,CSV,中文,2020-11-13T00:00:00,/api/dataset/8bc1ecbf-1030-453f-8d72-38d882b5a5ce/resource/c1bfdc72-141b-459d-bee1-bbf6db11601f/download,依據戶籍登記資料產製統計數(年底靜態數據),年、婚姻狀況及婚姻類型、性別、總計、未滿15歲數量、15～19歲數量、20～24歲數量、25～29歲數量、30～34歲數量、35～39歲數量、40～44歲數量、45～49歲數量、50～54歲數量、55～59歲數量、60～64歲數量、65～69歲數量、70～74歲數量、75～79歲數量、80～84歲數量、85～89歲數量、90～94歲數量、95～99歲數量、100歲以上,智慧通勤:0; 韌性防災:0; 永續環境:0; 食安健康:0; 勞動福祉:1; 文化共融:0
taipei,1dd0a790-14bb-4c6a-ad44-c355b49f2fc0,00004085,臺北市社區輿情通報數,勞動福祉,False,True,True,table,就業趨勢與社福資源分析,False,2,民政,生活安全及品質,原始資料,民政局,,民政局,每2月,CSV,中文,2022-02-08T00:00:00,/api/dataset/1dd0a790-14bb-4c6a-ad44-c355b49f2fc0/resource/376b6177-1a23-4710-991d-86a89d3919d0/download,本數據為臺北市社區中所執行之重大政策、重要措施以及公共工程之彙報資訊，以及所發生警政消防、社會救助及民政區政等不定期案件通報數總數，108-111年以年度總數公開，112年起逢每年1、3、5、7、9、11月份公告前2月份之各別數據。,編號、年、月、輿情通報案件數（單位：件）、備註,智慧通勤:0; 韌性防災:1; 永續環境:0; 食安健康:0; 勞動福祉:3; 文化共融:0
taipei,3df6d49a-474a-46e2-a004-62fde4374426,00002390,臺北市社會團體團體數(57年至79年),勞動福祉,False,True,True,table,就業趨勢與社福資源分析,False,2,統計,公共資訊,原始資料,主計處,,主計處,每1年,CSV,中文,2020-10-16T00:00:00,https://tsis.dbas.gov.taipei/statis/webMain.aspx?sys=220&ymf=5700&ymt=7900&kind=21&type=0&funid=a05025201&cycle=4&outmode=12&compmode=0&outkind=1&deflst=2&nzo=1,臺北市社會團體團體數(57年至79年)時間數列統計資料,統計期、總計團體數、青年團體數、文化學術團體數、宗教團體數、公益團體數、慈善團體數、婦女團體數、體育團體數、其他團體數,智慧通勤:0; 韌性防災:0; 永續環境:0; 食安健康:0; 勞動福祉:1; 文化共融:1
taipei,8b160b14-9044-4eeb-91be-b8cee47d9287,00002951,臺北市社會團體會員數(57年至79年),勞動福祉,False,True,True,table,就業趨勢與社福資源分析,False,2,統計,公共資訊,原始資料,主計處,,主計處,每1年,CSV,中文,2020-11-19T00:00:00,https://tsis.dbas.gov.taipei/statis/webMain.aspx?sys=220&ymf=5700&ymt=7900&kind=21&type=0&funid=a05025301&cycle=4&outmode=12&compmode=0&outkind=3&deflst=2&nzo=1,臺北市社會團體會員數(57年至79年)時間數列統計資料,統計期、項目、總計[人；個]、青年團體[人；個]、文化學術團體[人；個]、宗教團體[人；個]、公益團體[人；個]、慈善團體[人；個]、婦女團體[人；個]、體育團體[人；個]、其他[人；個],智慧通勤:0; 韌性防災:0; 永續環境:0; 食安健康:0; 勞動福祉:1; 文化共融:1
taipei,6f78534c-aee0-442c-811e-19e4519cc35d,00003531,臺北市社會局推展志願服務志工人數,勞動福祉,False,True,True,table,就業趨勢與社福資源分析,False,2,社福,公共資訊,網路服務,社會局,,社會局,不定期更新,CSV,中文,2020-12-28T00:00:00,/api/dataset/6f78534c-aee0-442c-811e-19e4519cc35d/resource/98d24e5e-0877-4f17-a761-d6ee7b9e2d29/download,每半年提供臺北市社會局推展志願服務志工人數,年/半年、隊數、志工總人數、男性志工人數、女性志工人數,智慧通勤:0; 韌性防災:0; 永續環境:0; 食安健康:0; 勞動福祉:2; 文化共融:0
taipei,9426845f-8df7-4377-9c51-8662a0144ae9,00003039,臺北市社會局推展志願服務隊概況,勞動福祉,False,True,True,table,就業趨勢與社福資源分析,False,2,統計,公共資訊,原始資料,主計處,,主計處,每1年,CSV,中文,2022-02-18T00:00:00,https://tsis.dbas.gov.taipei/statis/webMain.aspx?sys=220&ymf=8500&kind=21&type=0&funid=a05028301&cycle=4&outmode=12&compmode=0&outkind=1&deflst=2&nzo=1,臺北市社會局推展志願服務隊概況時間數列統計資料,統計期、隊數[隊]、隊員人數/合計[人]、隊員人數/性別/男[人]、隊員人數/性別/女[人]、隊員人數/年齡別/0-未滿12歲[人]、隊員人數/年齡別/12-17歲[人]、隊員人數/年齡別/18-29歲[人]、隊員人數/年齡別/30-49歲[人]、隊員人數/年齡別/50-64歲[人]、隊員人數/年齡別/65歲以上[人]、提供服務人次[人次]、提供服務時數[時],智慧通勤:0; 韌性防災:0; 永續環境:0; 食安健康:0; 勞動福祉:1; 文化共融:0
taipei,f0fc76e6-b58c-4482-b797-223efb89ee96,00003562,臺北市社會工作專職人員數,勞動福祉,False,True,True,table,就業趨勢與社福資源分析,False,2,社福,公共資訊,網路服務,社會局,,社會局,不定期更新,CSV,中文,2020-12-29T00:00:00,/api/dataset/f0fc76e6-b58c-4482-b797-223efb89ee96/resource/374ad4aa-096b-4993-a331-7c5c35376816/download,提供臺北市社會工作專職人員數,年度、總人數、社工員、非社工員、一般民眾、原住民,智慧通勤:0; 韌性防災:0; 永續環境:0; 食安健康:0; 勞動福祉:2; 文化共融:0
taipei,246337a0-751e-4523-a6c7-c185119b13d8,00001814,臺北市社會救助補助項目,勞動福祉,False,True,True,table,就業趨勢與社福資源分析,False,2,社福,生活安全及品質,原始資料,社會局,,社會局,不定期更新,CSV,中文,2020-07-29T00:00:00,/api/dataset/246337a0-751e-4523-a6c7-c185119b13d8/resource/549a3347-df6e-4bed-b818-368210d01544/download,提供臺北市社會救助補助項目資訊,序號、補助名稱、補助對象年齡下限、補助對象年齡上限、設籍條件、居住日數是否需大於規定日數、身份、收入條件每人每月上限金額、動產條件每人上限、其他條件、應備文件、收件洽辦單位、聯繫方式、詳細資訊網址,智慧通勤:0; 韌性防災:0; 永續環境:0; 食安健康:0; 勞動福祉:3; 文化共融:0
taipei,a71d7758-6b0d-4234-908b-e73c62dde2d1,00003501,臺北市社會救助通報處理情形,勞動福祉,False,True,True,table,就業趨勢與社福資源分析,False,2,社福,生活安全及品質,網路服務,社會局,,社會局,每3月,CSV,中文,2020-12-28T00:00:00,/api/dataset/a71d7758-6b0d-4234-908b-e73c62dde2d1/resource/fec4b52c-a9b5-4d91-bceb-1648f455199d/download,每季提供臺北市社會救助通報處理情形資訊,年/季、本季接獲社會救助通報處理情形總件數、符合補助資格件數、實物給付服務件數、急難救助件數、醫療補助件數、長期生活扶助件數、不符合補助資格件數、轉介其他福利方案件數、無須提供服務件數、其他件數,智慧通勤:0; 韌性防災:0; 永續環境:0; 食安健康:1; 勞動福祉:5; 文化共融:0
taipei,dba8d919-b730-4723-a6a5-c1a451275873,00002895,臺北市社會救助醫療及看護補助,勞動福祉,False,True,True,table,就業趨勢與社福資源分析,False,2,統計,公共資訊,原始資料,主計處,,主計處,每1年,CSV,中文,2022-02-17T00:00:00,https://tsis.dbas.gov.taipei/statis/webMain.aspx?sys=220&ymf=9500&kind=21&type=0&funid=a05027501&cycle=4&outmode=12&compmode=0&outkind=1&deflst=2&nzo=1,"臺北市社會救助醫療及看護補助時間數列統計資料
","統計期、住院/人次數[人次]、住院/人次數/低收入戶[人次]、住院/日數[日]、住院/日數/低收入戶[日]、住院/補助金額[元]、門診/人次[人次]、門診/補助金額[元]、看護/住院人次[人次]、看護/住院日數[日]、看護/補助金額[元]
",智慧通勤:0; 韌性防災:0; 永續環境:0; 食安健康:1; 勞動福祉:3; 文化共融:0
taipei,7621fc64-a473-4912-8811-ede21ff4fd29,00003038,臺北市社會福利工作人員數,勞動福祉,False,True,True,table,就業趨勢與社福資源分析,False,2,統計,公共資訊,原始資料,主計處,,主計處,每1年,"CSV,CSV",中文,2022-03-21T00:00:00,"https://tsis.dbas.gov.taipei/statis/webMain.aspx?sys=220&ymf=11100&kind=21&type=0&funid=a05028202&cycle=4&outmode=12&compmode=0&outkind=3&deflst=2&nzo=1,https://tsis.dbas.gov.taipei/statis/webMain.aspx?sys=220&ymf=8400&ymt=11000&kind=21&type=0&funid=a05028201&cycle=4&outmode=12&compmode=0&outkind=3&deflst=2&nzo=1",臺北市社會福利工作人員數時間數列統計資料,統計期、性別、總計[人]、總計/公部門[人]、總計/私部門[人]、總計/具社工師執業執照[人]、總計/具原住民身分[人]、身心障礙福利機構團體[人]、身心障礙福利機構團體/公部門[人]、身心障礙福利機構團體/私部門[人]、身心障礙福利機構團體/具社工師執業執照[人]、身心障礙福利機構團體/具原住民身分[人]、老人及長期照顧福利機構團體[人]、老人及長期照顧福利機構團體/公部門[人]、老人及長期照顧福利機構團體/私部門[人]、老人及長期照顧福利機構團體/具社工師執業執照[人]、老人及長期照顧福利機構團體/具原住民身分[人]、兒少婦女及家庭福利機構團體[人]、兒少婦女及家庭福利機構團體/公部門[人]、兒少婦女及家庭福利機構團體/私部門[人]、兒少婦女及家庭福利機構團體/具社工師執業執照[人]、兒少婦女及家庭福利機構團體/具原住民身分[人]、學校[人]、學校/公部門[人]、學校/私部門[人]、學校/具社工師執業執照[人]、學校/具原住民身分[人]、醫事機構[人]、醫事機構/公部門[人]、醫事機構/私部門[人]、醫事機構/具社工師執業執照[人]、醫事機構/具原住民身分[人]、矯正機關[人]、矯正機關/公部門[人]、矯正機關/私部門[人]、矯正機關/具社工師執業執照[人]、矯正機關/具原住民身分[人]、社工師事務所及公會協會學會[人]、社工師事務所及公會協會學會/公部門[人]、社工師事務所及公會協會學會/私部門[人]、社工師事務所及公會協會學會/具社工師執業執照[人]、社工師事務所及公會協會學會/具原住民身分[人]、地方政府[人]、地方政府/公部門[人]、地方政府/私部門[人]、地方政府/具社工師執業執照[人]、地方政府/具原住民身分[人]、其他[人]、其他/公部門[人]、其他/私部門[人]、其他/具社工師執業執照[人]、其他/具原住民身分[人],智慧通勤:0; 韌性防災:0; 永續環境:0; 食安健康:0; 勞動福祉:3; 文化共融:0
taipei,54fafa6b-1126-4de2-b693-b8881a5a6ac1,00000662,臺北市社會福利常見問答,勞動福祉,False,True,True,table,就業趨勢與社福資源分析,False,2,社福,公共資訊,網路服務,社會局,,社會局,每1年,CSV,中文,2017-01-10T00:00:00,/api/dataset/54fafa6b-1126-4de2-b693-b8881a5a6ac1/resource/94fff1cf-2731-492f-8821-49ff78bda40c/download,提供社會福利常見問答,項目、資料連結路徑、點閱數量、公告日期、問題數量,智慧通勤:0; 韌性防災:0; 永續環境:0; 食安健康:0; 勞動福祉:3; 文化共融:0
taipei,9380ad31-1aa4-46ee-99e7-09fbdbf9fc52,00002074,臺北市竊盜案件按月別,勞動福祉,False,True,True,table,就業趨勢與社福資源分析,False,2,統計,生活安全及品質,原始資料,主計處,,主計處,每1月,CSV,中文,2022-03-21T00:00:00,https://tsis.dbas.gov.taipei/statis/webMain.aspx?sys=220&ymf=8701&kind=21&type=0&funid=a04003201&cycle=1&outmode=12&compmode=0&outkind=1&deflst=2&nzo=1,臺北市竊盜案件按月別時間數列統計資料,統計期、發生件數/總計[件]、發生件數/普通[件]、發生件數/汽機車[件]、發生件數/其他[件]、發生率[件/十萬人]、嫌疑犯[人]、犯罪人口率[人/十萬人]、破獲件數/總計[件]、破獲件數/當期[件]、破獲件數/積案[件]、破獲件數/他轄[件]、破獲率[%],智慧通勤:0; 韌性防災:0; 永續環境:0; 食安健康:0; 勞動福祉:1; 文化共融:0
taipei,da38e123-71f2-4124-9c40-933ee021ffe3,00003294,臺北市競技運動選手訓練培育概況,勞動福祉,False,True,True,table,就業趨勢與社福資源分析,False,2,統計,公共資訊,原始資料,體育局,,體育局,每1年,CSV,中文,2020-12-14T00:00:00,/api/dataset/da38e123-71f2-4124-9c40-933ee021ffe3/resource/bd3a32ff-f6b1-4f6f-a214-eabf700a68cf/download,臺北市競技運動選手訓練培育概況統計,年度、基層運動選手訓練站數、培訓運動種類數、補助選手總人數、補助男選手人數、補助女選手人數,智慧通勤:0; 韌性防災:0; 永續環境:0; 食安健康:0; 勞動福祉:1; 文化共融:0
taipei,0de28320-4e2b-4f2c-b603-220b42e34839,00003538,臺北市納骨塔神主牌使用情形,勞動福祉,False,True,True,table,就業趨勢與社福資源分析,False,2,民政,生命禮儀,原始資料,民政局,殯葬處,民政局殯葬處,每1年,CSV,中文,2020-12-29T00:00:00,/api/dataset/0de28320-4e2b-4f2c-b603-220b42e34839/resource/aaf880a4-c998-4269-8723-0beccc02b300/download,"統計各塔樓之神主牌位使用情形
",年度、納骨塔名稱、可使用神主牌位數、已使用神主牌位數、未使用神主牌位數,智慧通勤:0; 韌性防災:0; 永續環境:0; 食安健康:0; 勞動福祉:2; 文化共融:0
taipei,46f7b6fc-c4f7-431d-afb4-be9b58af2d1c,00003268,臺北市經濟弱勢原住民家庭建購或修繕住宅補助統計,勞動福祉,False,True,True,table,就業趨勢與社福資源分析,False,2,社福,購屋及遷徙,原始資料,原民會,,原民會,每1年,CSV,中文,2020-12-11T00:00:00,/api/dataset/46f7b6fc-c4f7-431d-afb4-be9b58af2d1c/resource/749850e4-8983-4620-a173-193f0d7dd475/download,針對臺北市經濟弱勢原住民家庭建購或修繕住宅補助統計,年度、建購補助受理數量、建購補助核定數量、修繕補助受理數量、修繕補助核定數量、總補助金額,智慧通勤:0; 韌性防災:0; 永續環境:0; 食安健康:0; 勞動福祉:3; 文化共融:0
taipei,e02146bd-5caa-4c48-a8b5-9b74d67c36d1,00002506,臺北市總決算附屬單位決算特別收入基金平衡綜計表(依機關及基金別),勞動福祉,False,True,True,table,就業趨勢與社福資源分析,False,2,財稅,公共資訊,原始資料,主計處,,主計處,不定期更新,"XML,XML,XML,XML,XML,XML,XML",中文,2021-04-30T00:00:00,"/api/dataset/e02146bd-5caa-4c48-a8b5-9b74d67c36d1/resource/60518273-40bf-4fe9-a386-d28e340c1089/download,/api/dataset/e02146bd-5caa-4c48-a8b5-9b74d67c36d1/resource/cbab8d15-45d6-4fbe-a5f2-0e5d5c5b5178/download,/api/dataset/e02146bd-5caa-4c48-a8b5-9b74d67c36d1/resource/39b50a8a-4518-4a2b-a994-7d15500a8b37/download,/api/dataset/e02146bd-5caa-4c48-a8b5-9b74d67c36d1/resource/14113ab3-c5bf-41b8-965e-1bf8b5eb3909/download,/api/dataset/e02146bd-5caa-4c48-a8b5-9b74d67c36d1/resource/254621df-02ae-43ab-b23e-506d0b32c54d/download,/api/dataset/e02146bd-5caa-4c48-a8b5-9b74d67c36d1/resource/01fe24ee-516e-473d-b098-06fffc43c6dc/download,/api/dataset/e02146bd-5caa-4c48-a8b5-9b74d67c36d1/resource/85bf140e-5f23-4810-8ddc-e6a69d596b2a/download",總決算附屬單位決算特別收入基金平衡綜計表(依機關及基金別),科目、合計-金額、合計-百分比、教育局主管-臺北市地方教育發展基金-金額、教育局主管-臺北市地方教育發展基金-百分比、產業發展局主管-臺北市農業發展基金-金額、產業發展局主管-臺北市農業發展基金-百分比、產業發展局主管-臺北市溫泉資源管理基金-金額、產業發展局主管-臺北市溫泉資源管理基金-百分比、產業發展局主管-臺北市產業發展基金-金額、產業發展局主管-臺北市產業發展基金-百分比、工務局主管-臺北市道路基金-金額、工務局主管-臺北市道路基金-百分比、社會局主管-臺北市公益彩券盈餘分配基金-金額、社會局主管-臺北市公益彩券盈餘分配基金-百分比、勞動局主管-臺北市勞工權益基金-金額、勞動局主管-臺北市勞工權益基金-百分比、勞動局主管-臺北市身心障礙者就業基金-金額、勞動局主管-臺北市身心障礙者就業基金-百分比、環境保護局主管-臺北市環境保護基金-金額、環境保護局主管-臺北市環境保護基金-百分比、都市發展局主管-臺北市建築物無障礙設備與設施改善基金-金額、都市發展局主管-臺北市建築物無障礙設備與設施改善基金-百分比、都市發展局主管-臺北市容積代金基金-金額、都市發展局主管-臺北市容積代金基金-百分比、文化局主管-臺北市公共藝術基金-金額、文化局主管-臺北市公共藝術基金-百分比、地政局主管-臺北市土地重劃抵費地出售盈餘款基金-金額、地政局主管-臺北市土地重劃抵費地出售盈餘款基金-百分比、捷運工程局主管-臺北市臺北都會區捷運固定資產重置基金-金額、捷運工程局主管-臺北市臺北都會區捷運固定資產重置基金-百分比、捷運工程局主管-臺北市大眾捷運系統建設基金-金額、捷運工程局主管-臺北市大眾捷運系統建設基金-百分比,智慧通勤:2; 韌性防災:0; 永續環境:1; 食安健康:0; 勞動福祉:3; 文化共融:1
taipei,616b09ab-de85-480f-a9eb-bc201fe5c2c2,00002504,臺北市總決算附屬單位決算特別收入基金現金流量綜計表(依機關及基金別),勞動福祉,False,True,True,table,就業趨勢與社福資源分析,False,2,財稅,公共資訊,原始資料,主計處,,主計處,不定期更新,"XML,XML,XML,XML,XML,XML,XML",中文,2021-04-30T00:00:00,"/api/dataset/616b09ab-de85-480f-a9eb-bc201fe5c2c2/resource/f4c65940-7ccb-442b-a747-af9c4f1352cc/download,/api/dataset/616b09ab-de85-480f-a9eb-bc201fe5c2c2/resource/740e431f-7483-41c1-a63c-5984562fc066/download,/api/dataset/616b09ab-de85-480f-a9eb-bc201fe5c2c2/resource/86bbeea1-e51c-4344-8f13-d0b9b93f6591/download,/api/dataset/616b09ab-de85-480f-a9eb-bc201fe5c2c2/resource/21df942a-c354-42d5-b0f5-bb1b95385e70/download,/api/dataset/616b09ab-de85-480f-a9eb-bc201fe5c2c2/resource/9a033641-d53d-4b99-ad54-a5a534286527/download,/api/dataset/616b09ab-de85-480f-a9eb-bc201fe5c2c2/resource/d07781eb-4427-4e97-9da6-e202c0241111/download,/api/dataset/616b09ab-de85-480f-a9eb-bc201fe5c2c2/resource/e0973abb-635d-4e10-aaa4-80117f271b03/download",總決算附屬單位決算特別收入基金現金流量綜計表(依機關及基金別),項目、合計、教育局主管-臺北市地方教育發展基金、產業發展局主管-臺北市農業發展基金、產業發展局主管-臺北市溫泉資源管理基金、產業發展局主管-臺北市產業發展基金、工務局主管-臺北市道路基金、社會局主管-臺北市公益彩券盈餘分配基金、勞動局主管-臺北市勞工權益基金、勞動局主管-臺北市身心障礙者就業基金、環境保護局主管-臺北市環境保護基金、都市發展局主管-臺北市建築物無障礙設備與設施改善基金、都市發展局主管-臺北市容積代金基金、文化局主管-臺北市公共藝術基金、地政局主管-臺北市土地重劃抵費地出售盈餘款基金、捷運工程局主管-臺北市臺北都會區捷運固定資產重置基金、捷運工程局主管-臺北市大眾捷運系統建設基金,智慧通勤:2; 韌性防災:0; 永續環境:1; 食安健康:0; 勞動福祉:3; 文化共融:1
taipei,3abbf860-ffe4-479c-8c8a-8a3874e1c036,00029298,臺北市總預決算歲入來源及債務餘額,勞動福祉,False,True,True,table,就業趨勢與社福資源分析,False,2,統計,公共資訊,原始資料,主計處,,主計處,每1年,CSV,中文,2022-05-05T00:00:00,https://tsis.dbas.gov.taipei/statis/webMain.aspx?sys=220&ymf=9000&kind=21&type=0&funid=a05015201&cycle=4&outmode=12&compmode=0&outkind=1&deflst=2&nzo=1,臺北市總預決算歲入來源及債務餘額時間數列統計資料,統計期、歲入來源/總計/原預算數[億元]、歲入來源/總計/追加減後預算數[億元]、歲入來源/總計/決算審定數[億元]、歲入來源/自有財源/合計/原預算數[億元]、歲入來源/自有財源/合計/追加減後預算數[億元]、歲入來源/自有財源/合計/決算審定數[億元]、歲入來源/自有財源/自籌財源/計/原預算數[億元]、歲入來源/自有財源/自籌財源/計/追加減後預算數[億元]、歲入來源/自有財源/自籌財源/計/決算審定數[億元]、歲入來源/自有財源/自籌財源/稅課收入/原預算數[億元]、歲入來源/自有財源/自籌財源/稅課收入/追加減後預算數[億元]、歲入來源/自有財源/自籌財源/稅課收入/決算審定數[億元]、歲入來源/自有財源/自籌財源/稅外收入/原預算數[億元]、歲入來源/自有財源/自籌財源/稅外收入/追加減後預算數[億元]、歲入來源/自有財源/自籌財源/稅外收入/決算審定數[億元]、歲入來源/自有財源/統籌分配稅/原預算數[億元]、歲入來源/自有財源/統籌分配稅/追加減後預算數[億元]、歲入來源/自有財源/統籌分配稅/決算審定數[億元]、歲入來源/補助及協助收入/原預算數[億元]、歲入來源/補助及協助收入/追加減後預算數[億元]、歲入來源/補助及協助收入/決算審定數[億元]、未償債務餘額/原預算數[億元]、未償債務餘額/追加減後預算數[億元]、未償債務餘額/決算審定數[億元],智慧通勤:0; 韌性防災:0; 永續環境:0; 食安健康:0; 勞動福祉:1; 文化共融:0
taipei,64dd3cf9-e062-46dd-8075-f36d8673130f,00001912,臺北市總預算附屬單位預算及綜計表_特別收入基金_現金流量綜計表_依基金別分列,勞動福祉,False,True,True,table,就業趨勢與社福資源分析,False,2,財稅,公共資訊,網路服務,主計處,,主計處,不定期更新,"CSV,CSV,CSV,CSV,CSV,CSV,CSV,CSV,CSV,CSV,CSV,CSV,CSV,CSV,CSV",中文,2020-09-29T00:00:00,"/api/dataset/64dd3cf9-e062-46dd-8075-f36d8673130f/resource/b6cd399b-0605-4058-b58a-c2bc0bc41815/download,/api/dataset/64dd3cf9-e062-46dd-8075-f36d8673130f/resource/f0276786-d57a-488e-8413-a73d065e95fb/download,/api/dataset/64dd3cf9-e062-46dd-8075-f36d8673130f/resource/51255a0c-90d1-42a2-a7ab-eea68c3879b1/download,/api/dataset/64dd3cf9-e062-46dd-8075-f36d8673130f/resource/8bddedf2-0ea5-49db-88d7-7c9ef1fd3240/download,/api/dataset/64dd3cf9-e062-46dd-8075-f36d8673130f/resource/77992411-6465-42a2-b587-9612cc81536c/download,/api/dataset/64dd3cf9-e062-46dd-8075-f36d8673130f/resource/d1e0046b-ab2b-40f9-b93b-ca363be43103/download,/api/dataset/64dd3cf9-e062-46dd-8075-f36d8673130f/resource/33daf6e9-a939-48c4-ae10-2e0309307802/download,/api/dataset/64dd3cf9-e062-46dd-8075-f36d8673130f/resource/ebf7adca-9ac7-4d96-bbed-fa82841588dd/download,/api/dataset/64dd3cf9-e062-46dd-8075-f36d8673130f/resource/cebb3406-f315-4513-9336-dff9401dc939/download,/api/dataset/64dd3cf9-e062-46dd-8075-f36d8673130f/resource/44f595d9-2a02-4c94-8583-ccef5ebd94bb/download,/api/dataset/64dd3cf9-e062-46dd-8075-f36d8673130f/resource/7d7588de-390d-47b2-a48c-fecbe7d2e311/download,/api/dataset/64dd3cf9-e062-46dd-8075-f36d8673130f/resource/8c71dd02-4711-4609-8dd4-7dc61f7dd630/download,/api/dataset/64dd3cf9-e062-46dd-8075-f36d8673130f/resource/4ca8fb0d-761d-48bc-9e2d-2f94f379b13d/download,/api/dataset/64dd3cf9-e062-46dd-8075-f36d8673130f/resource/86ad4859-1ea6-468b-ba19-158b038d13fc/download,/api/dataset/64dd3cf9-e062-46dd-8075-f36d8673130f/resource/0ee03cdb-eaa0-48e4-b59d-9fbf76e2b860/download",特別收入基金-現金流量綜計表_依基金別分列,"項目、合計、教育局主管臺北市地方教育發展基金、產業發展局主管臺北市農業發展基金、產業發展局主管臺北市溫泉資源管理基金、產業發展局主管臺北市產業發展基金、工務局主管臺北市道路基金、社會局主管臺北市公益彩券盈餘分配基金、勞動局主管臺北市勞工權益基金、勞動局主管臺北市身心障礙者就業基金、環境保護局主管臺北市環境保護基金、都市發展局主管臺北市建築物無障礙設備與設施改善基金、都市發展局主管臺北市容積代金基金,文化局主管臺北市公共藝術基金、地政局主管臺北市土地重劃抵費地出售盈餘款基金、捷運工程局主管臺北市臺北都會區捷運固定資產重置基金、捷運工程局主管臺北市大眾捷運系統建設基金",智慧通勤:2; 韌性防災:0; 永續環境:1; 食安健康:0; 勞動福祉:3; 文化共融:1
taipei,0a5de256-0df7-4bb5-956f-50988e86f2b2,00000699,臺北市老人健保自付額補助,勞動福祉,False,True,True,table,就業趨勢與社福資源分析,False,2,社福,老年安養,網路服務,社會局,,社會局,每1年,CSV,中文,2020-07-17T00:00:00,/api/dataset/0a5de256-0df7-4bb5-956f-50988e86f2b2/resource/be120ab4-2260-4be0-8c51-ba56c380397a/download,老人健保自付額補助資料呈現於【社會局局網>銀髮族服務 > 統計資料】,機關名稱、民國年、月、補助金額、補助人次,智慧通勤:0; 韌性防災:0; 永續環境:0; 食安健康:0; 勞動福祉:3; 文化共融:0
taipei,b565aa1d-c450-4637-b850-a4c5f0b77be5,00029639,臺北市老人居家服務教育訓練概況,勞動福祉,False,True,True,table,就業趨勢與社福資源分析,False,2,社福,老年安養,網路服務,社會局,,社會局,不定期更新,CSV,中文,2022-08-08T00:00:00,/api/dataset/b565aa1d-c450-4637-b850-a4c5f0b77be5/resource/edf81062-b6ff-4fbe-8e0b-bbe76be47f71/download,提供臺北市老人居家服務教育訓練概況資訊,年/半年、總計、督導員/合計、督導員/基礎訓練、督導員/進階訓練、督導員/成長訓練、照顧服務員、場次、總人數、男生人數、女生人數,智慧通勤:0; 韌性防災:0; 永續環境:0; 食安健康:0; 勞動福祉:2; 文化共融:0
taipei,cfafdfdc-1133-44e5-8818-7ba3cabd4008,00003611,臺北市老人福利服務_中低收入老人補助裝置假牙服務,勞動福祉,False,True,True,table,就業趨勢與社福資源分析,False,2,社福,老年安養,網路服務,社會局,,社會局,每1年,CSV,中文,2020-12-30T00:00:00,/api/dataset/cfafdfdc-1133-44e5-8818-7ba3cabd4008/resource/76b2f961-22d2-4fb0-8821-8be4d0a42460/download,定期提供臺北市老人福利服務_中低收入老人補助裝置假牙服務資訊,年/半年、總人數、男性列冊低收入戶者人數、女性列冊低收入戶者、男性列冊中低收入戶者、女性列冊中低收入戶者、男性領有中低收入老人生活津貼者、女性領有中低收入老人生活津貼者、男性領有身心障礙者生活補助者、女性領有身心障礙者生活補助者、男性經各級政府全額補助收容安置者、女性經各級政府全額補助收容安置者、補助金額,智慧通勤:0; 韌性防災:0; 永續環境:0; 食安健康:0; 勞動福祉:5; 文化共融:0
taipei,0dae5e20-f784-48a6-ab36-2ebcb8f583e6,00003601,臺北市老人福利服務_教育宣導及人才培訓參加人數,勞動福祉,False,True,True,table,就業趨勢與社福資源分析,False,2,社福,老年安養,網路服務,社會局,,社會局,每1年,CSV,中文,2020-12-30T00:00:00,/api/dataset/0dae5e20-f784-48a6-ab36-2ebcb8f583e6/resource/631f5e24-de4d-432d-a2cf-dd9450dcc6ec/download,提供臺北市老人福利服務_教育宣導及人才培訓參加人數資料,年/半年、教育宣導參加總人數、教育宣導/宣導老人福利服務業務參加人數、教育宣導/其他媒體宣導活動參加人數、人才培訓參加總人數、人才培訓/志願服務人員參加人數、人才培訓/專業人員參加人數,智慧通勤:0; 韌性防災:0; 永續環境:0; 食安健康:0; 勞動福祉:2; 文化共融:1
taipei,9f939a37-c981-4e4d-af14-14f0659469f5,00003600,臺北市老人長期照謢、安養機構工作人員數,勞動福祉,False,True,True,table,就業趨勢與社福資源分析,False,2,社福,老年安養,網路服務,社會局,,社會局,每1年,CSV,中文,2020-12-30T00:00:00,/api/dataset/9f939a37-c981-4e4d-af14-14f0659469f5/resource/2d89defc-db88-477b-9c95-cae002c879bc/download,定期提供臺北市老人長期照謢、安養機構工作人員數,年/半年、總人數、業務負責人數、護理人員數、社會工作人員數、照顧服務員人數、外籍看護工人數、服務相關之專業人員數、其他人員數,智慧通勤:0; 韌性防災:0; 永續環境:0; 食安健康:0; 勞動福祉:3; 文化共融:0
taipei,808c1eb5-53e6-4d3c-bfb6-3b37412f7b32,00003598,臺北市老人長期照顧、安養機構與老人公寓、老人住宅概況,勞動福祉,False,True,True,table,就業趨勢與社福資源分析,False,2,社福,老年安養,網路服務,社會局,,社會局,每3月,CSV,中文,2020-12-30T00:00:00,/api/dataset/808c1eb5-53e6-4d3c-bfb6-3b37412f7b32/resource/205a06cd-a954-4010-994c-f754632afb38/download,定期提供臺北市老人長期照顧、安養機構與老人公寓、老人住宅概況資訊,年/月、機構數、可供進住總人數、長期照護可供進住人數、養護可供進住人數、失智照顧可供進住人數、安養可供進住人數、實際進住總人數、長期照護實際進住人數、養護實際進住人數、養護/一般養護實際進住人數、養護/管路養護實際進住人數、失智照顧實際進住人數、安養實際進住人數、具原住民身分者實際進住人數,智慧通勤:0; 韌性防災:0; 永續環境:0; 食安健康:1; 勞動福祉:2; 文化共融:0
taipei,3f4febb0-1b22-4a4e-828c-ec62724c0560,00002684,臺北市職工福利機構概況,勞動福祉,False,True,True,table,就業趨勢與社福資源分析,False,2,統計,公共資訊,原始資料,主計處,,主計處,每1年,CSV,中文,2022-02-25T00:00:00,https://tsis.dbas.gov.taipei/statis/webMain.aspx?sys=220&ymf=8300&kind=21&type=0&funid=a05006601&cycle=4&outmode=12&compmode=0&outkind=1&deflst=2&nzo=1,臺北市職工福利機構概況時間數列統計資料,統計期、新設立數/總計[家]、新設立數/事業單位[家]、新設立數/工會[家]、新設立數/職工福利金提撥金額[千元]、新設立數/職工福利金受益人數[人]、撤銷數/總計[家]、撤銷數/事業單位[家]、撤銷數/工會[家]、現有數/總計[家]、現有數/事業單位[家]、現有數/工會[家],智慧通勤:0; 韌性防災:0; 永續環境:0; 食安健康:0; 勞動福祉:2; 文化共融:0
taipei,c128c15a-34f4-4cd7-ae81-8cf8a77c33dc,00002790,臺北市職業訓練人數概況,勞動福祉,False,True,True,table,就業趨勢與社福資源分析,False,2,勞動,求職及就業,原始資料,勞動局,職能學院,勞動局職能學院,每6月,CSV,中文,2020-11-06T00:00:00,/api/dataset/c128c15a-34f4-4cd7-ae81-8cf8a77c33dc/resource/7850cf21-31a5-4611-9430-8d45fdc86a7f/download,臺北市職業訓練人數概況各項統計,自辦職前訓練統計期間、訓練總人數、性別男-人數、性別女-人數、性別-其他人數、年齡別-15-19歲人數、年齡別-20-24歲人數、年齡別-25-29歲人數、年齡別-30-34歲人數、年齡別-35-39歲人數、年齡別-40-44歲人數、年齡別-45-64歲人數、年齡別-65歲以上人數,智慧通勤:0; 韌性防災:0; 永續環境:0; 食安健康:0; 勞動福祉:1; 文化共融:0
taipei,15ff814c-17b5-4f8c-8020-e6647684819a,00002964,臺北市職業訓練培育開班招生簡章,勞動福祉,False,True,True,table,就業趨勢與社福資源分析,False,2,勞動,求職及就業,原始資料,勞動局,職能學院,勞動局職能學院,不定期更新,CSV,中文,2020-11-20T00:00:00,/api/dataset/15ff814c-17b5-4f8c-8020-e6647684819a/resource/ee7f72af-e5f9-48d6-9458-801b6b395175/download,臺北市職業訓練培育開班招生簡章內容說明,報名職科、招生人數、報名開始日期、報名結束日期、培育時數-小時、上課開始日期、上課結束日期、課程內容、洽詢電話,智慧通勤:0; 韌性防災:0; 永續環境:0; 食安健康:0; 勞動福祉:1; 文化共融:0
taipei,376f4987-6c49-468f-8b7a-e9a3ce318d7c,00002965,臺北市職業訓練進修開班招生簡章,勞動福祉,False,True,True,table,就業趨勢與社福資源分析,False,2,勞動,求職及就業,原始資料,勞動局,職能學院,勞動局職能學院,不定期更新,CSV,中文,2020-11-20T00:00:00,/api/dataset/376f4987-6c49-468f-8b7a-e9a3ce318d7c/resource/90ac005e-d130-4209-9aa4-a42757dd3fac/download,臺北市職業訓練進修開班招生簡章內容說明,報名職科、招生人數、報名開始日期、報名結束日期、進修時數-小時、上課開始日期、上課結束日期、課程內容、進修費用-金額元、洽詢電話,智慧通勤:0; 韌性防災:0; 永續環境:0; 食安健康:0; 勞動福祉:1; 文化共融:0
taipei,674be155-e8fd-4adb-9f0a-671e1381e671,00000491,臺北市育兒津貼,勞動福祉,False,True,True,table,就業趨勢與社福資源分析,False,2,社福,生育保健,網路服務,社會局,,社會局,不定期更新,CSV,中文,2020-07-27T00:00:00,/api/dataset/674be155-e8fd-4adb-9f0a-671e1381e671/resource/a5ce3cf4-a0c6-403d-a5f4-3a0b90fbf433/download,臺北市育兒津貼資料呈現於【社會局局網> 嬰幼兒照顧服務 >育兒及托育相關補助 >育兒津貼,民國年、月、累計補助人數、補助人次、補助金額,智慧通勤:0; 韌性防災:0; 永續環境:0; 食安健康:0; 勞動福祉:4; 文化共融:0
taipei,ecf39112-832c-4b9d-9376-1ec3636d3c7f,00002570,臺北市育嬰留職停薪勞工關懷措施執行情形,勞動福祉,False,True,True,table,就業趨勢與社福資源分析,False,2,統計,求職及就業,原始資料,主計處,,主計處,每1年,CSV,中文,2021-03-08T00:00:00,https://tsis.dbas.gov.taipei/statis/webMain.aspx?sys=220&ymf=10400&kind=21&type=0&funid=a05039701&cycle=4&outmode=12&compmode=0&outkind=1&deflst=2&nzo=1,"臺北市育嬰留職停薪勞工關懷措施執行情形時間數列統計資料
",統計期、育嬰留職停薪勞工關懷人數[人]/ 總計、育嬰留職停薪勞工關懷人數[人]/ 男、育嬰留職停薪勞工關懷人數[人]/ 女、育嬰留職停薪勞工關懷人數增減率[%]/ 總計、育嬰留職停薪勞工關懷人數增減率[%]/ 男、育嬰留職停薪勞工關懷人數增減率[%]/ 女,智慧通勤:0; 韌性防災:0; 永續環境:0; 食安健康:0; 勞動福祉:2; 文化共融:0
taipei,1383f142-d547-43a8-ae4f-069acf80c80e,00000499,臺北市臨時看護補助,勞動福祉,False,True,True,table,就業趨勢與社福資源分析,False,2,社福,老年安養,網路服務,社會局,,社會局,每3月,CSV,中文,2020-07-27T00:00:00,/api/dataset/1383f142-d547-43a8-ae4f-069acf80c80e/resource/0d3e58d4-b1e7-43ea-a05e-d0f44f16c457/download,"臨時看護補助資料呈現於【社會局局網>統計資料 > 預告統計資料發布時間表】
",年/季、0-未滿18歲住院人次、18-未滿65歲住院人次、65歲以上住院人次、住院總日數、看護補助金額,智慧通勤:0; 韌性防災:0; 永續環境:0; 食安健康:0; 勞動福祉:3; 文化共融:0
taipei,bce13954-86e3-4dbd-a1e9-1a5c6ffae875,00002900,臺北市街友概況(108年以後),勞動福祉,False,True,True,table,就業趨勢與社福資源分析,False,2,統計,公共資訊,原始資料,主計處,,主計處,每1年,CSV,中文,2022-02-11T00:00:00,https://tsis.dbas.gov.taipei/statis/webMain.aspx?sys=220&ymf=10800&kind=21&type=0&funid=a05028002&cycle=4&outmode=12&compmode=0&outkind=3&deflst=2&nzo=1,"臺北市街友概況(108年以後)時間數列統計資料

",統計期、性別、受理報案或查報街友處理案數[件]、查報未列冊街友人數[人]、列冊街友人數/街頭街友人數[人]、列冊街友人數/安置收容街友人數[人]、處理情形/總計[人次]、處理情形/關懷服務/合計[人次]、處理情形/關懷服務/餐食服務、處理情形/關懷服務/提供物資、處理情形/關懷服務/沐浴盥洗理髮、處理情形/關懷服務/訪視服務、處理情形/關懷服務/年節活動、處理情形/提供或轉介福利服務/合計[人次]、處理情形/提供或轉介福利服務/協助返家、處理情形/提供或轉介福利服務/申請及提供社會福利服務、處理情形/提供或轉介福利服務/轉介就業服務或職業訓練、處理情形/提供或轉介福利服務/輔導租屋、處理情形/提供或轉介福利服務/醫療服務、處理情形/收容情形/合計[人次]、處理情形/收容情形/轉介精神療養院、處理情形/收容情形/轉介老人機構、處理情形/收容情形/轉介一般護理之家、處理情形/收容情形/轉介身心障礙福利機構、處理情形/收容情形/轉介街友收容單位、處理情形/收容情形/轉介其他收容單位、處理情形/因故死亡[人],智慧通勤:0; 韌性防災:0; 永續環境:0; 食安健康:1; 勞動福祉:3; 文化共融:1
taipei,53d606b1-986f-40dc-b433-ed29e5727f8e,00002899,臺北市街友概況(94年至107年),勞動福祉,False,True,True,table,就業趨勢與社福資源分析,False,2,統計,公共資訊,原始資料,主計處,,主計處,每1年,CSV,中文,2022-02-18T00:00:00,https://tsis.dbas.gov.taipei/statis/webMain.aspx?sys=220&ymf=9400&ymt=10700&kind=21&type=0&funid=a05028001&cycle=4&outmode=12&compmode=0&outkind=3&deflst=2&nzo=1,"臺北市街友概況(94年至107年)時間數列統計資料

",統計期、性別、列冊街友人數[人]、受理或查報街友處理人次[人次]、處理街友情形/總計[人次]、處理街友情形/協助返家[人次]、處理街友情形/關懷服務[人次]、處理街友情形/年節活動[人次]、處理街友情形/轉介福利服務[人次]、處理街友情形/轉介就業服務或職業訓練[人次]、處理街友情形/結合資源輔導租屋[人次]、處理街友情形/收容情形/合計[人次]、處理街友情形/收容情形/精神療養院[人次]、處理街友情形/收容情形/老人安養機構[人次]、處理街友情形/收容情形/老人養護機構[人次]、處理街友情形/收容情形/身心障礙福利機構[人次]、處理街友情形/收容情形/街友收容所[人次]、處理街友情形/收容情形/其他有關機關[人次]、處理街友情形/因故死亡[人次]、處理街友情形/其他[人次]、街友收容所現有人數[人],智慧通勤:0; 韌性防災:0; 永續環境:0; 食安健康:0; 勞動福祉:2; 文化共融:1
taipei,e2c0921a-85f6-4488-a3be-7364468c5f96,00003564,臺北市街友處理情形,勞動福祉,False,True,True,table,就業趨勢與社福資源分析,False,2,社福,公共資訊,網路服務,社會局,,社會局,每3月,CSV,中文,2020-12-29T00:00:00,/api/dataset/e2c0921a-85f6-4488-a3be-7364468c5f96/resource/742077b4-c338-4260-8949-e33d42b5dd29/download,每季提供臺北市街友處理情形資訊,年/季、受理報案或查報街友處理案數、街友人數/男、街友人數/女、查報未列冊街友人數、已列冊街友人數/街頭街友、已列冊街友人數/安置收容街友、處理街友情形總計、處理街友情形/關懷服務人次、處理街友情形/提供或轉介福利服務人次、處理街友情形/收容情形人次、處理街友情形/因故死亡,智慧通勤:0; 韌性防災:0; 永續環境:0; 食安健康:0; 勞動福祉:2; 文化共融:0
taipei,88e93699-7e06-4b10-a2c4-6746eb6d951e,00003270,臺北市補助原住民民俗文化及社會教育活動,勞動福祉,False,True,True,table,就業趨勢與社福資源分析,False,2,社福,公共資訊,原始資料,原民會,,原民會,每1年,CSV,中文,2022-03-11T00:00:00,/api/dataset/88e93699-7e06-4b10-a2c4-6746eb6d951e/resource/2bf1e03a-f41c-4591-a510-f6b336668323/download,臺北市各年度補助原住民民俗文化及社會教育活動件數及核准金額,年度、申請數量、核准數量、核准金額、單位名稱、統一編號,智慧通勤:0; 韌性防災:0; 永續環境:0; 食安健康:0; 勞動福祉:3; 文化共融:2
taipei,879c3928-394d-4a86-888f-967082fecd3c,00003664,臺北市補助辦理勞動教育課程概況,勞動福祉,False,True,True,table,就業趨勢與社福資源分析,False,2,勞動,求學及進修,原始資料,勞動局,,勞動局,每1年,CSV,中文,2022-01-25T00:00:00,/api/dataset/879c3928-394d-4a86-888f-967082fecd3c/resource/0576488f-aba2-4c5f-a5cc-84a8599528a5/download,藉由補助工會團體、人民團體等組織辦理勞動教育，以拓展本市勞工視野。,年度、補助對象、補助場次（數）、參與人數、補助金額,智慧通勤:0; 韌性防災:0; 永續環境:0; 食安健康:0; 勞動福祉:3; 文化共融:0
taipei,dc5564d0-dccc-451f-b5ae-3f372c2f9eaf,00003500,臺北市註銷領有身心障礙證明(手冊)者及死亡者年齡分析,勞動福祉,False,True,True,table,就業趨勢與社福資源分析,False,2,社福,公共資訊,網路服務,社會局,,社會局,不定期更新,CSV,中文,2020-12-28T00:00:00,/api/dataset/dc5564d0-dccc-451f-b5ae-3f372c2f9eaf/resource/afb1eba7-c9f6-4a6d-b7b1-2abbf970caa1/download,提供臺北市註銷領有身心障礙證明(手冊)者及死亡者年齡分析資訊,年/季、註銷身心障礙者總人數、因死亡註銷身心障礙者總人數、死亡者0歲至未滿3歲人數、死亡者3歲至未滿6歲人數、死亡者6歲至未滿12歲人數、死亡者12歲至未滿15歲人數、死亡者15歲至未滿18歲人數、死亡者18歲至未滿30歲人數、死亡者30歲至未滿45歲人數、死亡者45歲至未滿50歲人數、死亡者50歲至未滿60歲人數、死亡者60歲至未滿65歲人數、死亡者65歲以上人數,智慧通勤:0; 韌性防災:0; 永續環境:0; 食安健康:0; 勞動福祉:1; 文化共融:0
taipei,9d488ccb-4085-4dc1-9885-22ecbdd63287,00029654,臺北市調解債權債務案件調查表(109年至110年),勞動福祉,False,True,True,table,就業趨勢與社福資源分析,False,2,民政,公共資訊,原始資料,民政局,,民政局,不定期更新,CSV,中文,2022-08-23T00:00:00,/api/dataset/9d488ccb-4085-4dc1-9885-22ecbdd63287/resource/c832a835-e5c7-46c0-8e3f-6a7dec44d052/download,臺北市各區調解債權債務相關調查。,"區別、分類、年度、聲請件數量、成立件數量、不成立件數量、其他件數量
",智慧通勤:0; 韌性防災:0; 永續環境:0; 食安健康:0; 勞動福祉:2; 文化共融:0
taipei,221ac2ba-23bc-4da8-a059-1760f8b92fa6,00003599,臺北市財團法人社會福利慈善事業基金會基本資料與經費來源,勞動福祉,False,True,True,table,就業趨勢與社福資源分析,False,2,社福,公共資訊,網路服務,社會局,,社會局,不定期更新,CSV,中文,2020-12-30T00:00:00,/api/dataset/221ac2ba-23bc-4da8-a059-1760f8b92fa6/resource/e87eaba3-77fb-44e4-befe-5e3e61e62d4b/download,提供臺北市財團法人社會福利慈善事業基金會基本資料與經費來源,年度、董事會召開次數、基金會董事人數、基金會監事人數、基金會會務工作人員人數、基金財產總額、經費來源總計,智慧通勤:0; 韌性防災:0; 永續環境:0; 食安健康:0; 勞動福祉:3; 文化共融:0
taipei,e0ca56cb-ac66-465a-8687-d6d385a4e14b,00003513,臺北市財團法人社會福利慈善事業基金會經費運用情形,勞動福祉,False,True,True,table,就業趨勢與社福資源分析,False,2,社福,公共資訊,網路服務,社會局,,社會局,不定期更新,CSV,中文,2020-12-28T00:00:00,/api/dataset/e0ca56cb-ac66-465a-8687-d6d385a4e14b/resource/44688769-9f5e-4180-b364-832e9986908e/download,提供每年度臺北市財團法人社會福利慈善事業基金會經費運用情形,年度、總金額、社會福利支出總金額、兒童福利支出金額、少年福利支出金額、婦女福利支出、老人福利支出、身心障礙福利支出、急難救助支出、低收入補助支出、醫療補助支出、清寒獎助學金支出、志願服務支出、臨時捐助支出、災害救助支出、其他福利支出、社會公益活動、業務發展基金或準備金,智慧通勤:0; 韌性防災:1; 永續環境:0; 食安健康:1; 勞動福祉:5; 文化共融:1
taipei,31822a19-a584-45fd-8fd7-100c90d6920e,00003680,臺北市赴事業單位辦理勞動教育課程,勞動福祉,False,True,True,table,就業趨勢與社福資源分析,False,2,勞動,求學及進修,原始資料,勞動局,,勞動局,每1年,CSV,中文,2021-01-11T00:00:00,/api/dataset/31822a19-a584-45fd-8fd7-100c90d6920e/resource/0564f13a-870c-4bd9-ab4f-8a0dc554fb7a/download,臺北市赴事業單位辦理勞動教育課程補助統計。,年度、補助場次（數）、參與男性數、參與女性數、參與總人數,智慧通勤:0; 韌性防災:0; 永續環境:0; 食安健康:0; 勞動福祉:1; 文化共融:0
taipei,77e1f942-5caa-43f8-98b5-b12c3a273ff3,00003255,臺北市超額進用身障者獎勵金季報,勞動福祉,False,True,True,table,就業趨勢與社福資源分析,False,2,勞動,公共資訊,原始資料,勞動局,重建處,勞動局重建處,不定期更新,CSV,中文,2022-03-21T00:00:00,/api/dataset/77e1f942-5caa-43f8-98b5-b12c3a273ff3/resource/3f28243b-9ba5-4543-a327-f16eab9d52ba/download,當年度每季各單位獎勵金發放之統計資料,編號、補助對像、本機構補助金額、他機構補助金額、合計、本季撥款金額、截至本季累計撥款金額,智慧通勤:0; 韌性防災:0; 永續環境:0; 食安健康:0; 勞動福祉:1; 文化共融:0
taipei,4ea0cc26-72ff-4726-aff5-2a6555f11282,00002792,臺北市身心障礙人口數(102年以後),勞動福祉,False,True,True,table,就業趨勢與社福資源分析,False,2,統計,公共資訊,原始資料,主計處,,主計處,每1年,CSV,中文,2022-02-24T00:00:00,https://tsis.dbas.gov.taipei/statis/webMain.aspx?sys=220&ymf=10200&kind=21&type=0&funid=a05026602&cycle=4&outmode=12&compmode=0&outkind=3&deflst=2&nzo=1,臺北市身心障礙人口數(102年以後)時間數列統計資料,統計期、年齡別、性別、總計[人]、領有舊制證明人數/合計[人]、領有舊制證明人數/視覺障礙[人]、領有舊制證明人數/聽覺機能障礙[人]、領有舊制證明人數/平衡機能障礙[人]、領有舊制證明人數/聲音或言語機能障礙[人]、領有舊制證明人數/肢體障礙[人]、領有舊制證明人數/智能障礙[人]、領有舊制證明人數/重要器官失去功能[人]、領有舊制證明人數/顏面損傷[人]、領有舊制證明人數/植物人[人]、領有舊制證明人數/失智症者[人]、領有舊制證明人數/自閉症者[人]、領有舊制證明人數/慢性精神病患者[人]、領有舊制證明人數/多重障礙[人]、領有舊制證明人數/頑性[難治型]癲癇症[人]、領有舊制證明人數/因罕見疾病致身心功能障礙[人]、領有舊制證明人數/其他[人]、領有新制證明人數/合計[人]、領有新制證明人數/神經系統構造及精神心智功能[人]、領有新制證明人數/眼耳及相關構造與感官功能及疼痛[人]、領有新制證明人數/涉及聲音與語言構造及其功能[人]、領有新制證明人數/循環造血免疫與呼吸系統構造及其功能[人]、領有新制證明人數/消化新陳代謝與內分泌系統相關構造及其功能[人]、領有新制證明人數/泌尿與生殖系統相關構造及其功能[人]、領有新制證明人數/神經肌肉骨骼之移動相關構造及其功能[人]、領有新制證明人數/皮膚與相關構造及其功能[人]、領有新制證明人數/其他[人],智慧通勤:0; 韌性防災:0; 永續環境:0; 食安健康:0; 勞動福祉:1; 文化共融:0
taipei,4296d51a-4d6f-4638-9896-f0717513e797,00002791,臺北市身心障礙人口數(73年至101年),勞動福祉,False,True,True,table,就業趨勢與社福資源分析,False,2,統計,公共資訊,原始資料,主計處,,主計處,每1年,CSV,中文,2020-11-06T00:00:00,https://tsis.dbas.gov.taipei/statis/webMain.aspx?sys=220&ymf=7300&ymt=10100&kind=21&type=0&funid=a05026601&cycle=4&outmode=12&compmode=0&outkind=3&deflst=2&nzo=1,臺北市身心障礙人口數(73年至101年)時間數列統計資料,統計期、性別、總計[人]、視覺障礙[人]、聽覺機能障礙[人]、平衡機能障礙[人]、聲音或言語機能障礙[人]、肢體障礙[人]、智能障礙[人]、重要器官失去功能[人]、顏面損傷[人]、植物人[人]、失智症者[人]、自閉症者[人]、慢性精神病患者[人]、多重障礙[人]、頑性[難治型]癲癇症[人]、因罕見疾病致身心功能障礙[人]、其他[人],智慧通勤:0; 韌性防災:0; 永續環境:0; 食安健康:0; 勞動福祉:1; 文化共融:0
taipei,eeebd908-12be-420b-841e-8d45a1b0ce49,00029701,臺北市身心障礙學生教育補助人數,勞動福祉,False,True,True,table,就業趨勢與社福資源分析,False,2,統計,求學及進修,原始資料,主計處,,主計處,每1年,CSV,中文,2022-09-12T00:00:00,/api/dataset/eeebd908-12be-420b-841e-8d45a1b0ce49/resource/b0cbf7cd-c558-427b-a919-d1c4012eee37/download,"臺北市身心障礙學生教育補助人數時間數列統計資料
",統計期、身心障礙學生教育補助人數[人] /總計、身心障礙學生教育補助人數[人] /男、身心障礙學生教育補助人數[人] /女、身心障礙學生教育補助人數增減率[%] /總計、身心障礙學生教育補助人數增減率[%] /男、身心障礙學生教育補助人數增減率[%] /女,智慧通勤:0; 韌性防災:0; 永續環境:0; 食安健康:0; 勞動福祉:1; 文化共融:0
taipei,72621936-85b8-4760-bfd3-73f828e38bb0,00003557,臺北市身心障礙福利機構工作人員數,勞動福祉,False,True,True,table,就業趨勢與社福資源分析,False,2,社福,公共資訊,網路服務,社會局,,社會局,每1年,CSV,中文,2020-12-29T00:00:00,/api/dataset/72621936-85b8-4760-bfd3-73f828e38bb0/resource/27777feb-0254-4a8b-a620-526f200ed9a3/download,定期提供臺北市身心障礙福利機構工作人員數資訊,年/半年、核列人力總人數、核列人力/行政人員數、核列人力/社會工作人員數、核列人力/護理人員數、核列人力/教保員數、核列人力/訓練員數、核列人力/生活服務員數、核列人力/外籍看護工人數、核列人力/其他醫事人員數、核列人力/其他人員數、非屬核列人力/外籍看護工人數,智慧通勤:0; 韌性防災:0; 永續環境:0; 食安健康:0; 勞動福祉:3; 文化共融:0
taipei,80d7d511-14f1-40ec-855e-429af991a3d1,00003556,臺北市身心障礙福利機構服務使用者之年齡分配,勞動福祉,False,True,True,table,就業趨勢與社福資源分析,False,2,社福,公共資訊,網路服務,社會局,,社會局,不定期更新,CSV,中文,2020-12-29T00:00:00,/api/dataset/80d7d511-14f1-40ec-855e-429af991a3d1/resource/333fbce0-d430-49fc-882a-5dfb26649ff7/download,每季提供臺北市身心障礙福利機構服務使用者之年齡分配資訊,年/季、總人數、0歲至未滿3歲人數、3歲至未滿6歲人數、6歲至未滿12歲人數、12歲至未滿15歲人數、15歲至未滿18歲人數、18歲至未滿30歲人數、30歲至未滿45歲人數、45歲至未滿60歲人數、60歲至未滿65歲人數、65歲以上人數,智慧通勤:0; 韌性防災:0; 永續環境:0; 食安健康:0; 勞動福祉:2; 文化共融:0
taipei,65ac45ff-06e0-443a-a578-88e7db811d9c,00003590,臺北市身心障礙福利機構服務使用者人數,勞動福祉,False,True,True,table,就業趨勢與社福資源分析,False,2,社福,公共資訊,網路服務,社會局,,社會局,不定期更新,CSV,中文,2020-12-30T00:00:00,/api/dataset/65ac45ff-06e0-443a-a578-88e7db811d9c/resource/0c57983a-5dcd-425a-82bf-d553c2f86227/download,每季提供臺北市身心障礙福利機構服務使用者人數資訊,年/季、神經系統構造及精神心智功能人數、眼耳及相關構造與感官功能及疼痛、涉及聲音與言語構造及其功能、循環或造血或免疫與呼吸系統構造及其功能、消化新陳代謝與內分泌系統相關構造及其功能、泌尿與生殖系統相關構造及其功能、神經或肌肉或骨骼之移動相關構造及其功能、皮膚與相關構造及其功能、跨兩類別以上者人數、舊制轉換新制暫無法歸類者人數,智慧通勤:0; 韌性防災:0; 永續環境:0; 食安健康:0; 勞動福祉:2; 文化共融:0
taipei,0074deb4-b6fe-4821-b7ce-baca5ab9af8a,00003526,臺北市身心障礙者保護通報處遇結果按障礙類別及年齡別分,勞動福祉,False,True,True,table,就業趨勢與社福資源分析,False,2,社福,公共資訊,網路服務,社會局,,社會局,不定期更新,CSV,中文,2020-12-28T00:00:00,/api/dataset/0074deb4-b6fe-4821-b7ce-baca5ab9af8a/resource/0d7e7c9a-3b70-45a8-b196-1817a0ac8e69/download,提供臺北市身心障礙者保護通報處遇結果按障礙類別及年齡別分資訊,年/季、總人數、未滿18歲人數、18歲至未滿65歲人數、65歲以上人數、視覺障礙者、聽覺機能障礙者、平衡機能障礙者、聲音機能或語言機能障礙者、肢體障礙者、智能障礙者、重要器官失去功能者、顏面損傷者、植物人、失智症者、自閉症者、慢性精神病患者、多重障礙者、頑性難治症瘨癇症者、因罕見疾病而致身心功能障礙者、其他人數、新制類別無法對應舊制類別者,智慧通勤:0; 韌性防災:0; 永續環境:0; 食安健康:0; 勞動福祉:1; 文化共融:0
taipei,2fb1b59d-959c-4e84-b6c2-1e21313e82a4,00003511,臺北市身心障礙者保護通報處遇結果按障礙類別及等級別分,勞動福祉,False,True,True,table,就業趨勢與社福資源分析,False,2,社福,公共資訊,網路服務,社會局,,社會局,不定期更新,CSV,中文,2020-12-28T00:00:00,/api/dataset/2fb1b59d-959c-4e84-b6c2-1e21313e82a4/resource/7cc4209c-2ab8-42c2-8ea8-b78ae7aaab6a/download,提供臺北市身心障礙者保護通報處遇結果按障礙類別及等級別分資訊,年/季、通報類型、視覺障礙者人數、聽覺機能障礙者人數、平衡機能障礙者人數、聲音機能或語言機能障礙者人數、肢體障礙者、智能障礙者、重要器官失去功能者、顏面損傷者、植物人、失智症者、自閉症者、慢性精神病患者、多重障礙者、頑性難治症瘨癇症者、因罕見疾病而致身心功能障礙者、其他、新制類別無法對應舊制類別者,智慧通勤:0; 韌性防災:0; 永續環境:0; 食安健康:0; 勞動福祉:1; 文化共融:0
taipei,08348e49-f373-4817-b566-1d78e758d7d8,00003506,臺北市身心障礙者保護通報類型按障礙類別及等級別分,勞動福祉,False,True,True,table,就業趨勢與社福資源分析,False,2,社福,公共資訊,網路服務,社會局,,社會局,不定期更新,CSV,中文,2020-12-28T00:00:00,/api/dataset/08348e49-f373-4817-b566-1d78e758d7d8/resource/0fe5e835-21b5-4773-8bef-465369daac8b/download,提供臺北市身心障礙者保護通報類型按障礙類別及等級別分資訊,年/季、通報類型、視覺障礙者人數、聽覺機能障礙者人數、平衡機能障礙者人數、聲音機能或語言機能障礙者人數、肢體障礙者、智能障礙者、重要器官失去功能者、顏面損傷、植物人、失智症者、自閉症者、慢性精神病患者、多重障礙者、頑性難治症瘨癇症者、因罕見疾病而致身心功能障礙者、其他、新制類別無法對應舊制類別者,智慧通勤:0; 韌性防災:0; 永續環境:0; 食安健康:0; 勞動福祉:1; 文化共融:0
taipei,1296e695-36a2-47ff-a52c-6bc08042e7aa,00003494,臺北市身心障礙者同步聽打服務成果,勞動福祉,False,True,True,table,就業趨勢與社福資源分析,False,2,社福,公共資訊,網路服務,社會局,,社會局,每3月,CSV,中文,2020-12-28T00:00:00,/api/dataset/1296e695-36a2-47ff-a52c-6bc08042e7aa/resource/ad5ad62d-4234-41d2-bf28-f0b85227c847/download,提供臺北市身心障礙者同步聽打服務成果資訊,年/季、申請案件數、申請人數、出勤案件數、出勤人次、服務人次,智慧通勤:0; 韌性防災:0; 永續環境:0; 食安健康:0; 勞動福祉:1; 文化共融:0
taipei,45b47513-6004-4285-8cd8-7e528bb68c73,00003452,臺北市身心障礙者手語翻譯服務成果,勞動福祉,False,True,True,table,就業趨勢與社福資源分析,False,2,社福,公共資訊,網路服務,社會局,,社會局,每1年,CSV,中文,2020-12-24T00:00:00,/api/dataset/45b47513-6004-4285-8cd8-7e528bb68c73/resource/807cd23f-bfcf-451e-837b-90014f3aba0e/download,提供身心障礙者手語翻譯服務成果資訊,年/季、申請案件數、申請人數、出勤案件數、出勤人次、服務人次,智慧通勤:0; 韌性防災:0; 永續環境:0; 食安健康:0; 勞動福祉:1; 文化共融:0
taipei,96a18d86-458c-486b-a993-66ded925b699,00003525,臺北市身心障礙者支持服務成果,勞動福祉,False,True,True,table,就業趨勢與社福資源分析,False,2,社福,公共資訊,網路服務,社會局,,社會局,每3月,CSV,中文,2020-12-28T00:00:00,/api/dataset/96a18d86-458c-486b-a993-66ded925b699/resource/dc97a427-9d5b-4159-bee3-403bae2c4729/download,每季提供臺北市身心障礙者支持服務成果資訊,年/季、居家服務/到宅評估輔具訓練服務人數、居家服務/送餐到家人數、社區服務/日間照顧、社區服務/社區日間作業設施服務、社區服務/臨時及短期照顧、社區服務/生活重建、社區服務/社區居住服務、社區服務/自立生活支持服務、社區服務/家庭托顧,智慧通勤:0; 韌性防災:0; 永續環境:0; 食安健康:0; 勞動福祉:2; 文化共融:0
taipei,e4765b53-656f-4527-8170-1686902934fd,00003474,臺北市身心障礙者服務_家庭托顧服務費用,勞動福祉,False,True,True,table,就業趨勢與社福資源分析,False,2,社福,公共資訊,網路服務,社會局,,社會局,每1年,CSV,中文,2020-12-25T00:00:00,/api/dataset/e4765b53-656f-4527-8170-1686902934fd/resource/5fd4a9bd-ff0d-4cbf-b024-5eadc99a4c37/download,提供臺北市身心障礙者服務-家庭托顧服務費用,身分別、托顧類型、障礙類別、每月分攤費用金額、社會局補助金額、使用者自付金額,智慧通勤:0; 韌性防災:0; 永續環境:0; 食安健康:0; 勞動福祉:3; 文化共融:0
taipei,5692eb7f-e1e6-48ae-be1e-52b98c6a5461,00003555,臺北市身心障礙者生活輔具費用補助,勞動福祉,False,True,True,table,就業趨勢與社福資源分析,False,2,社福,公共資訊,網路服務,社會局,,社會局,每3月,CSV,中文,2020-12-29T00:00:00,/api/dataset/5692eb7f-e1e6-48ae-be1e-52b98c6a5461/resource/9878e665-b2d8-4cef-a310-a44b199f0d9a/download,提供臺北市身心障礙者生活輔具費用補助資訊,年/月、總人數、低收入戶人數、中低收入戶人數、非低收入戶及非中低收入戶人數、未滿18歲人數、18歲至未滿65歲人數、65歲以上人數,智慧通勤:0; 韌性防災:0; 永續環境:0; 食安健康:0; 勞動福祉:4; 文化共融:0
taipei,5e7f5ad6-b3b1-478e-9acd-7f8095dc4977,00003596,臺北市身心障礙者社區式服務專業人員數,勞動福祉,False,True,True,table,就業趨勢與社福資源分析,False,2,社福,求職及就業,網路服務,社會局,,社會局,每1年,CSV,中文,2020-12-30T00:00:00,/api/dataset/5e7f5ad6-b3b1-478e-9acd-7f8095dc4977/resource/33cec4b7-3ddb-4c0b-bb72-7f4e09b74b38/download,定期提供臺北市身心障礙者社區式服務專業人員數,年/半年、社區日間照顧服務/社會工作人員數、社區日間照顧服務/教保員數、社區日間照顧服務/生活服務員數、社區日間照顧服務/其他專業工作人員數、家庭托顧服務/家庭托顧服務員數、家庭托顧服務/社會工作人員數、自立生活支持服務/個人助理人數、自立生活支持服務/同儕支持員數、臨時及短期照顧服務員數、生活重建/訓練員數、生活重建/視覺功能障礙定向行動訓練員數、生活重建/視覺功能障礙生活技能訓練員數、生活重建/社會工作人員數、輔具服務/輔具評估人員數、輔具服務/輔具維修技術人員數、輔具服務/社會工作人員數、社區居住服務/社會工作人員數、社區居住服務/教保員數,智慧通勤:0; 韌性防災:0; 永續環境:0; 食安健康:0; 勞動福祉:4; 文化共融:0
taipei,6617796e-ee25-409b-a5d1-f4a63460e943,00002801,臺北市身心障礙者社區式服務專業人員數統計,勞動福祉,False,True,True,table,就業趨勢與社福資源分析,False,2,統計,公共資訊,原始資料,主計處,,主計處,每1年,CSV,中文,2020-11-06T00:00:00,https://tsis.dbas.gov.taipei/statis/webMain.aspx?sys=220&ymf=10500&kind=21&type=0&funid=a05041301&cycle=4&outmode=12&compmode=0&outkind=3&deflst=2&nzo=1,臺北市身心障礙者社區式服務專業人員數時間數列統計資料,統計期、性別、社區日間照顧服務/社會工作人員/總計、社區日間照顧服務/社會工作人員/專職、社區日間照顧服務/社會工作人員/兼職、社區日間照顧服務/教保員、社區日間照顧服務/生活服務員、社區日間照顧服務/其他專業工作人員、社區日間作業設施/社會工作人員、社區日間作業設施/教保員、家庭托顧服務/家庭托顧服務員、家庭托顧服務/社會工作人員、自立生活支持服務/個人助理、自立生活支持服務/同儕支持員、臨時及短期照顧/臨時及短期照顧服務員、生活重建/訓練員、生活重建/視覺功能障礙定向行動訓練員、生活重建/視覺功能障礙生活技能訓練員、生活重建/社會工作人員、輔具服務/輔具評估人員/總計、輔具服務/輔具評估人員/專職、輔具服務/輔具評估人員/兼職、輔具服務/輔具維修技術人員/總計、輔具服務/輔具維修技術人員/專職、輔具服務/輔具維修技術人員/兼職、輔具服務/社會工作人員/總計、輔具服務/社會工作人員/專職、輔具服務/社會工作人員/兼職、社區居住服務/社會工作人員/總計、社區居住服務/社會工作人員/專職、社區居住服務/社會工作人員/兼職、社區居住服務/教保員/總計、社區居住服務/教保員/專職、社區居住服務/教保員/兼職,智慧通勤:0; 韌性防災:0; 永續環境:0; 食安健康:0; 勞動福祉:2; 文化共融:0
taipei,6079d6e8-7657-4007-b1c2-429733dbd762,00002797,臺北市身心障礙者福利服務,勞動福祉,False,True,True,table,就業趨勢與社福資源分析,False,2,統計,公共資訊,原始資料,主計處,,主計處,每1年,CSV,中文,2022-03-16T00:00:00,https://tsis.dbas.gov.taipei/statis/webMain.aspx?sys=220&ymf=8400&kind=21&type=0&funid=a05026701&cycle=4&outmode=12&compmode=0&outkind=1&deflst=2&nzo=1,"臺北市身心障礙者福利服務時間數列統計資料
",統計期、住宿及照顧福利機構家數[家]、住宿及照顧福利機構核定服務人數[人]、住宿及照顧福利機構實際服務人數[人]、福利服務中心家數[家]、福利服務中心服務人次[人次]、日間及住宿式照顧補助人次[人次]、日間及住宿式照顧補助金額[元]、生活補助人次[人次]、生活補助金額[元]、輔具補助人次[人次]、輔具補助金額[元]、職業訓練結訓人數[人]、職業訓練男性結訓人數[人]、職業訓練女性結訓人數[人]、職業輔導評量服務人次[人次]、職業輔導評量男性人次[人次]、職業輔導評量女性人次[人次]、職場重建個案管理服務人數[人]、職場重建個案管理服務人數/男性[人]、職場重建個案管理服務人數/女性[人]、就業人數[人]、就業人數/男性[人]、就業人數/女性[人]、職場手語翻譯申請案件數[件]、職場手語翻譯時間[小時]、職場手語翻譯服務人次[人次]、職場手語翻譯服務男性人次[人次]、職場手語翻譯服務女性人次[人次]、職場聽打服務/申請案件數[件]、職場聽打服務時間[小時]、職場聽打服務人次[人次]、職場聽打男性服務人次[人次]、職場聽打女性服務人次[人次]、醫療及醫療輔具補助人次[人次]、醫療及醫療輔具補助金額[元],智慧通勤:0; 韌性防災:0; 永續環境:0; 食安健康:1; 勞動福祉:4; 文化共融:0
taipei,0883e60b-21ef-4bbd-b5c4-6070f14633dc,00003569,臺北市辦理老人保護概況,勞動福祉,False,True,True,table,就業趨勢與社福資源分析,False,2,社福,老年安養,網路服務,社會局,,社會局,不定期更新,CSV,中文,2020-12-29T00:00:00,/api/dataset/0883e60b-21ef-4bbd-b5c4-6070f14633dc/resource/3d5264c0-e2e1-42d1-a507-be1f174010ac/download,提供臺北市辦理老人保護概況資訊,年/季、老人保護類型總數量、老人保護類型/疏忽、老人保護類型/遺棄、老人保護類型/身心虐待、老人保護類型/財產侵占、老人保護類型/無人扶養、老人保護類型/其他、老人保護通報案件數,智慧通勤:0; 韌性防災:0; 永續環境:0; 食安健康:0; 勞動福祉:1; 文化共融:0
taipei,bd3c2ccf-93bb-42d7-aa6e-253247c687b3,00003271,臺北市辦理身心障礙者促進就業業務概況表,勞動福祉,False,True,True,table,就業趨勢與社福資源分析,False,2,勞動,求職及就業,原始資料,勞動局,重建處,勞動局重建處,不定期更新,CSV,中文,2021-09-08T00:00:00,/api/dataset/bd3c2ccf-93bb-42d7-aa6e-253247c687b3/resource/df4bc1c0-1af7-4bf5-b088-5353a47c9777/download,本市各項身心障礙者就業促進相關業務辦理情形統計資料,項次ID、項目別、總經費合計、公務預算、身心障礙者就業基金、勞動部就業安定基金、獎勵人數、獎勵家數、服務人數、委託單位數、專業人員人數、視障按摩師總人數、補助視障按摩據點家數,智慧通勤:0; 韌性防災:0; 永續環境:0; 食安健康:0; 勞動福祉:2; 文化共融:0
taipei,cb899663-b07f-49c3-8976-04f12e38978c,00002399,臺北市運動選手培育與競賽表現,勞動福祉,False,True,True,table,就業趨勢與社福資源分析,False,2,統計,公共資訊,原始資料,主計處,,主計處,每1年,CSV,中文,2020-10-16T00:00:00,https://tsis.dbas.gov.taipei/statis/webMain.aspx?sys=220&ymf=10400&kind=21&type=0&funid=a05040001&cycle=4&outmode=12&compmode=0&outkind=1&deflst=2&nzo=1,臺北市運動選手培育與競賽表現時間數列統計資料,統計期、基層運動選手訓練站數[站]、基層運動選手訓練補助選手人數/總計[人]、基層運動選手訓練補助選手人數/男性[人]、基層運動選手訓練補助選手人數/女性[人]、城市棒球隊參賽獲獎次數/總計[次]、城市棒球隊參賽獲獎次數/國際競賽[次]、城市棒球隊參賽獲獎次數/全國競賽[次],智慧通勤:0; 韌性防災:0; 永續環境:0; 食安健康:0; 勞動福祉:1; 文化共融:0
taipei,0a5ea752-2c43-4233-9064-b3dc2aad6ab2,00003518,臺北市違反兒童及少年福利與權益保障法執行概況,勞動福祉,False,True,True,table,就業趨勢與社福資源分析,False,2,社福,公共資訊,網路服務,社會局,,社會局,每1年,CSV,中文,2020-12-28T00:00:00,/api/dataset/0a5ea752-2c43-4233-9064-b3dc2aad6ab2/resource/04700296-d9e4-41db-b88e-1e7fb81a8098/download,每年提供臺北市違反兒童及少年福利與權益保障法執行概況資訊,年/半年、罰鍰件數/違反法令執行罰鍰者、罰鍰件數/不接受親職教育或教育時數不足者、親職教育件數、親職教育課程時數、公布姓名人數、公布名稱家數、沒入物品或限期移除或下架或其他處置件數、歇業家數、勒令停業家數、停辦家數、廢止許可家數、廢止登記人數,智慧通勤:0; 韌性防災:0; 永續環境:0; 食安健康:0; 勞動福祉:2; 文化共融:0
taipei,e8f2eb45-0479-4fc0-b58d-2171e5be4b20,00002483,臺北市違反社會秩序維護法案件,勞動福祉,False,True,True,table,就業趨勢與社福資源分析,False,2,統計,公共資訊,原始資料,主計處,,主計處,每1年,CSV,中文,2022-01-27T00:00:00,https://tsis.dbas.gov.taipei/statis/webMain.aspx?sys=220&ymf=5700&kind=21&type=0&funid=a05029101&cycle=4&outmode=12&compmode=0&outkind=3&deflst=2&nzo=1,臺北市違反社會秩序維護法案件時間數列統計資料,統計期、件數總計[件]、人數總計[人]、妨害安寧秩序件數[件]、妨害安寧秩序人數[人]、妨害善良風俗件數[件]、妨害善良風俗人數[人]、妨害他人身體財產件數[件]、妨害他人身體財產人數[人]、妨害公務件數[件]、妨害公務人數[人]、發生率[件/萬人],智慧通勤:0; 韌性防災:0; 永續環境:0; 食安健康:0; 勞動福祉:1; 文化共融:0
taipei,08ed553e-238b-420d-98a4-578a3ba1a93c,00000607,臺北市違反身心障礙者權益保障法第38條規定未足額進用名單,勞動福祉,False,True,True,table,就業趨勢與社福資源分析,False,2,勞動,求職及就業,原始資料,勞動局,重建處,勞動局重建處,每1年,CSV,中文,2022-03-21T00:00:00,/api/dataset/08ed553e-238b-420d-98a4-578a3ba1a93c/resource/f673fb96-d21e-4cd1-a4d0-48137d8e5c9e/download,依據身心障礙者權益保障法第103條規定：「各級政府勞工主管機關對於違反第38條第1項或第2項之規定者，得公告之。」,年度、月、投保單位名稱、身障總人數、法定人數、不足人數、不足進用之比率,智慧通勤:0; 韌性防災:0; 永續環境:0; 食安健康:0; 勞動福祉:2; 文化共融:0
taipei,1cc3361c-06a2-48fe-b74c-b8b3f9110bad,00002076,臺北市違序及經濟案件按月別,勞動福祉,False,True,True,table,就業趨勢與社福資源分析,False,2,統計,公共資訊,原始資料,主計處,,主計處,每1月,CSV,中文,2022-03-21T00:00:00,https://tsis.dbas.gov.taipei/statis/webMain.aspx?sys=220&ymf=8701&kind=21&type=0&funid=a04003401&cycle=1&outmode=12&compmode=0&outkind=1&deflst=2&nzo=1,臺北市違序及經濟案件按月別時間數列統計資料,統計期、兒童少年犯罪嫌疑犯[人]、兒童少年犯罪人口率[人/十萬人]、經濟案件發生件數[件]、經濟案件發生率[件/十萬人]、經濟案件估計金額[千元]、違反社會秩序維護法案件發生件數[件]、違反社會秩序維護法案件發生率[件/十萬人]、違反社會秩序維護法案件違序人數[人]、取締賭博性電玩件數[件]、違反毒品危害防制條例查獲數[件]、查獲妨害風化[俗]人數[人],智慧通勤:0; 韌性防災:0; 永續環境:0; 食安健康:0; 勞動福祉:2; 文化共融:0
taipei,56b8fc82-d1c1-4ac7-8dd9-90b179b941be,00003731,臺北市選舉(市議員),勞動福祉,False,True,True,table,就業趨勢與社福資源分析,False,2,統計,選舉及投票,原始資料,主計處,,主計處,每4年,CSV,中文,2022-01-21T00:00:00,https://tsis.dbas.gov.taipei/statis/webMain.aspx?sys=220&ymf=5800&kind=21&type=0&funid=a05037901&cycle=4&outmode=12&compmode=0&outkind=3&deflst=2&nzo=1,"臺北市選舉(市議員)時間數列統計資料
",統計期、選舉屆期別、選區別、人口數[人]、選舉人數[人]、投票日期/年、投票日期/月、投票日期/日、候選人數/總計[人]、候選人數/男[人]、候選人數/女[人]、當選人數/總計[人]、當選人數/男[人]、當選人數/女[人]、投票數/總計[票]、投票數/有效[票]、投票數/無效[票]、選舉人數對人口數百分比[%]、投票數對選舉人數百分比[%]、當選人對候選人百分比[%]、就職日期/年、就職日期/月、就職日期/日,智慧通勤:0; 韌性防災:0; 永續環境:0; 食安健康:0; 勞動福祉:1; 文化共融:0
taipei,348c9da4-a863-4840-8c08-a8a9b6d8be41,00003269,臺北市都市原住民家庭租屋補貼,勞動福祉,False,True,True,table,就業趨勢與社福資源分析,False,2,社福,購屋及遷徙,原始資料,原民會,,原民會,每1年,CSV,中文,2020-12-11T00:00:00,/api/dataset/348c9da4-a863-4840-8c08-a8a9b6d8be41/resource/ab8acce1-0314-4fdc-b930-c08d950fcb20/download,臺北市都市原住民家庭租屋補貼申請統計表,年度、申請數量、核定數量、補助額度、單位名稱、統一編號,智慧通勤:0; 韌性防災:0; 永續環境:0; 食安健康:0; 勞動福祉:2; 文化共融:0
taipei,7e45d6d0-a62f-4c74-861e-2d3a1a10eb3b,00003467,臺北市銀髮族服務家庭托顧服務人數,勞動福祉,False,True,True,table,就業趨勢與社福資源分析,False,2,社福,老年安養,網路服務,社會局,,社會局,每1年,CSV,中文,2020-12-25T00:00:00,/api/dataset/7e45d6d0-a62f-4c74-861e-2d3a1a10eb3b/resource/656ed6eb-8250-480e-b241-3343b64392e9/download,定期提供臺北市銀髮族服務-家庭托顧服務人數資訊,年度、長照低收入戶人數、長照中低收入戶人數、長照一般戶人數、65歲以上老人人數、65歲以上領有身心障礙證明者人數、64歲以下領有身心障礙證明者人數、55歲至64歲原住民人數、50歲以上失智症者人數,智慧通勤:0; 韌性防災:0; 永續環境:0; 食安健康:1; 勞動福祉:3; 文化共融:0
taipei,4bcabb5c-7b06-4059-a770-79e3a37c0446,00002047,臺北市長者福利服務成果按半年別,勞動福祉,False,True,True,table,就業趨勢與社福資源分析,False,2,統計,老年安養,原始資料,主計處,,主計處,每6月,CSV,中文,2022-02-17T00:00:00,https://tsis.dbas.gov.taipei/statis/webMain.aspx?sys=220&ymf=10006&kind=21&type=0&funid=a04004801&cycle=3&outmode=12&compmode=0&outkind=1&deflst=2&nzo=1,臺北市長者福利服務成果按半年別時間數列統計資料,統計期、老人居家服務人次[人次]、日間照顧服務人次[人次]、關懷服務人次[人次]、中低收入老人補助裝置假牙人數[人]、長青學苑參加人次[人次]、失能者營養餐飲服務人次[人次]、獨居老人安裝緊急救援裝置人數[人],智慧通勤:0; 韌性防災:2; 永續環境:0; 食安健康:0; 勞動福祉:5; 文化共融:0
taipei,cb423c17-88eb-4231-a725-f1b93247d1bf,00001341,臺北市陳情系統類別資料,勞動福祉,False,True,True,table,就業趨勢與社福資源分析,False,2,民政,公共資訊,原始資料,研考會,,研考會,每1月,"CSV,CSV,CSV,CSV,CSV,CSV,CSV,CSV,CSV,CSV,CSV,CSV,CSV,CSV,CSV,CSV,CSV,CSV,CSV,CSV,CSV,CSV,CSV,CSV,CSV,CSV,CSV,CSV,CSV,CSV,CSV,CSV,CSV,CSV,CSV,CSV,CSV,CSV,CSV,CSV,CSV,CSV,CSV,CSV,CSV,CSV,CSV,CSV,CSV,CSV,CSV,CSV,CSV,CSV,CSV,CSV,CSV,CSV,CSV,CSV,CSV,CSV,CSV,CSV,CSV,CSV,CSV,CSV,CSV,CSV,CSV,CSV,CSV,CSV,CSV,CSV,CSV,CSV,CSV,CSV,CSV,CSV,CSV,CSV,CSV,CSV,CSV,CSV,CSV,CSV,CSV,CSV,CSV,CSV,CSV,CSV,CSV,CSV,CSV,CSV,CSV,CSV,CSV,CSV,CSV,CSV,CSV,CSV,CSV,CSV,CSV,CSV,CSV",中文,2017-11-06T00:00:00,"/api/dataset/cb423c17-88eb-4231-a725-f1b93247d1bf/resource/1c289632-191f-4284-99e9-eca502c166aa/download,/api/dataset/cb423c17-88eb-4231-a725-f1b93247d1bf/resource/a6cf99cf-fe0a-4342-863c-7e1444b74dba/download,/api/dataset/cb423c17-88eb-4231-a725-f1b93247d1bf/resource/ef2f1f91-1f59-46e9-8318-59cf3cf92c32/download,/api/dataset/cb423c17-88eb-4231-a725-f1b93247d1bf/resource/22fdb0f5-ba3c-4b97-84a7-43e0badb4dd5/download,/api/dataset/cb423c17-88eb-4231-a725-f1b93247d1bf/resource/29058d32-de40-410d-acdf-37bfc4aade7a/download,/api/dataset/cb423c17-88eb-4231-a725-f1b93247d1bf/resource/779cece0-357d-465c-83f6-16bd41efdbd8/download,/api/dataset/cb423c17-88eb-4231-a725-f1b93247d1bf/resource/56f03685-24d1-4117-8746-676f1adedac7/download,/api/dataset/cb423c17-88eb-4231-a725-f1b93247d1bf/resource/2ac28c59-e5c9-451b-ab56-a98fc4a5a3b8/download,/api/dataset/cb423c17-88eb-4231-a725-f1b93247d1bf/resource/f9bcf188-3967-4f52-88a9-b8707316bbde/download,/api/dataset/cb423c17-88eb-4231-a725-f1b93247d1bf/resource/10cae29e-d76b-4b88-82d3-1ab91b82ead0/download,/api/dataset/cb423c17-88eb-4231-a725-f1b93247d1bf/resource/479c57f0-b785-45ec-b793-b4fbdda7dcc0/download,/api/dataset/cb423c17-88eb-4231-a725-f1b93247d1bf/resource/de70ebb8-37db-4d9c-9d81-7e1beb7bc29d/download,/api/dataset/cb423c17-88eb-4231-a725-f1b93247d1bf/resource/33f22853-5ff6-4116-89ce-aff3fd4439f9/download,/api/dataset/cb423c17-88eb-4231-a725-f1b93247d1bf/resource/448491da-2a25-4a8c-8a92-6b4629fcef01/download,/api/dataset/cb423c17-88eb-4231-a725-f1b93247d1bf/resource/13d4c4f5-1844-4b82-a8ff-4f1f191788be/download,/api/dataset/cb423c17-88eb-4231-a725-f1b93247d1bf/resource/dc3c3cc9-db66-49c3-8955-8196d5b00ffe/download,/api/dataset/cb423c17-88eb-4231-a725-f1b93247d1bf/resource/5eb17f07-60f9-47ca-92a8-1527431cc750/download,/api/dataset/cb423c17-88eb-4231-a725-f1b93247d1bf/resource/240590be-1d6d-428a-923d-382047026a9a/download,/api/dataset/cb423c17-88eb-4231-a725-f1b93247d1bf/resource/038bee24-96cc-41c5-9e0b-caafcf339b27/download,/api/dataset/cb423c17-88eb-4231-a725-f1b93247d1bf/resource/a6639586-57ea-423c-a9c2-36dfb343abfa/download,/api/dataset/cb423c17-88eb-4231-a725-f1b93247d1bf/resource/51bfa699-277a-46e4-96b6-d03be557b80f/download,/api/dataset/cb423c17-88eb-4231-a725-f1b93247d1bf/resource/4aeb7c86-fc56-4e56-90cb-3c6e06367eb7/download,/api/dataset/cb423c17-88eb-4231-a725-f1b93247d1bf/resource/39338a33-d878-400a-8fa2-9b8778c998ed/download,/api/dataset/cb423c17-88eb-4231-a725-f1b93247d1bf/resource/e7345766-0235-4ccf-81ff-26b98a5cf481/download,/api/dataset/cb423c17-88eb-4231-a725-f1b93247d1bf/resource/50298110-918b-4527-9b54-88d8a426bbf3/download,/api/dataset/cb423c17-88eb-4231-a725-f1b93247d1bf/resource/9fa360c4-091d-4a74-a675-aaf9c684e8e9/download,/api/dataset/cb423c17-88eb-4231-a725-f1b93247d1bf/resource/33092656-b8c5-44ab-ba03-7d170036ed55/download,/api/dataset/cb423c17-88eb-4231-a725-f1b93247d1bf/resource/ac14a196-74d1-4830-ad4a-eca569c2d3a4/download,/api/dataset/cb423c17-88eb-4231-a725-f1b93247d1bf/resource/f0d0e6dc-aefd-47af-8f0d-00bb42496afb/download,/api/dataset/cb423c17-88eb-4231-a725-f1b93247d1bf/resource/661f2d2e-d95f-4234-8566-4625a5494353/download,/api/dataset/cb423c17-88eb-4231-a725-f1b93247d1bf/resource/3cfc0b51-39cc-4901-8141-4aec2ebd0ce1/download,/api/dataset/cb423c17-88eb-4231-a725-f1b93247d1bf/resource/9333bad7-962e-4ff6-a68c-bbbb5db4ed3d/download,/api/dataset/cb423c17-88eb-4231-a725-f1b93247d1bf/resource/3a35adfa-5e62-4bcf-8aa7-d7572cf304bb/download,/api/dataset/cb423c17-88eb-4231-a725-f1b93247d1bf/resource/8a6cd95a-6b1f-460a-8b45-4d05973e0c8a/download,/api/dataset/cb423c17-88eb-4231-a725-f1b93247d1bf/resource/a6e24e4d-e050-4e91-865c-acd92faaa40c/download,/api/dataset/cb423c17-88eb-4231-a725-f1b93247d1bf/resource/3053d6e1-bc65-42c9-b5d5-645967acfade/download,/api/dataset/cb423c17-88eb-4231-a725-f1b93247d1bf/resource/77b92ab9-e4b3-4105-8cbd-80501b81c99d/download,/api/dataset/cb423c17-88eb-4231-a725-f1b93247d1bf/resource/4aa334ba-27b5-4013-85af-a89ee2b008a5/download,/api/dataset/cb423c17-88eb-4231-a725-f1b93247d1bf/resource/726b564f-82af-4857-8e52-a4a050f4d3fb/download,/api/dataset/cb423c17-88eb-4231-a725-f1b93247d1bf/resource/3de9da0e-79dd-40b2-8287-03405adbc4f3/download,/api/dataset/cb423c17-88eb-4231-a725-f1b93247d1bf/resource/8ee80c1f-5400-4f9b-b6b3-e3302ede6d16/download,/api/dataset/cb423c17-88eb-4231-a725-f1b93247d1bf/resource/d83bd2e5-4d4a-4891-bbf8-6685e8601640/download,/api/dataset/cb423c17-88eb-4231-a725-f1b93247d1bf/resource/4944a0fc-fdae-456f-b957-658747b58152/download,/api/dataset/cb423c17-88eb-4231-a725-f1b93247d1bf/resource/6dd2efb2-9857-485d-a627-b958033d7f4b/download,/api/dataset/cb423c17-88eb-4231-a725-f1b93247d1bf/resource/f79bbf79-116d-40f3-a7a9-c5aff99c0838/download,/api/dataset/cb423c17-88eb-4231-a725-f1b93247d1bf/resource/60557ae9-e277-4c7b-b4c1-becd4f13b933/download,/api/dataset/cb423c17-88eb-4231-a725-f1b93247d1bf/resource/5757de7f-96bd-40a5-bfc8-33d85a8a7dbe/download,/api/dataset/cb423c17-88eb-4231-a725-f1b93247d1bf/resource/014b720a-a84b-4deb-8802-3338fdf64937/download,/api/dataset/cb423c17-88eb-4231-a725-f1b93247d1bf/resource/26e455ff-84fc-498e-bd04-f65222adc5a1/download,/api/dataset/cb423c17-88eb-4231-a725-f1b93247d1bf/resource/3bb64221-9257-47ea-8c28-bbbe5049fdff/download,/api/dataset/cb423c17-88eb-4231-a725-f1b93247d1bf/resource/0f2d5658-d6e2-4215-9c3e-b03fb5b826b7/download,/api/dataset/cb423c17-88eb-4231-a725-f1b93247d1bf/resource/a6b0adb3-ba2f-42b8-a85e-d7979a0c7677/download,/api/dataset/cb423c17-88eb-4231-a725-f1b93247d1bf/resource/816f30d2-f43e-4dc7-9f9e-c8f218b2d77e/download,/api/dataset/cb423c17-88eb-4231-a725-f1b93247d1bf/resource/57edc4d1-4ac2-46e7-9a49-31fe4707ae38/download,/api/dataset/cb423c17-88eb-4231-a725-f1b93247d1bf/resource/1fa5ec82-d380-425d-b7a1-a3c3e0348aff/download,/api/dataset/cb423c17-88eb-4231-a725-f1b93247d1bf/resource/fe32bec8-ebdd-44e5-8478-a1857cfbfd50/download,/api/dataset/cb423c17-88eb-4231-a725-f1b93247d1bf/resource/8a7f3aeb-7623-4a86-869a-04623f7acf16/download,/api/dataset/cb423c17-88eb-4231-a725-f1b93247d1bf/resource/caecef00-b327-475b-a5d3-cbfbdfd06b19/download,/api/dataset/cb423c17-88eb-4231-a725-f1b93247d1bf/resource/77d10c7e-f5ee-4aec-b6ff-88aa69ffe0e8/download,/api/dataset/cb423c17-88eb-4231-a725-f1b93247d1bf/resource/8701e12d-7a1a-442a-9f42-688708d7cdfe/download,/api/dataset/cb423c17-88eb-4231-a725-f1b93247d1bf/resource/cf24ef0e-3e0e-490f-bda8-2b62446a81e7/download,/api/dataset/cb423c17-88eb-4231-a725-f1b93247d1bf/resource/fdc85c5c-a450-4e21-b09b-2935239b4c99/download,/api/dataset/cb423c17-88eb-4231-a725-f1b93247d1bf/resource/acf3761c-8070-41a2-9e0b-567994396195/download,/api/dataset/cb423c17-88eb-4231-a725-f1b93247d1bf/resource/ea2dc7e8-4999-4818-a405-277349250aa5/download,/api/dataset/cb423c17-88eb-4231-a725-f1b93247d1bf/resource/4f78ad83-ba00-41ff-b1fb-83f87932da87/download,/api/dataset/cb423c17-88eb-4231-a725-f1b93247d1bf/resource/18b0d80a-983e-4262-9eb2-876f65432bac/download,/api/dataset/cb423c17-88eb-4231-a725-f1b93247d1bf/resource/7281da5a-8059-416a-9a05-714b4c8515a8/download,/api/dataset/cb423c17-88eb-4231-a725-f1b93247d1bf/resource/afea85af-089e-4558-a84d-4580a0ca8bc4/download,/api/dataset/cb423c17-88eb-4231-a725-f1b93247d1bf/resource/ef8d33cc-d7cf-4bde-b077-032f899b253f/download,/api/dataset/cb423c17-88eb-4231-a725-f1b93247d1bf/resource/3c929207-f289-4aee-a861-1c1e27ac153c/download,/api/dataset/cb423c17-88eb-4231-a725-f1b93247d1bf/resource/567cad35-3870-4299-a0ad-a0f7cc2fd230/download,/api/dataset/cb423c17-88eb-4231-a725-f1b93247d1bf/resource/b9ec61a2-5b5d-4c8f-88a9-fc8f9d49db76/download,/api/dataset/cb423c17-88eb-4231-a725-f1b93247d1bf/resource/613d2543-2e94-4411-8403-8c6e882e4690/download,/api/dataset/cb423c17-88eb-4231-a725-f1b93247d1bf/resource/6a20446a-5dad-4a4a-87e7-ba9c2eaeeb86/download,/api/dataset/cb423c17-88eb-4231-a725-f1b93247d1bf/resource/c0b41622-5a3d-48dc-8ad2-904a9322f892/download,/api/dataset/cb423c17-88eb-4231-a725-f1b93247d1bf/resource/1790b145-e3f1-4711-b8c2-7cae1fa4bd00/download,/api/dataset/cb423c17-88eb-4231-a725-f1b93247d1bf/resource/bbbe5c58-c1c4-456c-9f59-ed9a6ca60633/download,/api/dataset/cb423c17-88eb-4231-a725-f1b93247d1bf/resource/6dd03741-a04b-4708-8025-86c1b152124e/download,/api/dataset/cb423c17-88eb-4231-a725-f1b93247d1bf/resource/c88a3393-1051-43e8-bb82-06990221f5e9/download,/api/dataset/cb423c17-88eb-4231-a725-f1b93247d1bf/resource/556435f9-7438-423d-a0a7-6cd779f94520/download,/api/dataset/cb423c17-88eb-4231-a725-f1b93247d1bf/resource/41a00936-9f15-4c38-a551-0d87e4833ddc/download,/api/dataset/cb423c17-88eb-4231-a725-f1b93247d1bf/resource/13bd508d-0350-4f11-a808-a33a18673959/download,/api/dataset/cb423c17-88eb-4231-a725-f1b93247d1bf/resource/6cb7da2e-b89f-472e-b4ec-93fa733644e8/download,/api/dataset/cb423c17-88eb-4231-a725-f1b93247d1bf/resource/168fbe85-92ce-448a-bc30-9ba3af2c65bc/download,/api/dataset/cb423c17-88eb-4231-a725-f1b93247d1bf/resource/2950d730-f453-4895-98b3-0ba19086a36a/download,/api/dataset/cb423c17-88eb-4231-a725-f1b93247d1bf/resource/487a0446-1ab9-4ae7-a1ed-c6f9c66a01e4/download,/api/dataset/cb423c17-88eb-4231-a725-f1b93247d1bf/resource/e1b2af34-a1d5-429d-a1a0-9d9657808786/download,/api/dataset/cb423c17-88eb-4231-a725-f1b93247d1bf/resource/d7a97c23-decc-43a2-8ebd-5649724ac267/download,/api/dataset/cb423c17-88eb-4231-a725-f1b93247d1bf/resource/8afa4869-6ff6-4b4a-927c-e8c7d2b7bf0d/download,/api/dataset/cb423c17-88eb-4231-a725-f1b93247d1bf/resource/83e1c344-9f99-45a0-9c5f-750be2d1ee75/download,/api/dataset/cb423c17-88eb-4231-a725-f1b93247d1bf/resource/f2156a62-4bda-4f7b-956b-4ef799c351cd/download,/api/dataset/cb423c17-88eb-4231-a725-f1b93247d1bf/resource/019f159b-b50b-439d-aa48-73087b4e4198/download,/api/dataset/cb423c17-88eb-4231-a725-f1b93247d1bf/resource/04169bd7-1d61-4de6-b344-f528444dc341/download,/api/dataset/cb423c17-88eb-4231-a725-f1b93247d1bf/resource/26a59530-b0ce-4667-99a9-e7bc1ab0e800/download,/api/dataset/cb423c17-88eb-4231-a725-f1b93247d1bf/resource/64c1c07e-21b9-47e0-a254-adec291a9dab/download,/api/dataset/cb423c17-88eb-4231-a725-f1b93247d1bf/resource/836a90b6-64bc-45b3-8918-f06ce8062001/download,/api/dataset/cb423c17-88eb-4231-a725-f1b93247d1bf/resource/179d24b6-8892-4bf8-851e-eb159b00b78a/download,/api/dataset/cb423c17-88eb-4231-a725-f1b93247d1bf/resource/fa72e156-5654-48f1-9648-34c9fe358f2c/download,/api/dataset/cb423c17-88eb-4231-a725-f1b93247d1bf/resource/d167b03b-ec28-4222-938a-8bfcdf7a3c02/download,/api/dataset/cb423c17-88eb-4231-a725-f1b93247d1bf/resource/f86e588b-8b90-43e5-bd03-4d96cbed5f6d/download,/api/dataset/cb423c17-88eb-4231-a725-f1b93247d1bf/resource/c5d3b849-a7ce-4a63-abc4-b4b6a0bfbff9/download,/api/dataset/cb423c17-88eb-4231-a725-f1b93247d1bf/resource/62dadb15-3d04-4cfb-814c-44f4877a1fac/download,/api/dataset/cb423c17-88eb-4231-a725-f1b93247d1bf/resource/63b36449-8dd2-4604-9c99-93add25a0683/download,/api/dataset/cb423c17-88eb-4231-a725-f1b93247d1bf/resource/10f59581-601f-4d27-b8c9-8caddee11ffc/download,/api/dataset/cb423c17-88eb-4231-a725-f1b93247d1bf/resource/7aa47778-38a5-41ce-9aa6-82dee146bf2b/download,/api/dataset/cb423c17-88eb-4231-a725-f1b93247d1bf/resource/48435751-fe53-465d-a437-bdd6eecd219c/download,/api/dataset/cb423c17-88eb-4231-a725-f1b93247d1bf/resource/3699f879-d297-4767-beba-0453b8e18417/download,/api/dataset/cb423c17-88eb-4231-a725-f1b93247d1bf/resource/614e88a6-f9a5-4d9b-907f-585fe0c70e45/download,/api/dataset/cb423c17-88eb-4231-a725-f1b93247d1bf/resource/9bb8a874-c022-43df-a662-79f0482e421c/download,/api/dataset/cb423c17-88eb-4231-a725-f1b93247d1bf/resource/c3c63665-7d75-44cb-b277-9aa569c5b25a/download,/api/dataset/cb423c17-88eb-4231-a725-f1b93247d1bf/resource/708b37d3-2b1e-41b0-a69d-223163c6e054/download,/api/dataset/cb423c17-88eb-4231-a725-f1b93247d1bf/resource/f003e365-a2b9-481f-bb32-a055afca2ad0/download,/api/dataset/cb423c17-88eb-4231-a725-f1b93247d1bf/resource/26439f47-dcbf-490d-b88f-2062146f996b/download",臺北市陳情系統各月份類別資料,案件編號、案件主類別、案件次類別、受理機關、受理科室、受理日期、送達日期、結案日期,智慧通勤:0; 韌性防災:0; 永續環境:0; 食安健康:0; 勞動福祉:2; 文化共融:0
taipei,12d9cdc7-89c1-4b61-b2fd-49519dae775d,00003533,臺北市電力開發協助金運用情形,勞動福祉,False,True,True,table,就業趨勢與社福資源分析,False,2,民政,公共資訊,原始資料,民政局,,民政局,不定期更新,"CSV,CSV,CSV,CSV,CSV,CSV,CSV,CSV,CSV,CSV,CSV,CSV,CSV,CSV,CSV,CSV,CSV,CSV,CSV,CSV,CSV,CSV,CSV,CSV,CSV,CSV,CSV,CSV,CSV,CSV,CSV,CSV,CSV,CSV,CSV,CSV",中文,2020-12-29T00:00:00,"/api/dataset/12d9cdc7-89c1-4b61-b2fd-49519dae775d/resource/dc8053ce-5b3e-42af-8b38-1cee46b0026c/download,/api/dataset/12d9cdc7-89c1-4b61-b2fd-49519dae775d/resource/34a01482-07bf-48af-86dc-99e52b0565a7/download,/api/dataset/12d9cdc7-89c1-4b61-b2fd-49519dae775d/resource/94578e12-aa69-425b-96cf-5b2d40fef144/download,/api/dataset/12d9cdc7-89c1-4b61-b2fd-49519dae775d/resource/350e4e62-b3bf-4ba4-b566-76f78a02df29/download,/api/dataset/12d9cdc7-89c1-4b61-b2fd-49519dae775d/resource/45a385ba-eae3-4dba-89c7-b254a0212b2b/download,/api/dataset/12d9cdc7-89c1-4b61-b2fd-49519dae775d/resource/d61de88c-9fb1-4a14-8fe2-67a238b808fd/download,/api/dataset/12d9cdc7-89c1-4b61-b2fd-49519dae775d/resource/79320f71-4fa4-4fb1-92f0-f330c7b89bf1/download,/api/dataset/12d9cdc7-89c1-4b61-b2fd-49519dae775d/resource/f2669eac-5c79-4938-96f6-6536b40ca692/download,/api/dataset/12d9cdc7-89c1-4b61-b2fd-49519dae775d/resource/8eef6a38-3ee8-4b83-a4cc-8f34f9235076/download,/api/dataset/12d9cdc7-89c1-4b61-b2fd-49519dae775d/resource/d0ddeb28-855a-47a1-995e-b0ea2f97c97f/download,/api/dataset/12d9cdc7-89c1-4b61-b2fd-49519dae775d/resource/fa7ded9e-3fc1-47ee-a011-e2d0549acd4e/download,/api/dataset/12d9cdc7-89c1-4b61-b2fd-49519dae775d/resource/eec76456-a2cc-4f3e-b128-f13279b841b3/download,/api/dataset/12d9cdc7-89c1-4b61-b2fd-49519dae775d/resource/e89b1cd3-ba76-491a-a2fc-2c70cd11736d/download,/api/dataset/12d9cdc7-89c1-4b61-b2fd-49519dae775d/resource/4dfbd7b3-e803-458d-8130-8d654fcf35aa/download,/api/dataset/12d9cdc7-89c1-4b61-b2fd-49519dae775d/resource/b4bf6c0d-1a6d-4aac-9b5f-9511014200d0/download,/api/dataset/12d9cdc7-89c1-4b61-b2fd-49519dae775d/resource/fa1ef081-f923-4071-8fb5-5fc7e51445cb/download,/api/dataset/12d9cdc7-89c1-4b61-b2fd-49519dae775d/resource/a13f4c07-1c50-4ddd-bf16-440e320a4fd3/download,/api/dataset/12d9cdc7-89c1-4b61-b2fd-49519dae775d/resource/4b22d634-771e-4061-b012-5a586651255b/download,/api/dataset/12d9cdc7-89c1-4b61-b2fd-49519dae775d/resource/7f197f64-9e6a-42c7-b93b-0f564639088b/download,/api/dataset/12d9cdc7-89c1-4b61-b2fd-49519dae775d/resource/d929531a-8336-4c40-8a31-ae19c1d56d68/download,/api/dataset/12d9cdc7-89c1-4b61-b2fd-49519dae775d/resource/a99a45f9-8f73-4c36-8a9e-ba16528a52fd/download,/api/dataset/12d9cdc7-89c1-4b61-b2fd-49519dae775d/resource/f885d9f4-9e99-499e-abcb-2eef87761c1a/download,/api/dataset/12d9cdc7-89c1-4b61-b2fd-49519dae775d/resource/94202948-7e63-48a2-a29a-0d9e373aac85/download,/api/dataset/12d9cdc7-89c1-4b61-b2fd-49519dae775d/resource/c0f90cc1-4c93-4458-bf11-9a4fffb3127d/download,/api/dataset/12d9cdc7-89c1-4b61-b2fd-49519dae775d/resource/d41217eb-afe8-487a-b994-da48c61e3a13/download,/api/dataset/12d9cdc7-89c1-4b61-b2fd-49519dae775d/resource/954342b1-4426-4d47-ae95-80c8ee736758/download,/api/dataset/12d9cdc7-89c1-4b61-b2fd-49519dae775d/resource/cc79eac3-fb81-471f-9d3f-9340b33c1ea3/download,/api/dataset/12d9cdc7-89c1-4b61-b2fd-49519dae775d/resource/03c52811-22f2-425d-b881-c47d5394daff/download,/api/dataset/12d9cdc7-89c1-4b61-b2fd-49519dae775d/resource/d5b2101d-1359-4110-9fee-73531efae206/download,/api/dataset/12d9cdc7-89c1-4b61-b2fd-49519dae775d/resource/ac1e8d01-8bb4-429f-96ad-ba10a0cc9668/download,/api/dataset/12d9cdc7-89c1-4b61-b2fd-49519dae775d/resource/4342e96d-e27b-4720-9dc3-081d234c6d5b/download,/api/dataset/12d9cdc7-89c1-4b61-b2fd-49519dae775d/resource/20fbbdb4-eece-4540-8da2-be96dff69eb8/download,/api/dataset/12d9cdc7-89c1-4b61-b2fd-49519dae775d/resource/6759eb6d-d908-4317-9e7e-8f2ea1ed619e/download,/api/dataset/12d9cdc7-89c1-4b61-b2fd-49519dae775d/resource/eb581db6-ceb5-4c59-83dd-0ef303c00353/download,/api/dataset/12d9cdc7-89c1-4b61-b2fd-49519dae775d/resource/58f297c1-535b-45a0-b3ad-0a7bb2c3406e/download,/api/dataset/12d9cdc7-89c1-4b61-b2fd-49519dae775d/resource/5fc22ee6-602d-4503-88e8-a968049810c7/download",協助臺北市區公所輸變電促協金辦理情形以及協辦臺北市政府輸變電促協金辦理情形,受撥單位、促協金類型、用途摘要說明、使用金額、完成日期、撥付理由、備註（撥付日期）,智慧通勤:0; 韌性防災:0; 永續環境:0; 食安健康:0; 勞動福祉:2; 文化共融:0
taipei,39ccb296-c1e1-492d-8e42-50f4b2a0dca3,00003563,臺北市領有社會工作師執照人數,勞動福祉,False,True,True,table,就業趨勢與社福資源分析,False,2,社福,公共資訊,網路服務,社會局,,社會局,每1年,CSV,中文,2020-12-29T00:00:00,/api/dataset/39ccb296-c1e1-492d-8e42-50f4b2a0dca3/resource/58c4f304-283c-471f-bb05-a34c41121cc4/download,定期提供臺北市領有社會工作師執照人數資訊,機關名稱、機關代碼、民國年、統計區間、領有社工師執照人數,智慧通勤:0; 韌性防災:0; 永續環境:0; 食安健康:0; 勞動福祉:2; 文化共融:0
taipei,343a4738-c4ea-4db7-9120-344d847d73f2,00003541,臺北市骨灰(骸)存放設施概況,勞動福祉,False,True,True,table,就業趨勢與社福資源分析,False,2,民政,生命禮儀,原始資料,民政局,殯葬處,民政局殯葬處,每1年,CSV,中文,2020-12-29T00:00:00,/api/dataset/343a4738-c4ea-4db7-9120-344d847d73f2/resource/9a4fff36-5583-4176-a880-2a88ae9c9604/download,凡本市範圍內，依法設置及管理之公私立骨灰(骸)存放設施，均為統計對象。,序號、年度、類型、年底處數/合計、年底處數/開放中、年底處數/已停用、年底最大容量/合計、年底最大容量/骨骸、年底最大容量/骨灰、年底己使用量（含本年納入數量）/合計、年底己使用量（含本年納入數量）/骨骸、年底己使用量（含本年納入數量）/骨灰、年底尚未使用量/合計、年底尚未使用量/骨骸、年底尚未使用量/骨灰、本年納入數量/合計、本年納入數量/骨骸、本年納入數量/骨灰、本年遷出數量/合計、本年遷出數量/骨骸、本年遷出數量/骨灰,智慧通勤:0; 韌性防災:0; 永續環境:0; 食安健康:0; 勞動福祉:2; 文化共融:0
taipei,36ff8ce6-7698-455f-a07a-981c18490eb2,00003726,農林漁牧業普查臺北市概況(59年至74年漁),勞動福祉,False,True,True,table,就業趨勢與社福資源分析,False,2,統計,公共資訊,原始資料,主計處,,主計處,每5年,CSV,中文,2021-01-26T00:00:00,https://tsis.dbas.gov.taipei/statis/webMain.aspx?sys=220&ymf=5900&ymt=7400&kind=21&type=0&funid=a05015002&cycle=4&outmode=12&compmode=0&outkind=1&deflst=2&nzo=1,農林漁牧業普查臺北市概況(59年至74年漁)時間數列統計資料,統計期、漁業經營單位數[家]、漁業作業人員數[人]、漁產量/一般漁獲量[公噸]、漁產量/魚苗[千尾]、漁產價值[千元]、漁戶戶數/總計[戶]、漁戶戶數/專業[戶]、漁戶戶數/兼業[戶]、漁戶人口數[人]、漁業從業人口/總計[人]、漁業從業人口/專業[人]、漁業從業人口/兼業[人],智慧通勤:0; 韌性防災:0; 永續環境:0; 食安健康:0; 勞動福祉:1; 文化共融:0
taipei,d14a1a8e-acd3-4d4b-99b2-e9e7be62bea9,00003725,農林漁牧業普查臺北市概況(59年至74年農林牧),勞動福祉,False,True,True,table,就業趨勢與社福資源分析,False,2,統計,公共資訊,原始資料,主計處,,主計處,每5年,CSV,中文,2021-01-26T00:00:00,https://tsis.dbas.gov.taipei/statis/webMain.aspx?sys=220&ymf=5900&ymt=7400&kind=21&type=0&funid=a05015001&cycle=4&outmode=12&compmode=0&outkind=3&deflst=2&nzo=1,農林漁牧業普查臺北市概況(59年至74年農林牧)時間數列統計資料,統計期、農場別、農戶農場數/總計[戶；場]、農戶農場數/耕種農[戶；場]、農戶農場數/非耕種農[戶；場]、農戶場人口[人]、農場面積/總計[公頃]、農場面積/耕地[公頃]、農場面積/非耕地[公頃]、耕地面積/總計[公頃]、耕地面積/水田/合計[公頃]、耕地面積/水田/兩期作田[公頃]、耕地面積/水田/單期作田[公頃]、耕地面積/水田/輪作田[公頃]、耕地面積/旱田/合計[公頃]、耕地面積/旱田/平地旱田[公頃]、耕地面積/旱田/山坡地旱田[公頃]、非耕地面積[公頃]、耕地灌溉面積/總計[公頃]、耕地灌溉面積/水田[公頃]、耕地灌溉面積/旱田[公頃]、使用人工工數[人日]、使用牛工工數[牛日]、使用機耕時數[小時]、家畜家禽現有頭數/牛[頭]、家畜家禽現有頭數/豬[頭]、家畜家禽現有頭數/羊[頭]、家畜家禽現有頭數/雞[頭]、家畜家禽現有頭數/鴨[頭]、家畜家禽現有頭數/火雞[頭]、家畜家禽現有頭數/鵝[頭],智慧通勤:0; 韌性防災:0; 永續環境:0; 食安健康:0; 勞動福祉:1; 文化共融:0
taipei,cb0fce6d-9e83-4bf0-b191-c98ba949d93c,00003727,農林漁牧業普查臺北市概況(79年至109年農林漁牧),勞動福祉,False,True,True,table,就業趨勢與社福資源分析,False,2,統計,公共資訊,原始資料,主計處,,主計處,每5年,CSV,中文,2021-01-26T00:00:00,https://tsis.dbas.gov.taipei/statis/webMain.aspx?sys=220&ymf=7900&ymt=10900&kind=21&type=0&funid=a05015003&cycle=4&outmode=12&compmode=0&outkind=1&deflst=2&nzo=1,農林漁牧業普查臺北市概況(79年至109年農林漁牧)時間數列統計資料,統計期、農牧戶數/總計[家]、農牧戶數/有可耕作地[家]、農牧戶數/未滿0.3公頃[家]、農牧戶數/0.3~未滿1[家]、農牧戶數/1公頃以上[家]、農牧戶數/無可耕作地[家]、農牧戶數/專業[家]、農牧戶數/兼業[家]、農牧戶數/農耕業/合計[家]、農牧戶數/農耕業/稻作[家]、農牧戶數/農耕業/雜糧[家]、農牧戶數/農耕業/蔬菜[家]、農牧戶數/農耕業/水果[家]、農牧戶數/農耕業/花卉[家]、農牧戶數/農耕業/其他[家]、農牧戶數/畜牧業/合計[家]、農牧戶數/畜牧業/家畜[家]、農牧戶數/畜牧業/家禽[家]、農牧戶數/畜牧業/其他[家]、農牧戶數/觀光休閒[家]、農牧戶數/未經營[家]、農牧戶人口[人]、農牧戶持有主要農業機械數/總計[臺]、農牧戶持有主要農業機械數/曳引機[臺]、農牧戶持有主要農業機械數/耕耘機[臺]、農牧戶持有主要農業機械數/動力插秧機[臺]、農牧戶持有主要農業機械數/水稻聯合收穫機[臺]、農牧戶持有主要農業機械數/乾燥機[臺]、農牧戶持有主要農業機械數/農業搬運車[臺]、農牧場數/總計[家]、農牧場數/公營[家]、農牧場數/民營[家]、農牧場數/農耕[家]、農牧場數/畜牧[家]、農牧場數/觀光[家]、農牧場數/未經營[家]、農牧場從業員工/總計[人]、農牧場從業員工/常雇[人]、農牧場從業員工/臨時[人]、農牧場從業員工/不支固定薪資[人]、林業/總計[家]、林業/未滿0.5公頃[家]、林業/0.5~未滿1[家]、林業/1~未滿2[家]、林業/2~未滿3[家]、林業/3~未滿5[家]、林業/5~未滿10[家]、林業/10~未滿15[家]、林業/15~未滿20[家]、林業/20~未滿50[家]、林業/50~未滿100[家]、林業/100~未滿500[家]、林業/500公頃以上[家]、林業/一般林木經營[家]、林業/特殊林木經營[家]、林業/經營森林遊樂[家]、林地面積/總計[公頃]、林地面積/自有[公頃]、林地面積/租借國公有[公頃]、林地面積/租借私有[公頃]、林地面積/接受委託經營、林地面積/針葉林、林地面積/闊葉林、林地面積/混淆林、林地面積/竹林、林地面積/未立木地、林地面積/國保土安、林地面積/自然保護、林地面積/森林遊樂、林地面積/生產林木、林地面積/代跡地新開墾地、林地面積/其他、漁業/總計[家]、漁業/漁撈、漁業/水產養殖、漁業/觀光休閒、漁業/未經營、漁業僱用員工/總計[人]、漁業僱用員工/常僱[人]、漁業僱用員工/臨時[人]、漁業僱用員工/不支固定薪資[人]、獨資漁戶人口/總計[人]、獨資漁戶人口/男[人]、獨資漁戶人口/女[人],智慧通勤:0; 韌性防災:0; 永續環境:0; 食安健康:0; 勞動福祉:2; 文化共融:1
newtaipei,387F4683-A92E-4884-A548-268D2F77D31E,,人口年齡分配,勞動福祉,False,True,False,table,就業趨勢與社福資源分析,False,1,統計,公共資訊,,,,新北市政府主計處/公務統計科,每年,JSON、CSV、XML,中文,,https://data.ntpc.gov.tw/datasets/387f4683-a92e-4884-a548-268d2f77d31e,"1.新北市人口年齡分配(含性別)
2.單位：%；歲
3.各項欄位說明詳參新北市性別圖像電子檔(網址：http://www.bas.ntpc.gov.tw/home.jsp?id=MTI5)或電洽主計處查詢。",,智慧通勤:0; 韌性防災:0; 永續環境:0; 食安健康:0; 勞動福祉:1; 文化共融:0
newtaipei,11EFC14A-C635-40F6-B000-04E49FEC8AB9,,人口概況,勞動福祉,False,True,False,table,就業趨勢與社福資源分析,False,1,統計,公共資訊,,,,新北市政府主計處/公務統計科,每年,JSON、CSV、XML,中文,,https://data.ntpc.gov.tw/datasets/11efc14a-c635-40f6-b000-04e49fec8ab9,"1.新北市人口概況(含性別)
2.單位：千人；男/百女
3.各項欄位說明詳參新北市性別圖像電子檔(網址：http://www.bas.ntpc.gov.tw/home.jsp?id=MTI5)或電洽主計處查詢。",,智慧通勤:0; 韌性防災:0; 永續環境:0; 食安健康:0; 勞動福祉:1; 文化共融:0
newtaipei,6D0C109B-BDA4-4CCF-9699-1A231A86CB20,,人口消長,勞動福祉,False,True,False,table,就業趨勢與社福資源分析,False,1,統計,公共資訊,,,,新北市政府主計處/公務統計科,每年,JSON、CSV、XML,中文,,https://data.ntpc.gov.tw/datasets/6d0c109b-bda4-4ccf-9699-1a231a86cb20,"1.新北市人口消長(含性別)
2.單位：千分率；人；男/百女
3.各項欄位說明詳參新北市性別圖像電子檔(網址：http://www.bas.ntpc.gov.tw/home.jsp?id=MTI5)或電洽主計處查詢。",,智慧通勤:0; 韌性防災:0; 永續環境:0; 食安健康:0; 勞動福祉:1; 文化共融:0
newtaipei,439A1031-C605-4354-875A-4E7E53C42ADB,,勞動基準法與勞工退休準備金常見問答集,勞動福祉,False,True,False,table,就業趨勢與社福資源分析,False,1,勞動,求職及就業,,,,新北市政府勞工局/秘書室,不更新,JSON、CSV、XML,中文,,https://data.ntpc.gov.tw/datasets/439a1031-c605-4354-875a-4e7e53c42adb,新北勞動雲公開之勞動基準法與勞工退休準備金相關問答彙整,,智慧通勤:0; 韌性防災:0; 永續環境:0; 食安健康:0; 勞動福祉:2; 文化共融:0
newtaipei,A8542567-894F-4674-88FE-C794918CF3A0,,勞工(農民)保險及勞資爭議,勞動福祉,False,True,False,table,就業趨勢與社福資源分析,False,1,統計,公共資訊,,,,新北市政府主計處/公務統計科,每年,JSON、CSV、XML,中文,,https://data.ntpc.gov.tw/datasets/a8542567-894f-4674-88fe-c794918cf3a0,"1.新北市勞工(農民)保險及勞資爭議(含性別)
2.單位：人
3.各項欄位說明詳參新北市性別圖像電子檔(網址：http://www.bas.ntpc.gov.tw/home.jsp?id=MTI5)或電洽主計處查詢。",,智慧通勤:0; 韌性防災:0; 永續環境:0; 食安健康:0; 勞動福祉:1; 文化共融:0
newtaipei,C1079436-54F0-41FE-9FDA-8ACCEF7CA58F,,原住民族福利,勞動福祉,False,True,False,table,就業趨勢與社福資源分析,False,1,統計,公共資訊,,,,新北市政府主計處/公務統計科,每年,JSON、CSV、XML,中文,,https://data.ntpc.gov.tw/datasets/c1079436-54f0-41fe-9fda-8accef7ca58f,"1.新北市原住民族福利(含性別)
2.單位：人
3.各項欄位說明詳參新北市性別圖像電子檔(網址：http://www.bas.ntpc.gov.tw/home.jsp?id=MTI5)或電洽主計處查詢。",,智慧通勤:0; 韌性防災:0; 永續環境:0; 食安健康:0; 勞動福祉:1; 文化共融:0
newtaipei,CE692AC2-16E1-4024-912E-7D63874F599C,,吸菸人口,勞動福祉,False,True,False,table,就業趨勢與社福資源分析,False,1,統計,公共資訊,,,,新北市政府主計處/公務統計科,每年,JSON、CSV、XML,中文,,https://data.ntpc.gov.tw/datasets/ce692ac2-16e1-4024-912e-7d63874f599c,"1.新北市吸菸人口(含性別)
2.單位：%
3.各項欄位說明詳參新北市性別圖像電子檔(網址：http://www.bas.ntpc.gov.tw/home.jsp?id=MTI5)或電洽主計處查詢。",,智慧通勤:0; 韌性防災:0; 永續環境:0; 食安健康:0; 勞動福祉:1; 文化共融:0
newtaipei,53838BEB-A21C-4173-9848-106CADD6D3B5,,失業率—教育程度別,勞動福祉,False,True,False,table,就業趨勢與社福資源分析,False,1,統計,公共資訊,,,,新北市政府主計處/公務統計科,每年,JSON、CSV、XML,中文,,https://data.ntpc.gov.tw/datasets/53838beb-a21c-4173-9848-106cadd6d3b5,"1.新北市失業率—教育程度別(含性別)
2.單位：%
3.各項欄位說明詳參新北市性別圖像電子檔(網址：http://www.bas.ntpc.gov.tw/home.jsp?id=MTI5)或電洽主計處查詢。",,智慧通勤:0; 韌性防災:0; 永續環境:0; 食安健康:0; 勞動福祉:1; 文化共融:0
newtaipei,20EB76DD-D307-44E9-9B24-C8903ED67A27,,失業率－婚姻狀況別,勞動福祉,False,True,False,table,就業趨勢與社福資源分析,False,1,統計,公共資訊,,,,新北市政府主計處/公務統計科,每年,JSON、CSV、XML,中文,,https://data.ntpc.gov.tw/datasets/20eb76dd-d307-44e9-9b24-c8903ed67a27,"1.新北市失業率－婚姻狀況別(含性別)
2.單位：%
3.各項欄位說明詳參新北市性別圖像電子檔(網址：http://www.bas.ntpc.gov.tw/home.jsp?id=MTI5)或電洽主計處查詢。
",,智慧通勤:0; 韌性防災:0; 永續環境:0; 食安健康:0; 勞動福祉:1; 文化共融:0
newtaipei,C29C80D4-BEF1-452C-8D9A-659E72F07831,,失業率－年齡別,勞動福祉,False,True,False,table,就業趨勢與社福資源分析,False,1,統計,公共資訊,,,,新北市政府主計處/公務統計科,每年,JSON、CSV、XML,中文,,https://data.ntpc.gov.tw/datasets/c29c80d4-bef1-452c-8d9a-659e72f07831,"1.新北市失業率－年齡別(含性別)
2.單位：%
3.各項欄位說明詳參新北市性別圖像電子檔(網址：http://www.bas.ntpc.gov.tw/home.jsp?id=MTI5)或電洽主計處查詢。",,智慧通勤:0; 韌性防災:0; 永續環境:0; 食安健康:0; 勞動福祉:1; 文化共融:0
newtaipei,DE7C31A8-72A6-4085-A6FC-5C399FF102EC,,對民間團體補(捐)助經費表_v2,勞動福祉,False,True,False,table,就業趨勢與社福資源分析,False,1,統計,公共資訊,,,,新北市政府經濟發展局/會計室,每季,JSON、CSV、XML、KML,中文,,https://data.ntpc.gov.tw/datasets/de7c31a8-72a6-4085-a6fc-5c399ff102ec,本局對民間團體之補助明細,,智慧通勤:0; 韌性防災:0; 永續環境:0; 食安健康:0; 勞動福祉:1; 文化共融:0
newtaipei,C285509A-7FB2-434F-8542-0B4986C337A8,,就業者年齡結構,勞動福祉,False,True,False,table,就業趨勢與社福資源分析,False,1,統計,公共資訊,,,,新北市政府主計處/公務統計科,每年,JSON、CSV、XML,中文,,https://data.ntpc.gov.tw/datasets/c285509a-7fb2-434f-8542-0b4986c337a8,"1.新北市就業者年齡結構(含性別)
2.單位：%
3.各項欄位說明詳參新北市性別圖像電子檔(網址：http://www.bas.ntpc.gov.tw/home.jsp?id=MTI5)或電洽主計處查詢。",,智慧通勤:0; 韌性防災:0; 永續環境:0; 食安健康:0; 勞動福祉:1; 文化共融:0
newtaipei,B923C343-FA50-4510-8B63-6ABF5ED44521,,就業者從業身分結構,勞動福祉,False,True,False,table,就業趨勢與社福資源分析,False,1,統計,公共資訊,,,,新北市政府主計處/公務統計科,每年,JSON、CSV、XML,中文,,https://data.ntpc.gov.tw/datasets/b923c343-fa50-4510-8b63-6abf5ed44521,"1.新北市就業者從業身分結構(含性別)
2.單位：%
3.各項欄位說明詳參新北市性別圖像電子檔(網址：http://www.bas.ntpc.gov.tw/home.jsp?id=MTI5)或電洽主計處查詢。",,智慧通勤:0; 韌性防災:0; 永續環境:0; 食安健康:0; 勞動福祉:1; 文化共融:0
newtaipei,B77BEB94-131A-4C54-A02D-CEE19A09F7F2,,就業者教育程度結構,勞動福祉,False,True,False,table,就業趨勢與社福資源分析,False,1,統計,公共資訊,,,,新北市政府主計處/公務統計科,每年,JSON、CSV、XML,中文,,https://data.ntpc.gov.tw/datasets/b77beb94-131a-4c54-a02d-cee19a09f7f2,"1.新北市就業者教育程度結構(含性別)
2.單位：%
3.各項欄位說明詳參新北市性別圖像電子檔(網址：http://www.bas.ntpc.gov.tw/home.jsp?id=MTI5)或電洽主計處查詢。",,智慧通勤:0; 韌性防災:0; 永續環境:0; 食安健康:0; 勞動福祉:1; 文化共融:0
newtaipei,957D9A08-5580-459E-A4D7-82DCD5075DC1,,就業者職業結構,勞動福祉,False,True,False,table,就業趨勢與社福資源分析,False,1,統計,公共資訊,,,,新北市政府主計處/公務統計科,每年,JSON、CSV、XML,中文,,https://data.ntpc.gov.tw/datasets/957d9a08-5580-459e-a4d7-82dcd5075dc1,"1.新北市就業者職業結構(含性別)
2.單位：%；小時
3.各項欄位說明詳參新北市性別圖像電子檔(網址：http://www.bas.ntpc.gov.tw/home.jsp?id=MTI5)或電洽主計處查詢。
",,智慧通勤:0; 韌性防災:0; 永續環境:0; 食安健康:0; 勞動福祉:1; 文化共融:0
newtaipei,C839A9A7-3A90-48A5-8A55-467399E1FB11,,就業者行業結構－服務業,勞動福祉,False,True,False,table,就業趨勢與社福資源分析,False,1,統計,公共資訊,,,,新北市政府主計處/公務統計科,每年,JSON、CSV、XML,中文,,https://data.ntpc.gov.tw/datasets/c839a9a7-3a90-48a5-8a55-467399e1fb11,"1.新北市就業者行業結構－服務業(含性別)
2.單位：%
3.各項欄位說明詳參新北市性別圖像電子檔(網址：http://www.bas.ntpc.gov.tw/home.jsp?id=MTI5)或電洽主計處查詢。",,智慧通勤:0; 韌性防災:0; 永續環境:0; 食安健康:0; 勞動福祉:1; 文化共融:0
newtaipei,115A9981-0F3A-4B5B-AFFC-35019D833309,,就業者行業結構－農業及工業,勞動福祉,False,True,False,table,就業趨勢與社福資源分析,False,1,統計,公共資訊,,,,新北市政府主計處/公務統計科,每年,JSON、CSV、XML,中文,,https://data.ntpc.gov.tw/datasets/115a9981-0f3a-4b5b-affc-35019d833309,"1.新北市就業者行業結構－農業及工業(含性別)
2.單位：%
3.各項欄位說明詳參新北市性別圖像電子檔(網址：http://www.bas.ntpc.gov.tw/home.jsp?id=MTI5)或電洽主計處查詢。",,智慧通勤:0; 韌性防災:0; 永續環境:0; 食安健康:0; 勞動福祉:1; 文化共融:0
newtaipei,C4831DC1-FA82-480D-B9D0-DCF2DA2532DF,,就業輔導,勞動福祉,False,True,False,table,就業趨勢與社福資源分析,False,1,統計,公共資訊,,,,新北市政府主計處/公務統計科,每年,JSON、CSV、XML,中文,,https://data.ntpc.gov.tw/datasets/c4831dc1-fa82-480d-b9d0-dcf2da2532df,"1.新北市就業輔導(含性別)
2.單位：人
3.各項欄位說明詳參新北市性別圖像電子檔(網址：http://www.bas.ntpc.gov.tw/home.jsp?id=MTI5)或電洽主計處查詢。",,智慧通勤:0; 韌性防災:0; 永續環境:0; 食安健康:0; 勞動福祉:1; 文化共融:0
newtaipei,3E2DF108-74A3-4A1C-9B52-2F232D1822A9,,市府員工請假情形—家庭照顧假,勞動福祉,False,True,False,table,就業趨勢與社福資源分析,False,1,統計,公共資訊,,,,新北市政府主計處/公務統計科,每年,JSON、CSV、XML,中文,,https://data.ntpc.gov.tw/datasets/3e2df108-74a3-4a1c-9b52-2f232d1822a9,"1.新北市市府員工請假情形—家庭照顧假(含性別)
2.單位：人次
3.各項欄位說明詳參新北市性別圖像電子檔(網址：http://www.bas.ntpc.gov.tw/home.jsp?id=MTI5)或電洽主計處查詢。",,智慧通勤:0; 韌性防災:0; 永續環境:0; 食安健康:0; 勞動福祉:1; 文化共融:0
newtaipei,B4D3C3C6-53D8-4E4F-8AE5-6235628E38A6,,新北市低收入戶老人機構安置補助暨老人保護安置合約機構名冊,勞動福祉,False,True,False,table,就業趨勢與社福資源分析,False,1,社福,老年安養,,,,新北市政府社會局/老人福利科,每年,JSON、CSV、XML、KML,中文,,https://data.ntpc.gov.tw/datasets/b4d3c3c6-53d8-4e4f-8ae5-6235628e38a6,新北市政府社會局提供的新北市低收入戶老人機構安置補助暨老人保護安置合約機構名冊,,智慧通勤:0; 韌性防災:0; 永續環境:0; 食安健康:0; 勞動福祉:4; 文化共融:0
newtaipei,4182946C-9F01-4676-9992-D40047B232CF,,新北市公共親子中心,勞動福祉,False,True,False,table,就業趨勢與社福資源分析,False,1,社福,出生及收養,,,,新北市政府社會局/兒童托育科,每年,JSON、CSV、XML、KML,中文,,https://data.ntpc.gov.tw/datasets/4182946c-9f01-4676-9992-d40047b232cf,新北市政府社會局提供的新北市公共親子中心相關資訊。,,智慧通勤:0; 韌性防災:0; 永續環境:0; 食安健康:0; 勞動福祉:2; 文化共融:0
newtaipei,1D228EAB-23D4-41A6-BD33-F4014DD44660,,新北市公立公墓納骨塔查詢,勞動福祉,False,True,False,table,就業趨勢與社福資源分析,False,1,民政,生命禮儀,,,,新北市政府民政局/新北市立殯葬處/秘書室,每年,JSON、CSV、XML,中文,,https://data.ntpc.gov.tw/datasets/1d228eab-23d4-41a6-bd33-f4014dd44660,新北市公立公墓、納骨塔清冊,,智慧通勤:0; 韌性防災:0; 永續環境:0; 食安健康:0; 勞動福祉:2; 文化共融:0
newtaipei,FBF63B03-A922-4E9D-A47D-C1FE6D879669,,新北市單親家庭關懷諮詢服務站名冊,勞動福祉,False,True,False,table,就業趨勢與社福資源分析,False,1,社福,公共資訊,,,,新北市政府社會局/社區發展及婦女福利科,每年,JSON、CSV、XML、KML,中文,,https://data.ntpc.gov.tw/datasets/fbf63b03-a922-4e9d-a47d-c1fe6d879669,新北市政府社會局提供新北市單親家庭關懷諮詢服務站名冊,,智慧通勤:0; 韌性防災:0; 永續環境:0; 食安健康:0; 勞動福祉:2; 文化共融:0
newtaipei,D1BDDE62-58CF-4179-A797-CBD806482003,,新北市地方特色地圖,勞動福祉,False,True,False,point,就業趨勢與社福資源分析,False,1,民政,公共資訊,,,,新北市政府民政局/地方行政科,不更新,JSON、CSV、XML,中文,,https://data.ntpc.gov.tw/datasets/d1bdde62-58cf-4179-a797-cbd806482003,「新北市地方特色地圖」用航海古地圖為背景，以卡通手法設計，並結合電影、時事等熱門話題，介紹29區特色，包括傳統活動、名產、建築、景點等，是經網路票選48萬票所產生，都是新北市高人氣的地方特色。,,智慧通勤:0; 韌性防災:0; 永續環境:0; 食安健康:0; 勞動福祉:2; 文化共融:2
newtaipei,F80DCAA7-C7DC-45CD-91AC-E54113E3C74F,,新北市失智症相關資源轉介窗口,勞動福祉,False,True,False,table,就業趨勢與社福資源分析,False,1,社福,就醫,,,,新北市政府衛生局/衛生企劃科/綜合規劃股,不更新,JSON、CSV、XML,中文,,https://data.ntpc.gov.tw/datasets/f80dcaa7-c7dc-45cd-91ac-e54113e3c74f,失智症資源介紹,,智慧通勤:0; 韌性防災:0; 永續環境:0; 食安健康:0; 勞動福祉:1; 文化共融:0
newtaipei,1C1D0066-A4E7-4753-B8BC-D7728D5F3E04,,新北市實物銀行分行及領用站一覽表,勞動福祉,False,True,False,table,就業趨勢與社福資源分析,False,1,社福,生活安全及品質,,,,新北市政府社會局/社會工作科,每年,JSON、CSV、XML,中文,,https://data.ntpc.gov.tw/datasets/1c1d0066-a4e7-4753-b8bc-d7728d5f3e04,新北市實物銀行分行及領用站一覽表_1140606版,,智慧通勤:0; 韌性防災:0; 永續環境:0; 食安健康:0; 勞動福祉:1; 文化共融:0
newtaipei,F0E1879F-3C5B-429F-A12B-9540ACAC26E8,,新北市寺廟資料,勞動福祉,False,True,False,table,就業趨勢與社福資源分析,False,1,民政,公共資訊,,,,新北市政府民政局/宗教禮俗科,每月,JSON、CSV、XML、KML,中文,,https://data.ntpc.gov.tw/datasets/f0e1879f-3c5b-429f-a12b-9540acac26e8,"新北市登記設立寺廟基本資料
(各宮廟有多個節慶活動而有多筆資料呈現)",,智慧通勤:0; 韌性防災:0; 永續環境:0; 食安健康:0; 勞動福祉:2; 文化共融:2
newtaipei,99AD6ABA-DC13-47A1-A084-FE773EC5F15F,,新北市少年福利服務中心名冊,勞動福祉,False,True,False,table,就業趨勢與社福資源分析,False,1,社福,出生及收養,,,,新北市政府社會局/兒童少年福利科,每年,JSON、CSV、XML、KML,中文,,https://data.ntpc.gov.tw/datasets/99ad6aba-dc13-47a1-a084-fe773ec5f15f,新北市政府社會局提供的新北市少年福利服務中心名冊,,智慧通勤:0; 韌性防災:0; 永續環境:0; 食安健康:0; 勞動福祉:3; 文化共融:0
newtaipei,4C9CC06E-D84F-4252-8A3E-08E81850AF25,,新北市弱勢家庭兒童及少年社區照顧服務名冊,勞動福祉,False,True,False,table,就業趨勢與社福資源分析,False,1,社福,出生及收養,,,,新北市政府社會局/兒童少年福利科,每年,JSON、CSV、XML、KML,中文,,https://data.ntpc.gov.tw/datasets/4c9cc06e-d84f-4252-8a3e-08e81850af25,新北市政府社會局提供的新北市弱勢家庭兒童及少年社區照顧服務名冊。,,智慧通勤:0; 韌性防災:0; 永續環境:0; 食安健康:0; 勞動福祉:4; 文化共融:0
newtaipei,7B71F65C-24AD-43FC-8D2A-B7A558178B76,,新北市托育人員專業訓練課程(自費班),勞動福祉,False,True,False,table,就業趨勢與社福資源分析,False,1,社福,求學及進修,,,,新北市政府社會局/兒童托育科,每年,JSON、CSV、XML、KML,中文,,https://data.ntpc.gov.tw/datasets/7b71f65c-24ad-43fc-8d2a-b7a558178b76,為有效解決新北市父母托育困擾並維持托育品質，結合民間機構團體及學校單位辦理托育人員專業訓練課程，增益托育人員專業知能並協助取得托育人員技術士證，俾利提供優質、普及之托育服務。,,智慧通勤:0; 韌性防災:0; 永續環境:0; 食安健康:0; 勞動福祉:1; 文化共融:0
newtaipei,4427DB9F-2EB0-4646-A291-E6031D564C4F,,新北市政府所屬就業服務據點,勞動福祉,False,True,False,table,就業趨勢與社福資源分析,False,1,勞動,公共資訊,,,,新北市政府勞工局/秘書室,不更新,JSON、CSV、XML,中文,,https://data.ntpc.gov.tw/datasets/4427db9f-2eb0-4646-a291-e6031d564c4f,新北市政府所屬就業服務據點列表,,智慧通勤:0; 韌性防災:0; 永續環境:0; 食安健康:0; 勞動福祉:1; 文化共融:0
newtaipei,CFC42867-F272-46D2-9FDE-C10EE5FEB2C3,,新北市政府社會局委託辦理居家托育服務中心名冊,勞動福祉,False,True,False,table,就業趨勢與社福資源分析,False,1,社福,出生及收養,,,,新北市政府社會局/兒童托育科,每年,JSON、CSV、XML、KML,中文,,https://data.ntpc.gov.tw/datasets/cfc42867-f272-46d2-9fde-c10ee5feb2c3,新北市政府社會局委託辦理居家托育服務中心名冊。,,智慧通勤:0; 韌性防災:0; 永續環境:0; 食安健康:0; 勞動福祉:2; 文化共融:0
newtaipei,73C24D1C-E1F0-44CE-8A31-CF835EF37E74,,新北市政府福利補助資訊,勞動福祉,False,True,False,table,就業趨勢與社福資源分析,False,1,資訊,公共資訊,,,,新北市政府研究發展考核委員會/新北市政府資訊中心/網際服務科,每日,JSON、CSV、XML,中文,,https://data.ntpc.gov.tw/datasets/73c24d1c-e1f0-44ce-8a31-cf835ef37e74,新北市福利補助資訊，提供各種補助資訊，包括補助說明及申請方式。,,智慧通勤:0; 韌性防災:0; 永續環境:0; 食安健康:0; 勞動福祉:2; 文化共融:0
newtaipei,8F29E30A-02B4-460B-B2E1-C1814163BBDE,,新北市教會資料,勞動福祉,False,True,False,table,就業趨勢與社福資源分析,False,1,民政,公共資訊,,,,新北市政府民政局/宗教禮俗科,每月,JSON、CSV、XML、KML,中文,,https://data.ntpc.gov.tw/datasets/8f29e30a-02b4-460b-b2e1-c1814163bbde,新北市設立登記教會基本資料,,智慧通勤:0; 韌性防災:0; 永續環境:0; 食安健康:0; 勞動福祉:2; 文化共融:0
newtaipei,0EA6776A-E2C1-472A-B5AC-A35970AE819D,,新北市民間志願服務運用單位已備案名冊,勞動福祉,False,True,False,table,就業趨勢與社福資源分析,False,1,社福,公共資訊,,,,新北市政府社會局/社區發展及婦女福利科,每年,JSON、CSV、XML、KML,中文,,https://data.ntpc.gov.tw/datasets/0ea6776a-e2c1-472a-b5ac-a35970ae819d,新北市政府社會局提供的新北市民間志願服務運用單位已備案名冊。,,智慧通勤:0; 韌性防災:0; 永續環境:0; 食安健康:0; 勞動福祉:2; 文化共融:0
newtaipei,B9926585-FE02-4BD9-8887-A8BF0B686185,,新北市社區安寧服務單位,勞動福祉,False,True,False,table,就業趨勢與社福資源分析,False,1,社福,老年安養,,,,新北市政府衛生局/衛生企劃科/綜合規劃股,不更新,JSON、CSV、XML,中文,,https://data.ntpc.gov.tw/datasets/b9926585-fe02-4bd9-8887-a8bf0b686185,新北市社區安寧相關服務單位,,智慧通勤:0; 韌性防災:0; 永續環境:0; 食安健康:0; 勞動福祉:1; 文化共融:0
newtaipei,ABFDE51A-E8C1-4B2B-BD8F-EEB548A793B7,,新北市社區照顧關懷據點名冊,勞動福祉,False,True,False,table,就業趨勢與社福資源分析,False,1,社福,老年安養,,,,新北市政府社會局/老人福利科,每季,JSON、CSV、XML,中文,,https://data.ntpc.gov.tw/datasets/abfde51a-e8c1-4b2b-bd8f-eeb548a793b7,新北市政府社會局提供的新北市社區照顧關懷據點名冊。,,智慧通勤:0; 韌性防災:0; 永續環境:0; 食安健康:0; 勞動福祉:3; 文化共融:0
newtaipei,D424AE39-EDEA-4AA6-92C3-E8E69938704D,,新北市社區發展協會,勞動福祉,False,True,False,table,就業趨勢與社福資源分析,False,1,社福,公共資訊,,,,新北市政府社會局/社區發展及婦女福利科,每年,JSON、CSV、XML、KML,中文,,https://data.ntpc.gov.tw/datasets/d424ae39-edea-4aa6-92c3-e8e69938704d,新北市政府社會局提供的新北市社區發展協會名冊，主要欄位包含區別、名稱、理事長、性別、電話、傳真電話、會址,,智慧通勤:0; 韌性防災:0; 永續環境:0; 食安健康:0; 勞動福祉:2; 文化共融:0
newtaipei,A3B33006-44E2-4A88-959E-AF24E7346D2D,,新北市社會福利服務中心名冊,勞動福祉,False,True,False,table,就業趨勢與社福資源分析,False,1,社福,公共資訊,,,,新北市政府社會局/社會工作科,每年,JSON、CSV、XML、KML,中文,,https://data.ntpc.gov.tw/datasets/a3b33006-44e2-4a88-959e-af24e7346d2d,新北市社會福利服務中心名冊_1140602版,,智慧通勤:0; 韌性防災:0; 永續環境:0; 食安健康:0; 勞動福祉:3; 文化共融:0
newtaipei,3A9B8D18-EF68-4593-A85B-C7835014AC21,,新北市私立社會福利慈善事業基金會名冊,勞動福祉,False,True,False,table,就業趨勢與社福資源分析,False,1,社福,公共資訊,,,,新北市政府社會局/社會救助科,不更新,JSON、CSV、XML、KML,中文,,https://data.ntpc.gov.tw/datasets/3a9b8d18-ef68-4593-a85b-c7835014ac21,新北市政府社會局提供的新北市私立社會福利慈善事業基金會名冊。,,智慧通勤:0; 韌性防災:0; 永續環境:0; 食安健康:0; 勞動福祉:3; 文化共融:0
newtaipei,08073AD6-AB64-4ED6-A771-E29E724D5D55,,新北市績優社區發展協會名冊,勞動福祉,False,True,False,table,就業趨勢與社福資源分析,False,1,社福,公共資訊,,,,新北市政府社會局/社區發展及婦女福利科,每年,JSON、CSV、XML,中文,,https://data.ntpc.gov.tw/datasets/08073ad6-ab64-4ed6-a771-e29e724d5d55,新北市政府社會局提供的新北市績優社區發展協會名冊。,,智慧通勤:0; 韌性防災:0; 永續環境:0; 食安健康:0; 勞動福祉:2; 文化共融:0
newtaipei,2BAF03E8-5E5B-456D-9E01-732B89F1BEDD,,新北市老人文康活動中心名冊,勞動福祉,False,True,False,table,就業趨勢與社福資源分析,False,1,社福,老年安養,,,,新北市政府社會局/老人福利科,每年,JSON、CSV、XML、KML,中文,,https://data.ntpc.gov.tw/datasets/2baf03e8-5e5b-456d-9e01-732b89f1bedd,新北市政府社會局提供的人文康活動中心名冊。,,智慧通勤:0; 韌性防災:0; 永續環境:0; 食安健康:0; 勞動福祉:2; 文化共融:1
newtaipei,8F6EF217-935A-44AA-BDA2-4E127420F025,,新北市老人福利機構,勞動福祉,False,True,False,table,就業趨勢與社福資源分析,False,1,社福,老年安養,,,,新北市政府社會局/老人福利科,每年,JSON、CSV、XML,中文,,https://data.ntpc.gov.tw/datasets/8f6ef217-935a-44aa-bda2-4e127420f025,新北市政府社會局提供的新北市老人福利機構名冊。,,智慧通勤:0; 韌性防災:0; 永續環境:0; 食安健康:0; 勞動福祉:3; 文化共融:0
newtaipei,C427602D-B032-4800-B6DB-674D2F6972BD,,新北市街友中途之家名冊,勞動福祉,False,True,False,table,就業趨勢與社福資源分析,False,1,社福,出生及收養,,,,新北市政府社會局/社會救助科,每年,JSON、CSV、XML、KML,中文,,https://data.ntpc.gov.tw/datasets/c427602d-b032-4800-b6db-674d2f6972bd,街友服務,,智慧通勤:0; 韌性防災:0; 永續環境:0; 食安健康:0; 勞動福祉:1; 文化共融:0
newtaipei,A47B083F-7E87-4B14-88DF-71B8042F4959,,新北市街友外展服務中心,勞動福祉,False,True,False,table,就業趨勢與社福資源分析,False,1,社福,公共資訊,,,,新北市政府社會局/社會救助科,每年,JSON、CSV、XML、KML,中文,,https://data.ntpc.gov.tw/datasets/a47b083f-7e87-4b14-88df-71b8042f4959,新北市街友服務,,智慧通勤:0; 韌性防災:0; 永續環境:0; 食安健康:0; 勞動福祉:1; 文化共融:0
newtaipei,193B12D8-9DCF-41E9-A93A-AD6266154A9C,,新北市身心障礙福利機構,勞動福祉,False,True,False,table,就業趨勢與社福資源分析,False,1,社福,公共資訊,,,,新北市政府社會局/身心障礙福利科,不更新,JSON、CSV、XML、KML,中文,,https://data.ntpc.gov.tw/datasets/193b12d8-9dcf-41e9-a93a-ad6266154a9c,新北市政府社會局身心障礙福利機構資料,,智慧通勤:0; 韌性防災:0; 永續環境:0; 食安健康:0; 勞動福祉:3; 文化共融:0
newtaipei,57CB588D-89D6-4D37-BF2D-75559B0F6A3B,,新北市身心障礙者日間作業設施服務單位名冊,勞動福祉,False,True,False,table,就業趨勢與社福資源分析,False,1,社福,公共資訊,,,,新北市政府社會局/身心障礙福利科,每年,JSON、CSV、XML、KML,中文,,https://data.ntpc.gov.tw/datasets/57cb588d-89d6-4d37-bf2d-75559b0f6a3b,新北市政府社會局提供的新北市身心障礙者日間作業設施服務單位名冊。,,智慧通勤:0; 韌性防災:0; 永續環境:0; 食安健康:0; 勞動福祉:2; 文化共融:0
newtaipei,0C239921-DFCA-45E4-A6D1-3A62920CA81B,,新北市身心障礙者服務中心名冊,勞動福祉,False,True,False,table,就業趨勢與社福資源分析,False,1,社福,公共資訊,,,,新北市政府社會局/身心障礙福利科,每年,JSON、CSV、XML、KML,中文,,https://data.ntpc.gov.tw/datasets/0c239921-dfca-45e4-a6d1-3a62920ca81b,新北市政府社會局提供的新北市身心障礙者服務中心名冊。,,智慧通勤:0; 韌性防災:0; 永續環境:0; 食安健康:0; 勞動福祉:2; 文化共融:0
newtaipei,7A368004-B9D0-4CCE-8FE2-3DF9DA64FEC2,,新北市身心障礙者社區日間照顧服務中心名冊,勞動福祉,False,True,False,table,就業趨勢與社福資源分析,False,1,社福,出生及收養,,,,新北市政府社會局/身心障礙福利科,每年,JSON、CSV、XML、KML,中文,,https://data.ntpc.gov.tw/datasets/7a368004-b9d0-4cce-8fe2-3df9da64fec2,新北市政府社會局提供的新北市身心障礙者社區日間照顧服務中心名冊。,,智慧通勤:0; 韌性防災:0; 永續環境:0; 食安健康:0; 勞動福祉:3; 文化共融:0
newtaipei,93401A7A-4FBC-4542-9FD0-D0EB1AD707DF,,新北市身心障礙者臨時及短期照顧服務單位,勞動福祉,False,True,False,table,就業趨勢與社福資源分析,False,1,社福,公共資訊,,,,新北市政府社會局/身心障礙福利科,每年,JSON、CSV、XML、KML,中文,,https://data.ntpc.gov.tw/datasets/93401a7a-4fbc-4542-9fd0-d0eb1ad707df,新北市身心障礙者臨時及短期照顧服務單位。,,智慧通勤:0; 韌性防災:0; 永續環境:0; 食安健康:0; 勞動福祉:2; 文化共融:0
newtaipei,F531A808-4AAB-4E5E-93F0-C34F9FF97A78,,新北市銀髮俱樂部,勞動福祉,False,True,False,table,就業趨勢與社福資源分析,False,1,社福,老年安養,,,,新北市政府社會局/老人福利科,每年,JSON、CSV、XML,中文,,https://data.ntpc.gov.tw/datasets/f531a808-4aab-4e5e-93f0-c34f9ff97a78,社會局提供的新北市銀髮俱樂部據點,,智慧通勤:0; 韌性防災:0; 永續環境:0; 食安健康:0; 勞動福祉:2; 文化共融:0
newtaipei,A0323809-1C7B-42F3-8DEA-2B14F40118F7,,新北市長期照顧服務-機構喘息服務,勞動福祉,False,True,False,table,就業趨勢與社福資源分析,False,1,社福,老年安養,,,,新北市政府衛生局/高齡及長期照顧科/長照發展股,每年,JSON、CSV、XML、KML,中文,,https://data.ntpc.gov.tw/datasets/a0323809-1c7b-42f3-8dea-2b14f40118f7,新北市長期照顧服務-機構喘息服務。,,智慧通勤:0; 韌性防災:0; 永續環境:0; 食安健康:0; 勞動福祉:2; 文化共融:0
newtaipei,06F26ED3-13E0-4650-B767-FB91D665CEFF,,社會局所轄志工,勞動福祉,False,True,False,table,就業趨勢與社福資源分析,False,1,統計,公共資訊,,,,新北市政府主計處/公務統計科,每年,JSON、CSV、XML,中文,,https://data.ntpc.gov.tw/datasets/06f26ed3-13e0-4650-b767-fb91d665ceff,"1.社會局所轄志工(含性別)
2.單位：人
3.各項欄位說明詳參新北市性別圖像電子檔(網址：http://www.bas.ntpc.gov.tw/home.jsp?id=MTI5)或電洽主計處查詢。",,智慧通勤:0; 韌性防災:0; 永續環境:0; 食安健康:0; 勞動福祉:1; 文化共融:0
newtaipei,77676118-D894-4527-B88A-6D236A462923,,禮儀服務業者查詢,勞動福祉,False,True,False,table,就業趨勢與社福資源分析,False,1,民政,生命禮儀,,,,新北市政府民政局/新北市立殯葬處/秘書室,每年,JSON、CSV、XML,中文,,https://data.ntpc.gov.tw/datasets/77676118-d894-4527-b88a-6d236a462923,新北市核准或跨區備查禮儀服務業名冊,,智慧通勤:0; 韌性防災:0; 永續環境:0; 食安健康:0; 勞動福祉:2; 文化共融:0
newtaipei,81F04369-8E23-4E14-9145-349055D71734,,老人照顧機構,勞動福祉,False,True,False,table,就業趨勢與社福資源分析,False,1,統計,公共資訊,,,,新北市政府主計處/公務統計科,每年,JSON、CSV、XML,中文,,https://data.ntpc.gov.tw/datasets/81f04369-8e23-4e14-9145-349055d71734,"1.新北市老人照顧機構(含性別)
2.單位：人
3.各項欄位說明詳參新北市性別圖像電子檔(網址：http://www.bas.ntpc.gov.tw/home.jsp?id=MTI5)或電洽主計處查詢。",,智慧通勤:0; 韌性防災:0; 永續環境:0; 食安健康:0; 勞動福祉:1; 文化共融:0
newtaipei,B422A4FA-42BD-4D63-AA6F-332A62BB4A60,,身心障礙福利,勞動福祉,False,True,False,table,就業趨勢與社福資源分析,False,1,統計,公共資訊,,,,新北市政府主計處/公務統計科,每年,JSON、CSV、XML,中文,,https://data.ntpc.gov.tw/datasets/b422a4fa-42bd-4d63-aa6f-332a62bb4a60,"1.新北市身心障礙福利(含性別)
2.單位：人；人次
3.各項欄位說明詳參新北市性別圖像電子檔(網址：http://www.bas.ntpc.gov.tw/home.jsp?id=MTI5)或電洽主計處查詢。",,智慧通勤:0; 韌性防災:0; 永續環境:0; 食安健康:0; 勞動福祉:1; 文化共融:0
newtaipei,12CD30FA-E7F4-4D8C-9860-E8909B74FBC0,,醫療輔具補助,勞動福祉,False,True,False,table,就業趨勢與社福資源分析,False,1,社福,生活安全及品質,,,,新北市政府衛生局/高齡及長期照顧科/長照發展股,每年,JSON、CSV、XML、KML,中文,,https://data.ntpc.gov.tw/datasets/12cd30fa-e7f4-4d8c-9860-e8909b74fbc0,依據身心障礙者醫療復健所需醫療費用及醫療輔具補助辦法提供服務。,,智慧通勤:0; 韌性防災:0; 永續環境:0; 食安健康:1; 勞動福祉:2; 文化共融:0
newtaipei,A9098780-7871-4A48-BAF8-9484E0A690B0,,銀髮健身俱樂部,勞動福祉,False,True,False,table,就業趨勢與社福資源分析,False,1,社福,老年安養,,,,新北市政府衛生局/健康管理科/健康維護股,每年,JSON、CSV、XML,中文,,https://data.ntpc.gov.tw/datasets/a9098780-7871-4a48-baf8-9484e0a690b0,新北市銀髮健身俱樂部據點,,智慧通勤:0; 韌性防災:0; 永續環境:0; 食安健康:0; 勞動福祉:1; 文化共融:0
taipei,ba626bd9-6cf1-4b0b-8ef7-b1e051798a87,00001344,102年臺北市兒童及少年生活狀況調查原始資料,勞動福祉,False,True,False,table,就業趨勢與社福資源分析,False,1,社福,生活安全及品質,網路服務,社會局,,社會局,不定期更新,CSV,中文,2017-11-07T00:00:00,/api/dataset/ba626bd9-6cf1-4b0b-8ef7-b1e051798a87/resource/1e37f60d-0d5a-4092-af6d-d51703718fc9/download,提供102年臺北市兒童及少年生活狀況調查原始資料,編號、出生民國年、出生民國月、性別、兄弟姊妹數,智慧通勤:0; 韌性防災:0; 永續環境:0; 食安健康:0; 勞動福祉:1; 文化共融:0
taipei,cd919c69-f2f1-4fc7-864f-6644bdd2fbbb,00001241,臺北孔廟明倫講堂講座時間表,勞動福祉,False,True,False,table,就業趨勢與社福資源分析,False,1,民政,休閒旅遊,網路服務,民政局,孔廟,民政局孔廟,每3月,CSV,中文,2020-10-05T00:00:00,/api/dataset/cd919c69-f2f1-4fc7-864f-6644bdd2fbbb/resource/285aff89-c2a8-4689-b2b7-db4db8455bdf/download,臺北孔廟明倫講堂講座時間,縣市代碼、日期、講座時間、講座名稱、講師,智慧通勤:0; 韌性防災:0; 永續環境:0; 食安健康:0; 勞動福祉:2; 文化共融:1
taipei,e7f735c5-716f-4ae4-8ae5-e0f7f79872e0,00001584,臺北市106年幼兒生活狀況調查原始資料,勞動福祉,False,True,False,table,就業趨勢與社福資源分析,False,1,社福,生活安全及品質,網路服務,社會局,,社會局,不定期更新,CSV,中文,2018-12-25T00:00:00,/api/dataset/e7f735c5-716f-4ae4-8ae5-e0f7f79872e0/resource/4922255a-1c87-45ee-a612-49e6de2d385e/download,提供106年幼兒生活狀況調查原始資料,序號、樣本分層、出生民國年、受訪者、性別,智慧通勤:0; 韌性防災:0; 永續環境:0; 食安健康:0; 勞動福祉:1; 文化共融:0
taipei,f0b36723-4813-4664-aeda-4176e2576f52,00003532,臺北市以外之縣市殯葬禮儀服務業備查核准一覽表,勞動福祉,False,True,False,table,就業趨勢與社福資源分析,False,1,民政,生命禮儀,原始資料,民政局,殯葬處,民政局殯葬處,每1年,CSV,中文,2020-12-29T00:00:00,/api/dataset/f0b36723-4813-4664-aeda-4176e2576f52/resource/ece1f524-6fb2-4804-82e9-78dc9853b436/download,外縣市殯葬禮儀服務業備查清冊,"公司名稱、負責人、郵遞區號、公司所在地、電話
",智慧通勤:0; 韌性防災:0; 永續環境:0; 食安健康:0; 勞動福祉:2; 文化共融:0
taipei,6a29b293-0d28-4444-8101-e18b7b57513f,00003509,臺北市低收入戶概況,勞動福祉,False,True,False,table,就業趨勢與社福資源分析,False,1,社福,公共資訊,網路服務,社會局,,社會局,每3月,CSV,中文,2020-12-28T00:00:00,/api/dataset/6a29b293-0d28-4444-8101-e18b7b57513f/resource/2e7ad715-3be5-4306-9ca5-cb927e43aad3/download,定期提供臺北市低收入戶概況資訊,民國年、月、戶數總計、有眷戶數、單身戶數,智慧通勤:0; 韌性防災:0; 永續環境:0; 食安健康:0; 勞動福祉:2; 文化共融:0
taipei,5f2b7d28-bee1-4956-b421-3b363834d684,00003352,臺北市促進產業活動及獎勵表揚通過補助清冊,勞動福祉,False,True,False,table,就業趨勢與社福資源分析,False,1,經濟,公共資訊,原始資料,產業局,商業處,產業局商業處,不定期更新,CSV,中文,2020-03-20T00:00:00,/api/dataset/5f2b7d28-bee1-4956-b421-3b363834d684/resource/ffc48deb-f435-4864-99b7-50a3ccb3de62/download,臺北市促進產業活動及獎勵表揚通過補助彙整表,縣市別、縣市別代碼、補助年度、獲得補助單位、補助額度（新臺幣元）,智慧通勤:0; 韌性防災:0; 永續環境:0; 食安健康:0; 勞動福祉:1; 文化共融:1
taipei,fa932bdf-32c4-4875-b1a0-0b8cf94cb13d,00003608,臺北市兒童少年保護執行_施虐者情形,勞動福祉,False,True,False,table,就業趨勢與社福資源分析,False,1,社福,公共資訊,網路服務,社會局,,社會局,每1年,CSV,中文,2020-12-30T00:00:00,/api/dataset/fa932bdf-32c4-4875-b1a0-0b8cf94cb13d/resource/aed89f00-6034-4e6a-88a1-bb64f6091576/download,定期提供臺北市兒童少年保護執行_施虐者情形資訊,年/季、總人次、缺乏親職教育知識人次、習於體罰或不當管教人次、負向情緒行為特質人次、親密關係失調人次、經濟因素人次、酗酒人次、藥物濫用人次、精神疾病人次、有自殺紀錄或自殺意圖人次、未婚生育人次、未成年生育人次、人格違常人次、迷信人次、童年有受虐經驗人次、其他人次,智慧通勤:0; 韌性防災:0; 永續環境:0; 食安健康:0; 勞動福祉:1; 文化共融:0
taipei,c99547ce-4cc4-4ea9-83a8-7a8d8d3a592c,00000371,臺北市兒童與少年服務_家庭寄養,勞動福祉,False,True,False,table,就業趨勢與社福資源分析,False,1,社福,出生及收養,網路服務,社會局,,社會局,不定期更新,XML,中文,2013-08-23T00:00:00,/api/dataset/c99547ce-4cc4-4ea9-83a8-7a8d8d3a592c/resource/662b3d6a-7220-487c-a6d5-693dd74dff14/download,兒童與少年服務_家庭寄養,ADDRESS_CODE、L1_CODE、L1_NAME、ORG_TYPE、ORG_GROUP_NAME、ORG_NAME、DIVISION、PERSON_IN_CHARGE、CONTACT_NAME、ZONE_CODE、CITY、ADDRESS、PHONE、FAX、WEB_HOMEPAGE、ORG_INTRODUCTION、REGISTERED、CREATE_DATE_TITLE、CREATE_DATE、PROP_TITLE、PROP、BEDNO_TITLE、BEDNO、LAT、LON、DEPT_NAME、POST_DATE,智慧通勤:0; 韌性防災:0; 永續環境:0; 食安健康:0; 勞動福祉:1; 文化共融:0
taipei,2704f07d-4d1d-4cef-b53a-c44aef326d96,00001644,臺北市共融式遊戲場資訊,勞動福祉,False,True,False,table,就業趨勢與社福資源分析,False,1,社福,公共資訊,網路服務,社會局,,社會局,每1年,CSV,中文,2019-07-04T00:00:00,/api/dataset/2704f07d-4d1d-4cef-b53a-c44aef326d96/resource/c7784a9f-e11e-4145-8b72-95b44fdc7b83/download,提供共融式遊戲場相關資訊,location、district、address、longitude、latitude、link,智慧通勤:0; 韌性防災:0; 永續環境:0; 食安健康:0; 勞動福祉:1; 文化共融:0
taipei,a077d675-33d9-4e3c-9362-437c3d12490c,00001522,臺北市兼任鐘點特教助理員核定情形一覽表,勞動福祉,False,True,False,table,就業趨勢與社福資源分析,False,1,教育,求職及就業,網路服務,教育局,,教育局,每1年,CSV,中文,2020-06-10T00:00:00,/api/dataset/a077d675-33d9-4e3c-9362-437c3d12490c/resource/da4674df-b6df-418a-936b-107eb5b295ac/download,兼任鐘點特教助理員核定情形障礙程度和個案數與經費,序號、學校、每週時數、核定經費、縣市別代碼,智慧通勤:0; 韌性防災:0; 永續環境:0; 食安健康:0; 勞動福祉:1; 文化共融:0
taipei,436516e1-e21d-45c7-b9c4-0828efb83220,00000584,臺北市大安區區民活動中心無障礙設施設置資料,勞動福祉,False,True,False,table,就業趨勢與社福資源分析,False,1,民政,生活安全及品質,原始資料,大安區公所,,大安區公所,不定期更新,CSV,中文,2015-06-13T00:00:00,/api/dataset/436516e1-e21d-45c7-b9c4-0828efb83220/resource/1c29e026-1de2-4186-a473-f356fd4d853d/download,提供本所權管區民活動中心無障礙設施設置資料表,location、address、installation、quantity、Management unit code,智慧通勤:0; 韌性防災:0; 永續環境:0; 食安健康:0; 勞動福祉:2; 文化共融:1
taipei,5d130d0f-08f5-4a25-8fea-9f90ec7fef06,00002370,臺北市孔廟管理概況,勞動福祉,False,True,False,table,就業趨勢與社福資源分析,False,1,民政,公共資訊,網路服務,民政局,孔廟,民政局孔廟,不定期更新,CSV,中文,2020-10-15T00:00:00,/api/dataset/5d130d0f-08f5-4a25-8fea-9f90ec7fef06/resource/efb29bd4-b79f-4523-af4f-c9b987a8421d/download,臺北孔廟管理概況,縣市代碼、名稱、土地面積-平方公尺-、地面層面積-平方公尺-、總樓地板面積-平方公尺-,智慧通勤:0; 韌性防災:0; 永續環境:0; 食安健康:0; 勞動福祉:2; 文化共融:0
taipei,d73bd4c4-0d13-4004-abce-2ca0006f1faf,00003589,臺北市家庭暴力被害人保護扶助人次,勞動福祉,False,True,False,table,就業趨勢與社福資源分析,False,1,社福,生活安全及品質,網路服務,社會局,,社會局,每1年,CSV,中文,2020-12-30T00:00:00,/api/dataset/d73bd4c4-0d13-4004-abce-2ca0006f1faf/resource/14fe6fbf-44e6-4279-a9a7-89b8001faf48/download,定期提供臺北市家庭暴力被害人保護扶助人次資訊,年/季、總人次、諮詢協談人次、庇護安置人次、陪同報案偵詢人次、陪同出庭、驗傷診療、聲請保護令、法律扶助、經濟扶助、心理諮商與輔導、就業服務、就學或轉學服務、提供目睹暴力服務、子女問題協助、通譯服務、其他扶助,智慧通勤:0; 韌性防災:0; 永續環境:0; 食安健康:1; 勞動福祉:3; 文化共融:0
taipei,c2f0cf67-ef5a-4f2f-b6fa-00bb56765e76,00003524,臺北市家庭福利服務,勞動福祉,False,True,False,table,就業趨勢與社福資源分析,False,1,社福,公共資訊,網路服務,社會局,,社會局,不定期更新,CSV,中文,2020-12-28T00:00:00,/api/dataset/c2f0cf67-ef5a-4f2f-b6fa-00bb56765e76/resource/7566275b-614e-4496-8303-3e85db84eba7/download,每半年提供臺北市家庭福利服務資訊,年/半年、電話訪問人次、家庭訪視人次、個案管理服務人次、新移民個人支持性服務/辦理場次、新移民個人支持性服務/參加人次、新移民家庭支持性服務/辦理場次、新移民家庭支持性服務/參加人次、新移民社會支持服務/辦理場次、新移民社會支持服務/參加人次、新移民資訊支持服務/辦理場次、新移民資訊支持服務/參加人次、新移民經濟支持服務/方案數、新移民經濟支持服務/參加人次、其他/辦理次數、其他/參加人次,智慧通勤:0; 韌性防災:0; 永續環境:0; 食安健康:0; 勞動福祉:3; 文化共融:0
taipei,bd58a3f2-df56-4268-aedc-a71d4fe5a767,00029862,臺北市年度仲介本國人在國內工作之私立就業服務機構評鑑成績,勞動福祉,False,True,False,table,就業趨勢與社福資源分析,False,1,勞動,求職及就業,原始資料,勞動局,,勞動局,每1年,CSV,中文,2022-11-22T00:00:00,/api/dataset/bd58a3f2-df56-4268-aedc-a71d4fe5a767/resource/c40dbbfa-688b-4563-a3df-161e059019f0/download,依私立就業服務機構許可及管理辦法第39條規定公告,年度、許可證字、許可證號、機構名稱、等第,智慧通勤:0; 韌性防災:0; 永續環境:0; 食安健康:0; 勞動福祉:1; 文化共融:0
taipei,998bf630-283a-4691-8b21-440e34cc5026,00003581,臺北市性侵害被害人保護扶助人次,勞動福祉,False,True,False,table,就業趨勢與社福資源分析,False,1,社福,生活安全及品質,網路服務,社會局,,社會局,每1年,CSV,中文,2020-12-30T00:00:00,/api/dataset/998bf630-283a-4691-8b21-440e34cc5026/resource/b6589045-14b9-40d1-ae4e-3f503b65af58/download,定期提供臺北市性侵害被害人保護扶助人次資訊,年/季、總人次、諮詢協談人次、庇護安置人次、陪同報案偵詢人次、陪同出庭、驗傷診療、法律扶助、經濟扶助、心理諮商與輔導、就業服務、就學或轉學服務、通譯服務、轉介戒毒中心、其他扶助,智慧通勤:0; 韌性防災:0; 永續環境:0; 食安健康:1; 勞動福祉:3; 文化共融:0
taipei,b769ccc6-41e5-4719-8719-9d88a1303955,00029535,臺北市性別人才資料庫,勞動福祉,False,True,False,table,就業趨勢與社福資源分析,False,1,社福,生活安全及品質,網路服務,社會局,,社會局,不定期更新,CSV,中文,2022-07-26T00:00:00,/api/dataset/b769ccc6-41e5-4719-8719-9d88a1303955/resource/7dbb56d9-94e1-4a8c-b623-e558c5f73f54/download,提供臺北市性別人才資料庫資料,序號、姓名、性別、職務、專長,智慧通勤:0; 韌性防災:0; 永續環境:0; 食安健康:0; 勞動福祉:1; 文化共融:0
taipei,b897366a-88ae-4c04-9181-74ec6bd815fb,00003949,臺北市政府勞動局勞工歷年申訴服務中心成果,勞動福祉,False,True,False,table,就業趨勢與社福資源分析,False,1,勞動,求職及就業,原始資料,勞動局,,勞動局,每1年,CSV,中文,2021-06-22T00:00:00,/api/dataset/b897366a-88ae-4c04-9181-74ec6bd815fb/resource/076112f6-86e2-4566-adb3-558c0ba2e002/download,臺北市勞工服務中心服務概況,年度、總計（筆數）、解釋法令疑義（筆數）、申訴（筆數）、轉介（筆數）、建議（筆數）、批評（筆數）、其他（筆數）、工資（筆數）、工時（筆數）、僱用管理（筆數）、性別工作平等（筆數）、職業安全衛生（筆數）、勞動保險（筆數）、勞動福祉（筆數）、就業和職訓（筆數）、外國人問題（筆數）、勞動關係（筆數）、綜合問題（筆數）、性別總計（人次）、男（人次）、女（人次）、對象別總計（人次）、一般對象（人次）、身心障礙者（人次）、原住民（人次）、更生受保護人（人次）、中高齡者（人次）、獨力負擔家計者（人次）、生活扶助戶（人次）、外籍與大陸配偶（人次）、家庭暴力及性侵害被害人（人次）,智慧通勤:0; 韌性防災:0; 永續環境:0; 食安健康:2; 勞動福祉:3; 文化共融:0
taipei,eaa3dcb9-a14c-4bb9-8e66-3ec5a119e6a9,00001739,臺北市政府勞動局違反就業服務法事業單位及事業主公布總表,勞動福祉,False,True,False,table,就業趨勢與社福資源分析,False,1,勞動,求職及就業,原始資料,勞動局,,勞動局,每1月,CSV,中文,2020-02-05T00:00:00,/api/dataset/eaa3dcb9-a14c-4bb9-8e66-3ec5a119e6a9/resource/b5641d0e-b870-4d23-a352-15a333d7d319/download,公告日期、處分日期、處分字號、事業單位名稱/自然人姓名、事業單位代表人、違反就業服務法條款、違反法規內容、備註,公告日期、處分日期、處分字號、事業單位名稱/自然人姓名、事業單位代表人、違反就業服務法條款、違反法規內容、備註,智慧通勤:0; 韌性防災:0; 永續環境:0; 食安健康:0; 勞動福祉:1; 文化共融:0
taipei,12f3421a-94f4-4a5e-8642-143dee2fa551,00000594,臺北市政府勞動局違反性別平等工作法事業單位及事業主公布總表,勞動福祉,False,True,False,table,就業趨勢與社福資源分析,False,1,勞動,求職及就業,原始資料,勞動局,,勞動局,每1月,CSV,中文,2015-06-16T00:00:00,/api/dataset/12f3421a-94f4-4a5e-8642-143dee2fa551/resource/d640b611-a954-4b54-95be-256b55c73076/download,依據性別平等工作法第三十八條及第三十八條之一規定，公布違反者其姓名或名稱、負責人姓名。,公告日期、處分日期、處分字號、事業單位名稱/自然人姓名、事業單位代表人、違反性別平等工作法（修正前為性別工作平等法，下同）條款、違反法規內容、備註,智慧通勤:0; 韌性防災:0; 永續環境:0; 食安健康:0; 勞動福祉:1; 文化共融:0
taipei,f47662d4-12fa-4e67-a5c9-608546e45e11,00000799,臺北市政府各機關公務人員進修費用補助一覽表,勞動福祉,False,True,False,table,就業趨勢與社福資源分析,False,1,統計,公共資訊,原始資料,人事處,,人事處,每6月,"CSV,CSV,CSV,CSV,CSV,CSV,CSV,CSV,CSV,CSV,CSV,CSV,CSV,CSV,CSV,CSV,CSV,CSV,CSV",中文,2017-07-17T00:00:00,"/api/dataset/f47662d4-12fa-4e67-a5c9-608546e45e11/resource/83b3a7a1-6569-4a67-af3c-5505f64c361a/download,/api/dataset/f47662d4-12fa-4e67-a5c9-608546e45e11/resource/2743ed94-ad26-4c32-ad55-1c6d875fe8c9/download,/api/dataset/f47662d4-12fa-4e67-a5c9-608546e45e11/resource/de0fa103-27e5-4d61-ab87-ed81ca8e049d/download,/api/dataset/f47662d4-12fa-4e67-a5c9-608546e45e11/resource/779805f0-18ec-4335-bf52-ecde2749f27f/download,/api/dataset/f47662d4-12fa-4e67-a5c9-608546e45e11/resource/bb664459-baad-461b-83d4-4f2fa4289dd0/download,/api/dataset/f47662d4-12fa-4e67-a5c9-608546e45e11/resource/624f13ef-2a3e-4ba0-825a-eb99f5d266df/download,/api/dataset/f47662d4-12fa-4e67-a5c9-608546e45e11/resource/1a91d1ad-3da6-4a3b-9f20-22aacc191735/download,/api/dataset/f47662d4-12fa-4e67-a5c9-608546e45e11/resource/72fa4dba-adfd-4fcb-a5ca-3c73a3205f15/download,/api/dataset/f47662d4-12fa-4e67-a5c9-608546e45e11/resource/489e6433-fcc5-49a6-a0eb-540c9a449d3c/download,/api/dataset/f47662d4-12fa-4e67-a5c9-608546e45e11/resource/cd44d3a3-d345-4dc2-843b-00f5430aca91/download,/api/dataset/f47662d4-12fa-4e67-a5c9-608546e45e11/resource/f062fa35-7a96-4f89-9330-b797af7c1893/download,/api/dataset/f47662d4-12fa-4e67-a5c9-608546e45e11/resource/e82e1129-8878-4eb2-adbf-20045b419550/download,/api/dataset/f47662d4-12fa-4e67-a5c9-608546e45e11/resource/ea8b6f86-2514-4faa-9d88-16b9234c0f09/download,/api/dataset/f47662d4-12fa-4e67-a5c9-608546e45e11/resource/08ffe37e-795b-4ef9-a782-0fae6e71c04a/download,/api/dataset/f47662d4-12fa-4e67-a5c9-608546e45e11/resource/e50ec149-ec76-498c-85e5-b9feae71a138/download,/api/dataset/f47662d4-12fa-4e67-a5c9-608546e45e11/resource/a7a5dd63-e1f0-4b0c-8820-b442ef1d198d/download,/api/dataset/f47662d4-12fa-4e67-a5c9-608546e45e11/resource/f10f51f7-2259-4543-a814-684e9d59012f/download,/api/dataset/f47662d4-12fa-4e67-a5c9-608546e45e11/resource/415154d9-ff14-48f1-ac3b-a92bea4aa16c/download,/api/dataset/f47662d4-12fa-4e67-a5c9-608546e45e11/resource/fe04124e-47aa-4ed0-b6e1-196fbf35f1fc/download",收錄本府各機關公務人員每半年進修費用補助情形,序號、年度、上/下半年、機關名稱、項目名稱、項目數值,智慧通勤:0; 韌性防災:0; 永續環境:0; 食安健康:0; 勞動福祉:1; 文化共融:0
taipei,405700b5-1350-44e2-a6a3-0c5985483d57,00002608,臺北市政府員工請假人次,勞動福祉,False,True,False,table,就業趨勢與社福資源分析,False,1,民政,公共資訊,原始資料,人事處,,人事處,每1年,CSV,中文,2020-10-29T00:00:00,/api/dataset/405700b5-1350-44e2-a6a3-0c5985483d57/resource/dc069a11-95b5-4df6-ae08-ac52c1d5fbfe/download,本府員工請假人次,序號、民國年、項目、年齡區間-性別、人次,智慧通勤:0; 韌性防災:0; 永續環境:0; 食安健康:0; 勞動福祉:2; 文化共融:0
taipei,f83a9750-df6f-41cc-8f7d-871dc8ece595,00000770,臺北市政府市政顧問,勞動福祉,False,True,False,table,就業趨勢與社福資源分析,False,1,民政,公共資訊,原始資料,人事處,,人事處,不定期更新,CSV,中文,2022-03-10T00:00:00,/api/dataset/f83a9750-df6f-41cc-8f7d-871dc8ece595/resource/58d90ab4-3398-424a-abd4-35adef57e6cc/download,臺北市政府市政顧問相關資訊,序號、年度、組別數、法定聘期、屆期,智慧通勤:0; 韌性防災:0; 永續環境:0; 食安健康:0; 勞動福祉:2; 文化共融:0
taipei,31a9f837-cd8a-47ac-a746-d455cbb2f896,00003461,臺北市政府推展志願服務成果,勞動福祉,False,True,False,table,就業趨勢與社福資源分析,False,1,社福,公共資訊,網路服務,社會局,,社會局,每1年,CSV,中文,2020-12-24T00:00:00,/api/dataset/31a9f837-cd8a-47ac-a746-d455cbb2f896/resource/4022ab90-89df-49e5-99b4-fa802f381075/download,提供臺北市政府推展志願服務成果資訊,年度、訓練情形/總人次、訓練情形/基礎訓練人次、訓練情形/特殊訓練人次、訓練情形/在職訓練人次、接受服務人次,智慧通勤:0; 韌性防災:0; 永續環境:0; 食安健康:0; 勞動福祉:1; 文化共融:0
taipei,af495b42-dcbf-48c8-9a07-d29e84a999f1,00029529,臺北市政府民政局115年度提升服務品質執行計畫,勞動福祉,False,True,False,table,就業趨勢與社福資源分析,False,1,民政,公共資訊,原始資料,民政局,,民政局,每1年,CSV,中文,2022-09-30T00:00:00,/api/dataset/af495b42-dcbf-48c8-9a07-d29e84a999f1/resource/66df2ee2-91fc-41f9-ae59-5e37d09b2f11/download,提升服務品質執行計畫,編號、年度、實施範圍、執行要項、執行重點,智慧通勤:0; 韌性防災:0; 永續環境:0; 食安健康:0; 勞動福祉:2; 文化共融:0
taipei,7ec366d3-0946-4f5d-b649-bfafe5dc1160,00029537,臺北市政府社會局114年度辦理公益勸募活動一覽表,勞動福祉,False,True,False,table,就業趨勢與社福資源分析,False,1,社福,公共資訊,網路服務,社會局,,社會局,不定期更新,CSV,中文,2022-07-26T00:00:00,/api/dataset/7ec366d3-0946-4f5d-b649-bfafe5dc1160/resource/d9d91248-5a97-4e07-956c-9f6af83e7a2a/download,提供社會局114年度辦理公益勸募活動一覽表,標題、勸募團體、聯絡電話、勸募方式、起始日期、結束日期,智慧通勤:0; 韌性防災:0; 永續環境:0; 食安健康:0; 勞動福祉:2; 文化共融:1
taipei,cc1821c0-b748-4006-a550-19c8b7e2fa97,00003373,臺北市政府許可仲介本國人在國內工作之私立就業服務機構暨分支機構停業情形,勞動福祉,False,True,False,table,就業趨勢與社福資源分析,False,1,勞動,求職及就業,原始資料,勞動局,,勞動局,每3月,CSV,中文,2020-12-16T00:00:00,/api/dataset/cc1821c0-b748-4006-a550-19c8b7e2fa97/resource/3b6a74e9-ce90-48b3-92cc-8d65ed15a332/download,依私立就業服務機構許可及管理辦法第39條規定公告。,編號、許可證字號、機構名稱、暫停營業日期、復業日期、終止營業日期、註銷或廢止日期、停業處分（起）日、停業處分（止）日、廢止日期,智慧通勤:0; 韌性防災:0; 永續環境:0; 食安健康:0; 勞動福祉:1; 文化共融:0
taipei,dee900bc-d9b9-4360-a8a2-5f48c1e0096e,00003936,臺北市政府食品安全委員會會議議程及紀錄,勞動福祉,False,True,False,table,就業趨勢與社福資源分析,False,1,民政,生活安全及品質,原始資料,衛生局,,衛生局,不定期更新,CSV,中文,2021-06-15T00:00:00,/api/dataset/dee900bc-d9b9-4360-a8a2-5f48c1e0096e/resource/2fac16df-6d22-4440-866a-0afeafb75cd7/download,臺北市政府食品安全委員會會議議程及紀錄。,資料集名稱、相關資料、檔案資料、更新時間、更新日期,智慧通勤:0; 韌性防災:0; 永續環境:0; 食安健康:1; 勞動福祉:2; 文化共融:0
taipei,34d8d10e-1c78-4939-b69f-6380cedac3dc,00000576,臺北市松山區公所無障礙設施設置資料,勞動福祉,False,True,False,table,就業趨勢與社福資源分析,False,1,民政,生活安全及品質,原始資料,松山區公所,,松山區公所,不定期更新,CSV,中文,2015-06-01T00:00:00,/api/dataset/34d8d10e-1c78-4939-b69f-6380cedac3dc/resource/f7f3f9c2-d7d3-4bd2-9038-be1a4e6d5a35/download,提供臺北市松山區公所權管區民活動中心無障礙設施設置資料表。,location、address、installation、quantity、Management unit code,智慧通勤:0; 韌性防災:0; 永續環境:0; 食安健康:0; 勞動福祉:2; 文化共融:1
taipei,83b013c2-35f3-4470-98d7-03dd68a372cb,00002607,臺北市歷次天然災害停止上班上課訊息,勞動福祉,False,True,False,table,就業趨勢與社福資源分析,False,1,民政,公共資訊,原始資料,人事處,,人事處,每1年,CSV,中文,2020-11-09T00:00:00,/api/dataset/83b013c2-35f3-4470-98d7-03dd68a372cb/resource/7a0b00b7-988e-4a45-9f4b-c1f910fea57c/download,臺北市停止上班上課情形,民國年、月、日、天然災害名稱、臺北市停止上班上課情形,智慧通勤:0; 韌性防災:1; 永續環境:0; 食安健康:0; 勞動福祉:2; 文化共融:0
taipei,f63706ce-bc9b-456c-8718-a921016bf84c,00003539,臺北市殯儀館設施概況,勞動福祉,False,True,False,table,就業趨勢與社福資源分析,False,1,民政,生命禮儀,原始資料,民政局,殯葬處,民政局殯葬處,每1年,CSV,中文,2020-12-29T00:00:00,/api/dataset/f63706ce-bc9b-456c-8718-a921016bf84c/resource/6c7221b9-d609-4d9d-bdb6-fa3b80de2352/download,本市範圍內依法設置及管理之公私立殯儀館設施概況,年度、年底殯儀館數（處）、年底土地面積（平方公尺）、年底總樓地板面積（平方公尺）、年底禮廳數（間）、年底屍體冷凍室最大容量（具）、本年殯殮數（具）,智慧通勤:0; 韌性防災:0; 永續環境:0; 食安健康:0; 勞動福祉:2; 文化共融:0
taipei,619be6e2-ec44-476c-824b-cf86383da34e,00003527,臺北市特殊境遇家庭扶助服務,勞動福祉,False,True,False,table,就業趨勢與社福資源分析,False,1,社福,公共資訊,網路服務,社會局,,社會局,每3月,CSV,中文,2020-12-28T00:00:00,/api/dataset/619be6e2-ec44-476c-824b-cf86383da34e/resource/8a62424e-0348-4c64-b734-7769541abb57/download,每季提供臺北市特殊境遇家庭扶助服務資訊,年/季、總人次、緊急生活扶助人次、傷病醫療補助、法律訴訟補助、子女生活津貼、兒童托育津貼,智慧通勤:0; 韌性防災:1; 永續環境:0; 食安健康:1; 勞動福祉:3; 文化共融:0
taipei,4173b423-0c34-468e-a16d-5a7e7a06148e,00001003,臺北市獸醫師資訊,勞動福祉,False,True,False,table,就業趨勢與社福資源分析,False,1,農業,求職及就業,原始資料,產業局,動保處,產業局動保處,不定期更新,CSV,中文,2016-12-29T00:00:00,/api/dataset/4173b423-0c34-468e-a16d-5a7e7a06148e/resource/7037dca6-9b9e-4cff-8cc9-232a3f36824e/download,提供臺北市獸醫師資料,縣市、姓名、執業執照字號、服務獸醫診療機構名稱,智慧通勤:0; 韌性防災:0; 永續環境:0; 食安健康:0; 勞動福祉:1; 文化共融:0
taipei,7b2da720-5f67-43af-9e40-2a0eb5d7838b,00003503,臺北市社會局推展志願服務志工服務成果,勞動福祉,False,True,False,table,就業趨勢與社福資源分析,False,1,社福,公共資訊,網路服務,社會局,,社會局,每1年,CSV,中文,2020-12-28T00:00:00,/api/dataset/7b2da720-5f67-43af-9e40-2a0eb5d7838b/resource/8ca0a9a5-f95e-4db9-b6c1-497216b996c4/download,提供臺北市社會局推展志願服務志工服務成果資訊,年/季、接受服務人次總計、身心障礙福利服務接受服務人次、老人福利服務接受服務人次、婦女福利服務接受服務人次、少年福利服務接受服務人次、兒童福利服務接受服務人次、諮商福利服務接受服務人次、家庭福利服務接受服務人次、社區福利服務接受服務人次、綜合福利服務接受服務人次,智慧通勤:0; 韌性防災:0; 永續環境:0; 食安健康:0; 勞動福祉:3; 文化共融:0
taipei,cabdf272-e0ec-4e4e-9136-f4b8596f35d9,00001501,臺北市社福設施主題地圖,勞動福祉,False,True,False,table,就業趨勢與社福資源分析,False,1,社福,公共資訊,網路服務,社會局,,社會局,不定期更新,"SHP,SHP,SHP,SHP,SHP,SHP,SHP,SHP,SHP,SHP,SHP,SHP",中文,2018-04-10T00:00:00,"/api/dataset/cabdf272-e0ec-4e4e-9136-f4b8596f35d9/resource/32dd1c2e-40c6-46fa-8236-fd38e06fb3bc/download,/api/dataset/cabdf272-e0ec-4e4e-9136-f4b8596f35d9/resource/75b4d45f-36e2-49e3-867f-7953550eff8e/download,/api/dataset/cabdf272-e0ec-4e4e-9136-f4b8596f35d9/resource/89dc1f50-893b-4557-90e9-8ca44c3ad663/download,/api/dataset/cabdf272-e0ec-4e4e-9136-f4b8596f35d9/resource/cca54e04-ec67-44ea-8e79-fda72ffc527a/download,/api/dataset/cabdf272-e0ec-4e4e-9136-f4b8596f35d9/resource/efcad8c9-9927-4e16-acea-d65c9333e80b/download,/api/dataset/cabdf272-e0ec-4e4e-9136-f4b8596f35d9/resource/16110fd7-2478-47af-8aa2-6b1133eef3db/download,/api/dataset/cabdf272-e0ec-4e4e-9136-f4b8596f35d9/resource/463e476f-0fcf-434b-aecb-f8355010e0fe/download,/api/dataset/cabdf272-e0ec-4e4e-9136-f4b8596f35d9/resource/eeeba80e-4d43-49b6-808b-a5031f2e1e97/download,/api/dataset/cabdf272-e0ec-4e4e-9136-f4b8596f35d9/resource/45334ff1-05e8-4684-a200-bc9cf260eed2/download,/api/dataset/cabdf272-e0ec-4e4e-9136-f4b8596f35d9/resource/86ce0e2c-44d7-427b-bbed-2f4161fbe3d6/download,/api/dataset/cabdf272-e0ec-4e4e-9136-f4b8596f35d9/resource/49a03089-73eb-41c7-8224-d34adc484e37/download,/api/dataset/cabdf272-e0ec-4e4e-9136-f4b8596f35d9/resource/7249a61d-1ea2-4773-ad64-6da672ba3bda/download",臺北市社福設施主題地圖圖資資料,"OBJECTID、CODE、NAME、ZIPCODE、TOWN、ADDRESS、TEL、FAX、LON、LAT、X、Y、MULTITYPE、PUBLICYN
",智慧通勤:0; 韌性防災:0; 永續環境:0; 食安健康:0; 勞動福祉:1; 文化共融:0
taipei,c7526e15-4537-453b-a012-d68e727d98bc,00004103,臺北市稅捐稽徵處各項稅收稽徵成本,勞動福祉,False,True,False,table,就業趨勢與社福資源分析,False,1,財稅,公共資訊,原始資料,財政局,稅捐處,財政局稅捐處,每1年,CSV,中文,2022-02-18T00:00:00,/api/dataset/c7526e15-4537-453b-a012-d68e727d98bc/resource/8f96ae06-1c93-45f7-b256-08cd1871c5fe/download,107年起臺北市稅捐稽徵處各項稅收稽徵成本,"年度、稅目別、實徵淨額（千元）、直接成本／人事費（NT）、直接成本／業務費（「稅捐稽徵業務」業務計畫）（NT）、直接成本／獎補助及損失（NT）、 間接成本／人事費（NT）、 間接成本／業務費（「一般行政」業務計畫）（NT）、 間接成本／設備及投資費（NT）、 間接成本／其他（NT）、每千元成本（NT）
",智慧通勤:0; 韌性防災:0; 永續環境:0; 食安健康:0; 勞動福祉:1; 文化共融:0
taipei,4631f308-7e86-42a6-b2dc-a97982a0288e,00003440,臺北市第18屆調解委員名冊,勞動福祉,False,True,False,table,就業趨勢與社福資源分析,False,1,民政,公共資訊,原始資料,民政局,,民政局,每4年,CSV,中文,2020-12-25T00:00:00,/api/dataset/4631f308-7e86-42a6-b2dc-a97982a0288e/resource/89b34e3c-e270-4a1e-b2d9-144b29c77360/download,臺北市各區公所調解委員相關資料,屆別（序號）、編號、縣市、區別、職稱、姓名、性別、經歷,智慧通勤:0; 韌性防災:0; 永續環境:0; 食安健康:0; 勞動福祉:2; 文化共融:0
taipei,31af50a3-f9b2-41c3-9ab5-d91496e6a825,00003537,臺北市納骨塔櫃位使用情形,勞動福祉,False,True,False,table,就業趨勢與社福資源分析,False,1,民政,生命禮儀,原始資料,民政局,殯葬處,民政局殯葬處,每1年,CSV,中文,2020-12-29T00:00:00,/api/dataset/31af50a3-f9b2-41c3-9ab5-d91496e6a825/resource/dc6637f9-7205-463a-837e-e18f4e3b1dcd/download,"提供臺北市公立納骨塔櫃位使用狀況
",年度、納骨塔名稱、可使用櫃位數、已使用櫃位數、未使用櫃位數,智慧通勤:0; 韌性防災:0; 永續環境:0; 食安健康:0; 勞動福祉:2; 文化共融:0
taipei,c2ca47a6-6575-485a-801c-40bed703c50e,00029304,臺北市總決算附屬單位決算特別收入基金收入支出綜計表(依機關及基金別),勞動福祉,False,True,False,table,就業趨勢與社福資源分析,False,1,財稅,公共資訊,原始資料,主計處,,主計處,不定期更新,"XML,XML,XML,XML",中文,2022-05-05T00:00:00,"/api/dataset/c2ca47a6-6575-485a-801c-40bed703c50e/resource/cbe4c52d-2855-4f5b-b5a6-521bffa7b4ba/download,/api/dataset/c2ca47a6-6575-485a-801c-40bed703c50e/resource/dd0e4a5a-92a6-4951-8578-76d379e96852/download,/api/dataset/c2ca47a6-6575-485a-801c-40bed703c50e/resource/f5104905-a313-4476-809a-236669e5d124/download,/api/dataset/c2ca47a6-6575-485a-801c-40bed703c50e/resource/6e93fcf0-81e0-48a7-87e5-f3bf0329dcca/download",總決算附屬單位決算特別收入基金收入支出綜計表(依機關及基金別),科目、合計、教育局主管-臺北市地方教育發展基金、產業發展局主管-臺北市農業發展基金、產業發展局主管-臺北市溫泉資源管理基金、產業發展局主管-臺北市產業發展基金、工務局主管-臺北市道路基金、社會局主管-臺北市公益彩券盈餘分配基金、勞動局主管-臺北市勞工權益基金、勞動局主管-臺北市身心障礙者就業基金、環境保護局主管-臺北市環境保護基金、都市發展局主管-臺北市建築物無障礙設備與設施改善基金、都市發展局主管-臺北市容積代金基金、文化局主管-臺北市公共藝術基金、地政局主管-臺北市土地重劃抵費地出售盈餘款基金、捷運工程局主管-臺北市臺北都會區捷運固定資產重置基金、捷運工程局主管-臺北市大眾捷運系統建設基金,智慧通勤:2; 韌性防災:0; 永續環境:1; 食安健康:0; 勞動福祉:3; 文化共融:1
taipei,aae4bd55-b86a-4b78-817f-8ddf5f4ba94c,00003165,臺北市績優宗教團體,勞動福祉,False,True,False,table,就業趨勢與社福資源分析,False,1,民政,公共資訊,原始資料,民政局,,民政局,不定期更新,ODS,中文,2020-12-01T00:00:00,/api/dataset/aae4bd55-b86a-4b78-817f-8ddf5f4ba94c/resource/32d0d2ea-a079-4c0e-9a5c-29f7efccfe5d/download,臺北市績優宗教團體名冊資料,編號、縣市、區別、宗教團體名稱、團體屬性、績優項目,智慧通勤:0; 韌性防災:0; 永續環境:0; 食安健康:0; 勞動福祉:2; 文化共融:0
taipei,f5710120-3654-4493-9535-96273c700276,00003523,臺北市老人福利服務_文康中心及長青學苑,勞動福祉,False,True,False,table,就業趨勢與社福資源分析,False,1,社福,老年安養,網路服務,社會局,,社會局,不定期更新,CSV,中文,2020-12-28T00:00:00,/api/dataset/f5710120-3654-4493-9535-96273c700276/resource/8f01e2a7-76b3-4456-9c13-40772a6ce4b8/download,每半年提供臺北市老人福利服務_文康中心及長青學苑資訊,年/半年、文康中心活動總參加人次、鄉鎮市區老人文康中心、其他類型老人活動場所、長青學苑所數、本期開班班數、本期開班參加人次,智慧通勤:0; 韌性防災:0; 永續環境:0; 食安健康:0; 勞動福祉:2; 文化共融:1
taipei,e64d59c5-71ac-40dc-8a9c-7cb701ac4a2e,00002847,臺北市表揚孝行獎名單,勞動福祉,False,True,False,table,就業趨勢與社福資源分析,False,1,民政,公共資訊,原始資料,民政局,,民政局,不定期更新,CSV,中文,2020-11-11T00:00:00,/api/dataset/e64d59c5-71ac-40dc-8a9c-7cb701ac4a2e/resource/09c9bcdc-ef97-44c3-a5a8-48f58a2581a8/download,臺北市表揚孝行獎名單相關資訊,年度、縣市、類別、姓名、備註,智慧通勤:0; 韌性防災:0; 永續環境:0; 食安健康:0; 勞動福祉:2; 文化共融:0
taipei,6fc5184c-a4ee-452e-ba5f-2ec5d065a8d2,00000390,臺北市身心障礙者服務_社區居住,勞動福祉,False,True,False,table,就業趨勢與社福資源分析,False,1,社福,公共資訊,網路服務,社會局,,社會局,不定期更新,CSV,中文,2013-08-26T00:00:00,/api/dataset/6fc5184c-a4ee-452e-ba5f-2ec5d065a8d2/resource/8e48c170-4f92-4fe5-a217-3f1603211e9f/download,提供身心障礙者服務-社區居住資訊,社區居住名稱、類型、電話、受託單位、評鑑成績,智慧通勤:0; 韌性防災:0; 永續環境:0; 食安健康:0; 勞動福祉:1; 文化共融:0
taipei,85bae62e-3f5f-4464-bcc9-f77ff7ef1b9d,00004081,臺北市身障設施,勞動福祉,False,True,False,table,就業趨勢與社福資源分析,False,1,社福,公共資訊,網路服務,社會局,,社會局,不定期更新,SHP,中文,2022-01-26T00:00:00,/api/dataset/85bae62e-3f5f-4464-bcc9-f77ff7ef1b9d/resource/57d8db7f-21a9-413f-8158-1df3b3d66d75/download,臺北市身障設施圖資資料,OBJECTID、CODE、NAME、ATTR、TYPE、TOWN、ADDRESS、TEL、FAX、X、Y、LON、LAT、IS_ACCESSI,智慧通勤:0; 韌性防災:0; 永續環境:0; 食安健康:0; 勞動福祉:1; 文化共融:0
taipei,98617949-d710-4edf-b189-794cd69f1fbf,00001706,臺北市政府iVoting民眾提案總量,勞動福祉,False,True,False,table,就業趨勢與社福資源分析,False,1,民政,公共資訊,原始資料,研考會,,研考會,每3月,CSV,中文,2020-07-03T00:00:00,/api/dataset/98617949-d710-4edf-b189-794cd69f1fbf/resource/462bb6d5-f992-4770-a75a-b04f1797307d/download,各年度i-Voting民眾提案(含檢核通過、未通過、自行撤案、附議數)總量,序號、案號、提議名稱、提議內容、提議日期、類別、提議狀態、檢核不通過主因、附議數、未成案原因,智慧通勤:0; 韌性防災:0; 永續環境:0; 食安健康:0; 勞動福祉:2; 文化共融:0
taipei,155d16c7-6766-4436-a0df-860d5462b106,00001704,臺北市政府民意調查結果清單,勞動福祉,False,True,False,table,就業趨勢與社福資源分析,False,1,民政,公共資訊,原始資料,研考會,,研考會,不定期更新,CSV,中文,2020-09-04T00:00:00,/api/dataset/155d16c7-6766-4436-a0df-860d5462b106/resource/ee20c100-3c1a-4f6c-bced-73904fc1f1bf/download,歷次民意調查結果清單,年度、調查起始日、調查結束日、市政建設議題、電子檔,智慧通勤:0; 韌性防災:0; 永續環境:0; 食安健康:0; 勞動福祉:2; 文化共融:0
