city,dataset_id,dataset_no,name,theme,has_location,has_time,has_numeric,data_type,main_usage,cross_city_pair,priority_score,raw_theme,service_category,dataset_type,provider_level_1,provider_level_2,provider,update_frequency,format,language,published_at,access_url,description,fields,theme_score_detail
newtaipei,A409E68A-9155-4C87-A535-6C3C3BA3815D,,新北市自行車道建設統計資料(新),智慧通勤,True,True,True,area,通勤地圖與交通壓力分析,False,4,交通,交通及通訊,,,,新北市政府交通局/綜合規劃科/綜合規劃科第三股,每年,JSON、CSV、XML,中文,,https://data.ntpc.gov.tw/datasets/a409e68a-9155-4c87-a535-6c3c3ba3815d,提供新北市已完成自行車道、路線、里程資料及完工期程(民國年月),,智慧通勤:5; 韌性防災:0; 永續環境:0; 食安健康:0; 勞動福祉:0; 文化共融:0
taipei,c6bc8aed-557d-41d5-bfb1-8da24f78f2fb,00002442,YouBike2.0臺北市公共自行車即時資訊,智慧通勤,True,True,True,point,通勤地圖與交通壓力分析,False,4,交通,交通及通訊,原始資料,交通局,,交通局,每1分,JSON,中文,2020-10-20T00:00:00,https://tcgbusfs.blob.core.windows.net/dotapp/youbike/v2/youbike_immediate.json,YouBike2.0臺北市公共自行車即時資訊介接網址為https://tcgbusfs.blob.core.windows.net/dotapp/youbike/v2/youbike_immediate.json，檔案格式為json檔。,sno(站點代號)、sna(場站中文名稱)、quantity(場站總停車格)、available_rent_bikes(場站目前車輛數量)、sarea(場站區域)、mday(資料更新時間)、latitude(緯度)、longitude(經度)、ar(地點)、sareaen(場站區域英文)、snaen(場站名稱英文)、aren(地址英文)、available_return_bikes(空位數量)、act(全站禁用狀態)、srcUpdateTime(YouBike2.0系統發布資料更新的時間)、updateTime(大數據平台經過處理後將資料存入DB的時間)、infoTime(各場站來源資料更新時間)、infoDate(各場站來源資料更新時間),智慧通勤:7; 韌性防災:0; 永續環境:0; 食安健康:0; 勞動福祉:0; 文化共融:0
taipei,eb049598-8c99-45fe-a616-6a58cb171d31,00003898,捷運萬大中和樹林線第一期工程交通即時影像位置(一工處),智慧通勤,True,True,True,point,通勤地圖與交通壓力分析,False,4,交通,交通及通訊,原始資料,捷運局,捷運局一區工程處,捷運局捷運局一區工程處,不定期更新,CSV,中文,2021-04-07T00:00:00,/api/dataset/eb049598-8c99-45fe-a616-6a58cb171d31/resource/c2037818-dafa-44e1-b322-9b9a9f6a3c57/download,捷運萬大中和樹林線第一期工程交通即時影像位置(一工處)統計表,線別、標別、車站名、監造單位、監造工務所、工地主任、聯絡電話、聯絡地址、鏡頭位置、經度、緯度、來源網址,智慧通勤:5; 韌性防災:0; 永續環境:0; 食安健康:0; 勞動福祉:0; 文化共融:0
taipei,228985ae-9f28-4f63-85b3-38199359c938,00003484,聯營公車行車效率,智慧通勤,True,True,True,area,通勤地圖與交通壓力分析,False,4,交通,交通及通訊,網路服務,交通局,公運處,交通局公運處,不定期更新,CSV,中文,2020-12-01T00:00:00,/api/dataset/228985ae-9f28-4f63-85b3-38199359c938/resource/e2c9ef31-5fa3-400b-b4ea-1f35e1234cb2/download,年度、行駛路線數、平均每日營運車輛數、行駛次數（千段次）、每車每日平均（段次）、行駛里程（千公里）、每車每日平均（公里）、客運人數（千人次）、平均每日（人次）、每段次乘客（人次）、客運收入（千元）、每公里營收（元）、耗油情形（千公升）、捷運轉乘聯營公車優惠運量（千人次）,年度、行駛路線數、平均每日營運車輛數、行駛次數（千段次）、每車每日平均（段次）、行駛里程（千公里）、每車每日平均（公里）、客運人數（千人次）、平均每日（人次）、每段次乘客（人次）、客運收入（千元）、每公里營收（元）、耗油情形（千公升）、捷運轉乘聯營公車優惠運量（千人次）,智慧通勤:8; 韌性防災:0; 永續環境:0; 食安健康:0; 勞動福祉:0; 文化共融:0
taipei,0b8ff24b-2c7a-4365-8ed2-7b10bae60ebc,00000101,臺北市10大多事故路口,智慧通勤,True,True,True,point,通勤地圖與交通壓力分析,False,4,交通,交通及通訊,原始資料,交通局,,交通局,每1年,"CSV,CSV,CSV,CSV,CSV,CSV,CSV,CSV,CSV,CSV",中文,2012-10-03T00:00:00,"/api/dataset/0b8ff24b-2c7a-4365-8ed2-7b10bae60ebc/resource/739c79ce-099b-4d52-afb5-1b3628ce69cb/download,/api/dataset/0b8ff24b-2c7a-4365-8ed2-7b10bae60ebc/resource/815f788c-432f-46b8-a5bf-db47c0e6f9c2/download,/api/dataset/0b8ff24b-2c7a-4365-8ed2-7b10bae60ebc/resource/37b4acd7-36bd-46ae-9fe1-a37c8a681a75/download,/api/dataset/0b8ff24b-2c7a-4365-8ed2-7b10bae60ebc/resource/bce53cb2-1196-4224-9c1c-65f9ca745126/download,/api/dataset/0b8ff24b-2c7a-4365-8ed2-7b10bae60ebc/resource/3f5da767-a0a3-44ea-9bba-3a3e04b97fb7/download,/api/dataset/0b8ff24b-2c7a-4365-8ed2-7b10bae60ebc/resource/ac409199-02b1-4345-876a-c54cb144cd9f/download,/api/dataset/0b8ff24b-2c7a-4365-8ed2-7b10bae60ebc/resource/8f78ff1e-8ef1-42bb-8629-1870a673b2a4/download,/api/dataset/0b8ff24b-2c7a-4365-8ed2-7b10bae60ebc/resource/b8c9ed64-2305-4b08-836b-c05aa9d0aa5d/download,/api/dataset/0b8ff24b-2c7a-4365-8ed2-7b10bae60ebc/resource/ed58f706-b11c-435b-816c-83fc367319fc/download,/api/dataset/0b8ff24b-2c7a-4365-8ed2-7b10bae60ebc/resource/e773d1c5-7de6-4b27-b42d-c0726b04155c/download",臺北市多事故路口係採CBI指標合值方式排序，綜合考量路口總件數、A1事故件數、A2事故件數及A3事故件數（不含息事案件）等項作加權計算得出。(112年起採交通部道安總動員CBI指標合值計算),排序、路口、行政區、郵遞區號、地址-行政區域代碼,智慧通勤:4; 韌性防災:0; 永續環境:0; 食安健康:0; 勞動福祉:0; 文化共融:0
taipei,0816f991-e6c8-4da0-a789-d022fee1462b,00001378,臺北市115年度使用執照摘要,智慧通勤,True,True,True,point,通勤地圖與交通壓力分析,False,4,工務,公共資訊,原始資料,都發局,建管處,都發局建管處,每1月,XML,中文,2022-03-11T00:00:00,/api/dataset/0816f991-e6c8-4da0-a789-d022fee1462b/resource/74a8b311-906e-44c4-91fb-7f413842d4e1/download,當年度1月1日至前一個月月底使用執照摘要,執照年度、執照號碼、發照日期、原核發執照、設計人、監造人、承造人、建造類別、構造種類、使用分區、幢數、棟數、地上層數、地下層數、戶數、騎樓基地面積、其他基地面積、建築面積、法定空地面積、地上避難面積、地下避難面積、建物高度、工程金額、竣工日期、開工日期、地址、地段號、樓層、說明、停車空間說明、法令、備註說明、變更概要,智慧通勤:1; 韌性防災:1; 永續環境:0; 食安健康:0; 勞動福祉:0; 文化共融:0
taipei,2f238b4f-1b27-4085-93e9-d684ef0e2735,00001025,臺北市A1及A2交通事故資料,智慧通勤,True,True,True,point,通勤地圖與交通壓力分析,False,4,交通,交通及通訊,原始資料,警察局,交通大隊,警察局交通大隊,每1年,"CSV,CSV,CSV,CSV,CSV,CSV,CSV,CSV,CSV,CSV,CSV,CSV,CSV,CSV",中文,2021-07-01T00:00:00,"/api/dataset/2f238b4f-1b27-4085-93e9-d684ef0e2735/resource/4c71c50e-9851-471d-8acc-5e8362b0f8e0/download,/api/dataset/2f238b4f-1b27-4085-93e9-d684ef0e2735/resource/0c6e230f-32b7-4ef4-a03c-e66ce35bfb86/download,/api/dataset/2f238b4f-1b27-4085-93e9-d684ef0e2735/resource/8a319d4b-cadf-436e-8396-d1a356b6c886/download,/api/dataset/2f238b4f-1b27-4085-93e9-d684ef0e2735/resource/1a08afea-6b2e-4c07-a7a2-17dfba7541f5/download,/api/dataset/2f238b4f-1b27-4085-93e9-d684ef0e2735/resource/abf81068-1bb7-414f-868e-29dffd7561bf/download,/api/dataset/2f238b4f-1b27-4085-93e9-d684ef0e2735/resource/341f2def-117a-481b-80f7-179a03dc296f/download,/api/dataset/2f238b4f-1b27-4085-93e9-d684ef0e2735/resource/98b5e133-4478-4541-9e12-e8f721f0b03b/download,/api/dataset/2f238b4f-1b27-4085-93e9-d684ef0e2735/resource/ebdbe6de-71da-4a42-aed4-21b818e79f70/download,/api/dataset/2f238b4f-1b27-4085-93e9-d684ef0e2735/resource/660d29dd-1399-4898-abc5-3e624708d5e4/download,/api/dataset/2f238b4f-1b27-4085-93e9-d684ef0e2735/resource/fd15b53c-b417-4217-9409-f93db1d7fed2/download,/api/dataset/2f238b4f-1b27-4085-93e9-d684ef0e2735/resource/cd47ccc6-9ebc-4120-8a86-4622f653b29a/download,/api/dataset/2f238b4f-1b27-4085-93e9-d684ef0e2735/resource/83d6d29c-6801-41a2-95c6-47d551646db3/download,/api/dataset/2f238b4f-1b27-4085-93e9-d684ef0e2735/resource/f47c1289-9e2f-49aa-a328-37708402a9ac/download,/api/dataset/2f238b4f-1b27-4085-93e9-d684ef0e2735/resource/2b92f718-bc87-4260-9b38-68d48bf01658/download",提供臺北市A1及A2類交通事故明細。,發生年度、發生月、發生日、發生時-Hours、發生分、處理別-編號、區序、肇事地點、死亡人數、2-30日死亡人數、受傷人數、當事人序號、車種、天候、光線、道路類別、速限-速度限制、道路型態、事故位置、路面狀況1、路面狀況2、路面狀況3、道路障礙1、道路障礙2、號誌1、號誌2、車道劃分-分向、車道劃分-分道1、車道劃分-分道2、車道劃分-分道3、事故類型及型態、性別、年齡、受傷程度、主要傷處、保護裝置、行動電話、車輛用途、當事者行動狀態、駕駛資格情形、駕駛執照種類、飲酒情形、車輛撞擊部位1、車輛撞擊部位2、肇因碼-個別、肇因碼-主要、個人肇逃否、職業、座標-X、座標-Y,智慧通勤:5; 韌性防災:0; 永續環境:0; 食安健康:0; 勞動福祉:0; 文化共融:0
taipei,83f11e5c-fd59-40b4-906a-47a043a373ea,00029374,臺北市YouBike2.0各行政區站位數,智慧通勤,True,True,True,area,通勤地圖與交通壓力分析,False,4,交通,交通及通訊,原始資料,交通局,,交通局,每3月,CSV,中文,2022-06-27T00:00:00,/api/dataset/83f11e5c-fd59-40b4-906a-47a043a373ea/resource/2a8b91df-963c-4a48-8a02-f2bb2797679c/download,提供臺北市YouBike2.0各行政區站位數，檔案格式為CSV檔,發布時間（民國年月）、發布機關名稱、機關代碼、行政區、站數量（站位數）,智慧通勤:4; 韌性防災:0; 永續環境:0; 食安健康:0; 勞動福祉:0; 文化共融:0
taipei,fe8a0ddd-6f70-4e63-92a1-a3463c790a1b,00032038,臺北市YouBike區域互補站點,智慧通勤,True,True,True,point,通勤地圖與交通壓力分析,False,4,交通,求學及進修,原始資料,資訊局,,資訊局,不定期更新,CSV,中文,2023-11-17T00:00:00,/api/dataset/fe8a0ddd-6f70-4e63-92a1-a3463c790a1b/resource/6d38ddf5-ae05-4dab-ac24-1e05f5841b01/download,"根據YouBike交易資料計算，互補人數越高代表某兩站越可以被視為共同提供服務。
具體來說，根據卡、借/還、上午/下午將某月交易切分多個子集，逐子集使用DBSCAN(200, 2)進行分群，最後統計A站與B站在多少張卡中被分為一群。
資料分析範圍為112年7月整。",times（互補人數）、stop_id1（站點ID1）、longitude1（經度）、latitude1（緯度）、stop_id2（站點ID2）、longitude2、latitude2,智慧通勤:4; 韌性防災:0; 永續環境:0; 食安健康:0; 勞動福祉:0; 文化共融:0
taipei,e521c4cb-8f72-4cd4-a53d-9bbe6fff2137,00004009,臺北市YouBike場站建置成本,智慧通勤,True,True,True,point,通勤地圖與交通壓力分析,False,4,交通,交通及通訊,原始資料,交通局,,交通局,每1年,CSV,中文,2021-09-24T00:00:00,/api/dataset/e521c4cb-8f72-4cd4-a53d-9bbe6fff2137/resource/ff1c5bd3-99d5-455c-8892-8debd0b41f26/download,提供臺北市YouBike各場站建置成本，檔案格式為csv檔,發布機關名稱、機關代碼、場站編號、站名、金額（土木施工費用）,智慧通勤:5; 韌性防災:0; 永續環境:0; 食安健康:0; 勞動福祉:0; 文化共融:0
taipei,65f4c67c-56c8-4b52-abda-5b58946dfecd,00034442,臺北市YouBike見位率統計,智慧通勤,True,True,True,point,通勤地圖與交通壓力分析,False,4,交通,交通及通訊,原始資料,資訊局,,資訊局,不定期更新,"CSV,CSV",中文,2025-09-24T00:00:00,"/api/dataset/65f4c67c-56c8-4b52-abda-5b58946dfecd/resource/5aba9d7e-5594-4281-97bf-a2a9c11ab684/download,/api/dataset/65f4c67c-56c8-4b52-abda-5b58946dfecd/resource/d969e222-7fb3-49f1-95f7-3894a8b9f2bb/download",根據YouBike即時資訊回傳資料計算，見位率越高代表某站越多車柱可還。 具體來說，見位率定義為某站當天若有正常營運，在06:00~23:59間站上至少有1個車位的時間比例。 90%以上為高見位率；60%~90%為中見位率；60%以下為低見位率。 資料分析範圍為114年12月整。,站點ID(stop_id)、站點名稱(stop_name)、車柱數(capacity)、經度(longitude)、緯度(latiitude)、見位等級(category)、點座標(geometry),智慧通勤:5; 韌性防災:0; 永續環境:0; 食安健康:0; 勞動福祉:0; 文化共融:0
taipei,ba0dafae-043c-4730-b97e-2defd7af766c,00032036,臺北市YouBike見車率統計,智慧通勤,True,True,True,point,通勤地圖與交通壓力分析,False,4,交通,交通及通訊,原始資料,資訊局,,資訊局,不定期更新,"CSV,GEOJSON,CSV",中文,2023-11-17T00:00:00,"/api/dataset/ba0dafae-043c-4730-b97e-2defd7af766c/resource/8827f8ee-8bbd-4626-8880-e5497ebc065a/download,/api/dataset/ba0dafae-043c-4730-b97e-2defd7af766c/resource/fa4562df-ff9c-4156-b74f-f94c8710e08c/download,/api/dataset/ba0dafae-043c-4730-b97e-2defd7af766c/resource/55a1ce30-7c99-497c-bdcd-bb88b848c803/download","根據YouBike即時資訊回傳資料計算，見車率越高代表某站越多車輛可借。 具體來說，見車率定義為某站當天若有正常營運，在06:00~23:59間站上至少有1台車的時間比例。 90%以上為高見車率；60%~90%為中見車率；60%以下為低見車率。 資料分析範圍為114年12月整。　
",站點ID(stop_id)、站點名稱(stop_name)、車柱數(capacity)、經度(longitude)、緯度(latitude)、見車等級(category)、點座標(geometry),智慧通勤:4; 韌性防災:0; 永續環境:0; 食安健康:0; 勞動福祉:0; 文化共融:0
taipei,c7dbdb7c-6bbd-495a-bd23-49b22defd83e,00032035,臺北市YouBike起訖站點統計,智慧通勤,True,True,True,point,通勤地圖與交通壓力分析,False,4,交通,交通及通訊,原始資料,資訊局,,資訊局,不定期更新,"GEOJSON,GEOJSON,GEOJSON,GEOJSON,GEOJSON,GEOJSON",中文,2023-11-17T00:00:00,"/api/dataset/c7dbdb7c-6bbd-495a-bd23-49b22defd83e/resource/bb00cae4-2f06-484d-9b97-26fc9221757d/download,/api/dataset/c7dbdb7c-6bbd-495a-bd23-49b22defd83e/resource/a1b54bc5-02f9-4f82-accf-61b4105227d0/download,/api/dataset/c7dbdb7c-6bbd-495a-bd23-49b22defd83e/resource/61c37572-4eab-43d9-a786-ccdea631b871/download,/api/dataset/c7dbdb7c-6bbd-495a-bd23-49b22defd83e/resource/0a875ec8-c974-49ac-bbfc-887f220f403a/download,/api/dataset/c7dbdb7c-6bbd-495a-bd23-49b22defd83e/resource/4b7341cf-22c2-4dd1-9121-9a916d46e6d1/download,/api/dataset/c7dbdb7c-6bbd-495a-bd23-49b22defd83e/resource/4b71676f-f52b-4125-ac2b-dd794d2e8501/download","根據YouBike交易資料計算，統計不同起訖站總交易次數。
因週間（星期一~五）與週末（六日）有不同的使用者群像，因此分別進行統計。
資料分析範圍為114年12月整。",on_stop_id(借車站點ID)、off_stop_id(還車站點ID)、on_stop(借車站點名稱)、off_stop(還車站點名稱)、sum_of_txn_times(交易次數)、district_origin(借車站點行政區)、district_destination(還車站點行政區)、width(建議視覺化線寬)、geometry(線座標),智慧通勤:5; 韌性防災:0; 永續環境:0; 食安健康:0; 勞動福祉:0; 文化共融:0
taipei,2bd98881-744c-46e7-970e-4d06f420e14b,00034443,臺北市YouBike電輔車起訖站點統計,智慧通勤,True,True,True,point,通勤地圖與交通壓力分析,False,4,交通,交通及通訊,原始資料,資訊局,,資訊局,不定期更新,"GEOJSON,GEOJSON,GEOJSON,GEOJSON",中文,2025-09-24T00:00:00,"/api/dataset/2bd98881-744c-46e7-970e-4d06f420e14b/resource/7cec1c75-7ee2-4bb8-bc02-84eb31fd8a01/download,/api/dataset/2bd98881-744c-46e7-970e-4d06f420e14b/resource/14919ece-8c2f-4f19-b074-0d2255e6c13e/download,/api/dataset/2bd98881-744c-46e7-970e-4d06f420e14b/resource/4e3c9efd-a53c-497d-8eb1-5e8b1e31e79d/download,/api/dataset/2bd98881-744c-46e7-970e-4d06f420e14b/resource/15c3a2aa-4bac-4862-8ce6-998e42ab25f0/download",根據YouBike2.0E交易資料計算，統計不同起訖站總交易次數。 因週間（星期一~五）與週末（六日）有不同的使用者群像，因此分別進行統計。 資料分析範圍為114年12月整。,借車站點ID(on_stop_id)、還車站點ID(off_stop_id)、借車站點名稱(on_stop)、還車站點稱(off_stop)、交易次數(sum_of_txn_times)、借車站點行政區(district_origin)、還車站點行政區(district_destination)、建議視覺化線寬(width)、線座標(geometry),智慧通勤:5; 韌性防災:0; 永續環境:0; 食安健康:0; 勞動福祉:0; 文化共融:0
taipei,3c834e59-1bd5-48ed-beaa-c72d13ada512,00002743,臺北市人行道,智慧通勤,True,True,True,area,通勤地圖與交通壓力分析,False,4,統計,公共資訊,原始資料,主計處,,主計處,每1年,CSV,中文,2020-11-04T00:00:00,https://tsis.dbas.gov.taipei/statis/webMain.aspx?sys=220&ymf=6300&kind=21&type=0&funid=a05020401&cycle=4&outmode=12&compmode=0&outkind=1&deflst=2&nzo=1,"臺北市人行道時間數列統計資料
",統計期、長度[公尺]、面積[平方公尺]、完工工程/項數[項]、完工工程/長度[公尺]、完工工程/總面積[平方公尺]、應設置人行道路段長度[公尺]、已設置人行道路段長度[公尺],智慧通勤:1; 韌性防災:0; 永續環境:0; 食安健康:0; 勞動福祉:0; 文化共融:0
taipei,d5c0656b-5250-4179-a491-c94daa56ef2c,00000347,臺北市停車場資訊,智慧通勤,True,True,True,point,通勤地圖與交通壓力分析,False,4,交通,交通及通訊,原始資料,交通局,停管處,交通局停管處,每1月,"XML,JSON,JSON",中文,2012-01-09T00:00:00,"https://tcgbusfs.blob.core.windows.net/blobtcmsv/TCMSV_allCMSavailable.xml,https://tcgbusfs.blob.core.windows.net/blobtcmsv/TCMSV_alldesc.json,https://tcgbusfs.blob.core.windows.net/blobtcmsv/TCMSV_allavailable.json",停車場動態資訊,靜態資料:UpdateTime：靜態資料更新時間、ID：停車場的編號、AREA：行政區、NAME：停車場名稱、TYPE: 1:動態停車場(可取得目前剩餘車位數) 2:靜態停車場、TYPE2: 1:停管處經營 2:非停管處經營、SUMMARY：停車場概況、ADDRESS：停車場地址、TEL：停車場電話、PAYEX：停車場收費資訊、TOTALCAR：停車場（汽車）總車位數、TOTALMOTOR：停車場（機車）總格位數、TOTALBIKE：停車場（腳踏車）總車架數、TOTALBUS：停車場（大客車）總車位數、StationName：充電站名稱、StationAddr：充電站地址、locLongitude：充電站經度、locLatitude：充電站緯度、openFlag：充電站是否對外開放、isCharge：充電站是否收費、contactName：充電站聯絡人姓名、contactMobilNo：充電站聯絡人電話、scoketCount：該站充電座數、availableCount：該站目前可用充電數、country：充電站所在地的鎮市區、town：充電站所在地的縣市、Pregnancy_First：孕婦優先車格位數、Handicap_First：身障車格位數、TOTALLARGEMOTOR：重機停車位數、ChargingStation：充電站數、SERVICETIME:開放時間、TW97X:TWD97 X座標值、TW97Y: TWD97 Y座標值、FareInfo：費率資訊、WorkingDay：一般日、Period：某時段（例如：00～09表示凌晨0時至上午9時）、Fare：一般費率、Holiday：假日、 Period：某時段、 Fare：假日費率、Handicap_Discount：是否有身障優惠、Entrancecoord：入口座標資訊、EntrancecoordInfo：某一入口、 Xcod：WGS  X座標值（經度）、 Ycod：WGS  Y座標值（緯度）、Addresss：地址、 動態資料:、UpdateTime：動態資料更新時間、PARK：某一停車場的資料、ID：停車場的編號、AVAILABLECAR：停車場（汽車）目前之剩餘車位數，要是數值等於-9，表示本停車場目前無法提供即時車位數資訊（若為-13、-12、-11表示雖無格數，但可以顯示滿車率，-11：剩餘格位足夠、-12：剩餘格位不足半數、-13：剩餘格數不足）。、AVAILABLEMOTOR：停車場（機車）目前之剩餘格位數，要是數值等於-9，表示本停車場目前無法提供即時格位數資訊（若為-13、-12、-11表示雖無格數，但可以顯示滿車率，-11：剩餘格位足夠、-12：剩餘格位不足半數、-13：剩餘格數不足）。、AVAILABLEBUS：停車場（大客車）目前之剩餘車位數，要是數值等於-9，表示本停車場目前無法提供即時車位數資訊（若為-13、-12、-11表示雖無格數，但可以顯示滿車率，-11：剩餘格位足夠、-12：剩餘格位不足半數、-13：剩餘格數不足）。、ALT_PAK1：依由近而遠之距離提供滿場替代停車場ID編號、ALT_PAK2：依由近而遠之距離提供滿場替代停車場ID編號、ALT_PAK3：依由近而遠之距離提供滿場替代停車場ID編號、scoketStatusList：充電座狀態集、spot_abrv：充電座編號、spot_status：充電座狀態,智慧通勤:5; 韌性防災:0; 永續環境:0; 食安健康:0; 勞動福祉:0; 文化共融:0
taipei,08f9bc00-b1e9-4f6e-9199-0da74d8ad930,00000596,臺北市公有路外停車場無障礙設施設置情形,智慧通勤,True,True,True,point,通勤地圖與交通壓力分析,False,4,交通,交通及通訊,原始資料,交通局,停管處,交通局停管處,不定期更新,CSV,中文,2020-07-14T00:00:00,/api/dataset/08f9bc00-b1e9-4f6e-9199-0da74d8ad930/resource/936e3be6-e029-4bdf-9199-a8b8fb482df6/download,公有路外停車場無障礙相關設施設置情形,"編號、行政區、停車場名稱、地址、身心障礙汽車格位統計數值、身心障礙機車格位統計數值、無障礙電梯、無障礙廁所、無障礙樓梯扶手、TMPX、
TMPY、QUERYSERVICECODE
",智慧通勤:4; 韌性防災:0; 永續環境:0; 食安健康:0; 勞動福祉:0; 文化共融:0
taipei,11fa1dbc-4952-46b7-a319-1c3cbefba741,00003808,臺北市公路里程概況,智慧通勤,True,True,True,area,通勤地圖與交通壓力分析,False,4,統計,交通及通訊,原始資料,主計處,,主計處,每1年,CSV,中文,2021-02-25T00:00:00,https://tsis.dbas.gov.taipei/statis/webMain.aspx?sys=220&ymf=8700&kind=21&type=0&funid=a05043101&cycle=4&outmode=12&compmode=0&outkind=1&deflst=2&nzo=1,臺北市公路里程概況時間數列統計資料,統計期、總長度數值[公里]、公路長度數值/合計[公里]、公路長度數值/國道[公里]、公路長度數值/省道[公里]、公路長度數值/市道[公里]、公路長度數值/區道[公里]、公路長度數值/專用道路[公里]、市區道路長度數值[公里],智慧通勤:2; 韌性防災:0; 永續環境:0; 食安健康:0; 勞動福祉:0; 文化共融:0
taipei,bd0c2b6b-7b73-4b08-9b5a-1fde6b65f8d3,00002545,臺北市公車客運概況按月別,智慧通勤,True,True,True,area,通勤地圖與交通壓力分析,False,4,統計,交通及通訊,原始資料,主計處,,主計處,每1月,CSV,中文,2022-03-17T00:00:00,https://tsis.dbas.gov.taipei/statis/webMain.aspx?sys=220&ymf=8701&kind=21&type=0&funid=a04002501&cycle=1&outmode=12&compmode=0&outkind=3&deflst=2&nzo=1,臺北市公車客運概況按月別時間數列統計資料,統計期、路線數/聯營[線]、路線數/小型[線]、行駛車輛數[平均行駛延日車數]、每車每日平均行駛次數[次]、每車每日平均行駛公里[公里]、平均每日客運人次[人次]、平均每車車次客運人次[人次]、客運收入[千元],智慧通勤:4; 韌性防災:0; 永續環境:0; 食安健康:0; 勞動福祉:0; 文化共融:0
taipei,0e983b2f-3400-40eb-b809-98c1b8e96b50,00003409,臺北市取締併排停車前十大路口件數表,智慧通勤,True,True,True,area,通勤地圖與交通壓力分析,False,4,交通,交通及通訊,原始資料,警察局,交通大隊,警察局交通大隊,每1年,"CSV,CSV,CSV,CSV",中文,2021-07-01T00:00:00,"/api/dataset/0e983b2f-3400-40eb-b809-98c1b8e96b50/resource/3db56b41-140c-4c19-bf97-10fc1ab22d5d/download,/api/dataset/0e983b2f-3400-40eb-b809-98c1b8e96b50/resource/0fb50166-e6e3-4e13-a6ae-fdddcc83b609/download,/api/dataset/0e983b2f-3400-40eb-b809-98c1b8e96b50/resource/ce7db332-7905-454d-9962-97379022972f/download,/api/dataset/0e983b2f-3400-40eb-b809-98c1b8e96b50/resource/0af0ef1d-8234-4442-bc8f-f6b9449c556f/download",提供臺北市違規併排停車前十名地點及件數統計資料。,"序號、年度、縣市、縣市代碼、路口名、筆數
",智慧通勤:4; 韌性防災:0; 永續環境:0; 食安健康:0; 勞動福祉:0; 文化共融:0
taipei,a0ba9602-82ad-4330-a9e6-7c09826a518a,00003410,臺北市取締超速前十大路段件數表,智慧通勤,True,True,True,area,通勤地圖與交通壓力分析,False,4,交通,交通及通訊,原始資料,警察局,交通大隊,警察局交通大隊,每1年,"CSV,CSV,CSV,CSV,CSV",中文,2021-07-01T00:00:00,"/api/dataset/a0ba9602-82ad-4330-a9e6-7c09826a518a/resource/d2cd56fa-c286-4c8e-88f6-30c8742c4bbf/download,/api/dataset/a0ba9602-82ad-4330-a9e6-7c09826a518a/resource/3e78469d-da5f-4127-ac22-fe836007954b/download,/api/dataset/a0ba9602-82ad-4330-a9e6-7c09826a518a/resource/41ab2c61-9167-4d8e-bf52-0102e0acc0d4/download,/api/dataset/a0ba9602-82ad-4330-a9e6-7c09826a518a/resource/c1e90cfc-8617-4188-83ab-79396b530334/download,/api/dataset/a0ba9602-82ad-4330-a9e6-7c09826a518a/resource/3748c6e8-df4a-4331-8312-c0561a46e6bb/download",提供臺北市違規超速前十名地點及件數統計資料。,序號、年度、縣市、縣市代碼、路段名、筆數,智慧通勤:3; 韌性防災:0; 永續環境:0; 食安健康:0; 勞動福祉:0; 文化共融:0
taipei,d634cf34-a323-4c53-a16e-9d9530cf4237,00003407,臺北市取締酒後駕車前十大路口件數表,智慧通勤,True,True,True,area,通勤地圖與交通壓力分析,False,4,交通,交通及通訊,原始資料,警察局,交通大隊,警察局交通大隊,每1年,"CSV,CSV,CSV,CSV,CSV",中文,2021-07-01T00:00:00,"/api/dataset/d634cf34-a323-4c53-a16e-9d9530cf4237/resource/664eec00-aba0-4f97-91d3-86d9696b49c1/download,/api/dataset/d634cf34-a323-4c53-a16e-9d9530cf4237/resource/7665c87b-ff58-4473-9ef9-f7eca848a9c1/download,/api/dataset/d634cf34-a323-4c53-a16e-9d9530cf4237/resource/fd09dd74-4854-4c5b-99ab-2d00c7316545/download,/api/dataset/d634cf34-a323-4c53-a16e-9d9530cf4237/resource/f620aa27-d3ec-4641-898f-33298dcb2852/download,/api/dataset/d634cf34-a323-4c53-a16e-9d9530cf4237/resource/a2ead4fa-6533-4147-b6c9-85d702496ab4/download",提供臺北市違規酒後駕車前十名地點及件數統計資料。,序號、年度、縣市、縣市代碼、路口名、筆數,智慧通勤:3; 韌性防災:0; 永續環境:0; 食安健康:0; 勞動福祉:0; 文化共融:0
taipei,ae0f169b-c99e-4e8b-8267-a3ae1c81fecf,00003408,臺北市取締闖紅燈前十大路口件數表,智慧通勤,True,True,True,area,通勤地圖與交通壓力分析,False,4,交通,交通及通訊,原始資料,警察局,交通大隊,警察局交通大隊,每1年,"CSV,CSV,CSV,CSV,CSV",中文,2021-07-01T00:00:00,"/api/dataset/ae0f169b-c99e-4e8b-8267-a3ae1c81fecf/resource/64b94261-cd0c-4614-a4de-3a88622b5e09/download,/api/dataset/ae0f169b-c99e-4e8b-8267-a3ae1c81fecf/resource/7e20baf8-a61e-4e26-895b-d663ff5e1694/download,/api/dataset/ae0f169b-c99e-4e8b-8267-a3ae1c81fecf/resource/da039398-c50b-4b95-aa48-26b96069fe40/download,/api/dataset/ae0f169b-c99e-4e8b-8267-a3ae1c81fecf/resource/28bb2479-04ad-4326-a51a-7172cb313c74/download,/api/dataset/ae0f169b-c99e-4e8b-8267-a3ae1c81fecf/resource/ca96eec8-7b47-4d59-9eac-51ee05884099/download",提供臺北市違規闖紅燈前十名地點及件數統計資料。,序號、年度、縣市、縣市代碼、路口名、筆數,智慧通勤:3; 韌性防災:0; 永續環境:0; 食安健康:0; 勞動福祉:0; 文化共融:0
taipei,99392a71-4e8a-42e1-b605-20dfa7bb5f8c,00001998,臺北市各行政區路邊收費路段資訊,智慧通勤,True,True,True,area,通勤地圖與交通壓力分析,False,4,交通,交通及通訊,原始資料,交通局,停管處,交通局停管處,不定期更新,ODS,中文,2020-10-07T00:00:00,/api/dataset/99392a71-4e8a-42e1-b605-20dfa7bb5f8c/resource/86d2a8b6-c360-4349-956d-dd7771cccf91/download,臺北市各行政區路邊收費路段相關資訊, 路段名稱、起迄路段、小型車數量（路邊計時）、大型車數量（路邊計時）、小型車數量（路邊計次）、大型車數量（路邊計次）、機車數量（路邊計次）、收費時間、費率（元）、收費日（星期）,智慧通勤:3; 韌性防災:0; 永續環境:0; 食安健康:0; 勞動福祉:0; 文化共融:0
taipei,745b8808-061f-4f5b-9a62-da1590c049a9,00000058,臺北市固定測速照相地點表,智慧通勤,True,True,True,point,通勤地圖與交通壓力分析,False,4,交通,交通及通訊,原始資料,警察局,交通大隊,警察局交通大隊,不定期更新,"CSV,CSV",中文,2021-09-01T00:00:00,"/api/dataset/745b8808-061f-4f5b-9a62-da1590c049a9/resource/5012e8ba-5ace-4821-8482-ee07c147fd0a/download,/api/dataset/745b8808-061f-4f5b-9a62-da1590c049a9/resource/4ca9b0b9-ba80-4cfa-973e-cd7e4dd1f6f1/download",提供臺北市現有車輛超速自動照相設備之設置地點及地點路段之限速值及區間測速舉發件數等資料。,編號、功能、設置路段、設置地點、緯度、經度、轄區、拍攝方向、速限-速度限制、縣市、縣市代碼,智慧通勤:3; 韌性防災:0; 永續環境:0; 食安健康:0; 勞動福祉:0; 文化共融:0
taipei,985743f7-a33e-4ac1-ad2e-7ef5ffea02e2,00000557,臺北市婦幼安全警示地點,智慧通勤,True,True,True,area,通勤地圖與交通壓力分析,False,4,統計,生活安全及品質,原始資料,警察局,婦幼隊,警察局婦幼隊,每6月,CSV,中文,2022-01-21T00:00:00,/api/dataset/985743f7-a33e-4ac1-ad2e-7ef5ffea02e2/resource/f87ecf10-7379-49de-8945-cb50017ec838/download,「婦幼安全警示地點」係指近三年來曾有民眾通報或曾發生兩造當事人為陌生關係婦幼被害案件（包括刑法妨害性自主罪、第234條公然猥褻罪、第315條之1妨害秘密罪、性騷擾防治法第25條性騷擾罪等性別暴力犯罪）於道路、公園及廣場之公共場所、路段，經警察機關依轄區特性評估確為應提醒婦女、兒童及少年等弱勢族群注意安全，防範被害之地點。,編號、縣市別代碼、地點位置、管轄分局、郵遞區號、備註,智慧通勤:1; 韌性防災:0; 永續環境:0; 食安健康:0; 勞動福祉:1; 文化共融:0
taipei,4672b96f-1212-4977-a4be-36f224188de8,00002990,臺北市家庭住宅及主要設備概況－行政區別按年別,智慧通勤,True,True,True,area,通勤地圖與交通壓力分析,False,4,統計,公共資訊,原始資料,主計處,,主計處,每1年,CSV,中文,2021-12-09T00:00:00,/api/dataset/4672b96f-1212-4977-a4be-36f224188de8/resource/ca6c645f-3cd7-4f3b-9ddb-4b634d24d289/download,臺北市家庭住宅及主要設備概況－行政區別按年別時間數列統計資料,年別、行政區、家庭戶數、每戶人數、每戶成年人數、每戶就業人數、每戶所得收入者人數、1.住宅所有權[1]自有[Percent]、[2]不住在一起的配偶父母或子女所擁有[Percent]、[3]租押[Percent]、[4]其它[含配住及借用][Percent]、2.住宅用途[1]專用[Percent]、[2]併用[Percent]、3.建築式樣[1]平房[Percent]、[2]二~三層樓[Percent]、[3]四~五層樓[Percent]、[4]六層樓以上[Percent]、4.具有自來水設備[Percent]、5.有車家庭停車位情形[1]自有停車位[Percent]、[2]租借停車位[Percent]、[3]無停車位[Percent]、6.每戶建坪[坪][Percent]、[1]彩色電視機[Percent]、一般彩色電視機[Percent]、液晶電漿電視機[Percent]、[2]數位影音光碟機[Percent]、[3]攝影機[Percent]、[4]音響[Percent]、[5]鋼琴[含電子琴][Percent]、[6]數位相機[Percent]、[7]電視遊樂器[Percent]、[8]有線電視頻道設備 [含多媒體隨選視訊][Percent]、[9]家用電腦[Percent]、[10]電話機[Percent]、[11]行動電話[Percent]、[12]連網[使用電腦及其他設備][Percent]、[13]汽車[Percent]、[14]機車[Percent]、[15]電磁爐[Percent]、[16]冷暖氣機[Percent]、[17]除濕機[Percent]、[18]洗衣機[Percent]、[19]烘衣機[Percent]、[20]空氣清淨機[Percent]、[21]濾水器[Percent]、[22]吸塵器[Percent]、[23]熱水器[Percent]、[24]開飲機[Percent]、[25]微波爐[Percent]、[26]報紙[Percent]、[27]期刊雜誌[Percent],智慧通勤:2; 韌性防災:0; 永續環境:1; 食安健康:0; 勞動福祉:1; 文化共融:0
taipei,d4142821-6cb6-4678-8fd6-709f620ced26,00004059,臺北市家庭收支－行政區別按年別（109年以後）,智慧通勤,True,True,True,area,通勤地圖與交通壓力分析,False,4,統計,公共資訊,原始資料,主計處,,主計處,每1年,"CSV,CSV",中文,2021-12-09T00:00:00,"/api/dataset/d4142821-6cb6-4678-8fd6-709f620ced26/resource/7d2c35f3-6621-4265-9ce0-dc4a9ab5e3ad/download,/api/dataset/d4142821-6cb6-4678-8fd6-709f620ced26/resource/edb509f2-1cb2-46a9-bdb2-f48ac5bebef5/download",臺北市家庭收支－行政區別按年別時間數列統計資料,年別、行政區、家庭戶數、每戶人數、每戶成年人數、每戶就業人數、每戶所得收入者人數、[一]所得收入總計[NT]、1.受僱人員報酬[NT]、[1]本業薪資[NT]、[2]兼業薪資[NT]、[3]其他收入[NT]、2.產業主所得[NT]、3.財產所得收入[NT]、4.自用住宅設算租金收入[NT]、5.經常移轉收入[NT]、[1]從私人[NT]、[2]從政府[NT]、[3]社會保險受益[NT]、[4]從企業[NT]、[5]從國外[NT]、6.雜項收入[NT]、[二]非消費支出[NT]、1.利息支出[NT]、2.經常移轉支出[NT]、[1]對私人[NT]、[2]對政府[NT]、[3]社會保險[NT]、[4]對國外[NT]、[三]消費支出[NT]、1.食品及非酒精飲料[NT]、2.菸酒及檳榔[NT]、3.衣著鞋襪及服飾用品[NT]、4.住宅服務水電瓦斯及其他燃料[NT]、[1]住宅服務[NT]、[2]水電費及及燃料[NT]、5.家具設備及家務維護[NT]、6.醫療保健[NT]、7.交通[NT]、[1]個人交通工具之購置[NT]、[2]個人交通設備管理維護[NT]、[3]客運與貨物運輸服務[NT]、8.資通訊 [NT]、9.休閒運動與文化[NT]、[1]套裝旅遊[不含自助旅遊][NT]、[2]休閒運動與文化用品[NT]、[3]休閒運動與文化服務[NT]、[4]書報雜誌文具[NT]、10.教育服務[NT]、11.餐廳及住宿服務[NT]、[1]婚生壽喪祭宴費[NT]、[2]餐飲服務[NT]、[3]住宿服務[不含套裝旅遊之住宿][NT]、12.保險及金融服務[NT]、13.個人清潔照護社會保障及其他[NT]、可支配所得[NT]、消費支出[NT]、儲蓄[NT]、所得總額[NT],智慧通勤:3; 韌性防災:0; 永續環境:0; 食安健康:3; 勞動福祉:3; 文化共融:2
taipei,a9a97996-3a55-46c8-9076-e5ebdefad6dc,00000423,臺北市實價周報,智慧通勤,True,True,True,area,通勤地圖與交通壓力分析,False,4,地政,購屋及遷徙,原始資料,地政局,,地政局,每7日,CSV,中文,2019-03-06T00:00:00,/api/dataset/a9a97996-3a55-46c8-9076-e5ebdefad6dc/resource/2979c431-7a32-4067-9af2-e716cd825c4b/download,臺北市不動產成交案件實際資訊申報登錄資訊(係為產製當時之資料，後續系統維護致資料異動，可利用臺北地政雲(https://cloud.land.gov.taipei/)所提供不動產交易實價查詢功能查閱最新實價資訊狀態，該系統會同步更新買賣、預售屋及租賃之交易實價資料。,成交案件類型(CASE_T)、行政區(DISTRICT)、交易標的/租賃標的(CASE_F)、預售屋建案名稱(BUILD_NAME)、土地區段位置或建物區門牌(LOCATION)、土地移轉總面積(坪)/土地租賃總面積(坪)(LANDA)、都市土地使用分區(LANDA_Z)、交易年月(SDATE)、交易筆棟數/租賃筆棟數(SCNT)、預售屋交易標的(TRANS_TARGET)、移轉層次(SBUILD)、總樓層數(TBUILD)、建物型態(BUITYPE)、主要用途(PBUILD)、主要建材(MBUILD)、建築完成年月(FDATE)、建物移轉總面積(坪)/租賃總面積(坪)(FAREA)、建物現況格局_房(BUILD_R)、建物現況格局_廳(BUILD_L)、建物現況格局_衛(BUILD_B)、建物現況格局_隔間(BUILD_P)、有無管理組織(RULE)、有無附傢俱(BUILD_C)、交易總價(萬元)/租賃總價(萬元)(TPRICE)、交易單價(萬元/坪)/租賃單價(元/坪)(UPRICE)、單價是否含車位(UPNOTE)、車位類別及數量(PARKTYPE)、車位移轉總面積(坪)/車位租賃總面積(坪)(PAREA)、車位移轉總價(萬元)/車位租賃總價(元)(PPRICE)、有無電梯(ELEVATOR)、主建物總面積(MB_AREA)、附屬建物總面積(SB_AREA)、共有部分總面積(PU_AREA)、備註(RMNOTE)、建物出租型態(RENT_TYPE)、租賃期間(RENT_PERIOD)、有無管理員(MANAGE)、租賃住宅服務(RENT_SERVICE),智慧通勤:1; 韌性防災:0; 永續環境:0; 食安健康:0; 勞動福祉:0; 文化共融:0
taipei,06afe8c7-37a0-4584-879e-a8da5b03c59d,00002393,臺北市市區公車肇事資料,智慧通勤,True,True,True,area,通勤地圖與交通壓力分析,False,4,交通,交通及通訊,原始資料,交通局,公運處,交通局公運處,不定期更新,CSV,中文,2020-10-16T00:00:00,/api/dataset/06afe8c7-37a0-4584-879e-a8da5b03c59d/resource/84bb6577-ba08-4eea-b64b-bc05e4b80cf5/download,臺北市市區公車肇事資料，資料包含年份、有責肇事件數、有責傷亡件數、百萬公里、百萬公里有責肇事率、百萬公里有責傷亡肇事率、有責死亡人數、有責受傷人數、備註 ,年份、有責肇事件數、有責傷亡件數、百萬公里、百萬公里有責肇事率、百萬公里有責傷亡肇事率、有責死亡人數、有責受傷人數、備註,智慧通勤:4; 韌性防災:0; 永續環境:0; 食安健康:0; 勞動福祉:0; 文化共融:0
taipei,e08ca96e-da20-4464-98b2-95f1f13140ae,00003018,臺北市市區及河濱自行車租借概況,智慧通勤,True,True,True,area,通勤地圖與交通壓力分析,False,4,統計,交通及通訊,原始資料,主計處,,主計處,每1年,CSV,中文,2022-03-11T00:00:00,https://tsis.dbas.gov.taipei/statis/webMain.aspx?sys=220&ymf=9600&kind=21&type=0&funid=a05024101&cycle=4&outmode=12&compmode=0&outkind=1&deflst=2&nzo=1,"臺北市市區及河濱自行車租借概況時間數列統計資料
",統計期、自行車道長度/總計[公里]、自行車道長度/市區[公里]、自行車道長度/河濱[公里]、租借站數/總計[站]、租借站數/市區[站]、租借站數/河濱[站]、自行車數/總計[輛]、自行車數/市區[輛]、自行車數/河濱[輛]、租借次數/總計[次]、租借次數/市區[次]、租借次數/河濱[次]、每日每車租借次數/總計[次]、每日每車租借次數/市區[次]、每日每車租借次數/河濱[次],智慧通勤:2; 韌性防災:0; 永續環境:0; 食安健康:0; 勞動福祉:0; 文化共融:0
taipei,93f82a7c-76c4-4773-b5b1-79004b902003,00002548,臺北市市區及河濱自行車租借概況按月別,智慧通勤,True,True,True,area,通勤地圖與交通壓力分析,False,4,統計,交通及通訊,原始資料,主計處,,主計處,每1月,CSV,中文,2022-03-17T00:00:00,https://tsis.dbas.gov.taipei/statis/webMain.aspx?sys=220&ymf=9601&kind=21&type=0&funid=a04002601&cycle=1&outmode=12&compmode=0&outkind=3&deflst=2&nzo=1,臺北市市區及河濱自行車租借概況按月別時間數列統計資料,統計期、市區/自行車道長度[公里][年月底數]、市區/自行車租借站數[站][年月底數]、市區/自行車數[輛][年月底數]、市區/自行車租借次數[次]、市區/自行車每日租借次數[次]、市區/自行車每日每車租借次數[次]、河濱/自行車道長度[公里][年月底數]、河濱/自行車租借站數[站][年月底數]、河濱/自行車數[輛][年月底數]、河濱/自行車租借次數[次]、河濱/自行車每日租借次數[次]、河濱/自行車每日每車租借次數[次],智慧通勤:2; 韌性防災:0; 永續環境:0; 食安健康:0; 勞動福祉:0; 文化共融:0
taipei,d4be59a5-141a-44ff-a224-a7d089715c6f,00002443,臺北市市區道路新建及改善工程完成數量,智慧通勤,True,True,True,area,通勤地圖與交通壓力分析,False,4,工務,公共資訊,原始資料,工務局,新工處,工務局新工處,不定期更新,CSV,中文,2020-10-20T00:00:00,/api/dataset/d4be59a5-141a-44ff-a224-a7d089715c6f/resource/e691d9b3-bd18-47fb-a804-462e98f2ca29/download,臺北市市區道路新建及改善工程完成數量--近年已完工市區道路資訊(含行政區、工程項目、長、寬、開工日期、完工日期)  　　,"項次、行政區、工程項目、長、寬、開工日期、完工日期
",智慧通勤:1; 韌性防災:0; 永續環境:0; 食安健康:0; 勞動福祉:0; 文化共融:0
taipei,61b59d0e-071e-4e78-b9ae-8fa55a9f8f70,00002736,臺北市市容綠美化,智慧通勤,True,True,True,area,通勤地圖與交通壓力分析,False,4,統計,生活安全及品質,原始資料,主計處,,主計處,每1年,CSV,中文,2020-11-04T00:00:00,https://tsis.dbas.gov.taipei/statis/webMain.aspx?sys=220&ymf=7000&kind=21&type=0&funid=a05019901&cycle=4&outmode=12&compmode=0&outkind=1&deflst=2&nzo=1,"臺北市市容綠美化時間數列統計資料
",統計期、道路綠地綠美化面積[平方公尺]、行道樹[株]、公園內喬木數[株]、鄰里公園內喬木數[株]、草花培育數[盆]、灌木培育數[株]、樹木修剪數[株]、路燈器具清洗汰換數[盞]、後巷美化累計巷數[條]、公有田園城市示範園圃/建置數[處]、公有田園城市示範園圃/面積[平方公尺],智慧通勤:1; 韌性防災:0; 永續環境:0; 食安健康:0; 勞動福祉:0; 文化共融:0
taipei,fb6529e2-9d0d-4bf3-ae15-35ce361ee48c,00003382,臺北市政府捷運工程局便民服務辦理情形,智慧通勤,True,True,True,area,通勤地圖與交通壓力分析,False,4,交通,交通及通訊,原始資料,捷運局,,捷運局,每1年,CSV,中文,2020-12-17T00:00:00,/api/dataset/fb6529e2-9d0d-4bf3-ae15-35ce361ee48c/resource/ae18bbfd-c120-46b9-84bf-07b3bb4fbafd/download,臺北市捷運工程局民國77年迄今便民服務辦理情形統計資料,"開始日期Data Start Date、結束日期End Date、面詢件數No. of Cases、電詢件數No. of Cases、反應件數No. of Cases、陳情件數No. of Cases、其他件數No. of Cases、索取資料件數No. of Cases、車站位置件數No. of Cases、用地規劃件數No. of Cases、路線規劃件數No. of Cases、施工問題件數No. of Cases、通車時程件數%No. of Cases、其他問題件數No. of Cases、機關代碼Code
",智慧通勤:6; 韌性防災:0; 永續環境:0; 食安健康:0; 勞動福祉:0; 文化共融:0
taipei,3573ae05-3ba6-49bb-8c01-542b0d7762c3,00003420,臺北市政府新工處施作路寬8公尺以上道路調降人孔蓋下地數量,智慧通勤,True,True,True,area,通勤地圖與交通壓力分析,False,4,工務,公共資訊,原始資料,工務局,新工處,工務局新工處,不定期更新,CSV,中文,2020-12-22T00:00:00,/api/dataset/3573ae05-3ba6-49bb-8c01-542b0d7762c3/resource/356b5e19-a155-4df1-b58c-4215840fd87f/download,歷年臺北市政府新工處施作路寬8公尺以上道路調降之人孔蓋下地數量　　,年月、縣市別、縣市代碼、行政區、行政區代碼、數量,智慧通勤:1; 韌性防災:0; 永續環境:0; 食安健康:0; 勞動福祉:0; 文化共融:0
taipei,c876ff02-af2e-4eb8-bd33-d444f5052733,00000311,臺北市歷年使用執照摘要,智慧通勤,True,True,True,point,通勤地圖與交通壓力分析,False,4,工務,公共資訊,原始資料,都發局,建管處,都發局建管處,每1年,XML,中文,2022-02-10T00:00:00,/api/dataset/c876ff02-af2e-4eb8-bd33-d444f5052733/resource/0f3f9675-8356-4f1a-9908-1ce8892012fa/download,民國114年以前使用執照摘要,執照年度、執照號碼、發照日期、原核發執照、設計人、監造人、承造人、建造類別、構造種類、使用分區、棟數、地上層數、地下層數、戶數、騎樓基地面積、其他基地面積、建築面積、法定空地面積、地上避難面積、地下避難面積、建物高度、工程金額、竣工日期、開工日期、地址、地段號、樓層、說明、停車空間說明、適用法令概要、備註說明、變更概要,智慧通勤:1; 韌性防災:1; 永續環境:0; 食安健康:0; 勞動福祉:0; 文化共融:0
taipei,8c087450-abec-44ae-a07a-f74d58f6cf62,00004060,臺北市每戶家庭收支－行政區別按年別（109年以後）,智慧通勤,True,True,True,area,通勤地圖與交通壓力分析,False,4,統計,公共資訊,原始資料,主計處,,主計處,每1年,"CSV,CSV",中文,2021-12-09T00:00:00,"/api/dataset/8c087450-abec-44ae-a07a-f74d58f6cf62/resource/f5fa70a3-c2d1-45c2-ac79-16285b97171a/download,/api/dataset/8c087450-abec-44ae-a07a-f74d58f6cf62/resource/ef108160-3200-492c-92be-f7de85e4d6f4/download",臺北市每戶家庭收支－行政區別按年別時間數列統計資料,年別、行政區、家庭戶數、每戶人數、每戶成年人數、每戶就業人數、每戶所得收入者人數、[一]所得收入總計[NT]、1.受僱人員報酬[NT]、[1]本業薪資[NT]、[2]兼業薪資[NT]、[3]其他收入[NT]、2.產業主所得[NT]、3.財產所得收入[NT]、4.自用住宅設算租金收入[NT]、5.經常移轉收入[NT]、[1]從私人[NT]、[2]從政府[NT]、[3]社會保險受益[NT]、[4]從企業[NT]、[5]從國外[NT]、6.雜項收入[NT]、[二]非消費支出[NT]、1.利息支出[NT]、2.經常移轉支出[NT]、[1]對私人[NT]、[2]對政府[NT]、[3]社會保險[NT]、[4]對國外[NT]、[三]消費支出[NT]、1.食品及非酒精飲料[NT]、2.菸酒及檳榔[NT]、3.衣著鞋襪及服飾用品[NT]、4.住宅服務水電瓦斯及其他燃料[NT]、[1]住宅服務[NT]、[2]水電費及及燃料[NT]、5.家具設備及家務維護[NT]、6.醫療保健[NT]、7.交通[NT]、[1]個人交通工具之購置[NT]、[2]個人交通設備管理維護[NT]、[3]客運與貨物運輸服務[NT]、8.資通訊[NT]、9.休閒運動與文化[NT]、[1]套裝旅遊[不含自助旅遊][NT]、[2]休閒運動與文化用品[NT]、[3]休閒運動與文化服務[NT]、[4]書報雜誌文具[NT]、10.教育服務[NT]、11.餐廳及住宿服務[NT]、[1]婚生壽喪祭宴費[NT]、[2]餐飲服務[NT]、[3]住宿服務[不含套裝旅遊之住宿][NT]、12.保險及金融服務[NT]、13.個人清潔照護社會保障及其他[NT]、可支配所得[NT]、可支配所得中位數[NT]、消費支出[NT]、儲蓄[NT]、所得總額[NT],智慧通勤:3; 韌性防災:0; 永續環境:0; 食安健康:3; 勞動福祉:3; 文化共融:2
taipei,ad057a6e-e100-4b7b-9dd4-d575baea0607,00003020,臺北市民營汽車貨運業務,智慧通勤,True,True,True,area,通勤地圖與交通壓力分析,False,4,統計,交通及通訊,原始資料,主計處,,主計處,每1年,CSV,中文,2020-11-24T00:00:00,https://tsis.dbas.gov.taipei/statis/webMain.aspx?sys=220&ymf=5700&kind=21&type=0&funid=a05024201&cycle=4&outmode=12&compmode=0&outkind=3&deflst=2&nzo=1,"臺北市民營汽車貨運業務時間數列統計資料
",統計期、家數[家]、營業車輛數[輛]、行車次數[次]、行駛公里[公里]、載貨噸數[公噸]、延噸公里[噸公里]、貨運收入[元]、燃料消耗/汽油[公升]、燃料消耗/柴油[公升],智慧通勤:1; 韌性防災:0; 永續環境:0; 食安健康:0; 勞動福祉:0; 文化共融:0
taipei,3e62c860-0753-4c79-8fe1-bcb3e0243534,00001206,臺北市水利處雨水下水道人孔資料,智慧通勤,True,True,True,area,通勤地圖與交通壓力分析,False,4,工務,生活安全及品質,網路服務,工務局,水利處,工務局水利處,不定期更新,CSV,中文,2020-07-14T00:00:00,/api/dataset/3e62c860-0753-4c79-8fe1-bcb3e0243534/resource/dcaebd40-45e1-48f6-9d2e-00e1c0283f8a/download,雨水下水道人孔圖資及屬性資料提供CSV檔,圖幅編號、人孔編號、X坐標、Y坐標、主集水區名稱、行政區、行政里、道路名稱、人孔蓋型式、人孔種類、箱涵屬性、設計流量、使用狀態、資料狀態、人孔深度、人孔尺寸長度、人孔尺寸寬度、人孔頂標高、人孔頂路面寬、地盤標高,智慧通勤:1; 韌性防災:0; 永續環境:0; 食安健康:0; 勞動福祉:0; 文化共融:0
taipei,0fc593ec-c642-47f2-98cb-29b6a9069833,00002907,臺北市消防通道概況,智慧通勤,True,True,True,area,通勤地圖與交通壓力分析,False,4,統計,公共資訊,原始資料,主計處,,主計處,每1年,CSV,中文,2021-02-01T00:00:00,https://tsis.dbas.gov.taipei/statis/webMain.aspx?sys=220&ymf=9600&kind=21&type=0&funid=a05030102&cycle=4&outmode=12&compmode=0&outkind=3&deflst=2&nzo=1,"臺北市消防通道概況時間數列統計資料
",統計期、行政區別、消防通道數[處]、巡查消防通道違規停車/協助通報件數[件]、巡查消防通道違規停車/拍照舉證件數[件],智慧通勤:1; 韌性防災:1; 永續環境:0; 食安健康:0; 勞動福祉:0; 文化共融:0
taipei,3a3e8049-5460-4c48-9772-b9e7c10c198b,00002265,臺北市環境音量監測不合格情形(88至98年),智慧通勤,True,True,True,area,通勤地圖與交通壓力分析,False,4,統計,公共資訊,原始資料,主計處,,主計處,每1年,CSV,中文,2020-10-13T00:00:00,https://tsis.dbas.gov.taipei/statis/webMain.aspx?sys=220&ymf=8800&ymt=9800&kind=21&type=0&funid=a05033601&cycle=4&outmode=12&compmode=0&outkind=1&deflst=2&nzo=1,"臺北市環境音量監測不合格情形(88至98年)時間數列統計資料
",統計期、一般地區監測站數[站數]、一般地區監測時段數[時段數]、一般地區不合格時段數按時段別/總計[時段數]、一般地區不合格時段數按時段別/早[5~7時][時段數]、一般地區不合格時段數按時段別/日[7~20時][時段數]、一般地區不合格時段數按時段別/晚[20~22時][時段數]、一般地區不合格時段數按時段別/夜[22~5時][時段數]、一般地區不合格時段百分比按時段別/總計[%]、一般地區不合格時段百分比按時段別/早[5~7時][%]、一般地區不合格時段百分比按時段別/日[7~20時][%]、一般地區不合格時段百分比按時段別/晚[20~22時][%]、一般地區不合格時段百分比按時段別/夜[22~5時][%]、一般地區不合格時段數按管制區別/總計[時段數]、一般地區不合格時段數按管制區別/第一類管制區[時段數]、一般地區不合格時段數按管制區別/第二類管制區[時段數]、一般地區不合格時段數按管制區別/第三類管制區[時段數]、一般地區不合格時段數按管制區別/第四類管制區[時段數]、一般地區不合格時段百分比按管制區別/總計[%]、一般地區不合格時段百分比按管制區別/第一類管制區[%]、一般地區不合格時段百分比按管制區別/第二類管制區[%]、一般地區不合格時段百分比按管制區別/第三類管制區[%]、一般地區不合格時段百分比按管制區別/第四類管制區[%]、道路交通監測站數[站數]、道路交通監測時段數[時段數]、道路交通不合格時段數按時段別/總計[時段數]、道路交通不合格時段數按時段別/早[5~7時][時段數]、道路交通不合格時段數按時段別/日[7~20時][時段數]、道路交通不合格時段數按時段別/晚[20~22時][時段數]、道路交通不合格時段數按時段別/夜[22~5時][時段數]、道路交通不合格時段百分比按時段別/總計[%]、道路交通不合格時段百分比按時段別/早[5~7時][%]、道路交通不合格時段百分比按時段別/日[7~20時][%]、道路交通不合格時段百分比按時段別/晚[20~22時][%]、道路交通不合格時段百分比按時段別/夜[22~5時][%]、道路交通不合格時段數按管制區別/總計[時段數]、道路交通不合格時段數按管制區別/第一類管制區[時段數]、道路交通不合格時段數按管制區別/第二類管制區[時段數]、道路交通不合格時段數按管制區別/第三類管制區[時段數]、道路交通不合格時段數按管制區別/第四類管制區[時段數]、道路交通不合格時段百分比按管制區別/總計[%]、道路交通不合格時段百分比按管制區別/第一類管制區[%]、道路交通不合格時段百分比按管制區別/第二類管制區[%]、道路交通不合格時段百分比按管制區別/第三類管制區[%]、道路交通不合格時段百分比按管制區別/第四類管制區[%],智慧通勤:2; 韌性防災:0; 永續環境:1; 食安健康:0; 勞動福祉:0; 文化共融:0
taipei,5143ade7-0d98-4653-b7e2-d70aec0baa39,00002584,臺北市環境音量監測不合格情形(99年以後),智慧通勤,True,True,True,area,通勤地圖與交通壓力分析,False,4,統計,公共資訊,原始資料,主計處,,主計處,每1年,CSV,中文,2021-01-31T00:00:00,https://tsis.dbas.gov.taipei/statis/webMain.aspx?sys=220&ymf=9900&kind=21&type=0&funid=a05033602&cycle=4&outmode=12&compmode=0&outkind=1&deflst=2&nzo=1,"臺北市環境音量監測不合格情形(99年以後)時間數列統計資料
",統計期、一般地區監測站數[站數]、一般地區監測時段數[時段數]、一般地區不合格時段數按時段別/總計[時段數]、一般地區不合格時段數按時段別/日間[時段數]、一般地區不合格時段數按時段別/晚間[時段數]、一般地區不合格時段數按時段別/夜間[時段數]、一般地區不合格時段百分比按時段別/總計[%]、一般地區不合格時段百分比按時段別/日間[%]、一般地區不合格時段百分比按時段別/晚間[%]、一般地區不合格時段百分比按時段別/夜間[%]、一般地區不合格時段數按管制區別/總計[時段數]、一般地區不合格時段數按管制區別/第一類管制區[時段數]、一般地區不合格時段數按管制區別/第二類管制區[時段數]、一般地區不合格時段數按管制區別/第三類管制區[時段數]、一般地區不合格時段數按管制區別/第四類管制區[時段數]、一般地區不合格時段百分比按管制區別/總計[%]、一般地區不合格時段百分比按管制區別/第一類管制區[%]、一般地區不合格時段百分比按管制區別/第二類管制區[%]、一般地區不合格時段百分比按管制區別/第三類管制區[%]、一般地區不合格時段百分比按管制區別/第四類管制區[%]、道路交通監測站數[站數]、道路交通監測時段數[時段數]、道路交通不合格時段數按時段別/總計[時段數]、道路交通不合格時段數按時段別/日間[時段數]、道路交通不合格時段數按時段別/晚間[時段數]、道路交通不合格時段數按時段別/夜間[時段數]、道路交通不合格時段百分比按時段別/總計[%]、道路交通不合格時段百分比按時段別/日間[%]、道路交通不合格時段百分比按時段別/晚間[%]、道路交通不合格時段百分比按時段別/夜間[%]、道路交通不合格時段數按管制區別/總計[時段數]、道路交通不合格時段數按管制區別/第一類管制區[時段數]、道路交通不合格時段數按管制區別/第二類管制區[時段數]、道路交通不合格時段數按管制區別/第三類管制區[時段數]、道路交通不合格時段數按管制區別/第四類管制區[時段數]、道路交通不合格時段百分比按管制區別/總計[%]、道路交通不合格時段百分比按管制區別/第一類管制區[%]、道路交通不合格時段百分比按管制區別/第二類管制區[%]、道路交通不合格時段百分比按管制區別/第三類管制區[%]、道路交通不合格時段百分比按管制區別/第四類管制區[%],智慧通勤:2; 韌性防災:0; 永續環境:1; 食安健康:0; 勞動福祉:0; 文化共融:0
taipei,90dd063e-2aca-49aa-a7fb-73130610313c,00003014,臺北市聯營公共汽車客運業務,智慧通勤,True,True,True,area,通勤地圖與交通壓力分析,False,4,統計,交通及通訊,原始資料,主計處,,主計處,每1年,CSV,中文,2022-02-24T00:00:00,https://tsis.dbas.gov.taipei/statis/webMain.aspx?sys=220&ymf=5700&kind=21&type=0&funid=a05023701&cycle=4&outmode=12&compmode=0&outkind=1&deflst=2&nzo=1,"臺北市聯營公共汽車客運業務時間數列統計資料
",統計期、路線數/聯營[線]、路線數/對開[線]、路線數/小型[線]、營業公里[公里]、行駛車輛數[平均行駛延日車數]、行駛次數[段次]、平均每車每日行駛次數[段次]、行駛車公里[公里]、平均每車每日行駛車公里[公里]、平均每車每次行駛車公里[公里]、客運人次[人次]、平均每日客運人次[人次]、平均每車每日客運人次[人次]、平均每車每次客運人次[人次]、客運收入[元]、智慧型公車站牌數[座]、身心障礙者小型冷氣車輛數[輛],智慧通勤:5; 韌性防災:0; 永續環境:0; 食安健康:0; 勞動福祉:0; 文化共融:0
taipei,4735da91-b34a-4ff0-9d2f-4c5dc87da9f6,00003017,臺北市貓空纜車營運概況,智慧通勤,True,True,True,area,通勤地圖與交通壓力分析,False,4,統計,交通及通訊,原始資料,主計處,,主計處,每1年,CSV,中文,2022-03-01T00:00:00,https://tsis.dbas.gov.taipei/statis/webMain.aspx?sys=220&ymf=9600&kind=21&type=0&funid=a05024001&cycle=4&outmode=12&compmode=0&outkind=3&deflst=2&nzo=1,"臺北市貓空纜車營運概況時間數列統計資料
",統計期、營運里程[公里][年底數]、營運車站數[站][年底數]、客運人次[人次]、客運人次/平均每日客運量[人次]、客運收入[元]、各站旅運量/動物園站入站[人次]、各站旅運量/動物園站出站[人次]、各站旅運量/園內站入站[人次]、各站旅運量/園內站出站[人次]、各站旅運量/指南宮站入站[人次]、各站旅運量/指南宮站出站[人次]、各站旅運量/貓空站入站[人次]、各站旅運量/貓空站出站[人次],智慧通勤:3; 韌性防災:0; 永續環境:0; 食安健康:0; 勞動福祉:0; 文化共融:0
taipei,3a2098a3-0ef1-45d0-9ba6-dccf7dbd865d,00003635,臺北市車輛拖吊前十大路段與件數,智慧通勤,True,True,True,area,通勤地圖與交通壓力分析,False,4,交通,交通及通訊,原始資料,警察局,交通大隊,警察局交通大隊,每1年,"CSV,CSV,CSV,CSV,CSV",中文,2021-07-01T00:00:00,"/api/dataset/3a2098a3-0ef1-45d0-9ba6-dccf7dbd865d/resource/40df1af7-2b56-4db2-8463-e3f72a796607/download,/api/dataset/3a2098a3-0ef1-45d0-9ba6-dccf7dbd865d/resource/92fc8fe7-09d0-413b-b044-aa1a80cfffbb/download,/api/dataset/3a2098a3-0ef1-45d0-9ba6-dccf7dbd865d/resource/ddda6e8d-0348-4427-93cb-d918cab43154/download,/api/dataset/3a2098a3-0ef1-45d0-9ba6-dccf7dbd865d/resource/46f6df86-c3eb-4072-9c71-5bfba7278624/download,/api/dataset/3a2098a3-0ef1-45d0-9ba6-dccf7dbd865d/resource/2922a205-35c7-4de8-a934-978eafd9fc6b/download",提供臺北市歷年違規車輛拖吊前十大地點與件數資料,序號、年度、縣市、縣市代碼、路段名、筆數,智慧通勤:3; 韌性防災:0; 永續環境:0; 食安健康:0; 勞動福祉:0; 文化共融:0
taipei,ceb88d1d-bf97-4f9f-a47a-50ec21433e75,00002953,臺北市道路交通設施,智慧通勤,True,True,True,area,通勤地圖與交通壓力分析,False,4,統計,交通及通訊,原始資料,主計處,,主計處,每1年,CSV,中文,2022-03-19T00:00:00,https://tsis.dbas.gov.taipei/statis/webMain.aspx?sys=220&ymf=8900&kind=21&type=0&funid=a05041001&cycle=4&outmode=12&compmode=0&outkind=3&deflst=2&nzo=1,臺北市道路交通設施時間數列統計資料,統計期、交通標誌[面]、行人專用號誌燈[路口]、30公分放大型行人專用號誌[路口]、行車管制號誌燈[路口]、行車紅燈倒數計時器[路口]、號誌連線數[條]、公車專用道行駛長度[公里]、標線型人行道長度[公里],智慧通勤:3; 韌性防災:0; 永續環境:0; 食安健康:0; 勞動福祉:0; 文化共融:0
taipei,ae958f44-afbc-49ac-bc63-8563c2f83de0,00002739,臺北市道路長度面積,智慧通勤,True,True,True,area,通勤地圖與交通壓力分析,False,4,統計,交通及通訊,原始資料,主計處,,主計處,每1年,CSV,中文,2021-02-25T00:00:00,https://tsis.dbas.gov.taipei/statis/webMain.aspx?sys=220&ymf=5800&kind=21&type=0&funid=a05020001&cycle=4&outmode=12&compmode=0&outkind=1&deflst=2&nzo=1,"臺北市道路長度面積時間數列統計資料
",統計期、道路數量[條]、道路/總計/長度[公尺]、道路/總計/長度/快速道路完工長度[公尺]、道路/總計/面積[平方公尺]、道路/總計/面積/6公尺以上車用面積[平方公尺]、道路/總計/平均寬度[公尺]、道路/未滿6公尺/長度[公尺]、道路/未滿6公尺/面積[平方公尺]、道路/6~未滿8公尺/長度[公尺]、道路/6~未滿8公尺/面積[平方公尺]、道路/8~未滿10公尺/長度[公尺]、道路/8~未滿10公尺/面積[平方公尺]、道路/10~未滿15公尺/長度[公尺]、道路/10~未滿15公尺/面積[平方公尺]、道路/15~未滿20公尺/長度[公尺]、道路/15~未滿20公尺/面積[平方公尺]、道路/20~未滿30公尺/長度[公尺]、道路/20~未滿30公尺/面積[平方公尺]、道路/30~未滿40公尺/長度[公尺]、道路/30~未滿40公尺/面積[平方公尺]、道路/40~未滿50公尺/長度[公尺]、道路/40~未滿50公尺/面積[平方公尺]、道路/50~未滿60公尺/長度[公尺]、道路/50~未滿60公尺/面積[平方公尺]、道路/60~未滿70公尺/長度[公尺]、道路/60~未滿70公尺/面積[平方公尺]、道路/70公尺以上/長度[公尺]、道路/70公尺以上/面積[平方公尺]、公路/長度[公里]、公路/面積[千平方公尺]、列管山區道路數量[條]、列管山區道路長度[公里]、產業道路數量[條]、產業道路長度[公里],智慧通勤:2; 韌性防災:0; 永續環境:0; 食安健康:0; 勞動福祉:0; 文化共融:0
taipei,87baeddc-c0b7-4d30-a661-3e97437f97d2,00003381,臺北市違規左轉前十大違規路口件數表,智慧通勤,True,True,True,area,通勤地圖與交通壓力分析,False,4,交通,交通及通訊,原始資料,警察局,交通大隊,警察局交通大隊,每1年,"CSV,CSV,CSV,CSV,CSV,CSV,CSV,CSV",中文,2021-07-01T00:00:00,"/api/dataset/87baeddc-c0b7-4d30-a661-3e97437f97d2/resource/49932048-f2ed-4ff1-9c28-0feadd17062b/download,/api/dataset/87baeddc-c0b7-4d30-a661-3e97437f97d2/resource/eab7e9ba-f5f4-40f4-94e2-e09af0b6b65b/download,/api/dataset/87baeddc-c0b7-4d30-a661-3e97437f97d2/resource/32088996-6a30-4763-9ec7-23704f33235f/download,/api/dataset/87baeddc-c0b7-4d30-a661-3e97437f97d2/resource/166d0175-e979-4f4e-9538-7f35a1dc9caa/download,/api/dataset/87baeddc-c0b7-4d30-a661-3e97437f97d2/resource/7c9cbe3d-748c-4b45-85e5-852e49c9090c/download,/api/dataset/87baeddc-c0b7-4d30-a661-3e97437f97d2/resource/971d522f-0d6f-47a4-ba86-cfdaba3eb378/download,/api/dataset/87baeddc-c0b7-4d30-a661-3e97437f97d2/resource/8c5e532a-3607-4e49-a031-26acfde5260c/download,/api/dataset/87baeddc-c0b7-4d30-a661-3e97437f97d2/resource/4583bcf3-891b-476e-819d-bcee4e9f0aba/download",提供臺北市歷年違規左轉前十名違規地點及件數統計資料。,序號、年度、縣市、縣市代碼、前十大違規路口、筆數,智慧通勤:3; 韌性防災:0; 永續環境:0; 食安健康:0; 勞動福祉:0; 文化共融:0
taipei,caeceb7e-5991-488c-becd-382ffc3015f5,00003649,臺北市都市計畫區域內現有已開闢道路長度及面積,智慧通勤,True,True,True,area,通勤地圖與交通壓力分析,False,4,工務,公共資訊,原始資料,工務局,新工處,工務局新工處,不定期更新,CSV,中文,2021-01-07T00:00:00,/api/dataset/caeceb7e-5991-488c-becd-382ffc3015f5/resource/1e2a8450-181d-4040-8297-3737e72cac48/download,歷年度臺北市都市計畫區域內現有已開闢道路長度及面積，含行政區、長度及面積資訊　　,"序號、縣市、行政區、行政區代碼、長度數量_公尺、面積_平方公尺
",智慧通勤:1; 韌性防災:0; 永續環境:0; 食安健康:0; 勞動福祉:0; 文化共融:0
taipei,5b666b0b-98b0-4ec1-b7e1-8a5f359baf94,00002734,臺北市都會區捷運路線工程計畫與主要設備,智慧通勤,True,True,True,area,通勤地圖與交通壓力分析,False,4,統計,交通及通訊,原始資料,主計處,,主計處,每1年,CSV,中文,2022-02-23T00:00:00,https://tsis.dbas.gov.taipei/statis/webMain.aspx?sys=220&ymf=11400&kind=21&type=0&funid=a05019701&cycle=4&outmode=12&compmode=0&outkind=3&deflst=2&nzo=1,"臺北市都會區捷運路線工程計畫與主要設備時間數列統計資料
",統計期、捷運路線別、路線里程/全線[公里]、路線里程/新北市境[公里]、車站數/全線[站]、車站數/新北市境[站]、建造型式里程站數/高架/里程[公里]、建造型式里程站數/高架/站數[站]、建造型式里程站數/地面/里程[公里]、建造型式里程站數/地面/站數[站]、建造型式里程站數/地下/里程[公里]、建造型式里程站數/地下/站數[站]、捷運公共設施、進度/預定[%]、進度/實際[%]、已通車路網里程[公里],智慧通勤:4; 韌性防災:0; 永續環境:0; 食安健康:0; 勞動福祉:0; 文化共融:0
taipei,81004147-1760-4a62-b2f9-cc6fa4268ec6,00003376,臺北市開闢道路用地徵收取得統計,智慧通勤,True,True,True,area,通勤地圖與交通壓力分析,False,4,工務,公共資訊,原始資料,工務局,新工處,工務局新工處,不定期更新,CSV,中文,2020-12-17T00:00:00,/api/dataset/81004147-1760-4a62-b2f9-cc6fa4268ec6/resource/76ab2fad-0cdc-4442-9213-2d5296a9422c/download,自109年度起臺北市開闢道路用地徵收取得土地累計資料　　,年度、縣市、縣市代碼、行政區、行政區代碼、累計徵收土地_筆數、累計徵收面積_公頃、備註欄,智慧通勤:1; 韌性防災:0; 永續環境:0; 食安健康:0; 勞動福祉:0; 文化共融:0
taipei,c4a9b34d-efe3-4efe-9b60-df1a34329c42,00001651,臺北捷運民生汐止線郵寄問卷內容與調查結果報告,智慧通勤,True,True,True,area,通勤地圖與交通壓力分析,False,4,交通,交通及通訊,原始資料,捷運局,,捷運局,不定期更新,CSV,中文,2018-10-17T00:00:00,/api/dataset/c4a9b34d-efe3-4efe-9b60-df1a34329c42/resource/1320afd8-ab63-42b0-8f04-5d5286603222/download,捷運民生汐止線辦理環評期間，因應部分民眾反應及環評調查需求，辦理民生社區路段及民權東路替代路段郵寄問卷調查，提供問卷內容及結果報告。,項次、說明、郵寄件數、期限內回收件數、後續回收至107年11月、總共回收件數、贊成原方案比例%、不贊成原方案比例%、問卷下載107年、報告下載107年、民生汐止線最新辦理情形,智慧通勤:4; 韌性防災:0; 永續環境:1; 食安健康:0; 勞動福祉:0; 文化共融:0
taipei,1efeac4d-98e3-4da1-94e9-7fa927a64c34,00003012,臺北捷運營運業務,智慧通勤,True,True,True,area,通勤地圖與交通壓力分析,False,4,統計,交通及通訊,原始資料,主計處,,主計處,每1年,CSV,中文,2022-02-22T00:00:00,https://tsis.dbas.gov.taipei/statis/webMain.aspx?sys=220&ymf=8500&kind=21&type=0&funid=a05023501&cycle=4&outmode=12&compmode=0&outkind=3&deflst=2&nzo=1,"臺北捷運營運業務時間數列統計資料
","統計期、營運路線數、營運里程、營運車站數、每日列車延車公里數[車公里]、每日列車延人千公里數[人千公里]、客運人次總計[人次]、平均每日客運人次[人次]、中運量客運人次[人次]、平均每日中運量客運人次[人次]、高運量客運人次[人次]、平均每日高運量客運人次[人次]、雙向轉乘優惠運量[千人次]、客運收入[千元]、悠遊卡累計發卡量[張]
",智慧通勤:6; 韌性防災:0; 永續環境:0; 食安健康:0; 勞動福祉:0; 文化共融:0
taipei,1db4b00a-05a5-46dc-ad0a-eb31fb25b8ab,00000630,臺北捷運移設連通基本資料,智慧通勤,True,True,True,area,通勤地圖與交通壓力分析,False,4,交通,交通及通訊,原始資料,捷運公司,,捷運公司,不定期更新,CSV,中文,2015-07-31T00:00:00,/api/dataset/1db4b00a-05a5-46dc-ad0a-eb31fb25b8ab/resource/ce068c0f-099c-4f73-9498-3d60b1e4947f/download,提供臺北捷運設置之移設連通基本資料,項次、案件名稱、移設連通位置、廠商、案件進度、更新日期,智慧通勤:4; 韌性防災:0; 永續環境:0; 食安健康:0; 勞動福祉:0; 文化共融:0
taipei,27b9c616-f68c-4856-bb39-ef9ed0478c96,00000459,臺北捷運聯合開發公有不動產非統一經營部分預計出租標的,智慧通勤,True,True,True,point,通勤地圖與交通壓力分析,False,4,交通,交通及通訊,原始資料,捷運局,,捷運局,不定期更新,CSV,中文,2018-08-16T00:00:00,/api/dataset/27b9c616-f68c-4856-bb39-ef9ed0478c96/resource/44165943-d332-4fa0-8d6f-d0a5b0adf42a/download,捷運聯合開發公有不動產非統一經營部分預計出租標的依捷運線別分析說明,項次、捷運線別、基地名稱、使用用途、地址、坪數、車位、承辦人、承辦人分機,智慧通勤:5; 韌性防災:0; 永續環境:0; 食安健康:0; 勞動福祉:0; 文化共融:0
taipei,efb59c4b-c308-491b-8f4c-c4828d235d59,00003897,臺北都會區大眾捷運系統萬大線第一期工程範圍示意圖 (第一區工程處施作範圍圖),智慧通勤,True,True,True,point,通勤地圖與交通壓力分析,False,4,交通,交通及通訊,原始資料,捷運局,捷運局一區工程處,捷運局捷運局一區工程處,不定期更新,CSV,中文,2021-04-07T00:00:00,/api/dataset/efb59c4b-c308-491b-8f4c-c4828d235d59/resource/16e2236d-7dee-4a38-b77e-2eb4c87c5412/download,臺北都會區大眾捷運系統萬大線第一期工程施工範圍統計,序號、工程標號、施工起迄時間、工程轄區、車站名、監造工務所、工地主任、聯絡電話、聯絡地址、來源網址,智慧通勤:5; 韌性防災:0; 永續環境:0; 食安健康:0; 勞動福祉:0; 文化共融:0
newtaipei,27B97AD9-9DBA-4CA9-B0ED-14B29000FFEC,,區間平均速率執法設備設置地點,智慧通勤,True,True,False,area,通勤地圖與交通壓力分析,False,3,交通,交通及通訊,,,,新北市政府警察局/新北市政府警察局交通警察大隊/執法組,每年,JSON、CSV、XML,中文,,https://data.ntpc.gov.tw/datasets/27b97ad9-9dba-4ca9-b0ed-14b29000ffec,區間平均速率執法設備設置地點。,,智慧通勤:3; 韌性防災:0; 永續環境:0; 食安健康:0; 勞動福祉:0; 文化共融:0
newtaipei,54E214D6-39BD-4486-8050-2D27A32DCFC0,,新北市加氣站清冊,智慧通勤,True,True,False,point,通勤地圖與交通壓力分析,False,3,經濟,交通及通訊,,,,新北市政府經濟發展局/綠色產業科,不更新,JSON、CSV、XML、KML,中文,,https://data.ntpc.gov.tw/datasets/54e214d6-39bd-4486-8050-2d27a32dcfc0,提供本市加氣站營業主體、加氣站站名、地址等資料。,,智慧通勤:1; 韌性防災:0; 永續環境:0; 食安健康:0; 勞動福祉:0; 文化共融:0
newtaipei,112F981A-0F10-4791-8F10-67FBDA1D3A83,,新北市加油站清冊,智慧通勤,True,True,False,point,通勤地圖與交通壓力分析,False,3,經濟,交通及通訊,,,,新北市政府經濟發展局/綠色產業科,不更新,JSON、CSV、XML、KML,中文,,https://data.ntpc.gov.tw/datasets/112f981a-0f10-4791-8f10-67fbda1d3a83,提供本市加油站營業主體、加油站站名、地址等資料。,,智慧通勤:1; 韌性防災:0; 永續環境:0; 食安健康:0; 勞動福祉:0; 文化共融:0
newtaipei,99F3FF6E-0352-4399-A726-775AB765A1DC,,新北市固定式測速照相,智慧通勤,True,True,False,area,通勤地圖與交通壓力分析,False,3,交通,公共資訊,,,,新北市政府警察局/新北市政府警察局交通警察大隊/執法組,不更新,JSON、CSV、XML,中文,,https://data.ntpc.gov.tw/datasets/99f3ff6e-0352-4399-a726-775ab765a1dc,新北市政府警察局所提供的固定測速照相主要提供欄位包含行政區、設置位置、速限、取締項目。,,智慧通勤:3; 韌性防災:0; 永續環境:0; 食安健康:0; 勞動福祉:0; 文化共融:0
newtaipei,E3C0E87E-DCDB-41FC-9F21-38402DDE2AD9,,新北市境內颱風期間可供停車之路段一覽表,智慧通勤,True,True,False,area,通勤地圖與交通壓力分析,False,3,交通,交通及通訊,,,,新北市政府交通局/交通安全科/交通安全科第一股,不更新,JSON、CSV、XML、KML,中文,,https://data.ntpc.gov.tw/datasets/e3c0e87e-dcdb-41fc-9f21-38402dde2ad9,新北市境內颱風期間可供停車之路段一覽表。,,智慧通勤:4; 韌性防災:1; 永續環境:0; 食安健康:0; 勞動福祉:0; 文化共融:0
newtaipei,4B34025E-286B-424F-B71A-74ADAD35CC47,,新北市房屋坐落地段等級調整率評定表,智慧通勤,True,True,False,area,通勤地圖與交通壓力分析,False,3,財稅,公共資訊,,,,新北市政府財政局/新北市政府稅捐稽徵處/房屋稅科/房屋稅科第一股,不更新,JSON、CSV、XML,中文,,https://data.ntpc.gov.tw/datasets/4b34025e-286b-424f-b71a-74adad35cc47,說明： 一、本房屋坐落地段等級調整率評定表，自一百十二年七月一日起實施。 二、本市房屋依編釘門牌，按本房屋坐落地段等級調整率評定表及各區房屋坐落地段等級表（如附表）適用房屋坐落地段等級；如有門牌改編，在新北市不動產評價委員會未重行評定前，仍沿用原地段等級。 三、「臺北水源特定區、土石流區」內之房屋地段等級調降二級，其有特殊情形者，專案辦理。 四、公共工程施工期間圍籬路段沿線房屋之地段等級調整率降二級。 五、地上權房屋之地段等級調整率降二級。 六、新增街路未及列入「房屋坐落地段等級表」者，應參考相交或平行街路之調整率，參酌其商業繁榮、交通運輸等情形擬訂調整率。 七、除等級表另有規定者外，巷弄內房屋照房屋坐落地段等級調整率減一級。 八、本市房屋坐落地段率在100％（含）以上者，其巷、弄房屋減級後地段率不得低於100％；房屋坐落地段率在90％（含）以下者，其巷、弄房屋減級後地段率不得低於80％。但如有說明三、四之情形者，不在此限。 九、如同時具備說明三、四之調降情形者，僅得擇一適用。,,智慧通勤:2; 韌性防災:1; 永續環境:0; 食安健康:0; 勞動福祉:0; 文化共融:0
newtaipei,C18F02CF-47B7-4CED-98DF-CE9A56D28262,,新北市政府路邊收費停管場,智慧通勤,True,True,False,point,通勤地圖與交通壓力分析,False,3,交通,交通及通訊,,,,新北市政府交通局/停車營運科/停車營運科第三股,每年,JSON、CSV、XML,中文,,https://data.ntpc.gov.tw/datasets/c18f02cf-47b7-4ced-98df-ce9a56d28262,新北市政府交通局7處路邊收費停管場地址及連絡電話。,,智慧通勤:3; 韌性防災:0; 永續環境:0; 食安健康:0; 勞動福祉:0; 文化共融:0
newtaipei,78761EBA-7774-4763-AAF0-693FD1657A09,,新北市自行車架(29區行政區),智慧通勤,True,True,False,area,通勤地圖與交通壓力分析,False,3,交通,交通及通訊,,,,新北市政府交通局/停車營運科/停車營運科第二股,每季,JSON、CSV、XML,中文,,https://data.ntpc.gov.tw/datasets/78761eba-7774-4763-aaf0-693fd1657a09,新北市29區行政區自行車架(不含捷運站周邊),,智慧通勤:5; 韌性防災:0; 永續環境:0; 食安健康:0; 勞動福祉:0; 文化共融:0
newtaipei,BAAA2058-F504-47C2-A124-56F2F5FA987F,,新北市自行車架(捷運站週邊),智慧通勤,True,True,False,area,通勤地圖與交通壓力分析,False,3,交通,交通及通訊,,,,新北市政府交通局/停車營運科/停車營運科第二股,不更新,JSON、CSV、XML,中文,,https://data.ntpc.gov.tw/datasets/baaa2058-f504-47c2-a124-56f2f5fa987f,新北市捷運站周邊自行車架(不含新北市29區行政區),,智慧通勤:5; 韌性防災:0; 永續環境:0; 食安健康:0; 勞動福祉:0; 文化共融:0
newtaipei,1B72ABE8-8862-4130-AEB8-178C1240E6C4,,新北市路口監視器(113新版),智慧通勤,True,True,False,area,通勤地圖與交通壓力分析,False,3,治安,交通及通訊,,,,新北市政府警察局/犯罪預防科,每年,JSON、CSV、XML,中文,,https://data.ntpc.gov.tw/datasets/1b72abe8-8862-4130-aeb8-178c1240e6c4,新北市政府路口監視器(113年新版)資訊主要提供欄位包含分局、派出所、攝影機建置地點、照射方向；因應警察局要求故將「照射方向」改為「建置案單位」。,,智慧通勤:1; 韌性防災:0; 永續環境:0; 食安健康:0; 勞動福祉:0; 文化共融:0
newtaipei,B1464EF0-9C7C-4A6F-ABF7-6BDF32847E68,,新北市路外公共停車場資訊,智慧通勤,True,True,False,point,通勤地圖與交通壓力分析,False,3,交通,交通及通訊,,,,新北市政府交通局/停車管理科/停車管理科第二股,每日,JSON、CSV、XML,中文,,https://data.ntpc.gov.tw/datasets/b1464ef0-9c7c-4a6f-abf7-6bdf32847e68,提供本市領有停車場登記證之路外停車場之基本資訊(如：停車場名稱、地址、車格位數、費率、座標),,智慧通勤:4; 韌性防災:0; 永續環境:0; 食安健康:0; 勞動福祉:0; 文化共融:0
newtaipei,1E548C60-0B04-4507-BF60-F3BE651DB642,,新北市路邊停車場身心障礙停車格,智慧通勤,True,True,False,area,通勤地圖與交通壓力分析,False,3,交通,交通及通訊,,,,新北市政府交通局/停車營運科/停車營運科第二股,不更新,JSON、CSV、XML,中文,,https://data.ntpc.gov.tw/datasets/1e548c60-0b04-4507-bf60-f3be651db642,新北市各行政區路邊停車場身心障礙停車格,,智慧通勤:4; 韌性防災:0; 永續環境:0; 食安健康:0; 勞動福祉:0; 文化共融:0
newtaipei,D9F18DB5-41C7-41D4-B7F0-82A335255B08,,新北市路邊收費停車場收費路段資訊,智慧通勤,True,True,False,area,通勤地圖與交通壓力分析,False,3,交通,交通及通訊,,,,新北市政府交通局/停車營運科/停車營運科第二股,每月,JSON、CSV、XML,中文,,https://data.ntpc.gov.tw/datasets/d9f18db5-41c7-41d4-b7f0-82a335255b08,包含板橋、新莊、三重、永和、中和、新店、土城、海山、蘆洲、樹林、鶯歌、三峽、汐止、林口、淡水、八里等地區路邊收費停車場收費路段資訊,,智慧通勤:4; 韌性防災:0; 永續環境:0; 食安健康:0; 勞動福祉:0; 文化共融:0
newtaipei,2924FBE5-852F-46F4-A829-45BECD75EFF5,,時段性管制禁止大貨車行駛路段,智慧通勤,True,True,False,area,通勤地圖與交通壓力分析,False,3,交通,交通及通訊,,,,新北市政府交通局/交通安全科/交通安全科第二股,每年,JSON、CSV、XML,中文,,https://data.ntpc.gov.tw/datasets/2924fbe5-852f-46f4-a829-45becd75eff5,時段性管制禁止大貨車行駛路段新增,,智慧通勤:3; 韌性防災:0; 永續環境:0; 食安健康:0; 勞動福祉:0; 文化共融:0
newtaipei,B34DBD89-85A9-4489-BF6C-065537661638,,路口安全自動偵測系統設置地點,智慧通勤,True,True,False,area,通勤地圖與交通壓力分析,False,3,交通,公共資訊,,,,新北市政府警察局/新北市政府警察局交通警察大隊/執法組,不更新,JSON、CSV、XML,中文,,https://data.ntpc.gov.tw/datasets/b34dbd89-85a9-4489-bf6c-065537661638,路口安全自動偵測系統設置,,智慧通勤:3; 韌性防災:0; 永續環境:0; 食安健康:0; 勞動福祉:0; 文化共融:0
newtaipei,BB59A616-3572-4E92-9D09-01BF422057A6,,違規停車自動偵測系統設置地點,智慧通勤,True,True,False,area,通勤地圖與交通壓力分析,False,3,交通,交通及通訊,,,,新北市政府警察局/新北市政府警察局交通警察大隊/執法組,每年,JSON、CSV、XML,中文,,https://data.ntpc.gov.tw/datasets/bb59a616-3572-4e92-9d09-01bf422057a6,違規停車自動偵測系統設置地點。,,智慧通勤:4; 韌性防災:0; 永續環境:0; 食安健康:0; 勞動福祉:0; 文化共融:0
taipei,f4ec54ba-32d1-402c-966f-78624b56f31e,00001830,pay.taipei支援無卡進出停車場清單,智慧通勤,True,True,False,point,通勤地圖與交通壓力分析,False,3,資訊,交通及通訊,原始資料,資訊局,,資訊局,不定期更新,CSV,中文,2021-08-02T00:00:00,/api/dataset/f4ec54ba-32d1-402c-966f-78624b56f31e/resource/c0408caa-b6ae-47e7-b4e9-1d806afd69c2/download,提供合作支付業者pay.taipei合作停車場業者及停車場地址即時更新資訊。(本資料集使用UTF8編碼如以Excel開啟可能產生亂碼，需變更編碼方式為UTF8，並提供API方式介接),seqno、停車場ID、營運id、營運單位、對應停車場、狀態、電話、郵遞區號、地址、說明,智慧通勤:2; 韌性防災:0; 永續環境:0; 食安健康:0; 勞動福祉:0; 文化共融:0
taipei,c208dabd-2da0-4e6d-8dbd-a004b9782b0a,00001776,臺北市 今日施工資訊,智慧通勤,True,True,False,point,通勤地圖與交通壓力分析,False,3,工務,求職及就業,原始資料,工務局,,工務局,每10分,JSON,中文,2016-06-23T00:00:00,https://tpnco.blob.core.windows.net/blobfs/Todaywork.json,臺北市道路挖掘即時施工通報資訊，含Ac_no(核備文號)、sno(序號)、AppMode(通報類別)、X(X座標)、Y(Y座標)、AppTime(通報時間)、App_Name(施工單位)、C_Name(行政區)、Addr(施工位置)、Cb_Da(核准施工起日)、Ce_Da(核准施工迄日)、Co_Ti(施工時段)、Tc_Ma(監工)、Tc_Tl(監工電話)、Tc_Ma3(廠商現場施工人員)、Tc_Tl3(現場施工人員手機)、NPurp(挖掘目的)、DType(逾時原因)、DLen(挖掘長度)、IsStay(是否長設工區)、IsBlock(是否影響通行)、PlanB(替代方案)、WItem(施工工項)、Positions(施工位置)等欄位,Ac_no、sno、AppMode、X、Y、AppTime、App_Name、C_Name、Addr、Cb_Da、Ce_Da、Co_Ti、Tc_Ma、Tc_Tl、Tc_Ma3、Tc_Tl3、NPurp、DType、DLen、IsStay、IsBlock、PlanB、WItem、Positions,智慧通勤:1; 韌性防災:0; 永續環境:0; 食安健康:0; 勞動福祉:1; 文化共融:0
taipei,9c872bdd-89d7-4bde-9e20-cef7c89c35db,00034888,臺北市30日使用道路集會路段,智慧通勤,True,True,False,area,通勤地圖與交通壓力分析,False,3,資訊,交通及通訊,網路服務,工務局,新工處,工務局新工處,每1日,JSON,中文,2026-02-04T00:00:00,https://tpnco.blob.core.windows.net/blobfs/Rally/ThirtyDaysRallyCase.json,30日內已核准使用道路集會路段資訊(含申請日期與集會地點),RAL_CODE、RAL_RCV_DATE、RAL_START_DATE、RAL_END_DATE、RAL_ADDRESS1、X1、Y1、RAL_ADDRESS2、X2、Y2,智慧通勤:2; 韌性防災:0; 永續環境:0; 食安健康:0; 勞動福祉:0; 文化共融:0
taipei,aa8db2d9-eee3-42d9-bf0a-ae084eb03c8f,00034889,臺北市30日臨時使用道路路段,智慧通勤,True,True,False,area,通勤地圖與交通壓力分析,False,3,交通,交通及通訊,網路服務,工務局,新工處,工務局新工處,每1日,JSON,中文,2026-02-04T00:00:00,https://tpnco.blob.core.windows.net/blobfs/Rally/ThirtyDaysUrgentCase.json,30日內已核准臨時使用道路路段資訊(含申請日期與使用道路範圍),BILL_CODE、URGENT_RCV_DATE、URGENT_START_DATE、 URGENT_END_DATE、URGENT_ADDRESS1、X1、Y1、URGENT_ADDRESS2、X2、Y2,智慧通勤:4; 韌性防災:0; 永續環境:0; 食安健康:0; 勞動福祉:0; 文化共融:0
taipei,50a5c4ec-9515-4c30-b83f-30b66e37053d,00000279,臺北市CCTV設施,智慧通勤,True,True,False,point,通勤地圖與交通壓力分析,False,3,交通,交通及通訊,原始資料,交通局,交工處,交通局交工處,不定期更新,CSV,中文,2012-01-04T00:00:00,/api/dataset/50a5c4ec-9515-4c30-b83f-30b66e37053d/resource/d317a3c4-ff08-48af-894e-31dfb5155de3/download,閉路電視攝影機設備資料,流水號、縣市、攝影機編號位置、WGSX(WGS84經度座標)、WGSY(WGS84緯度座標),智慧通勤:4; 韌性防災:0; 永續環境:0; 食安健康:0; 勞動福祉:0; 文化共融:0
taipei,1aae7069-cb8d-4e6e-a0e3-83dd296d29b8,00032037,臺北市YouBike潛在需求預測,智慧通勤,True,True,False,point,通勤地圖與交通壓力分析,False,3,交通,交通及通訊,原始資料,資訊局,,資訊局,不定期更新,"GEOJSON,GEOJSON",中文,2023-11-17T00:00:00,"/api/dataset/1aae7069-cb8d-4e6e-a0e3-83dd296d29b8/resource/fba5035b-38f4-451f-9854-7eb475041abf/download,/api/dataset/1aae7069-cb8d-4e6e-a0e3-83dd296d29b8/resource/1eab16c9-1b74-4f97-bad1-0cc4c37ac975/download","根據YouBike交易、調度、信令人口資料建模，預測臺北市的潛在用車需求。
將全市以 250*250 公尺的網格切分(配合信令人口)，各網格條件分為可設站及無法設站，其中無法設站類型包含山區、土地限制及特殊條件。
土地限制為根據國土利用現況調查結果不適合開發之區域，特殊條件為軍方用地或無設站空間。
預測需求量透過機器學習方法LightGBM建模，對各網格預測每小時的借車與還車量，再轉換為建議設置車柱。目前僅提供可設站但還未未設站網格的預測值。
需求柱數15以下為極低、15~79為低、79~142為中低、142~205為中、205~269為中高、269以上為高。 
資料分析範圍為112年7月整。",class(類型)、category(需求等級)、city(縣市別)、county_code(縣市別代碼)、agency_codes(機關代碼)、geometry(網格座標),智慧通勤:4; 韌性防災:0; 永續環境:0; 食安健康:0; 勞動福祉:1; 文化共融:0
taipei,baf32b58-b194-448d-96a0-ba04013d164f,00000577,臺北市交通管制工程處無障礙設施設置資料,智慧通勤,True,True,False,point,通勤地圖與交通壓力分析,False,3,交通,交通及通訊,原始資料,交通局,交工處,交通局交工處,不定期更新,CSV,中文,2015-06-05T00:00:00,/api/dataset/baf32b58-b194-448d-96a0-ba04013d164f/resource/1c18341c-9f6f-4b6b-b17f-8c66b94e39a0/download,臺北市交通管制工程處有聲號誌設置地點,項次、路口、行政區、號誌編號、WGS84經度座標、WGS84緯度座標,智慧通勤:3; 韌性防災:0; 永續環境:0; 食安健康:0; 勞動福祉:0; 文化共融:0
taipei,6df5ded8-ddfc-413b-93ea-4e26a5a77027,00033947,臺北市交通違規舉發項目及地點,智慧通勤,True,True,False,point,通勤地圖與交通壓力分析,False,3,交通,交通及通訊,原始資料,警察局,交通大隊,警察局交通大隊,每1年,CSV,中文,2025-05-23T00:00:00,/api/dataset/6df5ded8-ddfc-413b-93ea-4e26a5a77027/resource/8deab6c0-005e-4306-89fd-bff881c771a9/download,臺北市交通違規檢舉點位，資料為民眾檢舉且有裁罰的紀錄,西元年、月份、時間、law、fact、縣市別代碼、AreaName、地址-行政區域代碼、Road,智慧通勤:3; 韌性防災:0; 永續環境:0; 食安健康:0; 勞動福祉:0; 文化共融:0
taipei,53155afa-e8a3-486b-b6ad-b9b6a9c91712,00003329,臺北市人行道固定設施物_停車類設施,智慧通勤,True,True,False,point,通勤地圖與交通壓力分析,False,3,工務,公共資訊,原始資料,工務局,新工處,工務局新工處,不定期更新,JSON,中文,2020-10-26T00:00:00,/api/dataset/53155afa-e8a3-486b-b6ad-b9b6a9c91712/resource/e98545ce-f8c5-4ec9-8397-5b3f7b0cd4a2/download,臺北市人行道固定設施物有關停車設施等相關資料，本項資料所採用座標系統為TWD97。,type(資料類型)、properties(屬性資料)、ObjectID(編號)、NAME(名稱)、Town_N(行政區)、X_3826(TWD97X座標)、Y_3826(TWD97Y座標)、geometry(幾何資訊)、type(幾何位置種類)、coordinates(幾何位置座標),智慧通勤:1; 韌性防災:0; 永續環境:0; 食安健康:0; 勞動福祉:0; 文化共融:0
taipei,aaea574f-9264-4d9f-b4cd-5b0fced7e37c,00001570,臺北市今日使用道路集會路段,智慧通勤,True,True,False,area,通勤地圖與交通壓力分析,False,3,工務,交通及通訊,網路服務,工務局,新工處,工務局新工處,每1日,JSON,中文,2018-11-06T00:00:00,https://tpnco.blob.core.windows.net/blobfs/Rally/TodayRallyCase.json,臺北市每日已核准使用道路集會路段資訊(含申請日期與集會地點)　　,RAL_CODE、RAL_RCV_DATE、RAL_START_DATE、RAL_END_DATE、RAL_ADDRESS1、X1、Y1、RAL_ADDRESS2、X2、Y2,智慧通勤:2; 韌性防災:0; 永續環境:0; 食安健康:0; 勞動福祉:0; 文化共融:0
taipei,7c81e793-a67f-4b44-86df-8788af892368,00001808,臺北市今日臨時使用道路路段,智慧通勤,True,True,False,area,通勤地圖與交通壓力分析,False,3,工務,交通及通訊,網路服務,工務局,新工處,工務局新工處,每1日,JSON,中文,2020-07-28T00:00:00,https://tpnco.blob.core.windows.net/blobfs/Rally/TodayUrgentCase.json,每日已核准臨時使用道路路段資訊(含申請日期與使用道路範圍)　　,BILL_CODE、URGENT_RCV_DATE、URGENT_START_DATE、URGENT_END_DATE、URGENT_ADDRESS1、X1、Y1、URGENT_ADDRESS2、X2、Y2,智慧通勤:2; 韌性防災:0; 永續環境:0; 食安健康:0; 勞動福祉:0; 文化共融:0
taipei,fde2a190-8299-4f70-9a1f-6c223109b512,00001531,臺北市健走步道,智慧通勤,True,True,False,point,通勤地圖與交通壓力分析,False,3,醫療,公共資訊,原始資料,衛生局,,衛生局,每1年,CSV,中文,2018-06-28T00:00:00,/api/dataset/fde2a190-8299-4f70-9a1f-6c223109b512/resource/e5bb05ba-b6f3-4c8b-bf6c-4f965eab4408/download,北市健走步道,"縣市別代碼、行政區、步道名稱、健走步道地點、健走公里數、環境特色、地址、開放時間、停車場、交通方式
",智慧通勤:2; 韌性防災:0; 永續環境:1; 食安健康:1; 勞動福祉:0; 文化共融:0
taipei,5844eaa7-1dd4-4857-b86a-530d4849d932,00000647,臺北市兒童新樂園園區資訊,智慧通勤,True,True,False,area,通勤地圖與交通壓力分析,False,3,交通,休閒旅遊,原始資料,捷運公司,北捷遊憩公司,捷運公司北捷遊憩公司,不定期更新,CSV,中文,2015-08-03T00:00:00,/api/dataset/5844eaa7-1dd4-4857-b86a-530d4849d932/resource/6f6664b0-d56c-4609-a9cd-d865c07752df/download,兒童新樂園園區營運時間及門票資訊、13項遊樂設施介紹、其他遊樂設施介紹、設施設備位置、園區美食商品、兒童劇場、樹蛙表演場、停車場資訊、大眾運輸轉乘資訊及開車路線資訊,項次、項目、詳細說明、更新日期、生效日期,智慧通勤:7; 韌性防災:0; 永續環境:0; 食安健康:0; 勞動福祉:0; 文化共融:2
taipei,e52276f1-db1a-4684-a86c-58ade31ca35a,00004043,臺北市公共管線圖資_供氣系統場站,智慧通勤,True,True,False,point,通勤地圖與交通壓力分析,False,3,工務,生活安全及品質,原始資料,工務局,,工務局,不定期更新,XML,中文,2021-10-27T00:00:00,/api/dataset/e52276f1-db1a-4684-a86c-58ade31ca35a/resource/82057f7d-c8aa-45e6-a7a8-aeddb8f209a9/download,提供臺北市供氣系統場站圖資，其圖資僅供參考，確切圖資仍請洽詢相關管線機構。,geometry、類別碼、識別碼、管理單位、作業區分、設置日期、場站名稱、使用狀態、資料狀態、備註,智慧通勤:1; 韌性防災:0; 永續環境:0; 食安健康:0; 勞動福祉:0; 文化共融:0
taipei,60af881d-e490-484e-bb33-ef00a74ec007,00029579,臺北市公共管線圖資_廣播系統場站,智慧通勤,True,True,False,point,通勤地圖與交通壓力分析,False,3,工務,生活安全及品質,原始資料,工務局,,工務局,不定期更新,XML,中文,2022-08-01T00:00:00,/api/dataset/60af881d-e490-484e-bb33-ef00a74ec007/resource/c59369af-40eb-4b67-ba32-684bcb824dff/download,提供臺北市廣播系統場站圖資，其圖資僅供參考，確切圖資仍請洽詢相關管線機構。,geometry、類別碼、識別碼、管理單位、作業區分、設置日期、場站名稱、使用狀態、資料狀態、備註,智慧通勤:1; 韌性防災:0; 永續環境:0; 食安健康:0; 勞動福祉:0; 文化共融:0
taipei,f2d95aa3-671e-4ff6-97d4-d21953311957,00029595,臺北市公共管線圖資_輸電系統場站,智慧通勤,True,True,False,point,通勤地圖與交通壓力分析,False,3,工務,生活安全及品質,原始資料,工務局,,工務局,不定期更新,XML,中文,2022-08-01T00:00:00,/api/dataset/f2d95aa3-671e-4ff6-97d4-d21953311957/resource/6b62553d-74c7-4e01-8736-6111afab4052/download,提供臺北市輸電系統場站圖資，其圖資僅供參考，確切圖資仍請洽詢相關管線機構。,geometry、類別碼、識別碼、管理單位、作業區分、設置日期、場站名稱、使用狀態、資料狀態、備註,智慧通勤:1; 韌性防災:0; 永續環境:0; 食安健康:0; 勞動福祉:0; 文化共融:0
taipei,f042429c-2080-4f68-ada8-037b15901fbb,00029581,臺北市公共管線圖資_配電系統場站,智慧通勤,True,True,False,point,通勤地圖與交通壓力分析,False,3,工務,生活安全及品質,原始資料,工務局,,工務局,不定期更新,XML,中文,2022-08-01T00:00:00,/api/dataset/f042429c-2080-4f68-ada8-037b15901fbb/resource/a3ebe64c-25ea-4ddb-8280-350d90a6434f/download,提供臺北市配電系統場站圖資，其圖資僅供參考，確切圖資仍請洽詢相關管線機構。,geometry、類別碼、識別碼、管理單位、作業區分、設置日期、場站名稱、使用狀態、資料狀態、備註,智慧通勤:1; 韌性防災:0; 永續環境:0; 食安健康:0; 勞動福祉:0; 文化共融:0
taipei,c5924c17-25db-4f1e-99c4-f8ada40f2445,00004104,臺北市公共自行車2.0租借紀錄,智慧通勤,True,True,False,point,通勤地圖與交通壓力分析,False,3,交通,交通及通訊,原始資料,交通局,,交通局,不定期更新,CSV,中文,2022-02-23T00:00:00,/api/dataset/c5924c17-25db-4f1e-99c4-f8ada40f2445/resource/1105750a-e8f5-4b89-9f7f-006493bb6de7/download,提供臺北市公共自行車2.0借車、還車時間及場站資料,發布機關名稱、機關代碼、UpdateTime、SrcUpdateTime、fileinfo、fileURL,智慧通勤:5; 韌性防災:0; 永續環境:0; 食安健康:0; 勞動福祉:0; 文化共融:0
taipei,68ae8838-b2d3-4b12-8613-4f29bd22b17b,00002850,臺北市公告土地現值劃分地價區段及最高最低地價,智慧通勤,True,True,False,area,通勤地圖與交通壓力分析,False,3,地政,公共資訊,原始資料,地政局,,地政局,每1年,"CSV,CSV,CSV,CSV,CSV,CSV,CSV,CSV,CSV,CSV,CSV,CSV,CSV,CSV,CSV",中文,2020-11-11T00:00:00,"/api/dataset/68ae8838-b2d3-4b12-8613-4f29bd22b17b/resource/3ad14cc7-d870-4a69-8d85-472f4b538130/download,/api/dataset/68ae8838-b2d3-4b12-8613-4f29bd22b17b/resource/34f82b20-2f1c-4f75-9719-ffd2328cb94c/download,/api/dataset/68ae8838-b2d3-4b12-8613-4f29bd22b17b/resource/ccb743f6-667c-4980-95d0-3feee0d5b3da/download,/api/dataset/68ae8838-b2d3-4b12-8613-4f29bd22b17b/resource/3714e2b7-ffde-4ade-9c5a-a70dfb10c1de/download,/api/dataset/68ae8838-b2d3-4b12-8613-4f29bd22b17b/resource/e2923afb-4835-45d3-a245-8d7ffc487d64/download,/api/dataset/68ae8838-b2d3-4b12-8613-4f29bd22b17b/resource/eded54cc-ac11-4a05-a85e-4d671de3cf0d/download,/api/dataset/68ae8838-b2d3-4b12-8613-4f29bd22b17b/resource/a270ae0a-6723-4f7c-beb0-3762e1608372/download,/api/dataset/68ae8838-b2d3-4b12-8613-4f29bd22b17b/resource/9cc23744-d9a9-4182-94cd-acfa7646f585/download,/api/dataset/68ae8838-b2d3-4b12-8613-4f29bd22b17b/resource/0fabea90-5265-4ca1-8fa9-ac1f19e03fa4/download,/api/dataset/68ae8838-b2d3-4b12-8613-4f29bd22b17b/resource/50c521ba-cc0a-4af2-9f4b-449add5cde5f/download,/api/dataset/68ae8838-b2d3-4b12-8613-4f29bd22b17b/resource/ba1187d0-8ec7-4d2c-a0db-733c03d896ee/download,/api/dataset/68ae8838-b2d3-4b12-8613-4f29bd22b17b/resource/444270ef-4171-4151-a271-476e1b137ea7/download,/api/dataset/68ae8838-b2d3-4b12-8613-4f29bd22b17b/resource/84ee02e9-be81-4bef-8922-c5b91d08f304/download,/api/dataset/68ae8838-b2d3-4b12-8613-4f29bd22b17b/resource/3cd6a28b-6983-4112-9ea1-99cb1816ecbf/download,/api/dataset/68ae8838-b2d3-4b12-8613-4f29bd22b17b/resource/c5e71b2b-ed3a-42ff-95c2-5a911b578f95/download",本市自101年迄今各行政區公告土地現值劃分地價區段數及最高最低區段地價,行政區、區段數總計筆數、一般區段價區段筆數、繁榮街道路線價區段筆數、一般路線價區段筆數、最高一般區段價_元/平方公尺、最低一般區段價_元/平方公尺、最高繁榮街道路線價_元/平方公尺、最低繁榮街道路線價_元/平方公尺、最高一般路線價_元/平方公尺、最低一般路線價_元/平方公尺、最高宗地地價_元/平方公尺,智慧通勤:2; 韌性防災:0; 永續環境:0; 食安健康:0; 勞動福祉:0; 文化共融:0
taipei,e5ee3189-3a05-4e4a-af3b-9ae295d54ce8,00002131,臺北市公有免費停車場,智慧通勤,True,True,False,point,通勤地圖與交通壓力分析,False,3,交通,交通及通訊,原始資料,交通局,停管處,交通局停管處,不定期更新,CSV,中文,2020-10-12T00:00:00,/api/dataset/e5ee3189-3a05-4e4a-af3b-9ae295d54ce8/resource/697bb8f2-b6d0-43b2-b6c2-b64b9ec1bc2d/download,公有免費停車場資訊,編號、行政區、主管機關、停車場開放狀況、機關名稱、門牌地址、是否收費,智慧通勤:4; 韌性防災:0; 永續環境:0; 食安健康:0; 勞動福祉:0; 文化共融:0
taipei,f0a32701-d708-4dd7-beb1-9450b4e5eb8e,00000147,臺北市公車專用道,智慧通勤,True,True,False,area,通勤地圖與交通壓力分析,False,3,交通,交通及通訊,原始資料,交通局,交工處,交通局交工處,不定期更新,KML,中文,2012-01-04T00:00:00,/api/dataset/f0a32701-d708-4dd7-beb1-9450b4e5eb8e/resource/0307345f-bef3-4bc0-be06-38c3f15c84fb/download,公車專用道資料,路線、路段、起點、終點、長度、佈設方式、行駛方向、實施日期,智慧通勤:5; 韌性防災:0; 永續環境:0; 食安健康:0; 勞動福祉:0; 文化共融:0
taipei,48aa5bca-2a4f-4fb7-a658-43cba51d5d56,00000109,臺北市公車站牌位置圖,智慧通勤,True,True,False,point,通勤地圖與交通壓力分析,False,3,交通,交通及通訊,原始資料,交通局,公運處,交通局公運處,不定期更新,SHP,中文,2012-01-04T00:00:00,/api/dataset/48aa5bca-2a4f-4fb7-a658-43cba51d5d56/resource/dfd68d8e-d3b9-44df-b614-8850c103239f/download,臺北市聯營公車站牌編號、中文名稱及位置，本項資料所採用座標系統為TWD97。 ,BSM_BUSSTO(站位id)、BSM_CHINES(站名),智慧通勤:5; 韌性防災:0; 永續環境:0; 食安健康:0; 勞動福祉:0; 文化共融:0
taipei,b5726297-d172-4ba7-b5c4-31de38e184e1,00003901,臺北市列管登山步道,智慧通勤,True,True,False,point,通勤地圖與交通壓力分析,False,3,工務,休閒旅遊,原始資料,工務局,大地處,工務局大地處,不定期更新,CSV,中文,2021-04-09T00:00:00,/api/dataset/b5726297-d172-4ba7-b5c4-31de38e184e1/resource/0d1d7db3-efc1-40d1-ad24-5a1a1f88e06b/download,目前臺北市親山步道系統列管有154條步道，總長約117公里，並因應步道長度、高低起伏及體適能條件等規劃完成步道路線。引領民眾便捷地親近山林，輕鬆享受自然多樣的生態野趣，同時懷想起含其中的歷史人文事蹟。,序號、行政區、登山步道路線、總長M、單程步行時間min、步道分級、起點、起點經度座標、起點緯度座標、起點是否為階梯、迄點、迄點經度座標、迄點緯度座標、迄點是否為階梯、步道口是否有路擋、是否適合輪椅通行、輪椅可通行段平均坡度、輪椅可通行段長度M、行動電話通訊情形、是否有流動廁所、流動廁所位置、是否為無障礙廁所,智慧通勤:2; 韌性防災:0; 永續環境:0; 食安健康:0; 勞動福祉:0; 文化共融:1
taipei,2385447a-6793-4055-8ce0-b601ffa5e9b5,00000159,臺北市加油站及加氣站分布圖,智慧通勤,True,True,False,point,通勤地圖與交通壓力分析,False,3,經濟,交通及通訊,原始資料,產業局,,產業局,不定期更新,CSV,中文,2012-01-13T00:00:00,/api/dataset/2385447a-6793-4055-8ce0-b601ffa5e9b5/resource/cba4734b-3693-46cc-bcc1-61cac76386b9/download,臺北市加油站及加氣站分布圖。,CITYZONE(行政區)、NAME(名稱)、S_NAME(站名)、SUPPLIER(供油廠商)、ADDRESS(地址)、電話、DUTY_TIME(營業時間)、HAVEOIL(加油站)、HAVEGAS(加氣站)、HAVESELF(提供自助加油服務)、ADDR_X(座標X)、ADDR_Y(座標Y),智慧通勤:1; 韌性防災:0; 永續環境:0; 食安健康:0; 勞動福祉:0; 文化共融:0
taipei,a6fae9f8-8d0f-4605-98ac-577388a7734f,00001131,臺北市即時交通訊息,智慧通勤,True,True,False,area,通勤地圖與交通壓力分析,False,3,交通,交通及通訊,原始資料,交通局,,交通局,不定期更新,JSON,中文,2020-06-22T00:00:00,https://tcgbusfs.blob.core.windows.net/dotapp/news.json,發布於臺北好行APP之本市道路雍塞、交通管制等即時交通訊息及臺北好行相關公告訊息,chtmessage(中文訊息)、engmessage(英文訊息)、starttime(開始時間)、endtime(結束時間)、updatetime(資料上傳時間)、content(內容)、areaname(影響區域名稱),智慧通勤:4; 韌性防災:0; 永續環境:0; 食安健康:0; 勞動福祉:0; 文化共融:0
taipei,03e017d7-674d-4665-b874-5a6a020668e4,00001822,臺北市地下道資訊,智慧通勤,True,True,False,point,通勤地圖與交通壓力分析,False,3,工務,公共資訊,原始資料,工務局,新工處,工務局新工處,不定期更新,JSON,中文,2020-08-06T00:00:00,/api/dataset/03e017d7-674d-4665-b874-5a6a020668e4/resource/7ce99e98-be5e-4332-a2b6-4f0980de82e3/download,臺北市地下道資訊json file格式檔案，內容包含地下道編號、地下道名稱、地下道類型(A：人行、B：車行)、轄下機關、所在區鄉、認養情況、設計單位、監造單位、施工單位、地下道總長(m)、最大淨寬(m)、最小淨寬(m)、點位座標等資訊。 　　,ID(系統ID)、Nether_id(地下道編號)、Nether_name(地下道名稱)、NetherKind(地下道類型)、AdminUnit(管理機關)、CountyCode(所在縣市)、AreaCode(所在區鄉)、Route(道路等級)、CrossoverObject(跨越道路)、adopt_status(認養情況)、DesignEngineers(設計單位)、SuperviseEngineers(監造單位)、BuildEngineers(施工單位)、Length(地下道總長)、Area(地下道總總投影面積)、Length1(主通道結構體長度)、Length2(出入口副通道/引道長度)、MaxWidth(最大淨寬)、MinWidth(最小淨寬)、UpHeight(主通道最小淨高)、DriveWay(總車道數)、Obj_Longitude(GMap經度座標)、Obj_Latitude(GMap緯度座標)、Exits(地下道-出入口資料)、No(出入口編號)、Longitude_exit(出入口GPS經度)、Latitude_exit(出入口GPS緯度),智慧通勤:1; 韌性防災:0; 永續環境:0; 食安健康:0; 勞動福祉:0; 文化共融:0
taipei,6bb3304b-4f46-4bb0-8cd1-60c66dcd1cae,00003715,臺北市垃圾車點位路線資訊,智慧通勤,True,True,False,point,通勤地圖與交通壓力分析,False,3,資訊,生活安全及品質,網路服務,環保局,,環保局,不定期更新,CSV,中文,2021-01-19T00:00:00,/api/dataset/6bb3304b-4f46-4bb0-8cd1-60c66dcd1cae/resource/a6e90031-7ec4-4089-afb5-361a4efe7202/download,垃圾車清運路線、時間等詳細資料,"行政區、里別、分隊、局編、車號、路線、車次、抵達時間、離開時間、地點、緯度、經度
",智慧通勤:1; 韌性防災:0; 永續環境:0; 食安健康:0; 勞動福祉:0; 文化共融:0
taipei,f524d134-c5d6-4417-bbb5-c37038b69922,00002450,臺北市大客車禁行路段,智慧通勤,True,True,False,point,通勤地圖與交通壓力分析,False,3,交通,交通及通訊,原始資料,交通局,交工處,交通局交工處,不定期更新,CSV,中文,2020-10-20T00:00:00,/api/dataset/f524d134-c5d6-4417-bbb5-c37038b69922/resource/5b81bd2b-3d08-468d-b936-b1e26314adbd/download,臺北市政府轄管道路大客車禁行路段,項次、縣市別、縣市別代碼、鄉鎮市區、地址-行政區域代碼、路線路名、路線樁號及起迄地名、管制通行措施、路況概述,智慧通勤:5; 韌性防災:0; 永續環境:0; 食安健康:0; 勞動福祉:0; 文化共融:0
taipei,bcd9a8f7-ad5d-4771-85fb-280457d6b0cd,00003912,臺北市大貨車禁行區域公告,智慧通勤,True,True,False,area,通勤地圖與交通壓力分析,False,3,交通,交通及通訊,原始資料,交通局,,交通局,不定期更新,CSV,中文,2021-04-23T00:00:00,/api/dataset/bcd9a8f7-ad5d-4771-85fb-280457d6b0cd/resource/fa90d6a3-227d-482e-a523-24530f750d2d/download,臺北市大貨車禁行區域、禁行時段與類型公告,縣市別、縣市別代碼、機關名稱、機關代碼、資料存取位址（網址）,智慧通勤:3; 韌性防災:0; 永續環境:0; 食安健康:0; 勞動福祉:0; 文化共融:0
taipei,7983e5d7-2905-4c74-bbed-58e71b996d76,00002439,臺北市大貨車聯結車禁行範圍,智慧通勤,True,True,False,point,通勤地圖與交通壓力分析,False,3,交通,交通及通訊,原始資料,交通局,交工處,交通局交工處,不定期更新,CSV,中文,2020-10-19T00:00:00,/api/dataset/7983e5d7-2905-4c74-bbed-58e71b996d76/resource/2184aa5c-1c80-4d11-b353-85c0a9b68968/download,臺北市政府轄管道路禁行大貨車、聯結車路段或區域,行政區、地址-行政區域代碼、路段或區域、車種及噸數（含）、禁行時段,智慧通勤:4; 韌性防災:0; 永續環境:0; 食安健康:0; 勞動福祉:0; 文化共融:0
taipei,dc4e7a4c-7611-4419-aa92-8ba7e28fa090,00033958,臺北市孔洞檢測清單,智慧通勤,True,True,False,point,通勤地圖與交通壓力分析,False,3,交通,公共資訊,原始資料,工務局,新工處,工務局新工處,不定期更新,CSV,中文,2025-07-07T00:00:00,/api/dataset/dc4e7a4c-7611-4419-aa92-8ba7e28fa090/resource/ae7b1fa8-3f98-4dde-8075-8114ae3b8f06/download,台北新工處_道路孔洞檢測清單,項次、年度、孔洞代碼、縣市別、行政區、路名、緯度、經度、孔洞位置（M）、孔洞長度（M）、孔洞寬度（M）、危險程度、檢測日期、提送日期、鑽心日期、鑽心結果、開挖日期、開挖結果,智慧通勤:4; 韌性防災:0; 永續環境:0; 食安健康:0; 勞動福祉:0; 文化共融:0
taipei,ee2e4015-8844-48fb-aa57-31209909b0fc,00029620,臺北市寬度超過8公尺道路GIS圖資,智慧通勤,True,True,False,point,通勤地圖與交通壓力分析,False,3,工務,公共資訊,原始資料,工務局,新工處,工務局新工處,不定期更新,SHP,中文,2022-07-29T00:00:00,/api/dataset/ee2e4015-8844-48fb-aa57-31209909b0fc/resource/074a401d-45a2-4748-bf62-7d5372d53d45/download,臺北市寬度超過8公尺道路GIS圖層為臺北市工務局新建工程處於103-105年辦理「臺北市區道路資料測繪調查及建置(寬度超過8公尺道路)」計畫所建置，為SHP檔案格式，本項資料所採用座標系統為TWD97。,OBJECTID、RoadLenght、RoadWidth、Road_ID、TT、RoadName、TOWNNAME、Omission、POINT_X、POINT_Y、POINT_Z、SWalk_Area、Ditch_Area、Cen_Median、Car_Median、Admin_NO、Admit_Dir、Intersect、Shape_Leng、AVG、Max、Min、Shape_Le_1、Shape_Area,智慧通勤:1; 韌性防災:0; 永續環境:0; 食安健康:0; 勞動福祉:0; 文化共融:0
taipei,89202d05-0e3e-4781-a04f-45327bf12b30,00000048,臺北市市區自行車道,智慧通勤,True,True,False,area,通勤地圖與交通壓力分析,False,3,交通,交通及通訊,原始資料,交通局,交工處,交通局交工處,不定期更新,CSV,中文,2012-01-13T00:00:00,/api/dataset/89202d05-0e3e-4781-a04f-45327bf12b30/resource/a69988de-6a49-4956-9220-40ebd7c42800/download,自行車道資料,路段序號、自行車道路線編號、路段名稱、路段起點描述、路段迄點描述、縣市別、鄉鎮別、管養單位、所屬道路寬度（M）、自行車道車行方向、自行車道類型、自行車道鋪面類別、自行車道長度（M）、自行車道寬度（M）、自行車道道路結構、補助經費（百萬元）、補助機關、完工日期、路徑（X）、路徑（Y）、備註，資料及欄位代號來自自行車道資料建置平台bikeway.nlma.gov.tw/Bikeway/,智慧通勤:6; 韌性防災:0; 永續環境:0; 食安健康:0; 勞動福祉:1; 文化共融:0
taipei,ba35cc86-d2b7-4367-ab26-d0032967050f,00001145,臺北市市區道路速限表,智慧通勤,True,True,False,area,通勤地圖與交通壓力分析,False,3,交通,交通及通訊,原始資料,交通局,交工處,交通局交工處,不定期更新,"CSV,CSV",中文,2016-12-13T00:00:00,"/api/dataset/ba35cc86-d2b7-4367-ab26-d0032967050f/resource/bf38a8ff-8af3-447d-a1b4-962019fb10cb/download,/api/dataset/ba35cc86-d2b7-4367-ab26-d0032967050f/resource/7bc423ef-4cc4-4c8b-a31d-f257b5680609/download",臺北市市區道路行車速限別於法定速限（50公里）之道路及路段 (本表僅供參考，依據現場標誌為準。),縣市別代碼、類別、路段、速限、備註,智慧通勤:4; 韌性防災:0; 永續環境:0; 食安健康:0; 勞動福祉:0; 文化共融:0
taipei,f8a625d2-6529-4c6a-8852-0122d8bb740e,00000585,臺北市市場處無障礙設施,智慧通勤,True,True,False,point,通勤地圖與交通壓力分析,False,3,交通,生活安全及品質,原始資料,產業局,市場處,產業局市場處,每1年,CSV,中文,2020-01-01T00:00:00,/api/dataset/f8a625d2-6529-4c6a-8852-0122d8bb740e/resource/b9281f44-8eda-4cc2-bf97-745667ed03cd/download,臺北市市場處無障礙設施設置情形,序號、場地名稱、地址、無障礙設施內容、備註,智慧通勤:3; 韌性防災:0; 永續環境:0; 食安健康:0; 勞動福祉:0; 文化共融:0
taipei,efe9a83f-023d-420f-8e63-872fd2c12df8,00029769,臺北市平面道路禁行機車,智慧通勤,True,True,False,point,通勤地圖與交通壓力分析,False,3,交通,交通及通訊,原始資料,交通局,交工處,交通局交工處,不定期更新,CSV,中文,2022-09-23T00:00:00,/api/dataset/efe9a83f-023d-420f-8e63-872fd2c12df8/resource/2c833533-071f-4b3c-9d17-39662d805b66/download,臺北市平面道路禁行機車列表,縣市別代碼、地址-行政區域代碼、行政區、路名、方向、起點、迄點、速限、管制原因、建議替代動線,智慧通勤:4; 韌性防災:0; 永續環境:0; 食安健康:0; 勞動福祉:0; 文化共融:0
taipei,a2f976d8-8918-4636-b1cd-04dde79aa95a,00000216,臺北市拖吊場,智慧通勤,True,True,False,point,通勤地圖與交通壓力分析,False,3,交通,交通及通訊,原始資料,交通局,停管處,交通局停管處,每1年,CSV,中文,2012-01-04T00:00:00,/api/dataset/a2f976d8-8918-4636-b1cd-04dde79aa95a/resource/2aa0677f-05c1-4a5b-8e26-a50d118062f2/download,停車拖吊資訊,編號、保管場名稱、拖吊公司名稱、拖吊責任區、地址、0811免費電話、保管場電話1、保管場電話2,智慧通勤:4; 韌性防災:0; 永續環境:0; 食安健康:0; 勞動福祉:0; 文化共融:0
taipei,eb46bd14-5657-42ce-806a-0d761164a30b,00003422,臺北市政府新工處施作路寬8公尺以上道路銑鋪期程維護管制區,智慧通勤,True,True,False,area,通勤地圖與交通壓力分析,False,3,工務,公共資訊,原始資料,工務局,新工處,工務局新工處,不定期更新,CSV,中文,2020-12-22T00:00:00,/api/dataset/eb46bd14-5657-42ce-806a-0d761164a30b/resource/17b6e6d3-911b-4874-afb3-605e8a104462/download,臺北市政府新工處施作路寬8公尺以上道路之路段及施工起訖期程維護管制區，含施工路段。,編號、工程名稱、行政區、路段、施作範圍、預計開工日期、預計完工日期、實際開工日期、實際竣工日期、備註,智慧通勤:1; 韌性防災:0; 永續環境:0; 食安健康:0; 勞動福祉:0; 文化共融:0
taipei,8fbcc81e-3075-44dd-867e-469165a417d7,00032100,臺北市新建工程無障礙路徑是否能通行,智慧通勤,True,True,False,point,通勤地圖與交通壓力分析,False,3,工務,交通及通訊,原始資料,都發局,建管處,都發局建管處,每3月,CSV,中文,2023-12-28T00:00:00,/api/dataset/8fbcc81e-3075-44dd-867e-469165a417d7/resource/222e604b-812d-42d8-acc9-fdf8d04e280e/download,為讓本市成為全齡無障礙空間，將本市新建工程施工期間是否能讓無障礙通路通行，供使用者了解，避免前往無法通行,"建照號碼、行政區、行政區代碼（編碼）、建築地址、最新施工進度、X座標（TWD97二度分帶X）、Y座標（TWD97二度分帶Y）、可否通行
",智慧通勤:1; 韌性防災:0; 永續環境:0; 食安健康:0; 勞動福祉:0; 文化共融:0
taipei,112faf8c-11c0-4a38-a73e-9b7819fa2bd6,00003549,臺北市旅行時間偵測站設備資訊,智慧通勤,True,True,False,area,通勤地圖與交通壓力分析,False,3,交通,交通及通訊,原始資料,交通局,交工處,交通局交工處,不定期更新,CSV,中文,2020-12-30T00:00:00,/api/dataset/112faf8c-11c0-4a38-a73e-9b7819fa2bd6/resource/d10b7ab7-55b2-4d50-80e3-2a22aa0f101e/download,配合交通部即時路況資料標準v2.0提供旅行時間偵測站設備資訊,縣市、檔案名稱、介接網址、主要欄位說明、更新頻率,智慧通勤:3; 韌性防災:0; 永續環境:0; 食安健康:0; 勞動福祉:0; 文化共融:0
taipei,9a5139ca-f3fe-494e-a737-5f761c037f37,00003573,臺北市旅行時間偵測站配對路段,智慧通勤,True,True,False,area,通勤地圖與交通壓力分析,False,3,交通,交通及通訊,原始資料,交通局,交工處,交通局交工處,不定期更新,CSV,中文,2020-12-30T00:00:00,/api/dataset/9a5139ca-f3fe-494e-a737-5f761c037f37/resource/4f712be7-f953-4ec6-ad4c-4ca8c920bcf5/download,配合交通部即時路況資料標準v2.0提供旅行時間偵測站配對路段,檔案名稱、縣市別、介接網址、主要欄位說明、更新頻率,智慧通勤:3; 韌性防災:0; 永續環境:0; 食安健康:0; 勞動福祉:0; 文化共融:0
taipei,e7c980e4-2667-41c6-8017-6961fca05055,00001812,臺北市明日道路施工預約資訊,智慧通勤,True,True,False,area,通勤地圖與交通壓力分析,False,3,工務,交通及通訊,網路服務,工務局,,工務局,每1日,JSON,中文,2016-11-28T00:00:00,https://tpnco.blob.core.windows.net/blobfs/Reserve.json,"臺北市明日道路施工預約資訊，含geometry(幾何坐標)、rmode(施工類別：0：挖掘施工, 3：銑鋪, 5：道路維護, 6：人手孔施工, B：建案復舊)、ac_no(核備文號)、ap_name(施工單位)、 addr(施工地點)、wdate(施工日期)、co_ti(施工時間)、rtime(預約時間)、tc_na(施工廠商)、tc_ma(監工人員)、tc_tl(監工人員手機)、tc_ma3(廠商現場人員)、tc_tl3(廠商現場人員手機)、rtype(施工位置)等欄位",geometry、rmode、ac_no、ap_name、addr、wdate、co_ti、rtime、tc_na、tc_ma、tc_tl、tc_ma3、tc_tl3、rtype,智慧通勤:2; 韌性防災:0; 永續環境:0; 食安健康:0; 勞動福祉:0; 文化共融:0
taipei,986fa73e-c470-4ebf-9f35-3a1c9d2a8788,00003406,臺北市智慧管理科技執法設備資料表,智慧通勤,True,True,False,point,通勤地圖與交通壓力分析,False,3,交通,公共資訊,原始資料,警察局,交通大隊,警察局交通大隊,不定期更新,CSV,中文,2021-07-01T00:00:00,/api/dataset/986fa73e-c470-4ebf-9f35-3a1c9d2a8788/resource/4715904f-6ce1-41c2-8a68-3bc5303f3607/download,提供臺北市智慧管理科技執法設備名稱、取締路段、座標-X、座標-Y、啟用日期、取締項目資料。,編號、名稱、取締路段、座標-X、座標-Y、啟用日期、取締項目,智慧通勤:3; 韌性防災:0; 永續環境:0; 食安健康:0; 勞動福祉:0; 文化共融:0
taipei,d647b3af-4bbd-4e8f-b420-8f6c1bc1b597,00004015,臺北市標線型人行道,智慧通勤,True,True,False,area,通勤地圖與交通壓力分析,False,3,交通,交通及通訊,原始資料,交通局,交工處,交通局交工處,不定期更新,SHP,中文,2021-10-18T00:00:00,/api/dataset/d647b3af-4bbd-4e8f-b420-8f6c1bc1b597/resource/2d82d5f1-8f97-45db-89df-162ba161dedb/download,標線型人行道圖資(shp格式) 資料欄位說明：標線型人行道圖資(shp格式)，欄位說明：RDITCD(路口碼)、RDCODE(路段碼)、LICODE(圖形標線代碼)、LIAREA(面積)、RDDATE(設置日期)、SIREAN(設置原因代碼)、RDLBLG(長度)、RDLBWT(寬度),KEYID、DXF_ANGLE、RDITCD(路口碼)、RDCODE(路段碼)、LICODE(圖形標線代碼)、LIAREA(面積)、RDDATE(設置日期)、RDSNCN、SIREAN(設置原因代碼)、RDCTNB、GEOM、GEOM4326、EDITBY、RDLBLG(長度)、RDLBWT(寬度)、WORKC_KEYI、STREETVIEW、STREETV_01、STREETV_02、STREETV_03、STREETV_04、WORKC_IN_U、WORKC_IN_T、EDITTIME、ZLOCATION、PAREFE、WALKERROAD、PROJ_NAME、PROJ_NO、RPFROM、RPAREA、RPLOCATION、RPDATE、WALKERR_01、WALKERSTAT、ROADID,智慧通勤:3; 韌性防災:0; 永續環境:0; 食安健康:0; 勞動福祉:0; 文化共融:0
taipei,45fde530-6bd0-425b-98bc-de82c635f7ad,00004068,臺北市標誌資料(10條快速道路及34條主次要幹道),智慧通勤,True,True,False,point,通勤地圖與交通壓力分析,False,3,交通,交通及通訊,原始資料,交通局,交工處,交通局交工處,不定期更新,"CSV,CSV",中文,2021-12-22T00:00:00,"/api/dataset/45fde530-6bd0-425b-98bc-de82c635f7ad/resource/c2cce902-c2bc-4301-baf5-52e538035d8b/download,/api/dataset/45fde530-6bd0-425b-98bc-de82c635f7ad/resource/c9ffa9ef-f085-415b-bbd3-9b9431d54450/download",臺北市10條快速道路及34條主次要幹道標誌資料,標誌型式、標誌內容、附牌、方向、座標,智慧通勤:4; 韌性防災:0; 永續環境:0; 食安健康:0; 勞動福祉:0; 文化共融:0
taipei,77c7af11-5e86-462a-9f10-6fc3777ef943,00029772,臺北市機車例外管制路口列表,智慧通勤,True,True,False,area,通勤地圖與交通壓力分析,False,3,交通,交通及通訊,原始資料,交通局,交工處,交通局交工處,不定期更新,"CSV,CSV,CSV",中文,2022-09-23T00:00:00,"/api/dataset/77c7af11-5e86-462a-9f10-6fc3777ef943/resource/a15f2a8d-eb1a-489d-a25f-3d816af10177/download,/api/dataset/77c7af11-5e86-462a-9f10-6fc3777ef943/resource/e77ab72d-cffa-46be-8b5c-16d60c32fce5/download,/api/dataset/77c7af11-5e86-462a-9f10-6fc3777ef943/resource/86c7c859-78d4-430c-bada-277203abd881/download",提供三(含)車道以上例外開放機車直接左轉路口、臺北市二車道路段例外實施兩段式左轉管制清冊、臺北市開放機車行駛第3車道路段列表,編號、分區、路口、方向、開放時間,智慧通勤:4; 韌性防災:0; 永續環境:0; 食安健康:0; 勞動福祉:0; 文化共融:0
taipei,0bb93dbb-3188-4b02-8e83-92f8838ca576,00001502,臺北市機車退出騎樓路段,智慧通勤,True,True,False,area,通勤地圖與交通壓力分析,False,3,交通,交通及通訊,原始資料,交通局,停管處,交通局停管處,每1月,SHP,中文,2020-07-13T00:00:00,/api/dataset/0bb93dbb-3188-4b02-8e83-92f8838ca576/resource/932214a2-8291-4536-a8ca-4e6364bce86a/download,臺北市機車退出騎樓路段圖層資訊,keyid、motype、id、rname、rds、rde、mosdate、zone、moyear、editby、morlong、mormane、moterm、edittime、workc_keyi、streetview、streetvi_1、streetvi_2、streetvi_3、streetvi_4、workc_in_u、workc_in_t,智慧通勤:3; 韌性防災:0; 永續環境:0; 食安健康:0; 勞動福祉:0; 文化共融:0
taipei,548fdb4b-1f3a-4ba4-902a-9f799cdf140a,00003979,臺北市河濱求救點資訊,智慧通勤,True,True,False,point,通勤地圖與交通壓力分析,False,3,水利,交通及通訊,原始資料,工務局,水利處,工務局水利處,每1年,CSV,中文,2015-02-01T00:00:00,/api/dataset/548fdb4b-1f3a-4ba4-902a-9f799cdf140a/resource/0bb812ab-b8e3-4e64-a6a1-dbc62914f6de/download,河濱求救點位置標示牌及自行車里程牌，提供CSV檔案格式，採WGS84座標系統呈現,名稱、河系、管理站、經度、緯度,智慧通勤:2; 韌性防災:2; 永續環境:0; 食安健康:0; 勞動福祉:0; 文化共融:0
taipei,f63886b7-7627-4e2a-94c0-27a2c0f55c60,00003980,臺北市河濱自行車租借站、租借費率、提供免費飲水、打氣及簡易維修服務,智慧通勤,True,True,False,point,通勤地圖與交通壓力分析,False,3,水利,交通及通訊,原始資料,工務局,水利處,工務局水利處,每1年,CSV,中文,2015-02-01T00:00:00,/api/dataset/f63886b7-7627-4e2a-94c0-27a2c0f55c60/resource/22a8d6c4-54c3-4ca9-b12e-9b827f2c0ca3/download,河濱自行車租借站及租借費率說明，提供CSV檔案格式，採TWD97及WGS84座標系統呈現,名稱、河濱公園、位置、營業時間、電話、服務資訊、租借費率、緯度TWD97、經度TWD97、緯度WGS84、經度WGS84,智慧通勤:2; 韌性防災:2; 永續環境:0; 食安健康:0; 勞動福祉:0; 文化共融:0
taipei,41d10b15-29df-4c1d-a8dc-312bb9c1dbc2,00000361,臺北市社區發展服務_社區發展協會(中山),智慧通勤,True,True,False,point,通勤地圖與交通壓力分析,False,3,社福,交通及通訊,網路服務,社會局,,社會局,不定期更新,XML,中文,2013-08-20T00:00:00,/api/dataset/41d10b15-29df-4c1d-a8dc-312bb9c1dbc2/resource/03b9118d-5ca5-41d2-aa29-4af63e388b80/download,社區發展服務-社區發展協會(中山),機構名稱、行政區、編號、負責人頭銜、負責人姓名、聯絡人頭銜、聯絡人姓名、屆期、郵遞區號、城市、地址、電話、傳真、網址、e-mail、機關簡介、字號標題、立案字號、開始日期標題、成立日期、項目一標題、項目一內容、項目二標題、項目二內容、組織區域、兼任里長、是否備有交通車、橫座標、縱座標、單位代碼、提供單位、上傳日期,智慧通勤:1; 韌性防災:0; 永續環境:0; 食安健康:0; 勞動福祉:1; 文化共融:0
taipei,73caee04-596a-44d8-80f0-6f82b7210448,00000360,臺北市社區發展服務_社區發展協會(中正),智慧通勤,True,True,False,point,通勤地圖與交通壓力分析,False,3,社福,交通及通訊,網路服務,社會局,,社會局,不定期更新,XML,中文,2013-08-20T00:00:00,/api/dataset/73caee04-596a-44d8-80f0-6f82b7210448/resource/c7a1fc15-1ce3-43cc-9030-576f53ff515e/download,社區發展服務-社區發展協會(中正),機構名稱、行政區、編號、負責人頭銜、負責人姓名、聯絡人頭銜、聯絡人姓名、屆期、郵遞區號、城市、地址、電話、傳真、網址、e-mail、機關簡介、字號標題、立案字號、開始日期標題、成立日期、項目一標題、項目一內容、項目二標題、項目二內容、組織區域、兼任里長、是否備有交通車、橫座標、縱座標、單位代碼、提供單位、上傳日期,智慧通勤:1; 韌性防災:0; 永續環境:0; 食安健康:0; 勞動福祉:1; 文化共融:0
taipei,15b08c39-b2a8-4233-a29f-1ac57d9e237c,00000355,臺北市社區發展服務_社區發展協會(信義),智慧通勤,True,True,False,point,通勤地圖與交通壓力分析,False,3,社福,交通及通訊,網路服務,社會局,,社會局,不定期更新,XML,中文,2013-08-20T00:00:00,/api/dataset/15b08c39-b2a8-4233-a29f-1ac57d9e237c/resource/80baa9bd-365d-42e9-ba49-c9865592f325/download,社區發展服務-社區發展協會(信義),機構名稱、行政區、編號、負責人頭銜、負責人姓名、聯絡人頭銜、聯絡人姓名、屆期、郵遞區號、城市、地址、電話、傳真、網址、e-mail、機關簡介、字號標題、立案字號、開始日期標題、成立日期、項目一標題、項目一內容、項目二標題、項目二內容、組織區域、兼任里長、是否備有交通車、橫座標、縱座標、單位代碼、提供單位、上傳日期,智慧通勤:1; 韌性防災:0; 永續環境:0; 食安健康:0; 勞動福祉:1; 文化共融:0
taipei,ef5ef497-2d57-4865-813e-0f0d3827ebd6,00000359,臺北市社區發展服務_社區發展協會(內湖),智慧通勤,True,True,False,point,通勤地圖與交通壓力分析,False,3,社福,交通及通訊,網路服務,社會局,,社會局,不定期更新,XML,中文,2013-08-20T00:00:00,/api/dataset/ef5ef497-2d57-4865-813e-0f0d3827ebd6/resource/ff1f1b36-216f-4b77-b085-465900c38b7d/download,社區發展服務-社區發展協會(內湖),機構名稱、行政區、編號、負責人頭銜、負責人姓名、聯絡人頭銜、聯絡人姓名、屆期、郵遞區號、城市、地址、電話、傳真、網址、e-mail、機關簡介、字號標題、立案字號、開始日期標題、成立日期、項目一標題、項目一內容、項目二標題、項目二內容、組織區域、兼任里長、是否備有交通車、橫座標、縱座標、單位代碼、提供單位、上傳日期,智慧通勤:1; 韌性防災:0; 永續環境:0; 食安健康:0; 勞動福祉:1; 文化共融:0
taipei,eaaa5b6c-f32b-4168-83f6-b4dba142a727,00000357,臺北市社區發展服務_社區發展協會(北投),智慧通勤,True,True,False,point,通勤地圖與交通壓力分析,False,3,社福,交通及通訊,網路服務,社會局,,社會局,不定期更新,XML,中文,2013-08-20T00:00:00,/api/dataset/eaaa5b6c-f32b-4168-83f6-b4dba142a727/resource/b4e43fae-8880-428a-b6d1-a5a1aab30533/download,社區發展服務-社區發展協會(北投),機構名稱、行政區、編號、負責人頭銜、負責人姓名、聯絡人頭銜、聯絡人姓名、屆期、郵遞區號、城市、地址、電話、傳真、網址、e-mail、機關簡介、字號標題、立案字號、開始日期標題、成立日期、項目一標題、項目一內容、項目二標題、項目二內容、組織區域、兼任里長、是否備有交通車、橫座標、縱座標、單位代碼、提供單位、上傳日期,智慧通勤:1; 韌性防災:0; 永續環境:0; 食安健康:0; 勞動福祉:1; 文化共融:0
taipei,ff877b15-b82e-4922-a4e2-5286bfb60edc,00000354,臺北市社區發展服務_社區發展協會(南港),智慧通勤,True,True,False,point,通勤地圖與交通壓力分析,False,3,社福,交通及通訊,網路服務,社會局,,社會局,不定期更新,XML,中文,2013-08-20T00:00:00,/api/dataset/ff877b15-b82e-4922-a4e2-5286bfb60edc/resource/99a5a877-dd80-4a63-9647-8bf5ca4246a3/download,社區發展服務-社區發展協會(南港),機構名稱、行政區、編號、負責人頭銜、負責人姓名、聯絡人頭銜、聯絡人姓名、屆期、郵遞區號、城市、地址、電話、傳真、網址、e-mail、機關簡介、字號標題、立案字號、開始日期標題、成立日期、項目一標題、項目一內容、項目二標題、項目二內容、組織區域、兼任里長、是否備有交通車、橫座標、縱座標、單位代碼、提供單位、上傳日期,智慧通勤:1; 韌性防災:0; 永續環境:0; 食安健康:0; 勞動福祉:1; 文化共融:0
taipei,6bac0867-ceec-43ad-88aa-1e315913242f,00000364,臺北市社區發展服務_社區發展協會(士林),智慧通勤,True,True,False,point,通勤地圖與交通壓力分析,False,3,社福,交通及通訊,網路服務,社會局,,社會局,不定期更新,XML,中文,2013-08-20T00:00:00,/api/dataset/6bac0867-ceec-43ad-88aa-1e315913242f/resource/6f1b6c27-d3a7-4b88-a0b3-9828dc5c88dd/download,社區發展服務-社區發展協會(士林),機構名稱、行政區、編號、負責人頭銜、負責人姓名、聯絡人頭銜、聯絡人姓名、屆期、郵遞區號、城市、地址、電話、傳真、網址、e-mail、機關簡介、字號標題、立案字號、開始日期標題、成立日期、項目一標題、項目一內容、項目二標題、項目二內容、組織區域、兼任里長、是否備有交通車、橫座標、縱座標、單位代碼、提供單位、上傳日期,智慧通勤:1; 韌性防災:0; 永續環境:0; 食安健康:0; 勞動福祉:1; 文化共融:0
taipei,565f64be-a893-437d-8a25-a697310e3e9d,00000363,臺北市社區發展服務_社區發展協會(大同),智慧通勤,True,True,False,point,通勤地圖與交通壓力分析,False,3,社福,交通及通訊,網路服務,社會局,,社會局,不定期更新,XML,中文,2013-08-20T00:00:00,/api/dataset/565f64be-a893-437d-8a25-a697310e3e9d/resource/06ff56e1-94ac-4255-a468-3065097a2c75/download,社區發展服務-社區發展協會(大同),機構名稱、行政區、編號、負責人頭銜、負責人姓名、聯絡人頭銜、聯絡人姓名、屆期、郵遞區號、城市、地址、電話、傳真、網址、e-mail、機關簡介、字號標題、立案字號、開始日期標題、成立日期、項目一標題、項目一內容、項目二標題、項目二內容、組織區域、兼任里長、是否備有交通車、橫座標、縱座標、單位代碼、提供單位、上傳日期,智慧通勤:1; 韌性防災:0; 永續環境:0; 食安健康:0; 勞動福祉:1; 文化共融:0
taipei,67e8ce71-a913-4723-aab4-05f0de21eca7,00000358,臺北市社區發展服務_社區發展協會(文山),智慧通勤,True,True,False,point,通勤地圖與交通壓力分析,False,3,社福,交通及通訊,網路服務,社會局,,社會局,不定期更新,XML,中文,2013-08-20T00:00:00,/api/dataset/67e8ce71-a913-4723-aab4-05f0de21eca7/resource/6e56b5ae-2541-4f9e-95ba-7f94878910eb/download,社區發展服務-社區發展協會(文山),機構名稱、行政區、編號、負責人頭銜、負責人姓名、聯絡人頭銜、聯絡人姓名、屆期、郵遞區號、城市、地址、電話、傳真、網址、e-mail、機關簡介、字號標題、立案字號、開始日期標題、成立日期、項目一標題、項目一內容、項目二標題、項目二內容、組織區域、兼任里長、是否備有交通車、橫座標、縱座標、單位代碼、提供單位、上傳日期,智慧通勤:1; 韌性防災:0; 永續環境:0; 食安健康:0; 勞動福祉:1; 文化共融:0
taipei,9a38bce7-03de-4f4b-9fc6-8265a2ac1d60,00000356,臺北市社區發展服務_社區發展協會(松山),智慧通勤,True,True,False,point,通勤地圖與交通壓力分析,False,3,社福,交通及通訊,網路服務,社會局,,社會局,不定期更新,XML,中文,2013-08-20T00:00:00,/api/dataset/9a38bce7-03de-4f4b-9fc6-8265a2ac1d60/resource/3111f4e7-62a1-4474-89f8-b1d213d5c9e4/download,社區發展服務-社區發展協會(松山),機構名稱、行政區、編號、負責人頭銜、負責人姓名、聯絡人頭銜、聯絡人姓名、屆期、郵遞區號、城市、地址、電話、傳真、網址、e-mail、機關簡介、字號標題、立案字號、開始日期標題、成立日期、項目一標題、項目一內容、項目二標題、項目二內容、組織區域、兼任里長、是否備有交通車、橫座標、縱座標、單位代碼、提供單位、上傳日期,智慧通勤:1; 韌性防災:0; 永續環境:0; 食安健康:0; 勞動福祉:1; 文化共融:0
taipei,820c1c94-67ae-491b-a6cc-34a1bd247b73,00000353,臺北市社區發展服務_社區發展協會(萬華),智慧通勤,True,True,False,point,通勤地圖與交通壓力分析,False,3,社福,交通及通訊,網路服務,社會局,,社會局,不定期更新,XML,中文,2013-08-20T00:00:00,/api/dataset/820c1c94-67ae-491b-a6cc-34a1bd247b73/resource/fba6ad08-ec66-4d9b-8a71-4c76b36704f7/download,社區發展服務-社區發展協會(萬華),機構名稱、行政區、編號、負責人頭銜、負責人姓名、聯絡人頭銜、聯絡人姓名、屆期、郵遞區號、城市、地址、電話、傳真、網址、e-mail、機關簡介、字號標題、立案字號、開始日期標題、成立日期、項目一標題、項目一內容、項目二標題、項目二內容、組織區域、兼任里長、是否備有交通車、橫座標、縱座標、單位代碼、提供單位、上傳日期,智慧通勤:1; 韌性防災:0; 永續環境:0; 食安健康:0; 勞動福祉:1; 文化共融:0
taipei,a9c282c5-3a43-41ed-badc-f9c1bdf1cc34,00000024,臺北市禁停紅黃線路段分布圖,智慧通勤,True,True,False,area,通勤地圖與交通壓力分析,False,3,交通,交通及通訊,原始資料,交通局,交工處,交通局交工處,不定期更新,SHP,中文,2012-01-04T00:00:00,/api/dataset/a9c282c5-3a43-41ed-badc-f9c1bdf1cc34/resource/48d59dbf-7056-42e2-94b1-41f41169b886/download,禁停紅黃線資料,RDITCD、RDCODE、PAREFE、PADATE、PATYPE、PARREN、PANWRP、PARLEN、PATIIT、MEMO、EDITBY、KEYID、PAPOS、WORKC_KEYI、STREETVIEW、STREETVI_1、STREETVI_2、STREETVI_3、STREETVI_4、WORKC_IN_U、WORKC_IN_T、EDITTIME、WALKERROAD、WALKERRO_1、WALKERSTAT,智慧通勤:3; 韌性防災:0; 永續環境:0; 食安健康:0; 勞動福祉:0; 文化共融:0
taipei,8fd07d04-2dd3-42e8-847d-5a369bf63d0e,00000152,臺北市立大學交通資訊,智慧通勤,True,True,False,point,通勤地圖與交通壓力分析,False,3,資訊,公共資訊,原始資料,教育局,,教育局,不定期更新,CSV,中文,2021-03-26T00:00:00,/api/dataset/8fd07d04-2dd3-42e8-847d-5a369bf63d0e/resource/6e8eb44a-1a0d-44db-a582-2127515cee4c/download,介紹有關抵達臺北市立大學之交通資訊,"校區、地址、交通方式、到達方法、縣市別代碼、郵遞區號
",智慧通勤:1; 韌性防災:0; 永續環境:0; 食安健康:0; 勞動福祉:0; 文化共融:0
taipei,16916569-a274-49ea-b0b4-cdbffeaefeeb,00003985,臺北市自行車可通行之橋樑,智慧通勤,True,True,False,point,通勤地圖與交通壓力分析,False,3,水利,交通及通訊,原始資料,工務局,水利處,工務局水利處,每1年,CSV,中文,2015-02-01T00:00:00,/api/dataset/16916569-a274-49ea-b0b4-cdbffeaefeeb/resource/515f03eb-d757-4a1b-a1e9-cbd680d01590/download,"自行車可通行之橋樑,WGS84座標",no(項次)、Riverside_Park(河濱公園)、Location(地點)、Latitude(緯度)、Longitude (經度),智慧通勤:2; 韌性防災:2; 永續環境:0; 食安健康:0; 勞動福祉:0; 文化共融:0
taipei,c3aeaef1-9b9a-4e9b-bf29-702eb3dda4ff,00003981,臺北市自行車河濱出入口,智慧通勤,True,True,False,point,通勤地圖與交通壓力分析,False,3,水利,交通及通訊,原始資料,工務局,水利處,工務局水利處,每1年,CSV,中文,2015-02-01T00:00:00,/api/dataset/c3aeaef1-9b9a-4e9b-bf29-702eb3dda4ff/resource/4adba3db-4612-4c85-931a-219ba899436b/download,"自行車河濱出入口說明,WGS84座標",Riverside_Park、Location、Latitude、Longitude、TYPE,智慧通勤:2; 韌性防災:2; 永續環境:0; 食安健康:0; 勞動福祉:0; 文化共融:0
taipei,5c5e9e13-9803-47c0-bbd2-1a4b3c11c49b,00000880,臺北市自行車竊盜點位資訊,智慧通勤,True,True,False,area,通勤地圖與交通壓力分析,False,3,治安,生活安全及品質,原始資料,警察局,刑警大隊,警察局刑警大隊,不定期更新,CSV,中文,2022-01-05T00:00:00,/api/dataset/5c5e9e13-9803-47c0-bbd2-1a4b3c11c49b/resource/adf80a2b-b29d-4fca-888c-bcd26ae314e0/download,臺北市104年1月-115年2月份自行車竊盜點位資訊,編號、案類、發生日期、發生時段、發生地點,智慧通勤:1; 韌性防災:0; 永續環境:0; 食安健康:0; 勞動福祉:0; 文化共融:0
taipei,4a599738-6550-448a-9a78-03b26c67e249,00001509,臺北市號誌位置,智慧通勤,True,True,False,point,通勤地圖與交通壓力分析,False,3,交通,交通及通訊,原始資料,交通局,交工處,交通局交工處,不定期更新,CSV,中文,2018-05-01T00:00:00,/api/dataset/4a599738-6550-448a-9a78-03b26c67e249/resource/9da220ce-f5a9-40a8-aacc-dc17978f3a87/download,提供臺北市政府轄管號誌之位置經緯度座標(WGS)資訊,流水號、地點(路口名稱)、行政區、WGSX(WGS經度座標)、WGSY(WGS緯度座標),智慧通勤:3; 韌性防災:0; 永續環境:0; 食安健康:0; 勞動福祉:0; 文化共融:0
taipei,733872cf-f931-4d27-aba7-f01d7c271bdc,00000249,臺北市行人專用時相路口及時段,智慧通勤,True,True,False,point,通勤地圖與交通壓力分析,False,3,交通,交通及通訊,原始資料,交通局,交工處,交通局交工處,不定期更新,CSV,中文,2012-01-04T00:00:00,/api/dataset/733872cf-f931-4d27-aba7-f01d7c271bdc/resource/637df73c-6c11-49ae-825f-fd27f2d222c1/download,行人專用時相路口及時段,流水號、號誌編號、路口名稱、分區、實施時段、對角行穿線、WGSX(WGS84經度座標)、WGSY(WGS84緯度座標),智慧通勤:3; 韌性防災:0; 永續環境:0; 食安健康:0; 勞動福祉:0; 文化共融:0
taipei,4d6bd0c6-9f56-408b-bb96-ac41134a95d5,00004109,臺北市行穿線,智慧通勤,True,True,False,area,通勤地圖與交通壓力分析,False,3,交通,交通及通訊,原始資料,交通局,交工處,交通局交工處,不定期更新,SHP,中文,2022-03-15T00:00:00,/api/dataset/4d6bd0c6-9f56-408b-bb96-ac41134a95d5/resource/d56fe03c-0fbd-4a8b-998e-205a5e169211/download,行穿線圖資(shp格式壓縮) 資料欄位說明、更新頻率以實際檔案內為主。,RDITCD(路口碼)、RDCODE(路段碼)、LICODE(圖形標線代碼)、LIAREA(面積)、RDDATE(設置日期)、SIREAN(設置原因代碼)、RDLBLG(長度)、RDLBWT(寬度),智慧通勤:3; 韌性防災:0; 永續環境:0; 食安健康:0; 勞動福祉:0; 文化共融:0
taipei,af2976bd-3eea-42d5-9cb0-18798a457d34,00000198,臺北市調撥車道,智慧通勤,True,True,False,area,通勤地圖與交通壓力分析,False,3,交通,交通及通訊,原始資料,交通局,交工處,交通局交工處,不定期更新,"CSV,KML",中文,2012-01-04T00:00:00,"/api/dataset/af2976bd-3eea-42d5-9cb0-18798a457d34/resource/a94cd470-5faa-4dba-82db-10e50c05b4d8/download,/api/dataset/af2976bd-3eea-42d5-9cb0-18798a457d34/resource/d7b76b8b-65a8-4274-8c34-5c6bdc28b546/download",調撥車道資料,路段、起迄點、調撥時間、備註,智慧通勤:3; 韌性防災:0; 永續環境:0; 食安健康:0; 勞動福祉:0; 文化共融:0
taipei,e3aa9aa3-6e77-4537-8b7a-4a41908b2089,00003550,臺北市路段基本資訊,智慧通勤,True,True,False,area,通勤地圖與交通壓力分析,False,3,交通,交通及通訊,原始資料,交通局,交工處,交通局交工處,不定期更新,CSV,中文,2020-12-29T00:00:00,/api/dataset/e3aa9aa3-6e77-4537-8b7a-4a41908b2089/resource/37e5a1dd-1be4-45cd-9e05-8f089cc31b1a/download,臺北市路段基本資訊(XML檔),縣市、檔案名稱、介接網址、主要欄位說明、更新頻率,智慧通勤:3; 韌性防災:0; 永續環境:0; 食安健康:0; 勞動福祉:0; 文化共融:0
taipei,434638ca-8770-42c1-940d-0386a74f6eb9,00000597,臺北市路邊停車格位使用情形,智慧通勤,True,True,False,point,通勤地圖與交通壓力分析,False,3,交通,交通及通訊,原始資料,交通局,停管處,交通局停管處,每1年,XML,中文,2020-06-10T00:00:00,https://tcgbusfs.blob.core.windows.net/blobtcmsv/TCMSV_roadquery.xml,提供臺北市路邊停車格位的座標、路段名稱、收費時段、收費標準等資訊。,roadSegAvail、roadSegCarType、roadSegFee、roadSegID、roadSegName、roadSegTmEnd、roadSegTmStart、roadSegTotal、roadSegUpdateTm、roadSegUsage,智慧通勤:4; 韌性防災:0; 永續環境:0; 食安健康:0; 勞動福祉:0; 文化共融:0
taipei,1bf7de4f-3a79-4f69-b47b-51b6011c8330,00003472,臺北市身心障礙者服務_臺北市復康巴士,智慧通勤,True,True,False,point,通勤地圖與交通壓力分析,False,3,社福,交通及通訊,網路服務,社會局,,社會局,每1年,CSV,中文,2020-12-25T00:00:00,/api/dataset/1bf7de4f-3a79-4f69-b47b-51b6011c8330/resource/2dcbc92d-d10d-40e6-b95e-d4157376e2ff/download,提供臺北市身心障礙者服務_臺北市復康巴士資訊,序號、機構類型、機構名稱、地址、電話,智慧通勤:1; 韌性防災:0; 永續環境:0; 食安健康:0; 勞動福祉:1; 文化共融:0
taipei,9479ef01-8f57-40a0-b894-63f172595145,00003481,臺北市車輛行車事故鑑定覆議情形,智慧通勤,False,True,True,table,通勤地圖與交通壓力分析,True,3,交通,交通及通訊,原始資料,交通局,,交通局,不定期更新,CSV,中文,2021-04-15T00:00:00,/api/dataset/9479ef01-8f57-40a0-b894-63f172595145/resource/458cf896-bc5d-45b4-927e-8fbed7ad3db9/download,臺北市車輛行車事故鑑定覆議案之各類案件統計情形,年/月、申請件數_有進覆議會討論之件數、覆議件數_申請件數扣除不予覆議件數、司法囑託、個人申請、不予覆議、A1件數（總計）、A2件數（總計）、A3件數（總計）、A1比例_%、A2比例_%、A3比例_%,智慧通勤:4; 韌性防災:0; 永續環境:0; 食安健康:0; 勞動福祉:0; 文化共融:0
taipei,0554bac7-cbc2-4ef3-a55e-0aad3dd4ee1d,00003651,臺北市道路交通事故斑點圖,智慧通勤,True,True,False,point,通勤地圖與交通壓力分析,False,3,交通,交通及通訊,原始資料,警察局,交通大隊,警察局交通大隊,每1年,"CSV,CSV,CSV,CSV,CSV,CSV,CSV",中文,2021-07-01T00:00:00,"/api/dataset/0554bac7-cbc2-4ef3-a55e-0aad3dd4ee1d/resource/06e7a03c-9bb1-4427-a86f-150599c7414b/download,/api/dataset/0554bac7-cbc2-4ef3-a55e-0aad3dd4ee1d/resource/96699db1-43c5-48a1-8e87-9a847e48b4f1/download,/api/dataset/0554bac7-cbc2-4ef3-a55e-0aad3dd4ee1d/resource/ecacdff3-01b1-495a-bfe7-49933bb084de/download,/api/dataset/0554bac7-cbc2-4ef3-a55e-0aad3dd4ee1d/resource/1a8336f2-7157-42db-8a5e-033a1cba0e08/download,/api/dataset/0554bac7-cbc2-4ef3-a55e-0aad3dd4ee1d/resource/c4db4188-c13b-45e5-b5bb-6054a95d6bea/download,/api/dataset/0554bac7-cbc2-4ef3-a55e-0aad3dd4ee1d/resource/d4aaaaa6-d03e-4539-945b-cdbd9387007d/download,/api/dataset/0554bac7-cbc2-4ef3-a55e-0aad3dd4ee1d/resource/3302e53c-3d2c-4934-8258-5a34559effe8/download",提供臺北市道路交通事故發生時間、處理別(1類指造成人員當場或24小時內死亡之交通事故；2類指造成人員受傷或超過24小時死亡之交通事故)、肇事地點、座標點位資料。,發生時間、處理別、肇事地點、座標-X、座標-Y,智慧通勤:5; 韌性防災:0; 永續環境:0; 食安健康:0; 勞動福祉:0; 文化共融:0
taipei,1cfc3073-c9e8-4cf9-a62b-2fa162ddc607,00001598,臺北市道路交通音量監測不合格情形,智慧通勤,True,True,False,area,通勤地圖與交通壓力分析,False,3,環保,交通及通訊,原始資料,環保局,,環保局,每3月,ODS,中文,2021-12-30T00:00:00,/api/dataset/1cfc3073-c9e8-4cf9-a62b-2fa162ddc607/resource/ec735f8c-d7dd-4e51-bfee-64f6f45d6e29/download,臺北市交通音量監測每季不合格情形,期間、管制區、總計監測站數、總計不合格時段數、總計不合格率、日間不合格站數、日間不合格率、晚間不合格站數、晚間不合格率、夜間不合格站數、夜間不合格率,智慧通勤:2; 韌性防災:0; 永續環境:2; 食安健康:0; 勞動福祉:0; 文化共融:0
taipei,068be2c7-eea1-4303-91f8-fbf50c9b2aec,00003776,臺北市道路寬度,智慧通勤,True,True,False,area,通勤地圖與交通壓力分析,False,3,統計,交通及通訊,原始資料,都發局,,都發局,不定期更新,SHP,中文,2021-02-24T00:00:00,/api/dataset/068be2c7-eea1-4303-91f8-fbf50c9b2aec/resource/f8fc1725-b1df-4701-9bdf-c26939904b4e/download,臺北市道路寬度SHP圖檔資料(依本市都市計畫並參酌地籍位置標註路寬資訊),road_width、angle,智慧通勤:2; 韌性防災:0; 永續環境:0; 食安健康:0; 勞動福祉:0; 文化共融:0
taipei,4ad9c4ad-96e9-4fca-912d-85c22f03921f,00001811,臺北市道路申請活動使用管制圖資,智慧通勤,True,True,False,area,通勤地圖與交通壓力分析,False,3,資訊,交通及通訊,網路服務,工務局,,工務局,每1日,JSON,中文,2016-11-28T00:00:00,https://tpnco.blob.core.windows.net/blobfs/ExtRest/ExtRest.json,臺北市道路申請活動使用管制圖資，含geometry(幾何坐標)、er_name(活動名稱)、rnote(活動描述)、road(管制路段)、st_date(管制起始日期)、en_date(管制終止日期)、ha_unitn(主辦機關)、ma_unitn(主管機關)、contman(聯絡人)、contact(聯絡方式)等欄位,geometry、er_name、rnote、road、st_date、en_date、ha_unitn、ma_unitn、contman、contact,智慧通勤:2; 韌性防災:0; 永續環境:0; 食安健康:0; 勞動福祉:0; 文化共融:1
taipei,98b1b6a8-a092-423c-aab0-7dcb981d2a58,00032665,臺北市道路銑鋪區塊圖資,智慧通勤,True,True,False,area,通勤地圖與交通壓力分析,False,3,工務,交通及通訊,原始資料,工務局,新工處,工務局新工處,不定期更新,SHP,中文,2024-07-26T00:00:00,/api/dataset/98b1b6a8-a092-423c-aab0-7dcb981d2a58/resource/1eb0cd43-3088-4d91-bbf3-f120469a955e/download,配合道路施工依路型、路段繪製道路區塊圖，以利道路維護及更新銑鋪作業　　,AREACODE( 行政區編號)、ROAD( 道路名稱)、ROADX( 交叉路口)、STA_ROAD ( 開始道路)、END_ROAD( 截止道路)、MAP_AREA( 幾何面積)、WIDTH( 寬度)、NFCL_CODE( 銑鋪區塊編號),智慧通勤:2; 韌性防災:0; 永續環境:0; 食安健康:0; 勞動福祉:0; 文化共融:0
taipei,404199fa-8659-45cb-906e-a6efa50d43cf,00004083,臺北市違規累犯,智慧通勤,True,True,False,area,通勤地圖與交通壓力分析,False,3,交通,交通及通訊,原始資料,警察局,交通大隊,警察局交通大隊,每1月,"CSV,CSV,CSV,CSV,CSV,CSV,CSV,CSV,CSV,CSV,CSV,CSV,CSV,CSV,CSV,CSV,CSV,CSV,CSV,CSV,CSV,CSV,CSV,CSV,CSV,CSV,CSV,CSV,CSV,CSV,CSV,CSV,CSV,CSV,CSV,CSV,CSV,CSV,CSV,CSV,CSV,CSV,CSV,CSV,CSV,CSV,CSV,CSV,CSV,CSV,CSV",中文,2022-01-28T00:00:00,"/api/dataset/404199fa-8659-45cb-906e-a6efa50d43cf/resource/e606978d-1e5f-4e5e-a3b4-85b199d89d58/download,/api/dataset/404199fa-8659-45cb-906e-a6efa50d43cf/resource/469bb356-74d0-4955-95c4-3f18c27e03d7/download,/api/dataset/404199fa-8659-45cb-906e-a6efa50d43cf/resource/31b7af64-60a3-484e-904a-b9cc5a92683b/download,/api/dataset/404199fa-8659-45cb-906e-a6efa50d43cf/resource/22b97400-3010-4283-99a7-15a8f97fd3a1/download,/api/dataset/404199fa-8659-45cb-906e-a6efa50d43cf/resource/c64c107b-785e-43e9-bfd3-47b0cbb08020/download,/api/dataset/404199fa-8659-45cb-906e-a6efa50d43cf/resource/61a7487c-a964-40ef-b3c8-92de8b1e9957/download,/api/dataset/404199fa-8659-45cb-906e-a6efa50d43cf/resource/260a7620-fbe2-4ff3-baa5-3d2e79a367eb/download,/api/dataset/404199fa-8659-45cb-906e-a6efa50d43cf/resource/45da65cd-baa0-4eb2-9505-4cdf859258e3/download,/api/dataset/404199fa-8659-45cb-906e-a6efa50d43cf/resource/dad61605-e3d4-425b-9d5b-f4532e267792/download,/api/dataset/404199fa-8659-45cb-906e-a6efa50d43cf/resource/02ff9f9a-3bb9-4dde-a5a3-101d149a2ab5/download,/api/dataset/404199fa-8659-45cb-906e-a6efa50d43cf/resource/e3cee6fe-d6c3-4bd3-89f1-b8785912d1df/download,/api/dataset/404199fa-8659-45cb-906e-a6efa50d43cf/resource/f8b6a342-4e13-42f5-be43-1586a3ba01b6/download,/api/dataset/404199fa-8659-45cb-906e-a6efa50d43cf/resource/55c45530-e951-4c6c-84a7-731b1e7cd126/download,/api/dataset/404199fa-8659-45cb-906e-a6efa50d43cf/resource/854334d1-98a2-4e56-bd6d-31feb3734c5f/download,/api/dataset/404199fa-8659-45cb-906e-a6efa50d43cf/resource/7fcff232-ece1-4892-83d6-88c3781807e5/download,/api/dataset/404199fa-8659-45cb-906e-a6efa50d43cf/resource/c107849a-7e78-40fe-af87-1a06fab3eaf4/download,/api/dataset/404199fa-8659-45cb-906e-a6efa50d43cf/resource/253d3e0c-e6d8-44a0-ae57-8906b577773a/download,/api/dataset/404199fa-8659-45cb-906e-a6efa50d43cf/resource/71f0e28a-8802-4036-b801-ae518bbe869f/download,/api/dataset/404199fa-8659-45cb-906e-a6efa50d43cf/resource/5726ad0b-115c-41ab-b9f3-13c907ec1baa/download,/api/dataset/404199fa-8659-45cb-906e-a6efa50d43cf/resource/d3107ecd-48b1-42cb-9bb2-2839b9d85af9/download,/api/dataset/404199fa-8659-45cb-906e-a6efa50d43cf/resource/70ea98f2-e2d2-4e4c-ac49-91563788037a/download,/api/dataset/404199fa-8659-45cb-906e-a6efa50d43cf/resource/dfac729e-1968-4488-a9b4-49885827424a/download,/api/dataset/404199fa-8659-45cb-906e-a6efa50d43cf/resource/c2a20b3d-4819-4b11-86b6-de6a8f0c04ad/download,/api/dataset/404199fa-8659-45cb-906e-a6efa50d43cf/resource/2af468ba-683c-4e84-9e1c-3006cc8805f7/download,/api/dataset/404199fa-8659-45cb-906e-a6efa50d43cf/resource/dbd40c9c-7eb2-436b-a930-95ba24bf1611/download,/api/dataset/404199fa-8659-45cb-906e-a6efa50d43cf/resource/51ea7ac6-6e56-4369-aab7-385849e9cfe7/download,/api/dataset/404199fa-8659-45cb-906e-a6efa50d43cf/resource/9cd016ba-f4da-424a-8643-9f408c5c5254/download,/api/dataset/404199fa-8659-45cb-906e-a6efa50d43cf/resource/17082ab5-7f97-4915-b845-e7010d0870a9/download,/api/dataset/404199fa-8659-45cb-906e-a6efa50d43cf/resource/c95b431c-39a6-40a0-9974-707e76af9199/download,/api/dataset/404199fa-8659-45cb-906e-a6efa50d43cf/resource/c7ef4976-7ed7-45fc-914a-bb6e3fc1554f/download,/api/dataset/404199fa-8659-45cb-906e-a6efa50d43cf/resource/e8f10638-b373-4a38-b9aa-1b5b3dfbf0a5/download,/api/dataset/404199fa-8659-45cb-906e-a6efa50d43cf/resource/a728e796-6621-449c-b49f-a496da3b9466/download,/api/dataset/404199fa-8659-45cb-906e-a6efa50d43cf/resource/18face1d-d6f0-4eeb-ba28-aab78a59301f/download,/api/dataset/404199fa-8659-45cb-906e-a6efa50d43cf/resource/bc46a7f0-5471-4f5f-bf9e-60509db4d44f/download,/api/dataset/404199fa-8659-45cb-906e-a6efa50d43cf/resource/795fd68e-fff6-460e-9867-db344d59d270/download,/api/dataset/404199fa-8659-45cb-906e-a6efa50d43cf/resource/69a17c45-1d19-4f29-b526-6d7890b1d508/download,/api/dataset/404199fa-8659-45cb-906e-a6efa50d43cf/resource/7c69eebc-5ef9-4342-a446-26e5ad006316/download,/api/dataset/404199fa-8659-45cb-906e-a6efa50d43cf/resource/ed794207-5b2f-4281-8dc1-b876fa8b6009/download,/api/dataset/404199fa-8659-45cb-906e-a6efa50d43cf/resource/4ae45325-754f-4865-bd47-9e2773cec259/download,/api/dataset/404199fa-8659-45cb-906e-a6efa50d43cf/resource/d2dfd01d-8d29-4ad3-ba14-4b0ce80c7d32/download,/api/dataset/404199fa-8659-45cb-906e-a6efa50d43cf/resource/4577ae32-133e-4d7b-a40d-3cf48d2d2492/download,/api/dataset/404199fa-8659-45cb-906e-a6efa50d43cf/resource/504e8597-733b-424d-bd71-b98147555806/download,/api/dataset/404199fa-8659-45cb-906e-a6efa50d43cf/resource/fc1dde16-3b77-4421-90ad-8deb263d8c9d/download,/api/dataset/404199fa-8659-45cb-906e-a6efa50d43cf/resource/5d0cf8dc-98e7-4eb5-97cb-ea8ad2d10dd7/download,/api/dataset/404199fa-8659-45cb-906e-a6efa50d43cf/resource/1c7e6f50-c147-4e67-8a7d-d218c5f68f39/download,/api/dataset/404199fa-8659-45cb-906e-a6efa50d43cf/resource/e3f053d3-1db0-4a74-8212-7eb7f2d3c33b/download,/api/dataset/404199fa-8659-45cb-906e-a6efa50d43cf/resource/5aa9219a-5ba7-4942-a378-aa8e5aa54073/download,/api/dataset/404199fa-8659-45cb-906e-a6efa50d43cf/resource/a2c04056-fe89-49f8-8d48-6ce446f8ca4f/download,/api/dataset/404199fa-8659-45cb-906e-a6efa50d43cf/resource/2690140c-2aad-416a-a469-8529bb788c1a/download,/api/dataset/404199fa-8659-45cb-906e-a6efa50d43cf/resource/569fdf14-fd15-48fe-9676-bc31144cf871/download,/api/dataset/404199fa-8659-45cb-906e-a6efa50d43cf/resource/cfbf951d-e373-4e69-a059-77a8c31074a4/download",提供臺北市無照駕駛、闖紅燈、酒(毒)駕等累犯及超速60公里以上危險駕車資料,違規年月份、年齡、違規人性別、違規態樣、年度、月份、縣市、縣市代碼,智慧通勤:3; 韌性防災:0; 永續環境:0; 食安健康:0; 勞動福祉:0; 文化共融:0
taipei,c31f1256-120b-4adf-a5c9-227842c422b5,00002961,臺北市領有駕駛執照數,智慧通勤,False,True,True,table,通勤地圖與交通壓力分析,True,3,統計,交通及通訊,原始資料,主計處,,主計處,每1年,CSV,中文,2022-02-21T00:00:00,https://tsis.dbas.gov.taipei/statis/webMain.aspx?sys=220&ymf=5700&kind=21&type=0&funid=a05023201&cycle=4&outmode=12&compmode=0&outkind=1&deflst=2&nzo=1,"臺北市領有駕駛執照數時間數列統計資料
",統計期、汽車/合計[人]、汽車/普通/計[人]、汽車/普通/聯結車[人]、汽車/普通/大客車[人]、汽車/普通/大貨車[人]、汽車/普通/小型車[人]、汽車/職業/計[人]、汽車/職業/聯結車[人]、汽車/職業/大客車[人]、汽車/職業/大貨車[人]、汽車/職業/小型車[人]、機車/合計[人]、機車/重型/大型[人]、機車/重型/普通[人]、機車/輕型[人]、平均每百人領有汽車執照數[人]、平均每百人領有機車執照數[人],智慧通勤:1; 韌性防災:0; 永續環境:0; 食安健康:0; 勞動福祉:0; 文化共融:0
taipei,5ca10aae-000c-4da3-9cbf-02171904f584,00003891,臺北捷運信義線東延段工程交通即時影像位置資料集,智慧通勤,True,True,False,point,通勤地圖與交通壓力分析,False,3,交通,交通及通訊,原始資料,捷運局,捷運局二區工程處,捷運局捷運局二區工程處,不定期更新,CSV,中文,2021-03-29T00:00:00,/api/dataset/5ca10aae-000c-4da3-9cbf-02171904f584/resource/a90c8567-8672-4039-a6fb-5f685f47c78d/download,臺北捷運信義線東延段工程交通即時影像位置相關資料(第二區工程處),線別、標別、車站名、監造單位、監造工務所、工地主任、聯絡電話、聯絡地址、鏡頭位置、經度、緯度、來源網址,智慧通勤:5; 韌性防災:0; 永續環境:0; 食安健康:0; 勞動福祉:0; 文化共融:0
taipei,b1abf6be-41ba-47b9-b0d6-7177e9670cca,00000632,臺北捷運地下人行廣場出租基本資料,智慧通勤,True,True,False,area,通勤地圖與交通壓力分析,False,3,交通,交通及通訊,原始資料,捷運公司,,捷運公司,不定期更新,CSV,中文,2021-04-19T00:00:00,/api/dataset/b1abf6be-41ba-47b9-b0d6-7177e9670cca/resource/52446bcd-8b98-43e1-bcc4-ef0348b8b4ee/download,提供臺北捷運所屬地下人行廣場出租基本資料,編號、地下街街名、位置說明、可使用面積（平方公尺）、管理費平常日（元/天）、管理費例假日（元/天）,智慧通勤:4; 韌性防災:0; 永續環境:0; 食安健康:0; 勞動福祉:0; 文化共融:0
taipei,1d45dbac-3833-4a7c-8a05-ac3272d52f72,00000633,臺北捷運廣場各場地活動日期及名稱,智慧通勤,True,True,False,area,通勤地圖與交通壓力分析,False,3,交通,交通及通訊,原始資料,捷運公司,,捷運公司,每1月,"CSV,CSV,CSV,CSV,CSV,CSV,CSV,CSV,CSV,CSV,CSV,CSV,CSV,CSV,CSV,CSV,CSV,CSV,CSV,CSV,CSV,CSV,CSV,CSV,CSV,CSV,CSV,CSV,CSV,CSV,CSV,CSV,CSV,CSV,CSV,CSV,CSV,CSV,CSV,CSV,CSV,CSV,CSV,CSV,CSV,CSV,CSV,CSV,CSV,CSV,CSV,CSV,CSV,CSV,CSV,CSV,CSV,CSV,CSV,CSV,CSV,CSV,CSV,CSV,CSV,CSV,CSV,CSV,CSV,CSV,CSV,CSV,CSV,CSV,CSV,CSV,CSV,CSV,CSV,CSV,CSV,CSV,CSV,CSV,CSV,CSV,CSV,CSV,CSV,CSV,CSV,CSV,CSV,CSV,CSV,CSV,CSV,CSV,CSV,CSV,CSV,CSV,CSV,CSV,CSV,CSV,CSV,CSV,CSV,CSV,CSV,CSV,CSV,CSV,CSV,CSV,CSV,CSV,CSV,CSV,CSV,CSV,CSV,CSV,CSV,CSV,CSV,CSV,CSV,CSV",中文,2015-07-31T00:00:00,"/api/dataset/1d45dbac-3833-4a7c-8a05-ac3272d52f72/resource/7c8df9db-955b-4a27-8b90-283d7992108f/download,/api/dataset/1d45dbac-3833-4a7c-8a05-ac3272d52f72/resource/a361f384-c31c-44ec-a42a-38edf619fab7/download,/api/dataset/1d45dbac-3833-4a7c-8a05-ac3272d52f72/resource/36f47d16-3b50-47ac-9685-c359c68bcabe/download,/api/dataset/1d45dbac-3833-4a7c-8a05-ac3272d52f72/resource/2f658171-d090-4ce2-90b0-270990667785/download,/api/dataset/1d45dbac-3833-4a7c-8a05-ac3272d52f72/resource/a4b064e3-3c87-4c0e-b1c3-a443c1468c8c/download,/api/dataset/1d45dbac-3833-4a7c-8a05-ac3272d52f72/resource/44bb0b55-04fe-4a67-bd65-f2055b7c13a4/download,/api/dataset/1d45dbac-3833-4a7c-8a05-ac3272d52f72/resource/78ea04fb-31a8-4039-8bec-ed8912373518/download,/api/dataset/1d45dbac-3833-4a7c-8a05-ac3272d52f72/resource/8f072b07-d9b1-497e-8fa1-112585265141/download,/api/dataset/1d45dbac-3833-4a7c-8a05-ac3272d52f72/resource/9ac2f60d-8fb4-4cdd-8da5-c572dd1dabb6/download,/api/dataset/1d45dbac-3833-4a7c-8a05-ac3272d52f72/resource/60767130-a987-48aa-bd3b-308559cde452/download,/api/dataset/1d45dbac-3833-4a7c-8a05-ac3272d52f72/resource/3e751a79-a82d-4b1c-9254-c439dadb945b/download,/api/dataset/1d45dbac-3833-4a7c-8a05-ac3272d52f72/resource/615f085d-1022-4bb8-8971-71b875475c86/download,/api/dataset/1d45dbac-3833-4a7c-8a05-ac3272d52f72/resource/ec84cb95-7564-4ffa-bdea-a18ce8c72433/download,/api/dataset/1d45dbac-3833-4a7c-8a05-ac3272d52f72/resource/5496ad32-cd55-4f8a-a684-dde77a407c5a/download,/api/dataset/1d45dbac-3833-4a7c-8a05-ac3272d52f72/resource/d9d83374-74ac-42fb-9975-568d55448e8f/download,/api/dataset/1d45dbac-3833-4a7c-8a05-ac3272d52f72/resource/95346807-eb16-48c0-b8ef-d6c39cd13f36/download,/api/dataset/1d45dbac-3833-4a7c-8a05-ac3272d52f72/resource/b6e41687-572f-4b19-911b-02af1bda374a/download,/api/dataset/1d45dbac-3833-4a7c-8a05-ac3272d52f72/resource/407fbd46-ee23-4911-86be-ec96bb078151/download,/api/dataset/1d45dbac-3833-4a7c-8a05-ac3272d52f72/resource/308937e0-c1d4-4069-9d63-2a3581ed1b4d/download,/api/dataset/1d45dbac-3833-4a7c-8a05-ac3272d52f72/resource/610aea13-b736-418a-9f02-fd9550a6a4cd/download,/api/dataset/1d45dbac-3833-4a7c-8a05-ac3272d52f72/resource/020a76b5-b045-41ec-b81b-ed1bef666daf/download,/api/dataset/1d45dbac-3833-4a7c-8a05-ac3272d52f72/resource/71c5d224-2252-4e28-9297-74f11639fc1e/download,/api/dataset/1d45dbac-3833-4a7c-8a05-ac3272d52f72/resource/475845fb-7434-4b2c-baa2-fca1830ce234/download,/api/dataset/1d45dbac-3833-4a7c-8a05-ac3272d52f72/resource/bd1a690a-ab75-42f0-9ad1-7c576fcc85a4/download,/api/dataset/1d45dbac-3833-4a7c-8a05-ac3272d52f72/resource/871b47fd-4eb5-4df6-b3ab-90bd5c186f4b/download,/api/dataset/1d45dbac-3833-4a7c-8a05-ac3272d52f72/resource/a74f5ac8-e9aa-49f0-86a7-210f2166488e/download,/api/dataset/1d45dbac-3833-4a7c-8a05-ac3272d52f72/resource/efa9035f-97ea-4dca-80b1-08f0a362e545/download,/api/dataset/1d45dbac-3833-4a7c-8a05-ac3272d52f72/resource/39e2213c-7408-43c0-8af5-d09216153404/download,/api/dataset/1d45dbac-3833-4a7c-8a05-ac3272d52f72/resource/e7e4daa9-fc10-40ee-bd94-8084bda792f2/download,/api/dataset/1d45dbac-3833-4a7c-8a05-ac3272d52f72/resource/68a11fa9-e4d9-4667-a423-ed6170f75e4b/download,/api/dataset/1d45dbac-3833-4a7c-8a05-ac3272d52f72/resource/77e5b8b5-2c97-4d09-a67b-9015f2c36582/download,/api/dataset/1d45dbac-3833-4a7c-8a05-ac3272d52f72/resource/bc36053f-e659-4de8-8443-d6d62e2995b1/download,/api/dataset/1d45dbac-3833-4a7c-8a05-ac3272d52f72/resource/da81f43a-c9c3-4f9d-90c5-45352a938ae4/download,/api/dataset/1d45dbac-3833-4a7c-8a05-ac3272d52f72/resource/175bbb88-7e84-463e-b9ae-fa6b73cbfbaa/download,/api/dataset/1d45dbac-3833-4a7c-8a05-ac3272d52f72/resource/72b97144-e680-4057-b6ab-e236e78c2eff/download,/api/dataset/1d45dbac-3833-4a7c-8a05-ac3272d52f72/resource/615dd702-2cb7-4034-8804-ff0167a81cef/download,/api/dataset/1d45dbac-3833-4a7c-8a05-ac3272d52f72/resource/e83f9ef6-9bf6-4956-a793-9ab1adcf78a7/download,/api/dataset/1d45dbac-3833-4a7c-8a05-ac3272d52f72/resource/78b3e85b-dbb0-44a3-92c2-9fe33229e6e0/download,/api/dataset/1d45dbac-3833-4a7c-8a05-ac3272d52f72/resource/2eb21868-1ac2-47d6-af32-b642deed1548/download,/api/dataset/1d45dbac-3833-4a7c-8a05-ac3272d52f72/resource/372d6be9-d427-4cd5-8d7b-79ef5d2b2ea7/download,/api/dataset/1d45dbac-3833-4a7c-8a05-ac3272d52f72/resource/d3b7ec1d-d576-4a6a-a094-d50ddf2071a9/download,/api/dataset/1d45dbac-3833-4a7c-8a05-ac3272d52f72/resource/2e56f538-f121-42b4-ac7f-1fd4b8ad3caf/download,/api/dataset/1d45dbac-3833-4a7c-8a05-ac3272d52f72/resource/a6275ef8-9883-41e3-ac7b-65b46589dbd0/download,/api/dataset/1d45dbac-3833-4a7c-8a05-ac3272d52f72/resource/05d83c14-c023-4d43-9528-00851c3da6de/download,/api/dataset/1d45dbac-3833-4a7c-8a05-ac3272d52f72/resource/5b7df5ca-7a40-487c-8655-d46e133e49a3/download,/api/dataset/1d45dbac-3833-4a7c-8a05-ac3272d52f72/resource/045f051a-b082-482a-a3e3-b25917eac534/download,/api/dataset/1d45dbac-3833-4a7c-8a05-ac3272d52f72/resource/0fbfb3e4-c4a1-4f29-ab9d-593d29a044f2/download,/api/dataset/1d45dbac-3833-4a7c-8a05-ac3272d52f72/resource/dc8300cb-a2a1-4ad0-9a09-6d432fc9d907/download,/api/dataset/1d45dbac-3833-4a7c-8a05-ac3272d52f72/resource/a41aeeea-b24a-4d32-972a-c0c58382fbbd/download,/api/dataset/1d45dbac-3833-4a7c-8a05-ac3272d52f72/resource/ccdbe579-8cf6-4183-94f2-d5d565e15ecf/download,/api/dataset/1d45dbac-3833-4a7c-8a05-ac3272d52f72/resource/916a1787-1629-4978-8051-8551017d2110/download,/api/dataset/1d45dbac-3833-4a7c-8a05-ac3272d52f72/resource/e7eb5225-e40a-4090-8a27-a2ff3c2beb42/download,/api/dataset/1d45dbac-3833-4a7c-8a05-ac3272d52f72/resource/778d33fa-5e85-4710-8b25-4dc234af8a28/download,/api/dataset/1d45dbac-3833-4a7c-8a05-ac3272d52f72/resource/aa245a1a-c29a-4a62-9844-d7322705edcc/download,/api/dataset/1d45dbac-3833-4a7c-8a05-ac3272d52f72/resource/6b26167a-d3ba-4cf7-9b81-50337a5f1cfd/download,/api/dataset/1d45dbac-3833-4a7c-8a05-ac3272d52f72/resource/839b3933-b603-48f6-85bd-ce22b10e9d0f/download,/api/dataset/1d45dbac-3833-4a7c-8a05-ac3272d52f72/resource/c8f2ad64-235a-4a30-a3c4-b84a08799ace/download,/api/dataset/1d45dbac-3833-4a7c-8a05-ac3272d52f72/resource/03f24942-fe52-4e8f-bf01-59c90d540498/download,/api/dataset/1d45dbac-3833-4a7c-8a05-ac3272d52f72/resource/f98432e2-774b-416e-b5da-4ca4f33167a6/download,/api/dataset/1d45dbac-3833-4a7c-8a05-ac3272d52f72/resource/d167627b-ccff-49b0-b3c7-2789d6690264/download,/api/dataset/1d45dbac-3833-4a7c-8a05-ac3272d52f72/resource/7a8a1595-6d09-4c33-b17a-47947f611274/download,/api/dataset/1d45dbac-3833-4a7c-8a05-ac3272d52f72/resource/c8c6af27-0138-445a-86de-46c4cf294387/download,/api/dataset/1d45dbac-3833-4a7c-8a05-ac3272d52f72/resource/6a8f0e76-2d4e-48e5-b26a-2b0b0966be7a/download,/api/dataset/1d45dbac-3833-4a7c-8a05-ac3272d52f72/resource/b3be839f-9a49-4d1d-ab30-652508a40c9f/download,/api/dataset/1d45dbac-3833-4a7c-8a05-ac3272d52f72/resource/fc0bc0c6-048c-4d02-88c9-c4765e76d5f8/download,/api/dataset/1d45dbac-3833-4a7c-8a05-ac3272d52f72/resource/aaf2fb1b-4214-4a05-a0df-7db0e3a1f6d2/download,/api/dataset/1d45dbac-3833-4a7c-8a05-ac3272d52f72/resource/1fc770ed-288d-44bf-89a4-d2c5c616fca4/download,/api/dataset/1d45dbac-3833-4a7c-8a05-ac3272d52f72/resource/df276d4b-3411-4d8a-a924-9e0dca1c5d54/download,/api/dataset/1d45dbac-3833-4a7c-8a05-ac3272d52f72/resource/a99e4342-8deb-4e6e-8af4-2c012fe5b86e/download,/api/dataset/1d45dbac-3833-4a7c-8a05-ac3272d52f72/resource/1420cfea-8d43-4e4e-b6c8-07261e55e67c/download,/api/dataset/1d45dbac-3833-4a7c-8a05-ac3272d52f72/resource/be0c504f-0672-4b69-b983-934c34532aa6/download,/api/dataset/1d45dbac-3833-4a7c-8a05-ac3272d52f72/resource/384c449c-ba6f-4952-867d-9e98f5223da5/download,/api/dataset/1d45dbac-3833-4a7c-8a05-ac3272d52f72/resource/c8c80490-78a4-439a-b713-bf54ef79607b/download,/api/dataset/1d45dbac-3833-4a7c-8a05-ac3272d52f72/resource/5a99759a-b400-4037-8068-6227d0fa568b/download,/api/dataset/1d45dbac-3833-4a7c-8a05-ac3272d52f72/resource/e4d90d5c-daf0-40f0-a6de-48da5338ada3/download,/api/dataset/1d45dbac-3833-4a7c-8a05-ac3272d52f72/resource/4c7d0bff-8b9e-4353-b748-d0c3b338db8f/download,/api/dataset/1d45dbac-3833-4a7c-8a05-ac3272d52f72/resource/1a707d5a-0825-443a-8ba0-3c0784986e89/download,/api/dataset/1d45dbac-3833-4a7c-8a05-ac3272d52f72/resource/d8313e43-4b77-4e99-a474-b78a4ad4de7f/download,/api/dataset/1d45dbac-3833-4a7c-8a05-ac3272d52f72/resource/57ffb28f-1c62-4179-b76e-5ef22c2fb524/download,/api/dataset/1d45dbac-3833-4a7c-8a05-ac3272d52f72/resource/2838d7cc-8367-4b08-8776-358f87014a26/download,/api/dataset/1d45dbac-3833-4a7c-8a05-ac3272d52f72/resource/39032057-1a85-424a-9d2b-203dfd63a0f9/download,/api/dataset/1d45dbac-3833-4a7c-8a05-ac3272d52f72/resource/b2233307-3552-49ef-9c67-50ee152c4395/download,/api/dataset/1d45dbac-3833-4a7c-8a05-ac3272d52f72/resource/d49ea5da-4ff0-4257-b038-45ffe645ebee/download,/api/dataset/1d45dbac-3833-4a7c-8a05-ac3272d52f72/resource/71324550-a92f-4de2-b325-38a0b36dafa6/download,/api/dataset/1d45dbac-3833-4a7c-8a05-ac3272d52f72/resource/1a48d98a-b9ce-46cd-98ce-490c2f038033/download,/api/dataset/1d45dbac-3833-4a7c-8a05-ac3272d52f72/resource/fbcd0f2a-703b-4217-a8d5-3fff03ff332d/download,/api/dataset/1d45dbac-3833-4a7c-8a05-ac3272d52f72/resource/f70abd40-7838-4ee7-bdfc-f6d48ae7226d/download,/api/dataset/1d45dbac-3833-4a7c-8a05-ac3272d52f72/resource/e6b54ce2-08de-4759-8431-16d64fd3f5f9/download,/api/dataset/1d45dbac-3833-4a7c-8a05-ac3272d52f72/resource/61aa906b-cc24-40a4-ade2-068e63b527f7/download,/api/dataset/1d45dbac-3833-4a7c-8a05-ac3272d52f72/resource/92feadcd-ecea-42f9-8f1a-f88e4ad541e1/download,/api/dataset/1d45dbac-3833-4a7c-8a05-ac3272d52f72/resource/dbb0d007-fbf8-4693-9cf1-e6e2a0206f73/download,/api/dataset/1d45dbac-3833-4a7c-8a05-ac3272d52f72/resource/9ef3b5ce-8c63-4b17-9bae-94b3f73471cb/download,/api/dataset/1d45dbac-3833-4a7c-8a05-ac3272d52f72/resource/fcb8d705-e28a-417a-942e-d38b5191ef13/download,/api/dataset/1d45dbac-3833-4a7c-8a05-ac3272d52f72/resource/26967568-81a6-423a-984a-e72708599a8a/download,/api/dataset/1d45dbac-3833-4a7c-8a05-ac3272d52f72/resource/6522d664-3dab-401a-9c52-777ac87a568b/download,/api/dataset/1d45dbac-3833-4a7c-8a05-ac3272d52f72/resource/2530b926-5f3a-4ce6-be3b-0e0f7bd00971/download,/api/dataset/1d45dbac-3833-4a7c-8a05-ac3272d52f72/resource/0728ad7a-ac81-4d5c-998e-888313dc50fd/download,/api/dataset/1d45dbac-3833-4a7c-8a05-ac3272d52f72/resource/28d5f2cc-f5a7-46af-b84e-83adc13c05e1/download,/api/dataset/1d45dbac-3833-4a7c-8a05-ac3272d52f72/resource/5b8fd28b-e5f1-4d6d-b937-a7c1614df555/download,/api/dataset/1d45dbac-3833-4a7c-8a05-ac3272d52f72/resource/a9b80242-6382-4ca9-878f-f0599d72f43c/download,/api/dataset/1d45dbac-3833-4a7c-8a05-ac3272d52f72/resource/90999958-eac6-40b7-bc13-030b28a354f0/download,/api/dataset/1d45dbac-3833-4a7c-8a05-ac3272d52f72/resource/3d9e09d0-7089-4645-82e7-268a562f2bdb/download,/api/dataset/1d45dbac-3833-4a7c-8a05-ac3272d52f72/resource/ef1803ea-8801-4cf6-9f53-81270293a5cf/download,/api/dataset/1d45dbac-3833-4a7c-8a05-ac3272d52f72/resource/ba92154f-369c-4105-aa11-9b6bdd43f3f2/download,/api/dataset/1d45dbac-3833-4a7c-8a05-ac3272d52f72/resource/38aa2f95-239f-4e17-ae6d-fb5498cd7790/download,/api/dataset/1d45dbac-3833-4a7c-8a05-ac3272d52f72/resource/9881e8a1-a7a9-4961-aabb-ade244fa171b/download,/api/dataset/1d45dbac-3833-4a7c-8a05-ac3272d52f72/resource/0ebb9d53-a20f-4856-940f-1b6fd1828386/download,/api/dataset/1d45dbac-3833-4a7c-8a05-ac3272d52f72/resource/d4bbed69-4e40-444d-b7f0-b7dae0c97cee/download,/api/dataset/1d45dbac-3833-4a7c-8a05-ac3272d52f72/resource/cf3a58d4-46c1-49d8-956d-2a30ee3ed1a0/download,/api/dataset/1d45dbac-3833-4a7c-8a05-ac3272d52f72/resource/0918c007-5baa-449c-a60d-2870196e46f4/download,/api/dataset/1d45dbac-3833-4a7c-8a05-ac3272d52f72/resource/b4f074f0-ffb5-438a-856e-4653d90fe437/download,/api/dataset/1d45dbac-3833-4a7c-8a05-ac3272d52f72/resource/012bf933-721e-4b19-999f-90293c9368e0/download,/api/dataset/1d45dbac-3833-4a7c-8a05-ac3272d52f72/resource/333e7fe5-c2f9-46da-9b28-b23b07da5845/download,/api/dataset/1d45dbac-3833-4a7c-8a05-ac3272d52f72/resource/34eaae79-8dd8-48d4-8a75-497c479fe059/download,/api/dataset/1d45dbac-3833-4a7c-8a05-ac3272d52f72/resource/5e3cd358-6c6f-4a5a-8b3b-eef1bb57f360/download,/api/dataset/1d45dbac-3833-4a7c-8a05-ac3272d52f72/resource/0d686555-8467-49f0-b9b2-a855772ea2d5/download,/api/dataset/1d45dbac-3833-4a7c-8a05-ac3272d52f72/resource/88da6645-805b-4a8d-b29f-35745fa5b284/download,/api/dataset/1d45dbac-3833-4a7c-8a05-ac3272d52f72/resource/f2049ca6-0390-4642-a9ca-bc25bfa34a68/download,/api/dataset/1d45dbac-3833-4a7c-8a05-ac3272d52f72/resource/2b519d90-51a2-4347-8ac6-763ec44c08d6/download,/api/dataset/1d45dbac-3833-4a7c-8a05-ac3272d52f72/resource/40f3aa86-3f5d-442a-993a-1d49ba01ab8c/download,/api/dataset/1d45dbac-3833-4a7c-8a05-ac3272d52f72/resource/f9c6acff-044c-4434-b968-2745ccdd8705/download,/api/dataset/1d45dbac-3833-4a7c-8a05-ac3272d52f72/resource/188f0e95-b93c-4f55-b8cb-f25c70fb0929/download,/api/dataset/1d45dbac-3833-4a7c-8a05-ac3272d52f72/resource/c6bbdad7-cf4d-40bb-b350-844c6d800df9/download,/api/dataset/1d45dbac-3833-4a7c-8a05-ac3272d52f72/resource/21c528c3-f6f1-42a3-8dd9-7fb7bcb1fea6/download,/api/dataset/1d45dbac-3833-4a7c-8a05-ac3272d52f72/resource/8144472c-8759-4406-89ee-a1e561d4cb1f/download,/api/dataset/1d45dbac-3833-4a7c-8a05-ac3272d52f72/resource/1c1eaa32-e106-4fb4-a975-e9c210203703/download,/api/dataset/1d45dbac-3833-4a7c-8a05-ac3272d52f72/resource/ab41ded0-1bfb-49e6-9d38-8a3379228554/download,/api/dataset/1d45dbac-3833-4a7c-8a05-ac3272d52f72/resource/94f29d9a-1352-4417-9bfc-cdbbfa61c541/download,/api/dataset/1d45dbac-3833-4a7c-8a05-ac3272d52f72/resource/76eb46c3-d8d1-4059-add2-5674361da70a/download,/api/dataset/1d45dbac-3833-4a7c-8a05-ac3272d52f72/resource/d922b762-b957-4194-9117-3201138f4d8b/download",臺北捷運公司所屬廣場各場地活動日期及名稱,開始日期、結束日期、地點、活動名稱、辦理單位,智慧通勤:4; 韌性防災:0; 永續環境:0; 食安健康:0; 勞動福祉:0; 文化共融:1
taipei,cdf68d43-9bd0-4b75-8377-dd3e28b06ff0,00001515,臺北捷運自行車停車場GPS座標,智慧通勤,True,True,False,point,通勤地圖與交通壓力分析,False,3,交通,交通及通訊,原始資料,捷運公司,,捷運公司,不定期更新,CSV,中文,2018-06-06T00:00:00,/api/dataset/cdf68d43-9bd0-4b75-8377-dd3e28b06ff0/resource/cf586b99-25ad-4dd2-9fbe-08c831f85373/download,臺北捷運所屬各自行車停車場GPS座標,項次、停車場名稱、緯度、經度、更新日期,智慧通勤:6; 韌性防災:0; 永續環境:0; 食安健康:0; 勞動福祉:0; 文化共融:0
taipei,90e092b0-a4fb-4cdc-9e12-fc03da1ecc01,00003892,臺北捷運萬大中和樹林線第一期工程交通即時影像位置資料集,智慧通勤,True,True,False,point,通勤地圖與交通壓力分析,False,3,交通,交通及通訊,原始資料,捷運局,捷運局二區工程處,捷運局捷運局二區工程處,不定期更新,CSV,中文,2021-03-29T00:00:00,/api/dataset/90e092b0-a4fb-4cdc-9e12-fc03da1ecc01/resource/26988226-6082-4117-9da0-29442466cc83/download,臺北捷運萬大-中和-樹林線第一期工程交通即時影像位置(第二區工程處),線別、標別、車站名、監造單位、監造工務所、工地主任、聯絡電話、聯絡地址、鏡頭位置、經度、緯度、來源網址,智慧通勤:5; 韌性防災:0; 永續環境:0; 食安健康:0; 勞動福祉:0; 文化共融:0
taipei,3c03d7cf-e312-4828-9c1a-7df34c66595f,00000634,臺北捷運藝文廊各場地展覽資訊,智慧通勤,True,True,False,area,通勤地圖與交通壓力分析,False,3,交通,休閒旅遊,原始資料,捷運公司,,捷運公司,每1月,"CSV,CSV,CSV,CSV,CSV,CSV,CSV,CSV,CSV,CSV,CSV,CSV,CSV,CSV,CSV,CSV,CSV,CSV,CSV,CSV,CSV,CSV,CSV,CSV,CSV,CSV,CSV,CSV,CSV,CSV,CSV,CSV,CSV,CSV,CSV,CSV,CSV,CSV,CSV,CSV,CSV,CSV,CSV,CSV,CSV,CSV,CSV,CSV,CSV,CSV,CSV,CSV,CSV,CSV,CSV,CSV,CSV,CSV,CSV,CSV,CSV,CSV,CSV,CSV,CSV,CSV,CSV,CSV,CSV,CSV,CSV,CSV,CSV,CSV,CSV,CSV,CSV,CSV,CSV,CSV,CSV,CSV,CSV,CSV,CSV,CSV,CSV,CSV,CSV,CSV,CSV,CSV,CSV,CSV,CSV,CSV,CSV,CSV,CSV,CSV,CSV,CSV,CSV,CSV,CSV,CSV,CSV,CSV,CSV,CSV,CSV,CSV,CSV,CSV,CSV,CSV,CSV,CSV,CSV,CSV,CSV,CSV,CSV,CSV,CSV,CSV,CSV,CSV,CSV",中文,2015-07-31T00:00:00,"/api/dataset/3c03d7cf-e312-4828-9c1a-7df34c66595f/resource/c2869b9b-52d8-4e2f-869a-e1e8fd133fe9/download,/api/dataset/3c03d7cf-e312-4828-9c1a-7df34c66595f/resource/21ade39c-0ad6-4a05-bde0-87f752fe9b53/download,/api/dataset/3c03d7cf-e312-4828-9c1a-7df34c66595f/resource/eafd6ab5-c086-496a-8898-6783f6259bc4/download,/api/dataset/3c03d7cf-e312-4828-9c1a-7df34c66595f/resource/f43676f4-13b2-473f-ad25-978b42567f4d/download,/api/dataset/3c03d7cf-e312-4828-9c1a-7df34c66595f/resource/f2e2575a-5ee2-4e4f-a219-f0d0bcb7c4d0/download,/api/dataset/3c03d7cf-e312-4828-9c1a-7df34c66595f/resource/6ac8a284-c805-45c9-a387-413921c79215/download,/api/dataset/3c03d7cf-e312-4828-9c1a-7df34c66595f/resource/678a0213-4fc4-47cd-b7cd-34c17b60ff74/download,/api/dataset/3c03d7cf-e312-4828-9c1a-7df34c66595f/resource/3c663744-9d3a-4dcd-bb1b-c49f69192c72/download,/api/dataset/3c03d7cf-e312-4828-9c1a-7df34c66595f/resource/962a7cdb-035e-4069-a091-5094e3c90454/download,/api/dataset/3c03d7cf-e312-4828-9c1a-7df34c66595f/resource/b6c22ed3-49ea-44bb-b06e-5a310e9a3ceb/download,/api/dataset/3c03d7cf-e312-4828-9c1a-7df34c66595f/resource/1addacdd-e9ef-4ae9-8314-344f1b953b66/download,/api/dataset/3c03d7cf-e312-4828-9c1a-7df34c66595f/resource/f5d2f89e-630b-4dea-92b0-41d0915e442b/download,/api/dataset/3c03d7cf-e312-4828-9c1a-7df34c66595f/resource/98431b33-e6b5-4d3e-b82b-4ab09e731308/download,/api/dataset/3c03d7cf-e312-4828-9c1a-7df34c66595f/resource/15f1a60a-f7cf-4e96-ba03-3afcfe870542/download,/api/dataset/3c03d7cf-e312-4828-9c1a-7df34c66595f/resource/4f51b80f-db39-40b7-b4b4-d5cc090bf580/download,/api/dataset/3c03d7cf-e312-4828-9c1a-7df34c66595f/resource/1c5eb7e1-4fb8-4b54-a22c-c9b77771e566/download,/api/dataset/3c03d7cf-e312-4828-9c1a-7df34c66595f/resource/5b7a3900-d966-47f2-a82b-e7f14ef4652d/download,/api/dataset/3c03d7cf-e312-4828-9c1a-7df34c66595f/resource/2c2c2750-7f4d-4192-aa96-71331cee8030/download,/api/dataset/3c03d7cf-e312-4828-9c1a-7df34c66595f/resource/dd72bf05-841a-4fb2-9c58-791d5dafe540/download,/api/dataset/3c03d7cf-e312-4828-9c1a-7df34c66595f/resource/484fd8ff-0787-4ab4-b459-f245c2feb6ad/download,/api/dataset/3c03d7cf-e312-4828-9c1a-7df34c66595f/resource/4189598f-1820-4795-a850-f75fa344a652/download,/api/dataset/3c03d7cf-e312-4828-9c1a-7df34c66595f/resource/17ebb999-9f29-4cf8-a1b5-bcf2060e24dd/download,/api/dataset/3c03d7cf-e312-4828-9c1a-7df34c66595f/resource/140a14d0-5f18-47ad-9719-731188591dee/download,/api/dataset/3c03d7cf-e312-4828-9c1a-7df34c66595f/resource/c33c686a-b6d1-4788-9d65-9110a781ff50/download,/api/dataset/3c03d7cf-e312-4828-9c1a-7df34c66595f/resource/5d6b3ee9-e60f-4048-a10d-877546162bd6/download,/api/dataset/3c03d7cf-e312-4828-9c1a-7df34c66595f/resource/e6a0b1c9-b560-4fb7-81f9-029f0d175b39/download,/api/dataset/3c03d7cf-e312-4828-9c1a-7df34c66595f/resource/d6843ce9-b15d-4da6-8088-95955030c8fd/download,/api/dataset/3c03d7cf-e312-4828-9c1a-7df34c66595f/resource/0542934c-2089-49fe-83ee-2a53ef40abf4/download,/api/dataset/3c03d7cf-e312-4828-9c1a-7df34c66595f/resource/59d60364-899b-4837-946c-669b28773bcb/download,/api/dataset/3c03d7cf-e312-4828-9c1a-7df34c66595f/resource/c1ede93c-f6c7-4018-95df-afe8dc3704eb/download,/api/dataset/3c03d7cf-e312-4828-9c1a-7df34c66595f/resource/a3419cdf-d2ae-465d-bebd-54c1879dda31/download,/api/dataset/3c03d7cf-e312-4828-9c1a-7df34c66595f/resource/a4847534-e8cd-4f6d-bf65-f6a6fc06bdfd/download,/api/dataset/3c03d7cf-e312-4828-9c1a-7df34c66595f/resource/2035531a-ec69-4970-bffd-2566bb9eaced/download,/api/dataset/3c03d7cf-e312-4828-9c1a-7df34c66595f/resource/da132651-c043-4256-a5c2-a4fc87bfa8b7/download,/api/dataset/3c03d7cf-e312-4828-9c1a-7df34c66595f/resource/26d25db1-8b33-44ac-8834-05401b977b4e/download,/api/dataset/3c03d7cf-e312-4828-9c1a-7df34c66595f/resource/03049266-cf6b-4969-9f3b-97881b14352e/download,/api/dataset/3c03d7cf-e312-4828-9c1a-7df34c66595f/resource/51373f55-d6bd-4c8a-9358-2e399d3c87b4/download,/api/dataset/3c03d7cf-e312-4828-9c1a-7df34c66595f/resource/c9dbacca-fc7a-4ad2-bdfe-a576d8853745/download,/api/dataset/3c03d7cf-e312-4828-9c1a-7df34c66595f/resource/9f33ebc5-b66d-4ea6-be14-f4951080b28f/download,/api/dataset/3c03d7cf-e312-4828-9c1a-7df34c66595f/resource/ab360f21-3f33-4ab3-862f-d6105740cd05/download,/api/dataset/3c03d7cf-e312-4828-9c1a-7df34c66595f/resource/90363f50-394e-4aab-8fd6-407ad2c67b31/download,/api/dataset/3c03d7cf-e312-4828-9c1a-7df34c66595f/resource/9eafe0ad-e295-427d-985f-caac08674ff0/download,/api/dataset/3c03d7cf-e312-4828-9c1a-7df34c66595f/resource/d433658d-1f52-4bb1-8ba4-a675a698d25a/download,/api/dataset/3c03d7cf-e312-4828-9c1a-7df34c66595f/resource/fa8dd2d6-be60-4da4-9854-4b3bd63260e6/download,/api/dataset/3c03d7cf-e312-4828-9c1a-7df34c66595f/resource/d0b76b6b-2df2-4e87-b445-42903959d583/download,/api/dataset/3c03d7cf-e312-4828-9c1a-7df34c66595f/resource/ea4509c3-6996-4c0e-9d27-fd516512ecca/download,/api/dataset/3c03d7cf-e312-4828-9c1a-7df34c66595f/resource/631c110a-ae2a-4b5a-ab9c-38e2d2df7678/download,/api/dataset/3c03d7cf-e312-4828-9c1a-7df34c66595f/resource/4ec7c58f-0378-496c-8a8e-45b0c2d321ff/download,/api/dataset/3c03d7cf-e312-4828-9c1a-7df34c66595f/resource/d7d474cc-9552-4439-a527-7a676c736eac/download,/api/dataset/3c03d7cf-e312-4828-9c1a-7df34c66595f/resource/c64b22c3-e933-437a-ad63-99b7de6735cb/download,/api/dataset/3c03d7cf-e312-4828-9c1a-7df34c66595f/resource/337f9b4c-b2ca-4c6a-8e09-f6d1e6cb2861/download,/api/dataset/3c03d7cf-e312-4828-9c1a-7df34c66595f/resource/b672d6be-14f9-4616-8e8c-c47c68719d1d/download,/api/dataset/3c03d7cf-e312-4828-9c1a-7df34c66595f/resource/ca4bc9c3-cd02-4602-a44c-7595eaee4f0d/download,/api/dataset/3c03d7cf-e312-4828-9c1a-7df34c66595f/resource/2adf60be-9850-4af0-ae70-d957e85f7b0e/download,/api/dataset/3c03d7cf-e312-4828-9c1a-7df34c66595f/resource/372c7ee6-6cb7-49e8-8bc3-d0443c251a39/download,/api/dataset/3c03d7cf-e312-4828-9c1a-7df34c66595f/resource/3aaaf25e-2a45-4d90-9202-76cd34bab480/download,/api/dataset/3c03d7cf-e312-4828-9c1a-7df34c66595f/resource/ace0b86f-d96a-4f27-9383-a4637ea4d5e5/download,/api/dataset/3c03d7cf-e312-4828-9c1a-7df34c66595f/resource/03e71425-5e79-4f6e-b840-c857966bd983/download,/api/dataset/3c03d7cf-e312-4828-9c1a-7df34c66595f/resource/8b06d554-44b7-4342-926a-f2df95890e9c/download,/api/dataset/3c03d7cf-e312-4828-9c1a-7df34c66595f/resource/317d89ef-83b0-45bc-901c-ed47c191ba59/download,/api/dataset/3c03d7cf-e312-4828-9c1a-7df34c66595f/resource/da88bd91-6f12-4eb3-b482-aa3c029f9b87/download,/api/dataset/3c03d7cf-e312-4828-9c1a-7df34c66595f/resource/980a8933-6ad1-45ed-b5aa-dba9ea264957/download,/api/dataset/3c03d7cf-e312-4828-9c1a-7df34c66595f/resource/bfcec4d3-081e-4ee3-a0a0-f41e6dce7a7d/download,/api/dataset/3c03d7cf-e312-4828-9c1a-7df34c66595f/resource/c24fac9d-f81e-474b-beb8-0d01be3b4046/download,/api/dataset/3c03d7cf-e312-4828-9c1a-7df34c66595f/resource/c5022d50-ea2c-44eb-841f-c5fe5e6dedb9/download,/api/dataset/3c03d7cf-e312-4828-9c1a-7df34c66595f/resource/6a575ad0-6e4e-45e3-a342-6aef6a476ef8/download,/api/dataset/3c03d7cf-e312-4828-9c1a-7df34c66595f/resource/75af13a9-d0ae-4cba-927c-feccf0be716f/download,/api/dataset/3c03d7cf-e312-4828-9c1a-7df34c66595f/resource/8f8e777f-40bf-45c4-b0ac-1449f71e83ef/download,/api/dataset/3c03d7cf-e312-4828-9c1a-7df34c66595f/resource/be8b79d8-9e5a-4792-8c78-7088b2d27895/download,/api/dataset/3c03d7cf-e312-4828-9c1a-7df34c66595f/resource/251bbfd8-ab21-4816-ac6e-7410f2f06ff6/download,/api/dataset/3c03d7cf-e312-4828-9c1a-7df34c66595f/resource/62745830-e4a5-4854-9217-602ec732c0e7/download,/api/dataset/3c03d7cf-e312-4828-9c1a-7df34c66595f/resource/bea88bd3-f23a-4762-8c6c-cc974df0621f/download,/api/dataset/3c03d7cf-e312-4828-9c1a-7df34c66595f/resource/3f85fc28-f381-4108-829e-a21dd3784a3e/download,/api/dataset/3c03d7cf-e312-4828-9c1a-7df34c66595f/resource/fb41eb68-ca83-44dd-9c3b-a1ebbd6e4906/download,/api/dataset/3c03d7cf-e312-4828-9c1a-7df34c66595f/resource/65c3ddaf-bdbf-4ac5-a438-db16fe9edce0/download,/api/dataset/3c03d7cf-e312-4828-9c1a-7df34c66595f/resource/dc5dbf52-eae5-46b6-a3ac-85d33d815881/download,/api/dataset/3c03d7cf-e312-4828-9c1a-7df34c66595f/resource/54adafe6-5825-4e84-ba30-00f8c05f74c2/download,/api/dataset/3c03d7cf-e312-4828-9c1a-7df34c66595f/resource/e1428301-3eb6-4990-ae53-879d771f8940/download,/api/dataset/3c03d7cf-e312-4828-9c1a-7df34c66595f/resource/0d82415f-4099-404f-80f4-d6b67d295995/download,/api/dataset/3c03d7cf-e312-4828-9c1a-7df34c66595f/resource/800f3483-74c4-49c2-b8c5-be0c1114eff7/download,/api/dataset/3c03d7cf-e312-4828-9c1a-7df34c66595f/resource/a413cbac-a584-4e61-a730-e935e9c24019/download,/api/dataset/3c03d7cf-e312-4828-9c1a-7df34c66595f/resource/49c14663-609a-430e-95fa-282a0825ea7d/download,/api/dataset/3c03d7cf-e312-4828-9c1a-7df34c66595f/resource/275a2a2e-667f-4807-a3ef-3a0819a66135/download,/api/dataset/3c03d7cf-e312-4828-9c1a-7df34c66595f/resource/1f30d3ca-576b-4274-a1de-0f5ec0e32eaa/download,/api/dataset/3c03d7cf-e312-4828-9c1a-7df34c66595f/resource/60fc2e4c-23d8-4430-9962-a9066157641c/download,/api/dataset/3c03d7cf-e312-4828-9c1a-7df34c66595f/resource/6611fc13-e2a2-430f-9033-bd2d4dc29557/download,/api/dataset/3c03d7cf-e312-4828-9c1a-7df34c66595f/resource/b948db7b-41e8-48cc-a2c7-eacd9a960622/download,/api/dataset/3c03d7cf-e312-4828-9c1a-7df34c66595f/resource/c7001e03-5904-4358-bc8b-d7224ae124a2/download,/api/dataset/3c03d7cf-e312-4828-9c1a-7df34c66595f/resource/d7a62bcf-8979-493b-801f-fc03ae81bfa6/download,/api/dataset/3c03d7cf-e312-4828-9c1a-7df34c66595f/resource/11b27b62-a725-4efa-a849-07ffcf4e4497/download,/api/dataset/3c03d7cf-e312-4828-9c1a-7df34c66595f/resource/249f0632-9a15-456b-bb75-4d98adcc6594/download,/api/dataset/3c03d7cf-e312-4828-9c1a-7df34c66595f/resource/cc8de1a8-16ac-4de8-b0c5-b9bb932bea22/download,/api/dataset/3c03d7cf-e312-4828-9c1a-7df34c66595f/resource/a6a81715-64a8-46c6-bf76-18b37f2b75c3/download,/api/dataset/3c03d7cf-e312-4828-9c1a-7df34c66595f/resource/a0bd4f8e-0b28-42ce-85dc-460a51c17123/download,/api/dataset/3c03d7cf-e312-4828-9c1a-7df34c66595f/resource/f704af18-3072-4cb8-a1fb-54e2759af99f/download,/api/dataset/3c03d7cf-e312-4828-9c1a-7df34c66595f/resource/c822ceda-f18e-4d82-b8cb-0989a96ca82d/download,/api/dataset/3c03d7cf-e312-4828-9c1a-7df34c66595f/resource/bc705c30-5aea-4389-86d1-5c3bc929676f/download,/api/dataset/3c03d7cf-e312-4828-9c1a-7df34c66595f/resource/206a12bb-1097-42a8-bc79-a8b2f9d0ce28/download,/api/dataset/3c03d7cf-e312-4828-9c1a-7df34c66595f/resource/a00d5cd2-7941-44b7-8d29-b91603ebbdf2/download,/api/dataset/3c03d7cf-e312-4828-9c1a-7df34c66595f/resource/810606ec-2b93-4d8d-b03c-b7802d215d0a/download,/api/dataset/3c03d7cf-e312-4828-9c1a-7df34c66595f/resource/9518481f-a826-448a-b8d7-b65218c4895d/download,/api/dataset/3c03d7cf-e312-4828-9c1a-7df34c66595f/resource/f0655e9b-e549-4b32-9ef4-83f5bb736387/download,/api/dataset/3c03d7cf-e312-4828-9c1a-7df34c66595f/resource/29cdde4d-ad9e-4ea6-b3b3-9f61964aad01/download,/api/dataset/3c03d7cf-e312-4828-9c1a-7df34c66595f/resource/cd9fd96b-d595-4bd7-a4be-f9533f91f6a2/download,/api/dataset/3c03d7cf-e312-4828-9c1a-7df34c66595f/resource/a116ae5d-4630-4240-af6d-66cfa73e9e8e/download,/api/dataset/3c03d7cf-e312-4828-9c1a-7df34c66595f/resource/ec642a96-9a5d-4fb7-b87e-259a8f12ecf8/download,/api/dataset/3c03d7cf-e312-4828-9c1a-7df34c66595f/resource/fe1229c8-6014-4f69-8cd0-06b2814b60c6/download,/api/dataset/3c03d7cf-e312-4828-9c1a-7df34c66595f/resource/aa49a5a6-26bf-45f3-b9b1-d84657bbcf6b/download,/api/dataset/3c03d7cf-e312-4828-9c1a-7df34c66595f/resource/502a6599-6a1a-497d-a404-0096563ad9f6/download,/api/dataset/3c03d7cf-e312-4828-9c1a-7df34c66595f/resource/fcaafec3-2191-40f4-a1fc-3564c9ff96b5/download,/api/dataset/3c03d7cf-e312-4828-9c1a-7df34c66595f/resource/479f2950-dac3-4862-9eea-e15c43330464/download,/api/dataset/3c03d7cf-e312-4828-9c1a-7df34c66595f/resource/9b434dba-5f3a-4332-b5c3-c0620ffb8b65/download,/api/dataset/3c03d7cf-e312-4828-9c1a-7df34c66595f/resource/e265df3c-a8fc-479a-95c9-5c47ea6429ec/download,/api/dataset/3c03d7cf-e312-4828-9c1a-7df34c66595f/resource/b747ab22-3edd-40ba-b647-84275f7d2cfa/download,/api/dataset/3c03d7cf-e312-4828-9c1a-7df34c66595f/resource/5b6cb793-5234-4b5f-ae0d-ee40e58b7796/download,/api/dataset/3c03d7cf-e312-4828-9c1a-7df34c66595f/resource/f84c5549-4aab-4ae9-b8e2-b345a0bd1ef1/download,/api/dataset/3c03d7cf-e312-4828-9c1a-7df34c66595f/resource/646815aa-fbc9-40fa-8dc0-f7cea1c1a5b8/download,/api/dataset/3c03d7cf-e312-4828-9c1a-7df34c66595f/resource/88c230c2-dcbd-43a1-9c84-ebbb2698740a/download,/api/dataset/3c03d7cf-e312-4828-9c1a-7df34c66595f/resource/12200aa4-33a8-46fa-9c7a-52a786a7f42f/download,/api/dataset/3c03d7cf-e312-4828-9c1a-7df34c66595f/resource/d42ef2be-27fa-4530-8694-9495bcedd36a/download,/api/dataset/3c03d7cf-e312-4828-9c1a-7df34c66595f/resource/12c8e8f6-5e42-45f0-9752-22e26eb0d4dd/download,/api/dataset/3c03d7cf-e312-4828-9c1a-7df34c66595f/resource/c6436ad0-ff4b-43d4-a727-7f5550b645f2/download,/api/dataset/3c03d7cf-e312-4828-9c1a-7df34c66595f/resource/841423cf-637b-4f56-b4c6-9dc8e76e5c2b/download,/api/dataset/3c03d7cf-e312-4828-9c1a-7df34c66595f/resource/9b0fc5fa-79fe-44e6-82c6-4cef428488d0/download,/api/dataset/3c03d7cf-e312-4828-9c1a-7df34c66595f/resource/2da05ffc-65ba-4743-bc83-a00da4a28ee5/download,/api/dataset/3c03d7cf-e312-4828-9c1a-7df34c66595f/resource/ad175825-e2bf-44b2-87b9-c02e28062663/download,/api/dataset/3c03d7cf-e312-4828-9c1a-7df34c66595f/resource/5e0c796f-5ee1-4b1c-8114-ccec72fd8a42/download,/api/dataset/3c03d7cf-e312-4828-9c1a-7df34c66595f/resource/f76c41c4-23a8-430a-bcbe-351de4336923/download,/api/dataset/3c03d7cf-e312-4828-9c1a-7df34c66595f/resource/0e34a7b3-c442-413e-bd42-135806214790/download",臺北捷運公司所屬藝文廊各場地展覽資訊,"起始日期、結束日期、地點、活動名稱、辦理單位

",智慧通勤:4; 韌性防災:0; 永續環境:0; 食安健康:0; 勞動福祉:0; 文化共融:4
taipei,d7952333-a06e-4735-b753-80fa314702ff,00001738,臺北捷運車站i郵箱基本資料,智慧通勤,True,True,False,area,通勤地圖與交通壓力分析,False,3,交通,交通及通訊,原始資料,捷運公司,,捷運公司,不定期更新,CSV,中文,2020-05-06T00:00:00,/api/dataset/d7952333-a06e-4735-b753-80fa314702ff/resource/95410d49-4364-40f1-944e-ced234c6d135/download,臺北捷運各車站設置i郵箱基本資料,"項次、線別、車站、位置、更新日期
",智慧通勤:5; 韌性防災:0; 永續環境:0; 食安健康:0; 勞動福祉:0; 文化共融:0
taipei,cfa4778c-62c1-497b-b704-756231de348b,00000142,臺北捷運車站出入口座標,智慧通勤,True,True,False,point,通勤地圖與交通壓力分析,False,3,交通,交通及通訊,原始資料,捷運公司,,捷運公司,不定期更新,CSV,中文,2012-01-04T00:00:00,/api/dataset/cfa4778c-62c1-497b-b704-756231de348b/resource/307a7f61-e302-4108-a817-877ccbfca7c1/download,臺北捷運各車站出入口座標資料,項次、出入口名稱、出入口編號、經度、緯度、是否為無障礙用,智慧通勤:5; 韌性防災:0; 永續環境:0; 食安健康:0; 勞動福祉:0; 文化共融:0
taipei,0a3bb422-9eb5-459b-a9d4-138456516183,00001516,臺北捷運車站出入口無障礙電梯、無障礙坡道GPS座標,智慧通勤,True,True,False,point,通勤地圖與交通壓力分析,False,3,交通,交通及通訊,原始資料,捷運公司,,捷運公司,不定期更新,CSV,中文,2018-06-16T00:00:00,/api/dataset/0a3bb422-9eb5-459b-a9d4-138456516183/resource/61792c82-6609-41b2-9775-3a346934826d/download,臺北捷運車站出入口設置無障礙電梯、無障礙坡道GPS座標資料,項次、出入口電梯/無障礙坡道名稱、出入口編號、經度、緯度,智慧通勤:5; 韌性防災:0; 永續環境:0; 食安健康:0; 勞動福祉:0; 文化共融:0
taipei,49222b97-aeac-4113-9831-6341535caa36,00001741,臺北捷運車站周邊轉乘停車場資訊,智慧通勤,True,True,False,point,通勤地圖與交通壓力分析,False,3,交通,交通及通訊,原始資料,捷運公司,,捷運公司,不定期更新,CSV,中文,2020-05-08T00:00:00,/api/dataset/49222b97-aeac-4113-9831-6341535caa36/resource/74cfc01d-242f-428d-bc2f-caf5edd6e404/download,提供臺北捷運車站周邊各轉乘停車場資訊,項次、停車場名稱、緯度、經度、小汽車、機車、自行車,智慧通勤:8; 韌性防災:0; 永續環境:0; 食安健康:0; 勞動福祉:0; 文化共融:0
taipei,ba6b64b1-a387-4b34-93c6-7c3bf2dad3db,00000591,臺北捷運車站無障礙電梯位置,智慧通勤,True,True,False,area,通勤地圖與交通壓力分析,False,3,交通,交通及通訊,原始資料,捷運公司,,捷運公司,不定期更新,CSV,中文,2015-06-30T00:00:00,/api/dataset/ba6b64b1-a387-4b34-93c6-7c3bf2dad3db/resource/87708f6a-a1a0-49ce-9b68-35ae4b135292/download,臺北捷運車站無障礙電梯位置資料,路線別、車站名稱、車站編號、電梯位置、更新日期,智慧通勤:6; 韌性防災:0; 永續環境:0; 食安健康:0; 勞動福祉:0; 文化共融:0
taipei,659b9f55-a687-4e55-a17b-ceca5743c514,00001744,臺北捷運車站設施資訊,智慧通勤,True,True,False,point,通勤地圖與交通壓力分析,False,3,交通,交通及通訊,原始資料,捷運公司,,捷運公司,不定期更新,CSV,中文,2020-05-22T00:00:00,/api/dataset/659b9f55-a687-4e55-a17b-ceca5743c514/resource/f69dfd66-3d8e-408a-9645-c02384bda5b8/download,臺北捷運車站內各項設施資訊,序號/編號、縣市別代碼、地址-行政區域代碼、車站名稱、電梯、電扶梯、銀行ATM、哺集乳室、嬰兒尿布台、飲水機/飲水臺、充電站、自動售票機、廁所,智慧通勤:5; 韌性防災:0; 永續環境:0; 食安健康:0; 勞動福祉:0; 文化共融:0
taipei,4f8b6fcd-5508-48fd-9b2f-98308ad1b0c4,00000573,臺北捷運車站電梯維修預排時程表,智慧通勤,True,True,False,area,通勤地圖與交通壓力分析,False,3,交通,交通及通訊,原始資料,捷運公司,,捷運公司,每1月,"CSV,CSV",中文,2015-06-30T00:00:00,"/api/dataset/4f8b6fcd-5508-48fd-9b2f-98308ad1b0c4/resource/5d76707a-4952-4405-8dbb-aa373bdd2146/download,/api/dataset/4f8b6fcd-5508-48fd-9b2f-98308ad1b0c4/resource/d93aadfb-9f78-4000-a73e-48870481bafc/download",臺北捷運車站最近2個月電梯預防檢修預排時程表(不含臨時性故障)，本表僅為預定排程，實際檢修時間仍依車站現場告示為主。,保養日期(年月日)、線別、車站、電梯位置、設備編號、保養週期、保養時段,智慧通勤:5; 韌性防災:0; 永續環境:0; 食安健康:0; 勞動福祉:0; 文化共融:0
taipei,ca697240-59ce-4a58-9ab1-3c229bff0a31,00000083,臺北捷運轉乘停車場座標,智慧通勤,True,True,False,point,通勤地圖與交通壓力分析,False,3,交通,交通及通訊,原始資料,捷運公司,,捷運公司,不定期更新,CSV,中文,2012-01-13T00:00:00,/api/dataset/ca697240-59ce-4a58-9ab1-3c229bff0a31/resource/0fc66647-d862-4830-992c-1903a37ccf1a/download,臺北捷運公司所屬轉乘停車場座標資料,項次、停車場名稱、經度、緯度、更新日期,智慧通勤:6; 韌性防災:0; 永續環境:0; 食安健康:0; 勞動福祉:0; 文化共融:0
taipei,a8d20ec2-f941-413e-aa7a-9e5fa3080df5,00003893,臺北都會區大眾捷運系統萬大線第一期工程範圍示意圖(第二區工程處),智慧通勤,True,True,False,point,通勤地圖與交通壓力分析,False,3,交通,交通及通訊,原始資料,捷運局,捷運局二區工程處,捷運局捷運局二區工程處,不定期更新,CSV,中文,2021-03-29T00:00:00,/api/dataset/a8d20ec2-f941-413e-aa7a-9e5fa3080df5/resource/21612c0c-aa6c-46cf-b7da-41472fb78493/download,臺北都會區大眾捷運系統萬大線第一期工程範圍示意圖(第二區工程處施作範圍),線別、標別、車站名、監造單位、監造工務所、工地主任、聯絡電話、聯絡地址、位置、來源網址,智慧通勤:5; 韌性防災:0; 永續環境:0; 食安健康:0; 勞動福祉:0; 文化共融:0
taipei,758e5ae0-e6ee-448b-81f5-316eb68a5ba7,00000081,臺北都會區大眾捷運系統車站點位圖,智慧通勤,True,True,False,area,通勤地圖與交通壓力分析,False,3,交通,交通及通訊,原始資料,捷運局,,捷運局,不定期更新,JSON,中文,2020-02-04T00:00:00,/api/dataset/758e5ae0-e6ee-448b-81f5-316eb68a5ba7/resource/a63e3278-9d10-4916-9f24-e5a4d78afb31/download,臺北都會區大眾捷運系統車站點位GIS圖資,車站名稱、車站位置,智慧通勤:5; 韌性防災:0; 永續環境:0; 食安健康:0; 勞動福祉:0; 文化共融:0
taipei,2ed9ecfe-83ef-4443-8776-a3db8be3d7c5,00000906,街道家具候車亭廣告資訊,智慧通勤,True,True,False,area,通勤地圖與交通壓力分析,False,3,交通,交通及通訊,原始資料,交通局,公運處,交通局公運處,不定期更新,CSV,中文,2017-01-07T00:00:00,/api/dataset/2ed9ecfe-83ef-4443-8776-a3db8be3d7c5/resource/f1995ee7-6261-4104-bc56-e264c8bc358f/download,臺北市政府街道家具候車亭廣告(如附件),廣告看版種類(可供上刊廣告類別)、類型(廣告類型)、位置(廣告位置)、方向(臺北市公車站位方向)、方向角(方向角)、主管機關(廣告主管機關)、設置期間(廣告設置期間),智慧通勤:5; 韌性防災:0; 永續環境:0; 食安健康:0; 勞動福祉:0; 文化共融:0
taipei,a0cf5e08-2b46-46be-aaa6-ac894b439156,00003209,計程車招呼站,智慧通勤,True,True,False,point,通勤地圖與交通壓力分析,False,3,交通,交通及通訊,原始資料,交通局,公運處,交通局公運處,不定期更新,CSV,中文,2020-12-01T00:00:00,/api/dataset/a0cf5e08-2b46-46be-aaa6-ac894b439156/resource/2e57ee8c-ce7a-42b3-9993-f9171b7c3228/download,提供臺北市各行政區計程車招呼站相關資訊。,"項次、地區、經度X、緯度Y、設置地點、街道名稱、排班格位、排班時間
",智慧通勤:3; 韌性防災:0; 永續環境:0; 食安健康:0; 勞動福祉:0; 文化共融:0
taipei,15189916-6987-4fcb-b6f5-2c542bbc5dac,00003212,計程車服務品質評鑑計畫,智慧通勤,True,True,False,area,通勤地圖與交通壓力分析,False,3,交通,交通及通訊,原始資料,交通局,公運處,交通局公運處,不定期更新,CSV,中文,2020-12-01T00:00:00,/api/dataset/15189916-6987-4fcb-b6f5-2c542bbc5dac/resource/c962938c-de25-4daf-b6ce-75913b8e8300/download,各年度計程車服務品質評鑑計畫,序號(序號)、年度(評鑑報告年度)、檔案名稱(檔案名稱)、網址(評鑑報告放置網址)、位置(位置),智慧通勤:3; 韌性防災:0; 永續環境:0; 食安健康:0; 勞動福祉:0; 文化共融:0
taipei,78d3bc44-f897-49b6-8294-a1bf3966f648,00003489,轉運站資訊,智慧通勤,True,True,False,point,通勤地圖與交通壓力分析,False,3,交通,交通及通訊,原始資料,交通局,公運處,交通局公運處,不定期更新,CSV,中文,2020-12-01T00:00:00,/api/dataset/78d3bc44-f897-49b6-8294-a1bf3966f648/resource/b857c906-aaf6-4747-8233-6f39ba8b8718/download,臺北市轉運站資訊,"項次(id)、站名(轉運站名稱)、地址(轉運站地址)、電話(轉運站電話)、路線(轉運站停靠路線)、停車資訊(轉運站停車資訊)、經度(經度)、緯度(緯度)
",智慧通勤:5; 韌性防災:0; 永續環境:0; 食安健康:0; 勞動福祉:0; 文化共融:0
newtaipei,B9129DD6-EEB2-4B4D-B5E5-9FDD50A71E2A,,104年度新北市附屬單位預算作業基金現金流量綜計表(依基金別分列)(預算案),智慧通勤,False,True,True,table,通勤地圖與交通壓力分析,False,2,財稅,公共資訊,,,,新北市政府主計處/基金預算科,不更新,JSON、CSV、XML,中文,,https://data.ntpc.gov.tw/datasets/b9129dd6-eeb2-4b4d-b5e5-9fdd50a71e2a,"1.104年度新北市附屬單位預算作業基金現金流量綜計表(依基金別分列)(預算案)

2.單位：新臺幣千元

3.各項欄位說明詳參""新北市政府主計處網頁->附屬單位預算及綜計表->104年度附屬單位預算案""( http://www.bas.ntpc.gov.tw/download/?type_id=10420)或電洽主計處查詢。

4.作業基金之新北市都市更新基金、新北市實施平均地權基金、新北市軌道建設發展基金及新北市停車場作業基金尚未經市議會審議通過。
",,智慧通勤:1; 韌性防災:0; 永續環境:0; 食安健康:0; 勞動福祉:0; 文化共融:0
newtaipei,2A85A8B8-BBE1-4155-AB04-2FC9FB06720E,,104年度新北市附屬單位預算作業基金現金流量綜計表(依現流項目分列)(預算案),智慧通勤,False,True,True,table,通勤地圖與交通壓力分析,False,2,財稅,公共資訊,,,,新北市政府主計處/基金預算科,不更新,JSON、CSV、XML,中文,,https://data.ntpc.gov.tw/datasets/2a85a8b8-bbe1-4155-ab04-2fc9fb06720e,"1.104年度新北市附屬單位預算作業基金現金流量綜計表(依現金流量項目分列)(預算案)

2.單位：新臺幣千元

3.各項欄位說明詳參""新北市政府主計處網頁->附屬單位預算及綜計表->104年度附屬單位預算案""( http://www.bas.ntpc.gov.tw/download/?type_id=10420)或電洽主計處查詢。

4.作業基金之新北市都市更新基金、新北市實施平均地權基金、新北市軌道建設發展基金及新北市停車場作業基金尚未經市議會審議通過。
",,智慧通勤:1; 韌性防災:0; 永續環境:0; 食安健康:0; 勞動福祉:0; 文化共融:0
newtaipei,3766BB6F-BD79-4B8F-AE9A-C9E08F05D9F0,,104年新北市交通違規取締統計,智慧通勤,False,True,True,table,通勤地圖與交通壓力分析,False,2,交通,交通及通訊,,,,新北市政府警察局/新北市政府警察局交通警察大隊/執法組,不更新,JSON、CSV、XML,中文,,https://data.ntpc.gov.tw/datasets/3766bb6f-bd79-4b8f-ae9a-c9e08f05d9f0,104年新北市交通違規取締統計。,,智慧通勤:3; 韌性防災:0; 永續環境:0; 食安健康:0; 勞動福祉:0; 文化共融:0
newtaipei,DF9841EC-DCCE-4F0F-827B-2FF15FB5DAF6,,105年新北市交通違規取締統計,智慧通勤,False,True,True,table,通勤地圖與交通壓力分析,False,2,交通,交通及通訊,,,,新北市政府警察局/新北市政府警察局交通警察大隊/執法組,不更新,JSON、CSV、XML,中文,,https://data.ntpc.gov.tw/datasets/df9841ec-dcce-4f0f-827b-2ff15fb5daf6,105年新北市交通違規取締統計。,,智慧通勤:3; 韌性防災:0; 永續環境:0; 食安健康:0; 勞動福祉:0; 文化共融:0
newtaipei,703FEDE3-610E-47E4-BCCD-6AEBE175C21A,,106年度新北市附屬單位預算作業基金現金流量綜計表(依基金別分列)(預算案),智慧通勤,False,True,True,table,通勤地圖與交通壓力分析,False,2,財稅,公共資訊,,,,新北市政府主計處/基金預算科,不更新,JSON、CSV、XML,中文,,https://data.ntpc.gov.tw/datasets/703fede3-610e-47e4-bccd-6aebe175c21a,"1.106年度新北市附屬單位預算作業基金現金流量綜計表(依基金別分列)(預算案)

2.單位：新臺幣千元

3.各項欄位說明詳參""新北市政府主計處網頁->附屬單位預算及綜計表->106年度附屬單位預算案""( http://www.bas.ntpc.gov.tw/download/?type_id=10626)或電洽主計處查詢。

4.作業基金之新北市實施平均地權基金、新北市停車場作業基金及新北市軌道建設發展基金尚未經市議會審議通過。",,智慧通勤:1; 韌性防災:0; 永續環境:0; 食安健康:0; 勞動福祉:0; 文化共融:0
newtaipei,C30000F1-3678-4E1E-8CBB-980A44903780,,106年度新北市附屬單位預算作業基金現金流量綜計表(依現流項目分列)(預算案),智慧通勤,False,True,True,table,通勤地圖與交通壓力分析,False,2,財稅,公共資訊,,,,新北市政府主計處/基金預算科,不更新,JSON、CSV、XML,中文,,https://data.ntpc.gov.tw/datasets/c30000f1-3678-4e1e-8cbb-980a44903780,"1.106年度新北市附屬單位預算作業基金現金流量綜計表(依現金流量項目分列)(預算案)

2.單位：新臺幣千元

3.各項欄位說明詳參""新北市政府主計處網頁->附屬單位預算及綜計表->106年度附屬單位預算案""( http://www.bas.ntpc.gov.tw/download/?type_id=10626)或電洽主計處查詢。

4.作業基金之新北市實施平均地權基金、新北市停車場作業基金及新北市軌道建設發展基金尚未經市議會審議通過。",,智慧通勤:1; 韌性防災:0; 永續環境:0; 食安健康:0; 勞動福祉:0; 文化共融:0
newtaipei,63461852-ABD1-4F74-B8D1-5F61001776AC,,106年新北市交通違規取締統計,智慧通勤,False,True,True,table,通勤地圖與交通壓力分析,False,2,交通,交通及通訊,,,,新北市政府警察局/新北市政府警察局交通警察大隊/執法組,不更新,JSON、CSV、XML,中文,,https://data.ntpc.gov.tw/datasets/63461852-abd1-4f74-b8d1-5f61001776ac,106年新北市交通違規取締統計。,,智慧通勤:3; 韌性防災:0; 永續環境:0; 食安健康:0; 勞動福祉:0; 文化共融:0
newtaipei,7B9623B2-DDFD-4C76-8AA7-4A65B7333953,,107年新北市交通違規取締統計,智慧通勤,False,True,True,table,通勤地圖與交通壓力分析,False,2,交通,交通及通訊,,,,新北市政府警察局/新北市政府警察局交通警察大隊/執法組,不更新,JSON、CSV、XML,中文,,https://data.ntpc.gov.tw/datasets/7b9623b2-ddfd-4c76-8aa7-4a65b7333953,107年新北市交通違規取締統計。,,智慧通勤:3; 韌性防災:0; 永續環境:0; 食安健康:0; 勞動福祉:0; 文化共融:0
newtaipei,12423E69-7697-4A32-93E4-C3C38C4581AA,,108年新北市交通違規取締統計,智慧通勤,False,True,True,table,通勤地圖與交通壓力分析,False,2,交通,交通及通訊,,,,新北市政府警察局/新北市政府警察局交通警察大隊/執法組,不更新,JSON、CSV、XML,中文,,https://data.ntpc.gov.tw/datasets/12423e69-7697-4a32-93e4-c3c38c4581aa,108年新北市交通違規取締統,,智慧通勤:3; 韌性防災:0; 永續環境:0; 食安健康:0; 勞動福祉:0; 文化共融:0
newtaipei,B5B35668-12CA-464B-B8FE-C44691ED4D12,,109年新北市交通違規取締統計,智慧通勤,False,True,True,table,通勤地圖與交通壓力分析,False,2,交通,交通及通訊,,,,新北市政府警察局/新北市政府警察局交通警察大隊/執法組,不更新,JSON、CSV、XML,中文,,https://data.ntpc.gov.tw/datasets/b5b35668-12ca-464b-b8fe-c44691ed4d12,109年新北市交通違規取締統計。,,智慧通勤:3; 韌性防災:0; 永續環境:0; 食安健康:0; 勞動福祉:0; 文化共融:0
newtaipei,B7600E46-6534-4292-8D8C-AB604B97E333,,110年新北市交通違規取締統計,智慧通勤,False,True,True,table,通勤地圖與交通壓力分析,False,2,交通,交通及通訊,,,,新北市政府警察局/新北市政府警察局交通警察大隊/執法組,不更新,JSON、CSV、XML,中文,,https://data.ntpc.gov.tw/datasets/b7600e46-6534-4292-8d8c-ab604b97e333,110年新北市交通違規取締統計。,,智慧通勤:3; 韌性防災:0; 永續環境:0; 食安健康:0; 勞動福祉:0; 文化共融:0
newtaipei,B4C0B81E-5F9B-4710-82A9-ABCA5F69B1CD,,111年新北交通違規取締統計,智慧通勤,False,True,True,table,通勤地圖與交通壓力分析,False,2,交通,交通及通訊,,,,新北市政府警察局/新北市政府警察局交通警察大隊/執法組,不更新,JSON、CSV、XML,中文,,https://data.ntpc.gov.tw/datasets/b4c0b81e-5f9b-4710-82a9-abca5f69b1cd,111年北交通違規取締績效,,智慧通勤:3; 韌性防災:0; 永續環境:0; 食安健康:0; 勞動福祉:0; 文化共融:0
newtaipei,4C2E41B8-174B-48BA-BB55-DBB3CDC001BF,,112年新北交通違規取締統計,智慧通勤,False,True,True,table,通勤地圖與交通壓力分析,False,2,交通,交通及通訊,,,,新北市政府警察局/新北市政府警察局交通警察大隊/執法組,不更新,JSON、CSV、XML,中文,,https://data.ntpc.gov.tw/datasets/4c2e41b8-174b-48ba-bb55-dbb3cdc001bf,112年新北交通違規取締績效,,智慧通勤:3; 韌性防災:0; 永續環境:0; 食安健康:0; 勞動福祉:0; 文化共融:0
newtaipei,ECEA9D2E-266D-4ADE-B8DD-C88FC0EB9E87,,113年新北交通違規取締統計,智慧通勤,False,True,True,table,通勤地圖與交通壓力分析,False,2,交通,交通及通訊,,,,新北市政府警察局/新北市政府警察局交通警察大隊/執法組,不更新,JSON、CSV、XML,中文,,https://data.ntpc.gov.tw/datasets/ecea9d2e-266d-4ade-b8dd-c88fc0eb9e87,113年新北交通違規取締績效,,智慧通勤:3; 韌性防災:0; 永續環境:0; 食安健康:0; 勞動福祉:0; 文化共融:0
newtaipei,09656BC5-EC9A-4107-865C-864BE24B3C69,,新北巿使用牌照稅徵績,智慧通勤,False,True,True,table,通勤地圖與交通壓力分析,False,2,財稅,公共資訊,,,,新北市政府財政局/新北市政府稅捐稽徵處/會計室/會計室第二股,每年,JSON、CSV、XML,中文,,https://data.ntpc.gov.tw/datasets/09656bc5-ec9a-4107-865c-864be24b3c69,以本巿轄區內課徵使用牌照稅之各種交通工具為統計對象。,,智慧通勤:1; 韌性防災:0; 永續環境:0; 食安健康:0; 勞動福祉:0; 文化共融:0
newtaipei,AFF0F9CD-E2EE-4B87-8E6A-E78FEC015F6D,,新北巿使用牌照稅稅源,智慧通勤,False,True,True,table,通勤地圖與交通壓力分析,False,2,財稅,公共資訊,,,,新北市政府財政局/新北市政府稅捐稽徵處/會計室/會計室第二股,每年,JSON、CSV、XML,中文,,https://data.ntpc.gov.tw/datasets/aff0f9cd-e2ee-4b87-8e6a-e78fec015f6d,以本巿轄區內課徵使用牌照稅各種交通工具為統計對象，並依機動車輛種類及汽缸總排氣量分類，稅額單位為千元。,,智慧通勤:1; 韌性防災:0; 永續環境:0; 食安健康:0; 勞動福祉:0; 文化共融:0
newtaipei,60A9F21A-1806-421A-8B42-651A70C28DF4,,新北巿使用牌照稅稽徵,智慧通勤,False,True,True,table,通勤地圖與交通壓力分析,False,2,財稅,公共資訊,,,,新北市政府財政局/新北市政府稅捐稽徵處/會計室/會計室第二股,每月,JSON、CSV、XML,中文,,https://data.ntpc.gov.tw/datasets/60a9f21a-1806-421a-8b42-651a70c28df4,以本巿轄區內課徵使用牌照稅之各種交通工具為統計對象，由本處消費稅科依據公路局監理所（站）所送之代徵使用牌照稅核對月報表及轄內有關資料予以編製，分析使用牌照稅稽徵及稅源分配情形。,,智慧通勤:1; 韌性防災:0; 永續環境:0; 食安健康:0; 勞動福祉:0; 文化共融:0
newtaipei,54C8DB42-C762-4462-8AF4-6E0F28956BC1,,新北市102年A1道路交通事故-未滿12歲兒童統計,智慧通勤,False,True,True,table,通勤地圖與交通壓力分析,False,2,交通,交通及通訊,,,,新北市政府警察局/新北市政府警察局交通警察大隊/事故處理組,不更新,JSON、CSV、XML,中文,,https://data.ntpc.gov.tw/datasets/54c8db42-c762-4462-8af4-6e0f28956bc1,新北市102年A1道路交通事故-未滿12歲兒童統計。,,智慧通勤:5; 韌性防災:0; 永續環境:0; 食安健康:0; 勞動福祉:0; 文化共融:0
newtaipei,8F39220A-2D15-4C3C-BA8B-AAD139F568DB,,新北市102年A1道路交通事故-機車傷亡者與戴用安全帽關係統計,智慧通勤,False,True,True,table,通勤地圖與交通壓力分析,False,2,交通,交通及通訊,,,,新北市政府警察局/新北市政府警察局交通警察大隊/事故處理組,不更新,JSON、CSV、XML,中文,,https://data.ntpc.gov.tw/datasets/8f39220a-2d15-4c3c-ba8b-aad139f568db,本市102年A1交通事故中機車騎士及乘客之死亡人數為76人、受傷人數為31人，其中佩戴安全帽之死亡人數為72人、受傷人數為31人，比率為96.2%，惟頭戴安全帽並不是生命安全的絕對保證，尚有極大可能而造成身體其他部位之傷害。,,智慧通勤:5; 韌性防災:0; 永續環境:0; 食安健康:0; 勞動福祉:0; 文化共融:0
newtaipei,FDAA8372-D6DE-4301-A788-D5A0C8253C42,,新北市102年A1道路交通事故-死亡年齡與行動狀態統計,智慧通勤,False,True,True,table,通勤地圖與交通壓力分析,False,2,交通,交通及通訊,,,,新北市政府警察局/新北市政府警察局交通警察大隊/事故處理組,不更新,JSON、CSV、XML,中文,,https://data.ntpc.gov.tw/datasets/fdaa8372-d6de-4301-a788-d5a0c8253c42,新北市102年A1道路交通事故-死亡年齡與行動狀態統計。,,智慧通勤:5; 韌性防災:0; 永續環境:0; 食安健康:0; 勞動福祉:0; 文化共融:0
newtaipei,B7072AF8-03EB-4290-AAC6-904D64F03EEA,,新北市102年A1道路交通事故-第一當事者使用行動電話分析統計,智慧通勤,False,True,True,table,通勤地圖與交通壓力分析,False,2,交通,交通及通訊,,,,新北市政府警察局/新北市政府警察局交通警察大隊/事故處理組,不更新,JSON、CSV、XML,中文,,https://data.ntpc.gov.tw/datasets/b7072af8-03eb-4290-aac6-904d64f03eea,新北市102年A1道路交通事故-第一當事者使用行動電話分析統計。,,智慧通勤:5; 韌性防災:0; 永續環境:0; 食安健康:0; 勞動福祉:0; 文化共融:0
newtaipei,63F22E69-42C8-46E2-AEC8-A6A51790BEF8,,新北市102年A1道路交通事故-駕駛人年齡分布統計,智慧通勤,False,True,True,table,通勤地圖與交通壓力分析,False,2,交通,交通及通訊,,,,新北市政府警察局/新北市政府警察局交通警察大隊/事故處理組,不更新,JSON、CSV、XML,中文,,https://data.ntpc.gov.tw/datasets/63f22e69-42c8-46e2-aec8-a6a51790bef8,新北市102年A1道路交通事故-駕駛人年齡分布統計。,,智慧通勤:5; 韌性防災:0; 永續環境:0; 食安健康:0; 勞動福祉:0; 文化共融:0
newtaipei,A9F266F7-CCC3-4708-BF5D-EE07CBD2061F,,新北市102年A2道路交通事故-受傷年齡與行動狀態統計,智慧通勤,False,True,True,table,通勤地圖與交通壓力分析,False,2,交通,交通及通訊,,,,新北市政府警察局/新北市政府警察局交通警察大隊/事故處理組,不更新,JSON、CSV、XML,中文,,https://data.ntpc.gov.tw/datasets/a9f266f7-ccc3-4708-bf5d-ee07cbd2061f,新北市102年A2道路交通事故-受傷年齡與行動狀態統計。,,智慧通勤:5; 韌性防災:0; 永續環境:0; 食安健康:0; 勞動福祉:0; 文化共融:0
newtaipei,93262EDA-07CE-4CB3-85AA-16A2D8DD5549,,新北市102年A2道路交通事故-未滿12歲兒童統計,智慧通勤,False,True,True,table,通勤地圖與交通壓力分析,False,2,交通,交通及通訊,,,,新北市政府警察局/新北市政府警察局交通警察大隊/事故處理組,不更新,JSON、CSV、XML,中文,,https://data.ntpc.gov.tw/datasets/93262eda-07ce-4cb3-85aa-16a2d8dd5549,新北市102年A2道路交通事故-未滿12歲兒童統計。,,智慧通勤:5; 韌性防災:0; 永續環境:0; 食安健康:0; 勞動福祉:0; 文化共融:0
newtaipei,D8F9D922-1183-4E33-B38F-AB07DF09C71D,,新北市102年A2道路交通事故-機車傷亡者與戴用安全帽關係統計,智慧通勤,False,True,True,table,通勤地圖與交通壓力分析,False,2,交通,交通及通訊,,,,新北市政府警察局/新北市政府警察局交通警察大隊/事故處理組,不更新,JSON、CSV、XML,中文,,https://data.ntpc.gov.tw/datasets/d8f9d922-1183-4e33-b38f-ab07df09c71d,本市102年交通事故中機車騎士及乘客受傷人數為24758人，其中佩戴安全帽人數為24597人，比率為99.3%，惟頭戴安全帽並不是生命安全的絕對保證，尚有極大可能而造成身體其他部位之傷害。,,智慧通勤:5; 韌性防災:0; 永續環境:0; 食安健康:0; 勞動福祉:0; 文化共融:0
newtaipei,729169A8-C73F-4BD3-9538-A2A64F3A3AC2,,新北市102年A2道路交通事故-第一當事者使用行動電話分析統計,智慧通勤,False,True,True,table,通勤地圖與交通壓力分析,False,2,交通,交通及通訊,,,,新北市政府警察局/新北市政府警察局交通警察大隊/事故處理組,不更新,JSON、CSV、XML,中文,,https://data.ntpc.gov.tw/datasets/729169a8-c73f-4bd3-9538-a2a64f3a3ac2,新北市102年A2道路交通事故-第一當事者使用行動電話分析統計。,,智慧通勤:5; 韌性防災:0; 永續環境:0; 食安健康:0; 勞動福祉:0; 文化共融:0
newtaipei,12035857-9E64-4ECC-AE6A-6F0D8AA940F4,,新北市102年A2道路交通事故-駕駛人年齡分布統計,智慧通勤,False,True,True,table,通勤地圖與交通壓力分析,False,2,交通,交通及通訊,,,,新北市政府警察局/新北市政府警察局交通警察大隊/事故處理組,不更新,JSON、CSV、XML,中文,,https://data.ntpc.gov.tw/datasets/12035857-9e64-4ecc-ae6a-6f0d8aa940f4,新北市102年A2道路交通事故-駕駛人年齡分布統計。,,智慧通勤:5; 韌性防災:0; 永續環境:0; 食安健康:0; 勞動福祉:0; 文化共融:0
newtaipei,5C4970D0-C112-42FB-899A-2BD237BD4FFE,,新北市103年A1道路交通事故-未滿12歲兒童統計,智慧通勤,False,True,True,table,通勤地圖與交通壓力分析,False,2,交通,交通及通訊,,,,新北市政府警察局/新北市政府警察局交通警察大隊/事故處理組,不更新,JSON、CSV、XML,中文,,https://data.ntpc.gov.tw/datasets/5c4970d0-c112-42fb-899a-2bd237bd4ffe,新北市103年A1道路交通事故-未滿12歲兒童統計。,,智慧通勤:5; 韌性防災:0; 永續環境:0; 食安健康:0; 勞動福祉:0; 文化共融:0
newtaipei,08326773-9AC2-4FBB-B674-508C674B1EFD,,新北市103年A1道路交通事故-機車傷亡者與戴用安全帽關係統計,智慧通勤,False,True,True,table,通勤地圖與交通壓力分析,False,2,交通,交通及通訊,,,,新北市政府警察局/新北市政府警察局交通警察大隊/事故處理組,不更新,JSON、CSV、XML,中文,,https://data.ntpc.gov.tw/datasets/08326773-9ac2-4fbb-b674-508c674b1efd,本市103年A1交通事故中機車騎士及乘客之死亡人數為67人、受傷人數為32人，其中佩戴安全帽之死亡人數為64人、受傷人數為31人，比率為95.9%，惟頭戴安全帽並不是生命安全的絕對保證，尚有極大可能而造成身體其他部位之傷害。,,智慧通勤:5; 韌性防災:0; 永續環境:0; 食安健康:0; 勞動福祉:0; 文化共融:0
newtaipei,9BD59A1E-6069-452E-85FB-FC0B7E25D665,,新北市103年A1道路交通事故-死亡年齡與行動狀態統計,智慧通勤,False,True,True,table,通勤地圖與交通壓力分析,False,2,交通,交通及通訊,,,,新北市政府警察局/新北市政府警察局交通警察大隊/事故處理組,不更新,JSON、CSV、XML,中文,,https://data.ntpc.gov.tw/datasets/9bd59a1e-6069-452e-85fb-fc0b7e25d665,新北市103年A1道路交通事故-死亡年齡與行動狀態統計。,,智慧通勤:5; 韌性防災:0; 永續環境:0; 食安健康:0; 勞動福祉:0; 文化共融:0
newtaipei,4906803C-2E66-4B58-8DE1-5E0DC4F5C78C,,新北市103年A1道路交通事故-第一當事者使用行動電話分析統計,智慧通勤,False,True,True,table,通勤地圖與交通壓力分析,False,2,交通,交通及通訊,,,,新北市政府警察局/新北市政府警察局交通警察大隊/事故處理組,不更新,JSON、CSV、XML,中文,,https://data.ntpc.gov.tw/datasets/4906803c-2e66-4b58-8de1-5e0dc4f5c78c,新北市103年A1道路交通事故-第一當事者使用行動電話分析統計。,,智慧通勤:5; 韌性防災:0; 永續環境:0; 食安健康:0; 勞動福祉:0; 文化共融:0
newtaipei,8867A709-6F49-4482-97BF-6EC797B9D229,,新北市103年A1道路交通事故-駕駛人年齡分布統計,智慧通勤,False,True,True,table,通勤地圖與交通壓力分析,False,2,交通,交通及通訊,,,,新北市政府警察局/新北市政府警察局交通警察大隊/事故處理組,不更新,JSON、CSV、XML,中文,,https://data.ntpc.gov.tw/datasets/8867a709-6f49-4482-97bf-6ec797b9d229,新北市103年A1道路交通事故-駕駛人年齡分布統計。,,智慧通勤:5; 韌性防災:0; 永續環境:0; 食安健康:0; 勞動福祉:0; 文化共融:0
newtaipei,3E3414FA-1A97-42C7-AB00-6208F0177477,,新北市103年A2道路交通事故-受傷年齡與行動狀態統計,智慧通勤,False,True,True,table,通勤地圖與交通壓力分析,False,2,交通,交通及通訊,,,,新北市政府警察局/新北市政府警察局交通警察大隊/事故處理組,不更新,JSON、CSV、XML,中文,,https://data.ntpc.gov.tw/datasets/3e3414fa-1a97-42c7-ab00-6208f0177477,新北市103年A2道路交通事故-受傷年齡與行動狀態統計。,,智慧通勤:5; 韌性防災:0; 永續環境:0; 食安健康:0; 勞動福祉:0; 文化共融:0
newtaipei,1EB528A0-7CE4-47E9-8FAA-B1B17169B1CA,,新北市103年A2道路交通事故-未滿12歲兒童統計,智慧通勤,False,True,True,table,通勤地圖與交通壓力分析,False,2,交通,交通及通訊,,,,新北市政府警察局/新北市政府警察局交通警察大隊/事故處理組,不更新,JSON、CSV、XML,中文,,https://data.ntpc.gov.tw/datasets/1eb528a0-7ce4-47e9-8faa-b1b17169b1ca,新北市103年A2道路交通事故-未滿12歲兒童統計。,,智慧通勤:5; 韌性防災:0; 永續環境:0; 食安健康:0; 勞動福祉:0; 文化共融:0
newtaipei,99C41CFA-0AA4-48F2-8FB3-42E50315C767,,新北市103年A2道路交通事故-機車傷亡者與戴用安全帽關係統計,智慧通勤,False,True,True,table,通勤地圖與交通壓力分析,False,2,交通,交通及通訊,,,,新北市政府警察局/新北市政府警察局交通警察大隊/事故處理組,不更新,JSON、CSV、XML,中文,,https://data.ntpc.gov.tw/datasets/99c41cfa-0aa4-48f2-8fb3-42e50315c767,本市103年交通事故中機車騎士及乘客受傷人數為30868人，其中佩戴安全帽人數為30668，比率為99.3%，惟頭戴安全帽並不是生命安全的絕對保證，尚有極大可能而造成身體其他部位之傷害。,,智慧通勤:5; 韌性防災:0; 永續環境:0; 食安健康:0; 勞動福祉:0; 文化共融:0
newtaipei,2A8C2BE3-EDF3-4B1A-B415-0C1F1A16B329,,新北市103年A2道路交通事故-第一當事者使用行動電話分析統計,智慧通勤,False,True,True,table,通勤地圖與交通壓力分析,False,2,交通,交通及通訊,,,,新北市政府警察局/新北市政府警察局交通警察大隊/事故處理組,不更新,JSON、CSV、XML,中文,,https://data.ntpc.gov.tw/datasets/2a8c2be3-edf3-4b1a-b415-0c1f1a16b329,新北市103年A2道路交通事故-第一當事者使用行動電話分析統計。,,智慧通勤:5; 韌性防災:0; 永續環境:0; 食安健康:0; 勞動福祉:0; 文化共融:0
newtaipei,D0ED9E9B-CC51-4EE6-BA7B-953133F084EC,,新北市103年A2道路交通事故-駕駛人年齡分布統計,智慧通勤,False,True,True,table,通勤地圖與交通壓力分析,False,2,交通,交通及通訊,,,,新北市政府警察局/新北市政府警察局交通警察大隊/事故處理組,不更新,JSON、CSV、XML,中文,,https://data.ntpc.gov.tw/datasets/d0ed9e9b-cc51-4ee6-ba7b-953133f084ec,新北市103年A2道路交通事故-駕駛人年齡分布統計。,,智慧通勤:5; 韌性防災:0; 永續環境:0; 食安健康:0; 勞動福祉:0; 文化共融:0
newtaipei,62198FE5-C6FF-4D63-B549-6D47819C732E,,新北市104年A1道路交通事故-未滿12歲兒童統計,智慧通勤,False,True,True,table,通勤地圖與交通壓力分析,False,2,交通,交通及通訊,,,,新北市政府警察局/新北市政府警察局交通警察大隊/事故處理組,不更新,JSON、CSV、XML,中文,,https://data.ntpc.gov.tw/datasets/62198fe5-c6ff-4d63-b549-6d47819c732e,新北市104年A1道路交通事故-未滿12歲兒童統計。,,智慧通勤:5; 韌性防災:0; 永續環境:0; 食安健康:0; 勞動福祉:0; 文化共融:0
newtaipei,D99CE44A-DD7B-4803-86C9-1B3EFE67ED49,,新北市104年A1道路交通事故-機車傷亡者與戴用安全帽關係統計,智慧通勤,False,True,True,table,通勤地圖與交通壓力分析,False,2,交通,交通及通訊,,,,新北市政府警察局/新北市政府警察局交通警察大隊/事故處理組,不更新,JSON、CSV、XML,中文,,https://data.ntpc.gov.tw/datasets/d99ce44a-dd7b-4803-86c9-1b3efe67ed49,新北市104年A1道路交通事故-機車傷亡者與戴用安全帽關係統計。,,智慧通勤:5; 韌性防災:0; 永續環境:0; 食安健康:0; 勞動福祉:0; 文化共融:0
newtaipei,973D481F-2762-4198-9612-81527672AC53,,新北市104年A1道路交通事故-死亡年齡與行動狀態統計,智慧通勤,False,True,True,table,通勤地圖與交通壓力分析,False,2,交通,交通及通訊,,,,新北市政府警察局/新北市政府警察局交通警察大隊/事故處理組,不更新,JSON、CSV、XML,中文,,https://data.ntpc.gov.tw/datasets/973d481f-2762-4198-9612-81527672ac53,新北市104年A1道路交通事故-死亡年齡與行動狀態統計。,,智慧通勤:5; 韌性防災:0; 永續環境:0; 食安健康:0; 勞動福祉:0; 文化共融:0
newtaipei,091DC91B-8032-4419-B1BE-F0E311D2CCE3,,新北市104年A1道路交通事故-第一當事者使用行動電話分析統計,智慧通勤,False,True,True,table,通勤地圖與交通壓力分析,False,2,交通,交通及通訊,,,,新北市政府警察局/新北市政府警察局交通警察大隊/事故處理組,不更新,JSON、CSV、XML,中文,,https://data.ntpc.gov.tw/datasets/091dc91b-8032-4419-b1be-f0e311d2cce3,新北市104年A1道路交通事故-第一當事者使用行動電話分析統計。,,智慧通勤:5; 韌性防災:0; 永續環境:0; 食安健康:0; 勞動福祉:0; 文化共融:0
newtaipei,B0D85BB5-FF0E-4F04-AFD0-3EF5D2C1C369,,新北市104年A1道路交通事故-駕駛人年齡分布統計,智慧通勤,False,True,True,table,通勤地圖與交通壓力分析,False,2,交通,交通及通訊,,,,新北市政府警察局/新北市政府警察局交通警察大隊/事故處理組,不更新,JSON、CSV、XML,中文,,https://data.ntpc.gov.tw/datasets/b0d85bb5-ff0e-4f04-afd0-3ef5d2c1c369,新北市104年A1道路交通事故-駕駛人年齡分布統計。,,智慧通勤:5; 韌性防災:0; 永續環境:0; 食安健康:0; 勞動福祉:0; 文化共融:0
newtaipei,DFD0CC35-CD54-4268-BCCA-773240F80FDD,,新北市104年A2道路交通事故-受傷年齡與行動狀態統計,智慧通勤,False,True,True,table,通勤地圖與交通壓力分析,False,2,交通,交通及通訊,,,,新北市政府警察局/新北市政府警察局交通警察大隊/事故處理組,不更新,JSON、CSV、XML,中文,,https://data.ntpc.gov.tw/datasets/dfd0cc35-cd54-4268-bcca-773240f80fdd,新北市104年A2道路交通事故-受傷年齡與行動狀態統計。,,智慧通勤:5; 韌性防災:0; 永續環境:0; 食安健康:0; 勞動福祉:0; 文化共融:0
newtaipei,0CE6CCBB-F30E-4F6B-B21C-B81FC804A077,,新北市104年A2道路交通事故-未滿12歲兒童統計,智慧通勤,False,True,True,table,通勤地圖與交通壓力分析,False,2,交通,交通及通訊,,,,新北市政府警察局/新北市政府警察局交通警察大隊/事故處理組,不更新,JSON、CSV、XML,中文,,https://data.ntpc.gov.tw/datasets/0ce6ccbb-f30e-4f6b-b21c-b81fc804a077,新北市104年A2道路交通事故-未滿12歲兒童統計。,,智慧通勤:5; 韌性防災:0; 永續環境:0; 食安健康:0; 勞動福祉:0; 文化共融:0
newtaipei,87002235-3AF7-4A7A-A8D2-F0C0AC61826A,,新北市104年A2道路交通事故-機車傷亡者與戴用安全帽關係統計,智慧通勤,False,True,True,table,通勤地圖與交通壓力分析,False,2,交通,交通及通訊,,,,新北市政府警察局/新北市政府警察局交通警察大隊/事故處理組,不更新,JSON、CSV、XML,中文,,https://data.ntpc.gov.tw/datasets/87002235-3af7-4a7a-a8d2-f0c0ac61826a,提供新北市104年A2道路交通事故中，機車傷亡者與騎士是否戴用安全帽的統計資訊,,智慧通勤:5; 韌性防災:0; 永續環境:0; 食安健康:0; 勞動福祉:0; 文化共融:0
newtaipei,17EF404C-1B88-48CB-ADE2-EDFB91A5A388,,新北市104年A2道路交通事故-第一當事者使用行動電話分析統計,智慧通勤,False,True,True,table,通勤地圖與交通壓力分析,False,2,交通,交通及通訊,,,,新北市政府警察局/新北市政府警察局交通警察大隊/事故處理組,不更新,JSON、CSV、XML,中文,,https://data.ntpc.gov.tw/datasets/17ef404c-1b88-48cb-ade2-edfb91a5a388,新北市104年A2道路交通事故-第一當事者使用行動電話分析統計。,,智慧通勤:5; 韌性防災:0; 永續環境:0; 食安健康:0; 勞動福祉:0; 文化共融:0
newtaipei,D5F7C829-D246-4992-B598-F4FE807E52A9,,新北市104年A2道路交通事故-駕駛人年齡分布統計,智慧通勤,False,True,True,table,通勤地圖與交通壓力分析,False,2,交通,交通及通訊,,,,新北市政府警察局/新北市政府警察局交通警察大隊/事故處理組,不更新,JSON、CSV、XML,中文,,https://data.ntpc.gov.tw/datasets/d5f7c829-d246-4992-b598-f4fe807e52a9,新北市104年A2道路交通事故-駕駛人年齡分布統計。,,智慧通勤:5; 韌性防災:0; 永續環境:0; 食安健康:0; 勞動福祉:0; 文化共融:0
newtaipei,1946F215-07A4-450E-8A82-0C0F3C30C10B,,新北市105年A1道路交通事故-未滿12歲兒童統計,智慧通勤,False,True,True,table,通勤地圖與交通壓力分析,False,2,交通,交通及通訊,,,,新北市政府警察局/新北市政府警察局交通警察大隊/事故處理組,不更新,JSON、CSV、XML,中文,,https://data.ntpc.gov.tw/datasets/1946f215-07a4-450e-8a82-0c0f3c30c10b,新北市105年A1道路交通事故-未滿12歲兒童統計。,,智慧通勤:5; 韌性防災:0; 永續環境:0; 食安健康:0; 勞動福祉:0; 文化共融:0
newtaipei,9C22926A-AD92-4B6C-BA5D-D75E67A2D42C,,新北市105年A1道路交通事故-機車傷亡者與戴用安全帽關係統計,智慧通勤,False,True,True,table,通勤地圖與交通壓力分析,False,2,交通,交通及通訊,,,,新北市政府警察局/新北市政府警察局交通警察大隊/事故處理組,不更新,JSON、CSV、XML,中文,,https://data.ntpc.gov.tw/datasets/9c22926a-ad92-4b6c-ba5d-d75e67a2d42c,新北市105年A1道路交通事故-機車傷亡者與戴用安全帽關係統計。,,智慧通勤:5; 韌性防災:0; 永續環境:0; 食安健康:0; 勞動福祉:0; 文化共融:0
newtaipei,6B5C5C24-397D-4A90-8DC8-1769160B4BE0,,新北市105年A1道路交通事故-死亡年齡與行動狀態統計,智慧通勤,False,True,True,table,通勤地圖與交通壓力分析,False,2,交通,交通及通訊,,,,新北市政府警察局/新北市政府警察局交通警察大隊/事故處理組,不更新,JSON、CSV、XML,中文,,https://data.ntpc.gov.tw/datasets/6b5c5c24-397d-4a90-8dc8-1769160b4be0,新北市105年A1道路交通事故-死亡年齡與行動狀態統計。,,智慧通勤:5; 韌性防災:0; 永續環境:0; 食安健康:0; 勞動福祉:0; 文化共融:0
newtaipei,7CCD36B5-FC4B-4A61-B165-C47591A4C99D,,新北市105年A1道路交通事故-發生時間與第一當事者酒後駕車肇事分析統計表,智慧通勤,False,True,True,table,通勤地圖與交通壓力分析,False,2,交通,交通及通訊,,,,新北市政府警察局/新北市政府警察局交通警察大隊/事故處理組,不更新,JSON、CSV、XML,中文,,https://data.ntpc.gov.tw/datasets/7ccd36b5-fc4b-4a61-b165-c47591a4c99d,新北市105年A1道路交通事故-發生時間與第一當事者酒後駕車肇事分析統計表。,,智慧通勤:5; 韌性防災:0; 永續環境:0; 食安健康:0; 勞動福祉:0; 文化共融:0
newtaipei,285061B8-8234-44B2-B131-D9435CD517DA,,新北市105年A1道路交通事故-第一當事者使用行動電話分析統計,智慧通勤,False,True,True,table,通勤地圖與交通壓力分析,False,2,交通,交通及通訊,,,,新北市政府警察局/新北市政府警察局交通警察大隊/事故處理組,不更新,JSON、CSV、XML,中文,,https://data.ntpc.gov.tw/datasets/285061b8-8234-44b2-b131-d9435cd517da,新北市105年A1道路交通事故-第一當事者使用行動電話分析統計。,,智慧通勤:5; 韌性防災:0; 永續環境:0; 食安健康:0; 勞動福祉:0; 文化共融:0
newtaipei,0B9A9EF6-C0CE-43E5-8D4A-603FE21F7B67,,新北市105年A1道路交通事故-駕駛人年齡分布統計,智慧通勤,False,True,True,table,通勤地圖與交通壓力分析,False,2,交通,交通及通訊,,,,新北市政府警察局/新北市政府警察局交通警察大隊/事故處理組,不更新,JSON、CSV、XML,中文,,https://data.ntpc.gov.tw/datasets/0b9a9ef6-c0ce-43e5-8d4a-603fe21f7b67,新北市105年A1道路交通事故-駕駛人年齡分布統計。,,智慧通勤:5; 韌性防災:0; 永續環境:0; 食安健康:0; 勞動福祉:0; 文化共融:0
newtaipei,3C400AF2-70F2-443D-89AE-77D053A4D13E,,新北市105年A2道路交通事故-受傷年齡與行動狀態統計,智慧通勤,False,True,True,table,通勤地圖與交通壓力分析,False,2,交通,交通及通訊,,,,新北市政府警察局/新北市政府警察局交通警察大隊/事故處理組,不更新,JSON、CSV、XML,中文,,https://data.ntpc.gov.tw/datasets/3c400af2-70f2-443d-89ae-77d053a4d13e,新北市105年A2道路交通事故-受傷年齡與行動狀態統計。,,智慧通勤:5; 韌性防災:0; 永續環境:0; 食安健康:0; 勞動福祉:0; 文化共融:0
newtaipei,2C491AE1-128A-47F1-A989-3AC13C3C7461,,新北市105年A2道路交通事故-未滿12歲兒童統計,智慧通勤,False,True,True,table,通勤地圖與交通壓力分析,False,2,交通,交通及通訊,,,,新北市政府警察局/新北市政府警察局交通警察大隊/事故處理組,不更新,JSON、CSV、XML,中文,,https://data.ntpc.gov.tw/datasets/2c491ae1-128a-47f1-a989-3ac13c3c7461,新北市105年A2道路交通事故-未滿12歲兒童統計。,,智慧通勤:5; 韌性防災:0; 永續環境:0; 食安健康:0; 勞動福祉:0; 文化共融:0
newtaipei,2C8BAFF2-FFF3-4766-AE13-C7CA17DD0371,,新北市105年A2道路交通事故-機車傷亡者與戴用安全帽關係統計,智慧通勤,False,True,True,table,通勤地圖與交通壓力分析,False,2,交通,交通及通訊,,,,新北市政府警察局/新北市政府警察局交通警察大隊/事故處理組,不更新,JSON、CSV、XML,中文,,https://data.ntpc.gov.tw/datasets/2c8baff2-fff3-4766-ae13-c7ca17dd0371,新北市105年交通事故機車騎士及乘客佩戴安全帽比率約為99.5%，惟頭戴安全帽並不是生命安全的絕對保證，尚有極大可能而造成身體其他部位之傷害。,,智慧通勤:5; 韌性防災:0; 永續環境:0; 食安健康:0; 勞動福祉:0; 文化共融:0
newtaipei,AA9B6FC7-2450-4786-815E-809D2364ABC9,,新北市105年A2道路交通事故-發生時間與第一當事者酒後駕車肇事分析統計表,智慧通勤,False,True,True,table,通勤地圖與交通壓力分析,False,2,交通,交通及通訊,,,,新北市政府警察局/新北市政府警察局交通警察大隊/事故處理組,不更新,JSON、CSV、XML,中文,,https://data.ntpc.gov.tw/datasets/aa9b6fc7-2450-4786-815e-809d2364abc9,新北市105年A2道路交通事故-發生時間與第一當事者酒後駕車肇事分析統計表。,,智慧通勤:5; 韌性防災:0; 永續環境:0; 食安健康:0; 勞動福祉:0; 文化共融:0
newtaipei,377D04CC-96B6-4918-B88D-55DD0350AD22,,新北市105年A2道路交通事故-第一當事者使用行動電話分析統計,智慧通勤,False,True,True,table,通勤地圖與交通壓力分析,False,2,交通,交通及通訊,,,,新北市政府警察局/新北市政府警察局交通警察大隊/事故處理組,不更新,JSON、CSV、XML,中文,,https://data.ntpc.gov.tw/datasets/377d04cc-96b6-4918-b88d-55dd0350ad22,新北市105年A2道路交通事故-第一當事者使用行動電話分析統計。,,智慧通勤:5; 韌性防災:0; 永續環境:0; 食安健康:0; 勞動福祉:0; 文化共融:0
newtaipei,F62670B3-EA31-48D1-B2D9-0373867C9B65,,新北市105年A2道路交通事故-駕駛人年齡分布統計,智慧通勤,False,True,True,table,通勤地圖與交通壓力分析,False,2,交通,交通及通訊,,,,新北市政府警察局/新北市政府警察局交通警察大隊/事故處理組,不更新,JSON、CSV、XML,中文,,https://data.ntpc.gov.tw/datasets/f62670b3-ea31-48d1-b2d9-0373867c9b65,新北市105年A2道路交通事故-駕駛人年齡分布統計。,,智慧通勤:5; 韌性防災:0; 永續環境:0; 食安健康:0; 勞動福祉:0; 文化共融:0
newtaipei,E09B35A5-A738-48CC-B0F5-570B67AD9C78,,新北市公有路外停車場即時賸餘車位數,智慧通勤,False,True,True,table,通勤地圖與交通壓力分析,False,2,交通,交通及通訊,,,,新北市政府交通局/停車管理科/停車管理科第二股,每3分鐘,JSON、CSV、XML,中文,,https://data.ntpc.gov.tw/datasets/e09b35a5-a738-48cc-b0f5-570b67ad9c78, 一、可參考/對應「新北市路外公共停車場資訊」，此靜態資料。  二、本項資料，每3分鐘更新1次。  三、欄位說明：  PARK:某停車場資料  ID:停車場編號  AVAILABLE:停車場目前之剩餘（汽車）車位數；  部分停車場因更換營運廠商，尚無提供即時車位，其顯示數值將為-9。,,智慧通勤:5; 韌性防災:0; 永續環境:0; 食安健康:0; 勞動福祉:0; 文化共融:0
newtaipei,153122FF-1CFA-49F0-B451-50F5ACEB71D9,,新北市婦幼停車位,智慧通勤,False,True,True,table,通勤地圖與交通壓力分析,False,2,交通,交通及通訊,,,,新北市政府交通局/停車管理科,每年,JSON、CSV、XML,中文,,https://data.ntpc.gov.tw/datasets/153122ff-1cfa-49f0-b451-50f5aceb71d9,孕婦及育有六歲以下兒童者之停車位,,智慧通勤:5; 韌性防災:0; 永續環境:0; 食安健康:0; 勞動福祉:0; 文化共融:0
newtaipei,54A507C4-C038-41B5-BF60-BBECB9D052C6,,新北市路邊停車空位查詢,智慧通勤,False,True,True,table,通勤地圖與交通壓力分析,False,2,交通,交通及通訊,,,,新北市政府交通局/停車營運科/停車營運科第二股,每2分鐘,JSON、CSV、XML,中文,,https://data.ntpc.gov.tw/datasets/54a507c4-c038-41b5-bf60-bbecb9d052c6,提供新北市路邊停車位即時車格狀態,,智慧通勤:5; 韌性防災:0; 永續環境:0; 食安健康:0; 勞動福祉:0; 文化共融:0
newtaipei,76CC13DF-C199-41D9-9067-F491FE7EDC14,,新北市車輛行車事故鑑定分類統計,智慧通勤,False,True,True,table,通勤地圖與交通壓力分析,False,2,交通,交通及通訊,,,,新北市政府交通局/新北市政府交通事件裁決處/肇事鑑定課,每季,JSON、CSV、XML,中文,,https://data.ntpc.gov.tw/datasets/76cc13df-c199-41d9-9067-f491fe7edc14,一、本資料為新北市車輛行車事故鑑定案件依申請方式分類之統計。二、本項資料，每季更新1次。,,智慧通勤:4; 韌性防災:0; 永續環境:0; 食安健康:0; 勞動福祉:0; 文化共融:0
newtaipei,3CAA93A5-EAC9-4068-8DA3-BA3A64A1A6E4,,新北市車輛行車事故鑑定覆議情形,智慧通勤,False,True,False,table,通勤地圖與交通壓力分析,True,2,交通,交通及通訊,,,,新北市政府交通局/交通安全科/交通安全科第一股,每年,JSON、CSV、XML,中文,,https://data.ntpc.gov.tw/datasets/3caa93a5-eac9-4068-8da3-ba3a64a1a6e4,新北市車輛行車事故鑑定覆議情形。,,智慧通勤:4; 韌性防災:0; 永續環境:0; 食安健康:0; 勞動福祉:0; 文化共融:0
newtaipei,274194BF-B16B-43BF-BE93-F418B00B5505,,每年新北市A1交通事故原因及死傷人數,智慧通勤,False,True,True,table,通勤地圖與交通壓力分析,False,2,交通,交通及通訊,,,,新北市政府警察局/新北市政府警察局交通警察大隊/事故處理組,不更新,JSON、CSV、XML,中文,,https://data.ntpc.gov.tw/datasets/274194bf-b16b-43bf-be93-f418b00b5505,"一、統計範圍及對象：凡於新北市區內道路上發生之交通事故，為統計範圍及對象。(一)必須因汽機車或動力機械行駛而引起之事故。
(二)必須發生於道路上之事故。
(三)必須為有人亡。（即符合道路交通事故調查報告A1類應報署條件者）
二、統計標準時間：以每月1日至月底所發生之事實為準。
三、分類標準：按肇事原因、死傷人數分類。	
四、統計科目定義：
(一)道路交通事故：依「道路交通事故處理辦法」第2條規定，係指因汽機車或動力機械在道路上行駛，致有人死亡、受傷或車輛、財物損失之事故。
(二)道路：指公道、街道、巷弄、廣場、騎樓、走廊、或其他供公眾通行之地方。
(三)肇事原因之數據，以第一當事者為統計標準。
(四)發生件數：按A1類之定義計算發生件數。即A1類之死亡案件。	
(五)死亡人數：A1類之死亡人數。
(六)受傷人數：按A1類死亡發生案件歸類後，計算受傷人數。
五、資料蒐集方法及編製程序：由本局交通分隊將當月填寫之道路交通事故調查報告表，報送本局交通大隊彙編。並根據該調查報告表按分局別將當月資料彙編本表。",,智慧通勤:5; 韌性防災:0; 永續環境:0; 食安健康:0; 勞動福祉:0; 文化共融:0
newtaipei,ECEF6450-081D-4EFB-8757-E02D095ADE36,,每年新北市A1交通事故時間別,智慧通勤,False,True,True,table,通勤地圖與交通壓力分析,False,2,交通,交通及通訊,,,,新北市政府警察局/新北市政府警察局交通警察大隊/事故處理組,不更新,JSON、CSV、XML,中文,,https://data.ntpc.gov.tw/datasets/ecef6450-081d-4efb-8757-e02d095ade36,"一、統計範圍及對象：凡於臺北市區內道路上發生之交通事故，為統計範圍及對象。(一)必須因汽機車或動力機械行駛而引起之事故。			
(二)必須發生於道路上之事故。
(三)必須為有人亡。（即符合道路交通事故調查報告A1類應報署條件者）	
二、統計標準時間：以每年所發生之事實為準。		
三、分類標準：按道路類別及道路型態分類。
四、有關法令規章：			
(一)道路交通事故：依「道路交通事故處理辦法」第2條規定，係指因汽機車或動力機械在道路上行駛，致有人死亡、受傷或車輛、財物損失之事故。
(二)道路：指公道、街道、巷弄、廣場、騎樓、走廊、或其他供公眾通行之地方。
(三)道路類別及道路型態係以第一當事者為統計標準。
(四)專用道路指各種產業專用之道路。（如事故發生於2種以上不同類別的道路上時，以第一當事者所行駛之道路為主）。	
(五)道路交通事故不包括鐵路（火車）本身之事故，但火車與汽機車或動力機械所發生之車禍則計算在內，稱平交道事故。	
五、資料蒐集方法及編製程序：由本局交通分隊將當月填寫之道路交通事故調查報告表，報送本局交通大隊彙編。並根據該調查報告表按分局別將當月資料彙編本表",,智慧通勤:5; 韌性防災:0; 永續環境:0; 食安健康:0; 勞動福祉:0; 文化共融:0
newtaipei,041FBDA5-2FA7-4AF8-AB37-3D9A3CFEBCDF,,每年新北市A1交通事故道路類別及道路型態別,智慧通勤,False,True,True,table,通勤地圖與交通壓力分析,False,2,交通,交通及通訊,,,,新北市政府警察局/新北市政府警察局交通警察大隊/事故處理組,不更新,JSON、CSV、XML,中文,,https://data.ntpc.gov.tw/datasets/041fbda5-2fa7-4af8-ab37-3d9a3cfebcdf,"一、統計範圍及對象：凡於新北市區內道路上發生之交通事故，為統計範圍及對象。
(一)必須因汽機車或動力機械行駛而引起之事故。
(二)必須發生於道路上之事故。
(三)必須為有人亡。（即符合道路交通事故調查報告A1類應報署條件者）
二、統計標準時間：以每月1日至月底所發生之事實為準。
三、分類標準：按道路類別及道路型態分類。
四、有關法令規章：
(一)道路交通事故：依「道路交通事故處理辦法」第2條規定，係指因汽機車或動力機械在道路上行駛，致有人死亡、受傷或車輛、財物損失之事故。
(二)道路：指公道、街道、巷弄、廣場、騎樓、走廊、或其他供公眾通行之地方。
(三)道路類別及道路型態係以第一當事者為統計標準。
(四)專用道路指各種產業專用之道路。（如事故發生於2種以上不同類別的道路上時，以第一當事者所行駛之道路為主）。(五)道路交通事故不包括鐵路（火車）本身之事故，但火車與汽機車或動力機械所發生之車禍則計算在內，稱平交道事故。	
五、資料蒐集方法及編製程序：由本局交通分隊將當月填寫之道路交通事故調查報告表，報送本局交通大隊彙編。並根據該調查報告表按分局別將當月資料彙編本表",,智慧通勤:5; 韌性防災:0; 永續環境:0; 食安健康:0; 勞動福祉:0; 文化共融:0
newtaipei,1FD1C205-F0DD-4EE4-87D1-218E007BCD1C,,每年新北市A1道路交通事故車種別,智慧通勤,False,True,True,table,通勤地圖與交通壓力分析,False,2,交通,交通及通訊,,,,新北市政府警察局/新北市政府警察局交通警察大隊/事故處理組,不更新,JSON、CSV、XML,中文,,https://data.ntpc.gov.tw/datasets/1fd1c205-f0dd-4ee4-87d1-218e007bcd1c,"一、本表統計係A1類(死亡)交通事故案件。
二、本表統計不含本市轄內鐵路行車事故。				
",,智慧通勤:5; 韌性防災:0; 永續環境:0; 食安健康:0; 勞動福祉:0; 文化共融:0
newtaipei,2CE0F2FB-03D0-498F-A335-5B1AB99AF2C1,,每年新北市A2交通事故原因及死傷人數,智慧通勤,False,True,True,table,通勤地圖與交通壓力分析,False,2,交通,交通及通訊,,,,新北市政府警察局/新北市政府警察局交通警察大隊/事故處理組,不更新,JSON、CSV、XML,中文,,https://data.ntpc.gov.tw/datasets/2ce0f2fb-03d0-498f-a335-5b1ab99af2c1,"一、統計範圍及對象：凡於新北市區內道路上發生之交通事故，為統計範圍及對象。(一)必須因汽機車或動力機械行駛而引起之事故。
(二)必須發生於道路上之事故。
(三)非死亡。（即符合道路交通事故調查報告A2）
二、統計標準時間：以每年所發生之事實為準。			
三、分類標準：按肇事原因、死傷人數分類。	
四、統計科目定義：
(一)道路交通事故：依「道路交通事故處理辦法」第2條規定，係指因汽機車或動力機械在道路上行駛，致有人死亡、受傷或車輛、財物損失之事故。
(二)道路：指公道、街道、巷弄、廣場、騎樓、走廊、或其他供公眾通行之地方。
(三)肇事原因之數據，以第一當事者為統計標準。
(四)發生件數：按A2類之定義計算發生件數。即A2類非死亡案件。
(五)死亡人數：A1類之死亡人數。
(六)受傷人數：按A1類死亡發生案件歸類後，計算受傷人數。
五、資料蒐集方法及編製程序：由本局交通分隊將當月填寫之道路交通事故調查報告表，報送本局交通大隊彙編。並根據該調查報告表按分局別將當月資料彙編本表。",,智慧通勤:5; 韌性防災:0; 永續環境:0; 食安健康:0; 勞動福祉:0; 文化共融:0
newtaipei,463DE692-DA82-4F22-9F92-A8B95F094B0A,,每年新北市A2交通事故時間別,智慧通勤,False,True,True,table,通勤地圖與交通壓力分析,False,2,交通,交通及通訊,,,,新北市政府警察局/新北市政府警察局交通警察大隊/事故處理組,不更新,JSON、CSV、XML,中文,,https://data.ntpc.gov.tw/datasets/463de692-da82-4f22-9f92-a8b95f094b0a,"一、統計範圍及對象：凡於臺北市區內道路上發生之交通事故，為統計範圍及對象。	
(一)必須因汽機車或動力機械行駛而引起之事故。			
(二)必須發生於道路上之事故。	
(三)非死亡。（即符合道路交通事故調查報告A2類）
二、統計標準時間：以每年所發生之事實為準。		
三、分類標準：按道路類別及道路型態分類。
四、有關法令規章：	
(一)道路交通事故：依「道路交通事故處理辦法」第2條規定，係指因汽機車或動力機械在道路上行駛，致有人死亡、受傷或車輛、財物損失之事故。
(二)道路：指公道、街道、巷弄、廣場、騎樓、走廊、或其他供公眾通行之地方。	
(三)道路類別及道路型態係以第一當事者為統計標準。			
(四)專用道路指各種產業專用之道路。（如事故發生於2種以上不同類別的道路上時，以第一當事者所行駛之道路為主）。
(五)道路交通事故不包括鐵路（火車）本身之事故，但火車與汽機車或動力機械所發生之車禍則計算在內，稱平交道事故。
五、資料蒐集方法及編製程序：由本局交通分隊將當月填寫之道路交通事故調查報告表，報送本局交通大隊彙編。並根據該調查報告表按分局別將當月資料彙編本表",,智慧通勤:5; 韌性防災:0; 永續環境:0; 食安健康:0; 勞動福祉:0; 文化共融:0
newtaipei,939B7D48-CB1D-4513-9BC7-F6B5C5B25B08,,每年新北市A2交通事故道路類別及道路型態別,智慧通勤,False,True,True,table,通勤地圖與交通壓力分析,False,2,交通,交通及通訊,,,,新北市政府警察局/新北市政府警察局交通警察大隊/事故處理組,不更新,JSON、CSV、XML,中文,,https://data.ntpc.gov.tw/datasets/939b7d48-cb1d-4513-9bc7-f6b5c5b25b08," 一、統計範圍及對象：凡於新北市區內道路上發生之交通事故，為統計範圍及對象。(一)必須因汽機車或動力機械行駛而引起之事故。	
(二)必須發生於道路上之事故。
(三)非死人案件。（即符合道路交通事故調查報告A2）	
二、統計標準時間：每年所發生之事實為準。
三、分類標準：按道路類別及道路型態分類。				
四、有關法令規章：
(一)道路交通事故：依「道路交通事故處理辦法」第2條規定，係指因汽機車或動力機械在道路上行駛，致有人死亡、受傷或車輛、財物損失之事故。
(二)道路：指公道、街道、巷弄、廣場、騎樓、走廊、或其他供公眾通行之地方。
(三)道路類別及道路型態係以第一當事者為統計標準。
(四)專用道路指各種產業專用之道路。（如事故發生於2種以上不同類別的道路上時，以第一當事者所行駛之道路為主）。
(五)道路交通事故不包括鐵路（火車）本身之事故，但火車與汽機車或動力機械所發生之車禍則計算在內，稱平交道事故。五、資料蒐集方法及編製程序：由本局交通分隊將當月填寫之道路交通事故調查報告表，報送本局交通大隊彙編。並根據該調查報告表按分局別將當月資料彙編本表",,智慧通勤:5; 韌性防災:0; 永續環境:0; 食安健康:0; 勞動福祉:0; 文化共融:0
newtaipei,25706923-2EEC-4DBB-9520-3890BA35900B,,每年新北市A2道路交通事故車種別,智慧通勤,False,True,True,table,通勤地圖與交通壓力分析,False,2,交通,交通及通訊,,,,新北市政府警察局/新北市政府警察局交通警察大隊/事故處理組,不更新,JSON、CSV、XML,中文,,https://data.ntpc.gov.tw/datasets/25706923-2eec-4dbb-9520-3890ba35900b,"一、本表統計係A2類交通事故案件。
二、本表統計不含本市轄內鐵路行車事故。			
",,智慧通勤:5; 韌性防災:0; 永續環境:0; 食安健康:0; 勞動福祉:0; 文化共融:0
newtaipei,42DBA8D0-1A44-48A3-9382-A864497A64FC,,每月新北市A1類道路交通事故-道路型態別,智慧通勤,False,True,True,table,通勤地圖與交通壓力分析,False,2,交通,交通及通訊,,,,新北市政府警察局/新北市政府警察局交通警察大隊/事故處理組,每月,JSON、CSV、XML,中文,,https://data.ntpc.gov.tw/datasets/42dba8d0-1a44-48a3-9382-a864497a64fc,"一、統計範圍及對象：凡於新北市區內道路上發生之交通事故，為統計範圍及對象。(一)必須因汽機車或動力機械行駛而引起之事故。
(二)必須發生於道路上之事故。
(三)必須為有人亡。（即符合道路交通事故調查報告A1類應報署條件者）
二、統計標準時間：以每月1日至月底所發生之事實為準。
三、分類標準：按道路類別及道路型態分類。
四、有關法令規章：	
(一)道路交通事故：依「道路交通事故處理辦法」第2條規定，係指因汽機車或動力機械在道路上行駛，致有人死亡、受傷或車輛、財物損失之事故。
(二)道路：指公道、街道、巷弄、廣場、騎樓、走廊、或其他供公眾通行之地方。
(三)道路類別及道路型態係以第一當事者為統計標準。
(四)專用道路指各種產業專用之道路。（如事故發生於2種以上不同類別的道路上時，以第一當事者所行駛之道路為主）。
(五)道路交通事故不包括鐵路（火車）本身之事故，但火車與汽機車或動力機械所發生之車禍則計算在內，稱平交道事故。	
五、資料蒐集方法及編製程序：由本局交通分隊將當月填寫之道路交通事故調查報告表，報送本局交通大隊彙編。
       並根據該調查報告表按分局別將當月資料彙編本表""											
",,智慧通勤:5; 韌性防災:0; 永續環境:0; 食安健康:0; 勞動福祉:0; 文化共融:0
newtaipei,3D8BF787-F435-4C26-A50F-762A4FC112A5,,每月新北市A1類道路交通事故-道路類別,智慧通勤,False,True,True,table,通勤地圖與交通壓力分析,False,2,交通,交通及通訊,,,,新北市政府警察局/新北市政府警察局交通警察大隊/事故處理組,每月,JSON、CSV、XML,中文,,https://data.ntpc.gov.tw/datasets/3d8bf787-f435-4c26-a50f-762a4fc112a5,"一、統計範圍及對象：凡於新北市區內道路上發生之交通事故，為統計範圍及對象。	
(一)必須因汽機車或動力機械行駛而引起之事故。
(二)必須發生於道路上之事故。
(三)必須為有人亡。（即符合道路交通事故調查報告A1類應報署條件者）
二、統計標準時間：以每月1日至月底所發生之事實為準。
三、分類標準：按道路類別及道路型態分類。			
四、有關法令規章：
(一)道路交通事故：依「道路交通事故處理辦法」第2條規定，係指因汽機車或動力機械在道路上行駛，致有人死亡、受傷或車輛、財物損失之事故。
(二)道路：指公道、街道、巷弄、廣場、騎樓、走廊、或其他供公眾通行之地方。
(三)道路類別及道路型態係以第一當事者為統計標準。
(四)專用道路指各種產業專用之道路。（如事故發生於2種以上不同類別的道路上時，以第一當事者所行駛之道路為主）。	
(五)道路交通事故不包括鐵路（火車）本身之事故，但火車與汽機車或動力機械所發生之車禍則計算在內，稱平交道事故。
五、資料蒐集方法及編製程序：由本局交通分隊將當月填寫之道路交通事故調查報告表，報送本局交通大隊彙編。並根據該調查報告表按分局別將當月資料彙編本表",,智慧通勤:5; 韌性防災:0; 永續環境:0; 食安健康:0; 勞動福祉:0; 文化共融:0
newtaipei,96AA9966-73B0-445E-A82D-BEBAADC51973,,每月新北市A1類道路交通事故－乘坐車種及死傷人數,智慧通勤,False,True,True,table,通勤地圖與交通壓力分析,False,2,交通,交通及通訊,,,,新北市政府警察局/新北市政府警察局交通警察大隊/事故處理組,每月,JSON、CSV、XML,中文,,https://data.ntpc.gov.tw/datasets/96aa9966-73b0-445e-a82d-bebaadc51973,"1.本表統計新北市區A1類死亡車禍案件。
2.案件統計不含本市轄內鐵路行車事故。	",,智慧通勤:5; 韌性防災:0; 永續環境:0; 食安健康:0; 勞動福祉:0; 文化共融:0
newtaipei,FFA7DDCD-6B99-4268-A4B0-E35D8542FF45,,每月新北市A1類道路交通事故－原因及傷亡,智慧通勤,False,True,True,table,通勤地圖與交通壓力分析,False,2,交通,交通及通訊,,,,新北市政府警察局/新北市政府警察局交通警察大隊/事故處理組,每月,JSON、CSV、XML,中文,,https://data.ntpc.gov.tw/datasets/ffa7ddcd-6b99-4268-a4b0-e35d8542ff45,"一、統計範圍及對象：凡於新北市區內道路上發生之交通事故，為統計範圍及對象。(一)必須因汽機車或動力機械行駛而引起之事故。	
(二)必須發生於道路上之事故。
(三)必須為有人亡。（即符合道路交通事故調查報告A1類應報署條件者）	
二、統計標準時間：以每月1日至月底所發生之事實為準。
三、分類標準：按肇事原因、死傷人數分類。		
四、統計科目定義：	(一)道路交通事故：依「道路交通事故處理辦法」第2條規定，係指因汽機車或動力機械在道路上行駛，致有人死亡、受傷或車輛、財物損失之事故。	
(二)道路：指公道、街道、巷弄、廣場、騎樓、走廊、或其他供公眾通行之地方。	
(三)肇事原因之數據，以第一當事者為統計標準。
(四)發生件數：按A1類之定義計算發生件數。即A1類之死亡案件。	
(五)死亡人數：A1類之死亡人數。	
(六)受傷人數：按A1類死亡發生案件歸類後，計算受傷人數。
五、資料蒐集方法及編製程序：由本局交通分隊將當月填寫之道路交通事故調查報告表，報送本局交通大隊彙編。並根據該調查報告表按分局別將當月資料彙編本表。",,智慧通勤:5; 韌性防災:0; 永續環境:0; 食安健康:0; 勞動福祉:0; 文化共融:0
newtaipei,5992155D-41DD-4466-98F3-CA2463835999,,每月新北市A1類道路交通事故－肇事時間別,智慧通勤,False,True,True,table,通勤地圖與交通壓力分析,False,2,交通,交通及通訊,,,,新北市政府警察局/新北市政府警察局交通警察大隊/事故處理組,每月,JSON、CSV、XML,中文,,https://data.ntpc.gov.tw/datasets/5992155d-41dd-4466-98f3-ca2463835999,"一、統計範圍及對象：凡於臺北市區內道路上發生之交通事故，為統計範圍及對象。
(一)必須因汽機車或動力機械行駛而引起之事故。
(二)必須發生於道路上之事故。
(三)必須為有人亡。（即符合道路交通事故調查報告A1類應報署條件者）
二、統計標準時間：以每月1日至年底所發生之事實為準。
三、分類標準：按道路類別及道路型態分類。			
四、有關法令規章：	
(一)道路交通事故：依「道路交通事故處理辦法」第2條規定，係指因汽機車或動力機械在道路上行駛，致有人死亡、受傷或車輛、財物損失之事故。
(二)道路：指公道、街道、巷弄、廣場、騎樓、走廊、或其他供公眾通行之地方。
(三)道路類別及道路型態係以第一當事者為統計標準。
(四)專用道路指各種產業專用之道路。（如事故發生於2種以上不同類別的道路上時，以第一當事者所行駛之道路為主）。
(五)道路交通事故不包括鐵路（火車）本身之事故，但火車與汽機車或動力機械所發生之車禍則計算在內，稱平交道事故。
五、資料蒐集方法及編製程序：由本局交通分隊將當月填寫之道路交通事故調查報告表，報送本局交通大隊彙編。並根據該調查報告表按分局別將當月資料彙編本表",,智慧通勤:5; 韌性防災:0; 永續環境:0; 食安健康:0; 勞動福祉:0; 文化共融:0
newtaipei,0D1DF0FD-D3C6-4438-8C4C-C2AFDB98B31A,,每月新北市A1類道路交通事故－肇事者,智慧通勤,False,True,True,table,通勤地圖與交通壓力分析,False,2,交通,交通及通訊,,,,新北市政府警察局/新北市政府警察局交通警察大隊/事故處理組,每月,JSON、CSV、XML,中文,,https://data.ntpc.gov.tw/datasets/0d1df0fd-d3c6-4438-8c4c-c2afdb98b31a,"一、統計範圍及對象：凡於新北市區內道路上發生之交通事故（不含本市轄內鐵路行車事故），為統計範圍及對象。
　　(一)必須因汽機車或動力機械行駛而引起之事故。
　　(二)必須發生於道路上之事故。	
　　(三)必須為有人亡。（即符合道路交通事故調查報告A1類應報署條件者）	
二、統計標準時間：以每月1日至月底所發生之事實為準。			
三、分類標準：按死亡受傷人數及道路交通事故A1分類。		
四、有關法令規章：			
　　(一)道路交通事故：依「道路交通管理處罰條例」第二條規定，係指因汽機車或動力機械在道路上行駛，致有人死亡、受傷或車輛、財物損失之事故。	
　　(二)道路：指公道、街道、巷弄、廣場、騎樓、走廊、或其他供公眾通行之地方。		
　　(三)肇事原因之數據，以第一當事者為統計標準。
　　(四)發生件數：按A1類之定義計算發生件數。即A1類之死亡案件。
　　(五)肇事者係依列管交通事故案件第一當事人性別統計。
　　(六)受害者係依列管交通事故案件死亡或受傷當事人性別統計。
　　(七)死亡人數：A1類之死亡人數。
　　(八)受傷人數：按A1類死亡發生案件歸類後，計算受傷人數。
五、資料蒐集方法及編製程序：由新北市政府警察局各交通分隊將當月填寫之道路交通事故調查報告表，報送本局交通警察大隊彙編。並根據該調查報告表按分局別將當月資料彙編本表。",,智慧通勤:5; 韌性防災:0; 永續環境:0; 食安健康:0; 勞動福祉:0; 文化共融:0
newtaipei,8A32C6B5-46FC-4FAC-B3A4-317B9998BFD7,,犯罪資料,智慧通勤,False,True,True,table,通勤地圖與交通壓力分析,False,2,治安,生活安全及品質,,,,新北市政府警察局/新北市政府警察局刑事警察大隊/科技犯罪偵查專責組,每季,JSON、CSV、XML,中文,,https://data.ntpc.gov.tw/datasets/8a32c6b5-46fc-4fac-b3a4-317b9998bfd7,提供住宅竊盜、汽車竊盜、機車竊盜、自行車等案類犯罪受理資料(本資料為內政部警政署每季初步統計提供，僅供參考，正確統計數字仍以內政部警政署年度刑案統計資料為準)。,,智慧通勤:1; 韌性防災:0; 永續環境:0; 食安健康:0; 勞動福祉:0; 文化共融:0
taipei,25da6e50-a955-4281-93be-921b4ff75e28,00004008,YouBike臺北市權利金與補助支出,智慧通勤,False,True,True,table,通勤地圖與交通壓力分析,False,2,交通,交通及通訊,原始資料,交通局,,交通局,每1年,CSV,中文,2021-09-23T00:00:00,/api/dataset/25da6e50-a955-4281-93be-921b4ff75e28/resource/d7e08b79-ee74-40e4-9937-4fe506afdf58/download,提供YouBike權利金與補助支出，檔案格式為csv檔,民國年、西元年、發布機關名稱、機關代碼、權利金、金額,智慧通勤:4; 韌性防災:0; 永續環境:0; 食安健康:0; 勞動福祉:1; 文化共融:0
taipei,7244c2ea-1cab-4c1f-8620-16cc1913b6bb,00003024,中華郵政股份有限公司臺北市收寄投遞郵件數,智慧通勤,False,True,True,table,通勤地圖與交通壓力分析,False,2,統計,交通及通訊,原始資料,主計處,,主計處,每1年,CSV,中文,2022-03-18T00:00:00,https://tsis.dbas.gov.taipei/statis/webMain.aspx?sys=220&ymf=5700&kind=21&type=0&funid=a05024601&cycle=4&outmode=12&compmode=0&outkind=1&deflst=2&nzo=1,"中華郵政股份有限公司臺北市收寄投遞郵件數時間數列統計資料
",統計期、收寄郵件數/ 總計、收寄郵件數/ 函件/合計、收寄郵件數/ 函件/平信/計、收寄郵件數/ 函件/平信/水陸路、收寄郵件數/ 函件/平信/航空、收寄郵件數/ 函件/特種、收寄郵件數/ 包裹、投遞郵件數/ 總計、投遞郵件數/ 函件/合計、投遞郵件數/ 函件/平信/計、投遞郵件數/ 函件/平信/水陸路、投遞郵件數/ 函件/平信/航空、投遞郵件數/ 函件/特種、投遞郵件數/ 包裹,智慧通勤:1; 韌性防災:0; 永續環境:0; 食安健康:0; 勞動福祉:0; 文化共融:0
taipei,eb68ed8f-38c7-4027-a54a-8c5bb6061bde,00003023,中華郵政股份有限公司臺北市郵政機構及設備,智慧通勤,False,True,True,table,通勤地圖與交通壓力分析,False,2,統計,交通及通訊,原始資料,主計處,,主計處,每1年,CSV,中文,2022-03-18T00:00:00,https://tsis.dbas.gov.taipei/statis/webMain.aspx?sys=220&ymf=5700&kind=21&type=0&funid=a05024501&cycle=4&outmode=12&compmode=0&outkind=3&deflst=2&nzo=1,"中華郵政股份有限公司臺北市郵政機構及設備時間數列統計資料
",統計期、機構數/總計、機構數/管理機構/合計、機構數/管理機構/總公司、機構數/管理機構/責任中心、機構數/自辦業務機構/合計、機構數/自辦業務機構/特等局、機構數/自辦業務機構/一等局、機構數/自辦業務機構/二等局、機構數/自辦業務機構/郵件處理中心、機構數/自辦業務機構/支局、機構數/自辦業務機構/郵亭、機構數/自辦業務機構/汽車行動郵局、機構數/委辦業務機構/合計、機構數/委辦業務機構/郵政代辦所、機構數/委辦業務機構/郵票代售處、設備數/運郵車輛/汽車、設備數/運郵車輛/機器腳踏車、設備數/運郵車輛/腳踏車、設備數/運郵車輛/電動機車、設備數/郵筒、設備數/信箱、設備數/出租專用信箱,智慧通勤:1; 韌性防災:0; 永續環境:0; 食安健康:0; 勞動福祉:0; 文化共融:0
taipei,6e93fe44-8ba7-4980-bf9b-a19cf4d16a79,00000636,小型復康巴士電話訂車統計數據,智慧通勤,False,True,True,table,通勤地圖與交通壓力分析,False,2,交通,交通及通訊,原始資料,交通局,公運處,交通局公運處,不定期更新,CSV,中文,2015-07-31T00:00:00,/api/dataset/6e93fe44-8ba7-4980-bf9b-a19cf4d16a79/resource/5761ba6d-b1c7-4597-93a2-bae328c41ce5/download,臺北市小型復康巴士電話訂車統計數據,序號(序號)、年月(年度月份)、級別(級別)、成功率(百分比)、失敗率(百分比),智慧通勤:3; 韌性防災:0; 永續環境:0; 食安健康:0; 勞動福祉:0; 文化共融:0
taipei,e9f28620-ab9f-40ca-90bc-6836bc28077d,00002361,工商及服務業普查臺北市概況(65年至75年),智慧通勤,False,True,True,table,通勤地圖與交通壓力分析,False,2,統計,公共資訊,原始資料,主計處,,主計處,每5年,CSV,中文,2020-10-15T00:00:00,https://tsis.dbas.gov.taipei/statis/webMain.aspx?sys=220&ymf=6500&ymt=7500&kind=21&type=0&funid=a05012402&cycle=4&outmode=12&compmode=0&outkind=1&deflst=2&nzo=1,工商及服務業普查臺北市概況(65年至75年)時間數列統計資料,"統計期、年底企業單位數/總計[家]、年底企業單位數/礦業及土石採取業[家]、年底企業單位數/製造業[家]、年底企業單位數/營造業[家]、年底企業單位數/商業[家]、年底企業單位數/運輸倉儲及通信業[家]、年底企業單位數/服務業[家]、年底企業單位數/水電燃氣業[家]、年底場所單位數/總計[家]、年底場所單位數/礦業及土石採取業[家]、年底場所單位數/製造業[家]、年底場所單位數/營造業[家]、年底場所單位數/商業[家]、年底場所單位數/運輸倉儲及通信業[家]、年底場所單位數/服務業[家]、年底場所單位數/水電燃氣業[家]、年底企業單位員工人數/總計[人]、年底企業單位員工人數/礦業及土石採取業[人]、年底企業單位員工人數/製造業[人]、年底企業單位員工人數/營造業[人]、年底企業單位員工人數/商業[人]、年底企業單位員工人數/運輸倉儲及通信業[人]、年底企業單位員工人數/服務業[人]、年底企業單位員工人數/水電燃氣業[人]、年底場所單位員工人數/總計[人]、年底場所單位員工人數/礦業及土石採取業[人]、年底場所單位員工人數/製造業[人]、年底場所單位員工人數/營造業[人]、年底場所單位員工人數/商業[人]、年底場所單位員工人數/運輸倉儲及通信業[人]、年底場所單位員工人數/服務業[人]、年底場所單位員工人數/水電燃氣業[人]、全年勞動報酬支出/總計[百萬元]、全年勞動報酬支出/礦業及土石採取業[百萬元]、全年勞動報酬支出/製造業[百萬元]、全年勞動報酬支出/營造業[百萬元]、全年勞動報酬支出/商業[百萬元]、全年勞動報酬支出/運輸倉儲及通信業[百萬元]、全年勞動報酬支出/服務業[百萬元]、全年勞動報酬支出/水電燃氣業[百萬元]、年底實際使用動力,馬力匹數/總計[匹]、年底實際使用動力,馬力匹數/礦業及土石採取業[匹]、年底實際使用動力,馬力匹數/製造業[匹]、年底實際使用動力,馬力匹數/營造業[匹]、年底實際使用動力,馬力匹數/商業[匹]、年底實際使用動力,馬力匹數/運輸倉儲及通信業[匹]、年底實際使用動力,馬力匹數/服務業[匹]、年底實際使用動力,馬力匹數/水電燃氣業[匹]、全年生產總值/總計[百萬元]、全年生產總值/礦業及土石採取業[百萬元]、全年生產總值/製造業[百萬元]、全年生產總值/營造業[百萬元]、全年生產總值/商業[百萬元]、全年生產總值/運輸倉儲及通信業[百萬元]、全年生產總值/服務業[百萬元]、全年生產總值/水電燃氣業[百萬元]",智慧通勤:1; 韌性防災:0; 永續環境:0; 食安健康:0; 勞動福祉:0; 文化共融:0
taipei,39b7857f-e141-4775-a779-a7c0b43c69c2,00002362,工商及服務業普查臺北市概況(80年、85年),智慧通勤,False,True,True,table,通勤地圖與交通壓力分析,False,2,統計,公共資訊,原始資料,主計處,,主計處,每5年,CSV,中文,2020-10-15T00:00:00,https://tsis.dbas.gov.taipei/statis/webMain.aspx?sys=220&ymf=8000&ymt=8500&kind=21&type=0&funid=a05012403&cycle=4&outmode=12&compmode=0&outkind=1&deflst=2&nzo=1,工商及服務業普查臺北市概況(80年、85年)時間數列統計資料,統計期、年底企業單位數/總計[家]、年底企業單位數/礦業及土石採取業[家]、年底企業單位數/製造業[家]、年底企業單位數/水電燃氣業[家]、年底企業單位數/營造業[家]、年底企業單位數/商業[家]、年底企業單位數/運輸倉儲及通信業[家]、年底企業單位數/金融保險及不動產業[家]、年底企業單位數/工商及服務業[家]、年底企業單位數/社會服務及個人服務業[家]、年底場所單位數/總計[家]、年底場所單位數/礦業及土石採取業[家]、年底場所單位數/製造業[家]、年底場所單位數/水電燃氣業[家]、年底場所單位數/營造業[家]、年底場所單位數/商業[家]、年底場所單位數/運輸倉儲及通信業[家]、年底場所單位數/金融保險及不動產業[家]、年底場所單位數/工商及服務業[家]、年底場所單位數/社會服務及個人服務業[家]、年底企業單位員工人數/總計[人]、年底企業單位員工人數/礦業及土石採取業[人]、年底企業單位員工人數/製造業[人]、年底企業單位員工人數/水電燃氣業[人]、年底企業單位員工人數/營造業[人]、年底企業單位員工人數/商業[人]、年底企業單位員工人數/運輸倉儲及通信業[人]、年底企業單位員工人數/金融保險及不動產業[人]、年底企業單位員工人數/工商及服務業[人]、年底企業單位員工人數/社會服務及個人服務業[人]、年底場所單位員工人數/總計[人]、年底場所單位員工人數/礦業及土石採取業[人]、年底場所單位員工人數/製造業[人]、年底場所單位員工人數/水電燃氣業[人]、年底場所單位員工人數/營造業[人]、年底場所單位員工人數/商業[人]、年底場所單位員工人數/運輸倉儲及通信業[人]、年底場所單位員工人數/金融保險及不動產業[人]、年底場所單位員工人數/工商及服務業[人]、年底場所單位員工人數/社會服務及個人服務業[人]、全年勞動報酬支出/總計[百萬元]、全年勞動報酬支出/礦業及土石採取業[百萬元]、全年勞動報酬支出/製造業[百萬元]、全年勞動報酬支出/水電燃氣業[百萬元]、全年勞動報酬支出/營造業[百萬元]、全年勞動報酬支出/商業[百萬元]、全年勞動報酬支出/運輸倉儲及通信業[百萬元]、全年勞動報酬支出/金融保險及不動產業[百萬元]、全年勞動報酬支出/工商及服務業[百萬元]、全年勞動報酬支出/社會服務及個人服務業[百萬元]、全年生產總值/總計[百萬元]、全年生產總值/礦業及土石採取業[百萬元]、全年生產總值/製造業[百萬元]、全年生產總值/水電燃氣業[百萬元]、全年生產總值/營造業[百萬元]、全年生產總值/商業[百萬元]、全年生產總值/運輸倉儲及通信業[百萬元]、全年生產總值/金融保險及不動產業[百萬元]、全年生產總值/工商及服務業[百萬元]、全年生產總值/社會服務及個人服務業[百萬元],智慧通勤:1; 韌性防災:0; 永續環境:0; 食安健康:0; 勞動福祉:1; 文化共融:0
taipei,c6b38c4b-4593-4875-90f8-4087be1a9dee,00002363,工商及服務業普查臺北市概況(90年),智慧通勤,False,True,True,table,通勤地圖與交通壓力分析,False,2,統計,公共資訊,原始資料,主計處,,主計處,每5年,CSV,中文,2020-10-15T00:00:00,https://tsis.dbas.gov.taipei/statis/webMain.aspx?sys=220&ymf=9000&ymt=9000&kind=21&type=0&funid=a05012404&cycle=4&outmode=12&compmode=0&outkind=1&deflst=2&nzo=1,工商及服務業普查臺北市概況(90年)時間數列統計資料,統計期、年底企業單位數/總計[家]、年底企業單位數/礦業及土石採取業[家]、年底企業單位數/製造業[家]、年底企業單位數/水電燃氣業[家]、年底企業單位數/營造業[家]、年底企業單位數/批發及零售業[家]、年底企業單位數/住宿及餐飲業[家]、年底企業單位數/運輸倉儲及通信業[家]、年底企業單位數/金融及保險業[家]、年底企業單位數/不動產及租賃業[家]、年底企業單位數/專業科學及技術服務業[家]、年底企業單位數/醫療保健業[家]、年底企業單位數/文化運動及休閒服務業[家]、年底企業單位數/其他服務業[家]、年底場所單位數/總計[家]、年底場所單位數/礦業及土石採取業[家]、年底場所單位數/製造業[家]、年底場所單位數/水電燃氣業[家]、年底場所單位數/營造業[家]、年底場所單位數/批發及零售業[家]、年底場所單位數/住宿及餐飲業[家]、年底場所單位數/運輸倉儲及通信業[家]、年底場所單位數/金融及保險業[家]、年底場所單位數/不動產及租賃業[家]、年底場所單位數/專業科學及技術服務業[家]、年底場所單位數/醫療保健業[家]、年底場所單位數/文化運動及休閒服務業[家]、年底場所單位數/其他服務業[家]、年底企業單位員工人數/總計[人]、年底企業單位員工人數/礦業及土石採取業[人]、年底企業單位員工人數/製造業[人]、年底企業單位員工人數/水電燃氣業[人]、年底企業單位員工人數/營造業[人]、年底企業單位員工人數/批發及零售業[人]、年底企業單位員工人數/住宿及餐飲業[人]、年底企業單位員工人數/運輸倉儲及通信業[人]、年底企業單位員工人數/金融及保險業[人]、年底企業單位員工人數/不動產及租賃業[人]、年底企業單位員工人數/專業科學及技術服務業[人]、年底企業單位員工人數/醫療保健業[人]、年底企業單位員工人數/文化運動及休閒服務業[人]、年底企業單位員工人數/其他服務業[人]、年底場所單位員工人數/總計[人]、年底場所單位員工人數/礦業及土石採取業[人]、年底場所單位員工人數/製造業[人]、年底場所單位員工人數/水電燃氣業[人]、年底場所單位員工人數/營造業[人]、年底場所單位員工人數/批發及零售業[人]、年底場所單位員工人數/住宿及餐飲業[人]、年底場所單位員工人數/運輸倉儲及通信業[人]、年底場所單位員工人數/金融及保險業[人]、年底場所單位員工人數/不動產及租賃業[人]、年底場所單位員工人數/專業科學及技術服務業[人]、年底場所單位員工人數/醫療保健業[人]、年底場所單位員工人數/文化運動及休閒服務業[人]、年底場所單位員工人數/其他服務業[人]、全年勞動報酬支出/總計[百萬元]、全年勞動報酬支出/礦業及土石採取業[百萬元]、全年勞動報酬支出/製造業[百萬元]、全年勞動報酬支出/水電燃氣業[百萬元]、全年勞動報酬支出/營造業[百萬元]、全年勞動報酬支出/批發及零售業[百萬元]、全年勞動報酬支出/住宿及餐飲業[百萬元]、全年勞動報酬支出/運輸倉儲及通信業[百萬元]、全年勞動報酬支出/金融及保險業[百萬元]、全年勞動報酬支出/不動產及租賃業[百萬元]、全年勞動報酬支出/專業科學及技術服務業[百萬元]、全年勞動報酬支出/醫療保健業[百萬元]、全年勞動報酬支出/文化運動及休閒服務業[百萬元]、全年勞動報酬支出/其他服務業[百萬元]、全年生產總值/總計[百萬元]、全年生產總值/礦業及土石採取業[百萬元]、全年生產總值/製造業[百萬元]、全年生產總值/水電燃氣業[百萬元]、全年生產總值/營造業[百萬元]、全年生產總值/批發及零售業[百萬元]、全年生產總值/住宿及餐飲業[百萬元]、全年生產總值/運輸倉儲及通信業[百萬元]、全年生產總值/金融及保險業[百萬元]、全年生產總值/不動產及租賃業[百萬元]、全年生產總值/專業科學及技術服務業[百萬元]、全年生產總值/醫療保健業[百萬元]、全年生產總值/文化運動及休閒服務業[百萬元]、全年生產總值/其他服務業[百萬元],智慧通勤:1; 韌性防災:0; 永續環境:0; 食安健康:1; 勞動福祉:0; 文化共融:1
taipei,e454a1f6-05f1-4307-b179-13f2f4b3ea81,00002364,工業及服務業普查臺北市概況(95年以後),智慧通勤,False,True,True,table,通勤地圖與交通壓力分析,False,2,統計,公共資訊,原始資料,主計處,,主計處,每5年,CSV,中文,2020-10-15T00:00:00,https://tsis.dbas.gov.taipei/statis/webMain.aspx?sys=220&ymf=9500&kind=21&type=0&funid=a05012405&cycle=4&outmode=12&compmode=0&outkind=1&deflst=2&nzo=1,工業及服務業普查臺北市概況(95年以後)時間數列統計資料,"統計期、年底企業單位數/總計[家]、年底企業單位數/礦業及土石採取業[家]、年底企業單位數/製造業[家]、年底企業單位數/電力及燃氣供應業[家]、年底企業單位數/用水供應及污染整治業[家]、年底企業單位數/營建工程業[家]、年底企業單位數/批發及零售業[家]、年底企業單位數/運輸及倉儲業[家]、年底企業單位數/住宿及餐飲業[家]、年底企業單位數/出版影音及資通訊業[家]、年底企業單位數/金融及保險業強制性社會安全[家]、年底企業單位數/不動產業[家]、年底企業單位數/專業科學及技術服務業[家]、年底企業單位數/支援服務業[家]、年底企業單位數/教育業[家]、年底企業單位數/醫療保健及社會工作服務業[家]、年底企業單位數/藝術娛樂及休閒服務業[家]、年底企業單位數/其他服務業[家]、年底場所單位數/總計[家]、年底場所單位數/礦業及土石採取業[家]、年底場所單位數/製造業[家]、年底場所單位數/電力及燃氣供應業[家]、年底場所單位數/用水供應及污染整治業[家]、年底場所單位數/營建工程業[家]、年底場所單位數/批發及零售業[家]、年底場所單位數/運輸及倉儲業[家]、年底場所單位數/住宿及餐飲業[家]、年底場所單位數/出版影音及資通訊業[家]、年底場所單位數/金融及保險業強制性社會安全[家]、年底場所單位數/不動產業[家]、年底場所單位數/專業科學及技術服務業[家]、年底場所單位數/支援服務業[家]、年底場所單位數/教育業[家]、年底場所單位數/醫療保健及社會工作服務業[家]、年底場所單位數/藝術娛樂及休閒服務業[家]、年底場所單位數/其他服務業[家]、年底企業單位員工人數/總計[人]、年底企業單位員工人數/礦業及土石採取業[人]、年底企業單位員工人數/製造業[人]、年底企業單位員工人數/電力及燃氣供應業[人]、年底企業單位員工人數/用水供應及污染整治業[人]、年底企業單位員工人數/營建工程業[人]、年底企業單位員工人數/批發及零售業[人]、年底企業單位員工人數/運輸及倉儲業[人]、年底企業單位員工人數/住宿及餐飲業[人]、年底企業單位員工人數/出版影音及資通訊業[人]、年底企業單位員工人數/金融及保險業強制性社會安全[人]、年底企業單位員工人數/不動產業[人]、年底企業單位員工人數/專業科學及技術服務業[人]、年底企業單位員工人數/支援服務業[人]、年底企業單位員工人數/教育業[人]、年底企業單位員工人數/醫療保健及社會工作服務業[人]、年底企業單位員工人數/藝術娛樂及休閒服務業[人]、年底企業單位員工人數/其他服務業[人]、年底場所單位員工人數/總計[人]、年底場所單位員工人數/礦業及土石採取業[人]、年底場所單位員工人數/製造業[人]、年底場所單位員工人數/電力及燃氣供應業[人]、年底場所單位員工人數/用水供應及污染整治業[人]、年底場所單位員工人數/營建工程業[人]、年底場所單位員工人數/批發及零售業[人]、年底場所單位員工人數/運輸及倉儲業[人]、年底場所單位員工人數/住宿及餐飲業[人]、年底場所單位員工人數/出版影音及資通訊業[人]、年底場所單位員工人數/金融及保險業強制性社會安全[人]、年底場所單位員工人數/不動產業[人]、年底場所單位員工人數/專業科學及技術服務業[人]、年底場所單位員工人數/支援服務業[人]、年底場所單位員工人數/教育業[人]、年底場所單位員工人數/醫療保健及社會工作服務業[人]、年底場所單位員工人數/藝術娛樂及休閒服務業[人]、年底場所單位員工人數/其他服務業[人]、全年勞動報酬支出/總計[百萬元]、全年勞動報酬支出/礦業及土石採取業[百萬元]、全年勞動報酬支出/製造業[百萬元]、全年勞動報酬支出/電力及燃氣供應業[百萬元]、全年勞動報酬支出/用水供應及污染整治業[百萬元]、全年勞動報酬支出/營建工程業[百萬元]、全年勞動報酬支出/批發及零售業[百萬元]、全年勞動報酬支出/運輸及倉儲業[百萬元]、全年勞動報酬支出/住宿及餐飲業[百萬元]、全年勞動報酬支出/出版影音及資通訊業[百萬元]、全年勞動報酬支出/金融及保險業強制性社會安全[百萬元]、全年勞動報酬支出/不動產業[百萬元]、全年勞動報酬支出/專業科學及技術服務業[百萬元]、全年勞動報酬支出/支援服務業[百萬元]、全年勞動報酬支出/教育業[百萬元]、全年勞動報酬支出/醫療保健及社會工作服務業[百萬元]、全年勞動報酬支出/藝術娛樂及休閒服務業[百萬元]、全年勞動報酬支出/其他服務業[百萬元]、全年生產總值/總計[百萬元]、全年生產總值/礦業及土石採取業[百萬元]、全年生產總值/製造業[百萬元]、全年生產總值/電力及燃氣供應業[百萬元]、全年生產總值/用水供應及污染整治業[百萬元]、全年生產總值/營建工程業[百萬元]、全年生產總值/批發及零售業[百萬元]、全年生產總值/運輸及倉儲業[百萬元]、全年生產總值/住宿及餐飲業[百萬元]、全年生產總值/出版影音及資通訊業[百萬元]、全年生產總值/金融及保險業強制性社會安全[百萬元]、全年生產總值/不動產業[百萬元]、全年生產總值/專業科學及技術服務業[百萬元]、全年生產總值/支援服務業[百萬元]、全年生產總值/教育業[百萬元]、全年生產總值/醫療保健及社會工作服務業[百萬元]、全年生產總值/藝術娛樂及休閒服務業[百萬元]、全年生產總值/其他服務業[百萬元]、年底實際運用資產淨額/總計[百萬元]、年底實際運用資產淨額/礦業及土石採取業[百萬元]、年底實際運用資產淨額/製造業[百萬元]、年底實際運用資產淨額/電力及燃氣供應業[百萬元]、年底實際運用資產淨額/用水供應及污染整治業[百萬元]、年底實際運用資產淨額/營建工程業[百萬元]、年底實際運用資產淨額/批發及零售業[百萬元]、年底實際運用資產淨額/運輸及倉儲業[百萬元]、年底實際運用資產淨額/住宿及餐飲業[百萬元]、年底實際運用資產淨額/出版影音及資通訊業[百萬元]、年底實際運用資產淨額/金融及保險業強制性社會安全[百萬元]、年底實際運用資產淨額/不動產業[百萬元]、年底實際運用資產淨額/專業科學及技術服務業[百萬元]、年底實際運用資產淨額/支援服務業[百萬元]、年底實際運用資產淨額/教育業[百萬元]、年底實際運用資產淨額/醫療保健及社會工作服務業[百萬元]、年底實際運用資產淨額/藝術娛樂及休閒服務業[百萬元]、年底實際運用資產淨額/其他服務業[百萬元]、年底實際運用固定資產淨額/總計[百萬元]、年底實際運用固定資產淨額/礦業及土石採取業[百萬元]、年底實際運用固定資產淨額/製造業[百萬元]、年底實際運用固定資產淨額/電力及燃氣供應業[百萬元]、年底實際運用固定資產淨額/用水供應及污染整治業[百萬元]、年底實際運用固定資產淨額/營建工程業[百萬元]、年底實際運用固定資產淨額/批發及零售業[百萬元]、年底實際運用固定資產淨額/運輸及倉儲業[百萬元]、年底實際運用固定資產淨額/住宿及餐飲業[百萬元]、年底實際運用固定資產淨額/出版影音及資通訊業[百萬元]、年底實際運用固定資產淨額/金融及保險業強制性社會安全[百萬元]、年底實際運用固定資產淨額/不動產業[百萬元]、年底實際運用固定資產淨額/專業科學及技術服務業[百萬元]、年底實際運用固定資產淨額/支援服務業[百萬元]、年底實際運用固定資產淨額/教育業[百萬元]、年底實際運用固定資產淨額/醫療保健及社會工作服務業[百萬元]、年底實際運用固定資產淨額/藝術娛樂及休閒服務業[百萬元]、年底實際運用固定資產淨額/其他服務業[百萬元]
",智慧通勤:1; 韌性防災:0; 永續環境:1; 食安健康:1; 勞動福祉:1; 文化共融:0
taipei,5486a878-41b5-473f-944f-9bb9605b299b,00029918,新北市公車路線軌跡,智慧通勤,False,True,False,table,通勤地圖與交通壓力分析,True,2,交通,交通及通訊,網路服務,交通局,公運處,交通局公運處,不定期更新,CSV,中文,2022-12-22T00:00:00,/api/dataset/5486a878-41b5-473f-944f-9bb9605b299b/resource/ea6d637b-c3b2-457f-b616-10e8b7bd7c29/download,新北市公車路線軌跡資料，說明文件詳如https://www.pto.gov.taipei/News_Content.aspx?n=A1DF07A86105B6BB&sms=2479B630A6BD8079&s=C668AE404DCD2EFE,資料名稱、縣市、縣市代碼、介接網址、欄位說明、檔案格式、說明文件網址、更新頻率,智慧通勤:5; 韌性防災:0; 永續環境:0; 食安健康:0; 勞動福祉:0; 文化共融:0
taipei,b410f673-f17b-432b-9fea-26b93dd0aeeb,00001163,新北市定時車機資訊,智慧通勤,False,True,False,table,通勤地圖與交通壓力分析,True,2,交通,公共資訊,網路服務,交通局,公運處,交通局公運處,不定期更新,CSV,中文,2017-01-06T00:00:00,/api/dataset/b410f673-f17b-432b-9fea-26b93dd0aeeb/resource/2ebaa391-6783-4ff0-a717-3409aab38bbc/download,資料集說明文件詳如https://www.pto.gov.taipei/News.aspx?n=A1DF07A86105B6BB&sms=2479B630A6BD8079,資料名稱、縣市、縣市代碼、介接網址、欄位說明、檔案格式、說明文件網址、更新頻率,智慧通勤:3; 韌性防災:0; 永續環境:0; 食安健康:0; 勞動福祉:0; 文化共融:0
taipei,8c0351fd-37e2-4712-8771-c89f3b090e36,00001164,新北市定點車機資訊,智慧通勤,False,True,False,table,通勤地圖與交通壓力分析,True,2,交通,公共資訊,網路服務,交通局,公運處,交通局公運處,不定期更新,CSV,中文,2017-01-06T00:00:00,/api/dataset/8c0351fd-37e2-4712-8771-c89f3b090e36/resource/c1e49483-3869-4229-8d4e-b2b66c75af14/download,資料集說明文件詳如https://www.pto.gov.taipei/News.aspx?n=A1DF07A86105B6BB&sms=2479B630A6BD8079,資料名稱、縣市、縣市代碼、介接網址、欄位說明、檔案格式、說明文件網址、更新頻率,智慧通勤:3; 韌性防災:0; 永續環境:0; 食安健康:0; 勞動福祉:0; 文化共融:0
taipei,1155ff0c-453f-4849-b80e-7b66d19835b7,00001168,新北市智慧型站牌,智慧通勤,False,True,False,table,通勤地圖與交通壓力分析,True,2,交通,公共資訊,網路服務,交通局,公運處,交通局公運處,不定期更新,CSV,中文,2017-01-06T00:00:00,/api/dataset/1155ff0c-453f-4849-b80e-7b66d19835b7/resource/2767b505-607f-493d-82fd-61bc73ccafcd/download,資料集說明文件詳如https://www.pto.gov.taipei/News.aspx?n=A1DF07A86105B6BB&sms=2479B630A6BD8079,資料名稱、縣市、縣市代碼、介接網址、欄位說明、檔案格式、說明文件網址、更新頻率,智慧通勤:3; 韌性防災:0; 永續環境:0; 食安健康:0; 勞動福祉:0; 文化共融:0
taipei,fa9acdf6-6ba5-4127-a221-671eea99a3ec,00001169,新北市智慧型站牌所屬路線,智慧通勤,False,True,False,table,通勤地圖與交通壓力分析,True,2,交通,公共資訊,網路服務,交通局,公運處,交通局公運處,不定期更新,CSV,中文,2017-01-06T00:00:00,/api/dataset/fa9acdf6-6ba5-4127-a221-671eea99a3ec/resource/2009eb51-fa89-4d8d-aa63-b9d66315c8d3/download,"資料集說明文詳如https://www.pto.gov.taipei/News.aspx?n=A1DF07A86105B6BB&sms=2479B630A6BD8079
",資料名稱、縣市、縣市代碼、介接網址、欄位說明、檔案格式、說明文件網址、更新頻率,智慧通勤:4; 韌性防災:0; 永續環境:0; 食安健康:0; 勞動福祉:0; 文化共融:0
taipei,1d6ddc52-4927-4cd5-96f3-a177abc9f654,00001172,新北市業者營運基本資料,智慧通勤,False,True,False,table,通勤地圖與交通壓力分析,True,2,交通,公共資訊,網路服務,交通局,公運處,交通局公運處,不定期更新,CSV,中文,2017-01-06T00:00:00,/api/dataset/1d6ddc52-4927-4cd5-96f3-a177abc9f654/resource/7679744e-6cd8-4e94-a6dd-1a0475570daa/download,資料集說明文詳如https://www.pto.gov.taipei/News.aspx?n=A1DF07A86105B6BB&sms=2479B630A6BD8079,資料名稱、縣市、縣市代碼、介接網址、欄位說明、檔案格式、說明文件網址、更新頻率,智慧通勤:3; 韌性防災:0; 永續環境:0; 食安健康:0; 勞動福祉:0; 文化共融:0
taipei,c16d185e-ba3c-4eaa-be92-51fca0e3a364,00001175,新北市機動班次時刻表,智慧通勤,False,True,False,table,通勤地圖與交通壓力分析,True,2,交通,交通及通訊,網路服務,交通局,公運處,交通局公運處,不定期更新,CSV,中文,2017-01-06T00:00:00,/api/dataset/c16d185e-ba3c-4eaa-be92-51fca0e3a364/resource/47dc2f74-3bd3-4333-9de5-f5a21c5da139/download,"資料集說明文件詳如https://www.pto.gov.taipei/News.aspx?n=A1DF07A86105B6BB&sms=2479B630A6BD8079
",資料名稱、縣市、縣市代碼、介接網址、欄位說明、檔案格式、說明文件網址、更新頻率,智慧通勤:3; 韌性防災:0; 永續環境:0; 食安健康:0; 勞動福祉:0; 文化共融:0
taipei,ae7cef90-6dfe-4fad-ad01-43113e924150,00001176,新北市站位資訊,智慧通勤,False,True,False,table,通勤地圖與交通壓力分析,True,2,交通,公共資訊,網路服務,交通局,公運處,交通局公運處,不定期更新,CSV,中文,2017-01-06T00:00:00,/api/dataset/ae7cef90-6dfe-4fad-ad01-43113e924150/resource/d0733b29-23b0-4f29-a68e-31684b566fbf/download,"資料集說明文件詳如https://www.pto.gov.taipei/News.aspx?n=A1DF07A86105B6BB&sms=2479B630A6BD8079
",資料名稱、縣市、縣市代碼、介接網址、欄位說明、檔案格式、說明文件網址、更新頻率,智慧通勤:3; 韌性防災:0; 永續環境:0; 食安健康:0; 勞動福祉:0; 文化共融:0
taipei,010244b7-c4ed-4b03-9436-c6cbe634d483,00001174,新北市站牌,智慧通勤,False,True,False,table,通勤地圖與交通壓力分析,True,2,交通,公共資訊,網路服務,交通局,公運處,交通局公運處,不定期更新,CSV,中文,2017-01-06T00:00:00,/api/dataset/010244b7-c4ed-4b03-9436-c6cbe634d483/resource/421236ea-6b37-4c26-9a4d-bea159c133a7/download,新北市站牌資料集，說明文件詳如https://pto.gov.taipei/News_Content.aspx?n=A1DF07A86105B6BB&sms=2479B630A6BD8079&s=C668AE404DCD2EFE,資料名稱、縣市、縣市代碼、介接網址、欄位說明、檔案格式、說明文件網址、更新頻率,智慧通勤:3; 韌性防災:0; 永續環境:0; 食安健康:0; 勞動福祉:0; 文化共融:0
taipei,1f5998d2-d9e4-4d9f-8cbb-fe2d29b99c3c,00001173,新北市路線,智慧通勤,False,True,False,table,通勤地圖與交通壓力分析,True,2,交通,公共資訊,網路服務,交通局,公運處,交通局公運處,不定期更新,CSV,中文,2017-01-06T00:00:00,/api/dataset/1f5998d2-d9e4-4d9f-8cbb-fe2d29b99c3c/resource/38b0e97b-26d7-43f3-8bcf-e5bf4b16fa06/download,文件請參閱以下連結https://pto.gov.taipei/News_Content.aspx?n=A1DF07A86105B6BB&sms=2479B630A6BD8079&s=C668AE404DCD2EFE,資料名稱、縣市、縣市代碼、介接網址、欄位說明、檔案格式、說明文件網址、更新頻率,智慧通勤:4; 韌性防災:0; 永續環境:0; 食安健康:0; 勞動福祉:0; 文化共融:0
taipei,73123fbd-f9fa-4f5b-83de-af36b10c063d,00001170,新北市路線及營業站對應,智慧通勤,False,True,False,table,通勤地圖與交通壓力分析,True,2,交通,公共資訊,網路服務,交通局,公運處,交通局公運處,不定期更新,CSV,中文,2017-01-06T00:00:00,/api/dataset/73123fbd-f9fa-4f5b-83de-af36b10c063d/resource/81104c76-c972-41f2-8de8-6513d12891f8/download,資料集說明文詳如https://pto.gov.taipei/News_Content.aspx?n=A1DF07A86105B6BB&sms=2479B630A6BD8079&s=C668AE404DCD2EFE,資料名稱(資料集名稱)、縣市(縣市)、縣市代碼(縣市代碼)、介接網址(網址)、欄位說明(欄位說明)、檔案格式(格式)、說明文件網址(網址)、更新頻率(更新頻率),智慧通勤:4; 韌性防災:0; 永續環境:0; 食安健康:0; 勞動福祉:0; 文化共融:0
taipei,7873a48e-eb30-420b-bb32-ed1fa6868272,00001166,新北市車機異常資訊,智慧通勤,False,True,False,table,通勤地圖與交通壓力分析,True,2,交通,公共資訊,網路服務,交通局,公運處,交通局公運處,不定期更新,CSV,中文,2017-01-07T00:00:00,/api/dataset/7873a48e-eb30-420b-bb32-ed1fa6868272/resource/70d8c348-3c43-4c20-bf9d-7965d7628aba/download,資料集說明文件詳如https://www.pto.gov.taipei/News.aspx?n=A1DF07A86105B6BB&sms=2479B630A6BD8079,資料名稱、縣市、縣市代碼、介接網址、欄位說明、檔案格式、說明文件網址、更新頻率,智慧通勤:3; 韌性防災:0; 永續環境:0; 食安健康:0; 勞動福祉:0; 文化共融:0
taipei,dac7bcd9-c1d2-43ea-8d2d-546ae5de2853,00001165,新北市車輛基本資訊,智慧通勤,False,True,False,table,通勤地圖與交通壓力分析,True,2,交通,交通及通訊,網路服務,交通局,公運處,交通局公運處,不定期更新,CSV,中文,2017-01-06T00:00:00,/api/dataset/dac7bcd9-c1d2-43ea-8d2d-546ae5de2853/resource/33ebcd27-de27-4565-be76-bbe103c08c03/download,"資料集說明文件詳如https://www.pto.gov.taipei/News.aspx?n=A1DF07A86105B6BB&sms=2479B630A6BD8079
",資料名稱、縣市、縣市代碼、介接網址、欄位說明、檔案格式、說明文件網址、更新頻率,智慧通勤:3; 韌性防災:0; 永續環境:0; 食安健康:0; 勞動福祉:0; 文化共融:0
taipei,2a8f5f42-942c-4974-8366-b44e90ad9701,00001171,新北市附屬路線與路線對應資訊,智慧通勤,False,True,False,table,通勤地圖與交通壓力分析,True,2,交通,公共資訊,網路服務,交通局,公運處,交通局公運處,不定期更新,CSV,中文,2017-01-06T00:00:00,/api/dataset/2a8f5f42-942c-4974-8366-b44e90ad9701/resource/538ec6cc-5396-48cd-8c08-4a3af8e30a30/download,"資料集說明文件詳如https://www.pto.gov.taipei/News.aspx?n=A1DF07A86105B6BB&sms=2479B630A6BD8079
",資料名稱、縣市、縣市代碼、介接網址、欄位說明、檔案格式、說明文件網址、更新頻率,智慧通勤:4; 韌性防災:0; 永續環境:0; 食安健康:0; 勞動福祉:0; 文化共融:0
taipei,26cc48f3-9896-4218-bdcf-17b9be82cdd1,00001177,新北市預定班表資訊,智慧通勤,False,True,False,table,通勤地圖與交通壓力分析,True,2,交通,公共資訊,網路服務,交通局,公運處,交通局公運處,不定期更新,CSV,中文,2017-01-17T00:00:00,/api/dataset/26cc48f3-9896-4218-bdcf-17b9be82cdd1/resource/d2501cc6-d37a-47ab-b967-5b74def32078/download,"資料集說明文詳如https://www.pto.gov.taipei/News.aspx?n=A1DF07A86105B6BB&sms=2479B630A6BD8079
",資料名稱、縣市、縣市代碼、介接網址、欄位說明、檔案格式、說明文件網址、更新頻率,智慧通勤:3; 韌性防災:0; 永續環境:0; 食安健康:0; 勞動福祉:0; 文化共融:0
taipei,6535d6cc-aabc-405c-9167-58a1d32823b9,00000913,智慧型站牌,智慧通勤,False,True,False,table,通勤地圖與交通壓力分析,True,2,交通,公共資訊,網路服務,交通局,公運處,交通局公運處,不定期更新,"JSON,CSV",中文,2017-01-18T00:00:00,"https://tcgbusfs.blob.core.windows.net/blobbus/TstIStop.json,/api/dataset/6535d6cc-aabc-405c-9167-58a1d32823b9/resource/3470a161-f06a-4836-8e01-44ed21aa7a58/download",資料集說明文詳如https://pto.gov.taipei/News_Content.aspx?n=A1DF07A86105B6BB&s=55E8ADD164E4F579&sms=2479B630A6BD8079,檔案名稱、縣市、縣市代碼、介接網址、主要欄位說明、更新頻率、檔案格式、說明文件網址,智慧通勤:3; 韌性防災:0; 永續環境:0; 食安健康:0; 勞動福祉:0; 文化共融:0
taipei,66f1559e-d994-40e8-ac7f-96b108fff006,00000637,無障礙計程車營運數據,智慧通勤,False,True,True,table,通勤地圖與交通壓力分析,False,2,交通,交通及通訊,網路服務,交通局,公運處,交通局公運處,不定期更新,CSV,中文,2015-07-31T00:00:00,/api/dataset/66f1559e-d994-40e8-ac7f-96b108fff006/resource/86f5eca2-a55e-487a-ae97-c6cd5e93453c/download,臺北市無障礙計程車營運數據,年月、車輛數、載客總趟次數、無障礙趟次數、一般乘客趟次數、無障礙趟次所占比例,智慧通勤:3; 韌性防災:0; 永續環境:0; 食安健康:0; 勞動福祉:0; 文化共融:0
taipei,c6f549bd-903b-437b-99eb-542450ce7a43,00000687,社會福利統計_臺北市身障者專用停車位識別證申請,智慧通勤,False,True,True,table,通勤地圖與交通壓力分析,False,2,社福,交通及通訊,網路服務,社會局,,社會局,每1年,CSV,中文,2020-07-23T00:00:00,/api/dataset/c6f549bd-903b-437b-99eb-542450ce7a43/resource/a835b8d3-52a4-40d3-af57-4eac2cad4060/download,社會福利統計_身障者專用停車位識別證申請資料呈現於【社會局局網> 統計資料 > 預告統計資料發布時間表】,機關名稱、機關代碼、民國年、統計區間、核發專用停車位識別証數量,智慧通勤:3; 韌性防災:0; 永續環境:0; 食安健康:0; 勞動福祉:3; 文化共融:0
taipei,5f9da3f2-c298-4cb5-9f6c-3639d81b0e13,00003387,臺北市A3交通事故資料,智慧通勤,False,True,True,table,通勤地圖與交通壓力分析,False,2,交通,交通及通訊,原始資料,警察局,交通大隊,警察局交通大隊,每1年,CSV,中文,2021-07-01T00:00:00,/api/dataset/5f9da3f2-c298-4cb5-9f6c-3639d81b0e13/resource/afdc2f19-90c7-4ea7-9489-500de8f7410d/download,提供臺北市A3類交通事故件數。,年度、縣市、縣市代碼、交通事故類別、筆數,智慧通勤:4; 韌性防災:0; 永續環境:0; 食安健康:0; 勞動福祉:0; 文化共融:0
taipei,2c2180b3-a7c8-4089-9182-7dc4aafbbe63,00029387,臺北市YouBike2.0租借數量前十路線,智慧通勤,False,True,True,table,通勤地圖與交通壓力分析,False,2,交通,交通及通訊,原始資料,交通局,,交通局,每6月,CSV,中文,2022-06-27T00:00:00,/api/dataset/2c2180b3-a7c8-4089-9182-7dc4aafbbe63/resource/1c6a89c1-1b2a-4748-af8c-f3875f06980c/download,提供臺北市YouBike2.0租借數量前十路線，檔案格式為csv檔,"時間（民國年月）、發布機關名稱、機關代碼、序號（排序）、站位名稱
",智慧通勤:5; 韌性防災:0; 永續環境:0; 食安健康:0; 勞動福祉:0; 文化共融:0
taipei,3e76595d-2c42-4346-b1cb-1079162a678a,00029370,臺北市YouBike2.0車輛數,智慧通勤,False,True,True,table,通勤地圖與交通壓力分析,False,2,交通,交通及通訊,原始資料,交通局,,交通局,每6月,CSV,中文,2022-06-27T00:00:00,/api/dataset/3e76595d-2c42-4346-b1cb-1079162a678a/resource/01a8abaf-2961-4cf4-b501-6dbb8b108ef4/download,提供臺北市YouBike2.0車輛數，檔案格式為CSV檔,"民國年、西元年、月份、發布機關名稱、機關代碼、車輛數（數量）
",智慧通勤:4; 韌性防災:0; 永續環境:0; 食安健康:0; 勞動福祉:0; 文化共融:0
taipei,1743954f-845c-4181-a14e-325e9c146f59,00002742,臺北市一般道路改善工程,智慧通勤,False,True,True,table,通勤地圖與交通壓力分析,False,2,統計,公共資訊,原始資料,主計處,,主計處,每1年,CSV,中文,2021-02-25T00:00:00,https://tsis.dbas.gov.taipei/statis/webMain.aspx?sys=220&ymf=9700&kind=21&type=0&funid=a05020301&cycle=4&outmode=12&compmode=0&outkind=1&deflst=2&nzo=1,"臺北市一般道路改善工程時間數列統計資料
",統計期、一般道路路面更新面積[平方公尺]、人手孔累計減少處數[處]、列管山區道路路面更新改善面積[平方公尺]、登山步道鋪面更新改善面積[平方公尺],智慧通勤:1; 韌性防災:0; 永續環境:0; 食安健康:0; 勞動福祉:0; 文化共融:0
taipei,8916e675-b6c6-483d-ae94-19864f414cc2,00002221,臺北市中等學校畢業生出路(103學年度以後),智慧通勤,False,True,True,table,通勤地圖與交通壓力分析,False,2,統計,求學及進修,原始資料,主計處,,主計處,每1年,CSV,中文,2022-03-07T00:00:00,https://tsis.dbas.gov.taipei/statis/webMain.aspx?sys=220&ymf=5700&kind=21&type=0&funid=a05009503&cycle=4&outmode=12&compmode=0&outkind=3&deflst=2&nzo=1,"臺北市中等學校畢業生出路(103學年度以後)時間數列統計資料
",統計期、總計[人]、升學/合計[人]、升學/大學校院[人]、升學/二專[人]、升學/軍警學校[人]、升學/其他[人]、就業/合計[人]、就業/農林漁牧業[人]、就業/礦業及土石採取業[人]、就業/製造業營建工程業[人]、就業/用水電力燃氣供應及污染整治業[人]、就業/批發及零售業[人]、就業/住宿及餐飲業[人]、就業/金融保險及不動產業[人]、就業/運輸倉儲出版影音及資通訊業[人]、就業/專業科學及技術服務業[人]、就業/藝術娛樂及休閒服務業[人]、就業/公共行政及國防[人]、就業/其他[人]、閒居[人]、其他[人],智慧通勤:1; 韌性防災:0; 永續環境:1; 食安健康:0; 勞動福祉:1; 文化共融:0
taipei,62e43153-71d3-4119-bfa3-5708721a12af,00002161,臺北市主要死因死亡率,智慧通勤,False,True,True,table,通勤地圖與交通壓力分析,False,2,統計,公共資訊,原始資料,主計處,,主計處,每1年,"CSV,CSV,CSV",中文,2020-10-12T00:00:00,"https://tsis.dbas.gov.taipei/statis/webMain.aspx?sys=220&ymf=8100&kind=21&type=0&funid=A05032801&cycle=4&outmode=12&compmode=0&outkind=1&deflst=2&nzo=1,https://tsis.dbas.gov.taipei/statis/webMain.aspx?sys=220&ymf=9700&kind=21&type=0&funid=A05032803&cycle=4&outmode=12&compmode=0&outkind=3&deflst=2&nzo=1,https://tsis.dbas.gov.taipei/statis/webMain.aspx?sys=220&ymf=9700&kind=21&type=0&funid=A05032802&cycle=4&outmode=12&compmode=0&outkind=3&deflst=2&nzo=1",臺北市主要死因死亡率時間數列統計資料,統計期、死亡率/ 所有死亡原因、死亡率/ 惡性腫瘤、死亡率/ 心臟疾病、死亡率/ 腦血管疾病、死亡率/ 肺炎、死亡率/ 糖尿病、死亡率/ 慢性下呼吸道疾病、死亡率/ 腎炎腎徵候群及腎性病變、死亡率/ 敗血症、死亡率/ 高血壓性疾病、死亡率/ 事故傷害、死亡率/ 慢性肝病及肝硬化、死亡率/ 自殺、死亡率/ 結核病、標準化死亡率/ 所有死亡原因、標準化死亡率/ 惡性腫瘤、標準化死亡率/ 心臟疾病、標準化死亡率/ 腦血管疾病、標準化死亡率/ 肺炎、標準化死亡率/ 糖尿病、標準化死亡率/ 慢性下呼吸道疾病、標準化死亡率/ 腎炎腎徵候群及腎性病變、標準化死亡率/ 敗血症、標準化死亡率/ 高血壓性疾病、標準化死亡率/ 事故傷害、標準化死亡率/ 慢性肝病及肝硬化、標準化死亡率/ 自殺、標準化死亡率/ 結核病,智慧通勤:1; 韌性防災:0; 永續環境:0; 食安健康:0; 勞動福祉:0; 文化共融:0
taipei,1d1c4b50-87c3-4381-a658-665f4b27afbf,00003578,臺北市交維件數,智慧通勤,False,True,True,table,通勤地圖與交通壓力分析,False,2,交通,交通及通訊,原始資料,交通局,,交通局,不定期更新,CSV,中文,2020-12-30T00:00:00,/api/dataset/1d1c4b50-87c3-4381-a658-665f4b27afbf/resource/544d22dd-f805-4b5e-bad5-cfb2a1cba187/download,臺北市工程施工期間交通維持計畫件數,西元年、民國年、年度、交通維持計畫送審件數、交通維持計畫通過件數,智慧通勤:3; 韌性防災:0; 永續環境:0; 食安健康:0; 勞動福祉:0; 文化共融:0
taipei,69b915b5-39f1-4edc-8945-02276bd42109,00003841,臺北市交通事件裁決所交通違規罰鍰繳納管道概況,智慧通勤,False,True,True,table,通勤地圖與交通壓力分析,False,2,交通,交通及通訊,網路服務,交通局,裁決所,交通局裁決所,每1月,CSV,中文,2021-12-14T00:00:00,/api/dataset/69b915b5-39f1-4edc-8945-02276bd42109/resource/553b169c-1d37-404d-8160-3637ad61cdb2/download,交通違規罰鍰繳納管道概況(依代收項目分列),項目、繳納管道、支付方式、數量、金額元（新台幣),智慧通勤:3; 韌性防災:0; 永續環境:0; 食安健康:0; 勞動福祉:0; 文化共融:0
taipei,600001c4-f4f8-49e7-85a3-d3a73a3ba9ef,00029394,臺北市交通事件裁決所本年度交通違規入案件數統計表,智慧通勤,False,True,True,table,通勤地圖與交通壓力分析,False,2,交通,交通及通訊,網路服務,交通局,裁決所,交通局裁決所,不定期更新,CSV,中文,2022-06-27T00:00:00,/api/dataset/600001c4-f4f8-49e7-85a3-d3a73a3ba9ef/resource/71d63d39-50e2-4ee9-a52a-74edb2dcfe84/download,入案件數統計表(依月份分列),月份、數量、較上月數量增減、累計月份、累計數量,智慧通勤:3; 韌性防災:0; 永續環境:0; 食安健康:0; 勞動福祉:0; 文化共融:0
taipei,da715207-29e8-4b8d-b680-7fc120211512,00029448,臺北市交通事件裁決所本年度因違反道路交通管理事件提出申訴條款前5名,智慧通勤,False,True,True,table,通勤地圖與交通壓力分析,False,2,交通,交通及通訊,網路服務,交通局,裁決所,交通局裁決所,每1月,CSV,中文,2022-07-26T00:00:00,/api/dataset/da715207-29e8-4b8d-b680-7fc120211512/resource/4c772c1d-6f69-45ce-b093-8abf6248ffee/download,違反道路交通管理事件提出申訴條款前5名,民國年月、排名、條款、條款中文說明、件數,智慧通勤:4; 韌性防災:0; 永續環境:0; 食安健康:0; 勞動福祉:0; 文化共融:0
taipei,ee582f24-d3c1-422e-badd-d948cf6bf9a1,00029349,臺北市交通事件裁決所駕牌照吊扣銷件數統計表,智慧通勤,False,True,True,table,通勤地圖與交通壓力分析,False,2,交通,交通及通訊,網路服務,交通局,裁決所,交通局裁決所,每1月,CSV,中文,2022-07-26T00:00:00,/api/dataset/ee582f24-d3c1-422e-badd-d948cf6bf9a1/resource/5e209562-544d-4b66-8bc2-c8b99be5a1e2/download,駕牌照吊扣銷件數統計表（依駕牌照吊扣銷分列）,年度月份、吊扣駕照件數、吊銷駕照件數、吊扣牌照件數、吊銷牌照件數,智慧通勤:3; 韌性防災:0; 永續環境:0; 食安健康:0; 勞動福祉:0; 文化共融:0
taipei,446eca64-c4f9-4a31-bf0b-db2765c7bb01,00003493,臺北市交通事故統計,智慧通勤,False,True,True,table,通勤地圖與交通壓力分析,False,2,交通,交通及通訊,原始資料,交通局,,交通局,不定期更新,CSV,中文,2020-12-28T00:00:00,/api/dataset/446eca64-c4f9-4a31-bf0b-db2765c7bb01/resource/44bcdf5d-ffcf-466b-b65d-7e7bdfe1bf1c/download,臺北市交通事故統計資料,"西元年、民國年、數量（件數）、死亡人數、受傷人數
",智慧通勤:4; 韌性防災:0; 永續環境:0; 食安健康:0; 勞動福祉:0; 文化共融:0
taipei,f5264c33-f991-481d-9f14-addc69f86e73,00002549,臺北市交通執法按月別,智慧通勤,False,True,True,table,通勤地圖與交通壓力分析,False,2,統計,公共資訊,原始資料,主計處,,主計處,每1月,CSV,中文,2022-02-17T00:00:00,https://tsis.dbas.gov.taipei/statis/webMain.aspx?sys=220&ymf=8701&kind=21&type=0&funid=a04002701&cycle=1&outmode=12&compmode=0&outkind=1&deflst=2&nzo=1,臺北市交通執法按月別時間數列統計資料,統計期、違反道路交通管理處罰條例舉發件數[件]、違反道路交通管理處罰條例處罰件數[件]、拖吊違規車輛數/汽車[含大型車][輛]、拖吊違規車輛數/機車[輛]、取締道路障礙件數[件],智慧通勤:2; 韌性防災:0; 永續環境:0; 食安健康:0; 勞動福祉:0; 文化共融:0
taipei,68767aa4-6703-4760-8a0e-74c641d66b90,00000118,臺北市交通流量及特性調查資料,智慧通勤,False,True,True,table,通勤地圖與交通壓力分析,False,2,交通,交通及通訊,原始資料,交通局,交工處,交通局交工處,每1年,CSV,中文,2012-01-04T00:00:00,/api/dataset/68767aa4-6703-4760-8a0e-74c641d66b90/resource/e2311fce-e104-41cd-b8c7-57ad433fc49a/download,交通流量及特性調查資料,項目、縣市別、縣市別代碼、網址、說明,智慧通勤:3; 韌性防災:0; 永續環境:0; 食安健康:0; 勞動福祉:0; 文化共融:0
taipei,915e9a7b-be76-45de-8994-4976349c3cba,00003019,臺北市交通資訊服務概況,智慧通勤,False,True,True,table,通勤地圖與交通壓力分析,False,2,統計,公共資訊,原始資料,主計處,,主計處,每1年,CSV,中文,2022-02-11T00:00:00,https://tsis.dbas.gov.taipei/statis/webMain.aspx?sys=220&ymf=5700&kind=21&type=0&funid=a05041201&cycle=4&outmode=12&compmode=0&outkind=3&deflst=2&nzo=1,"臺北市交通資訊服務概況時間數列統計資料
",統計期、交通資訊中心參訪團數[團]、交通資訊中心參訪參加人次[人次]、公車動態資訊系統查詢次數[千次]、臺北好行APP下載次數[次]、停車資訊系統查詢次數[千次]、北市好停車APP下載次數[次],智慧通勤:3; 韌性防災:0; 永續環境:0; 食安健康:0; 勞動福祉:0; 文化共融:0
taipei,301a7699-75eb-4dff-8f3f-362984b0581c,00002954,臺北市停車位數,智慧通勤,False,True,True,table,通勤地圖與交通壓力分析,False,2,統計,交通及通訊,原始資料,主計處,,主計處,每1年,CSV,中文,2022-02-11T00:00:00,https://tsis.dbas.gov.taipei/statis/webMain.aspx?sys=220&ymf=7700&kind=21&type=0&funid=a05022701&cycle=4&outmode=12&compmode=0&outkind=3&deflst=2&nzo=1,臺北市停車位數時間數列統計資料,統計期、現有停車位數、按車種別/汽車停車位數、按車種別/機車停車位數、按類別/市有路邊停車場停車位/計停車位數、按類別/市有路邊停車場停車位/收費停車位數、按類別/市有路邊停車場停車位/不收費停車位數、按類別/市有路邊停車場停車位/身心障礙停車位數、按類別/市有路邊停車場停車位/大汽車停車位數、按類別/市有路邊停車場停車位/大汽車收費停車位數、按類別/市有路邊停車場停車位/大汽車不收費停車位數、按類別/市有路邊停車場停車位/大汽車身心障礙停車位數、按類別/市有路邊停車場停車位/小汽車停車位數、按類別/市有路邊停車場停車位/小汽車收費停車位數、按類別/市有路邊停車場停車位/小汽車不收費停車位數、按類別/市有路邊停車場停車位/小汽車身心障礙停車位數、按類別/市有路邊停車場停車位/機車停車位數、按類別/市有路邊停車場停車位/機車收費停車位數、按類別/市有路邊停車場停車位/機車不收費停車位數、按類別/市有路邊停車場停車位/機車身心障礙停車位數、按類別/市有路外停車位/計停車位數、按類別/市有路外停車位/收費停車位數、按類別/市有路外停車位/不收費停車位數、按類別/市有路外停車位/身心障礙停車位數、按類別/市有路外停車位/大汽車停車位數、按類別/市有路外停車位/大汽車收費停車位數、按類別/市有路外停車位/大汽車不收費停車位數、按類別/市有路外停車位/大汽車身心障礙停車位數、按類別/市有路外停車位/小汽車停車位數、按類別/市有路外停車位/小汽車收費停車位數、按類別/市有路外停車位/小汽車不收費停車位數、按類別/市有路外停車位/小汽車身心障礙停車位數、按類別/市有路外停車位/機車停車位數、按類別/市有路外停車位/機車收費停車位數、按類別/市有路外停車位/機車不收費停車位數、按類別/市有路外停車位/機車身心障礙停車位數、按類別/市有委外經營停車位/計停車位數、按類別/市有委外經營停車位/收費停車位數、按類別/市有委外經營停車位/不收費停車位數、按類別/市有委外經營停車位/身心障礙停車位數、按類別/市有委外經營停車位/汽車停車位數、按類別/市有委外經營停車位/汽車收費停車位數、按類別/市有委外經營停車位/汽車不收費停車位數、按類別/市有委外經營停車位/汽車身心障礙停車位數、按類別/市有委外經營停車位/機車停車位數、按類別/市有委外經營停車位/機車收費停車位數、按類別/市有委外經營停車位/機車不收費停車位數、按類別/市有委外經營停車位/機車身心障礙停車位數、按類別/建築物附設停車位/汽車停車位數、按類別/建築物附設停車位/機車停車位數、按類別/非建築物附設停車位/大汽車停車位數、按類別/非建築物附設停車位/小汽車停車位數、按類別/非建築物附設停車位/機車停車位數,智慧通勤:3; 韌性防災:0; 永續環境:0; 食安健康:0; 勞動福祉:0; 文化共融:0
taipei,815c6c7e-fb99-4003-94e1-7882e8c4577e,00001994,臺北市停車管理工程處公有收費停車場收入金額,智慧通勤,False,True,True,table,通勤地圖與交通壓力分析,False,2,交通,交通及通訊,原始資料,交通局,停管處,交通局停管處,每1月,CSV,中文,2020-10-05T00:00:00,/api/dataset/815c6c7e-fb99-4003-94e1-7882e8c4577e/resource/f26ec05a-8c9a-4a04-b4d3-e7e6e6ca2e12/download,北市停管處所屬公有收費停車場收入金額,年度、月份、項目、汽車（計次收入金額）、機車（計次收入金額）、汽車（計時收入金額）、機車（計時收入金額）、汽車（包月收入金額）、機車（包月收入金額）、權利金收入金額,智慧通勤:4; 韌性防災:0; 永續環境:0; 食安健康:0; 勞動福祉:0; 文化共融:0
taipei,fd67374e-cf3d-4b28-8d39-67c44da8ce7b,00002543,臺北市停車管理按月別,智慧通勤,False,True,True,table,通勤地圖與交通壓力分析,False,2,統計,交通及通訊,原始資料,主計處,,主計處,每1月,CSV,中文,2022-03-18T00:00:00,https://tsis.dbas.gov.taipei/statis/webMain.aspx?sys=220&ymf=8701&kind=21&type=0&funid=a04002301&cycle=1&outmode=12&compmode=0&outkind=1&deflst=2&nzo=1,臺北市停車管理按月別時間數列統計資料,統計期、市有停車位/總計/汽車[格位]、市有停車位/總計/機車[格位]、市有停車位數/路邊停車位/汽車[格位]、市有停車位數/路邊停車位/機車[格位]、市有停車位數/路外停車位/汽車[格位]、市有停車位數/路外停車位/機車[格位]、市有停車位數/委外經營/汽車[格位]、市有停車位數/委外經營/機車[格位]、市有停車場收入金額[千元],智慧通勤:3; 韌性防災:0; 永續環境:0; 食安健康:0; 勞動福祉:0; 文化共融:0
taipei,87b2f712-b8b5-4f7f-bd63-5c345cc2deca,00003806,臺北市公地撥用面積,智慧通勤,False,True,True,table,通勤地圖與交通壓力分析,False,2,統計,公共資訊,原始資料,主計處,,主計處,每1年,CSV,中文,2022-03-21T00:00:00,https://tsis.dbas.gov.taipei/statis/webMain.aspx?sys=220&ymf=7000&kind=21&type=0&funid=a05002001&cycle=4&outmode=12&compmode=0&outkind=3&deflst=2&nzo=1,臺北市公地撥用面積時間數列統計資料,統計期、權屬別、總面積數值[公頃]、國防設備面積數值[公頃]、交通事業面積數值[公頃]、公用事業面積數值[公頃]、水利事業面積數值[公頃]、公共衛生面積數值[公頃]、教育慈善面積數值[公頃]、公共建築面積數值[公頃]、國營事業面積數值[公頃]、其他面積數值[公頃],智慧通勤:1; 韌性防災:0; 永續環境:0; 食安健康:1; 勞動福祉:0; 文化共融:0
taipei,435deea7-eee3-4429-bb36-9a105cda0967,00004063,臺北市公有收費停車位統計表,智慧通勤,False,True,True,area,通勤地圖與交通壓力分析,False,2,交通,交通及通訊,原始資料,交通局,停管處,交通局停管處,每6月,CSV,中文,2021-12-15T00:00:00,/api/dataset/435deea7-eee3-4429-bb36-9a105cda0967/resource/45f04fa0-35e2-4b8e-9335-b5da0bee033a/download,臺北市公有收費停車位統計表(路外收費、路邊收費),分區、汽車總數值（格）、機車總數值（格）、汽車路外總數值（格）、機車路外總數值（格）、汽車路邊總數值（格）、機車路邊總數值（格）,智慧通勤:5; 韌性防災:0; 永續環境:0; 食安健康:0; 勞動福祉:0; 文化共融:0
taipei,d0c0ba6b-f394-4945-9a95-7224e4da04ba,00003805,臺北市公私有土地徵收面積及補償金額,智慧通勤,False,True,True,table,通勤地圖與交通壓力分析,False,2,統計,公共資訊,原始資料,主計處,,主計處,每1年,CSV,中文,2022-03-21T00:00:00,https://tsis.dbas.gov.taipei/statis/webMain.aspx?sys=220&ymf=5700&kind=21&type=0&funid=a05001901&cycle=4&outmode=12&compmode=0&outkind=1&deflst=2&nzo=1,臺北市公私有土地徵收面積及補償金額時間數列統計資料,統計期、筆數[筆]、徵收面積/總計[公頃]、徵收面積/國防事業[公頃]、徵收面積/交通事業[公頃]、徵收面積/公用事業[公頃]、徵收面積/水利事業[公頃]、徵收面積/公共衛生及環境保護[公頃]、徵收面積/政府機關地方自治機關及其他公共建築[公頃]、徵收面積/教育學術及文化事業[公頃]、徵收面積/其他[公頃]、補償費/總計[千元]、補償費/地價補償[千元]、補償費/改良物補償費[含遷移費][千元]、補償費/其他[千元],智慧通勤:1; 韌性防災:0; 永續環境:1; 食安健康:1; 勞動福祉:0; 文化共融:1
taipei,efad90af-4bbe-4c6a-ac60-06f3e52d8a97,00029921,臺北市公車路線軌跡,智慧通勤,False,True,False,table,通勤地圖與交通壓力分析,True,2,交通,交通及通訊,網路服務,交通局,公運處,交通局公運處,不定期更新,"JSON,CSV",中文,2022-12-21T00:00:00,"https://tcgbusfs.blob.core.windows.net/blobbus/TstBusShape.json,/api/dataset/efad90af-4bbe-4c6a-ac60-06f3e52d8a97/resource/f3246e89-3579-470b-8034-085576bead32/download",北市公車路線軌跡資料，說明文件詳如https://pto.gov.taipei/News_Content.aspx?n=A1DF07A86105B6BB&sms=2479B630A6BD8079&s=55E8ADD164E4F579,資料名稱、縣市、縣市代碼、介接網址、欄位說明、檔案格式、說明文件網址、更新頻率,智慧通勤:5; 韌性防災:0; 永續環境:0; 食安健康:0; 勞動福祉:0; 文化共融:0
taipei,89634dfb-2401-49bf-8a90-5be228c87655,00004057,臺北市共享運具許可數量,智慧通勤,False,True,True,table,通勤地圖與交通壓力分析,False,2,交通,交通及通訊,原始資料,交通局,,交通局,每6月,CSV,中文,2021-12-06T00:00:00,/api/dataset/89634dfb-2401-49bf-8a90-5be228c87655/resource/78846785-0821-474e-a6b2-e4df952969bb/download,提供臺北市共享運具許可情形資料，檔案格式為CSV檔。,民國年、月份、業者名稱、車種、數量（累計許可車輛數）,智慧通勤:3; 韌性防災:0; 永續環境:0; 食安健康:0; 勞動福祉:0; 文化共融:0
taipei,f6b8384f-d41e-47a6-9c82-f504a432f837,00002678,臺北市勞工保險投保概況,智慧通勤,False,True,True,table,通勤地圖與交通壓力分析,False,2,統計,公共資訊,原始資料,主計處,,主計處,每1年,CSV,中文,2022-02-25T00:00:00,https://tsis.dbas.gov.taipei/statis/webMain.aspx?sys=220&ymf=5700&kind=21&type=0&funid=a05006201&cycle=4&outmode=12&compmode=0&outkind=1&deflst=2&nzo=1,臺北市勞工保險投保概況時間數列統計資料,統計期、總投保單位[家]、總投保人數/合計[人]、總投保人數/男[人]、總投保人數/女[人]、產業勞工及交通公用事業之員工/投保單位[家]、產業勞工及交通公用事業之員工/投保人數[人]、公司行號之員工/投保單位[家]、公司行號之員工/投保人數[人]、新聞文化公益及合作事業之員工/投保單位[家]、新聞文化公益及合作事業之員工/投保人數[人]、政府機關及公私立學校員工/投保單位[家]、政府機關及公私立學校員工/投保人數[人]、受僱從事漁業生產之勞動者/投保單位數[家]、受僱從事漁業生產之勞動者/投保人數[人]、職業訓練機構接受訓練者/投保單位[家]、職業訓練機構接受訓練者/投保人數[人]、職業勞工/投保單位[家]、職業勞工/投保人數[人]、漁會之甲類會員/投保單位[家]、漁會之甲類會員/投保人數[人]、自願投保者/投保單位[家]、自願投保者/投保人數[人],智慧通勤:1; 韌性防災:0; 永續環境:0; 食安健康:0; 勞動福祉:1; 文化共融:1
taipei,a3ab0c7d-b7c5-4f11-a27e-218c7785c782,00003558,臺北市原住民身心障礙者致殘成因,智慧通勤,False,True,True,table,通勤地圖與交通壓力分析,False,2,社福,公共資訊,網路服務,社會局,,社會局,不定期更新,CSV,中文,2020-12-29T00:00:00,/api/dataset/a3ab0c7d-b7c5-4f11-a27e-218c7785c782/resource/6fb8cfb3-1434-4c7e-a2de-6332d4eda512/download,提供臺北市原住民身心障礙者致殘成因資訊,年度、總人數、先天、疾病、意外、交通事故、職業傷害、戰爭、其他,智慧通勤:2; 韌性防災:0; 永續環境:0; 食安健康:0; 勞動福祉:1; 文化共融:0
taipei,acfd53c1-58c9-41f1-8378-276b91e8588a,00002484,臺北市取締查處各類案件,智慧通勤,False,True,True,table,通勤地圖與交通壓力分析,False,2,統計,公共資訊,原始資料,主計處,,主計處,每1年,CSV,中文,2021-06-08T00:00:00,https://tsis.dbas.gov.taipei/statis/webMain.aspx?sys=220&ymf=7700&kind=21&type=0&funid=a05029201&cycle=4&outmode=12&compmode=0&outkind=1&deflst=2&nzo=1,臺北市取締查處各類案件時間數列統計資料。,統計期、取締賭博性電玩件數[件]、取締賭博性電玩人數[人]、取締賭博性電玩臺數[臺]、酒後駕車舉發件數[件]、酒後駕車扣車數[輛]、酒後駕車移送法辦件數[件]、酒後駕車肇事件數[件]、酒後駕車死亡人數[人]、酒後駕車受傷人數[人]、查獲妨害風化[俗]件數[件]、查獲妨害風化[俗]人數[人]、執行正俗專案查獲營業場所[家]、利用監視器破獲案件[件]、查處色情廣告查處則數[則]、查處色情廣告取締移送法辦件數[件]、查處色情廣告取締移送法辦人數[人]、查處色情廣告停話件數[件]、取締違規攤販罰鍰件數[件]、取締違規攤販沒入攤架件數[件]、110電話報案受理件數[件]、自行車違規取締件數[件],智慧通勤:1; 韌性防災:0; 永續環境:0; 食安健康:0; 勞動福祉:0; 文化共融:0
taipei,13cadc95-a0bc-4662-9200-ea96a67d773a,00002337,臺北市商業登記現有家數及資本額(79年至90年),智慧通勤,False,True,True,table,通勤地圖與交通壓力分析,False,2,統計,公共資訊,原始資料,主計處,,主計處,不定期更新,CSV,中文,2020-10-14T00:00:00,https://tsis.dbas.gov.taipei/statis/webMain.aspx?sys=220&ymf=7900&ymt=9000&kind=21&type=0&funid=a05011501&cycle=4&outmode=12&compmode=0&outkind=1&deflst=2&nzo=1,臺北市商業登記現有家數及資本額(79年至90年)時間數列統計資料,統計期、現有家數[家]/ 總計、現有家數[家]/ 農林漁牧業、現有家數[家]/ 礦業及土石採取業、現有家數[家]/ 製造業、現有家數[家]/ 水電燃氣業、現有家數[家]/ 營造業、現有家數[家]/ 商業、現有家數[家]/ 運輸倉儲及通信業、現有家數[家]/ 金融保險不動產業及工商服務業、現有家數[家]/ 社會服務及個人服務業、資本額[百萬元]/ 總計、資本額[百萬元]/ 農林漁牧業、資本額[百萬元]/ 礦業及土石採取業、資本額[百萬元]/ 製造業、資本額[百萬元]/ 水電燃氣業、資本額[百萬元]/ 營造業、資本額[百萬元]/ 商業、資本額[百萬元]/ 運輸倉儲及通信業、資本額[百萬元]/ 金融保險不動產業及工商服務業、資本額[百萬元]/ 社會服務及個人服務業,智慧通勤:1; 韌性防災:0; 永續環境:0; 食安健康:0; 勞動福祉:1; 文化共融:0
taipei,3dc5fe53-4ff8-4084-aefc-b82eff7c6a9b,00002341,臺北市商業登記現有家數及資本額(96年以後),智慧通勤,False,True,True,table,通勤地圖與交通壓力分析,False,2,統計,公共資訊,原始資料,主計處,,主計處,每1年,CSV,中文,2020-10-14T00:00:00,https://tsis.dbas.gov.taipei/statis/webMain.aspx?sys=220&ymf=9600&kind=21&type=0&funid=a05011503&cycle=4&outmode=12&compmode=0&outkind=1&deflst=2&nzo=1,臺北市商業登記現有家數及資本額(96年以後)時間數列統計資料,統計期、現有家數[家]/ 總計、現有家數[家]/ 農林漁牧業、現有家數[家]/ 礦業及土石採取業、現有家數[家]/ 製造業、現有家數[家]/ 電力及燃氣供應業、現有家數[家]/ 用水供應及污染整治業、現有家數[家]/ 營建工程業、現有家數[家]/ 批發及零售業、現有家數[家]/ 運輸及倉儲業、現有家數[家]/ 住宿及餐飲業、現有家數[家]/ 出版影音及資通訊業、現有家數[家]/ 金融及保險業、現有家數[家]/ 不動產業、現有家數[家]/ 專業科學及技術服務業、現有家數[家]/ 支援服務業、現有家數[家]/ 公共行政及國防；強制性社會安全、現有家數[家]/ 教育業、現有家數[家]/ 醫療保健及社會工作服務業、現有家數[家]/ 藝術娛樂及休閒服務業、現有家數[家]/ 其他服務業、資本額[百萬元]/ 總計、資本額[百萬元]/ 農林漁牧業、資本額[百萬元]/ 礦業及土石採取業、資本額[百萬元]/ 製造業、資本額[百萬元]/ 電力及燃氣供應業、資本額[百萬元]/ 用水供應及污染整治業、資本額[百萬元]/ 營建工程業、資本額[百萬元]/ 批發及零售業、資本額[百萬元]/ 運輸及倉儲業、資本額[百萬元]/ 住宿及餐飲業、資本額[百萬元]/ 出版影音及資通訊業、資本額[百萬元]/ 金融及保險業、資本額[百萬元]/ 不動產業、資本額[百萬元]/ 專業科學及技術服務業、資本額[百萬元]/ 支援服務業、資本額[百萬元]/ 公共行政及國防；強制性社會安全、資本額[百萬元]/ 教育業、資本額[百萬元]/ 醫療保健及社會工作服務業、資本額[百萬元]/ 藝術娛樂及休閒服務業、資本額[百萬元]/ 其他服務業,智慧通勤:1; 韌性防災:0; 永續環境:1; 食安健康:1; 勞動福祉:1; 文化共融:0
taipei,c84f781f-02e7-45a4-84c2-0fc690749f66,00000910,臺北市定時車機資訊,智慧通勤,False,True,False,table,通勤地圖與交通壓力分析,True,2,交通,公共資訊,網路服務,交通局,公運處,交通局公運處,不定期更新,"JSON,CSV",中文,2018-01-01T00:00:00,"https://tcgbusfs.blob.core.windows.net/blobbus/TstBusData.json,/api/dataset/c84f781f-02e7-45a4-84c2-0fc690749f66/resource/2a54b4be-1a18-4aea-9574-1dd0c21c56ec/download",資料集說明文詳如https://www.pto.gov.taipei/News_Content.aspx?n=A1DF07A86105B6BB&s=55E8ADD164E4F579&sms=2479B630A6BD8079,檔案名稱、縣市、縣市代碼、介接網址、主要欄位說明、更新頻率、檔案格式、說明文件網址,智慧通勤:3; 韌性防災:0; 永續環境:0; 食安健康:0; 勞動福祉:0; 文化共融:0
taipei,09672da0-772a-4bf2-9340-587941f958c5,00000911,臺北市定點車機資訊,智慧通勤,False,True,False,table,通勤地圖與交通壓力分析,True,2,交通,公共資訊,網路服務,交通局,公運處,交通局公運處,不定期更新,"JSON,CSV",中文,2019-01-01T00:00:00,"https://tcgbusfs.blob.core.windows.net/blobbus/TstBusEvent.json,/api/dataset/09672da0-772a-4bf2-9340-587941f958c5/resource/3773ad43-0662-4b23-81a3-753ebfe6dafe/download",資料集說明文詳如https://pto.gov.taipei/News_Content.aspx?n=A1DF07A86105B6BB&s=55E8ADD164E4F579&sms=2479B630A6BD8079,檔案名稱、縣市、縣市代碼、介接網址、主要欄位說明、更新頻率、檔案格式、說明文件網址,智慧通勤:3; 韌性防災:0; 永續環境:0; 食安健康:0; 勞動福祉:0; 文化共融:0
taipei,ff25650b-25f5-41e8-a6b8-c68039960680,00003186,臺北市家庭住宅及主要設備概況－可支配所得戶數五等分位別,智慧通勤,False,True,True,table,通勤地圖與交通壓力分析,False,2,統計,公共資訊,原始資料,主計處,,主計處,每1年,CSV,中文,2021-12-09T00:00:00,/api/dataset/ff25650b-25f5-41e8-a6b8-c68039960680/resource/3237bdbd-e4f8-4ddb-b10b-55627d60c8e3/download,"臺北市家庭住宅及主要設備概況－可支配所得戶數五等分位別時間數列統計資料
",年別、可支配所得戶數五等分位、家庭戶數、每戶人數、每戶成年人數、每戶就業人數、每戶所得收入者人數、1.住宅所有權[1]自有[Percent]、[2]不住在一起的配偶父母或子女所擁有[Percent]、[3]租押[Percent]、[4]其它[含配住及借用][Percent]、2.住宅用途[1]專用[Percent]、[2]併用[Percent]、3.建築式樣[1]平房[Percent]、[2]二~三層樓[Percent]、[3]四~五層樓[Percent]、[4]六層樓以上[Percent]、4.具有自來水設備[Percent]、5.有車家庭停車位情形[1]自有停車位[Percent]、[2]租借停車位[Percent]、[3]無停車位[Percent]、6.每戶建坪[坪][Percent]、[1]彩色電視機[Percent]、一般彩色電視機[Percent]、液晶電漿電視機[Percent]、[2]數位影音光碟機[Percent]、[3]攝影機[Percent]、[4]音響[Percent]、[5]鋼琴[含電子琴][Percent]、[6]數位相機[Percent]、[7]電視遊樂器[Percent]、[8]有線電視頻道設備 [含多媒體隨選視訊][Percent]、[9]家用電腦[Percent]、[10]電話機[Percent]、[11]行動電話[Percent]、[12]連網[使用電腦及其他設備][Percent]、[13]汽車[Percent]、[14]機車[Percent]、[15]電磁爐[Percent]、[16]冷暖氣機[Percent]、[17]除濕機[Percent]、[18]洗衣機[Percent]、[19]烘衣機[Percent]、[20]空氣清淨機[Percent]、[21]濾水器[Percent]、[22]吸塵器[Percent]、[23]熱水器[Percent]、[24]開飲機[Percent]、[25]微波爐[Percent]、[26]報紙[Percent]、[27]期刊雜誌[Percent],智慧通勤:2; 韌性防災:0; 永續環境:1; 食安健康:0; 勞動福祉:1; 文化共融:0
taipei,956786b6-c33a-4f8d-ab0c-c1c2f5ecab45,00003184,臺北市家庭住宅及主要設備概況－家庭組織型態別,智慧通勤,False,True,True,table,通勤地圖與交通壓力分析,False,2,統計,公共資訊,原始資料,主計處,,主計處,每1年,CSV,中文,2021-12-09T00:00:00,/api/dataset/956786b6-c33a-4f8d-ab0c-c1c2f5ecab45/resource/7769f71a-f59e-4676-8b93-b85a9a629fbf/download,"臺北市家庭住宅及主要設備概況－家庭組織型態別時間數列統計資料
",年別、家庭組織、家庭戶數、每戶人數、每戶成年人數、每戶就業人數、每戶所得收入者人數、1.住宅所有權[1]自有[Percent]、[2]不住在一起的配偶父母或子女所擁有[Percent]、[3]租押[Percent]、[4]其它[含配住及借用][Percent]、2.住宅用途[1]專用[Percent]、[2]併用[Percent]、3.建築式樣[1]平房[Percent]、[2]二~三層樓[Percent]、[3]四~五層樓[Percent]、[4]六層樓以上[Percent]、4.具有自來水設備[Percent]、5.有車家庭停車位情形[1]自有停車位[Percent]、[2]租借停車位[Percent]、[3]無停車位[Percent]、6.每戶建坪[坪][Percent]、[1]彩色電視機[Percent]、一般彩色電視機[Percent]、液晶電漿電視機[Percent]、[2]數位影音光碟機[Percent]、[3]攝影機[Percent]、[4]音響[Percent]、[5]鋼琴[含電子琴][Percent]、[6]數位相機[Percent]、[7]電視遊樂器[Percent]、[8]有線電視頻道設備 [含多媒體隨選視訊][Percent]、[9]家用電腦[Percent]、[10]電話機[Percent]、[11]行動電話[Percent]、[12]連網[使用電腦及其他設備][Percent]、[13]汽車[Percent]、[14]機車[Percent]、[15]電磁爐[Percent]、[16]冷暖氣機[Percent]、[17]除濕機[Percent]、[18]洗衣機[Percent]、[19]烘衣機[Percent]、[20]空氣清淨機[Percent]、[21]濾水器[Percent]、[22]吸塵器[Percent]、[23]熱水器[Percent]、[24]開飲機[Percent]、[25]微波爐[Percent]、[26]報紙[Percent]、[27]期刊雜誌[Percent],智慧通勤:2; 韌性防災:0; 永續環境:1; 食安健康:0; 勞動福祉:1; 文化共融:0
taipei,4ba3a7b9-a588-43b5-af15-67994676d59d,00003181,臺北市家庭住宅及主要設備概況－經濟戶長職業別,智慧通勤,False,True,True,table,通勤地圖與交通壓力分析,False,2,統計,公共資訊,原始資料,主計處,,主計處,每1年,CSV,中文,2021-12-09T00:00:00,/api/dataset/4ba3a7b9-a588-43b5-af15-67994676d59d/resource/44ca616e-0921-4cab-a48a-07e789ba78ec/download,臺北市家庭住宅及主要設備概況－經濟戶長職業別時間數列統計資料,年別、經濟戶長職業、家庭戶數、每戶人數、每戶成年人數、每戶就業人數、每戶所得收入者人數、1.住宅所有權[1]自有[Percent]、[2]不住在一起的配偶父母或子女所擁有[Percent]、[3]租押[Percent]、[4]其它[含配住及借用][Percent]、2.住宅用途[1]專用[Percent]、[2]併用[Percent]、3.建築式樣[1]平房[Percent]、[2]二~三層樓[Percent]、[3]四~五層樓[Percent]、[4]六層樓以上[Percent]、4.具有自來水設備[Percent]、5.有車家庭停車位情形[1]自有停車位[Percent]、[2]租借停車位[Percent]、[3]無停車位[Percent]、6.每戶建坪[坪][Percent]、[1]彩色電視機[Percent]、一般彩色電視機[Percent]、液晶電漿電視機[Percent]、[2]數位影音光碟機[Percent]、[3]攝影機[Percent]、[4]音響[Percent]、[5]鋼琴[含電子琴][Percent]、[6]數位相機[Percent]、[7]電視遊樂器[Percent]、[8]有線電視頻道設備 [含多媒體隨選視訊][Percent]、[9]家用電腦[Percent]、[10]電話機[Percent]、[11]行動電話[Percent]、[12]連網[使用電腦及其他設備][Percent]、[13]汽車[Percent]、[14]機車[Percent]、[15]電磁爐[Percent]、[16]冷暖氣機[Percent]、[17]除濕機[Percent]、[18]洗衣機[Percent]、[19]烘衣機[Percent]、[20]空氣清淨機[Percent]、[21]濾水器[Percent]、[22]吸塵器[Percent]、[23]熱水器[Percent]、[24]開飲機[Percent]、[25]微波爐[Percent]、[26]報紙[Percent]、[27]期刊雜誌[Percent],智慧通勤:2; 韌性防災:0; 永續環境:1; 食安健康:0; 勞動福祉:1; 文化共融:0
taipei,ed9c8e8f-b8d6-4496-bd8d-a82f66bae4f3,00002921,臺北市家庭收支－經濟戶長職業別,智慧通勤,False,True,True,table,通勤地圖與交通壓力分析,False,2,統計,公共資訊,原始資料,主計處,,主計處,每1年,"CSV,CSV",中文,2021-12-09T00:00:00,"/api/dataset/ed9c8e8f-b8d6-4496-bd8d-a82f66bae4f3/resource/b91cd330-acad-45c6-a009-a3ba07db1a22/download,/api/dataset/ed9c8e8f-b8d6-4496-bd8d-a82f66bae4f3/resource/61a68960-3803-46bc-968c-b1f5ebfb051f/download",臺北市家庭收支－經濟戶長職業別時間數列統計資料,年別、職業、家庭戶數、每戶人數、每戶成年人數、每戶就業人數、每戶所得收入者人數、[一]所得收入總計[NT]、1.受僱人員報酬[NT]、[1]本業薪資[NT]、[2]兼業薪資[NT]、[3]其他收入[NT]、2.產業主所得[NT]、3.財產所得收入[NT]、4.自用住宅設算租金收入[NT]、5.經常移轉收入[NT]、[1]從私人[NT]、[2]從政府[NT]、[3]社會保險受益[NT]、[4]從企業[NT]、[5]從國外[NT]、6.雜項收入[NT]、[二]非消費支出[NT]、1.利息支出[NT]、2.經常移轉支出[NT]、[1]對私人[NT]、[2]對政府[NT]、[3]社會保險[NT]、[4]對國外[NT]、[三]消費支出[NT]、1.食品及非酒精飲料[NT]、2.菸酒及檳榔[NT]、3.衣著鞋襪及服飾用品[NT]、4.住宅服務水電瓦斯及其他燃料[NT]、[1]住宅服務[NT]、[2]水電費及及燃料[NT]、5.家具設備及家務維護[NT]、6.醫療保健[NT]、7.交通[NT]、[1]個人交通工具之購置[NT]、[2]個人交通設備使用管理維護[NT]、[3]客運與貨物運輸服務[NT]、8.資通訊[NT]、9.休閒運動與文化[NT]、[1]套裝旅遊[不含自助旅遊][NT]、[2]休閒運動與文化用品[NT]、[3]休閒運動與文化服務[NT]、[4]書報雜誌文具[NT]、10.教育服務[NT]、11.餐廳及住宿服務[NT]、12.保險及金融服務[NT]、13.個人清潔照護社會保障及其他[NT]、可支配所得[NT]、消費支出[NT]、儲蓄[NT]、所得總額[NT],智慧通勤:3; 韌性防災:0; 永續環境:0; 食安健康:3; 勞動福祉:3; 文化共融:2
taipei,9707bc50-5bf6-4d75-a0f5-f101ebb31d5c,00003812,臺北市實施平均地權地區區段地價(公告土地現值),智慧通勤,False,True,True,table,通勤地圖與交通壓力分析,False,2,統計,公共資訊,原始資料,主計處,,主計處,每1年,CSV,中文,2022-03-25T00:00:00,https://tsis.dbas.gov.taipei/statis/webMain.aspx?sys=220&ymf=5700&kind=21&type=0&funid=a05000602&cycle=4&outmode=12&compmode=0&outkind=1&deflst=2&nzo=1,臺北市實施平均地權地區區段地價(公告土地現值)時間數列統計資料,統計期、路線價區段/最高/繁榮街道[新台幣元/每平方公尺]、路線價區段/最高/一般[新台幣元/每平方公尺]、路線價區段/最低/繁榮街道[新台幣元/每平方公尺]、路線價區段/最低/一般[新台幣元/每平方公尺]、一般區段/最高[新台幣元/每平方公尺]、一般區段/最低[新台幣元/每平方公尺],智慧通勤:1; 韌性防災:0; 永續環境:0; 食安健康:0; 勞動福祉:0; 文化共融:0
taipei,ad77d770-0db3-4d2c-8da5-f28fc8171628,00003811,臺北市實施平均地權地區區段地價(公告地價),智慧通勤,False,True,True,table,通勤地圖與交通壓力分析,False,2,統計,公共資訊,原始資料,主計處,,主計處,每1年,CSV,中文,2022-03-25T00:00:00,https://tsis.dbas.gov.taipei/statis/webMain.aspx?sys=220&ymf=5700&kind=21&type=0&funid=a05000601&cycle=4&outmode=12&compmode=0&outkind=1&deflst=2&nzo=1,臺北市實施平均地權地區區段地價(公告地價)時間數列統計資料,統計期、路線價區段/最高/繁榮街道[新台幣元/每平方公尺]、路線價區段/最高/一般[新台幣元/每平方公尺]、路線價區段/最低/繁榮街道[新台幣元/每平方公尺]、路線價區段/最低/一般[新台幣元/每平方公尺]、一般區段/最高[新台幣元/每平方公尺]、一般區段/最低[新台幣元/每平方公尺],智慧通勤:1; 韌性防災:0; 永續環境:0; 食安健康:0; 勞動福祉:0; 文化共融:0
taipei,b60ae44f-2c0e-4b9f-b76c-914db5213c78,00001413,臺北市工務統計資料,智慧通勤,False,True,True,table,通勤地圖與交通壓力分析,False,2,工務,公共資訊,原始資料,工務局,,工務局,每1月,CSV,中文,2018-09-14T00:00:00,/api/dataset/b60ae44f-2c0e-4b9f-b76c-914db5213c78/resource/4b29a286-c7a5-4707-8f2e-530dd5777238/download,臺北市道路、橋梁涵管、防洪排水、路燈、公園綠地、污水下水道、山坡地安全治理、綜合項目及其他、工務性別統計等9大類、93個主題、10萬餘筆時間數列統計資料。  ,項次、表名、資料期、項目、統計數值,智慧通勤:1; 韌性防災:0; 永續環境:0; 食安健康:0; 勞動福祉:0; 文化共融:0
taipei,2940d767-5d37-45fa-a992-1f8715edff67,00002955,臺北市市有收費停車位停車收入,智慧通勤,False,True,True,table,通勤地圖與交通壓力分析,False,2,統計,交通及通訊,原始資料,主計處,,主計處,每1年,CSV,中文,2022-03-19T00:00:00,https://tsis.dbas.gov.taipei/statis/webMain.aspx?sys=220&ymf=5700&kind=21&type=0&funid=a05022801&cycle=4&outmode=12&compmode=0&outkind=3&deflst=2&nzo=1,臺北市市有收費停車位停車收入時間數列統計資料,統計期、停車位數/總計[格位]、停車位數/汽車[格位]、停車位數/機車[格位]、停車收入金額/總計[元]、停車收入金額/計次車輛收入/合計[元]、停車收入金額/計次車輛收入/汽車[元]、停車收入金額/計次車輛收入/機車[元]、停車收入金額/計時車輛收入/合計[元]、停車收入金額/計時車輛收入/汽車[元]、停車收入金額/計時車輛收入/機車[元]、停車收入金額/包月車輛收入/合計[元]、停車收入金額/包月車輛收入/汽車[元]、停車收入金額/包月車輛收入/機車[元]、停車收入金額/權利金收入[元]、孕婦及育有6歲以下兒童者停車位數[車位],智慧通勤:3; 韌性防災:0; 永續環境:0; 食安健康:0; 勞動福祉:0; 文化共融:0
taipei,2f57ae48-77b6-44a5-abb6-57dbbafe34ad,00029299,臺北市市有財產,智慧通勤,False,True,True,table,通勤地圖與交通壓力分析,False,2,統計,公共資訊,原始資料,主計處,,主計處,每1年,CSV,中文,2022-05-05T00:00:00,https://tsis.dbas.gov.taipei/statis/webMain.aspx?sys=220&ymf=9400&kind=21&type=0&funid=a05016701&cycle=4&outmode=12&compmode=0&outkind=1&deflst=2&nzo=1,臺北市市有財產時間數列統計資料,統計期、總計[億元]、土地[億元]、土地改良物[億元]、房屋建築及設備[億元]、機械及設備[億元]、交通及運輸設備[億元]、什項設備[億元]、有價證券[億元]、權利[億元],智慧通勤:2; 韌性防災:0; 永續環境:0; 食安健康:0; 勞動福祉:0; 文化共融:0
taipei,9d78827b-a4e6-4a62-8180-12258bfed141,00002594,臺北市廢棄車輛查報及拖吊,智慧通勤,False,True,True,table,通勤地圖與交通壓力分析,False,2,統計,交通及通訊,原始資料,主計處,,主計處,每1年,CSV,中文,2021-01-29T00:00:00,https://tsis.dbas.gov.taipei/statis/webMain.aspx?sys=220&ymf=8700&kind=21&type=0&funid=A05034401&cycle=4&outmode=12&compmode=0&outkind=1&deflst=2&nzo=1,"臺北市廢棄車輛查報及拖吊時間數列統計資料
",統計期、查報數/ 總計、查報數/ 有牌、查報數/ 無牌、拖吊數/ 總計、拖吊數/ 有牌、拖吊數/ 無牌,智慧通勤:1; 韌性防災:0; 永續環境:0; 食安健康:0; 勞動福祉:0; 文化共融:0
taipei,17fcd7ec-ac26-432e-a3c4-9aae26318d43,00002405,臺北市廣播電視媒體家數及有線電視訂戶數,智慧通勤,False,True,True,table,通勤地圖與交通壓力分析,False,2,統計,交通及通訊,原始資料,主計處,,主計處,每1年,CSV,中文,2021-02-23T00:00:00,https://tsis.dbas.gov.taipei/statis/webMain.aspx?sys=220&ymf=5700&kind=21&type=0&funid=a05011201&cycle=4&outmode=12&compmode=0&outkind=3&deflst=2&nzo=1,臺北市廣播電視媒體家數及有線電視訂戶數時間數列統計資料,"統計期、電臺家數[家]、無線電視臺家數[家]、有線電視公司家數[家]、有線電視訂戶數[戶]
",智慧通勤:1; 韌性防災:0; 永續環境:0; 食安健康:0; 勞動福祉:0; 文化共融:0
taipei,7b8eda04-9d2a-4b53-9c2e-e0587fdc35f4,00029773,臺北市建築物機械停車設備安全檢查統計,智慧通勤,False,True,True,table,通勤地圖與交通壓力分析,False,2,工務,購屋及遷徙,原始資料,都發局,建管處,都發局建管處,每1年,"CSV,CSV,CSV,CSV",中文,2022-09-27T00:00:00,"/api/dataset/7b8eda04-9d2a-4b53-9c2e-e0587fdc35f4/resource/c36a1563-a0a1-4dd4-a375-0198165543f7/download,/api/dataset/7b8eda04-9d2a-4b53-9c2e-e0587fdc35f4/resource/0be51779-3d67-461f-be29-31e6e39521ac/download,/api/dataset/7b8eda04-9d2a-4b53-9c2e-e0587fdc35f4/resource/85720aa9-c7e2-498b-a2c7-c062afe01b91/download,/api/dataset/7b8eda04-9d2a-4b53-9c2e-e0587fdc35f4/resource/3654c915-bbee-4d47-b92c-0f0c6648e51e/download",臺北市建築物機械停車設備安全檢查年度統計,項目、總計（數量）、垂直循環型（數量）、多層循環型（數量）、水平循環型（數量）、平面往復型（數量）、昇降機型（數量）、簡易昇降型（數量）、多段型（數量）、昇降滑動型（數量）、其他類型（數量）,智慧通勤:1; 韌性防災:0; 永續環境:0; 食安健康:0; 勞動福祉:0; 文化共融:0
taipei,ddd5c52c-0979-4ca0-8ff0-0a87bbaf5e75,00029510,臺北市建築物附設停車空間部分,智慧通勤,False,True,True,table,通勤地圖與交通壓力分析,False,2,工務,公共資訊,原始資料,都發局,建管處,都發局建管處,不定期更新,CSV,中文,2022-07-18T00:00:00,/api/dataset/ddd5c52c-0979-4ca0-8ff0-0a87bbaf5e75/resource/1b221f7d-8022-4580-ac73-6cd6001d0554/download,本市現有停車概說-建築物附設停車空間部分,年度、季度、項目、都市計畫區內[總計]（數量）、都市計畫區內[法定停車位合計]（數量）、都市計畫區內[法定停車位室內]（數量）、都市計畫區內[法定停車位室外]（數量）、都市計畫區內[增設停車位合計]（數量）、都市計畫區內[增設停車位室內]（數量）、都市計畫區內[增設停車位室外]（數量）,智慧通勤:2; 韌性防災:0; 永續環境:0; 食安健康:0; 勞動福祉:0; 文化共融:0
taipei,25704c8f-e806-44bb-a6ac-57d6810867ba,00002703,臺北市建築管理各項證照核發件數,智慧通勤,False,True,True,table,通勤地圖與交通壓力分析,False,2,統計,公共資訊,原始資料,主計處,,主計處,每1年,CSV,中文,2022-02-10T00:00:00,https://tsis.dbas.gov.taipei/statis/webMain.aspx?sys=220&ymf=5700&kind=21&type=0&funid=a05018601&cycle=4&outmode=12&compmode=0&outkind=3&deflst=2&nzo=1,"臺北市建築管理各項證照核發件數時間數列統計資料
",統計期、核發件數/總計、核發件數/建築執照/合計[件]、核發件數/建築執照/建造執照/計[件]、核發件數/建築執照/建造執照/新建[件]、核發件數/建築執照/建造執照/增建[件]、核發件數/建築執照/建造執照/改建[件]、核發件數/建築執照/雜項執照[件]、核發件數/建築執照/使用執照[件]、核發件數/建築執照/拆除執照[件]、核發件數/修建證[件]、核發件數/道路使用執照[件]、核發件數/變更使用執照[件]、核發件數/變更設計[件]、核發件數/工程展期[件]、核發件數/其他[件]、申請建造執照平均處理日數[日/件],智慧通勤:1; 韌性防災:0; 永續環境:0; 食安健康:0; 勞動福祉:0; 文化共融:0
taipei,a0183350-7951-4f4b-993d-0e8ebae04b4c,00002544,臺北市捷運客運概況按月別,智慧通勤,False,True,True,table,通勤地圖與交通壓力分析,False,2,統計,交通及通訊,原始資料,主計處,,主計處,每1月,CSV,中文,2022-02-23T00:00:00,https://tsis.dbas.gov.taipei/statis/webMain.aspx?sys=220&ymf=8701&kind=21&type=0&funid=a04002401&cycle=1&outmode=12&compmode=0&outkind=3&deflst=2&nzo=1,臺北市捷運客運概況按月別時間數列統計資料,統計期、客運人次/總計[人次]、客運人次/中運量[人次]、客運人次/高運量[人次]、平均每日客運人次[人次]、客運收入/總計[千元]、客運收入/中運量[千元]、客運收入/高運量[千元]、悠遊卡累計發卡量[張],智慧通勤:3; 韌性防災:0; 永續環境:0; 食安健康:0; 勞動福祉:0; 文化共融:0
taipei,f7d24da4-9540-44f3-b983-adecd6dacb8f,00002542,臺北市捷運工程按月別,智慧通勤,False,True,True,table,通勤地圖與交通壓力分析,False,2,統計,交通及通訊,原始資料,主計處,,主計處,每1月,CSV,中文,2022-03-17T00:00:00,https://tsis.dbas.gov.taipei/statis/webMain.aspx?sys=220&ymf=9001&kind=21&type=0&funid=a04001901&cycle=1&outmode=12&compmode=0&outkind=1&deflst=2&nzo=1,臺北市捷運工程按月別時間數列統計資料,統計期、新莊線總進度[%]、信義線總進度[%]、信義線東延段總進度[%]、松山線總進度[%]、萬大中和樹林線[第一期工程]總進度[%]、萬大中和樹林線[第二期工程]總進度[%]、桃園機場線[臺北至三重段]總進度[%]、環狀線第一階段總進度[%]、環狀線北環段及南環段總進度[%]、環狀線東環段總進度[%]、臺中捷運烏日線總進度[%],智慧通勤:2; 韌性防災:0; 永續環境:0; 食安健康:0; 勞動福祉:0; 文化共融:0
taipei,7bbbefa6-1d6f-4732-8adf-50f824a84cc1,00029763,臺北市政府制定自治條例統計表,智慧通勤,False,True,True,table,通勤地圖與交通壓力分析,False,2,法律,公共資訊,原始資料,法務局,,法務局,每1年,CSV,中文,2022-09-22T00:00:00,/api/dataset/7bbbefa6-1d6f-4732-8adf-50f824a84cc1/resource/f406962d-9948-4cc5-ba36-4d1fd55c012e/download,統計臺北市政府每年度制定自治條例之類別及數量,年度、秘書處數量、民政局數量、財政局數量、產發局數量、教育局數量、工務局數量、交通局數量、社會局數量、勞動局數量、警察局數量、衛生局數量、環保局數量、都發局數量、消防局數量、捷運局數量、翡管局數量、地政局數量、觀傳局數量、兵役局數量、主計處數量、人事處數量、政風處數量、北水處數量、研考會數量、法務局數量、原民會數量、公訓處數量、文化局數量、客委會數量、都委會數量、資訊局數量、青年局數量、體育局數量、其他數量,智慧通勤:2; 韌性防災:1; 永續環境:0; 食安健康:1; 勞動福祉:1; 文化共融:1
taipei,829815b6-4fa9-4c5b-9c64-f29db28aa4b6,00029765,臺北市政府及所屬各機關訂定行政規則統計表,智慧通勤,False,True,True,table,通勤地圖與交通壓力分析,False,2,法律,公共資訊,原始資料,法務局,,法務局,每1年,CSV,中文,2022-09-22T00:00:00,/api/dataset/829815b6-4fa9-4c5b-9c64-f29db28aa4b6/resource/53e7d28d-7210-4487-918b-626b0d5bdc69/download,統計臺北市政府及所屬各機關每年度訂定行政規則之類別及數量,年度、秘書處數量、民政局數量、財政局數量、產發局數量、教育局數量、工務局數量、交通局數量、社會局數量、勞動局數量、警察局數量、衛生局數量、環保局數量、都發局數量、消防局數量、捷運局數量、翡管局數量、地政局數量、觀傳局數量、兵役局數量、主計處數量、人事處數量、政風處數量、北水處數量、研考會數量、法務局數量、原民會數量、公訓處數量、文化局數量、客委會數量、都委會數量、資訊局數量、體育局數量、其他數量,智慧通勤:2; 韌性防災:1; 永續環境:0; 食安健康:1; 勞動福祉:1; 文化共融:1
taipei,09554f34-e562-404b-8c02-945e4353ce11,00029695,臺北市政府審議訴願案件類型分析表,智慧通勤,False,True,True,table,通勤地圖與交通壓力分析,False,2,法律,公共資訊,原始資料,法務局,,法務局,每1年,CSV,中文,2022-09-22T00:00:00,/api/dataset/09554f34-e562-404b-8c02-945e4353ce11/resource/02394b15-4802-41d4-9f73-3fd4d051d862/download,統計臺北市政府訴願審議委員會每年度審議訴願案件之類別,年度、工務數量、文化數量、民政數量、交通數量、地政數量、社會數量、原民數量、消防數量、財稅數量、區政數量、捷運數量、教育數量、產發數量、都發數量、勞工數量、衛生數量、環保數量、警察數量、體育數量、觀傳數量、其他數量,智慧通勤:2; 韌性防災:1; 永續環境:0; 食安健康:1; 勞動福祉:2; 文化共融:1
taipei,612008c9-74d7-4c34-8bc8-3b9d30ac9416,00002673,臺北市政府推介就業服務按就業者職業別(57年至65年),智慧通勤,False,True,True,table,通勤地圖與交通壓力分析,False,2,統計,求職及就業,原始資料,主計處,,主計處,每1年,CSV,中文,2020-11-02T00:00:00,https://tsis.dbas.gov.taipei/statis/webMain.aspx?sys=220&ymf=5700&ymt=6500&kind=21&type=0&funid=a05006101&cycle=4&outmode=12&compmode=0&outkind=3&deflst=2&nzo=1,臺北市政府推介就業服務按就業者職業別(57年至65年)時間數列統計資料,統計期、性別、總計[人]、專門性技術性工作人員[人]、行政及管理人員[人]、佐理人員[人]、買賣工作人員[人]、農林漁牧及其他有關工作人員[人]、礦工採石工及其他有關工作人員[人]、運輸及交通工作人員[人]、技術工匠生產程序工及不屬他類工人[人]、服務運動及娛樂工作人員[人],智慧通勤:2; 韌性防災:0; 永續環境:0; 食安健康:0; 勞動福祉:1; 文化共融:0
taipei,dcf47287-0ff2-4c32-8bc8-1452e5b8ce6c,00002674,臺北市政府推介就業服務按就業者職業別(66年至84年),智慧通勤,False,True,True,table,通勤地圖與交通壓力分析,False,2,統計,求職及就業,原始資料,主計處,,主計處,每1年,CSV,中文,2020-11-02T00:00:00,https://tsis.dbas.gov.taipei/statis/webMain.aspx?sys=220&ymf=6600&ymt=8400&kind=21&type=0&funid=a05006102&cycle=4&outmode=12&compmode=0&outkind=3&deflst=2&nzo=1,臺北市政府推介就業服務按就業者職業別(66年至84年)時間數列統計資料,統計期、性別、總計[人]、專門性技術性工作人員[人]、行政及管理人員[人]、監督及佐理人員[人]、買賣工作人員[人]、服務工作人員[人]、農林漁牧狩獵工作人員[人]、生產及有關工人運輸設備操作工及體力工[人]、其他[人],智慧通勤:1; 韌性防災:0; 永續環境:0; 食安健康:0; 勞動福祉:1; 文化共融:0
taipei,8375f9c2-9e80-4556-a715-ac6e4a0bbd32,00002669,臺北市政府推介就業服務按求職人職業需求別(57年至65年),智慧通勤,False,True,True,table,通勤地圖與交通壓力分析,False,2,統計,求職及就業,原始資料,主計處,,主計處,每1年,CSV,中文,2020-11-02T00:00:00,https://tsis.dbas.gov.taipei/statis/webMain.aspx?sys=220&ymf=5700&ymt=6500&kind=21&type=0&funid=a05006001&cycle=4&outmode=12&compmode=0&outkind=3&deflst=2&nzo=1,臺北市政府推介就業服務按求職人職業需求別(57年至65年)時間數列統計資料,統計期、性別、總計[人]、專門性技術性工作人員[人]、行政及管理人員[人]、佐理人員[人]、買賣工作人員[人]、農林漁牧及其他有關工作人員[人]、礦工採石工及其他有關工作人員[人]、運輸及交通工作人員[人]、技術工匠生產程序工及不屬他類工人[人]、服務運動及娛樂工作人員[人],智慧通勤:2; 韌性防災:0; 永續環境:0; 食安健康:0; 勞動福祉:1; 文化共融:0
taipei,ade2ae11-8a7d-4b2c-991a-1e841ca807a5,00002670,臺北市政府推介就業服務按求職人職業需求別(66年至84年),智慧通勤,False,True,True,table,通勤地圖與交通壓力分析,False,2,統計,求職及就業,原始資料,主計處,,主計處,每1年,CSV,中文,2020-11-02T00:00:00,https://tsis.dbas.gov.taipei/statis/webMain.aspx?sys=220&ymf=6600&ymt=8400&kind=21&type=0&funid=a05006002&cycle=4&outmode=12&compmode=0&outkind=3&deflst=2&nzo=1,臺北市政府推介就業服務按求職人職業需求別(66年至84年)時間數列統計資料,統計期、性別、總計[人]、專門性技術性工作人員[人]、行政及管理人員[人]、監督及佐理人員[人]、買賣工作人員[人]、服務工作人員[人]、農林漁牧狩獵工作人員[人]、生產及有關工人運輸設備操作工及體力工[人]、其他[人],智慧通勤:1; 韌性防災:0; 永續環境:0; 食安健康:0; 勞動福祉:1; 文化共融:0
taipei,af2c015a-f11f-4a59-a3b0-bf4db7db2238,00029622,臺北市政府新建工程處道路公共設施維護管理資訊公開系統,智慧通勤,False,True,True,table,通勤地圖與交通壓力分析,False,2,工務,公共資訊,原始資料,工務局,新工處,工務局新工處,不定期更新,CSV,中文,2022-08-02T00:00:00,/api/dataset/af2c015a-f11f-4a59-a3b0-bf4db7db2238/resource/cc2a47e8-69db-4036-9abe-da1d2f08fc2b/download,臺北市政府新建工程處道路公共設施維護管理資訊公開系統資訊，含養護管理機關,序號、主類別、次類別、設施名稱、主管法規之中央目的事業主管機關、養護機關、上一級養護管理機關、中央部會或地方政府、養護頻率_年數量、養護紀錄_檔案民國年月、最近一次養護日期、維護管理狀況為、近期維護管理執行情形,智慧通勤:1; 韌性防災:0; 永續環境:0; 食安健康:0; 勞動福祉:0; 文化共融:0
taipei,2f4545e4-1160-470d-b768-76bc7d34cac3,00003785,臺北市政府暨所屬機關現任編制職員數官等別─79年以後,智慧通勤,False,True,True,table,通勤地圖與交通壓力分析,False,2,統計,公共資訊,原始資料,主計處,,主計處,每1年,CSV,中文,2021-02-25T00:00:00,https://tsis.dbas.gov.taipei/statis/webMain.aspx?sys=220&ymf=7900&kind=21&type=0&funid=a05036202&cycle=4&outmode=12&compmode=0&outkind=1&deflst=2&nzo=1,臺北市政府暨所屬機關現任編制職員數官等別─79年以後時間數列統計資料,統計期、機關數[單位]、現任編制職員數總計/合計[人]、現任編制職員數總計/男[人]、現任編制職員數總計/女[人]、現任編制職員數民選首長[人]、現任編制職員數政務人員[人]、現任編制職員數品位別/特任[人]、現任編制職員數品位別/簡任[人]、現任編制職員數品位別/薦任[人]、現任編制職員數品位別/委任[人]、現任編制職員數品位別/雇員[人]、現任編制職員數職位分類制/合計[人]、現任編制職員數職位分類制/12~14職等[人]、現任編制職員數職位分類制/8~11職等[人]、現任編制職員數職位分類制/1~7職等[人]、現任編制職員數警察職等/合計[人]、現任編制職員數警察職等/警監[人]、現任編制職員數警察職等/警正[人]、現任編制職員數警察職等/警佐[人]、現任編制職員數金融人員[人]、現任編制職員數交通事業人員[人]、現任編制職員數醫事人員/合計、現任編制職員數醫事人員/師[一]級、現任編制職員數醫事人員/師[二]級、現任編制職員數醫事人員/師[三]級、現任編制職員數醫事人員/士[生]級、現任編制職員數/校長及教師[人],智慧通勤:1; 韌性防災:0; 永續環境:0; 食安健康:0; 勞動福祉:0; 文化共融:0
taipei,52b693e5-695e-4e7d-ba9b-cce05cdaf8be,00029760,臺北市政府自治條例性別影響評估統計表,智慧通勤,False,True,True,table,通勤地圖與交通壓力分析,False,2,法律,公共資訊,原始資料,法務局,,法務局,每1年,CSV,中文,2022-09-22T00:00:00,/api/dataset/52b693e5-695e-4e7d-ba9b-cce05cdaf8be/resource/509ca7d7-3add-4276-a14e-6ab894fb385f/download,統計臺北市政府機關每年度制定或修正自治條例草案辦理性別影響評估數量,年度、工務數量、文化數量、民政數量、交通數量、地政數量、社會數量、原民數量、消防數量、財稅數量、區政數量、捷運數量、教育數量、產發數量、都發數量、勞工數量、衛生數量、環保數量、警察數量、體育數量、觀傳數量、建管數量、法制數量、總計數量,智慧通勤:2; 韌性防災:1; 永續環境:0; 食安健康:1; 勞動福祉:2; 文化共融:1
taipei,13e1a6fa-5345-43d1-8c85-cea1d1882d66,00029764,臺北市政府訂定自治規則統計表,智慧通勤,False,True,True,table,通勤地圖與交通壓力分析,False,2,法律,公共資訊,原始資料,法務局,,法務局,每1年,CSV,中文,2022-09-22T00:00:00,/api/dataset/13e1a6fa-5345-43d1-8c85-cea1d1882d66/resource/b3501a67-fd19-43c7-aa93-cde6db64df18/download,統計臺北市政府每年度訂定自治規則之類別及數量,年度、秘書處數量、民政局數量、財政局數量、產發局數量、教育局數量、工務局數量、交通局數量、社會局數量、勞動局數量、警察局數量、衛生局數量、環保局數量、都發局數量、消防局數量、捷運局數量、翡管局數量、地政局數量、觀傳局數量、兵役局數量、主計處數量、人事處數量、政風處數量、北水處數量、研考會數量、法務局數量、原民會數量、公訓處數量、文化局數量、客委會數量、都委會數量、資訊局數量、青年局數量、體育局數量、其他數量,智慧通勤:2; 韌性防災:1; 永續環境:0; 食安健康:1; 勞動福祉:1; 文化共融:1
taipei,68af4760-5442-4b42-90ba-614c243e9a22,00000897,臺北市政府警察局受理網路報案統計,智慧通勤,False,True,True,table,通勤地圖與交通壓力分析,False,2,治安,交通及通訊,原始資料,警察局,,警察局,每1年,CSV,中文,2022-02-23T00:00:00,/api/dataset/68af4760-5442-4b42-90ba-614c243e9a22/resource/15d00125-03aa-4d44-903b-8ac13adeeb2a/download,警察局受理網路報案統計,單位別、共計數量、竊盜數量、搶奪數量、賭博數量、詐欺數量、侵占數量、毀損數量、恐嚇數量、公共危險、違反著作權法、電腦犯罪、其他刑案、妨害安寧、遺失案件、違規停車、檢舉員警、非法外勞、檢舉色情、車禍、為民服務、糾紛、協尋人口、測試案件、無案情、其他,智慧通勤:2; 韌性防災:0; 永續環境:0; 食安健康:0; 勞動福祉:1; 文化共融:0
taipei,2dcf9813-a769-4374-bfa8-0abed34113ab,00000713,臺北市政府警察局各分局巡邏線箱數量,智慧通勤,False,True,True,table,通勤地圖與交通壓力分析,False,2,治安,生活安全及品質,原始資料,警察局,,警察局,每1年,CSV,中文,2015-08-10T00:00:00,/api/dataset/2dcf9813-a769-4374-bfa8-0abed34113ab/resource/5576f0c5-2856-4b52-a50f-2778ad5d53d5/download,警察局各分局巡邏線箱數量,單位、汽機車巡邏線數量、自行車巡邏線數量、徒步巡邏線數量、巡邏線上設置之巡邏箱數量、警勤區內設置之查巡合一巡邏箱數量、巡邏線上巡邏箱與勤區查巡合一巡邏箱設置重疊數量、其他臨時性、階段性巡邏袋數量,智慧通勤:1; 韌性防災:0; 永續環境:0; 食安健康:0; 勞動福祉:0; 文化共融:0
taipei,6ff44fd3-ac91-4615-884f-b58b9a2cb26e,00000819,臺北市政府警察局警用車輛油料管理月報表(局本部),智慧通勤,False,True,True,table,通勤地圖與交通壓力分析,False,2,統計,交通及通訊,原始資料,警察局,,警察局,每1年,CSV,中文,2015-08-21T00:00:00,/api/dataset/6ff44fd3-ac91-4615-884f-b58b9a2cb26e/resource/2a7aa854-75dc-444f-bd94-861b9dfe699e/download,警察局局本部警用車輛油料管理月報表,月份、無鉛汽油量（公升）、高級柴油量（公升）、合計（公升）、總金額（元）,智慧通勤:1; 韌性防災:0; 永續環境:0; 食安健康:0; 勞動福祉:0; 文化共融:0
taipei,78cd7f31-3f87-4b2f-acd3-c887305d4c37,00029745,臺北市新車、機動車輛及駕照監理統計資料(按使用燃料別分類),智慧通勤,False,True,True,table,通勤地圖與交通壓力分析,False,2,交通,交通及通訊,原始資料,交通局,,交通局,不定期更新,"CSV,CSV,CSV",中文,2022-09-16T00:00:00,"/api/dataset/78cd7f31-3f87-4b2f-acd3-c887305d4c37/resource/cff2e007-9c7c-435c-9fff-b4252de169a8/download,https://tcgbusfs.blob.core.windows.net/dotapp/stat_thb/臺北市機動車輛登記數－按使用燃料別分類.csv,https://tcgbusfs.blob.core.windows.net/dotapp/stat_thb/臺北市新車領牌數－按使用燃料別分類.csv",依據車種分類，提供臺北市新車領牌數、機動車輛登記數及駕照數，資料範圍從101年1月起(駕照數從96年起)，以月份作為統計單位。,資料年月、縣市、燃料別、車種類別、數量,智慧通勤:3; 韌性防災:0; 永續環境:0; 食安健康:0; 勞動福祉:0; 文化共融:0
taipei,10f01a73-69b6-4935-bc93-401cd6db8eed,00004089,臺北市智慧型公車站牌數量,智慧通勤,False,True,True,table,通勤地圖與交通壓力分析,False,2,統計,交通及通訊,原始資料,主計處,,主計處,每1年,CSV,中文,2022-02-10T00:00:00,https://tsis.dbas.gov.taipei/statis/webMain.aspx?sys=220&ymf=10900&kind=21&type=0&funid=a05043901&cycle=4&outmode=12&compmode=0&outkind=1&deflst=2&nzo=1,臺北市智慧型公車站牌數量時間數列統計資料,統計期、總數量、獨立式/LED數量、獨立式/電子紙數量、附掛式/LED數量、附掛式/電子紙數量,智慧通勤:3; 韌性防災:0; 永續環境:0; 食安健康:0; 勞動福祉:0; 文化共融:0
taipei,e2ad1cbb-f7aa-4d3c-82d0-d770a7581d7f,00000912,臺北市智慧型站牌所屬路線,智慧通勤,False,True,False,table,通勤地圖與交通壓力分析,True,2,交通,公共資訊,網路服務,交通局,公運處,交通局公運處,不定期更新,"JSON,CSV",中文,2017-01-06T00:00:00,"https://tcgbusfs.blob.core.windows.net/blobbus/TstIStopPath.json,/api/dataset/e2ad1cbb-f7aa-4d3c-82d0-d770a7581d7f/resource/8adff40f-88ea-4cdf-8b71-2c2182f1fde0/download",資料集說明文詳如https:/pto.gov.taipei/News_Content.aspx?n=A1DF07A86105B6BB&s=55E8ADD164E4F579&sms=2479B630A6BD8079,檔案名稱、縣市、縣市代碼、介接網址、主要欄位說明、更新頻率、檔案格式、說明文件網址,智慧通勤:4; 韌性防災:0; 永續環境:0; 食安健康:0; 勞動福祉:0; 文化共融:0
taipei,33a7cd78-cf37-45bd-92b0-1f0d97339ff0,00000904,臺北市業者營運基本資料,智慧通勤,False,True,False,table,通勤地圖與交通壓力分析,True,2,交通,公共資訊,網路服務,交通局,公運處,交通局公運處,不定期更新,"JSON,CSV",中文,2017-01-06T00:00:00,"https://tcgbusfs.blob.core.windows.net/blobbus/TstProvider.json,/api/dataset/33a7cd78-cf37-45bd-92b0-1f0d97339ff0/resource/1ea82e23-3241-4cc7-a0c5-1ed1d4955c2f/download",資料集說明文詳如https://pto.gov.taipei/News_Content.aspx?n=A1DF07A86105B6BB&s=55E8ADD164E4F579&sms=2479B630A6BD8079,檔案名稱、縣市、縣市代碼、介接網址、主要欄位說明、更新頻率、檔案格式、說明文件網址,智慧通勤:3; 韌性防災:0; 永續環境:0; 食安健康:0; 勞動福祉:0; 文化共融:0
taipei,3e9f580d-ef7d-4389-939f-e93f7b9af535,00000909,臺北市機動班次時刻表,智慧通勤,False,True,False,table,通勤地圖與交通壓力分析,True,2,交通,交通及通訊,網路服務,交通局,公運處,交通局公運處,不定期更新,"CSV,JSON",中文,2017-01-06T00:00:00,"/api/dataset/3e9f580d-ef7d-4389-939f-e93f7b9af535/resource/aca87c13-aa35-4e69-b607-1d1cb2f8d915/download,https://tcgbusfs.blob.core.windows.net/blobbus/TstSemiTimeTable.json",各路線班距，資料集說明文詳如https://pto.gov.taipei/News_Content.aspx?n=A1DF07A86105B6BB&s=55E8ADD164E4F579&sms=2479B630A6BD8079,檔案名稱、縣市、縣市代碼、介接網址、主要欄位說明、更新頻率、檔案格式、說明文件網址,智慧通勤:4; 韌性防災:0; 永續環境:0; 食安健康:0; 勞動福祉:0; 文化共融:0
taipei,d2eee307-f2b1-4e49-a1c5-8299fcd4daba,00002960,臺北市機動車輛檢驗(101年以後),智慧通勤,False,True,True,table,通勤地圖與交通壓力分析,False,2,統計,交通及通訊,原始資料,主計處,,主計處,每1年,CSV,中文,2022-02-21T00:00:00,https://tsis.dbas.gov.taipei/statis/webMain.aspx?sys=220&ymf=10100&kind=21&type=0&funid=a05023102&cycle=4&outmode=12&compmode=0&outkind=1&deflst=2&nzo=1,"臺北市機動車輛檢驗(101年以後)時間數列統計資料
",統計期、機動車輛檢驗數總計、汽車檢驗/合計、汽車檢驗/監理機關檢驗/初驗合格新車數、汽車檢驗/監理機關檢驗/初驗合格重領牌照數、汽車檢驗/監理機關檢驗/初驗合格定檢數、汽車檢驗/監理機關檢驗/覆驗合格數、汽車檢驗/監理機關檢驗/覆驗不合格數、汽車檢驗/委託代檢/製造廠初驗合格數、汽車檢驗/委託代檢/代檢廠初驗合格數、汽車檢驗/委託代檢/覆驗合格數、汽車檢驗/委託代檢/覆驗不合格數、汽車檢驗/逾檢數、機車檢驗/合計、機車檢驗/監理機關檢驗數、機車檢驗/委託代檢數、機車檢驗/逾檢數,智慧通勤:1; 韌性防災:0; 永續環境:0; 食安健康:1; 勞動福祉:0; 文化共融:0
taipei,b9ce12f1-cbac-493b-8c70-0f6622e33ab0,00002959,臺北市機動車輛檢驗(70年到100年),智慧通勤,False,True,True,table,通勤地圖與交通壓力分析,False,2,統計,交通及通訊,原始資料,主計處,,主計處,每1年,CSV,中文,2020-10-28T00:00:00,https://tsis.dbas.gov.taipei/statis/webMain.aspx?sys=220&ymf=7000&ymt=10000&kind=21&type=0&funid=a05023101&cycle=4&outmode=12&compmode=0&outkind=1&deflst=2&nzo=1,臺北市機動車輛檢驗(70年到100年)時間數列統計資料,統計期、機動車輛檢驗數總計、汽車檢驗數/合計、汽車檢驗數/定期監理機關檢驗、汽車檢驗數/定期委託代驗、汽車檢驗數/未定期檢驗、汽車檢驗數/新車、汽車檢驗數/臨時檢驗、機車檢驗數/合計、機車檢驗數/定期檢驗、機車檢驗數/未定期檢驗、機車檢驗數/新車、機車檢驗數/臨時檢驗,智慧通勤:1; 韌性防災:0; 永續環境:0; 食安健康:1; 勞動福祉:0; 文化共融:0
taipei,ce44d079-6588-4dad-9232-9ecb88f205ff,00002057,臺北市機動車輛登記數,智慧通勤,False,True,True,table,通勤地圖與交通壓力分析,False,2,統計,交通及通訊,原始資料,主計處,,主計處,每1年,CSV,中文,2022-02-11T00:00:00,https://tsis.dbas.gov.taipei/statis/webMain.aspx?sys=220&ymf=5700&kind=21&type=0&funid=a05022601&cycle=4&outmode=12&compmode=0&outkind=3&deflst=2&nzo=1,臺北市機動車輛登記數時間數列統計資料,統計期、總數、汽車數/合計、汽車數/大客車/計、汽車數/大客車/自用、汽車數/大客車/營業、汽車數/大貨車/計、汽車數/大貨車/自用、汽車數/大貨車/營業、汽車數/小客車/計、汽車數/小客車/自用、汽車數/小客車/營業、汽車數/小貨車/計、汽車數/小貨車/自用、汽車數/小貨車/營業、汽車數/特種車、汽車數/大型自用特種車、汽車數/小型自用特種車、機車數/合計、機車數/大型重型、機車數/普通重型、機車數/輕型、電動汽車數、電動機車數、每千人擁有汽車數、每千人擁有機車數,智慧通勤:1; 韌性防災:0; 永續環境:0; 食安健康:0; 勞動福祉:0; 文化共融:0
taipei,bf7f4c40-ac1c-41ee-860d-9c8387aa88c0,00002539,臺北市機動車輛登記數按月別,智慧通勤,False,True,True,table,通勤地圖與交通壓力分析,False,2,統計,交通及通訊,原始資料,主計處,,主計處,每1月,"CSV,CSV",中文,2022-03-17T00:00:00,"https://tsis.dbas.gov.taipei/statis/webMain.aspx?sys=220&ymf=8701&kind=21&type=0&funid=a04002201&cycle=1&outmode=12&compmode=0&outkind=1&deflst=2&nzo=1,https://tsis.dbas.gov.taipei/statis/webMain.aspx?sys=220&ymf=10801&kind=21&type=0&funid=a04002202&cycle=1&outmode=12&compmode=0&outkind=3&deflst=2&nzo=1",臺北市機動車輛登記數按月別時間數列統計資料,統計期、機動車輛登記數/總計、機動車輛登記數/汽車/合計、機動車輛登記數/汽車/大型車自用、機動車輛登記數/汽車/大型車營業用、機動車輛登記數/汽車/小型車自用、機動車輛登記數/汽車/小型車營業用、機動車輛登記數/汽車/特種車、機動車輛登記數/機車、電動汽車登記數、電動機車登記數、每千人持有汽車數、每千人持有機車數,智慧通勤:1; 韌性防災:0; 永續環境:0; 食安健康:0; 勞動福祉:0; 文化共融:0
taipei,23aef451-d026-4d8b-ac25-a9cab53af336,00002927,臺北市每戶家庭收支－人數別,智慧通勤,False,True,True,table,通勤地圖與交通壓力分析,False,2,統計,公共資訊,原始資料,主計處,,主計處,每1年,"CSV,CSV",中文,2021-12-09T00:00:00,"/api/dataset/23aef451-d026-4d8b-ac25-a9cab53af336/resource/6cc0c64a-5bfd-450f-9480-55cd32654685/download,/api/dataset/23aef451-d026-4d8b-ac25-a9cab53af336/resource/8b076406-95ec-4c60-9f6d-dec496cc8e52/download","臺北市每戶家庭收支－人數別時間數列統計資料
",年別、戶內人數、家庭戶數、每戶人數、每戶成年人數、每戶就業人數、每戶所得收入者人數、[一]所得收入總計[NT]、1.受僱人員報酬[NT]、[1]本業薪資[NT]、[2]兼業薪資[NT]、[3]其他收入[NT]、2.產業主所得[NT]、3.財產所得收入[NT]、4.自用住宅設算租金收入[NT]、5.經常移轉收入[NT]、[1]從私人[NT]、[2]從政府[NT]、[3]社會保險受益[NT]、[4]從企業[NT]、[5]從國外[NT]、6.雜項收入[NT]、[二]非消費支出[NT]、1.利息支出[NT]、2.經常移轉支出[NT]、[1]對私人[NT]、[2]對政府[NT]、[3]社會保險[NT]、[4]對國外[NT]、[三]消費支出[NT]、1.食品及非酒精飲料[NT]、2.菸酒及檳榔[NT]、3.衣著鞋襪及服飾用品[NT]、4.住宅服務水電瓦斯及其他燃料[NT]、[1]住宅服務[NT]、[2]水電費及及燃料[NT]、5.家具設備及家務維護[NT]、6.醫療保健[NT]、7.交通[NT]、[1]個人交通工具之購置[NT]、[2]個人交通設備使用管理維護[NT]、[3]客運與貨物運輸服務[NT]、8.資通訊[NT]、9.休閒運動與文化[NT]、[1]套裝旅遊[不含自助旅遊][NT]、[2]休閒運動與文化用品[NT]、[3]休閒運動與文化服務[NT]、[4]書報雜誌文具[NT]、10.教育服務[NT]、11.餐廳及住宿服務[NT]、12.保險及金融服務[NT]、13.個人清潔照護社會保障及其他[NT]、可支配所得[NT]、消費支出[NT]、儲蓄[NT]、所得總額[NT],智慧通勤:3; 韌性防災:0; 永續環境:0; 食安健康:3; 勞動福祉:3; 文化共融:2
taipei,9a099aba-4a44-40f1-95ae-e0908df1980f,00002931,臺北市每戶家庭收支－住宅狀況別,智慧通勤,False,True,True,table,通勤地圖與交通壓力分析,False,2,統計,公共資訊,原始資料,主計處,,主計處,每1年,"CSV,CSV",中文,2021-12-09T00:00:00,"/api/dataset/9a099aba-4a44-40f1-95ae-e0908df1980f/resource/0f819f6b-120e-4367-839c-3df5d4fb11ca/download,/api/dataset/9a099aba-4a44-40f1-95ae-e0908df1980f/resource/785882cb-76a8-4bdc-af52-31648c937248/download","臺北市每戶家庭收支－住宅狀況別時間數列統計資料
",年別、住宅狀況、家庭戶數、每戶人數、每戶成年人數、每戶就業人數、每戶所得收入者人數、[一]所得收入總計[NT]、1.受僱人員報酬[NT]、[1]本業薪資[NT]、[2]兼業薪資[NT]、[3]其他收入[NT]、2.產業主所得[NT]、3.財產所得收入[NT]、4.自用住宅設算租金收入[NT]、5.經常移轉收入[NT]、[1]從私人[NT]、[2]從政府[NT]、[3]社會保險受益[NT]、[4]從企業[NT]、[5]從國外[NT]、6.雜項收入[NT]、[二]非消費支出[NT]、1.利息支出[NT]、2.經常移轉支出[NT]、[1]對私人[NT]、[2]對政府[NT]、[3]社會保險[NT]、[4]對國外[NT]、[三]消費支出[NT]、1.食品及非酒精飲料[NT]、2.菸酒及檳榔[NT]、3.衣著鞋襪及服飾用品[NT]、4.住宅服務水電瓦斯及其他燃料[NT]、[1]住宅服務[NT]、[2]水電費及及燃料[NT]、5.家具設備及家務維護[NT]、6.醫療保健[NT]、7.交通[NT]、[1]個人交通工具之購置[NT]、[2]個人交通設備使用管理維護[NT]、[3]客運與貨物運輸服務務[NT]、8. 資通訊[NT]、9.休閒運動與文化[NT]、[1]套裝旅遊[不含自助旅遊][NT]、[2]休閒運動與文化用品[NT]、[3]休閒運動與文化服務[NT]、[4]書報雜誌文具[NT]、10.教育服務[NT]、11.餐廳及住宿服務[NT]、12.保險及金融服務[NT]、13.個人清潔照護社會保障及其他[NT]、可支配所得[NT]、消費支出[NT]、儲蓄[NT]、所得總額[NT],智慧通勤:3; 韌性防災:0; 永續環境:0; 食安健康:3; 勞動福祉:3; 文化共融:2
taipei,ae61ec1b-5e2e-4aea-bde6-bae6e07789b2,00002933,臺北市每戶家庭收支－可支配所得戶數五等分位別,智慧通勤,False,True,True,table,通勤地圖與交通壓力分析,False,2,統計,公共資訊,原始資料,主計處,,主計處,每1年,"CSV,CSV",中文,2021-12-09T00:00:00,"/api/dataset/ae61ec1b-5e2e-4aea-bde6-bae6e07789b2/resource/95262b93-9aab-4e73-a27a-624f2d067978/download,/api/dataset/ae61ec1b-5e2e-4aea-bde6-bae6e07789b2/resource/946cc332-23ff-4ec5-a311-8a30dc3b88f6/download","臺北市每戶家庭收支－可支配所得戶數五等分位別時間數列統計資料
",年別、可支配所得戶數五等分位、家庭戶數、每戶人數、每戶成年人數、每戶就業人數、每戶所得收入者人數、[一]所得收入總計[NT]、1.受僱人員報酬[NT]、[1]本業薪資[NT]、[2]兼業薪資[NT]、[3]其他收入[NT]、2.產業主所得[NT]、3.財產所得收入[NT]、4.自用住宅設算租金收入[NT]、5.經常移轉收入[NT]、[1]從私人[NT]、[2]從政府[NT]、[3]社會保險受益[NT]、[4]從企業[NT]、[5]從國外[NT]、6.雜項收入[NT]、[二]非消費支出[NT]、1.利息支出[NT]、2.經常移轉支出[NT]、[1]對私人[NT]、[2]對政府[NT]、[3]社會保險[NT]、[4]對國外[NT]、[三]消費支出[NT]、1.食品及非酒精飲料[NT]、2.菸酒及檳榔[NT]、3.衣著鞋襪及服飾用品[NT]、4.住宅服務水電瓦斯及其他燃料[NT]、[1]住宅服務[NT]、[2]水電費及及燃料[NT]、5.家具設備及家務維護[NT]、6.醫療保健[NT]、7.交通[NT]、[1]個人交通工具之購置[NT]、[2]個人交通設備使用管理維護[NT]、[3]客運與貨物運輸服務[NT]、8.資通訊[NT]、9.休閒運動與文化[NT]、[1]套裝旅遊[不含自助旅遊][NT]、[2]休閒運動與文化用品[NT]、[3]休閒運動與文化服務[NT]、[4]書報雜誌文具[NT]、10.教育服務[NT]、11.餐廳及住宿服務[NT]、12.保險及金融服務[NT]、13.個人清潔照護社會保障及其他[NT]、可支配所得[NT]、消費支出[NT]、儲蓄[NT]、所得總額[NT],智慧通勤:3; 韌性防災:0; 永續環境:0; 食安健康:3; 勞動福祉:3; 文化共融:2
taipei,67d39ffb-e26f-4910-bc79-8ec9481bb362,00002929,臺北市每戶家庭收支－家庭組織型態別,智慧通勤,False,True,True,table,通勤地圖與交通壓力分析,False,2,統計,公共資訊,原始資料,主計處,,主計處,每1年,"CSV,CSV",中文,2021-12-09T00:00:00,"/api/dataset/67d39ffb-e26f-4910-bc79-8ec9481bb362/resource/dd5e125b-4a87-42e4-af39-d8ba2ad2a1bc/download,/api/dataset/67d39ffb-e26f-4910-bc79-8ec9481bb362/resource/15ca7956-5867-456f-8464-b6819976ab52/download",臺北市每戶家庭收支－家庭組織型態別時間數列統計資料,年別、家庭組織型態、家庭戶數、每戶人數、每戶成年人數、每戶就業人數、每戶所得收入者人數、[一]所得收入總計[NT]、1.受僱人員報酬[NT]、[1]本業薪資[NT]、[2]兼業薪資[NT]、[3]其他收入[NT]、2.產業主所得[NT]、3.財產所得收入[NT]、4.自用住宅設算租金收入[NT]、5.經常移轉收入[NT]、[1]從私人[NT]、[2]從政府[NT]、[3]社會保險受益[NT]、[4]從企業[NT]、[5]從國外[NT]、6.雜項收入[NT]、[二]非消費支出[NT]、1.利息支出[NT]、2.經常移轉支出[NT]、[1]對私人[NT]、[2]對政府[NT]、[3]社會保險[NT]、[4]對國外[NT]、[三]消費支出[NT]、1.食品及非酒精飲料[NT]、2.菸酒及檳榔[NT]、3.衣著鞋襪及服飾用品[NT]、4.住宅服務水電瓦斯及其他燃料[NT]、[1]住宅服務[NT]、[2]水電費及及燃料[NT]、5.家具設備及家務維護[NT]、6.醫療保健[NT]、7.交通[NT]、[1]個人交通工具之購置[NT]、[2]個人交通設備使用管理維護[NT]、[3]客運與貨物運輸服務[NT]、8.資通訊[NT]、9.休閒運動與文化[NT]、[1]套裝旅遊[不含自助旅遊][NT]、[2]休閒運動與文化用品[NT]、[3]休閒運動與文化服務[NT]、[4]書報雜誌文具[NT]、10.教育服務[NT]、11.餐廳及住宿服務[NT]、12.保險及金融服務[NT]、13.個人清潔照護社會保障及其他[NT]、可支配所得[NT]、消費支出[NT]、儲蓄[NT]、所得總額[NT],智慧通勤:3; 韌性防災:0; 永續環境:0; 食安健康:3; 勞動福祉:3; 文化共融:2
taipei,26c3817c-0713-4657-8cd8-aa842eb59f97,00002924,臺北市每戶家庭收支－經濟戶長年齡組別,智慧通勤,False,True,True,table,通勤地圖與交通壓力分析,False,2,統計,公共資訊,原始資料,主計處,,主計處,每1年,"CSV,CSV",中文,2021-12-09T00:00:00,"/api/dataset/26c3817c-0713-4657-8cd8-aa842eb59f97/resource/cab88cec-17c8-458e-9014-00b39d9534f0/download,/api/dataset/26c3817c-0713-4657-8cd8-aa842eb59f97/resource/63e4d839-ef65-46a8-b4d1-1bbfeeca5516/download","臺北市每戶家庭收支－經濟戶長年齡組別時間數列統計資料
",年別、經濟戶長年齡組、家庭戶數、每戶人數、每戶成年人數、每戶就業人數、每戶所得收入者人數、[一]所得收入總計[NT]、1.受僱人員報酬[NT]、[1]本業薪資[NT]、[2]兼業薪資[NT]、[3]其他收入[NT]、2.產業主所得[NT]、3.財產所得收入[NT]、4.自用住宅設算租金收入[NT]、5.經常移轉收入[NT]、[1]從私人[NT]、[2]從政府[NT]、[3]社會保險受益[NT]、[4]從企業[NT]、[5]從國外[NT]、6.雜項收入[NT]、[二]非消費支出[NT]、1.利息支出[NT]、2.經常移轉支出[NT]、[1]對私人[NT]、[2]對政府[NT]、[3]社會保險[NT]、[4]對國外[NT]、[三]消費支出[NT]、1.食品及非酒精飲料[NT]、2.菸酒及檳榔[NT]、3.衣著鞋襪及服飾用品[NT]、4.住宅服務水電瓦斯及其他燃料[NT]、[1]住宅服務[NT]、[2]水電費及及燃料[NT]、5.家具設備及家務維護[NT]、6.醫療保健[NT]、7.交通[NT]、[1]個人交通工具之購置[NT]、[2]個人交通設備使用管理維護[NT]、[3]客運與貨物運輸服務[NT]、8.資通訊[NT]、9.休閒運動與文化[NT]、[1]套裝旅遊[不含自助旅遊][NT]、[2]休閒運動與文化用品[NT]、[3]休閒運動與文化服務[NT]、[4]書報雜誌文具[NT]、10.教育服務[NT]、11.餐廳及住宿服務[NT]、12.保險及金融服務[NT]、13.個人清潔照護社會保障及其他[NT]、可支配所得[NT]、消費支出[NT]、儲蓄[NT]、所得總額[NT],智慧通勤:3; 韌性防災:0; 永續環境:0; 食安健康:3; 勞動福祉:3; 文化共融:2
taipei,a2c45c98-9440-41f1-9057-ceb4b4242f47,00002923,臺北市每戶家庭收支－經濟戶長性別,智慧通勤,False,True,True,table,通勤地圖與交通壓力分析,False,2,統計,公共資訊,原始資料,主計處,,主計處,每1年,"CSV,CSV",中文,2021-12-09T00:00:00,"/api/dataset/a2c45c98-9440-41f1-9057-ceb4b4242f47/resource/74554da7-635c-4ba0-b7cf-db9f16d1155c/download,/api/dataset/a2c45c98-9440-41f1-9057-ceb4b4242f47/resource/cca77fa8-ddd4-4229-bd83-321b132db789/download",臺北市每戶家庭收支－經濟戶長性別時間數列統計資料,年別、性別、家庭戶數、每戶人數、每戶成年人數、每戶就業人數、每戶所得收入者人數、[一]所得收入總計[NT]、1.受僱人員報酬[NT]、[1]本業薪資[NT]、[2]兼業薪資[NT]、[3]其他收入[NT]、2.產業主所得[NT]、3.財產所得收入[NT]、4.自用住宅設算租金收入[NT]、5.經常移轉收入[NT]、[1]從私人[NT]、[2]從政府[NT]、[3]社會保險受益[NT]、[4]從企業[NT]、[5]從國外[NT]、6.雜項收入[NT]、[二]非消費支出[NT]、1.利息支出[NT]、2.經常移轉支出[NT]、[1]對私人[NT]、[2]對政府[NT]、[3]社會保險[NT]、[4]對國外[NT]、[三]消費支出[NT]、1.食品及非酒精飲料[NT]、2.菸酒及檳榔[NT]、3.衣著鞋襪及服飾用品[NT]、4.住宅服務水電瓦斯及其他燃料[NT]、[1]住宅服務[NT]、[2]水電費及燃料[NT]、5.家具設備及家務維護[NT]、6.醫療保健[NT]、7.交通[NT]、[1]個人交通工具之購置[NT]、[2]個人交通設備使用管理維護[NT]、[3]客運與貨物運輸服務[NT]、8.資通訊[NT]、9.休閒運動與文化[NT]、[1]套裝旅遊[不含自助旅遊][NT]、[2]休閒運動與文化用品[NT]、[3]休閒運動與文化服務[NT]、[4]書報雜誌文具[NT]、10.教育服務[NT]、11.餐廳及住宿服務[NT]、12.保險及金融服務[NT]、13.個人清潔照護社會保障及其他[NT]、可支配所得[NT]、消費支出[NT]、儲蓄[NT]、所得總額[NT],智慧通勤:3; 韌性防災:0; 永續環境:0; 食安健康:3; 勞動福祉:3; 文化共融:2
taipei,c43bdf0f-f316-4ceb-882b-89bcd3327f3d,00002926,臺北市每戶家庭收支－經濟戶長教育程度別,智慧通勤,False,True,True,table,通勤地圖與交通壓力分析,False,2,統計,公共資訊,原始資料,主計處,,主計處,每1年,"CSV,CSV",中文,2021-12-09T00:00:00,"/api/dataset/c43bdf0f-f316-4ceb-882b-89bcd3327f3d/resource/232129a1-63a3-45a2-9263-5a8d9bbc643b/download,/api/dataset/c43bdf0f-f316-4ceb-882b-89bcd3327f3d/resource/edc1e5ff-a96a-487b-929c-9ecccec9fec2/download","臺北市每戶家庭收支－經濟戶長教育程度別時間數列統計資料
",年別、經濟戶長教育程度、家庭戶數、每戶人數、每戶成年人數、每戶就業人數、每戶所得收入者人數、[一]所得收入總計[NT]、1.受僱人員報酬[NT]、[1]本業薪資[NT]、[2]兼業薪資[NT]、[3]其他收入[NT]、2.產業主所得[NT]、3.財產所得收入[NT]、4.自用住宅設算租金收入[NT]、5.經常移轉收入[NT]、[1]從私人[NT]、[2]從政府[NT]、[3]社會保險受益[NT]、[4]從企業[NT]、[5]從國外[NT]、6.雜項收入[NT]、[二]非消費支出[NT]、1.利息支出[NT]、2.經常移轉支出[NT]、[1]對私人[NT]、[2]對政府[NT]、[3]社會保險[NT]、[4]對國外[NT]、[三]消費支出[NT]、1.食品及非酒精飲料[NT]、2.菸酒及檳榔[NT]、3.衣著鞋襪及服飾用品[NT]、4.住宅服務水電瓦斯及其他燃料[NT]、[1]住宅服務[NT]、[2]水電費及及燃料[NT]、5.家具設備及家務維護[NT]、6.醫療保健[NT]、7.交通[NT]、[1]個人交通工具之購置[NT]、[2]個人交通設備使用管理維護[NT]、[3]客運與貨物運輸服務[NT]、8.資通訊[NT]、9.休閒運動與文化[NT]、[1]套裝旅遊[不含自助旅遊][NT]、[2]休閒運動與文化用品[NT]、[3]休閒運動與文化服務[NT]、[4]書報雜誌文具[NT]、10.教育服務[NT]、11.餐廳及住宿服務[NT]、12.保險及金融服務[NT]、13.個人清潔照護社會保障及其他[NT]、可支配所得[NT]、消費支出[NT]、儲蓄[NT]、所得總額[NT],智慧通勤:3; 韌性防災:0; 永續環境:0; 食安健康:3; 勞動福祉:3; 文化共融:2
taipei,aea920e3-4d36-4811-8ca1-c91e6334df5a,00002925,臺北市每戶家庭收支－經濟戶長職業別,智慧通勤,False,True,True,table,通勤地圖與交通壓力分析,False,2,統計,公共資訊,原始資料,主計處,,主計處,每1年,"CSV,CSV",中文,2021-12-09T00:00:00,"/api/dataset/aea920e3-4d36-4811-8ca1-c91e6334df5a/resource/0a18d513-3a19-437e-b2a3-14d675c48554/download,/api/dataset/aea920e3-4d36-4811-8ca1-c91e6334df5a/resource/774a2986-52c7-4c10-a419-a07550738de8/download","臺北市每戶家庭收支－經濟戶長職業別時間數列統計資料
",年別、職業、家庭戶數、每戶人數、每戶成年人數、每戶就業人數、每戶所得收入者人數、[一]所得收入總計[NT]、1.受僱人員報酬[NT]、[1]本業薪資[NT]、[2]兼業薪資[NT]、[3]其他收入[NT]、2.產業主所得[NT]、3.財產所得收入[NT]、4.自用住宅設算租金收入[NT]、5.經常移轉收入[NT]、[1]從私人[NT]、[2]從政府[NT]、[3]社會保險受益[NT]、[4]從企業[NT]、[5]從國外[NT]、6.雜項收入[NT]、[二]非消費支出[NT]、1.利息支出[NT]、2.經常移轉支出[NT]、[1]對私人[NT]、[2]對政府[NT]、[3]社會保險[NT]、[4]對國外[NT]、[三]消費支出[NT]、1.食品及非酒精飲料[NT]、2.菸酒及檳榔[NT]、3.衣著鞋襪及服飾用品[NT]、4.住宅服務水電瓦斯及其他燃料[NT]、[1]住宅服務[NT]、[2]水電費及及燃料[NT]、5.家具設備及家務維護[NT]、6.醫療保健[NT]、7.交通[NT]、[1]個人交通工具之購置[NT]、[2]個人交通設備使用管理維護[NT]、[3]客運與貨物運輸服務[NT]、8.資通訊[NT]、9.休閒運動與文化[NT]、[1]套裝旅遊[不含自助旅遊][NT]、[2]休閒運動與文化用品[NT]、[3]休閒運動與文化服務[NT]、[4]書報雜誌文具[NT]、10.教育服務[NT]、11.餐廳及住宿服務[NT]、12.保險及金融服務[NT]、13.個人清潔照護社會保障及其他[NT]、可支配所得[NT]、消費支出[NT]、儲蓄[NT]、所得總額[NT],智慧通勤:3; 韌性防災:0; 永續環境:0; 食安健康:3; 勞動福祉:3; 文化共融:2
taipei,742f6640-d0ae-4e1a-ae98-2c78a5b7aa17,00002922,臺北市每戶家庭收支－經濟戶長行業別,智慧通勤,False,True,True,table,通勤地圖與交通壓力分析,False,2,統計,公共資訊,原始資料,主計處,,主計處,每1年,"CSV,CSV",中文,2021-12-09T00:00:00,"/api/dataset/742f6640-d0ae-4e1a-ae98-2c78a5b7aa17/resource/8f60dd92-a730-451e-8dee-79eda6fcc0b7/download,/api/dataset/742f6640-d0ae-4e1a-ae98-2c78a5b7aa17/resource/1c7be343-a2f8-46c6-8def-58e181c1da46/download",臺北市每戶家庭收支－經濟戶長行業別時間數列統計資料,年別、行業、家庭戶數、每戶人數、每戶成年人數、每戶就業人數、每戶所得收入者人數、[一]所得收入總計[NT]、1.受僱人員報酬[NT]、[1]本業薪資[NT]、[2]兼業薪資[NT]、[3]其他收入[NT]、2.產業主所得[NT]、3.財產所得收入[NT]、4.自用住宅設算租金收入[NT]、5.經常移轉收入[NT]、[1]從私人[NT]、[2]從政府[NT]、[3]社會保險受益[NT]、[4]從企業[NT]、[5]從國外[NT]、6.雜項收入[NT]、[二]非消費支出[NT]、1.利息支出[NT]、2.經常移轉支出[NT]、[1]對私人[NT]、[2]對政府[NT]、[3]社會保險[NT]、[4]對國外[NT]、[三]消費支出[NT]、1.食品及非酒精飲料[NT]、2.菸酒及檳榔[NT]、3.衣著鞋襪及服飾用品[NT]、4.住宅服務水電瓦斯及其他燃料[NT]、[1]住宅服務[NT]、[2]水電費及及燃料[NT]、5.家具設備及家務維護[NT]、6.醫療保健[NT]、7.交通[NT]、[1]個人交通工具之購置[NT]、[2]個人交通設備使用管理維護[NT]、[3]客運與貨物運輸服務[NT]、8.資通訊[NT]、9.休閒運動與文化[NT]、[1]套裝旅遊[不含自助旅遊][NT]、[2]休閒運動與文化用品[NT]、[3]休閒運動與文化服務[NT]、[4]書報雜誌文具[NT]、10.教育服務[NT]、11.餐廳及住宿服務[NT]、12.保險及金融服務[NT]、13.個人清潔照護社會保障及其他[NT]、可支配所得[NT]、消費支出[NT]、儲蓄[NT]、所得總額[NT],智慧通勤:3; 韌性防災:0; 永續環境:0; 食安健康:3; 勞動福祉:3; 文化共融:2
taipei,6a8e4394-81cb-41ea-b5f8-a185cd090f48,00003782,臺北市民眾使用網際網路情形調查,智慧通勤,False,True,True,table,通勤地圖與交通壓力分析,False,2,統計,交通及通訊,原始資料,主計處,,主計處,每1年,CSV,中文,2021-02-24T00:00:00,https://tsis.dbas.gov.taipei/statis/webMain.aspx?sys=220&ymf=9300&kind=21&type=0&funid=A05036002&cycle=4&outmode=12&compmode=0&outkind=1&deflst=2&nzo=1,臺北市民眾使用網際網路情形調查時間數列統計資料,統計期、家戶電腦擁有率[%]、家戶上網率[%]、家戶寬頻上網率[%]、家戶上網人口率[%]、個人平板電腦擁有率[%]、個人智慧型手機擁有率[%]、個人電腦使用率[%]、個人網路使用率[%]、65歲以上個人網路使用率[%]、個人行動上網率[%]、個人每日上網時間[分]、主要個人網際網路使用類型/即時通訊[%]、主要個人網際網路使用類型/網路影音娛樂[%]、主要個人網際網路使用類型/線上閱讀[%]、主要個人網際網路使用類型/雲端空間[%]、主要個人網際網路使用類型/網路銀行[%],智慧通勤:1; 韌性防災:0; 永續環境:0; 食安健康:0; 勞動福祉:1; 文化共融:0
taipei,84fcd280-82cd-4cee-a3c3-f61a494603eb,00003398,臺北市民眾檢舉前五大違規項目統計表,智慧通勤,False,True,True,table,通勤地圖與交通壓力分析,False,2,交通,交通及通訊,原始資料,警察局,交通大隊,警察局交通大隊,每1年,"CSV,CSV,CSV,CSV,CSV,CSV,CSV,CSV,CSV",中文,2021-07-01T00:00:00,"/api/dataset/84fcd280-82cd-4cee-a3c3-f61a494603eb/resource/518b725d-397e-44f3-b9c3-bf31494f91d2/download,/api/dataset/84fcd280-82cd-4cee-a3c3-f61a494603eb/resource/df9b720d-866a-42a0-a985-1af686633459/download,/api/dataset/84fcd280-82cd-4cee-a3c3-f61a494603eb/resource/e64741ea-f8dc-41ec-a236-e872cbc6019c/download,/api/dataset/84fcd280-82cd-4cee-a3c3-f61a494603eb/resource/cd1e16b0-a81f-485d-b26f-c44b04a675ef/download,/api/dataset/84fcd280-82cd-4cee-a3c3-f61a494603eb/resource/8c105798-8fb5-46af-8ffb-693b24007494/download,/api/dataset/84fcd280-82cd-4cee-a3c3-f61a494603eb/resource/c76c0eb1-7904-4888-82ca-830d5dc428e5/download,/api/dataset/84fcd280-82cd-4cee-a3c3-f61a494603eb/resource/f19a1a95-95f7-4a93-a21a-98e80e96874f/download,/api/dataset/84fcd280-82cd-4cee-a3c3-f61a494603eb/resource/4b95874b-457d-44a8-99da-c592c9806500/download,/api/dataset/84fcd280-82cd-4cee-a3c3-f61a494603eb/resource/c4c925ed-2ee6-4ad7-b8c9-39190a529fb5/download",提供臺北市歷年民眾檢舉前五名違規項目及件數統計資料。,序號、年度、縣市、縣市代碼、違規項目、筆數,智慧通勤:3; 韌性防災:0; 永續環境:0; 食安健康:0; 勞動福祉:0; 文化共融:0
taipei,b933cbbd-6c12-475e-ac02-2cd885427247,00002957,臺北市汽車運輸業家數及車輛數,智慧通勤,False,True,True,table,通勤地圖與交通壓力分析,False,2,統計,交通及通訊,原始資料,主計處,,主計處,每1年,CSV,中文,2020-11-20T00:00:00,https://tsis.dbas.gov.taipei/statis/webMain.aspx?sys=220&ymf=5700&kind=21&type=0&funid=a05023001&cycle=4&outmode=12&compmode=0&outkind=3&deflst=2&nzo=1,臺北市汽車運輸業家數及車輛數時間數列統計資料,統計期、家數/車數、總計[家；輛]、遊覽車客運業[家；輛]、車行計程車客運業[家；輛]、計程車運輸合作社[家；輛]、個人計程車客運業[家；輛]、汽車貨運業[家；輛]、小客貨車租賃業[家；輛]、市區汽車客運業[家；輛]、公路汽車客運業[家；輛],智慧通勤:3; 韌性防災:0; 永續環境:0; 食安健康:0; 勞動福祉:0; 文化共融:0
taipei,0cf1d853-b63c-4366-a611-217b2c419a1e,00002554,臺北市消費者物價指數按月別,智慧通勤,False,True,True,table,通勤地圖與交通壓力分析,False,2,統計,公共資訊,原始資料,主計處,,主計處,每1月,CSV,中文,2022-02-17T00:00:00,https://tsis.dbas.gov.taipei/statis/webMain.aspx?sys=220&ymf=8701&kind=21&type=0&funid=a04004001&cycle=1&outmode=12&compmode=0&outkind=1&deflst=2&nzo=1,臺北市消費者物價指數按月別時間數列統計資料,統計期、總指數、總指數漲跌率[%]、總指數[不含食物]、總指數[不含蔬果]、食物類指數、食物類漲跌率[%]、衣著類指數、居住類指數、房租指數、交通及通訊類指數、醫藥保健類指數、教養娛樂類指數、雜項類指數,智慧通勤:1; 韌性防災:0; 永續環境:0; 食安健康:0; 勞動福祉:0; 文化共融:0
taipei,815133f2-475c-44f6-a9a7-c1ec5825512a,00002903,臺北市火災起火原因及損失情形,智慧通勤,False,True,True,table,通勤地圖與交通壓力分析,False,2,統計,生活安全及品質,原始資料,主計處,,主計處,每1年,CSV,中文,2021-01-28T00:00:00,https://tsis.dbas.gov.taipei/statis/webMain.aspx?sys=220&ymf=5700&kind=21&type=0&funid=a05029801&cycle=4&outmode=12&compmode=0&outkind=1&deflst=2&nzo=1,"臺北市火災起火原因及損失情形時間數列統計資料

",統計期、火災發生次數[次]、每日火災發生次數[次]、每千戶火災發生次數[次]、按起火原因/總計、按起火原因/燈燭、按起火原因/爐火烹調、按起火原因/敬神掃墓祭祖、按起火原因/電氣因素、按起火原因/菸蒂、按起火原因/機械設備、按起火原因/自殺、按起火原因/縱火、按起火原因/玩火、按起火原因/烤火、按起火原因/施工不慎、按起火原因/易燃品自[復]燃、按起火原因/瓦斯漏氣爆炸、按起火原因/化學物品、按起火原因/燃放爆竹、按起火原因/交通事故、按起火原因/天然災害、按起火原因/遺留火種、按起火原因/因燃燒雜草垃圾、按起火原因/原因不明、按起火原因/其他、按起火時間/總計、按起火時間/0:00~3:00、按起火時間/3:00~6:00、按起火時間/6:00~9:00、按起火時間/9:00~12:00、按起火時間/12:00~15:00、按起火時間/15:00~18:00、按起火時間/18:00~21:00、按起火時間/21:00~24:00、按起火處所/總計、按起火處所/客廳、按起火處所/臥室、按起火處所/廚房、按起火處所/辦公室、按起火處所/倉庫、按起火處所/路邊、按起火處所/其他、死亡人數/總計、死亡人數/男、死亡人數/女、受傷人數/總計、受傷人數/男、受傷人數/女、被毀損房屋數[戶]、被毀損車輛數[輛]、財物損失/總計[千元]、財物損失/房屋[千元]、財物損失/其他[千元],智慧通勤:2; 韌性防災:2; 永續環境:0; 食安健康:0; 勞動福祉:0; 文化共融:0
taipei,28a8950d-1560-4907-9456-a566bdfa8626,00002356,臺北市營利事業家數及銷售額(57年至66年上半年),智慧通勤,False,True,True,table,通勤地圖與交通壓力分析,False,2,統計,公共資訊,原始資料,主計處,,主計處,每1年,CSV,中文,2020-10-14T00:00:00,https://tsis.dbas.gov.taipei/statis/webMain.aspx?sys=220&ymf=5700&ymt=6600&kind=21&type=0&funid=a05012301&cycle=4&outmode=12&compmode=0&outkind=1&deflst=2&nzo=1,臺北市營利事業家數及銷售額(57年至66年上半年)時間數列統計資料,統計期、總計/家數[家]、總計/銷售額[百萬元]、買賣業/家數[家]、買賣業/銷售額[百萬元]、製造業/家數[家]、製造業/銷售額[百萬元]、礦業/家數[家]、礦業/銷售額[百萬元]、營造業/家數[家]、營造業/銷售額[百萬元]、公用事業/家數[家]、公用事業/銷售額[百萬元]、運輸倉儲業/家數[家]、運輸倉儲業/銷售額[百萬元]、金融業/家數[家]、金融業/銷售額[百萬元]、新聞業/家數[家]、新聞業/銷售額[百萬元]、飲食業/家數[家]、飲食業/銷售額[百萬元]、娛樂業/家數[家]、娛樂業/銷售額[百萬元]、其他服務業/家數[家]、其他服務業/銷售額[百萬元],智慧通勤:1; 韌性防災:0; 永續環境:0; 食安健康:0; 勞動福祉:0; 文化共融:0
taipei,8e71a3f1-4b69-43c8-8803-5529063b3a8e,00002357,臺北市營利事業家數及銷售額(66年下半年至96年),智慧通勤,False,True,True,table,通勤地圖與交通壓力分析,False,2,統計,公共資訊,原始資料,主計處,,主計處,不定期更新,CSV,中文,2020-10-14T00:00:00,https://tsis.dbas.gov.taipei/statis/webMain.aspx?sys=220&ymf=6600&ymt=9600&kind=21&type=0&funid=a05012302&cycle=4&outmode=12&compmode=0&outkind=1&deflst=2&nzo=1,臺北市營利事業家數及銷售額(66年下半年至96年)時間數列統計資料,統計期、總計/家數[家]、總計/銷售額[百萬元]、農林漁牧及狩獵業/家數[家]、農林漁牧及狩獵業/銷售額[百萬元]、礦業及土石採取業/家數[家]、礦業及土石採取業/銷售額[百萬元]、製造業/家數[家]、製造業/銷售額[百萬元]、水電燃氣業/家數[家]、水電燃氣業/銷售額[百萬元]、營造業/家數[家]、營造業/銷售額[百萬元]、商業/家數[家]、商業/銷售額[百萬元]、運輸倉儲及通信業/家數[家]、運輸倉儲及通信業/銷售額[百萬元]、金融保險不動產及工商服務業/家數[家]、金融保險不動產及工商服務業/銷售額[百萬元]、社會團體及個人服務業/家數[家]、社會團體及個人服務業/銷售額[百萬元]、公共行政業及其他/家數[家]、公共行政業及其他/銷售額[百萬元]萬元],智慧通勤:1; 韌性防災:0; 永續環境:0; 食安健康:0; 勞動福祉:1; 文化共融:0
taipei,b391f327-7017-4839-82ce-f9418696db78,00002358,臺北市營利事業家數及銷售額(97年以後),智慧通勤,False,True,True,table,通勤地圖與交通壓力分析,False,2,統計,公共資訊,原始資料,主計處,,主計處,每1年,CSV,中文,2022-02-24T00:00:00,https://tsis.dbas.gov.taipei/statis/webMain.aspx?sys=220&ymf=9700&kind=21&type=0&funid=a05012303&cycle=4&outmode=12&compmode=0&outkind=1&deflst=2&nzo=1,臺北市營利事業家數及銷售額(97年以後)時間數列統計資料,統計期、家數[家]/ 總計、家數[家]/ 農林漁牧業、家數[家]/ 礦業及土石採取業、家數[家]/ 製造業、家數[家]/ 電力及燃氣供應業、家數[家]/ 用水供應及污染整治業、家數[家]/ 營建工程業、家數[家]/ 批發及零售業、家數[家]/ 運輸及倉儲業、家數[家]/ 住宿及餐飲業、家數[家]/ 出版影音製作傳播及資通訊服務業、家數[家]/ 金融及保險業、家數[家]/ 不動產業、家數[家]/ 專業科學及技術服務業、家數[家]/ 支援服務業、家數[家]/ 公共行政及國防；強制性社會安全、家數[家]/ 教育業、家數[家]/ 醫療保健及社會工作服務業、家數[家]/ 藝術娛樂及休閒服務業、家數[家]/ 其他服務業、家數[家]/ 其他不能歸類之行業、銷售額[百萬元]/ 總計、銷售額[百萬元]/ 農林漁牧業、銷售額[百萬元]/ 礦業及土石採取業、銷售額[百萬元]/ 製造業、銷售額[百萬元]/ 電力及燃氣供應業、銷售額[百萬元]/ 用水供應及污染整治業、銷售額[百萬元]/ 營建工程業、銷售額[百萬元]/ 批發及零售業、銷售額[百萬元]/ 運輸及倉儲業、銷售額[百萬元]/ 住宿及餐飲業、銷售額[百萬元]/ 出版影音製作傳播及資通訊服務業、銷售額[百萬元]/ 金融及保險業、銷售額[百萬元]/ 不動產業、銷售額[百萬元]/ 專業科學及技術服務業、銷售額[百萬元]/ 支援服務業、銷售額[百萬元]/ 公共行政及國防；強制性社會安全、銷售額[百萬元]/ 教育業、銷售額[百萬元]/ 醫療保健及社會工作服務業、銷售額[百萬元]/ 藝術娛樂及休閒服務業、銷售額[百萬元]/ 其他服務業、銷售額[百萬元]/ 其他不能歸類之行業,智慧通勤:1; 韌性防災:0; 永續環境:1; 食安健康:1; 勞動福祉:1; 文化共融:0
taipei,a6838eac-4f04-48d8-bf17-9d0fd9886f57,00002592,臺北市環境衛生管理概況,智慧通勤,False,True,True,table,通勤地圖與交通壓力分析,False,2,統計,生活安全及品質,原始資料,主計處,,主計處,每1年,CSV,中文,2021-02-26T00:00:00,https://tsis.dbas.gov.taipei/statis/webMain.aspx?sys=220&ymf=8500&kind=21&type=0&funid=A05034201&cycle=4&outmode=12&compmode=0&outkind=1&deflst=2&nzo=1,"臺北市環境衛生管理概況時間數列統計資料
",統計期、風景名勝遊樂區市場及鐵公路客運車站環境衛生督導處數[處]、風景名勝遊樂區市場及鐵公路客運車站環境衛生輔導改善處數[處]、風景名勝遊樂區市場及鐵公路客運車站環境衛生抽查次數[次]、風景名勝遊樂區市場及鐵公路客運車站環境衛生告發取締次數[次]、現有建檔管理公廁數[座]、公廁檢驗抽查次數[次]、公廁檢驗抽查座數[座次]、現有流動廁所數[座]、髒亂死角清除處數[處]、髒亂死角告發取締件數[件]、清潔排水溝幹支線長度[公尺]、排水溝幹支線清除淤泥量[公噸]、行人專用清潔箱[個],智慧通勤:2; 韌性防災:0; 永續環境:1; 食安健康:2; 勞動福祉:0; 文化共融:0
taipei,ce7d3d2b-096f-4f2d-b7cf-cdd6a529f35c,00000916,臺北市站位資訊,智慧通勤,False,True,False,table,通勤地圖與交通壓力分析,True,2,交通,公共資訊,網路服務,交通局,公運處,交通局公運處,不定期更新,"JSON,CSV",中文,2017-01-06T00:00:00,"https://tcgbusfs.blob.core.windows.net/blobbus/TstStopLocation.json,/api/dataset/ce7d3d2b-096f-4f2d-b7cf-cdd6a529f35c/resource/a3677de6-5da8-47e9-8cbb-b991c5b429e5/download",資料集說明文件詳如https://pto.gov.taipei/News_Content.aspx?n=A1DF07A86105B6BB&s=55E8ADD164E4F579,檔案名稱、縣市、縣市代碼、介接網址、主要欄位說明、更新頻率、檔案格式、說明文件網址,智慧通勤:3; 韌性防災:0; 永續環境:0; 食安健康:0; 勞動福祉:0; 文化共融:0
taipei,62bc76da-6e6b-46ee-8976-c1945092d504,00000914,臺北市站牌,智慧通勤,False,True,False,table,通勤地圖與交通壓力分析,True,2,交通,公共資訊,網路服務,交通局,公運處,交通局公運處,不定期更新,"CSV,JSON",中文,2018-01-01T00:00:00,"/api/dataset/62bc76da-6e6b-46ee-8976-c1945092d504/resource/8ddf973e-c1c3-4107-8742-c6417a6fcac2/download,https://tcgbusfs.blob.core.windows.net/blobbus/TstStop.json",資料集說明文詳如https://pto.gov.taipei/News_Content.aspx?n=A1DF07A86105B6BB&s=55E8ADD164E4F579&sms=2479B630A6BD8079,檔案名稱、縣市、縣市代碼、介接網址、主要欄位說明、更新頻率、檔案格式、說明文件網址,智慧通勤:3; 韌性防災:0; 永續環境:0; 食安健康:0; 勞動福祉:0; 文化共融:0
taipei,b5925972-67f6-45da-a2ff-3208bbe64f14,00003781,臺北市網路服務,智慧通勤,False,True,True,table,通勤地圖與交通壓力分析,False,2,統計,交通及通訊,原始資料,主計處,,主計處,每1年,CSV,中文,2021-03-08T00:00:00,https://tsis.dbas.gov.taipei/statis/webMain.aspx?sys=220&ymf=8700&kind=21&type=0&funid=A05035801&cycle=4&outmode=12&compmode=0&outkind=1&deflst=2&nzo=1,臺北市網路服務時間數列統計資料,統計期、市府網站造訪人次[人次]、市民e點通上網人次[人次]、市民服務大平臺造訪人次[人次]、台北通累計開通數[件]、臺北公眾區免費無線上網[Taipei Free]熱點數[處]、臺北公眾區免費無線上網[Taipei Free]申辦帳號數[個]、臺北公眾區免費無線上網[Taipei Free]使用人次[人次]、市民免費上網訓練參訓累計人次[人次]、市府行動應用服務APP項目數[項]、市府行動應用服務APP累計下載使用人次[人次]、臺北好行APP累計下載使用人次[人次]、開放資料資料集項目數[項]、開放資料累計使用次數[次],智慧通勤:1; 韌性防災:0; 永續環境:0; 食安健康:0; 勞動福祉:0; 文化共融:0
taipei,a6c536fd-eacb-4978-b36a-b62a0b086165,00002062,臺北市總決算附屬單位決算營業基金損益綜計表(依機關及基金別),智慧通勤,False,True,True,table,通勤地圖與交通壓力分析,False,2,財稅,公共資訊,原始資料,主計處,,主計處,不定期更新,"XML,XML,XML,XML,XML,XML,XML",中文,2021-04-30T00:00:00,"/api/dataset/a6c536fd-eacb-4978-b36a-b62a0b086165/resource/be87dbd6-f519-49b8-aaab-8180b016802d/download,/api/dataset/a6c536fd-eacb-4978-b36a-b62a0b086165/resource/c0ae1737-55e7-4be5-ab59-e89300ea3ccc/download,/api/dataset/a6c536fd-eacb-4978-b36a-b62a0b086165/resource/3bb9f32e-1c2d-4ec6-9191-fe1a65456caf/download,/api/dataset/a6c536fd-eacb-4978-b36a-b62a0b086165/resource/b8b03f58-301b-4047-8561-b377815bebbe/download,/api/dataset/a6c536fd-eacb-4978-b36a-b62a0b086165/resource/6e749d68-6ed0-4c8b-a4f5-f1873815f27c/download,/api/dataset/a6c536fd-eacb-4978-b36a-b62a0b086165/resource/0c1fa819-fe9e-4427-bbf7-701c84e017d1/download,/api/dataset/a6c536fd-eacb-4978-b36a-b62a0b086165/resource/8402bee6-1645-47dc-8345-bd5f35375139/download",總決算附屬單位決算營業基金損益綜計表(依機關及基金別),科目、合計-金額、合計-百分比、財政局主管-臺北市動產質借處-金額、財政局主管-臺北市動產質借處-百分比、交通局主管-臺北大眾捷運股份有限公司-金額、交通局主管-臺北大眾捷運股份有限公司-百分比、自來水事業處主管-臺北自來水事業處-金額、自來水事業處主管-臺北自來水事業處-百分比、捷運工程局主管-臺北都會區大眾捷運系統土地開發基金-金額、捷運工程局主管-臺北都會區大眾捷運系統土地開發基金-百分比,智慧通勤:2; 韌性防災:0; 永續環境:0; 食安健康:0; 勞動福祉:0; 文化共融:0
taipei,544c6342-3922-44ab-bbb8-66647d4d3ebe,00002097,臺北市總決算附屬單位決算營業基金現金流量綜計表(依機關及基金別),智慧通勤,False,True,True,table,通勤地圖與交通壓力分析,False,2,財稅,公共資訊,原始資料,主計處,,主計處,不定期更新,"XML,XML,XML,XML,XML,XML,XML",中文,2021-04-30T00:00:00,"/api/dataset/544c6342-3922-44ab-bbb8-66647d4d3ebe/resource/83c71b2f-779e-487b-894a-313a1bca78dd/download,/api/dataset/544c6342-3922-44ab-bbb8-66647d4d3ebe/resource/9520021c-628e-4f23-8f7a-33e5dc207438/download,/api/dataset/544c6342-3922-44ab-bbb8-66647d4d3ebe/resource/bc910309-165a-4a84-860e-2338b2375619/download,/api/dataset/544c6342-3922-44ab-bbb8-66647d4d3ebe/resource/98dd5cb3-ae99-4a56-8647-415f1b6691b0/download,/api/dataset/544c6342-3922-44ab-bbb8-66647d4d3ebe/resource/50de904d-27a2-451f-b4d5-e3f677444ef3/download,/api/dataset/544c6342-3922-44ab-bbb8-66647d4d3ebe/resource/85329e66-bca7-4510-889b-fa1437440838/download,/api/dataset/544c6342-3922-44ab-bbb8-66647d4d3ebe/resource/f2d0a7e7-c08e-4750-bab3-cf3978f029c2/download",總決算附屬單位決算營業基金現金流量綜計表(依機關及基金別),項目、合計、財政局主管-臺北市動產質借處、交通局主管-臺北大眾捷運股份有限公司、自來水事業處主管-臺北自來水事業處、捷運工程局主管-臺北都會區大眾捷運系統土地開發基金,智慧通勤:2; 韌性防災:0; 永續環境:0; 食安健康:0; 勞動福祉:0; 文化共融:0
taipei,efaa70fc-e6c7-4268-b5a8-3a1963ec1cee,00002065,臺北市總決算附屬單位決算營業基金盈虧撥補綜計表(依機關及基金別),智慧通勤,False,True,True,table,通勤地圖與交通壓力分析,False,2,財稅,公共資訊,原始資料,主計處,,主計處,不定期更新,"XML,XML,XML,XML,XML,XML,XML",中文,2021-04-30T00:00:00,"/api/dataset/efaa70fc-e6c7-4268-b5a8-3a1963ec1cee/resource/261d78ab-d98b-49a3-9eba-fd2a6e57e602/download,/api/dataset/efaa70fc-e6c7-4268-b5a8-3a1963ec1cee/resource/d226d49d-8186-4fe5-9242-7aed222000a9/download,/api/dataset/efaa70fc-e6c7-4268-b5a8-3a1963ec1cee/resource/6442648a-e167-4e01-8d16-1eee3ce35cd4/download,/api/dataset/efaa70fc-e6c7-4268-b5a8-3a1963ec1cee/resource/aa3315fb-9d7d-49bf-b4a2-1fb49d007ecb/download,/api/dataset/efaa70fc-e6c7-4268-b5a8-3a1963ec1cee/resource/41f99844-b43f-4722-a3c0-9352098107e5/download,/api/dataset/efaa70fc-e6c7-4268-b5a8-3a1963ec1cee/resource/17e35694-94f4-44c6-a7ad-1c1ffea1891b/download,/api/dataset/efaa70fc-e6c7-4268-b5a8-3a1963ec1cee/resource/dd4efeb4-5119-4fdf-8ea8-9ab52000e2e1/download",總決算附屬單位決算營業基金盈虧撥補綜計表(依機關及基金別),項目、合計-金額、合計-百分比、財政局主管-臺北市動產質借處-金額、財政局主管-臺北市動產質借處-百分比、交通局主管-臺北大眾捷運股份有限公司-金額、交通局主管-臺北大眾捷運股份有限公司-百分比、自來水事業處主管-臺北自來水事業處-金額、自來水事業處主管-臺北自來水事業處-百分比、捷運工程局主管-臺北都會區大眾捷運系統土地開發基金-金額、捷運工程局主管-臺北都會區大眾捷運系統土地開發基金-百分比,智慧通勤:2; 韌性防災:0; 永續環境:0; 食安健康:0; 勞動福祉:0; 文化共融:0
taipei,d2d46775-880e-4abc-bbfa-5b5e2c0cb06d,00002099,臺北市總決算附屬單位決算營業基金資產負債綜計表(依機關及基金別),智慧通勤,False,True,True,table,通勤地圖與交通壓力分析,False,2,財稅,公共資訊,原始資料,主計處,,主計處,不定期更新,"XML,XML,XML,XML,XML,XML,XML",中文,2021-04-30T00:00:00,"/api/dataset/d2d46775-880e-4abc-bbfa-5b5e2c0cb06d/resource/9470574b-143c-417b-993e-434496483340/download,/api/dataset/d2d46775-880e-4abc-bbfa-5b5e2c0cb06d/resource/009721cc-79ea-4d7e-a404-29f48b48a489/download,/api/dataset/d2d46775-880e-4abc-bbfa-5b5e2c0cb06d/resource/b5b697f1-3336-4e93-894d-fbf67d4d5e6e/download,/api/dataset/d2d46775-880e-4abc-bbfa-5b5e2c0cb06d/resource/9ea0b505-b993-44eb-b0f9-5c9fcad1820d/download,/api/dataset/d2d46775-880e-4abc-bbfa-5b5e2c0cb06d/resource/84b90ff0-edde-4079-9751-9fcbf440094e/download,/api/dataset/d2d46775-880e-4abc-bbfa-5b5e2c0cb06d/resource/6dfb648b-8f4e-4e23-88c0-171316aa1b55/download,/api/dataset/d2d46775-880e-4abc-bbfa-5b5e2c0cb06d/resource/51aca0b0-66cf-45c8-95bf-a98c9960b428/download",總決算附屬單位決算營業基金資產負債綜計表(依機關及基金別),科目、合計-金額、合計-百分比、財政局主管-臺北市動產質借處-金額、財政局主管-臺北市動產質借處-百分比、交通局主管-臺北大眾捷運股份有限公司-金額、交通局主管-臺北大眾捷運股份有限公司-百分比、自來水事業處主管-臺北自來水事業處-金額、自來水事業處主管-臺北自來水事業處-百分比、捷運工程局主管-臺北都會區大眾捷運系統土地開發基金-金額、捷運工程局主管-臺北都會區大眾捷運系統土地開發基金-百分比,智慧通勤:2; 韌性防災:0; 永續環境:0; 食安健康:0; 勞動福祉:0; 文化共融:0
taipei,91a3f7b1-7349-4bfc-b686-5da079dadb8e,00001906,臺北市總預算附屬單位預算及綜計表_作業基金_固定資產建設改良擴充與資金來源明細表(固定資產擴建部分),智慧通勤,False,True,True,table,通勤地圖與交通壓力分析,False,2,財稅,公共資訊,網路服務,主計處,,主計處,不定期更新,"CSV,CSV,CSV,CSV,CSV,CSV,CSV,CSV,CSV,CSV,CSV,CSV,CSV,CSV,CSV",中文,2020-09-29T00:00:00,"/api/dataset/91a3f7b1-7349-4bfc-b686-5da079dadb8e/resource/6b61fb12-7e00-4b85-8844-387e5ee61a16/download,/api/dataset/91a3f7b1-7349-4bfc-b686-5da079dadb8e/resource/0ca6f8b6-6eeb-4fa2-befa-941293bbd717/download,/api/dataset/91a3f7b1-7349-4bfc-b686-5da079dadb8e/resource/8b65874d-3c33-4b6d-b85e-9c6b9de8128b/download,/api/dataset/91a3f7b1-7349-4bfc-b686-5da079dadb8e/resource/45d90883-a291-486c-9fe5-df3cca777212/download,/api/dataset/91a3f7b1-7349-4bfc-b686-5da079dadb8e/resource/b2ece7c3-180d-4c3f-970c-01892259907e/download,/api/dataset/91a3f7b1-7349-4bfc-b686-5da079dadb8e/resource/47726622-af23-493a-a72d-bb79a719bb67/download,/api/dataset/91a3f7b1-7349-4bfc-b686-5da079dadb8e/resource/4b2c0efb-e368-43fd-98f7-9d84f7ec04c0/download,/api/dataset/91a3f7b1-7349-4bfc-b686-5da079dadb8e/resource/6ba55e1b-943d-4028-8745-1dc2b2997b79/download,/api/dataset/91a3f7b1-7349-4bfc-b686-5da079dadb8e/resource/aa44be4a-a1b7-40bb-9463-ebcb55c1c686/download,/api/dataset/91a3f7b1-7349-4bfc-b686-5da079dadb8e/resource/2867fd77-8492-43a2-aba3-42a8aca26568/download,/api/dataset/91a3f7b1-7349-4bfc-b686-5da079dadb8e/resource/7241949e-975e-48c1-bd39-994cd4aa317b/download,/api/dataset/91a3f7b1-7349-4bfc-b686-5da079dadb8e/resource/9861f278-3532-4386-8fc3-cb093fc9402e/download,/api/dataset/91a3f7b1-7349-4bfc-b686-5da079dadb8e/resource/ad5c670d-af38-4220-a4a7-51b9c0476fe0/download,/api/dataset/91a3f7b1-7349-4bfc-b686-5da079dadb8e/resource/a0e6ab08-78c8-462f-a0da-69e800c0b2a6/download,/api/dataset/91a3f7b1-7349-4bfc-b686-5da079dadb8e/resource/eb3e360c-2394-4b82-8abc-4f1c4722f4c1/download",作業基金固定資產建設改良擴充與資金來源明細表(固定資產擴建部分),基金名稱、合計_金額、合計_%、不動產廠房及設備_小計_金額、不動產廠房及設備_小計_%、不動產廠房及設備_土地_金額、不動產廠房及設備_土地_%、不動產廠房及設備_土地改良物_金額、不動產廠房及設備_土地改良物_%、不動產廠房及設備_房屋及建築_金額、不動產廠房及設備_房屋及建築_%、不動產廠房及設備_機械及設備_金額、不動產廠房及設備_機械及設備_%、不動產廠房及設備_交通及運輸設備_金額、不動產廠房及設備_交通及運輸設備_%、不動產廠房及設備_什項設備_金額、不動產廠房及設備_什項設備_%、不動產廠房及設備_租賃資產_金額、不動產廠房及設備_租賃資產_%、不動產廠房及設備_租賃權益改良_金額、不動產廠房及設備_租賃權益改良_%、投資性不動產_金額、投資性不動產_%,智慧通勤:2; 韌性防災:0; 永續環境:0; 食安健康:0; 勞動福祉:0; 文化共融:0
taipei,0df6c698-e8ff-478f-bdb4-7e7537977d35,00001897,臺北市總預算附屬單位預算及綜計表_營業基金_固定資產建設改良擴充與資金來源明細表(固定資產擴建部分),智慧通勤,False,True,True,table,通勤地圖與交通壓力分析,False,2,財稅,公共資訊,網路服務,主計處,,主計處,不定期更新,"CSV,CSV,CSV,CSV,CSV,CSV,CSV,CSV,CSV,CSV,CSV,CSV,CSV,CSV,CSV",中文,2020-09-29T00:00:00,"/api/dataset/0df6c698-e8ff-478f-bdb4-7e7537977d35/resource/c91092eb-ee4f-4b84-9a75-0be1676748aa/download,/api/dataset/0df6c698-e8ff-478f-bdb4-7e7537977d35/resource/0e75fae1-737b-4428-8d37-6b50a323cc22/download,/api/dataset/0df6c698-e8ff-478f-bdb4-7e7537977d35/resource/a38de7bf-47b2-43a1-bde5-2c86d1906a83/download,/api/dataset/0df6c698-e8ff-478f-bdb4-7e7537977d35/resource/a925c7ef-e18a-4f00-8478-acdd4b295e34/download,/api/dataset/0df6c698-e8ff-478f-bdb4-7e7537977d35/resource/5314d1c6-d6e6-4346-9d1d-c37a18497f16/download,/api/dataset/0df6c698-e8ff-478f-bdb4-7e7537977d35/resource/6c10d192-8fd3-427b-84f4-4709a8dab811/download,/api/dataset/0df6c698-e8ff-478f-bdb4-7e7537977d35/resource/28cd632e-8b2b-4d82-b8c2-73d319b5b2b3/download,/api/dataset/0df6c698-e8ff-478f-bdb4-7e7537977d35/resource/d38e0531-0144-446f-9ee2-0a65f592c007/download,/api/dataset/0df6c698-e8ff-478f-bdb4-7e7537977d35/resource/7d36866a-f6d5-4373-8a51-afb223d31baf/download,/api/dataset/0df6c698-e8ff-478f-bdb4-7e7537977d35/resource/a7097746-f142-4f8b-9e25-efe2f9f69641/download,/api/dataset/0df6c698-e8ff-478f-bdb4-7e7537977d35/resource/009da1f3-28c4-44e5-9dc6-19a2fa47d65c/download,/api/dataset/0df6c698-e8ff-478f-bdb4-7e7537977d35/resource/1dabaedc-cfea-47d3-924d-ff3e5fe34ed5/download,/api/dataset/0df6c698-e8ff-478f-bdb4-7e7537977d35/resource/dce3fe60-f9f3-4250-8216-a23e02591140/download,/api/dataset/0df6c698-e8ff-478f-bdb4-7e7537977d35/resource/74d41377-5cd2-40e4-af5b-9a731906e919/download,/api/dataset/0df6c698-e8ff-478f-bdb4-7e7537977d35/resource/29d1d03f-4ad3-4435-ae01-af8e1bed53e9/download",營業基金固定資產建設改良擴充與資金來源明細表(固定資產擴建部分),機關（構）或基金名稱、合計_金額、合計_%、不動產廠房及設備_小計_金額、不動產廠房及設備_小計_%、不動產廠房及設備_土地_金額、不動產廠房及設備_土地_%、不動產廠房及設備_土地改良物_金額、不動產廠房及設備_土地改良物_%、不動產廠房及設備_房屋及建築_金額、不動產廠房及設備_房屋及建築_%、不動產廠房及設備_機械及設備_金額、不動產廠房及設備_機械及設備_%、不動產廠房及設備_交通及運輸設備_金額、不動產廠房及設備_交通及運輸設備_%、不動產廠房及設備_什項設備_金額、不動產廠房及設備_什項設備_%、不動產廠房及設備_租賃資產_金額、不動產廠房及設備_租賃資產_%、不動產廠房及設備_租賃權益改良_金額、不動產廠房及設備_租賃權益改良_%、投資性不動產_金額、投資性不動產_%,智慧通勤:2; 韌性防災:0; 永續環境:0; 食安健康:0; 勞動福祉:0; 文化共融:0
taipei,90fb3e19-ac03-43a2-8270-1747948cf6b9,00001892,臺北市總預算附屬單位預算及綜計表_營業基金_損益綜計表(依機關[基金]別分列),智慧通勤,False,True,True,table,通勤地圖與交通壓力分析,False,2,財稅,公共資訊,網路服務,主計處,,主計處,不定期更新,"CSV,CSV,CSV,CSV,CSV,CSV,CSV,CSV,CSV,CSV,CSV,CSV,CSV,CSV,CSV",中文,2020-09-29T00:00:00,"/api/dataset/90fb3e19-ac03-43a2-8270-1747948cf6b9/resource/b17b8854-927f-47cf-b47c-a1abdc14bc3e/download,/api/dataset/90fb3e19-ac03-43a2-8270-1747948cf6b9/resource/d2896553-6aaf-4fe0-ac34-1e3390b25b49/download,/api/dataset/90fb3e19-ac03-43a2-8270-1747948cf6b9/resource/22a48848-64ba-4009-b20c-9b743fd4fa8b/download,/api/dataset/90fb3e19-ac03-43a2-8270-1747948cf6b9/resource/4d19ee86-3d8a-4b40-b6db-f149a78e1c1b/download,/api/dataset/90fb3e19-ac03-43a2-8270-1747948cf6b9/resource/c0106dd3-e336-4d40-8d00-c20fa00159b8/download,/api/dataset/90fb3e19-ac03-43a2-8270-1747948cf6b9/resource/68e1d51e-160a-41d1-8190-051621053441/download,/api/dataset/90fb3e19-ac03-43a2-8270-1747948cf6b9/resource/8066ce85-05c8-49fc-84f4-151937549302/download,/api/dataset/90fb3e19-ac03-43a2-8270-1747948cf6b9/resource/f3c3baf6-23c1-4bc4-b83d-72adaf976216/download,/api/dataset/90fb3e19-ac03-43a2-8270-1747948cf6b9/resource/e94c5c92-37b7-41df-8477-619172a45dd1/download,/api/dataset/90fb3e19-ac03-43a2-8270-1747948cf6b9/resource/c925dc49-6989-43f3-bb62-bb5cbe822b36/download,/api/dataset/90fb3e19-ac03-43a2-8270-1747948cf6b9/resource/c4c261d0-a06e-4669-a544-a205d023c0c6/download,/api/dataset/90fb3e19-ac03-43a2-8270-1747948cf6b9/resource/ba80a5f7-091f-4613-8434-7be0ef973bb2/download,/api/dataset/90fb3e19-ac03-43a2-8270-1747948cf6b9/resource/4edffb2b-a4bb-4fa4-9eae-bc79224f4879/download,/api/dataset/90fb3e19-ac03-43a2-8270-1747948cf6b9/resource/b1609f34-1975-4282-a9b5-19a4b9c7c39b/download,/api/dataset/90fb3e19-ac03-43a2-8270-1747948cf6b9/resource/28bb8458-53bb-4081-9ad3-e8803ea51d9f/download",營業基金損益綜計表(依機關[基金]別分列),科目、合計_金額、合計_％、財政局主管臺北市動產質借處（金融及保險業）_金額、財政局主管臺北市動產質借處（金融及保險業）_％、交通局主管臺北大眾捷運股份有限公司（運輸倉儲及通信業）_金額、交通局主管臺北大眾捷運股份有限公司（運輸倉儲及通信業）_％、臺北自來水事業處主管臺北自來水事業處（水電燃氣業）_金額、臺北自來水事業處主管臺北自來水事業處（水電燃氣業）_％、捷運工程局主管臺北都會區大眾捷運系統土地開發基金（不動產及租賃業）_金額、捷運工程局主管臺北都會區大眾捷運系統土地開發基金（不動產及租賃業）_％,智慧通勤:3; 韌性防災:0; 永續環境:0; 食安健康:0; 勞動福祉:0; 文化共融:0
taipei,ec5dc5c0-5522-4914-991e-a6259b746416,00001896,臺北市總預算附屬單位預算及綜計表_營業基金_現金流量綜計表(依機關[基金]別分列),智慧通勤,False,True,True,table,通勤地圖與交通壓力分析,False,2,財稅,公共資訊,網路服務,主計處,,主計處,不定期更新,"CSV,CSV,CSV,CSV,CSV,CSV,CSV,CSV,CSV,CSV,CSV,CSV,CSV,CSV,CSV",中文,2020-09-29T00:00:00,"/api/dataset/ec5dc5c0-5522-4914-991e-a6259b746416/resource/d2a65e8e-de07-4a7d-93ba-a841ebdbdd93/download,/api/dataset/ec5dc5c0-5522-4914-991e-a6259b746416/resource/81f579f4-fec1-497e-8203-a5b56fdc1f1a/download,/api/dataset/ec5dc5c0-5522-4914-991e-a6259b746416/resource/a6a0b703-645e-41da-aeb1-269205d2ff65/download,/api/dataset/ec5dc5c0-5522-4914-991e-a6259b746416/resource/efbdb620-189c-4f05-abb7-bb690d4e0d9f/download,/api/dataset/ec5dc5c0-5522-4914-991e-a6259b746416/resource/371e2dae-74f2-44cd-a03f-c4a0fa9b30ba/download,/api/dataset/ec5dc5c0-5522-4914-991e-a6259b746416/resource/9dd9cd89-ed36-4688-93c9-a0a595258dd5/download,/api/dataset/ec5dc5c0-5522-4914-991e-a6259b746416/resource/27196be5-205a-4ede-ae75-324dfd3a0e3f/download,/api/dataset/ec5dc5c0-5522-4914-991e-a6259b746416/resource/f1a07ede-2963-4e97-8e7e-d5f3d07255ac/download,/api/dataset/ec5dc5c0-5522-4914-991e-a6259b746416/resource/8792802d-9e8d-40eb-9e9b-76aee20192ac/download,/api/dataset/ec5dc5c0-5522-4914-991e-a6259b746416/resource/93ef63fc-df74-42e5-9e70-148e8703f08e/download,/api/dataset/ec5dc5c0-5522-4914-991e-a6259b746416/resource/7215c945-aeac-4c3a-8759-25e531bd72c6/download,/api/dataset/ec5dc5c0-5522-4914-991e-a6259b746416/resource/7cdcb9b7-135f-42a7-abb5-d5e9798fd9b7/download,/api/dataset/ec5dc5c0-5522-4914-991e-a6259b746416/resource/7637aad9-6917-48e7-b956-40f835841b9f/download,/api/dataset/ec5dc5c0-5522-4914-991e-a6259b746416/resource/e20cec4b-83ef-4a57-8a32-2933e0f91ea3/download,/api/dataset/ec5dc5c0-5522-4914-991e-a6259b746416/resource/81bef0a5-bc1f-4ea7-8821-0a3d842a0c87/download",營業基金現金流量綜計表(依機關[基金]別分列),項目、合計、財政局主管臺北市動產質借處（金融及保險業）、交通局主管臺北大眾捷運股份有限公司（運輸倉儲及通信業）、臺北自來水事業處主管臺北自來水事業處（水電燃氣業）、捷運工程局主管臺北都會區大眾捷運系統土地開發基金（不動產及租賃業）,智慧通勤:3; 韌性防災:0; 永續環境:0; 食安健康:0; 勞動福祉:0; 文化共融:0
taipei,315e00ac-884e-4a96-86a0-3601bf8a0539,00003994,臺北市總預算附屬單位預算及綜計表_營業基金_盈虧撥補綜計表(依機關(基金)別分列),智慧通勤,False,True,True,table,通勤地圖與交通壓力分析,False,2,財稅,公共資訊,網路服務,主計處,,主計處,不定期更新,"CSV,CSV,CSV,CSV,CSV,CSV,CSV,CSV,CSV,CSV,CSV,CSV,CSV,CSV",中文,2021-08-31T00:00:00,"/api/dataset/315e00ac-884e-4a96-86a0-3601bf8a0539/resource/7a215e9f-c539-48f8-a3c2-138a21c1886e/download,/api/dataset/315e00ac-884e-4a96-86a0-3601bf8a0539/resource/7bedf0e5-887d-42f4-9617-9ea44b6b82ff/download,/api/dataset/315e00ac-884e-4a96-86a0-3601bf8a0539/resource/4c1705c5-5a90-4cd0-b2aa-60bc811c9871/download,/api/dataset/315e00ac-884e-4a96-86a0-3601bf8a0539/resource/e04d6b69-29dd-4a1e-81f1-a883271aad24/download,/api/dataset/315e00ac-884e-4a96-86a0-3601bf8a0539/resource/6fbb5f16-58b2-4756-bd58-20e240bfb0f0/download,/api/dataset/315e00ac-884e-4a96-86a0-3601bf8a0539/resource/6036be8d-57c2-494a-a4ae-3ea354b336a3/download,/api/dataset/315e00ac-884e-4a96-86a0-3601bf8a0539/resource/c1c831fb-3d05-4144-a088-7361dee5ca1c/download,/api/dataset/315e00ac-884e-4a96-86a0-3601bf8a0539/resource/2c57f4aa-9ea5-40d9-8e4f-d172f5b10b25/download,/api/dataset/315e00ac-884e-4a96-86a0-3601bf8a0539/resource/37ec9efb-9ce5-414c-916a-b523cc01fbac/download,/api/dataset/315e00ac-884e-4a96-86a0-3601bf8a0539/resource/fcb77b8d-aa2a-41f1-b037-960ff919cdeb/download,/api/dataset/315e00ac-884e-4a96-86a0-3601bf8a0539/resource/00609281-f8a7-4adf-8020-e85712fdc110/download,/api/dataset/315e00ac-884e-4a96-86a0-3601bf8a0539/resource/9f0a8c87-1d23-487a-8e78-55e1a52dc4c2/download,/api/dataset/315e00ac-884e-4a96-86a0-3601bf8a0539/resource/88f5a5b6-1949-4eab-8403-34f6572f70a1/download,/api/dataset/315e00ac-884e-4a96-86a0-3601bf8a0539/resource/498d5632-57c7-425b-aa83-9399c1d3ccd7/download",營業基金盈虧撥補綜計表(依機關(基金)別分列),項目、合計_金額、合計_％、財政局主管臺北市動產質借處（金融及保險業）_金額、財政局主管臺北市動產質借處（金融及保險業）_％、交通局主管臺北大眾捷運股份有限公司（運輸倉儲及通信業）_金額、交通局主管臺北大眾捷運股份有限公司（運輸倉儲及通信業）_％、臺北自來水事業處主管臺北自來水事業處（水電燃氣業）_金額、臺北自來水事業處主管臺北自來水事業處（水電燃氣業）_％、捷運工程局主管臺北都會區大眾捷運系統土地開發基金（不動產及租賃業）_金額、捷運工程局主管臺北都會區大眾捷運系統土地開發基金（不動產及租賃業）_％,智慧通勤:3; 韌性防災:0; 永續環境:0; 食安健康:0; 勞動福祉:0; 文化共融:0
taipei,44aa6467-555e-42ec-8da5-eef3f095b6b4,00003015,臺北市聯營公共汽車每輛平均配備人數,智慧通勤,False,True,True,table,通勤地圖與交通壓力分析,False,2,統計,交通及通訊,原始資料,主計處,,主計處,每1年,CSV,中文,2022-02-24T00:00:00,https://tsis.dbas.gov.taipei/statis/webMain.aspx?sys=220&ymf=5700&kind=21&type=0&funid=a05023801&cycle=4&outmode=12&compmode=0&outkind=1&deflst=2&nzo=1,"臺北市聯營公共汽車每輛平均配備人數時間數列統計資料
",統計期、營業車輛數[輛]、營業車輛數/低地板公車[輛]、營業車輛數/油電混合公車[輛]、員工人數/總計[人]、員工人數/職員[人]、員工人數/行車人員[人]、員工人數/技工[人]、員工人數/普通工人[人]、每車平均配備人數/總計[人]、每車平均配備人數/職員[人]、每車平均配備人數/行車人員[人]、每車平均配備人數/技工[人]、每車平均配備人數/普通工人[人],智慧通勤:2; 韌性防災:0; 永續環境:0; 食安健康:0; 勞動福祉:0; 文化共融:0
taipei,fe306ce9-a309-45c9-a360-b52cb404fd1c,00002389,臺北市職業團體團體數,智慧通勤,False,True,True,table,通勤地圖與交通壓力分析,False,2,統計,公共資訊,原始資料,主計處,,主計處,每1年,CSV,中文,2021-02-27T00:00:00,https://tsis.dbas.gov.taipei/statis/webMain.aspx?sys=220&ymf=5700&kind=21&type=0&funid=a05025001&cycle=4&outmode=12&compmode=0&outkind=1&deflst=2&nzo=1,臺北市職業團體團體數時間數列統計資料,統計期、總計團體數、農民團體數/合計、農民團體數/市農會、農民團體數/區農會、工人團體數/合計、工人團體數/總工會、工人團體數/產業工會/產業工會聯合會、工人團體數/產業工會/產業工會、工人團體數/產業工會/交通事業工會、工人團體數/產業工會/公用事業工會、工人團體數/職業工會、工商團體數/合計、工商團體數/商業會、工商團體數/商業同業公會、工商團體數/工業同業公會/工業會、工商團體數/工業同業公會/市工業同業公會、自由職業團體數/合計、自由職業團體數/教育[師]會、自由職業團體數/醫師公會、自由職業團體數/其他,智慧通勤:1; 韌性防災:0; 永續環境:0; 食安健康:0; 勞動福祉:1; 文化共融:0
taipei,0c454475-fb10-407a-a945-13501d9574cb,00002950,臺北市職業團體會員數,智慧通勤,False,True,True,table,通勤地圖與交通壓力分析,False,2,統計,公共資訊,原始資料,主計處,,主計處,每1年,CSV,中文,2021-02-27T00:00:00,https://tsis.dbas.gov.taipei/statis/webMain.aspx?sys=220&ymf=5700&kind=21&type=0&funid=a05025101&cycle=4&outmode=12&compmode=0&outkind=3&deflst=2&nzo=1,臺北市職業團體會員數時間數列統計資料,統計期、會員別、總計[人；個]、農民團體/合計[人；個]、農民團體/市農會[人；個]、農民團體/區農會[人；個]、工人團體/合計[人；個]、工人團體/總工會[人；個]、工人團體/產業工會/產業工會聯合會[人；個]、工人團體/產業工會/產業工會[人；個]、工人團體/產業工會/交通事業工會[人；個]、工人團體/產業工會/公用事業工會[人；個]、工人團體/職業工會[人；個]、工商團體/合計[人；個]、工商團體/商業會[人；個]、工商團體/商業同業公會[人；個]、工商團體/工業同業公會/工業會[人；個]、工商團體/工業同業公會/市工業同業公會[人；個]、自由職業團體/合計[人；個]、自由職業團體/教育[師]會[人；個]、自由職業團體/醫師公會[人；個]、自由職業團體/其他[人；個],智慧通勤:1; 韌性防災:0; 永續環境:0; 食安健康:0; 勞動福祉:1; 文化共融:0
taipei,75055bd6-9a92-40de-b77d-a2150901927b,00003379,臺北市舉發交通違規明細表,智慧通勤,False,True,True,table,通勤地圖與交通壓力分析,False,2,交通,交通及通訊,原始資料,警察局,交通大隊,警察局交通大隊,每1年,"CSV,CSV,CSV,CSV,CSV,CSV,CSV,CSV,CSV,CSV,CSV,CSV,CSV",中文,2021-07-01T00:00:00,"/api/dataset/75055bd6-9a92-40de-b77d-a2150901927b/resource/b064ff5a-48a4-450f-a95e-242aee1c1b67/download,/api/dataset/75055bd6-9a92-40de-b77d-a2150901927b/resource/eb50a10d-6cf6-48c1-bd95-d1a69f9e7dbb/download,/api/dataset/75055bd6-9a92-40de-b77d-a2150901927b/resource/d32ff421-9a48-45f6-a364-26fbe9a6442d/download,/api/dataset/75055bd6-9a92-40de-b77d-a2150901927b/resource/2c310947-7edb-48fd-b41e-70b74ce83e8c/download,/api/dataset/75055bd6-9a92-40de-b77d-a2150901927b/resource/64468289-e8c5-46f6-a9ac-53dca7025fa4/download,/api/dataset/75055bd6-9a92-40de-b77d-a2150901927b/resource/9d967f39-62df-4b6c-a37a-177f2c2b8ea9/download,/api/dataset/75055bd6-9a92-40de-b77d-a2150901927b/resource/1b7a78b2-c72e-4dbd-a212-a6dc95415514/download,/api/dataset/75055bd6-9a92-40de-b77d-a2150901927b/resource/7738ba24-0aab-4c21-97b3-8588fa02a04b/download,/api/dataset/75055bd6-9a92-40de-b77d-a2150901927b/resource/817a4909-c2f0-4fc6-afb3-824d4cf578bb/download,/api/dataset/75055bd6-9a92-40de-b77d-a2150901927b/resource/e4a8d952-7e2b-4c43-9097-2bc909a378a0/download,/api/dataset/75055bd6-9a92-40de-b77d-a2150901927b/resource/aef9c55b-9d80-4a4f-8279-6a9d9ea7f987/download,/api/dataset/75055bd6-9a92-40de-b77d-a2150901927b/resource/ac1e3d77-d501-453b-a684-1de4a25ca90c/download,/api/dataset/75055bd6-9a92-40de-b77d-a2150901927b/resource/188286fa-cf85-4f48-bd6f-884cfd4483df/download",提供臺北市歷年舉發交通違規項目、金額、件數明細資料。,年度、縣市、縣市代碼、違規罰單法條、舉發筆數,智慧通勤:3; 韌性防災:0; 永續環境:0; 食安健康:0; 勞動福祉:0; 文化共融:0
taipei,dc4257ed-2e80-4eb3-9bc6-d467cf9db79c,00003287,臺北市計程車共乘相關資訊,智慧通勤,False,True,True,table,通勤地圖與交通壓力分析,False,2,交通,交通及通訊,網路服務,交通局,公運處,交通局公運處,不定期更新,CSV,中文,2020-12-01T00:00:00,/api/dataset/dc4257ed-2e80-4eb3-9bc6-d467cf9db79c/resource/5581b9dc-e27a-424b-8a6b-ce967e6f8d20/download,起點、迄點、搭乘人數、每人分攤金額、備註,縣市、縣市代碼、起點、迄點、搭乘人數、每人分攤金額、備註,智慧通勤:3; 韌性防災:0; 永續環境:0; 食安健康:0; 勞動福祉:0; 文化共融:0
taipei,de4e641b-7651-4ca0-81a1-1083ed78fddc,00003483,臺北市計程車客運業數量,智慧通勤,False,True,True,table,通勤地圖與交通壓力分析,False,2,交通,交通及通訊,網路服務,交通局,公運處,交通局公運處,不定期更新,CSV,中文,2020-12-01T00:00:00,/api/dataset/de4e641b-7651-4ca0-81a1-1083ed78fddc/resource/2752eb7c-9e1f-497d-a4e2-2561d4270faf/download,年度、車行計程車客運業-家數、車行計程車客運業-車輛數、計程車運輸合作社-家數、計程車運輸合作社-車輛數、個人計程車業-家數、個人計程車業-車輛數,年度、縣市、縣市代碼、車行計程車客運業-家數、車行計程車客運業-車輛數、計程車運輸合作社-家數、計程車運輸合作社-車輛數、個人計程車業-家數、個人計程車業-車輛數,智慧通勤:5; 韌性防災:0; 永續環境:0; 食安健康:0; 勞動福祉:0; 文化共融:0
taipei,3875c074-ff9e-45a0-8a34-5dff77f9571f,00003642,臺北市警察局車輛分類,智慧通勤,False,True,True,table,通勤地圖與交通壓力分析,False,2,資訊,交通及通訊,原始資料,警察局,,警察局,每1年,CSV,中文,2021-01-05T00:00:00,/api/dataset/3875c074-ff9e-45a0-8a34-5dff77f9571f/resource/395e5804-6cb9-40ee-9914-8d81759aacbc/download,警察局車輛分類資料,項次、車輛分類、數量（輛）、逾最低使用年限之數量（輛）、達汰換標準之數量（輛）、預計114年度汰換數量（輛）、備註,智慧通勤:1; 韌性防災:0; 永續環境:0; 食安健康:0; 勞動福祉:0; 文化共融:0
taipei,6a03b03d-90d1-4d9e-a952-c940fd869772,00000905,臺北市路線,智慧通勤,False,True,False,table,通勤地圖與交通壓力分析,True,2,交通,公共資訊,網路服務,交通局,公運處,交通局公運處,不定期更新,"JSON,CSV",中文,2016-03-01T00:00:00,"https://tcgbusfs.blob.core.windows.net/blobbus/TstRoute.json,/api/dataset/6a03b03d-90d1-4d9e-a952-c940fd869772/resource/f62256e9-7175-4a70-b032-6d960c472e46/download",資料集說明文詳如https://pto.gov.taipei/News_Content.aspx?n=A1DF07A86105B6BB&s=55E8ADD164E4F579&sms=2479B630A6BD8079,檔案名稱、縣市、縣市代碼、介接網址、主要欄位說明、更新頻率、檔案格式、說明文件網址,智慧通勤:4; 韌性防災:0; 永續環境:0; 食安健康:0; 勞動福祉:0; 文化共融:0
taipei,2181b885-02da-4124-a673-3ca6546c1f1d,00000903,臺北市路線及營業站對應,智慧通勤,False,True,False,table,通勤地圖與交通壓力分析,True,2,交通,公共資訊,原始資料,交通局,公運處,交通局公運處,不定期更新,CSV,中文,2017-01-07T00:00:00,/api/dataset/2181b885-02da-4124-a673-3ca6546c1f1d/resource/05d6b724-249e-45be-a287-d2698c7957d7/download,資料集說明文詳如https://pto.gov.taipei/News_Content.aspx?n=A1DF07A86105B6BB&s=55E8ADD164E4F579&sms=2479B630A6BD8079,檔案名稱、縣市、縣市代碼、介接網址、主要欄位說明、更新頻率、檔案格式、說明文件網址,智慧通勤:4; 韌性防災:0; 永續環境:0; 食安健康:0; 勞動福祉:0; 文化共融:0
taipei,4524d095-db76-4319-9374-4ecbaeca2b4b,00003514,臺北市身心障礙者致殘成因,智慧通勤,False,True,True,table,通勤地圖與交通壓力分析,False,2,社福,公共資訊,網路服務,社會局,,社會局,不定期更新,CSV,中文,2020-12-28T00:00:00,/api/dataset/4524d095-db76-4319-9374-4ecbaeca2b4b/resource/ef57112d-28b1-48b1-8441-6c555b9c3cb7/download,提供臺北市身心障礙者致殘成因資訊,年度、總人數、先天、疾病、意外、交通事故、職業傷害、戰爭、其他,智慧通勤:2; 韌性防災:0; 永續環境:0; 食安健康:0; 勞動福祉:1; 文化共融:0
taipei,ad5c0c55-bfee-4211-be1a-00f938e1bcec,00000915,臺北市車機異常資訊,智慧通勤,False,True,False,table,通勤地圖與交通壓力分析,True,2,交通,公共資訊,網路服務,交通局,公運處,交通局公運處,不定期更新,CSV,中文,2017-01-18T00:00:00,/api/dataset/ad5c0c55-bfee-4211-be1a-00f938e1bcec/resource/86ed7c4a-7a1e-456e-83c4-324e75ffb4c1/download,資料集說明文詳如https://pto.gov.taipei/News_Content.aspx?n=A1DF07A86105B6BB&s=55E8ADD164E4F579&sms=2479B630A6BD8079,檔案名稱、縣市、縣市代碼、介接網址、主要欄位說明、更新頻率、檔案格式、說明文件網址,智慧通勤:3; 韌性防災:0; 永續環境:0; 食安健康:0; 勞動福祉:0; 文化共融:0
taipei,e1281862-c974-49ca-837e-77f4074e32eb,00000902,臺北市車輛基本資訊,智慧通勤,False,True,False,table,通勤地圖與交通壓力分析,True,2,交通,交通及通訊,原始資料,交通局,公運處,交通局公運處,不定期更新,"CSV,JSON",中文,2017-01-06T00:00:00,"/api/dataset/e1281862-c974-49ca-837e-77f4074e32eb/resource/cd862b68-4e97-4cb1-9972-86a48d77fb3a/download,https://tcgbusfs.blob.core.windows.net/blobbus/TstCarInfo.json",資料集說明文詳如https://pto.gov.taipei/News_Content.aspx?n=A1DF07A86105B6BB&s=55E8ADD164E4F579&sms=2479B630A6BD8079。,檔案名稱、縣市、縣市代碼、介接網址、主要欄位說明、更新頻率、檔案格式、說明文件網址,智慧通勤:3; 韌性防災:0; 永續環境:0; 食安健康:0; 勞動福祉:0; 文化共融:0
taipei,63f9d833-1b5e-4cd3-8973-7978ae9f6585,00002384,臺北市車輛行車事故鑑定案件分類統計,智慧通勤,False,True,True,table,通勤地圖與交通壓力分析,False,2,交通,交通及通訊,網路服務,交通局,裁決所,交通局裁決所,每1月,CSV,中文,2020-10-16T00:00:00,/api/dataset/63f9d833-1b5e-4cd3-8973-7978ae9f6585/resource/088834e7-43c7-4559-9556-6485dbccfa5d/download,本市車輛行車事故鑑定案件依申請方式分類之統計（自109年1月起）,民國年、月份、民眾申請、司法機關囑託、總收案件,智慧通勤:4; 韌性防災:0; 永續環境:0; 食安健康:0; 勞動福祉:0; 文化共融:0
taipei,e909a17e-7c47-431f-8a12-73ca0e95e239,00002956,臺北市車輛違規拖吊情形,智慧通勤,False,True,True,table,通勤地圖與交通壓力分析,False,2,統計,交通及通訊,原始資料,主計處,,主計處,每1年,CSV,中文,2021-01-28T00:00:00,https://tsis.dbas.gov.taipei/statis/webMain.aspx?sys=220&ymf=7900&kind=21&type=0&funid=a05022901&cycle=4&outmode=12&compmode=0&outkind=1&deflst=2&nzo=1,臺北市車輛違規拖吊情形時間數列統計資料,統計期、拖吊違規車輛數/總計/合計[輛]、拖吊違規車輛數/總計/大型汽車[輛]、拖吊違規車輛數/總計/小型汽車[輛]、拖吊違規車輛數/總計/機車[輛]、拖吊違規車輛數/租[僱]用民間拖吊/合計[輛]、拖吊違規車輛數/租[僱]用民間拖吊/大型汽車[輛]、拖吊違規車輛數/租[僱]用民間拖吊/小型汽車[輛]、拖吊違規車輛數/租[僱]用民間拖吊/機車[輛]、拖吊違規車輛數/公有拖吊分隊拖吊/合計[輛]、拖吊違規車輛數/公有拖吊分隊拖吊/大型汽車[輛]、拖吊違規車輛數/公有拖吊分隊拖吊/小型汽車[輛]、拖吊違規車輛數/公有拖吊分隊拖吊/機車[輛]、每日拖吊違規車輛數/汽車[輛]、每日拖吊違規車輛數/機車[輛]、違規拖吊收入/總計[元]、違規拖吊收入/汽車[元]、違規拖吊收入/機車[元],智慧通勤:1; 韌性防災:0; 永續環境:0; 食安健康:0; 勞動福祉:0; 文化共融:0
taipei,a5f75466-727c-4c1c-bacb-60b12ecd3065,00002958,臺北市通用及敬老愛心計程車營運概況,智慧通勤,False,True,True,table,通勤地圖與交通壓力分析,False,2,統計,交通及通訊,原始資料,主計處,,主計處,每1年,CSV,中文,2022-02-11T00:00:00,https://tsis.dbas.gov.taipei/statis/webMain.aspx?sys=220&ymf=10400&kind=21&type=0&funid=a05041101&cycle=4&outmode=12&compmode=0&outkind=1&deflst=2&nzo=1,"臺北市通用及敬老愛心計程車營運概況時間數列統計資料
","統計期、通用計程車/車輛數[輛]、通用計程車/載客總趟次[趟]、通用計程車/無障礙趟次[趟]、通用計程車/其他趟次[趟]、身心障礙者搭乘敬老愛心計程車/車輛數[輛]、身心障礙者搭乘敬老愛心計程車/補助趟次[趟]、身心障礙者搭乘敬老愛心計程車/補助金額[元]
",智慧通勤:1; 韌性防災:0; 永續環境:0; 食安健康:0; 勞動福祉:1; 文化共融:0
taipei,52916103-adad-4522-a757-38dc04c9b59f,00002901,臺北市道路交通事故,智慧通勤,False,True,True,table,通勤地圖與交通壓力分析,False,2,統計,交通及通訊,原始資料,主計處,,主計處,每1年,CSV,中文,2022-03-24T00:00:00,https://tsis.dbas.gov.taipei/statis/webMain.aspx?sys=220&ymf=5700&kind=21&type=0&funid=a05029601&cycle=4&outmode=12&compmode=0&outkind=1&deflst=2&nzo=1,"臺北市道路交通事故時間數列統計資料
",統計期、造成30日內人員傷亡之道路交通事故肇事件數[件]、造成30日內人員傷亡之道路交通事故肇事率[件/萬輛]、造成30日內人員傷亡之道路交通事故肇事件數車輛別/汽車總計[件]、造成30日內人員傷亡之道路交通事故肇事件數車輛別/大型汽車[件]、造成30日內人員傷亡之道路交通事故肇事件數車輛別/小型汽車[件]、造成30日內人員傷亡之道路交通事故肇事件數車輛別/特種車[件]、造成30日內人員傷亡之道路交通事故肇事件數車輛別/機車[件]、造成30日內人員傷亡之道路交通事故肇事件數車輛別/自行車[件]、造成30日內人員傷亡之道路交通事故肇事件數車輛別/其他[件]、造成30日內人員傷亡之道路交通事故死傷人數/總計[人]、造成30日內人員傷亡之道路交通事故死傷人數/死亡[人]、造成30日內人員傷亡之道路交通事故死傷人數/死亡/男[人]、造成30日內人員傷亡之道路交通事故死傷人數/死亡/女[人]、造成30日內人員傷亡之道路交通事故死傷人數/受傷[人]、道路交通事故平均等候[反應]時間[分],智慧通勤:4; 韌性防災:0; 永續環境:0; 食安健康:0; 勞動福祉:0; 文化共融:0
taipei,79776240-525e-467d-8911-8dbe3aeea888,00002902,臺北市道路交通事故原因,智慧通勤,False,True,True,table,通勤地圖與交通壓力分析,False,2,統計,交通及通訊,原始資料,主計處,,主計處,每1年,CSV,中文,2022-03-24T00:00:00,https://tsis.dbas.gov.taipei/statis/webMain.aspx?sys=220&ymf=5700&kind=21&type=0&funid=a05029701&cycle=4&outmode=12&compmode=0&outkind=1&deflst=2&nzo=1,"臺北市道路交通事故原因時間數列統計資料
",統計期、件數/總計、件數/駕駛人過失/合計、件數/駕駛人過失/超速失控、件數/駕駛人過失/酒後駕車、件數/駕駛人過失/未注意前車狀況、件數/駕駛人過失/肇事逃逸、件數/駕駛人過失/未保持行車安全間距、件數/駕駛人過失/未依規定讓車、件數/駕駛人過失/行駛疏忽、件數/駕駛人過失/違反號誌管制、件數/駕駛人過失/違反標誌標線、件數/駕駛人過失/逆向行駛、件數/駕駛人過失/轉彎不當、件數/駕駛人過失/搶越行人穿越道、件數/駕駛人過失/其他、件數/機件故障、件數/行人或乘客過失、件數/交通管制設施缺陷、件數/其他,智慧通勤:3; 韌性防災:0; 永續環境:0; 食安健康:0; 勞動福祉:0; 文化共融:0
taipei,39fe308f-c427-4418-bd88-83abd68b177f,00002077,臺北市道路交通事故按月別,智慧通勤,False,True,True,table,通勤地圖與交通壓力分析,False,2,統計,交通及通訊,原始資料,主計處,,主計處,每1月,CSV,中文,2022-03-21T00:00:00,https://tsis.dbas.gov.taipei/statis/webMain.aspx?sys=220&ymf=8701&kind=21&type=0&funid=a04003501&cycle=1&outmode=12&compmode=0&outkind=3&deflst=2&nzo=1&nzo=1,臺北市道路交通事故按月別時間數列統計資料,統計期、發生件數[件]、車輛肇事率[件/萬輛]、死亡人數[人]、受傷人數[人]、酒後駕車發生件數[件]、酒後駕車死亡人數[人]、酒後駕車受傷人數[人],智慧通勤:3; 韌性防災:0; 永續環境:0; 食安健康:0; 勞動福祉:0; 文化共融:0
taipei,84a6801d-68a5-496c-9935-5b1ffe0c56d1,00002717,臺北市道路挖掘及透水鋪面鋪設,智慧通勤,False,True,True,table,通勤地圖與交通壓力分析,False,2,統計,交通及通訊,原始資料,主計處,,主計處,每1年,CSV,中文,2022-02-25T00:00:00,https://tsis.dbas.gov.taipei/statis/webMain.aspx?sys=220&ymf=10500&kind=21&type=0&funid=a05040701&cycle=4&outmode=12&compmode=0&outkind=1&deflst=2&nzo=1,"臺北市道路挖掘及透水鋪面鋪設時間數列統計資料
",年別、道路申請挖掘案件數/新案/總計[案]、道路申請挖掘案件數/新案/中華電信股份有限公司[案]、道路申請挖掘案件數/新案/台灣電力公司[案]、道路申請挖掘案件數/新案/臺北自來水事業處[案]、道路申請挖掘案件數/新案/臺北市政府其他機關[案]、道路申請挖掘案件數/新案/瓦斯公司[案]、道路申請挖掘案件數/新案/視訊公司[案]、道路申請挖掘案件數/新案/其他[案]、道路申請挖掘案件數/變更[案]、道路申請挖掘案件數/延期[案]、道路申請挖掘案件數/續期[案]、道路申請挖掘案件數/註銷[案]、道路申請挖掘案件數/結案[案]、道路申請挖掘長度/總計[公尺]、道路申請挖掘長度/依道路類別分/車道[公尺]、道路申請挖掘長度/依道路類別分/人行道[公尺]、道路申請挖掘長度/依道路類別分/其他[公尺]、道路申請挖掘長度/依申請單位分/中華電信股份有限公司[公尺]、道路申請挖掘長度/依申請單位分/台灣電力公司[公尺]、道路申請挖掘長度/依申請單位分/臺北自來水事業處[公尺]、道路申請挖掘長度/依申請單位分/臺北市政府其他機關[公尺]、道路申請挖掘長度/依申請單位分/瓦斯公司[公尺]、道路申請挖掘長度/依申請單位分/視訊公司[公尺]、道路申請挖掘長度/依申請單位分/其他[公尺]、透水鋪面鋪設面積/總計[平方公尺]、透水鋪面鋪設面積/人行道[平方公尺]、透水鋪面鋪設面積/其他[平方公尺],智慧通勤:2; 韌性防災:0; 永續環境:0; 食安健康:0; 勞動福祉:0; 文化共融:0
taipei,23e2898f-5b0a-4530-83c6-41bfe26b99d0,00002740,臺北市道路新建、拓寬及改善完工工程,智慧通勤,False,True,True,table,通勤地圖與交通壓力分析,False,2,統計,交通及通訊,原始資料,主計處,,主計處,每1年,CSV,中文,2022-02-25T00:00:00,https://tsis.dbas.gov.taipei/statis/webMain.aspx?sys=220&ymf=5700&kind=21&type=0&funid=a05020101&cycle=4&outmode=12&compmode=0&outkind=1&deflst=2&nzo=1,"臺北市道路新建、拓寬及改善完工工程時間數列統計資料
","統計期、新建完工工程/項數[項]、新建完工工程/長度[公尺]、新建完工工程/總面積[平方公尺]、拓寬完工工程/項數[項]、拓寬完工工程/長度[公尺]、拓寬完工工程/總面積[平方公尺]、改善完工工程/項數[項]、改善完工工程/長度[公尺]、改善完工工程/總面積[平方公尺]
",智慧通勤:2; 韌性防災:0; 永續環境:0; 食安健康:0; 勞動福祉:0; 文化共融:0
taipei,da4ebab8-309a-4b54-8106-3d29f5a6c5fa,00002741,臺北市道路經常養護工程,智慧通勤,False,True,True,table,通勤地圖與交通壓力分析,False,2,統計,交通及通訊,原始資料,主計處,,主計處,每1年,CSV,中文,2021-02-25T00:00:00,https://tsis.dbas.gov.taipei/statis/webMain.aspx?sys=220&ymf=5700&kind=21&type=0&funid=a05020201&cycle=4&outmode=12&compmode=0&outkind=1&deflst=2&nzo=1,"臺北市道路經常養護工程時間數列統計資料
",統計期、瀝青路面維護面積[平方公尺]、路基修護面積[平方公尺]、人行道地磚修護面積[平方公尺]、安全島分界島緣石等修護[公尺]、護欄欄杆等修護[公尺],智慧通勤:2; 韌性防災:0; 永續環境:0; 食安健康:0; 勞動福祉:0; 文化共融:0
taipei,b5aaf33a-a6dc-4836-bce6-09986241fe11,00000900,臺北市道路速率,智慧通勤,False,True,True,table,通勤地圖與交通壓力分析,False,2,交通,交通及通訊,原始資料,交通局,交工處,交通局交工處,不定期更新,CSV,中文,2018-02-23T00:00:00,/api/dataset/b5aaf33a-a6dc-4836-bce6-09986241fe11/resource/447c3f04-bce8-4fa4-95a8-16b61e295246/download,提供道路即時資訊，包含車速、流量及道路績效。介接欄位說明文件詳:https://www-ws.gov.taipei/001/Upload/public/mmo/dot/臺北市交通控制中心資料庫介接說明文件.pdf,縣市、資料名稱、介接網址、欄位說明、檔案格式、更新頻率,智慧通勤:4; 韌性防災:0; 永續環境:0; 食安健康:0; 勞動福祉:0; 文化共融:0
taipei,3ca21e55-7e52-403c-8d07-12094bc2fd69,00002962,臺北市違反道路交通管理事件處理情形,智慧通勤,False,True,True,table,通勤地圖與交通壓力分析,False,2,統計,交通及通訊,原始資料,主計處,,主計處,每1年,CSV,中文,2022-02-11T00:00:00,https://tsis.dbas.gov.taipei/statis/webMain.aspx?sys=220&ymf=5900&kind=21&type=0&funid=a05023301&cycle=4&outmode=12&compmode=0&outkind=3&deflst=2&nzo=1,"臺北市違反道路交通管理事件處理情形時間數列統計資料
","統計期、舉發件數/總計[件]、舉發件數/汽車違規[件]、舉發件數/機車違規[件]、舉發件數/行人違規[件]、舉發件數/道路障礙[件]、舉發件數/其他[件]、處罰件數/總計[件]、處罰件數/罰鍰[件]、處罰件數/罰鍰之沒入[件]、處罰件數/吊扣駕駛執照或牌照[件]、處罰件數/吊銷駕駛執照或牌照[件]、處罰件數/行人違規[件]、罰鍰金額[元]、移公路監理機關處理之舉發件數[件]、移公路監理機關處理之舉發件數占舉發數百分比[%]、取締移動式道路障礙[件]
",智慧通勤:2; 韌性防災:0; 永續環境:0; 食安健康:0; 勞動福祉:0; 文化共融:0
taipei,cff440d5-bebc-41ee-ac74-38f6a601eaf6,00002963,臺北市違反道路交通管理事件處罰原因,智慧通勤,False,True,True,table,通勤地圖與交通壓力分析,False,2,統計,交通及通訊,原始資料,主計處,,主計處,每1年,CSV,中文,2022-02-14T00:00:00,https://tsis.dbas.gov.taipei/statis/webMain.aspx?sys=220&ymf=5800&kind=21&type=0&funid=a05023401&cycle=4&outmode=12&compmode=0&outkind=1&deflst=2&nzo=1,"臺北市違反道路交通管理事件處罰原因時間數列統計資料
",統計期、總件數、牌照未領用偽變借用及污穢件數、拆除消音器或損壞不修件數、計程車不按錶收費件數、無照或越級駕駛件數、未帶駕照駕駛件數、不依規定繳交高速公路通行費件數、裝載超重或載運人員違反規定件數、行駛快速道路未繫安全帶件數、騎乘機車未戴安全帽件數、違反高快速公路管制規定件數、疲勞酒醉或患病駕車件數、赤足穿木屐或拖鞋駕車件數、不照規定路線行駛件數、違反速率規定行駛件數、不依規定按鳴喇叭及減速慢行件數、不依規定使用燈光件數、不依規定超車件數、不依規定轉彎迴車倒車件數、闖平交道闖紅燈及紅燈右轉件數、不依規定停車或臨時停車件數、未保持行車距離件數、車輛拋錨未依規定處理件數、不遵守標線標誌號誌指示件數、不服交通警察取締件數、肇事致人傷亡或撞傷警員件數、肇事逃逸件數、道路障礙件數、其他件數,智慧通勤:4; 韌性防災:0; 永續環境:0; 食安健康:0; 勞動福祉:0; 文化共融:0
taipei,59cea37a-27bb-4e0b-9cae-963d53cf0987,00002700,臺北市都市計畫公共用設施用地面積,智慧通勤,False,True,True,table,通勤地圖與交通壓力分析,False,2,統計,公共資訊,原始資料,主計處,,主計處,每1年,CSV,中文,2021-03-18T00:00:00,https://tsis.dbas.gov.taipei/statis/webMain.aspx?sys=220&ymf=9100&kind=21&type=0&funid=a05018301&cycle=4&outmode=12&compmode=0&outkind=1&deflst=2&nzo=1,"臺北市都市計畫公共用設施用地面積時間數列統計資料
",統計期、計畫面積[公頃]/ 總計、計畫面積[公頃]/ 公園、計畫面積[公頃]/ 綠地、計畫面積[公頃]/ 廣場、計畫面積[公頃]/ 兒童遊樂場、計畫面積[公頃]/ 體育場、計畫面積[公頃]/ 道路及人行步道、計畫面積[公頃]/ 停車場、計畫面積[公頃]/ 加油站、計畫面積[公頃]/ 市場、計畫面積[公頃]/ 學校、計畫面積[公頃]/ 社教機構、計畫面積[公頃]/ 醫療衛生機構、計畫面積[公頃]/ 機關用地、計畫面積[公頃]/ 墓地、計畫面積[公頃]/ 變電所及電力事業用地、計畫面積[公頃]/ 郵政及電信用地、計畫面積[公頃]/ 民用航空站及機場、計畫面積[公頃]/ 溝渠河道用地、計畫面積[公頃]/ 港埠用地、計畫面積[公頃]/ 捷運系統與交通車站及鐵路、計畫面積[公頃]/ 環保設施用地、計畫面積[公頃]/ 其他用地、已闢建面積[公頃]/ 總計、已闢建面積[公頃]/ 公園、已闢建面積[公頃]/ 綠地、已闢建面積[公頃]/ 廣場、已闢建面積[公頃]/ 兒童遊樂場、已闢建面積[公頃]/ 體育場、已闢建面積[公頃]/ 道路及人行步道、已闢建面積[公頃]/ 停車場、已闢建面積[公頃]/ 加油站、已闢建面積[公頃]/ 市場、已闢建面積[公頃]/ 學校、已闢建面積[公頃]/ 社教機構、已闢建面積[公頃]/ 醫療衛生機構、已闢建面積[公頃]/ 機關用地、已闢建面積[公頃]/ 墓地、已闢建面積[公頃]/ 變電所及電力事業用地、已闢建面積[公頃]/ 郵政及電信用地、已闢建面積[公頃]/ 民用航空站及機場、已闢建面積[公頃]/ 溝渠河道用地、已闢建面積[公頃]/ 港埠用地、已闢建面積[公頃]/ 捷運系統與交通車站及鐵路、已闢建面積[公頃]/ 環保設施用地、已闢建面積[公頃]/ 其他用地,智慧通勤:5; 韌性防災:0; 永續環境:0; 食安健康:2; 勞動福祉:0; 文化共融:0
taipei,3b4a0603-4ccd-4ae5-92fb-b2a0718be381,00003648,臺北市酒後駕車事故統計表,智慧通勤,False,True,True,table,通勤地圖與交通壓力分析,False,2,交通,交通及通訊,原始資料,警察局,交通大隊,警察局交通大隊,每1年,"CSV,CSV",中文,2021-07-01T00:00:00,"/api/dataset/3b4a0603-4ccd-4ae5-92fb-b2a0718be381/resource/35c79714-1757-42ef-80e1-c3a7c5e0cc73/download,/api/dataset/3b4a0603-4ccd-4ae5-92fb-b2a0718be381/resource/4d4f0bc4-5808-4219-b1ea-beae809efc1c/download","1.資料來源：道安資訊查詢網:交通事故統計快覽https://roadsafety.tw
2.統計條件：凡駕駛人(汽車、機車、動力機械、慢車)酒駕(經呼氣檢測超過0.15mg/L)發生事故，所造成人員(包含當次事件波及之所有駕駛人、乘客、行人)死亡人數、受傷人數。",年度、縣市、縣市代碼、死亡人數、受傷人數,智慧通勤:4; 韌性防災:0; 永續環境:0; 食安健康:0; 勞動福祉:0; 文化共融:0
taipei,94c72ea4-b0ab-4968-ab65-248788a1bd62,00003021,臺北市鐵路客貨運量,智慧通勤,False,True,True,table,通勤地圖與交通壓力分析,False,2,統計,交通及通訊,原始資料,主計處,,主計處,每1年,CSV,中文,2021-01-28T00:00:00,https://tsis.dbas.gov.taipei/statis/webMain.aspx?sys=220&ymf=5700&kind=21&type=0&funid=a05024301&cycle=4&outmode=12&compmode=0&outkind=3&deflst=2&nzo=1,"臺北市鐵路客貨運量時間數列統計資料
",統計期、臺灣鐵路客運人次/總計[人次]、臺灣鐵路客運人次/南港[人次]、臺灣鐵路客運人次/松山[人次]、臺灣鐵路客運人次/華山[人次]、臺灣鐵路客運人次/臺北[人次]、臺灣鐵路客運人次/萬華[人次]、臺灣鐵路貨運量/總計[公噸]、臺灣鐵路/貨運量/南港[公噸]、臺灣鐵路/貨運量/松山[公噸]、臺灣鐵路/貨運量/華山[公噸]、臺灣鐵路/貨運量/萬華[公噸]、高速鐵路進站人次、高速鐵路出站人次,智慧通勤:2; 韌性防災:0; 永續環境:0; 食安健康:0; 勞動福祉:0; 文化共融:0
taipei,e5282242-8053-42a8-83fd-9a2c4caed154,00029309,臺北市長期照顧十年計畫服務個案人數,智慧通勤,False,True,True,table,通勤地圖與交通壓力分析,False,2,統計,老年安養,原始資料,主計處,,主計處,每1年,"CSV,CSV",中文,2022-05-05T00:00:00,"https://tsis.dbas.gov.taipei/statis/webMain.aspx?sys=220&ymf=11100&kind=21&type=0&funid=a05043202&cycle=4&outmode=12&compmode=0&outkind=3&deflst=2&nzo=1,https://tsis.dbas.gov.taipei/statis/webMain.aspx?sys=220&ymf=9800&ymt=11000&kind=21&type=0&funid=a05043201&cycle=4&outmode=12&compmode=0&outkind=3&deflst=2&nzo=1",臺北市長期照顧十年計畫服務個案人數時間數列統計資料,統計期、長照需要等級、性別、居家服務[人]、日間照顧[人]、家庭托顧[人]、營養餐飲服務[人]、交通接送服務[人],智慧通勤:1; 韌性防災:0; 永續環境:0; 食安健康:1; 勞動福祉:1; 文化共融:0
taipei,ef8154b3-fb3e-47c5-a23a-c24fb37ecc30,00002395,臺北市長者福利服務,智慧通勤,False,True,True,table,通勤地圖與交通壓力分析,False,2,統計,老年安養,原始資料,主計處,,主計處,每1年,CSV,中文,2022-03-21T00:00:00,https://tsis.dbas.gov.taipei/statis/webMain.aspx?sys=220&ymf=8400&kind=21&type=0&funid=a05025601&cycle=4&outmode=12&compmode=0&outkind=1&deflst=2&nzo=1,臺北市長者福利服務時間數列統計資料,統計期、老人居家服務/人數[人]、老人居家服務/人次[人次]、日間照顧服務人次[人次]、失能者營養餐飲服務/人數[人]、失能者營養餐飲服務/人次[人次]、健康檢查人數[人]、老人志願服務/團隊數[隊]、老人志願服務/人數[人]、長青學苑/所數[所]、長青學苑/班數[班]、長青學苑/參加人數[人]、長青學苑/參加人次[人次]、樂齡學習中心數[所]、樂齡學習中心活動辦理場次[場次]、樂齡學習中心活動參加人次[人次]、辦理樂齡學堂學校數[校]、樂齡學堂活動辦理場次[場次]、樂齡學堂活動參加人次[人次]、老人服務中心/所數[所]、老人服務中心/使用者人次/總計[人次]、老人服務中心/使用者人次/男[人次]、老人服務中心/使用者人次/女[人次]、改善老人住宅戶數[戶]、老人乘車優待/總計[人次]、老人乘車優待/臺灣鐵路[人次]、老人乘車優待/聯營公車[人次]、老人乘車優待/捷運[人次]、老人乘車優待/輕軌[人次]、老人乘車優待/計程車[人次]、老人乘車優待/貓空纜車[人次]、老人乘車優待/場館[人次]、老人乘車優待/微笑單車[人次]、重陽節禮金發放人數[人]、國民年金核付人數[人]、社團聯誼活動/社團數[個]、社團聯誼活動/參加人次[人次]、敬老活動參加人次[人次]、關懷服務人次/電話問安[人次]、關懷服務人次/關懷訪視[人次]、居家服務員/總計[人]、居家服務員/男[人]、居家服務員/女[人]、老人關懷服務/獨居認養單位數[個]、老人關懷服務/獨老志工人數[人],智慧通勤:2; 韌性防災:0; 永續環境:0; 食安健康:1; 勞動福祉:2; 文化共融:1
taipei,174d780f-6e87-45d8-b779-c608c6f01432,00000901,臺北市附屬路線與路線對應資訊,智慧通勤,False,True,False,table,通勤地圖與交通壓力分析,True,2,交通,公共資訊,網路服務,交通局,公運處,交通局公運處,不定期更新,"CSV,JSON",中文,2017-01-06T00:00:00,"/api/dataset/174d780f-6e87-45d8-b779-c608c6f01432/resource/09774877-93ef-4a0b-b321-31422c9fb434/download,https://tcgbusfs.blob.core.windows.net/blobbus/TstPathDetail.json",資料集說明文詳如https://pto.gov.taipei/News_Content.aspx?n=A1DF07A86105B6BB&s=55E8ADD164E4F579&sms=2479B630A6BD8079,檔案名稱、縣市、縣市代碼、介接網址、主要欄位說明、更新頻率、檔案格式、說明文件網址,智慧通勤:4; 韌性防災:0; 永續環境:0; 食安健康:0; 勞動福祉:0; 文化共融:0
taipei,6028f592-9705-4008-9dfa-ab1b4c8f67a9,00002748,臺北市隧道及地下道,智慧通勤,False,True,True,table,通勤地圖與交通壓力分析,False,2,統計,交通及通訊,原始資料,主計處,,主計處,每1年,CSV,中文,2021-03-15T00:00:00,https://tsis.dbas.gov.taipei/statis/webMain.aspx?sys=220&ymf=8500&kind=21&type=0&funid=a05020701&cycle=4&outmode=12&compmode=0&outkind=1&deflst=2&nzo=1,"臺北市隧道及地下道時間數列統計資料
",統計期、隧道座數[座]、隧道長度/總計[公尺]、隧道長度/主隧道[公尺]、隧道長度/引道[公尺]、隧道面積/總計[平方公尺]、隧道面積/主隧道[平方公尺]、隧道面積/引道[平方公尺]、地下道座數/總計[座]、地下道座數/人行地下道[座]、地下道座數/車行地下道[座]、地下道長度/總計[公尺]、地下道長度/人行地下道[公尺]、地下道長度/車行地下道[公尺]、地下道面積/總計[平方公尺]、地下道面積/人行地下道[平方公尺]、地下道面積/車行地下道[平方公尺],智慧通勤:1; 韌性防災:0; 永續環境:0; 食安健康:0; 勞動福祉:0; 文化共融:0
taipei,3e524f15-9ea7-461a-ae9f-9130b6e12840,00003961,臺北市雙層觀光巴士月運量資訊,智慧通勤,False,True,True,table,通勤地圖與交通壓力分析,False,2,交通,交通及通訊,原始資料,交通局,公運處,交通局公運處,不定期更新,CSV,中文,2021-06-29T00:00:00,/api/dataset/3e524f15-9ea7-461a-ae9f-9130b6e12840/resource/cc8ac0bd-af2d-4af3-ae10-018e3b400e0b/download,提供本市雙層觀光巴士106年1月起各月份運量,序號(序號)、年度(年度)、月份(月份)、統計期間(統計期間)、載客人數(載客人數),智慧通勤:3; 韌性防災:0; 永續環境:0; 食安健康:0; 勞動福祉:0; 文化共融:1
taipei,155db1cd-b75b-4d80-a341-a23e820d5d52,00004088,臺北市電動車充電停車位概況,智慧通勤,False,True,True,table,通勤地圖與交通壓力分析,False,2,統計,交通及通訊,原始資料,主計處,,主計處,每1年,CSV,中文,2022-02-10T00:00:00,https://tsis.dbas.gov.taipei/statis/webMain.aspx?sys=220&ymf=10900&kind=21&type=0&funid=a05043801&cycle=4&outmode=12&compmode=0&outkind=3&deflst=2&nzo=1,臺北市電動車充電停車位概況時間數列統計資料,統計期、車輛種類別、總停車位數、路外停車位數、路邊停車位數,智慧通勤:3; 韌性防災:0; 永續環境:0; 食安健康:0; 勞動福祉:0; 文化共融:0
taipei,7f284567-cbaa-4153-a289-9ce10820b06c,00000908,臺北市預定班表資訊,智慧通勤,False,True,False,table,通勤地圖與交通壓力分析,True,2,交通,公共資訊,網路服務,交通局,公運處,交通局公運處,不定期更新,"JSON,CSV",中文,2017-01-07T00:00:00,"https://tcgbusfs.blob.core.windows.net/blobbus/TstTimeTable.json,/api/dataset/7f284567-cbaa-4153-a289-9ce10820b06c/resource/18572f88-dbf8-4c61-bf3d-86067d5bdfdf/download",資料集說明文詳如https://pto.gov.taipei/News_Content.aspx?n=A1DF07A86105B6BB&s=55E8ADD164E4F579&sms=2479B630A6BD8079,檔案名稱、縣市、縣市代碼、介接網址、主要欄位說明、更新頻率、檔案格式、說明文件網址,智慧通勤:3; 韌性防災:0; 永續環境:0; 食安健康:0; 勞動福祉:0; 文化共融:0
taipei,660e3969-c011-481c-aa24-8a949ac2d62d,00000524,臺北捷運全系統旅運量統計,智慧通勤,False,True,True,table,通勤地圖與交通壓力分析,False,2,交通,交通及通訊,原始資料,捷運公司,,捷運公司,每1月,"CSV,CSV,CSV,CSV,CSV,CSV,CSV,CSV,CSV,CSV,CSV,CSV,CSV,CSV,CSV,CSV,CSV,CSV,CSV,CSV,CSV,CSV,CSV,CSV,CSV,CSV,CSV,CSV,CSV,CSV,CSV,CSV,CSV,CSV,CSV,CSV,CSV,CSV,CSV,CSV,CSV,CSV,CSV,CSV,CSV,CSV,CSV,CSV,CSV,CSV,CSV,CSV,CSV,CSV,CSV,CSV,CSV,CSV,CSV,CSV,CSV,CSV,CSV,CSV,CSV,CSV,CSV,CSV,CSV,CSV,CSV,CSV,CSV,CSV,CSV,CSV,CSV,CSV,CSV,CSV,CSV,CSV,CSV,CSV,CSV,CSV,CSV,CSV,CSV,CSV,CSV,CSV,CSV,CSV,CSV,CSV,CSV,CSV,CSV,CSV,CSV,CSV,CSV,CSV,CSV,CSV,CSV,CSV,CSV,CSV,CSV,CSV,CSV,CSV,CSV,CSV,CSV,CSV,CSV,CSV,CSV,CSV,CSV,CSV,CSV,CSV,CSV,CSV,CSV,CSV,CSV,CSV,CSV,CSV,CSV",中文,2015-05-15T00:00:00,"/api/dataset/660e3969-c011-481c-aa24-8a949ac2d62d/resource/1b944873-9edd-41ab-9d30-ef6d359c708a/download,/api/dataset/660e3969-c011-481c-aa24-8a949ac2d62d/resource/913bc318-7d6f-47fd-91b2-79923dad9bc2/download,/api/dataset/660e3969-c011-481c-aa24-8a949ac2d62d/resource/3eb076c3-69d0-4ad8-90ab-0f29ca58adce/download,/api/dataset/660e3969-c011-481c-aa24-8a949ac2d62d/resource/14ce379e-966d-4d0b-a9a5-b2e9f196440d/download,/api/dataset/660e3969-c011-481c-aa24-8a949ac2d62d/resource/ddf86a66-668f-4396-923a-af2d6201930d/download,/api/dataset/660e3969-c011-481c-aa24-8a949ac2d62d/resource/b82e76c4-a0e4-42a0-a0ba-ab0c8213971f/download,/api/dataset/660e3969-c011-481c-aa24-8a949ac2d62d/resource/0a970193-fa09-486e-a9a6-a687e4adbf20/download,/api/dataset/660e3969-c011-481c-aa24-8a949ac2d62d/resource/5338f0d9-16f5-40cd-8c77-7f49872d1963/download,/api/dataset/660e3969-c011-481c-aa24-8a949ac2d62d/resource/2345f92a-55e0-4cfc-a95a-1370424bfbd3/download,/api/dataset/660e3969-c011-481c-aa24-8a949ac2d62d/resource/fb8d3e1c-59e2-4e71-a553-56ce33efdbf7/download,/api/dataset/660e3969-c011-481c-aa24-8a949ac2d62d/resource/048aa40b-248a-4521-a46f-10003a1c4213/download,/api/dataset/660e3969-c011-481c-aa24-8a949ac2d62d/resource/19230b25-6321-4b82-aacc-b2fd9257b7a4/download,/api/dataset/660e3969-c011-481c-aa24-8a949ac2d62d/resource/2eab677c-406a-4e33-acc1-b15314696e48/download,/api/dataset/660e3969-c011-481c-aa24-8a949ac2d62d/resource/f02185ed-aef2-4f3a-81ae-21983894fa27/download,/api/dataset/660e3969-c011-481c-aa24-8a949ac2d62d/resource/d7655a60-e02d-4c0b-95c0-c3e0993c4681/download,/api/dataset/660e3969-c011-481c-aa24-8a949ac2d62d/resource/9322685b-d4ca-4bbb-a09f-1aeee197e999/download,/api/dataset/660e3969-c011-481c-aa24-8a949ac2d62d/resource/b43418c3-a317-4d0b-885a-46dcfddff132/download,/api/dataset/660e3969-c011-481c-aa24-8a949ac2d62d/resource/d49dcaee-c650-4dff-b84e-a763806f53a8/download,/api/dataset/660e3969-c011-481c-aa24-8a949ac2d62d/resource/ac2a1623-cb76-4c46-a9ad-5a9194a11e61/download,/api/dataset/660e3969-c011-481c-aa24-8a949ac2d62d/resource/27b72e83-0699-4c50-9898-03fdf7d7caa2/download,/api/dataset/660e3969-c011-481c-aa24-8a949ac2d62d/resource/04862983-0f9e-4754-81cc-50c1dfebfec8/download,/api/dataset/660e3969-c011-481c-aa24-8a949ac2d62d/resource/e74d7e74-7d43-46ae-9a99-12f47eab5b96/download,/api/dataset/660e3969-c011-481c-aa24-8a949ac2d62d/resource/c5e1c74b-8dbf-40ac-af07-577638b94497/download,/api/dataset/660e3969-c011-481c-aa24-8a949ac2d62d/resource/0fadb0a5-576f-41ee-be45-2683b1712a77/download,/api/dataset/660e3969-c011-481c-aa24-8a949ac2d62d/resource/8b2f901c-b6e4-4f9c-9727-b54ce2a04a7c/download,/api/dataset/660e3969-c011-481c-aa24-8a949ac2d62d/resource/bf8b4389-767c-4e62-a806-30590d58cf04/download,/api/dataset/660e3969-c011-481c-aa24-8a949ac2d62d/resource/1b8e2027-c9db-41eb-b942-c2327942e5a0/download,/api/dataset/660e3969-c011-481c-aa24-8a949ac2d62d/resource/cf91a919-f689-4cf4-9eeb-43438429bef6/download,/api/dataset/660e3969-c011-481c-aa24-8a949ac2d62d/resource/b78c83f9-4051-4dc6-a82a-9cc5457b96b0/download,/api/dataset/660e3969-c011-481c-aa24-8a949ac2d62d/resource/f5f77403-4bc6-4cac-80bd-0f85fb75302a/download,/api/dataset/660e3969-c011-481c-aa24-8a949ac2d62d/resource/c1eea0f3-afaf-4270-b38d-4a6ecd47652f/download,/api/dataset/660e3969-c011-481c-aa24-8a949ac2d62d/resource/c60a8368-d608-4701-9528-929aeb5daf23/download,/api/dataset/660e3969-c011-481c-aa24-8a949ac2d62d/resource/2c42d900-8fd5-44ae-97f1-e25a3afc167f/download,/api/dataset/660e3969-c011-481c-aa24-8a949ac2d62d/resource/5738d91d-f28f-494a-bf76-e137a0b72b43/download,/api/dataset/660e3969-c011-481c-aa24-8a949ac2d62d/resource/ea8f80e5-f2f9-41e3-9527-d753dacc1ec3/download,/api/dataset/660e3969-c011-481c-aa24-8a949ac2d62d/resource/4ef155b1-4196-44a1-b2b5-3c5f015b15cf/download,/api/dataset/660e3969-c011-481c-aa24-8a949ac2d62d/resource/cd48dd54-7dc4-4bcd-bee1-f63a4aec7dc9/download,/api/dataset/660e3969-c011-481c-aa24-8a949ac2d62d/resource/b23c8026-75f9-4b5b-adcf-20d36fc9c050/download,/api/dataset/660e3969-c011-481c-aa24-8a949ac2d62d/resource/04c28209-91c2-4aa2-90fa-c30d8a2aaa85/download,/api/dataset/660e3969-c011-481c-aa24-8a949ac2d62d/resource/59a2ad8b-8067-4ad8-9684-78e138d74dfc/download,/api/dataset/660e3969-c011-481c-aa24-8a949ac2d62d/resource/4ce1d789-8886-42f9-b92a-452adc093590/download,/api/dataset/660e3969-c011-481c-aa24-8a949ac2d62d/resource/95c46da6-e384-4f58-942b-ae933d4b984a/download,/api/dataset/660e3969-c011-481c-aa24-8a949ac2d62d/resource/9a4959ba-0650-4852-b4ff-d789caa5d4e2/download,/api/dataset/660e3969-c011-481c-aa24-8a949ac2d62d/resource/ab2b5129-9062-46de-a31d-48f48d05c7ce/download,/api/dataset/660e3969-c011-481c-aa24-8a949ac2d62d/resource/e8e7e00e-6c5f-49f4-96c7-fe85ac4f8b75/download,/api/dataset/660e3969-c011-481c-aa24-8a949ac2d62d/resource/f5bcc61f-175e-4515-a341-c52559ed63f9/download,/api/dataset/660e3969-c011-481c-aa24-8a949ac2d62d/resource/58b2515b-37de-4298-a436-1996bd093e70/download,/api/dataset/660e3969-c011-481c-aa24-8a949ac2d62d/resource/54dc8312-5980-4935-9689-06b7182b0211/download,/api/dataset/660e3969-c011-481c-aa24-8a949ac2d62d/resource/4d06b680-f527-4f23-a1fd-45af752b4862/download,/api/dataset/660e3969-c011-481c-aa24-8a949ac2d62d/resource/57c5633e-aeff-493f-b15f-3941c19d08d3/download,/api/dataset/660e3969-c011-481c-aa24-8a949ac2d62d/resource/e14e9924-493d-407b-8d56-f7ad5652a650/download,/api/dataset/660e3969-c011-481c-aa24-8a949ac2d62d/resource/6b1a5833-b63f-4eaf-b814-71cbda5ddb1e/download,/api/dataset/660e3969-c011-481c-aa24-8a949ac2d62d/resource/6f5e3e1e-abae-4fa1-b30f-829f17097378/download,/api/dataset/660e3969-c011-481c-aa24-8a949ac2d62d/resource/b366b8dc-e84d-4239-8368-d512078e3ea6/download,/api/dataset/660e3969-c011-481c-aa24-8a949ac2d62d/resource/9c4c26ed-4a5e-47a2-8cb2-e0e4bed8b88a/download,/api/dataset/660e3969-c011-481c-aa24-8a949ac2d62d/resource/8fa1857f-a4de-459b-9359-e0eb09bab01e/download,/api/dataset/660e3969-c011-481c-aa24-8a949ac2d62d/resource/c9115d99-0cb4-4b93-ba95-779441f37584/download,/api/dataset/660e3969-c011-481c-aa24-8a949ac2d62d/resource/c8177a20-f218-474f-ab43-1e287510e478/download,/api/dataset/660e3969-c011-481c-aa24-8a949ac2d62d/resource/f2795a32-3222-4e47-b1dd-6a1a6f602b37/download,/api/dataset/660e3969-c011-481c-aa24-8a949ac2d62d/resource/c16ccda4-145a-4f96-961a-469e216a82a8/download,/api/dataset/660e3969-c011-481c-aa24-8a949ac2d62d/resource/13be189d-0bda-4d5f-9092-e607321d5c89/download,/api/dataset/660e3969-c011-481c-aa24-8a949ac2d62d/resource/baf560d2-c83e-4c45-ae99-b29dfacac826/download,/api/dataset/660e3969-c011-481c-aa24-8a949ac2d62d/resource/3a904bbe-97f0-4c6f-a693-6c4f50fc551b/download,/api/dataset/660e3969-c011-481c-aa24-8a949ac2d62d/resource/e344e758-524a-40c8-b18c-0f230dacbe71/download,/api/dataset/660e3969-c011-481c-aa24-8a949ac2d62d/resource/1f746287-40bf-4bb6-b32d-a6b40c035f99/download,/api/dataset/660e3969-c011-481c-aa24-8a949ac2d62d/resource/23366384-c4be-46b2-93f3-5a1cc4074476/download,/api/dataset/660e3969-c011-481c-aa24-8a949ac2d62d/resource/89ef9a9e-c219-4c7a-bda2-2b0ce43afb7a/download,/api/dataset/660e3969-c011-481c-aa24-8a949ac2d62d/resource/e759f74c-c2d6-460e-947b-cfdfe8e14dc8/download,/api/dataset/660e3969-c011-481c-aa24-8a949ac2d62d/resource/0a744ad6-9269-49a1-a409-2d341d4816c8/download,/api/dataset/660e3969-c011-481c-aa24-8a949ac2d62d/resource/cf6540e6-4df2-4afa-a71c-c6efdf62318d/download,/api/dataset/660e3969-c011-481c-aa24-8a949ac2d62d/resource/b07c5b9d-8959-4dff-8391-0e503f8978e5/download,/api/dataset/660e3969-c011-481c-aa24-8a949ac2d62d/resource/056bc520-8e1a-46ac-95aa-c82f3299ea9c/download,/api/dataset/660e3969-c011-481c-aa24-8a949ac2d62d/resource/e3c593e6-f87f-4377-a6b9-86ebe7e4944c/download,/api/dataset/660e3969-c011-481c-aa24-8a949ac2d62d/resource/0b39a707-3bfe-497e-a154-bcf6b9a6d442/download,/api/dataset/660e3969-c011-481c-aa24-8a949ac2d62d/resource/443f2e0a-0496-423f-b3d4-bf3491a1463c/download,/api/dataset/660e3969-c011-481c-aa24-8a949ac2d62d/resource/c4a004cf-cc3e-46fe-9850-dbc9b3f392f1/download,/api/dataset/660e3969-c011-481c-aa24-8a949ac2d62d/resource/6aeb3fc0-471c-4e9f-b7fa-61297cc5b4bc/download,/api/dataset/660e3969-c011-481c-aa24-8a949ac2d62d/resource/3c801bd1-2c8a-4159-8134-310acf94554a/download,/api/dataset/660e3969-c011-481c-aa24-8a949ac2d62d/resource/729b6e55-f647-4e4b-a2f1-f1a220ce6cec/download,/api/dataset/660e3969-c011-481c-aa24-8a949ac2d62d/resource/4943b731-3dbe-4e90-aeae-3198dd4d9807/download,/api/dataset/660e3969-c011-481c-aa24-8a949ac2d62d/resource/33a50129-559a-4db9-bdb1-4aa8eab26c5e/download,/api/dataset/660e3969-c011-481c-aa24-8a949ac2d62d/resource/7225a7d5-a6ff-46a1-a69b-53c7ce004fd3/download,/api/dataset/660e3969-c011-481c-aa24-8a949ac2d62d/resource/a03b957a-4bc3-44e8-9a02-fe1f152e8c03/download,/api/dataset/660e3969-c011-481c-aa24-8a949ac2d62d/resource/3298bcd5-769a-4f4c-a75b-2e6122b5f62d/download,/api/dataset/660e3969-c011-481c-aa24-8a949ac2d62d/resource/88a8c680-95c8-47db-8f68-57ce58ea7fcc/download,/api/dataset/660e3969-c011-481c-aa24-8a949ac2d62d/resource/d79a44b8-fd1f-4e4c-a88b-c84e0d4e159c/download,/api/dataset/660e3969-c011-481c-aa24-8a949ac2d62d/resource/20d73617-2f74-4537-80cd-3fbed251dd8a/download,/api/dataset/660e3969-c011-481c-aa24-8a949ac2d62d/resource/0745899a-1af7-485a-aa1f-41398c2060da/download,/api/dataset/660e3969-c011-481c-aa24-8a949ac2d62d/resource/be56cf12-48ba-48cf-a7b3-6ffe3f3e94d7/download,/api/dataset/660e3969-c011-481c-aa24-8a949ac2d62d/resource/16bdb16a-9e62-4df4-ac43-eebc66c25765/download,/api/dataset/660e3969-c011-481c-aa24-8a949ac2d62d/resource/2faa1032-557d-4521-bbc7-f99c91231f24/download,/api/dataset/660e3969-c011-481c-aa24-8a949ac2d62d/resource/67833d3c-d599-4eff-bae4-1ecf525c76bb/download,/api/dataset/660e3969-c011-481c-aa24-8a949ac2d62d/resource/d2494f31-bcb8-45ec-ab5b-1e5a16c327dd/download,/api/dataset/660e3969-c011-481c-aa24-8a949ac2d62d/resource/b3fd9ace-6411-4865-9c75-5f958a700f1e/download,/api/dataset/660e3969-c011-481c-aa24-8a949ac2d62d/resource/8e63f35d-eca1-47ca-ac62-bd586842a428/download,/api/dataset/660e3969-c011-481c-aa24-8a949ac2d62d/resource/a969bcd8-e885-4b17-81ee-f48d005d3290/download,/api/dataset/660e3969-c011-481c-aa24-8a949ac2d62d/resource/ca339d8a-a9a5-4182-a7fb-9c9b6fd8aa7f/download,/api/dataset/660e3969-c011-481c-aa24-8a949ac2d62d/resource/89ff2372-9f65-4ef9-8a7d-6ac3ec790035/download,/api/dataset/660e3969-c011-481c-aa24-8a949ac2d62d/resource/fe6d5567-ea35-4e27-8670-edaf3d7f2326/download,/api/dataset/660e3969-c011-481c-aa24-8a949ac2d62d/resource/2ba6d87e-d27a-458b-85a0-44eac0110df4/download,/api/dataset/660e3969-c011-481c-aa24-8a949ac2d62d/resource/a3658a3d-bd07-4ed3-a0d6-57e94bb49103/download,/api/dataset/660e3969-c011-481c-aa24-8a949ac2d62d/resource/6439ff88-e914-4a08-924d-a5bcdcc38be7/download,/api/dataset/660e3969-c011-481c-aa24-8a949ac2d62d/resource/faf34a81-271d-4256-863d-24fe0262a368/download,/api/dataset/660e3969-c011-481c-aa24-8a949ac2d62d/resource/fe2f0318-6596-47a9-93ce-a7d5a98f8f39/download,/api/dataset/660e3969-c011-481c-aa24-8a949ac2d62d/resource/853bb591-19da-46fa-9abe-064d41c444ed/download,/api/dataset/660e3969-c011-481c-aa24-8a949ac2d62d/resource/826ed002-f4c7-430a-b102-5c5c2e39dca0/download,/api/dataset/660e3969-c011-481c-aa24-8a949ac2d62d/resource/7ce052b4-b64d-433e-8ef2-f788448d9fc3/download,/api/dataset/660e3969-c011-481c-aa24-8a949ac2d62d/resource/8ab56891-b734-43cd-b2e7-1070d4bbef35/download,/api/dataset/660e3969-c011-481c-aa24-8a949ac2d62d/resource/fd4b01b3-482e-47a1-b14d-759e8a2c1efb/download,/api/dataset/660e3969-c011-481c-aa24-8a949ac2d62d/resource/8db58d6e-ffb5-4c82-89bc-1f2c93d3fee5/download,/api/dataset/660e3969-c011-481c-aa24-8a949ac2d62d/resource/b2d99b2c-d9eb-43c2-927f-658fe019ff9c/download,/api/dataset/660e3969-c011-481c-aa24-8a949ac2d62d/resource/f14009f1-82ad-4165-b009-bf6f293f19f5/download,/api/dataset/660e3969-c011-481c-aa24-8a949ac2d62d/resource/a782a189-e6e8-47a7-be8c-50f797feec15/download,/api/dataset/660e3969-c011-481c-aa24-8a949ac2d62d/resource/bd4bcc6e-d885-4407-8986-df265eae2365/download,/api/dataset/660e3969-c011-481c-aa24-8a949ac2d62d/resource/a210372b-4f74-4b1e-bb90-a7741612500b/download,/api/dataset/660e3969-c011-481c-aa24-8a949ac2d62d/resource/074f79c9-ba48-4173-892a-569065e7c1dd/download,/api/dataset/660e3969-c011-481c-aa24-8a949ac2d62d/resource/d9621706-cbaf-48cb-8d85-ac062c1dc2d9/download,/api/dataset/660e3969-c011-481c-aa24-8a949ac2d62d/resource/fbd31684-a044-4a9f-8ed0-6e1ba63f9334/download,/api/dataset/660e3969-c011-481c-aa24-8a949ac2d62d/resource/0d0650c2-145e-47f7-a903-72126faf7629/download,/api/dataset/660e3969-c011-481c-aa24-8a949ac2d62d/resource/153264fe-3301-43b4-a82b-5c64b113bf8b/download,/api/dataset/660e3969-c011-481c-aa24-8a949ac2d62d/resource/330c1347-56f2-4d39-9b1c-cb0c3271ebaa/download,/api/dataset/660e3969-c011-481c-aa24-8a949ac2d62d/resource/03e69a85-35f8-47ba-98c1-6646030fbfea/download,/api/dataset/660e3969-c011-481c-aa24-8a949ac2d62d/resource/80b1503b-4b2a-4361-9817-f64ead784b9d/download,/api/dataset/660e3969-c011-481c-aa24-8a949ac2d62d/resource/8ac72bea-d674-4c7f-8793-9e332607e7f7/download,/api/dataset/660e3969-c011-481c-aa24-8a949ac2d62d/resource/3f63b49f-b2ec-4f79-9cb3-f88fb3632f1d/download,/api/dataset/660e3969-c011-481c-aa24-8a949ac2d62d/resource/39c6fd13-dd01-420c-8337-eec812b9efdf/download,/api/dataset/660e3969-c011-481c-aa24-8a949ac2d62d/resource/063f55dc-d78e-4a1a-9052-3656e45fe03d/download,/api/dataset/660e3969-c011-481c-aa24-8a949ac2d62d/resource/5e73ebd5-0d16-4c8d-8bb3-c96bb69312bb/download,/api/dataset/660e3969-c011-481c-aa24-8a949ac2d62d/resource/7cc00cb6-a097-434f-86b2-9d056b0ebb06/download,/api/dataset/660e3969-c011-481c-aa24-8a949ac2d62d/resource/32ad65fb-eefa-417d-afe1-0f8d4c2b03e0/download,/api/dataset/660e3969-c011-481c-aa24-8a949ac2d62d/resource/84a29696-d12c-44b5-b1b9-cc91724fbe28/download,/api/dataset/660e3969-c011-481c-aa24-8a949ac2d62d/resource/824fa791-98c9-4dea-86a6-899dbc258f01/download,/api/dataset/660e3969-c011-481c-aa24-8a949ac2d62d/resource/b5ebed1e-9cbc-4517-b33b-ee170a9d9df5/download,/api/dataset/660e3969-c011-481c-aa24-8a949ac2d62d/resource/91523743-6b7f-4dd2-8357-77c4be59547b/download,/api/dataset/660e3969-c011-481c-aa24-8a949ac2d62d/resource/cfe5bd6f-5cdb-426e-9168-3513fdf9a8f0/download",臺北捷運公司全系統旅客運送量統計,西元年、月、日、星期、人次,智慧通勤:5; 韌性防災:0; 永續環境:0; 食安健康:0; 勞動福祉:0; 文化共融:0
taipei,f4fd7f03-9bf6-41de-a003-02c437596570,00029340,臺北捷運公司採購案件預定招標時程資訊,智慧通勤,False,True,True,table,通勤地圖與交通壓力分析,False,2,交通,交通及通訊,原始資料,捷運公司,,捷運公司,每1月,"CSV,CSV,CSV,CSV,CSV,CSV,CSV,CSV,CSV,CSV,CSV,CSV,CSV,CSV,CSV,CSV,CSV,CSV,CSV,CSV,CSV,CSV,CSV,CSV,CSV,CSV,CSV,CSV,CSV,CSV,CSV,CSV,CSV,CSV,CSV,CSV,CSV,CSV,CSV,CSV,CSV,CSV,CSV,CSV,CSV,CSV,CSV",中文,2022-06-14T00:00:00,"/api/dataset/f4fd7f03-9bf6-41de-a003-02c437596570/resource/28573ed4-3353-471f-af29-6d6addadd0e4/download,/api/dataset/f4fd7f03-9bf6-41de-a003-02c437596570/resource/1108644d-d4a3-4df7-81ee-8e16c0e990ea/download,/api/dataset/f4fd7f03-9bf6-41de-a003-02c437596570/resource/9b28b724-4681-46b0-8938-aeb5bdf6b8cd/download,/api/dataset/f4fd7f03-9bf6-41de-a003-02c437596570/resource/08373000-18d1-4687-9755-65fb1250dd34/download,/api/dataset/f4fd7f03-9bf6-41de-a003-02c437596570/resource/101e4da8-3ded-4e21-83f4-a84c4d5e6bd8/download,/api/dataset/f4fd7f03-9bf6-41de-a003-02c437596570/resource/1cc2df95-7826-49e5-876f-24b2c9775424/download,/api/dataset/f4fd7f03-9bf6-41de-a003-02c437596570/resource/7d664a52-0d26-4c39-bbf9-5c1587f76e7f/download,/api/dataset/f4fd7f03-9bf6-41de-a003-02c437596570/resource/7d1c8d76-29f1-41b4-8678-30e7b5883473/download,/api/dataset/f4fd7f03-9bf6-41de-a003-02c437596570/resource/10f55138-1421-4f23-a744-d46fccbc6a85/download,/api/dataset/f4fd7f03-9bf6-41de-a003-02c437596570/resource/8fcebb70-2b27-458c-8c0d-57fadcc8782b/download,/api/dataset/f4fd7f03-9bf6-41de-a003-02c437596570/resource/043ec661-50ec-4c81-8772-fb08ec993ee9/download,/api/dataset/f4fd7f03-9bf6-41de-a003-02c437596570/resource/bd9e9886-a011-407f-abb1-8c4440118f39/download,/api/dataset/f4fd7f03-9bf6-41de-a003-02c437596570/resource/2f2c49f9-7a29-4a05-a211-8d47daec5f39/download,/api/dataset/f4fd7f03-9bf6-41de-a003-02c437596570/resource/89b84485-17d2-4886-8a41-05ab2d1a11e7/download,/api/dataset/f4fd7f03-9bf6-41de-a003-02c437596570/resource/5cae6b15-8fb2-40b7-b894-5a39970d4c0c/download,/api/dataset/f4fd7f03-9bf6-41de-a003-02c437596570/resource/9e486f49-d1de-40f0-9481-45e04b11c189/download,/api/dataset/f4fd7f03-9bf6-41de-a003-02c437596570/resource/ce7b2b4a-de1b-4ec6-a8ee-543de93d6e80/download,/api/dataset/f4fd7f03-9bf6-41de-a003-02c437596570/resource/fa8c7f74-e622-454e-b1d3-288ba96985ee/download,/api/dataset/f4fd7f03-9bf6-41de-a003-02c437596570/resource/8b49df6a-3445-4eb7-8695-8a20b674a77b/download,/api/dataset/f4fd7f03-9bf6-41de-a003-02c437596570/resource/c4deefe9-b327-43e6-b68e-ce97566b9744/download,/api/dataset/f4fd7f03-9bf6-41de-a003-02c437596570/resource/c5dbbf0f-1c39-4190-af83-ae180421f7d3/download,/api/dataset/f4fd7f03-9bf6-41de-a003-02c437596570/resource/a910494e-15d8-49c3-ad3c-64e876f5c883/download,/api/dataset/f4fd7f03-9bf6-41de-a003-02c437596570/resource/533a94e3-2565-43aa-adf5-81fd12e79bf5/download,/api/dataset/f4fd7f03-9bf6-41de-a003-02c437596570/resource/ca939d72-4189-4c12-ba5a-aed9f63bd752/download,/api/dataset/f4fd7f03-9bf6-41de-a003-02c437596570/resource/d1e347a6-9c04-4b75-bc01-23066593610a/download,/api/dataset/f4fd7f03-9bf6-41de-a003-02c437596570/resource/c9187f99-3464-48fe-ba65-ec7c24339883/download,/api/dataset/f4fd7f03-9bf6-41de-a003-02c437596570/resource/d718e027-c379-419b-9efe-2f57f506d489/download,/api/dataset/f4fd7f03-9bf6-41de-a003-02c437596570/resource/d2420446-04c9-41ac-99c3-3348409b9533/download,/api/dataset/f4fd7f03-9bf6-41de-a003-02c437596570/resource/cf6bf697-62d5-4879-a6c1-ec4053d07f53/download,/api/dataset/f4fd7f03-9bf6-41de-a003-02c437596570/resource/d493bb3a-cf91-40a0-b94c-32b52e4256f5/download,/api/dataset/f4fd7f03-9bf6-41de-a003-02c437596570/resource/a03f791b-301b-4107-94c9-3fba8ed98733/download,/api/dataset/f4fd7f03-9bf6-41de-a003-02c437596570/resource/e43d0af2-3fe9-4153-bc76-bf0cba4d80dd/download,/api/dataset/f4fd7f03-9bf6-41de-a003-02c437596570/resource/8b39eb8e-0649-4d5e-9354-bc25f100720c/download,/api/dataset/f4fd7f03-9bf6-41de-a003-02c437596570/resource/b7be21f2-37e6-4dc4-9c82-0eee45a7ca75/download,/api/dataset/f4fd7f03-9bf6-41de-a003-02c437596570/resource/bea41d5d-590e-409e-be92-8c8b6311f3bf/download,/api/dataset/f4fd7f03-9bf6-41de-a003-02c437596570/resource/a0461d54-98bf-406b-b61d-0a34bb0eab44/download,/api/dataset/f4fd7f03-9bf6-41de-a003-02c437596570/resource/a7ea9587-4087-4921-8314-5e6ce392badd/download,/api/dataset/f4fd7f03-9bf6-41de-a003-02c437596570/resource/de900cc5-8ec8-4c55-8ee7-49a3e9612e56/download,/api/dataset/f4fd7f03-9bf6-41de-a003-02c437596570/resource/22fa0159-0440-4255-b9c1-42febab8d914/download,/api/dataset/f4fd7f03-9bf6-41de-a003-02c437596570/resource/faaecc5d-8592-4141-a900-a490064d7168/download,/api/dataset/f4fd7f03-9bf6-41de-a003-02c437596570/resource/4ea41a96-945f-4fd2-87f2-877e4137fa37/download,/api/dataset/f4fd7f03-9bf6-41de-a003-02c437596570/resource/3ab3c485-b214-423d-9b96-b2e6109964f0/download,/api/dataset/f4fd7f03-9bf6-41de-a003-02c437596570/resource/c15368fd-2aea-44fd-ac52-39ce33552561/download,/api/dataset/f4fd7f03-9bf6-41de-a003-02c437596570/resource/c38f43e0-4253-470e-9546-c557b4cd0917/download,/api/dataset/f4fd7f03-9bf6-41de-a003-02c437596570/resource/7481fdbe-55db-4434-87d1-abe8eea7b981/download,/api/dataset/f4fd7f03-9bf6-41de-a003-02c437596570/resource/1ad914d0-04dd-408e-9f14-3eacfe7cd71c/download,/api/dataset/f4fd7f03-9bf6-41de-a003-02c437596570/resource/5b1c399b-412a-499b-81a9-10d0cb6a570a/download",臺北捷運公司採購案件預定招標時程，本表僅為預定排程，實際公告時間仍依政府電子採購網公告日為主。,採購案名、預算金額、標的、統計期_民國年月,智慧通勤:4; 韌性防災:0; 永續環境:0; 食安健康:0; 勞動福祉:0; 文化共融:0
taipei,63f31c7e-7fc3-418b-bd82-b95158755b4d,00001203,臺北捷運各站分時進出量統計,智慧通勤,False,True,True,table,通勤地圖與交通壓力分析,False,2,交通,交通及通訊,原始資料,捷運公司,,捷運公司,每1月,CSV,中文,2017-02-24T00:00:00,/api/dataset/63f31c7e-7fc3-418b-bd82-b95158755b4d/resource/eb481f58-1238-4cff-8caa-fa7bb20cb4f4/download,臺北捷運每日分時各車站進出站(OD)流量統計,SeqNo、西元年、月、URL、說明/備註,智慧通勤:5; 韌性防災:0; 永續環境:0; 食安健康:0; 勞動福祉:0; 文化共融:0
taipei,178ebf06-0451-4ac1-bbba-c255ca1fdac6,00003013,臺北捷運各站進出人次,智慧通勤,False,True,True,table,通勤地圖與交通壓力分析,False,2,統計,交通及通訊,原始資料,主計處,,主計處,每1年,CSV,中文,2022-02-22T00:00:00,https://tsis.dbas.gov.taipei/statis/webMain.aspx?sys=220&ymf=8500&kind=21&type=0&funid=a05023601&cycle=4&outmode=12&compmode=0&outkind=3&deflst=2&nzo=1,"臺北捷運各站進出人次時間數列統計資料
",統計期、捷運站別、進站人次、出站人次、進站人次增減率[%]、出站人次增減率[%],智慧通勤:2; 韌性防災:0; 永續環境:0; 食安健康:0; 勞動福祉:0; 文化共融:0
taipei,1d71c478-205f-42c5-8386-35f86d74fdd1,00000469,臺北捷運各站進出量統計,智慧通勤,False,True,True,table,通勤地圖與交通壓力分析,False,2,交通,交通及通訊,原始資料,捷運公司,,捷運公司,不定期更新,CSV,中文,2015-05-15T00:00:00,/api/dataset/1d71c478-205f-42c5-8386-35f86d74fdd1/resource/df2da2b6-a3d5-47e7-8c97-8b047d9a2bd1/download,"捷運車站每日各站進出量統計(自104年11月起提供每小時各站進出站量統計)。
本公司考量拓展資料使用之面向，自106年1月起提供「臺北捷運每日分時各站OD流量統計資料」(資料集名稱：臺北捷運各站分時進出量統計)，故本項統計資料將提供至105年12月止。",SeqNo、項目、西元年、月、URL,智慧通勤:5; 韌性防災:0; 永續環境:0; 食安健康:0; 勞動福祉:0; 文化共融:0
taipei,bed9c297-da71-4251-ba46-74d52ac9a991,00000520,臺北捷運每日貓空纜車系統旅運量統計表,智慧通勤,False,True,True,table,通勤地圖與交通壓力分析,False,2,交通,交通及通訊,原始資料,捷運公司,北捷遊憩公司,捷運公司北捷遊憩公司,每1月,"CSV,CSV,CSV,CSV,CSV,CSV,CSV,CSV,CSV,CSV,CSV,CSV",中文,2015-05-15T00:00:00,"/api/dataset/bed9c297-da71-4251-ba46-74d52ac9a991/resource/85342cab-89b5-476c-b990-c4b3d1f34de2/download,/api/dataset/bed9c297-da71-4251-ba46-74d52ac9a991/resource/41eb2e44-ed1f-48ef-a30a-1baa6ad15dbc/download,/api/dataset/bed9c297-da71-4251-ba46-74d52ac9a991/resource/ae71050f-8dbc-49ae-9a04-b6ec0be0cd5d/download,/api/dataset/bed9c297-da71-4251-ba46-74d52ac9a991/resource/528d875d-0019-42f5-afff-7ce273ffd3e4/download,/api/dataset/bed9c297-da71-4251-ba46-74d52ac9a991/resource/f494a8f8-c0d4-4b85-9923-03860a136691/download,/api/dataset/bed9c297-da71-4251-ba46-74d52ac9a991/resource/ba1085b9-dd7b-4b26-bfcb-707c23bd5af4/download,/api/dataset/bed9c297-da71-4251-ba46-74d52ac9a991/resource/7c9db44a-1248-4fbf-8a6c-f62681d3e442/download,/api/dataset/bed9c297-da71-4251-ba46-74d52ac9a991/resource/847a385c-1261-463e-bca6-ac57b9dffd54/download,/api/dataset/bed9c297-da71-4251-ba46-74d52ac9a991/resource/4b8ac39f-af9d-45ef-b74b-aa3342bb1798/download,/api/dataset/bed9c297-da71-4251-ba46-74d52ac9a991/resource/7f557ba8-0113-4efb-aa5b-a2e2eef6ef4a/download,/api/dataset/bed9c297-da71-4251-ba46-74d52ac9a991/resource/ddf5092b-fd86-4354-b7bc-958841649022/download,/api/dataset/bed9c297-da71-4251-ba46-74d52ac9a991/resource/fbb6aa63-82f3-472a-9310-18627e29927f/download",臺北捷運每日貓空纜車系統旅運量統計,月份、營運日、星期、總運量、平日/假日,智慧通勤:4; 韌性防災:0; 永續環境:0; 食安健康:0; 勞動福祉:0; 文化共融:0
taipei,4acb4911-0360-4063-808d-fcee629508b3,00000224,臺北捷運系統票價,智慧通勤,False,True,True,table,通勤地圖與交通壓力分析,False,2,交通,交通及通訊,原始資料,捷運公司,,捷運公司,不定期更新,CSV,中文,2012-05-28T00:00:00,/api/dataset/4acb4911-0360-4063-808d-fcee629508b3/resource/893c2f2a-dcfd-407b-b871-394a14105532/download,提供臺北捷運系統各票種之票價,起站、訖站、全票票價[金額]、敬老卡愛心卡愛心陪伴卡及臺北市與新北市兒童優惠票價[金額]、距離,智慧通勤:4; 韌性防災:0; 永續環境:0; 食安健康:0; 勞動福祉:0; 文化共融:0
taipei,1c335e7b-c489-46ae-a9d9-45ed47ebbfab,00000456,臺北捷運聯合開發不動產統一經營資訊,智慧通勤,False,True,True,table,通勤地圖與交通壓力分析,False,2,交通,交通及通訊,原始資料,捷運局,,捷運局,不定期更新,CSV,中文,2020-07-16T00:00:00,/api/dataset/1c335e7b-c489-46ae-a9d9-45ed47ebbfab/resource/8c5f9b76-6c09-48a4-9391-7f3c15bacfcf/download,捷運聯合開發公有不動產屬統一經營管理之區位及出租狀態等相關資料,捷運路線、捷運車站、捷運區位、建物名稱、樓層區位、門牌號碼、面積坪數、車位數量、是否收費、使用執照,智慧通勤:7; 韌性防災:0; 永續環境:0; 食安健康:0; 勞動福祉:0; 文化共融:0
taipei,9527ea34-7c55-4c23-9f0e-80164f888f06,00000473,臺北捷運聯合開發公有不動產標售物件資料,智慧通勤,False,True,True,table,通勤地圖與交通壓力分析,False,2,交通,交通及通訊,原始資料,捷運局,,捷運局,不定期更新,CSV,中文,2020-01-22T00:00:00,/api/dataset/9527ea34-7c55-4c23-9f0e-80164f888f06/resource/f3f1b2a4-b7e6-4e40-a644-f6295446b72f/download,捷運開發公有不動產依捷運站別說明每戶標售金額相關資料,序號、區位代號、門牌號碼、土地座落區號、土地座落段號、土地座落地號、房屋土地持分比、車位土地持分比、土地持分比合計、建號、主建物面積㎡、陽台、雨遮、合計、共用面積不含車公㎡、產權面積㎡、產權面積坪、公設百分比%、標售底價新台幣元、應繳押標金新台幣元、車位說明,智慧通勤:5; 韌性防災:0; 永續環境:0; 食安健康:0; 勞動福祉:0; 文化共融:0
taipei,21b647dd-9442-4fc6-926c-269ac116f500,00001713,臺北捷運聯合開發大樓每坪每月租金一覽表,智慧通勤,False,True,True,table,通勤地圖與交通壓力分析,False,2,交通,交通及通訊,網路服務,捷運局,,捷運局,不定期更新,CSV,中文,2020-06-19T00:00:00,/api/dataset/21b647dd-9442-4fc6-926c-269ac116f500/resource/664a256d-4ea1-41bc-8be6-acd53d9864a0/download,捷運聯合開發大樓出租依捷運站別分析說明每坪每月租金相關資料,項次、建案名稱、樓地板面積、每坪月租金、管理機關、房舍數量、建物用途、戶數,智慧通勤:4; 韌性防災:0; 永續環境:0; 食安健康:0; 勞動福祉:0; 文化共融:0
taipei,f1d43ac0-e750-45e9-9898-dff197a616c3,00000587,臺北捷運貓空纜車團體預約統計資料,智慧通勤,False,True,True,table,通勤地圖與交通壓力分析,False,2,交通,交通及通訊,原始資料,捷運公司,北捷遊憩公司,捷運公司北捷遊憩公司,每1月,"CSV,CSV,CSV,CSV,CSV,CSV,CSV,CSV,CSV,CSV,CSV,CSV",中文,2015-06-26T00:00:00,"/api/dataset/f1d43ac0-e750-45e9-9898-dff197a616c3/resource/655a580d-dfb9-4d1e-9e41-aa9995720c84/download,/api/dataset/f1d43ac0-e750-45e9-9898-dff197a616c3/resource/c5b97868-3b4a-413f-9749-d67300ea7fc0/download,/api/dataset/f1d43ac0-e750-45e9-9898-dff197a616c3/resource/fd21fff0-1a7e-4d72-a9c2-3c6f5df4f9ce/download,/api/dataset/f1d43ac0-e750-45e9-9898-dff197a616c3/resource/3e03e2ee-162f-43fe-bd43-3c301fc55290/download,/api/dataset/f1d43ac0-e750-45e9-9898-dff197a616c3/resource/721fd8fe-5ecd-415e-b54b-18ca28870060/download,/api/dataset/f1d43ac0-e750-45e9-9898-dff197a616c3/resource/72d42778-750f-40c1-b53b-4086dc96e748/download,/api/dataset/f1d43ac0-e750-45e9-9898-dff197a616c3/resource/2b70dc97-9667-478e-9466-bde3c7d6667f/download,/api/dataset/f1d43ac0-e750-45e9-9898-dff197a616c3/resource/71cc23a5-0866-4021-b318-8b8c3fe5b99b/download,/api/dataset/f1d43ac0-e750-45e9-9898-dff197a616c3/resource/3cd81ec2-a7af-447b-843c-832741600599/download,/api/dataset/f1d43ac0-e750-45e9-9898-dff197a616c3/resource/adcc20d9-44cf-4380-bca5-e2eb8c9d0ace/download,/api/dataset/f1d43ac0-e750-45e9-9898-dff197a616c3/resource/c6ecca85-04d4-42b1-ba7a-bf6e73cfb159/download,/api/dataset/f1d43ac0-e750-45e9-9898-dff197a616c3/resource/e62bc50b-c028-4cc2-8d5f-8a0a49a45bfb/download",臺北捷運貓空纜車團體預約統計,年、月、日、星期、預約搭乘人數,智慧通勤:4; 韌性防災:0; 永續環境:0; 食安健康:0; 勞動福祉:0; 文化共融:0
taipei,a18619c2-1ab7-44db-926d-eb68f061ee68,00003022,臺北松山機場營運量,智慧通勤,False,True,True,table,通勤地圖與交通壓力分析,False,2,統計,交通及通訊,原始資料,主計處,,主計處,每1年,"CSV,CSV",中文,2020-11-24T00:00:00,"https://tsis.dbas.gov.taipei/statis/webMain.aspx?sys=220&ymf=6000&kind=21&type=0&funid=a05024401&cycle=4&outmode=12&compmode=0&outkind=1&deflst=2&nzo=1,https://tsis.dbas.gov.taipei/statis/webMain.aspx?sys=220&ymf=11001&kind=21&type=0&funid=a05024402&cycle=1&outmode=12&compmode=0&outkind=1&deflst=2&nzo=1","臺北松山機場營運量時間數列統計資料
","統計期、起降總架次/總計、起降總架次/國際航線、起降總架次/國內航線、客運總人次/總計/合計、客運總人次/總計/入境、客運總人次/總計/出境、客運總人次/國際航線/入境、客運總人次/國際航線/出境、客運總人次/國內航線/入境、客運總人次/國內航線/出境、貨運噸數/總計/合計、貨運噸數/總計/入境、貨運噸數/總計/出境、貨運噸數/總計/轉口、貨運噸數/國際航線/入境、貨運噸數/國際航線/出境、貨運噸數/國內航線/入境、貨運噸數/國內航線/出境
",智慧通勤:2; 韌性防災:0; 永續環境:0; 食安健康:0; 勞動福祉:0; 文化共融:0
newtaipei,50EFD0EE-D589-46E1-813C-4C48AFE9B37D,,102年度A1類交通事故資料,智慧通勤,False,True,False,table,通勤地圖與交通壓力分析,False,1,交通,交通及通訊,,,,新北市政府警察局/新北市政府警察局交通警察大隊/事故處理組,不更新,JSON、CSV、XML,中文,,https://data.ntpc.gov.tw/datasets/50efd0ee-d589-46e1-813c-4c48afe9b37d,102年度A1類交通事故資料。,,智慧通勤:4; 韌性防災:0; 永續環境:0; 食安健康:0; 勞動福祉:0; 文化共融:0
newtaipei,09D622A4-E1C9-456F-81ED-C979F90FE668,,102年度A2類交通事故資料,智慧通勤,False,True,False,table,通勤地圖與交通壓力分析,False,1,交通,交通及通訊,,,,新北市政府警察局/新北市政府警察局交通警察大隊/事故處理組,不更新,JSON、CSV、XML,中文,,https://data.ntpc.gov.tw/datasets/09d622a4-e1c9-456f-81ed-c979f90fe668,102年度A2類交通事故資料。,,智慧通勤:4; 韌性防災:0; 永續環境:0; 食安健康:0; 勞動福祉:0; 文化共融:0
newtaipei,76EE388B-6DD8-41E6-8AE6-0EE99051041A,,103年度A1類交通事故資料,智慧通勤,False,True,False,table,通勤地圖與交通壓力分析,False,1,交通,交通及通訊,,,,新北市政府警察局/新北市政府警察局交通警察大隊/事故處理組,不更新,JSON、CSV、XML,中文,,https://data.ntpc.gov.tw/datasets/76ee388b-6dd8-41e6-8ae6-0ee99051041a,103年度A1類交通事故資料。,,智慧通勤:4; 韌性防災:0; 永續環境:0; 食安健康:0; 勞動福祉:0; 文化共融:0
newtaipei,2EC8E639-771A-45B3-8A42-7C4FE1A80FAD,,103年度A2類交通事故資料,智慧通勤,False,True,False,table,通勤地圖與交通壓力分析,False,1,交通,交通及通訊,,,,新北市政府警察局/新北市政府警察局交通警察大隊/事故處理組,不更新,JSON、CSV、XML,中文,,https://data.ntpc.gov.tw/datasets/2ec8e639-771a-45b3-8a42-7c4fe1a80fad,103年度A2類交通事故資料。,,智慧通勤:4; 韌性防災:0; 永續環境:0; 食安健康:0; 勞動福祉:0; 文化共融:0
newtaipei,66BE5520-5AC0-461F-AE0D-1DB22DFB5BFA,,104年度A1類交通事故資料,智慧通勤,False,True,False,table,通勤地圖與交通壓力分析,False,1,交通,交通及通訊,,,,新北市政府警察局/新北市政府警察局交通警察大隊/事故處理組,不更新,JSON、CSV、XML,中文,,https://data.ntpc.gov.tw/datasets/66be5520-5ac0-461f-ae0d-1db22dfb5bfa,104年度A1類交通事故資料。,,智慧通勤:4; 韌性防災:0; 永續環境:0; 食安健康:0; 勞動福祉:0; 文化共融:0
newtaipei,A19272FE-8E93-43E0-9A03-8E71EB6B0A2D,,104年度A2類交通事故資料,智慧通勤,False,True,False,table,通勤地圖與交通壓力分析,False,1,交通,交通及通訊,,,,新北市政府警察局/新北市政府警察局交通警察大隊/事故處理組,不更新,JSON、CSV、XML,中文,,https://data.ntpc.gov.tw/datasets/a19272fe-8e93-43e0-9a03-8e71eb6b0a2d,104年度A2類交通事故資料。,,智慧通勤:4; 韌性防災:0; 永續環境:0; 食安健康:0; 勞動福祉:0; 文化共融:0
newtaipei,2852C6E1-48EB-4BFA-9B58-401D6DB2894E,,104年度新北市十大易肇事路口,智慧通勤,False,True,False,table,通勤地圖與交通壓力分析,False,1,交通,交通及通訊,,,,新北市政府警察局/新北市政府警察局交通警察大隊/事故處理組,不更新,JSON、CSV、XML,中文,,https://data.ntpc.gov.tw/datasets/2852c6e1-48eb-4bfa-9b58-401d6db2894e,104年度新北市十大易肇事路口。,,智慧通勤:3; 韌性防災:0; 永續環境:0; 食安健康:0; 勞動福祉:0; 文化共融:0
newtaipei,2932699B-B299-4FD0-8B03-7606B6FF40C8,,104年度新北市附屬單位預算作業基金收支餘絀綜計表(依基金別分列)(預算案),智慧通勤,False,True,False,table,通勤地圖與交通壓力分析,False,1,財稅,公共資訊,,,,新北市政府主計處/基金預算科,不更新,JSON、CSV、XML,中文,,https://data.ntpc.gov.tw/datasets/2932699b-b299-4fd0-8b03-7606b6ff40c8,"1.104年度新北市附屬單位預算作業基金收支餘絀綜計表(依基金別分列)(預算案)

2.單位：新臺幣千元

3.各項欄位說明詳參""新北市政府主計處網頁->附屬單位預算及綜計表->104年度附屬單位預算案""( http://www.bas.ntpc.gov.tw/download/?type_id=10420)或電洽主計處查詢。

4.作業基金之新北市都市更新基金、新北市實施平均地權基金、新北市軌道建設發展基金及新北市停車場作業基金尚未經市議會審議通過。",,智慧通勤:1; 韌性防災:0; 永續環境:0; 食安健康:0; 勞動福祉:0; 文化共融:0
newtaipei,C522FDB4-0A3A-4953-B35D-03C9C340417C,,104年度新北市附屬單位預算作業基金收支餘絀綜計表(依收支科目分列)(預算案),智慧通勤,False,True,False,table,通勤地圖與交通壓力分析,False,1,財稅,公共資訊,,,,新北市政府主計處/基金預算科,不更新,JSON、CSV、XML,中文,,https://data.ntpc.gov.tw/datasets/c522fdb4-0a3a-4953-b35d-03c9c340417c,"1.104年度新北市附屬單位預算作業基金收支餘絀綜計表(依收支科目分列)(預算案)

2.單位：新臺幣千元

3.各項欄位說明詳參""新北市政府主計處網頁->附屬單位預算及綜計表->104年度附屬單位預算案""( http://www.bas.ntpc.gov.tw/download/?type_id=10420)或電洽主計處查詢。

4.作業基金之新北市都市更新基金、新北市實施平均地權基金、新北市軌道建設發展基金及新北市停車場作業基金尚未經市議會審議通過。",,智慧通勤:1; 韌性防災:0; 永續環境:0; 食安健康:0; 勞動福祉:0; 文化共融:0
newtaipei,DE4CD2A0-C917-4B0B-B2FD-B11D4F5CF0E5,,104年度新北市附屬單位預算作業基金餘絀撥補綜計表(依基金別分列)(預算案),智慧通勤,False,True,False,table,通勤地圖與交通壓力分析,False,1,財稅,公共資訊,,,,新北市政府主計處/基金預算科,不更新,JSON、CSV、XML,中文,,https://data.ntpc.gov.tw/datasets/de4cd2a0-c917-4b0b-b2fd-b11d4f5cf0e5,"1.104年度新北市附屬單位預算作業基金餘絀撥補綜計表(依基金別分列)(預算案)

2.單位：新臺幣千元

3.各項欄位說明詳參""新北市政府主計處網頁->附屬單位預算及綜計表->104年度附屬單位預算案""( http://www.bas.ntpc.gov.tw/download/?type_id=10420)或電洽主計處查詢。

4.作業基金之新北市都市更新基金、新北市實施平均地權基金、新北市軌道建設發展基金及新北市停車場作業基金尚未經市議會審議通過。",,智慧通勤:1; 韌性防災:0; 永續環境:0; 食安健康:0; 勞動福祉:0; 文化共融:0
newtaipei,B9E62694-2BF9-4388-BDA8-836E97B3EC04,,104年度新北市附屬單位預算作業基金餘絀撥補綜計表(依撥補項目分列)(預算案),智慧通勤,False,True,False,table,通勤地圖與交通壓力分析,False,1,財稅,公共資訊,,,,新北市政府主計處/基金預算科,不更新,JSON、CSV、XML,中文,,https://data.ntpc.gov.tw/datasets/b9e62694-2bf9-4388-bda8-836e97b3ec04,"1.104年度新北市附屬單位預算作業基金餘絀撥補綜計表(依撥補項目分列)(預算案)

2.單位：新臺幣千元

3.各項欄位說明詳參""新北市政府主計處網頁->附屬單位預算及綜計表->104年度附屬單位預算案""( http://www.bas.ntpc.gov.tw/download/?type_id=10420)或電洽主計處查詢。

4.作業基金之新北市都市更新基金、新北市實施平均地權基金、新北市軌道建設發展基金及新北市停車場作業基金尚未經市議會審議通過。",,智慧通勤:1; 韌性防災:0; 永續環境:0; 食安健康:0; 勞動福祉:0; 文化共融:0
newtaipei,AE02EF32-E08A-400A-8ABC-22A5C5AFF30D,,105年度A1類交通事故資料,智慧通勤,False,True,False,table,通勤地圖與交通壓力分析,False,1,交通,交通及通訊,,,,新北市政府警察局/新北市政府警察局交通警察大隊/事故處理組,不更新,JSON、CSV、XML,中文,,https://data.ntpc.gov.tw/datasets/ae02ef32-e08a-400a-8abc-22a5c5aff30d,105年度A1類交通事故資料。,,智慧通勤:4; 韌性防災:0; 永續環境:0; 食安健康:0; 勞動福祉:0; 文化共融:0
newtaipei,E11E5291-505B-4A39-B95B-6F7C6C602357,,105年新北市A2道路交通事故,智慧通勤,False,True,False,table,通勤地圖與交通壓力分析,False,1,交通,交通及通訊,,,,新北市政府警察局/新北市政府警察局交通警察大隊/事故處理組,不更新,JSON、CSV、XML,中文,,https://data.ntpc.gov.tw/datasets/e11e5291-505b-4a39-b95b-6f7c6c602357,105年新北市A2道路交通事故。,,智慧通勤:5; 韌性防災:0; 永續環境:0; 食安健康:0; 勞動福祉:0; 文化共融:0
newtaipei,A05BC1DF-791D-4006-81E3-88A685CFCD38,,106年度新北市附屬單位預算作業基金收支餘絀綜計表(依基金別分列)(預算案),智慧通勤,False,True,False,table,通勤地圖與交通壓力分析,False,1,財稅,公共資訊,,,,新北市政府主計處/基金預算科,不更新,JSON、CSV、XML,中文,,https://data.ntpc.gov.tw/datasets/a05bc1df-791d-4006-81e3-88a685cfcd38,"1.106年度新北市附屬單位預算作業基金收支餘絀綜計表(依基金別分列)(預算案)

2.單位：新臺幣千元

3.各項欄位說明詳參""新北市政府主計處網頁->附屬單位預算及綜計表->106年度附屬單位預算案""( http://www.bas.ntpc.gov.tw/download/?type_id=10626)或電洽主計處查詢。

4.作業基金之新北市實施平均地權基金、新北市停車場作業基金及新北市軌道建設發展基金尚未經市議會審議通過。",,智慧通勤:1; 韌性防災:0; 永續環境:0; 食安健康:0; 勞動福祉:0; 文化共融:0
newtaipei,B1C57476-5DFF-46B0-917E-C5A7CD8FE774,,106年度新北市附屬單位預算作業基金收支餘絀綜計表(依收支科目分列)(預算案),智慧通勤,False,True,False,table,通勤地圖與交通壓力分析,False,1,財稅,公共資訊,,,,新北市政府主計處/基金預算科,不更新,JSON、CSV、XML,中文,,https://data.ntpc.gov.tw/datasets/b1c57476-5dff-46b0-917e-c5a7cd8fe774,"1.106年度新北市附屬單位預算作業基金收支餘絀綜計表(依收支科目分列)(預算案)

2.單位：新臺幣千元

3.各項欄位說明詳參""新北市政府主計處網頁->附屬單位預算及綜計表->106年度附屬單位預算案""( http://www.bas.ntpc.gov.tw/download/?type_id=10626)或電洽主計處查詢。

4.作業基金之新北市實施平均地權基金、新北市停車場作業基金及新北市軌道建設發展基金尚未經市議會審議通過。",,智慧通勤:1; 韌性防災:0; 永續環境:0; 食安健康:0; 勞動福祉:0; 文化共融:0
newtaipei,0F4ED7C3-E07E-442D-881E-7DF6E09675E5,,106年度新北市附屬單位預算作業基金餘絀撥補綜計表(依基金別分列)(預算案),智慧通勤,False,True,False,table,通勤地圖與交通壓力分析,False,1,財稅,公共資訊,,,,新北市政府主計處/基金預算科,不更新,JSON、CSV、XML,中文,,https://data.ntpc.gov.tw/datasets/0f4ed7c3-e07e-442d-881e-7df6e09675e5,"1.106年度新北市附屬單位預算作業基金餘絀撥補綜計表(依基金別分列)(預算案)

2.單位：新臺幣千元

3.各項欄位說明詳參""新北市政府主計處網頁->附屬單位預算及綜計表->106年度附屬單位預算案""( http://www.bas.ntpc.gov.tw/download/?type_id=10626)或電洽主計處查詢。

4.作業基金之新北市實施平均地權基金、新北市停車場作業基金及新北市軌道建設發展基金尚未經市議會審議通過。",,智慧通勤:1; 韌性防災:0; 永續環境:0; 食安健康:0; 勞動福祉:0; 文化共融:0
newtaipei,137DB596-859F-4A48-8AB7-CEC79B5B5325,,106年度新北市附屬單位預算作業基金餘絀撥補綜計表(依撥補項目分列)(預算案),智慧通勤,False,True,False,table,通勤地圖與交通壓力分析,False,1,財稅,公共資訊,,,,新北市政府主計處/基金預算科,不更新,JSON、CSV、XML,中文,,https://data.ntpc.gov.tw/datasets/137db596-859f-4a48-8ab7-cec79b5b5325,"1.106年度新北市附屬單位預算作業基金餘絀撥補綜計表(依撥補項目分列)(預算案)

2.單位：新臺幣千元

3.各項欄位說明詳參""新北市政府主計處網頁->附屬單位預算及綜計表->106年度附屬單位預算案""( http://www.bas.ntpc.gov.tw/download/?type_id=10626)或電洽主計處查詢。

4.作業基金之新北市實施平均地權基金、新北市停車場作業基金及新北市軌道建設發展基金尚未經市議會審議通過。",,智慧通勤:1; 韌性防災:0; 永續環境:0; 食安健康:0; 勞動福祉:0; 文化共融:0
newtaipei,87B66CBF-3EDD-488C-9525-AC8F39979E24,,106年新北市A2道路交通事故,智慧通勤,False,True,False,table,通勤地圖與交通壓力分析,False,1,交通,交通及通訊,,,,新北市政府警察局/新北市政府警察局交通警察大隊/事故處理組,不更新,JSON、CSV、XML,中文,,https://data.ntpc.gov.tw/datasets/87b66cbf-3edd-488c-9525-ac8f39979e24,106年新北市A2道路交通事故。,,智慧通勤:5; 韌性防災:0; 永續環境:0; 食安健康:0; 勞動福祉:0; 文化共融:0
newtaipei,BF3F4F49-5885-429E-83FA-A165654FF4BE,,107年新北市A2道路交通事故,智慧通勤,False,True,False,table,通勤地圖與交通壓力分析,False,1,交通,交通及通訊,,,,新北市政府警察局/新北市政府警察局交通警察大隊/事故處理組,不更新,JSON、CSV、XML,中文,,https://data.ntpc.gov.tw/datasets/bf3f4f49-5885-429e-83fa-a165654ff4be,107年新北市A2道路交通事故。,,智慧通勤:5; 韌性防災:0; 永續環境:0; 食安健康:0; 勞動福祉:0; 文化共融:0
newtaipei,425E5F43-9430-496F-9DE3-002659057140,,三環六線之各線建設狀態,智慧通勤,False,True,False,table,通勤地圖與交通壓力分析,False,1,交通,交通及通訊,,,,新北市政府捷運工程局/技術發展科,每年,JSON、CSV、XML,中文,,https://data.ntpc.gov.tw/datasets/425e5f43-9430-496f-9de3-002659057140,本計畫係由臺北都會區捷運路網已通車、興建中及規劃中之捷運路線所構成，建設完成後於本市境內建構而成之捷運路網。,,智慧通勤:5; 韌性防災:0; 永續環境:0; 食安健康:0; 勞動福祉:0; 文化共融:0
newtaipei,E45ACECE-F63F-4DBA-B174-018D22E0EDB7,,三環六線興建中捷運路線進度及說明,智慧通勤,False,True,False,table,通勤地圖與交通壓力分析,False,1,交通,交通及通訊,,,,新北市政府捷運工程局/技術發展科,每季,JSON、CSV、XML,中文,,https://data.ntpc.gov.tw/datasets/e45acece-f63f-4dba-b174-018d22e0edb7,本計畫係由臺北都會區捷運路網已通車、興建中及規劃中之捷運路線所構成，建設完成後於本市境內建構而成之捷運路網。,,智慧通勤:5; 韌性防災:0; 永續環境:0; 食安健康:0; 勞動福祉:0; 文化共融:0
newtaipei,0C4451E1-0B22-4FDA-BE6B-4CA626761FE6,,三環六線規劃中路網說明,智慧通勤,False,True,False,table,通勤地圖與交通壓力分析,False,1,交通,交通及通訊,,,,新北市政府捷運工程局/技術發展科,每年,JSON、CSV、XML,中文,,https://data.ntpc.gov.tw/datasets/0c4451e1-0b22-4fda-be6b-4ca626761fe6,本計畫係由臺北都會區捷運路網已通車、興建中及規劃中之捷運路線所構成，建設完成後於本市境內建構而成之捷運路網。,,智慧通勤:5; 韌性防災:0; 永續環境:0; 食安健康:0; 勞動福祉:0; 文化共融:0
newtaipei,34B402A8-53D9-483D-9406-24A682C2D6DC,,公車站位資訊,智慧通勤,False,True,False,table,通勤地圖與交通壓力分析,False,1,交通,交通及通訊,,,,新北市政府交通局/運輸管理科/運輸管理科第三股,每5分鐘,JSON、CSV、XML,中文,,https://data.ntpc.gov.tw/datasets/34b402a8-53d9-483d-9406-24a682c2d6dc,新北市各公車站位、行經各站位路線資訊。,,智慧通勤:6; 韌性防災:0; 永續環境:0; 食安健康:0; 勞動福祉:0; 文化共融:0
newtaipei,0EE4E6BF-CEE6-4EC8-8FE1-71F544015127,,公車路線清單,智慧通勤,False,True,False,table,通勤地圖與交通壓力分析,False,1,交通,交通及通訊,,,,新北市政府交通局/運輸管理科/運輸管理科第三股,每日,JSON、CSV、XML,中文,,https://data.ntpc.gov.tw/datasets/0ee4e6bf-cee6-4ec8-8fe1-71f544015127,新北市公車路線清單。,,智慧通勤:5; 韌性防災:0; 永續環境:0; 食安健康:0; 勞動福祉:0; 文化共融:0
newtaipei,07F7CCB3-ED00-43C4-966D-08E9DAB24E95,,公車預估到站時間,智慧通勤,False,True,False,table,通勤地圖與交通壓力分析,False,1,交通,交通及通訊,,,,新北市政府交通局/運輸管理科/運輸管理科第三股,每2分鐘,JSON、CSV、XML,中文,,https://data.ntpc.gov.tw/datasets/07f7ccb3-ed00-43c4-966d-08e9dab24e95,有關公車業者、路線清單及站位資訊，可參考「新北市市轄公車業者營運基本資料」、「公車路線清單」及「公車站位資訊」資料集，有提供各資料欄位清單及代碼，方便識別。,,智慧通勤:6; 韌性防災:0; 永續環境:0; 食安健康:0; 勞動福祉:0; 文化共融:0
newtaipei,32C7319F-4BE2-48C7-AF0D-C939F4B59C84,,大眾交通工具駕駛人員,智慧通勤,False,True,False,table,通勤地圖與交通壓力分析,False,1,統計,公共資訊,,,,新北市政府主計處/公務統計科,每年,JSON、CSV、XML,中文,,https://data.ntpc.gov.tw/datasets/32c7319f-4be2-48c7-af0d-c939f4b59c84,"1.新北市大眾交通工具駕駛人員(含性別)
2.單位：人；%
3.各項欄位說明詳參新北市性別圖像電子檔(網址：http://www.bas.ntpc.gov.tw/home.jsp?id=MTI5)或電洽主計處查詢。",,智慧通勤:1; 韌性防災:0; 永續環境:0; 食安健康:0; 勞動福祉:0; 文化共融:0
newtaipei,56A94101-0196-48D6-8363-58C9FD5968FA,,快速、跳蛙、跨區幹線公車轉乘優惠路線,智慧通勤,False,True,False,table,通勤地圖與交通壓力分析,False,1,交通,交通及通訊,,,,新北市政府交通局/運輸管理科/運輸管理科第一股,不更新,JSON、CSV、XML,中文,,https://data.ntpc.gov.tw/datasets/56a94101-0196-48d6-8363-58c9fd5968fa,快速、跳蛙、跨區幹線公車轉乘優惠路線。,,智慧通勤:6; 韌性防災:0; 永續環境:0; 食安健康:0; 勞動福祉:0; 文化共融:0
newtaipei,F21B1156-BD0F-4FB9-929B-C5FB5FD12C7D,,捷運工程常見問題,智慧通勤,False,True,False,table,通勤地圖與交通壓力分析,False,1,交通,交通及通訊,,,,新北市政府捷運工程局/技術發展科,每年,JSON、CSV、XML,中文,,https://data.ntpc.gov.tw/datasets/f21b1156-bd0f-4fb9-929b-c5fb5fd12c7d,"本計畫係由臺北都會區捷運路網已通車、興建中及規劃中之捷運路線所構成，建設完成後於本市境內建構而成之捷運路網。
",,智慧通勤:5; 韌性防災:0; 永續環境:0; 食安健康:0; 勞動福祉:0; 文化共融:0
newtaipei,8F20F361-ACEE-47F2-95ED-83C2A1A47400,,新北市102年A1道路交通事故-第一當事者車輛用途,智慧通勤,False,True,False,table,通勤地圖與交通壓力分析,False,1,交通,交通及通訊,,,,新北市政府警察局/新北市政府警察局交通警察大隊/事故處理組,不更新,JSON、CSV、XML,中文,,https://data.ntpc.gov.tw/datasets/8f20f361-acee-47f2-95ed-83c2a1a47400,新北市102年A1道路交通事故-第一當事者車輛用途。,,智慧通勤:5; 韌性防災:0; 永續環境:0; 食安健康:0; 勞動福祉:0; 文化共融:0
newtaipei,709E1107-6C8B-4365-808E-D8DFF0D140B9,,新北市102年A1道路交通事故-第一當事者飲酒情形,智慧通勤,False,True,False,table,通勤地圖與交通壓力分析,False,1,交通,交通及通訊,,,,新北市政府警察局/新北市政府警察局交通警察大隊/事故處理組,不更新,JSON、CSV、XML,中文,,https://data.ntpc.gov.tw/datasets/709e1107-6c8b-4365-808e-d8dff0d140b9,新北市102年A1道路交通事故-第一當事者飲酒情形。,,智慧通勤:5; 韌性防災:0; 永續環境:0; 食安健康:0; 勞動福祉:0; 文化共融:0
newtaipei,D6AAEEBF-3207-4C03-97E0-F5D027746B8D,,新北市102年A2道路交通事故-第一當事者車輛用途,智慧通勤,False,True,False,table,通勤地圖與交通壓力分析,False,1,交通,交通及通訊,,,,新北市政府警察局/新北市政府警察局交通警察大隊/事故處理組,不更新,JSON、CSV、XML,中文,,https://data.ntpc.gov.tw/datasets/d6aaeebf-3207-4c03-97e0-f5d027746b8d,新北市102年A2道路交通事故-第一當事者車輛用途。,,智慧通勤:5; 韌性防災:0; 永續環境:0; 食安健康:0; 勞動福祉:0; 文化共融:0
newtaipei,4DDB3A25-BED2-4818-9030-26D92C4DACB7,,新北市102年A2道路交通事故-第一當事者飲酒情形,智慧通勤,False,True,False,table,通勤地圖與交通壓力分析,False,1,交通,交通及通訊,,,,新北市政府警察局/新北市政府警察局交通警察大隊/事故處理組,不更新,JSON、CSV、XML,中文,,https://data.ntpc.gov.tw/datasets/4ddb3a25-bed2-4818-9030-26d92c4dacb7,新北市102年A2道路交通事故-第一當事者飲酒情形。,,智慧通勤:5; 韌性防災:0; 永續環境:0; 食安健康:0; 勞動福祉:0; 文化共融:0
newtaipei,9DCBD85C-4D51-4798-8B4E-90DE82F1A556,,新北市103年A1道路交通事故-第一當事者車輛用途,智慧通勤,False,True,False,table,通勤地圖與交通壓力分析,False,1,交通,交通及通訊,,,,新北市政府警察局/新北市政府警察局交通警察大隊/事故處理組,不更新,JSON、CSV、XML,中文,,https://data.ntpc.gov.tw/datasets/9dcbd85c-4d51-4798-8b4e-90de82f1a556,新北市103年A1道路交通事故-第一當事者車輛用途。,,智慧通勤:5; 韌性防災:0; 永續環境:0; 食安健康:0; 勞動福祉:0; 文化共融:0
newtaipei,50257462-6BAC-4BF7-846E-55A90D76A6F3,,新北市103年A1道路交通事故-第一當事者飲酒情形,智慧通勤,False,True,False,table,通勤地圖與交通壓力分析,False,1,交通,交通及通訊,,,,新北市政府警察局/新北市政府警察局交通警察大隊/事故處理組,不更新,JSON、CSV、XML,中文,,https://data.ntpc.gov.tw/datasets/50257462-6bac-4bf7-846e-55a90d76a6f3,新北市103年A1道路交通事故-第一當事者飲酒情形。,,智慧通勤:5; 韌性防災:0; 永續環境:0; 食安健康:0; 勞動福祉:0; 文化共融:0
newtaipei,13883C35-54BC-4298-AD5A-762BAC1D67AD,,新北市103年A2道路交通事故-第一當事者車輛用途,智慧通勤,False,True,False,table,通勤地圖與交通壓力分析,False,1,交通,交通及通訊,,,,新北市政府警察局/新北市政府警察局交通警察大隊/事故處理組,不更新,JSON、CSV、XML,中文,,https://data.ntpc.gov.tw/datasets/13883c35-54bc-4298-ad5a-762bac1d67ad,新北市103年A2道路交通事故-第一當事者車輛用途。,,智慧通勤:5; 韌性防災:0; 永續環境:0; 食安健康:0; 勞動福祉:0; 文化共融:0
newtaipei,77FA43AA-351F-4BAB-9866-4BA767CBA79F,,新北市103年A2道路交通事故-第一當事者飲酒情形,智慧通勤,False,True,False,table,通勤地圖與交通壓力分析,False,1,交通,交通及通訊,,,,新北市政府警察局/新北市政府警察局交通警察大隊/事故處理組,不更新,JSON、CSV、XML,中文,,https://data.ntpc.gov.tw/datasets/77fa43aa-351f-4bab-9866-4ba767cba79f,新北市103年A2道路交通事故-第一當事者飲酒情形。,,智慧通勤:5; 韌性防災:0; 永續環境:0; 食安健康:0; 勞動福祉:0; 文化共融:0
newtaipei,51B9C79F-89F8-4F62-97FD-81F795329F14,,新北市104年A1道路交通事故-第一當事者車輛用途,智慧通勤,False,True,False,table,通勤地圖與交通壓力分析,False,1,交通,交通及通訊,,,,新北市政府警察局/新北市政府警察局交通警察大隊/事故處理組,不更新,JSON、CSV、XML,中文,,https://data.ntpc.gov.tw/datasets/51b9c79f-89f8-4f62-97fd-81f795329f14,新北市104年A1道路交通事故-第一當事者車輛用途。,,智慧通勤:5; 韌性防災:0; 永續環境:0; 食安健康:0; 勞動福祉:0; 文化共融:0
newtaipei,9ED21669-FBD1-4F31-A3CC-BE72BB5E67A6,,新北市104年A1道路交通事故-第一當事者飲酒情形,智慧通勤,False,True,False,table,通勤地圖與交通壓力分析,False,1,交通,交通及通訊,,,,新北市政府警察局/新北市政府警察局交通警察大隊/事故處理組,不更新,JSON、CSV、XML,中文,,https://data.ntpc.gov.tw/datasets/9ed21669-fbd1-4f31-a3cc-be72bb5e67a6,新北市104年A1道路交通事故-第一當事者飲酒情形。,,智慧通勤:5; 韌性防災:0; 永續環境:0; 食安健康:0; 勞動福祉:0; 文化共融:0
newtaipei,6EB74562-67D5-4525-B42C-FF9D3F2981B1,,新北市104年A2道路交通事故-第一當事者車輛用途,智慧通勤,False,True,False,table,通勤地圖與交通壓力分析,False,1,交通,交通及通訊,,,,新北市政府警察局/新北市政府警察局交通警察大隊/事故處理組,不更新,JSON、CSV、XML,中文,,https://data.ntpc.gov.tw/datasets/6eb74562-67d5-4525-b42c-ff9d3f2981b1,新北市104年A2道路交通事故-第一當事者車輛用途。,,智慧通勤:5; 韌性防災:0; 永續環境:0; 食安健康:0; 勞動福祉:0; 文化共融:0
newtaipei,44AAD94D-8AFA-4DF7-BB9C-A16BC727AF11,,新北市104年A2道路交通事故-第一當事者飲酒情形,智慧通勤,False,True,False,table,通勤地圖與交通壓力分析,False,1,交通,交通及通訊,,,,新北市政府警察局/新北市政府警察局交通警察大隊/事故處理組,不更新,JSON、CSV、XML,中文,,https://data.ntpc.gov.tw/datasets/44aad94d-8afa-4df7-bb9c-a16bc727af11,新北市104年A2道路交通事故-第一當事者飲酒情形。,,智慧通勤:5; 韌性防災:0; 永續環境:0; 食安健康:0; 勞動福祉:0; 文化共融:0
newtaipei,36C3F4DB-14A5-4334-B7B6-A771C99E0251,,新北市105年A1道路交通事故-第一當事者車輛用途,智慧通勤,False,True,False,table,通勤地圖與交通壓力分析,False,1,交通,交通及通訊,,,,新北市政府警察局/新北市政府警察局交通警察大隊/事故處理組,不更新,JSON、CSV、XML,中文,,https://data.ntpc.gov.tw/datasets/36c3f4db-14a5-4334-b7b6-a771c99e0251,新北市105年A1道路交通事故-第一當事者車輛用途。,,智慧通勤:5; 韌性防災:0; 永續環境:0; 食安健康:0; 勞動福祉:0; 文化共融:0
newtaipei,B8AC674B-28CF-43A7-8336-4AC339B04A1E,,新北市105年A1道路交通事故-第一當事者飲酒情形,智慧通勤,False,True,False,table,通勤地圖與交通壓力分析,False,1,交通,交通及通訊,,,,新北市政府警察局/新北市政府警察局交通警察大隊/事故處理組,不更新,JSON、CSV、XML,中文,,https://data.ntpc.gov.tw/datasets/b8ac674b-28cf-43a7-8336-4ac339b04a1e,新北市105年A1道路交通事故-第一當事者飲酒情形。,,智慧通勤:5; 韌性防災:0; 永續環境:0; 食安健康:0; 勞動福祉:0; 文化共融:0
newtaipei,D59421AF-55DA-4F9F-B0F1-E0039D505A4A,,新北市105年A2道路交通事故-第一當事者車輛用途,智慧通勤,False,True,False,table,通勤地圖與交通壓力分析,False,1,交通,交通及通訊,,,,新北市政府警察局/新北市政府警察局交通警察大隊/事故處理組,不更新,JSON、CSV、XML,中文,,https://data.ntpc.gov.tw/datasets/d59421af-55da-4f9f-b0f1-e0039d505a4a,新北市105年A2道路交通事故-第一當事者車輛用途。,,智慧通勤:5; 韌性防災:0; 永續環境:0; 食安健康:0; 勞動福祉:0; 文化共融:0
newtaipei,C654A6D7-79EC-4A3C-9C54-B76098298B74,,新北市105年A2道路交通事故-第一當事者飲酒情形,智慧通勤,False,True,False,table,通勤地圖與交通壓力分析,False,1,交通,交通及通訊,,,,新北市政府警察局/新北市政府警察局交通警察大隊/事故處理組,不更新,JSON、CSV、XML,中文,,https://data.ntpc.gov.tw/datasets/c654a6d7-79ec-4a3c-9c54-b76098298b74,新北市105年A2道路交通事故-第一當事者飲酒情形。,,智慧通勤:5; 韌性防災:0; 永續環境:0; 食安健康:0; 勞動福祉:0; 文化共融:0
newtaipei,75ABD5E2-5454-4C59-973F-BA587EF94CCD,,新北市交通限高資訊,智慧通勤,False,True,False,table,通勤地圖與交通壓力分析,False,1,交通,交通及通訊,,,,新北市政府交通局/交通管制工程科/交通管制工程科第三股,每年,JSON、CSV、XML,中文,,https://data.ntpc.gov.tw/datasets/75abd5e2-5454-4c59-973f-ba587ef94ccd,提供本市限高資訊參考,,智慧通勤:3; 韌性防災:0; 永續環境:0; 食安健康:0; 勞動福祉:0; 文化共融:0
newtaipei,010E5B15-3823-4B20-B401-B1CF000550C5,,新北市公共自行車租賃系統(YouBike2.0),智慧通勤,False,True,False,table,通勤地圖與交通壓力分析,False,1,交通,交通及通訊,,,,新北市政府交通局/綜合規劃科/綜合規劃科第一股,每5分鐘,JSON、CSV、XML,中文,,https://data.ntpc.gov.tw/datasets/010e5b15-3823-4b20-b401-b1cf000550c5,為提升市民使用新北市公共自行車租賃系統(YouBike2.0)服務品質，透過資料透明化，提供各資訊平台介接取得系統服務即時資訊，滿足市民第一哩及最後ㄧ哩公共運輸需求。,,智慧通勤:6; 韌性防災:0; 永續環境:0; 食安健康:0; 勞動福祉:0; 文化共融:0
newtaipei,1016BB4C-E8EB-4113-A2BE-657FB51A1558,,新北市公車路線說明及示意圖,智慧通勤,False,True,False,table,通勤地圖與交通壓力分析,False,1,交通,交通及通訊,,,,新北市政府交通局/運輸管理科/運輸管理科第三股,每年,JSON、CSV、XML,中文,,https://data.ntpc.gov.tw/datasets/1016bb4c-e8eb-4113-a2be-657fb51a1558,本資料集採不定時更新，如有路線異動時，將適時修正相關內容及示意圖。,,智慧通勤:5; 韌性防災:0; 永續環境:0; 食安健康:0; 勞動福祉:0; 文化共融:0
newtaipei,0582983A-ADEB-4C4B-95E1-CBCA1E2C50EF,,新北市境內捷運路線長度及車站數,智慧通勤,False,True,False,table,通勤地圖與交通壓力分析,False,1,交通,交通及通訊,,,,新北市政府捷運工程局/技術發展科,每年,JSON、CSV、XML,中文,,https://data.ntpc.gov.tw/datasets/0582983a-adeb-4c4b-95e1-cbca1e2c50ef,本計畫係由臺北都會區捷運路網已通車、興建中及規劃中之捷運路線所構成，建設完成後於本市境內建構而成之捷運路網。,,智慧通勤:6; 韌性防災:0; 永續環境:0; 食安健康:0; 勞動福祉:0; 文化共融:0
newtaipei,E5A6CF13-D00F-4680-ACE4-826BFC3F4506,,新北市境內計程車客運服務業經營派遣業務業者相關資訊,智慧通勤,False,True,False,table,通勤地圖與交通壓力分析,False,1,交通,交通及通訊,,,,新北市政府交通局/運輸管理科/運輸管理科第二股,不更新,JSON、CSV、XML,中文,,https://data.ntpc.gov.tw/datasets/e5a6cf13-d00f-4680-ace4-826bfc3f4506,本資料內含新北市境內計程車客運服務業經營派遣業務業者名稱與叫車電話,,智慧通勤:4; 韌性防災:0; 永續環境:0; 食安健康:0; 勞動福祉:0; 文化共融:0
newtaipei,F0BE6DE4-E5EA-4390-BAF5-27582D5CFE68,,新北市市轄公車業者營運基本資料,智慧通勤,False,True,False,table,通勤地圖與交通壓力分析,False,1,交通,交通及通訊,,,,新北市政府交通局/運輸管理科/運輸管理科第三股,每日,JSON、CSV、XML,中文,,https://data.ntpc.gov.tw/datasets/f0be6de4-e5ea-4390-baf5-27582d5cfe68,新北市公車業者名稱電話等資料。,,智慧通勤:4; 韌性防災:0; 永續環境:0; 食安健康:0; 勞動福祉:0; 文化共融:0
newtaipei,75DD0899-D1CC-4E32-87ED-EDBD1E01394E,,新北市建築物交通影響評估,智慧通勤,False,True,False,table,通勤地圖與交通壓力分析,False,1,交通,交通及通訊,,,,新北市政府交通局/綜合規劃科/綜合規劃科第二股,不更新,JSON、CSV、XML,中文,,https://data.ntpc.gov.tw/datasets/75dd0899-d1cc-4e32-87ed-edbd1e01394e,新北市建築物交通影響評估相關檔案檢核表,,智慧通勤:3; 韌性防災:0; 永續環境:0; 食安健康:0; 勞動福祉:0; 文化共融:0
newtaipei,1994216A-EA78-4CA5-B876-0FF45BF9D78F,,新北市拖吊保管場資訊,智慧通勤,False,True,False,table,通勤地圖與交通壓力分析,False,1,交通,交通及通訊,,,,新北市政府交通局/停車營運科/停車營運科第三股,每年,JSON、CSV、XML,中文,,https://data.ntpc.gov.tw/datasets/1994216a-ea78-4ca5-b876-0ff45bf9d78f,新北市拖吊保管場資訊，欲查詢愛車是否違規被拖吊，請利用違規車輛拖吊查詢系統(https://parkweb.traffic.ntpc.gov.tw/)各場服務時間：早上7時至晚上24時。拖吊時間：平日為早上7時至晚上21時，假日為早上8時至晚上21時。,,智慧通勤:3; 韌性防災:0; 永續環境:0; 食安健康:0; 勞動福祉:0; 文化共融:0
newtaipei,1A552E3D-8D6D-4CC0-B8B6-B50336BD0647,,新北市按摩小棧地圖據點,智慧通勤,False,True,False,point,通勤地圖與交通壓力分析,False,1,勞動,交通及通訊,,,,新北市政府勞工局/秘書室,每年,JSON、CSV、XML,中文,,https://data.ntpc.gov.tw/datasets/1a552e3d-8d6d-4cc0-b8b6-b50336bd0647,新北市政府勞工局近年在醫院、車站、運動中心、商業大樓及公有空間等場所設置按摩小棧，培訓按摩師取得專業技術士執照，幫助視障朋友適應職場生活,,智慧通勤:2; 韌性防災:0; 永續環境:0; 食安健康:1; 勞動福祉:1; 文化共融:0
newtaipei,157501BF-F1CD-4838-92A7-612770351E43,,新北市政府交通局CCTV點位,智慧通勤,False,True,False,table,通勤地圖與交通壓力分析,False,1,交通,交通及通訊,,,,新北市政府交通局/交通管制工程科/交通管制工程科第四股,每年,JSON、CSV、XML,中文,,https://data.ntpc.gov.tw/datasets/157501bf-f1cd-4838-92a7-612770351e43,新北市政府交通局CCTV點位及設備編號,,智慧通勤:4; 韌性防災:0; 永續環境:0; 食安健康:0; 勞動福祉:0; 文化共融:0
newtaipei,94B784E6-5C0F-4580-9667-B3EE9F43CE3B,,新北市政府警察局公有拖吊場,智慧通勤,False,True,False,table,通勤地圖與交通壓力分析,False,1,交通,交通及通訊,,,,新北市政府警察局/新北市政府警察局交通警察大隊/秘書室,每年,JSON、CSV、XML、KML,中文,,https://data.ntpc.gov.tw/datasets/94b784e6-5c0f-4580-9667-b3ee9f43ce3b,新北市政府警察局公有拖吊場相關資訊,,智慧通勤:3; 韌性防災:0; 永續環境:0; 食安健康:0; 勞動福祉:0; 文化共融:0
newtaipei,96B6101B-C033-4834-8BD5-E312651DB7A0,,新北市政府道路挖掘資訊,智慧通勤,False,True,False,table,通勤地圖與交通壓力分析,False,1,工務,交通及通訊,,,,新北市政府工務局/新北市政府養護工程處/挖掘管理科,每日,JSON、CSV、XML,中文,,https://data.ntpc.gov.tw/datasets/96b6101b-c033-4834-8bd5-e312651db7a0,本項資料為新北市政府工務局所屬養護工程處提供之新北市道路挖掘業務系統所提供的相關資訊,,智慧通勤:2; 韌性防災:0; 永續環境:0; 食安健康:0; 勞動福祉:0; 文化共融:0
newtaipei,68243CC9-706E-4BF5-96BA-979E0B90D1AA,,新北市機車停車彎資訊,智慧通勤,False,True,False,table,通勤地圖與交通壓力分析,False,1,交通,交通及通訊,,,,新北市政府交通局/停車營運科/停車營運科第二股,每季,JSON、CSV、XML,中文,,https://data.ntpc.gov.tw/datasets/68243cc9-706e-4bf5-96ba-979e0b90d1aa,新北市轄區機車停車彎資訊,,智慧通勤:4; 韌性防災:0; 永續環境:0; 食安健康:0; 勞動福祉:0; 文化共融:0
newtaipei,230D3466-812B-4DBF-9FDB-23431499D025,,新北市民間興闢道路及附屬設施處理辦法,智慧通勤,False,True,False,table,通勤地圖與交通壓力分析,False,1,工務,公共資訊,,,,新北市政府工務局/新北市政府新建工程處/秘書室,每年,JSON、CSV、XML,中文,,https://data.ntpc.gov.tw/datasets/230d3466-812b-4dbf-9fdb-23431499d025,新北市民間興闢道路及附屬設施處理辦法。,,智慧通勤:1; 韌性防災:0; 永續環境:0; 食安健康:0; 勞動福祉:0; 文化共融:0
newtaipei,94CBD261-E567-4BB7-BF95-7DCB3B631887,,新北市漁會通訊資料,智慧通勤,False,True,False,table,通勤地圖與交通壓力分析,False,1,農業,交通及通訊,,,,新北市政府農業局/秘書室,每年,JSON、CSV、XML,中文,,https://data.ntpc.gov.tw/datasets/94cbd261-e567-4bb7-bf95-7dcb3b631887,新北市漁會的通訊資料。,,智慧通勤:1; 韌性防災:0; 永續環境:0; 食安健康:0; 勞動福祉:0; 文化共融:0
newtaipei,A676AF8E-D143-4D7A-95FE-99BB8DB5BCA0,,新北市路邊收費停車場停車欠費查詢,智慧通勤,False,True,False,table,通勤地圖與交通壓力分析,False,1,交通,交通及通訊,,,,新北市政府交通局/停車營運科/停車營運科第三股,每日,JSON、CSV、XML,中文,,https://data.ntpc.gov.tw/datasets/a676af8e-d143-4d7a-95fe-99bb8db5bca0,提供新北市路邊收費停車場1年內停車欠費查詢。,,智慧通勤:4; 韌性防災:0; 永續環境:0; 食安健康:0; 勞動福祉:0; 文化共融:0
newtaipei,38061B5C-165E-48BF-BAEC-158DBD5B2C52,,新北市轄內橋梁基本資料,智慧通勤,False,True,False,table,通勤地圖與交通壓力分析,False,1,工務,交通及通訊,,,,新北市政府工務局/新北市政府養護工程處/橋隧維護科,不更新,JSON、CSV、XML,中文,,https://data.ntpc.gov.tw/datasets/38061b5c-165e-48bf-baec-158dbd5b2c52,新北市轄內所有橋梁的基本屬性資料(橋梁長度單位為公尺)。,,智慧通勤:1; 韌性防災:0; 永續環境:0; 食安健康:0; 勞動福祉:0; 文化共融:0
newtaipei,AAC5C97E-EEFB-41EC-81BC-9BA148A7A54C,,新北市農會通訊資料,智慧通勤,False,True,False,table,通勤地圖與交通壓力分析,False,1,農業,交通及通訊,,,,新北市政府農業局/秘書室,每年,JSON、CSV、XML、KML,中文,,https://data.ntpc.gov.tw/datasets/aac5c97e-eefb-41ec-81bc-9ba148a7a54c,新北市農會通訊資料。,,智慧通勤:1; 韌性防災:0; 永續環境:0; 食安健康:0; 勞動福祉:0; 文化共融:0
newtaipei,E49C2335-9938-4A9B-8425-188A39E1368C,,新北市通用（無障礙）計程車營運數據,智慧通勤,False,True,False,table,通勤地圖與交通壓力分析,False,1,交通,交通及通訊,,,,新北市政府交通局/運輸管理科/運輸管理科第四股,不更新,JSON、CSV、XML,中文,,https://data.ntpc.gov.tw/datasets/e49c2335-9938-4a9b-8425-188a39e1368c,新北市通用（無障礙）計程車車輛數與營運數據,,智慧通勤:3; 韌性防災:0; 永續環境:0; 食安健康:0; 勞動福祉:0; 文化共融:0
newtaipei,5A9F461F-0C4B-47EB-B578-48329CB1F9B0,,新北市道路交通安全會報會議紀錄,智慧通勤,False,True,False,table,通勤地圖與交通壓力分析,False,1,交通,交通及通訊,,,,新北市政府交通局/交通安全科/交通安全科第一股,每月,JSON、CSV、XML,中文,,https://data.ntpc.gov.tw/datasets/5a9f461f-0c4b-47eb-b578-48329cb1f9b0,新北市道路交通安全會報會議紀錄。,,智慧通勤:4; 韌性防災:0; 永續環境:0; 食安健康:0; 勞動福祉:0; 文化共融:0
newtaipei,6DCFF24A-838C-40FB-A9DF-F1160AFAFE84,,新北市重要地標資訊,智慧通勤,False,True,False,point,通勤地圖與交通壓力分析,False,1,資訊,公共資訊,,,,新北市政府研究發展考核委員會/新北市政府資訊中心/網際服務科,每日,JSON、CSV、XML,中文,,https://data.ntpc.gov.tw/datasets/6dcff24a-838c-40fb-a9df-f1160afafe84,這個資料集是源自於「 新北iMAP」的資料，提供政府機關、學校、車站等地標資訊,,智慧通勤:1; 韌性防災:0; 永續環境:0; 食安健康:0; 勞動福祉:0; 文化共融:0
newtaipei,03A46914-B774-4C1C-BF75-E6EECE1E311C,,每月新北市A1類道路交通事故－車輛種類別,智慧通勤,False,True,False,table,通勤地圖與交通壓力分析,False,1,交通,交通及通訊,,,,新北市政府警察局/新北市政府警察局交通警察大隊/事故處理組,每月,JSON、CSV、XML,中文,,https://data.ntpc.gov.tw/datasets/03a46914-b774-4c1c-bf75-e6eece1e311c,每月新北市A1交通事故車輛種類,,智慧通勤:5; 韌性防災:0; 永續環境:0; 食安健康:0; 勞動福祉:0; 文化共融:0
newtaipei,EE952BFD-B2B8-4AF4-A305-B27C46AE11C6,,民間自行興闢道路及附屬設施「興闢計畫書」標準作業流程,智慧通勤,False,True,False,table,通勤地圖與交通壓力分析,False,1,工務,公共資訊,,,,新北市政府工務局/新北市政府新建工程處/秘書室,不更新,JSON、CSV、XML,中文,,https://data.ntpc.gov.tw/datasets/ee952bfd-b2b8-4af4-a305-b27c46ae11c6,民間自行興闢道路及附屬設施「興闢計畫書」標準作業流程。,,智慧通勤:1; 韌性防災:0; 永續環境:0; 食安健康:0; 勞動福祉:0; 文化共融:0
newtaipei,17880779-DFC9-451F-B3AB-A808C2E72282,,警用車輛油料月報表(局本部之警用車輛用油總量、總價),智慧通勤,False,True,False,table,通勤地圖與交通壓力分析,False,1,交通,交通及通訊,,,,新北市政府警察局/資訊室,每月,JSON、CSV、XML,中文,,https://data.ntpc.gov.tw/datasets/17880779-dfc9-451f-b3ab-a808c2e72282,局本部之警用車輛油料總量、總價,,智慧通勤:3; 韌性防災:0; 永續環境:0; 食安健康:0; 勞動福祉:0; 文化共融:0
newtaipei,FBC895BF-9E96-45F2-B5B3-0BE23D0E52FA,,道路交通安全,智慧通勤,False,True,False,table,通勤地圖與交通壓力分析,False,1,統計,公共資訊,,,,新北市政府主計處/公務統計科,每年,JSON、CSV、XML,中文,,https://data.ntpc.gov.tw/datasets/fbc895bf-9e96-45f2-b5b3-0be23d0e52fa,"1.新北市道路交通安全(含性別)
2.單位：人
3.各項欄位說明詳參新北市性別圖像電子檔(網址：http://www.bas.ntpc.gov.tw/home.jsp?id=MTI5)或電洽主計處查詢。",,智慧通勤:2; 韌性防災:0; 永續環境:0; 食安健康:0; 勞動福祉:0; 文化共融:0
taipei,216287b7-e000-4ba4-a796-46db50885683,00004011,YouBike2.0臺北市維修次數,智慧通勤,False,True,False,table,通勤地圖與交通壓力分析,False,1,交通,交通及通訊,原始資料,交通局,,交通局,不定期更新,CSV,中文,2021-09-24T00:00:00,/api/dataset/216287b7-e000-4ba4-a796-46db50885683/resource/75bdc1af-d19f-401f-87a5-87fd12af389a/download,提供YouBike2.0維修次數，檔案格式為csv檔,時間（民國年月）、發布機關名稱、機關代碼、檢修項目、筆數（更換次數）,智慧通勤:4; 韌性防災:0; 永續環境:0; 食安健康:0; 勞動福祉:0; 文化共融:0
taipei,d8cefb03-aba2-41ca-9996-d8774313cdc6,00003427,YouBike臺北市站位每月使用量,智慧通勤,False,True,False,table,通勤地圖與交通壓力分析,False,1,交通,交通及通訊,原始資料,交通局,,交通局,每6月,CSV,中文,2020-12-22T00:00:00,/api/dataset/d8cefb03-aba2-41ca-9996-d8774313cdc6/resource/8f690548-61bc-4bff-8baa-01d465eb672c/download,提供YouBike臺北市站位每月使用量，檔案格式為CSV檔,民國年、西元年、月份、發布機關名稱、機關代碼、臺北市YouBike每月使用量（次數）,智慧通勤:4; 韌性防災:0; 永續環境:0; 食安健康:0; 勞動福祉:0; 文化共融:0
taipei,b5151c71-fb95-4a74-b65b-ed62f5bbcd8a,00003490,公車票證交易量,智慧通勤,False,True,False,table,通勤地圖與交通壓力分析,False,1,交通,交通及通訊,原始資料,交通局,公運處,交通局公運處,不定期更新,CSV,中文,2020-12-01T00:00:00,/api/dataset/b5151c71-fb95-4a74-b65b-ed62f5bbcd8a/resource/ed234f39-cb8a-48c9-95cd-7a889c8feb6f/download,臺北市公車票證交易量,縣市(縣市)、縣市代碼(縣市代碼)、資料集名稱(資料集資料概述)、資料網址(網址)、備註(備註),智慧通勤:4; 韌性防災:0; 永續環境:0; 食安健康:0; 勞動福祉:0; 文化共融:0
taipei,12e55747-ea2e-4cd0-8ad9-3a9e0eb1d252,00001836,大臺北公車最新消息,智慧通勤,False,True,False,table,通勤地圖與交通壓力分析,False,1,交通,交通及通訊,原始資料,交通局,公運處,交通局公運處,不定期更新,"XML,CSV,JSON",中文,2020-09-07T00:00:00,"https://tcgbusfs.blob.core.windows.net/blobbus/TstBusNewsList.xml,/api/dataset/12e55747-ea2e-4cd0-8ad9-3a9e0eb1d252/resource/9ea7635f-99c1-492b-b3c0-c292f4aedb2b/download,https://tcgbusfs.blob.core.windows.net/blobbus/TstLatestNews.json","資料集說明文詳如https://pto.gov.taipei/News_Content.aspx?n=A1DF07A86105B6BB&s=55E8ADD164E4F579&sms=2479B630A6BD8079
",檔案名稱、縣市、縣市代碼、介接網址、主要欄位說明、更新頻率、檔案格式、說明文件網址,智慧通勤:4; 韌性防災:0; 永續環境:0; 食安健康:0; 勞動福祉:0; 文化共融:0
taipei,2ee92938-2aa7-481c-b56e-50d29eeffbd2,00029919,新北市公車路線票價,智慧通勤,False,True,False,table,通勤地圖與交通壓力分析,False,1,交通,交通及通訊,網路服務,交通局,公運處,交通局公運處,不定期更新,CSV,中文,2022-12-22T00:00:00,/api/dataset/2ee92938-2aa7-481c-b56e-50d29eeffbd2/resource/9d040799-872c-4df3-96e1-1572881f5a79/download,新北市公車路線票價資料，說明文件詳如https://www.pto.gov.taipei/News_Content.aspx?n=A1DF07A86105B6BB&sms=2479B630A6BD8079&s=C668AE404DCD2EFE,資料名稱、縣市、縣市代碼、介接網址、欄位說明、檔案格式、說明文件網址、更新頻率,智慧通勤:5; 韌性防災:0; 永續環境:0; 食安健康:0; 勞動福祉:0; 文化共融:0
taipei,1e26ecf6-d5b4-494b-b94f-bee64938dd64,00001167,新北市預估到站時間,智慧通勤,False,True,False,table,通勤地圖與交通壓力分析,False,1,交通,公共資訊,網路服務,交通局,公運處,交通局公運處,不定期更新,CSV,中文,2017-01-07T00:00:00,/api/dataset/1e26ecf6-d5b4-494b-b94f-bee64938dd64/resource/5e2833af-03b7-4bd0-b5c9-a10de2fea147/download,"資料集說明文件詳如https://www.pto.gov.taipei/News.aspx?n=A1DF07A86105B6BB&sms=2479B630A6BD8079
",資料名稱、縣市、縣市代碼、介接網址、欄位說明、檔案格式、說明文件網址、更新頻率,智慧通勤:3; 韌性防災:0; 永續環境:0; 食安健康:0; 勞動福祉:0; 文化共融:0
taipei,ae3023be-9fe6-4a9c-9f44-c36242be4146,00003709,營運通阻,智慧通勤,False,True,False,table,通勤地圖與交通壓力分析,False,1,交通,交通及通訊,原始資料,交通局,公運處,交通局公運處,不定期更新,CSV,中文,2021-01-15T00:00:00,/api/dataset/ae3023be-9fe6-4a9c-9f44-c36242be4146/resource/37a682ec-9bf1-42b0-a639-f2986171f469/download,"本市營運通阻相關資料，資料集說明文詳如https://pto.gov.taipei/News_Content.aspx?n=A1DF07A86105B6BB&s=55E8ADD164E4F579&sms=2479B630A6BD8079。
",資料名稱、縣市、縣市代碼、介接網址、欄位說明、檔案格式、說明文件網址,智慧通勤:3; 韌性防災:0; 永續環境:0; 食安健康:0; 勞動福祉:0; 文化共融:0
taipei,ef207f77-04f5-42dc-831a-062c57feadb3,00002457,申請介接臺北市閉路電視攝影機(CCTV)作業說明,智慧通勤,False,True,False,table,通勤地圖與交通壓力分析,False,1,交通,交通及通訊,原始資料,交通局,交工處,交通局交工處,不定期更新,CSV,中文,2020-10-21T00:00:00,/api/dataset/ef207f77-04f5-42dc-831a-062c57feadb3/resource/557c9cb5-d9dd-4a6c-9c35-e30386ff1892/download,提供本處即時交通影像資訊加值利用申請須知、申請使用表及授權加值利用契約書,"項目、網址、機關名稱、機關代碼、說明
",智慧通勤:4; 韌性防災:0; 永續環境:0; 食安健康:0; 勞動福祉:0; 文化共融:0
taipei,f73cbd3e-c8a3-4cbc-8cdd-f62d95e5ac9d,00000626,臺北小巨蛋主場館活動使用空間租用資訊,智慧通勤,False,True,False,table,通勤地圖與交通壓力分析,False,1,交通,休閒旅遊,原始資料,捷運公司,北捷遊憩公司,捷運公司北捷遊憩公司,每1月,"CSV,CSV,CSV,CSV,CSV,CSV,CSV,CSV,CSV,CSV,CSV,CSV,CSV,CSV,CSV,CSV,CSV,CSV,CSV,CSV,CSV,CSV,CSV,CSV,CSV,CSV,CSV,CSV,CSV,CSV,CSV,CSV,CSV,CSV,CSV,CSV,CSV,CSV,CSV,CSV,CSV,CSV,CSV,CSV,CSV,CSV,CSV,CSV,CSV,CSV,CSV,CSV,CSV,CSV,CSV,CSV,CSV,CSV,CSV,CSV,CSV,CSV,CSV,CSV,CSV,CSV,CSV,CSV,CSV,CSV,CSV,CSV,CSV,CSV,CSV,CSV,CSV,CSV,CSV,CSV,CSV,CSV,CSV,CSV,CSV,CSV,CSV,CSV,CSV,CSV,CSV,CSV,CSV,CSV,CSV,CSV,CSV,CSV,CSV,CSV,CSV,CSV,CSV,CSV,CSV,CSV,CSV,CSV,CSV,CSV,CSV,CSV,CSV,CSV,CSV,CSV,CSV,CSV,CSV,CSV,CSV,CSV,CSV,CSV,CSV,CSV,CSV,CSV,CSV",中文,2015-07-31T00:00:00,"/api/dataset/f73cbd3e-c8a3-4cbc-8cdd-f62d95e5ac9d/resource/f4385027-87b4-4152-9036-bf8671a777ee/download,/api/dataset/f73cbd3e-c8a3-4cbc-8cdd-f62d95e5ac9d/resource/d7c1d4c0-d7c7-4d0b-a96f-d90387ff47fa/download,/api/dataset/f73cbd3e-c8a3-4cbc-8cdd-f62d95e5ac9d/resource/dbfb8e62-6ffa-4ca4-b2c4-283975ed5c32/download,/api/dataset/f73cbd3e-c8a3-4cbc-8cdd-f62d95e5ac9d/resource/2b5ca2ce-81e7-44e6-91a4-8c8a9125ed83/download,/api/dataset/f73cbd3e-c8a3-4cbc-8cdd-f62d95e5ac9d/resource/20311f22-73b9-4116-a977-316499ce28a1/download,/api/dataset/f73cbd3e-c8a3-4cbc-8cdd-f62d95e5ac9d/resource/6f1c997e-920c-4720-9d84-0d9f245dd4bd/download,/api/dataset/f73cbd3e-c8a3-4cbc-8cdd-f62d95e5ac9d/resource/b382219c-2270-4234-8613-bb31f4513d8d/download,/api/dataset/f73cbd3e-c8a3-4cbc-8cdd-f62d95e5ac9d/resource/cf47b27e-5a06-4104-b164-d1da186d33d8/download,/api/dataset/f73cbd3e-c8a3-4cbc-8cdd-f62d95e5ac9d/resource/4d2f33cd-68c8-4878-a757-0d703cf7caf7/download,/api/dataset/f73cbd3e-c8a3-4cbc-8cdd-f62d95e5ac9d/resource/d6ed280b-df7e-4da9-8e25-0a73130f0547/download,/api/dataset/f73cbd3e-c8a3-4cbc-8cdd-f62d95e5ac9d/resource/1344193a-14bb-4bda-8580-1d3635be5805/download,/api/dataset/f73cbd3e-c8a3-4cbc-8cdd-f62d95e5ac9d/resource/eb92f04a-c4a5-4c1c-82bf-819b9761e0de/download,/api/dataset/f73cbd3e-c8a3-4cbc-8cdd-f62d95e5ac9d/resource/0e21a4ca-7994-4d20-a015-a6975550bca8/download,/api/dataset/f73cbd3e-c8a3-4cbc-8cdd-f62d95e5ac9d/resource/c0a22138-a4a2-4b0c-a958-79497eaba503/download,/api/dataset/f73cbd3e-c8a3-4cbc-8cdd-f62d95e5ac9d/resource/4eb7589e-4d18-4547-ba21-cfccb585d870/download,/api/dataset/f73cbd3e-c8a3-4cbc-8cdd-f62d95e5ac9d/resource/4f79cf32-0ead-4ec1-8da3-67f788ec3f63/download,/api/dataset/f73cbd3e-c8a3-4cbc-8cdd-f62d95e5ac9d/resource/6867b2e8-4935-40cf-a7d5-390bf17fad2e/download,/api/dataset/f73cbd3e-c8a3-4cbc-8cdd-f62d95e5ac9d/resource/2e71dc98-cc40-4c91-b4df-0f1fbd83a032/download,/api/dataset/f73cbd3e-c8a3-4cbc-8cdd-f62d95e5ac9d/resource/1536e3a8-3762-4fd5-b57d-29da66475e04/download,/api/dataset/f73cbd3e-c8a3-4cbc-8cdd-f62d95e5ac9d/resource/4699fcb0-e544-4360-996b-586cec3fe4b1/download,/api/dataset/f73cbd3e-c8a3-4cbc-8cdd-f62d95e5ac9d/resource/1607df61-50bc-4fcc-8049-cacbc1dc4424/download,/api/dataset/f73cbd3e-c8a3-4cbc-8cdd-f62d95e5ac9d/resource/12ef64ad-28a5-48a0-8bab-cba99ef2b5cf/download,/api/dataset/f73cbd3e-c8a3-4cbc-8cdd-f62d95e5ac9d/resource/321fffb5-0b19-46e3-9d6c-768f75e2c7b1/download,/api/dataset/f73cbd3e-c8a3-4cbc-8cdd-f62d95e5ac9d/resource/f06a1344-31bd-4fb1-bffd-f7ed88b37f3d/download,/api/dataset/f73cbd3e-c8a3-4cbc-8cdd-f62d95e5ac9d/resource/d9a75e65-ffdc-4572-afa4-3483c656f782/download,/api/dataset/f73cbd3e-c8a3-4cbc-8cdd-f62d95e5ac9d/resource/c49cec40-9a8c-4805-ba52-3376bb2e6f8a/download,/api/dataset/f73cbd3e-c8a3-4cbc-8cdd-f62d95e5ac9d/resource/f73183b0-9842-4514-8194-ba430167393a/download,/api/dataset/f73cbd3e-c8a3-4cbc-8cdd-f62d95e5ac9d/resource/62ceb072-9f68-4cd2-9e80-b83335bb2ba4/download,/api/dataset/f73cbd3e-c8a3-4cbc-8cdd-f62d95e5ac9d/resource/01fde827-c988-4c90-9a1d-68c984874820/download,/api/dataset/f73cbd3e-c8a3-4cbc-8cdd-f62d95e5ac9d/resource/1f7de214-a19c-4e52-ae3e-b4a9bd652c7b/download,/api/dataset/f73cbd3e-c8a3-4cbc-8cdd-f62d95e5ac9d/resource/75479ce6-4ac9-4601-8cb8-d26e95661e38/download,/api/dataset/f73cbd3e-c8a3-4cbc-8cdd-f62d95e5ac9d/resource/fff8aebf-5c6c-4a83-b5ee-c562a8ea0c47/download,/api/dataset/f73cbd3e-c8a3-4cbc-8cdd-f62d95e5ac9d/resource/dfa06cd6-bef0-4c05-96bf-ea6d9edf2f82/download,/api/dataset/f73cbd3e-c8a3-4cbc-8cdd-f62d95e5ac9d/resource/d53273fe-6b98-4a99-8f85-be7b09eac2d2/download,/api/dataset/f73cbd3e-c8a3-4cbc-8cdd-f62d95e5ac9d/resource/9ab649f1-5feb-45ef-9d48-e906e9cac2ad/download,/api/dataset/f73cbd3e-c8a3-4cbc-8cdd-f62d95e5ac9d/resource/ecf9679f-5f99-43a5-b798-7d5797da1df1/download,/api/dataset/f73cbd3e-c8a3-4cbc-8cdd-f62d95e5ac9d/resource/26a9b55b-f67b-443d-9507-75a9c0047294/download,/api/dataset/f73cbd3e-c8a3-4cbc-8cdd-f62d95e5ac9d/resource/05869d24-ef6f-461b-87f3-28fc6088e638/download,/api/dataset/f73cbd3e-c8a3-4cbc-8cdd-f62d95e5ac9d/resource/d42f8456-ef51-488a-8741-6fee3a891d0e/download,/api/dataset/f73cbd3e-c8a3-4cbc-8cdd-f62d95e5ac9d/resource/e0752e74-8a14-4a2f-99cd-47756643d255/download,/api/dataset/f73cbd3e-c8a3-4cbc-8cdd-f62d95e5ac9d/resource/0dbaea7c-788a-4245-8714-5084ff03986e/download,/api/dataset/f73cbd3e-c8a3-4cbc-8cdd-f62d95e5ac9d/resource/468371c3-1db7-4465-b9e5-d85de0c80203/download,/api/dataset/f73cbd3e-c8a3-4cbc-8cdd-f62d95e5ac9d/resource/33d5c5c3-9418-497e-91c2-890bb8786140/download,/api/dataset/f73cbd3e-c8a3-4cbc-8cdd-f62d95e5ac9d/resource/ba8f272f-f047-40af-bcc1-2c897d8fddaf/download,/api/dataset/f73cbd3e-c8a3-4cbc-8cdd-f62d95e5ac9d/resource/9b061687-1b53-4230-a317-161dba0d52c5/download,/api/dataset/f73cbd3e-c8a3-4cbc-8cdd-f62d95e5ac9d/resource/37cfce00-112f-410f-845c-4d0f02267bf7/download,/api/dataset/f73cbd3e-c8a3-4cbc-8cdd-f62d95e5ac9d/resource/ce7338ae-187c-461c-8337-7a92794ee3da/download,/api/dataset/f73cbd3e-c8a3-4cbc-8cdd-f62d95e5ac9d/resource/842f6bf1-3249-4dbd-985e-e9189037b540/download,/api/dataset/f73cbd3e-c8a3-4cbc-8cdd-f62d95e5ac9d/resource/d3d39107-a003-4741-8233-ad1d43787f74/download,/api/dataset/f73cbd3e-c8a3-4cbc-8cdd-f62d95e5ac9d/resource/59512d8a-d71f-49e2-86a6-19ab9de980f9/download,/api/dataset/f73cbd3e-c8a3-4cbc-8cdd-f62d95e5ac9d/resource/c110ce36-603e-4b2f-876e-c560d91e2a12/download,/api/dataset/f73cbd3e-c8a3-4cbc-8cdd-f62d95e5ac9d/resource/6e8efa59-ad02-4929-8996-d2ae6ca012a6/download,/api/dataset/f73cbd3e-c8a3-4cbc-8cdd-f62d95e5ac9d/resource/4a68fc6b-aa54-4d05-a730-e7dd3f09a7c6/download,/api/dataset/f73cbd3e-c8a3-4cbc-8cdd-f62d95e5ac9d/resource/99096269-7c91-41be-96a6-50b9cf4a1800/download,/api/dataset/f73cbd3e-c8a3-4cbc-8cdd-f62d95e5ac9d/resource/82e7b12d-3311-4911-a289-643a5618e9a8/download,/api/dataset/f73cbd3e-c8a3-4cbc-8cdd-f62d95e5ac9d/resource/62533652-f272-40bc-b3a2-ce18b34df037/download,/api/dataset/f73cbd3e-c8a3-4cbc-8cdd-f62d95e5ac9d/resource/8c23acaa-655a-4f5f-9efc-7047c86c47a3/download,/api/dataset/f73cbd3e-c8a3-4cbc-8cdd-f62d95e5ac9d/resource/4193745b-f8cc-4004-bac1-e2ecdfad2b31/download,/api/dataset/f73cbd3e-c8a3-4cbc-8cdd-f62d95e5ac9d/resource/ef4f744e-9213-456d-9de4-628c8e20ae83/download,/api/dataset/f73cbd3e-c8a3-4cbc-8cdd-f62d95e5ac9d/resource/c11a9542-5b8e-45ab-b585-d393be079a89/download,/api/dataset/f73cbd3e-c8a3-4cbc-8cdd-f62d95e5ac9d/resource/ce16587f-8b54-46db-87fe-c030e207ecc7/download,/api/dataset/f73cbd3e-c8a3-4cbc-8cdd-f62d95e5ac9d/resource/586fdc00-9fce-4356-a0d9-36c6771febb5/download,/api/dataset/f73cbd3e-c8a3-4cbc-8cdd-f62d95e5ac9d/resource/d9db4f9f-4668-495c-b26d-db9e221c110f/download,/api/dataset/f73cbd3e-c8a3-4cbc-8cdd-f62d95e5ac9d/resource/851bc70d-4ec4-4e1d-ac4f-28d21ea9b87b/download,/api/dataset/f73cbd3e-c8a3-4cbc-8cdd-f62d95e5ac9d/resource/ac174be1-ee42-4327-a0b9-a322f05f6759/download,/api/dataset/f73cbd3e-c8a3-4cbc-8cdd-f62d95e5ac9d/resource/0d5b1c08-2452-4f1e-90e1-fbe5c07e1a0e/download,/api/dataset/f73cbd3e-c8a3-4cbc-8cdd-f62d95e5ac9d/resource/264f49ac-8f16-4afb-abc8-6af2344830bd/download,/api/dataset/f73cbd3e-c8a3-4cbc-8cdd-f62d95e5ac9d/resource/b1e2388e-1726-4ce1-93bf-094df6454c53/download,/api/dataset/f73cbd3e-c8a3-4cbc-8cdd-f62d95e5ac9d/resource/0feacebf-7f14-4a3c-aad5-b7293e542652/download,/api/dataset/f73cbd3e-c8a3-4cbc-8cdd-f62d95e5ac9d/resource/4eb2adfb-6c55-4a89-a742-bbf32f4443a7/download,/api/dataset/f73cbd3e-c8a3-4cbc-8cdd-f62d95e5ac9d/resource/2c6065dd-59e3-4e4b-8af7-3e98e9929c22/download,/api/dataset/f73cbd3e-c8a3-4cbc-8cdd-f62d95e5ac9d/resource/247b23fa-f93e-47d7-b47c-924f38993905/download,/api/dataset/f73cbd3e-c8a3-4cbc-8cdd-f62d95e5ac9d/resource/75805e70-adcc-4fd1-a874-dfde942e57a0/download,/api/dataset/f73cbd3e-c8a3-4cbc-8cdd-f62d95e5ac9d/resource/1677ad74-23d5-4175-a7de-1f0e55c36951/download,/api/dataset/f73cbd3e-c8a3-4cbc-8cdd-f62d95e5ac9d/resource/8a52e707-2f65-4dfb-a2fa-993e031898b5/download,/api/dataset/f73cbd3e-c8a3-4cbc-8cdd-f62d95e5ac9d/resource/6120adba-b8bb-4cfb-b681-127abd996dc0/download,/api/dataset/f73cbd3e-c8a3-4cbc-8cdd-f62d95e5ac9d/resource/f5cc5c78-aa81-498a-8a9e-074ebf7dab16/download,/api/dataset/f73cbd3e-c8a3-4cbc-8cdd-f62d95e5ac9d/resource/de97bd57-8ce7-4697-8f4a-1e22289373b3/download,/api/dataset/f73cbd3e-c8a3-4cbc-8cdd-f62d95e5ac9d/resource/6fbd6e01-dca8-4b07-b506-acd3358a7235/download,/api/dataset/f73cbd3e-c8a3-4cbc-8cdd-f62d95e5ac9d/resource/1e62cf98-f097-42ae-b7b1-c5adaea203a7/download,/api/dataset/f73cbd3e-c8a3-4cbc-8cdd-f62d95e5ac9d/resource/4236eb37-5617-4f0e-a347-1fd0666dad18/download,/api/dataset/f73cbd3e-c8a3-4cbc-8cdd-f62d95e5ac9d/resource/b3979b72-6e55-46b2-9332-aa38f10da2cd/download,/api/dataset/f73cbd3e-c8a3-4cbc-8cdd-f62d95e5ac9d/resource/9a401d00-3b31-45ed-a8e0-299809a38521/download,/api/dataset/f73cbd3e-c8a3-4cbc-8cdd-f62d95e5ac9d/resource/aa05a375-035b-4f1e-b086-a781f029a5a6/download,/api/dataset/f73cbd3e-c8a3-4cbc-8cdd-f62d95e5ac9d/resource/f7fbf213-bcdd-4336-ac49-ce5a36ad298b/download,/api/dataset/f73cbd3e-c8a3-4cbc-8cdd-f62d95e5ac9d/resource/fa8deb08-472b-4ede-8cf5-6c2dcb0c0689/download,/api/dataset/f73cbd3e-c8a3-4cbc-8cdd-f62d95e5ac9d/resource/01c0113b-5c7b-4dd5-a3cd-212ab6b47027/download,/api/dataset/f73cbd3e-c8a3-4cbc-8cdd-f62d95e5ac9d/resource/2d33c383-86d1-428e-bcce-61cbcb44b47e/download,/api/dataset/f73cbd3e-c8a3-4cbc-8cdd-f62d95e5ac9d/resource/f7a671ae-aba4-489d-8281-1dfd819f2e57/download,/api/dataset/f73cbd3e-c8a3-4cbc-8cdd-f62d95e5ac9d/resource/1d49d7fc-a13e-4cfc-a10e-18fe1477881e/download,/api/dataset/f73cbd3e-c8a3-4cbc-8cdd-f62d95e5ac9d/resource/902d433b-3a90-409d-bd91-facec3de035f/download,/api/dataset/f73cbd3e-c8a3-4cbc-8cdd-f62d95e5ac9d/resource/0943fcba-f139-4755-a4e6-fa2196ddd7b4/download,/api/dataset/f73cbd3e-c8a3-4cbc-8cdd-f62d95e5ac9d/resource/c7249178-ffcc-479c-a18f-0b16eeac23d4/download,/api/dataset/f73cbd3e-c8a3-4cbc-8cdd-f62d95e5ac9d/resource/c3f95d7a-d190-4eb9-82be-c95c3f2f2476/download,/api/dataset/f73cbd3e-c8a3-4cbc-8cdd-f62d95e5ac9d/resource/e9350ae9-c4fa-48bb-9aa4-a89b65c2fcbb/download,/api/dataset/f73cbd3e-c8a3-4cbc-8cdd-f62d95e5ac9d/resource/43422161-c6a4-4d71-8ef4-e93f73ccede8/download,/api/dataset/f73cbd3e-c8a3-4cbc-8cdd-f62d95e5ac9d/resource/a3085a5c-ca8e-4d20-b03a-33c87f30572c/download,/api/dataset/f73cbd3e-c8a3-4cbc-8cdd-f62d95e5ac9d/resource/ce9d78f8-d5dc-4a0e-a53b-dcdc03310534/download,/api/dataset/f73cbd3e-c8a3-4cbc-8cdd-f62d95e5ac9d/resource/8af5c0b1-b7fd-4d8e-bbe6-48f9a2376ca2/download,/api/dataset/f73cbd3e-c8a3-4cbc-8cdd-f62d95e5ac9d/resource/3e4279fc-ded6-429e-bf57-e38a9fd8de10/download,/api/dataset/f73cbd3e-c8a3-4cbc-8cdd-f62d95e5ac9d/resource/3df082af-4daf-4d12-a6e1-25e85208b37a/download,/api/dataset/f73cbd3e-c8a3-4cbc-8cdd-f62d95e5ac9d/resource/73d5505c-cbf7-4166-9cbb-bf8143d8debc/download,/api/dataset/f73cbd3e-c8a3-4cbc-8cdd-f62d95e5ac9d/resource/653b6dac-f38c-4fa8-a122-56bf99ec1953/download,/api/dataset/f73cbd3e-c8a3-4cbc-8cdd-f62d95e5ac9d/resource/77d74183-e2f9-4892-94ec-daf1f4b58f23/download,/api/dataset/f73cbd3e-c8a3-4cbc-8cdd-f62d95e5ac9d/resource/ee714120-a06c-4832-9af1-ad78e0b7b22f/download,/api/dataset/f73cbd3e-c8a3-4cbc-8cdd-f62d95e5ac9d/resource/6fb9917c-11af-445a-9184-2dbeb7784dc7/download,/api/dataset/f73cbd3e-c8a3-4cbc-8cdd-f62d95e5ac9d/resource/3d3b2cb7-5c16-4a30-a2e2-17250c97a8fe/download,/api/dataset/f73cbd3e-c8a3-4cbc-8cdd-f62d95e5ac9d/resource/34e9cbc0-6268-46fd-a194-70e24d67aa1c/download,/api/dataset/f73cbd3e-c8a3-4cbc-8cdd-f62d95e5ac9d/resource/7f0aa489-d843-4843-9850-5044494d1f61/download,/api/dataset/f73cbd3e-c8a3-4cbc-8cdd-f62d95e5ac9d/resource/4dff4e1f-6642-4d71-8444-724d195e3d5b/download,/api/dataset/f73cbd3e-c8a3-4cbc-8cdd-f62d95e5ac9d/resource/d98ff2cf-cf17-442a-b1e5-dff7cdf44ceb/download,/api/dataset/f73cbd3e-c8a3-4cbc-8cdd-f62d95e5ac9d/resource/a57284da-d0bf-465f-85b2-533ddb77fefe/download,/api/dataset/f73cbd3e-c8a3-4cbc-8cdd-f62d95e5ac9d/resource/a2aaf7b3-acf2-46a8-b90d-4329ab5502d5/download,/api/dataset/f73cbd3e-c8a3-4cbc-8cdd-f62d95e5ac9d/resource/d131b9a7-9e8a-4deb-8f26-31cb4d6d77b9/download,/api/dataset/f73cbd3e-c8a3-4cbc-8cdd-f62d95e5ac9d/resource/e9d7fd5c-1847-4168-956b-f5a0799cddbf/download,/api/dataset/f73cbd3e-c8a3-4cbc-8cdd-f62d95e5ac9d/resource/ffe0c1e4-d4f6-4002-a09f-36dd7586bf61/download,/api/dataset/f73cbd3e-c8a3-4cbc-8cdd-f62d95e5ac9d/resource/b75117d6-8858-439f-b2da-3b37dfbed6f6/download,/api/dataset/f73cbd3e-c8a3-4cbc-8cdd-f62d95e5ac9d/resource/d19ba925-4127-44e2-981f-73cacb4e21ea/download,/api/dataset/f73cbd3e-c8a3-4cbc-8cdd-f62d95e5ac9d/resource/00af56fc-a3c5-4670-88b4-1b4b88799c81/download,/api/dataset/f73cbd3e-c8a3-4cbc-8cdd-f62d95e5ac9d/resource/9dee86cc-9844-4b52-a7fd-8d1ed3c03453/download,/api/dataset/f73cbd3e-c8a3-4cbc-8cdd-f62d95e5ac9d/resource/04a01135-4eb3-42ba-a788-f3aae3e36d85/download,/api/dataset/f73cbd3e-c8a3-4cbc-8cdd-f62d95e5ac9d/resource/a86204f3-0b5a-44d7-9c1b-76a9729a19b6/download,/api/dataset/f73cbd3e-c8a3-4cbc-8cdd-f62d95e5ac9d/resource/21f0723a-f9f7-4b2f-b011-8a6f56b99cea/download,/api/dataset/f73cbd3e-c8a3-4cbc-8cdd-f62d95e5ac9d/resource/ac2887ea-6a49-4c68-8ca7-0d32e91e7e52/download,/api/dataset/f73cbd3e-c8a3-4cbc-8cdd-f62d95e5ac9d/resource/eb9206e8-3209-48e6-bc8a-9b5d46495e7e/download,/api/dataset/f73cbd3e-c8a3-4cbc-8cdd-f62d95e5ac9d/resource/6e4fc1c3-4101-4da3-a38f-0f04792a0bf0/download,/api/dataset/f73cbd3e-c8a3-4cbc-8cdd-f62d95e5ac9d/resource/8a38c840-15bb-4454-bd8d-ccbf2c5f0312/download,/api/dataset/f73cbd3e-c8a3-4cbc-8cdd-f62d95e5ac9d/resource/68e4727b-fe99-43cf-a6fa-4be522f5fcc8/download,/api/dataset/f73cbd3e-c8a3-4cbc-8cdd-f62d95e5ac9d/resource/9f6721de-44ab-47f0-bab6-a949aad84dda/download",臺北捷運每月臺北小巨蛋主場館活動使用空間租用資訊,廠商、租用起始日、租用結束日、活動名稱、租用項目,智慧通勤:4; 韌性防災:0; 永續環境:0; 食安健康:0; 勞動福祉:0; 文化共融:2
taipei,21377e2a-a0f0-4d16-aafd-f4bdd4956eac,00000623,臺北小巨蛋冰上樂園場地使用資訊,智慧通勤,False,True,False,table,通勤地圖與交通壓力分析,False,1,交通,休閒旅遊,原始資料,捷運公司,北捷遊憩公司,捷運公司北捷遊憩公司,每1月,"CSV,CSV,CSV,CSV,CSV,CSV,CSV,CSV,CSV,CSV,CSV,CSV,CSV,CSV,CSV,CSV,CSV,CSV,CSV,CSV,CSV,CSV,CSV,CSV,CSV,CSV,CSV,CSV,CSV,CSV,CSV,CSV,CSV,CSV,CSV,CSV,CSV,CSV,CSV,CSV,CSV,CSV,CSV,CSV,CSV,CSV,CSV,CSV,CSV,CSV,CSV,CSV,CSV,CSV,CSV,CSV,CSV,CSV,CSV,CSV,CSV,CSV,CSV,CSV,CSV,CSV,CSV,CSV,CSV,CSV,CSV,CSV,CSV,CSV,CSV,CSV,CSV,CSV,CSV,CSV,CSV,CSV,CSV,CSV,CSV,CSV,CSV,CSV,CSV,CSV,CSV,CSV,CSV,CSV,CSV,CSV,CSV,CSV,CSV,CSV,CSV,CSV,CSV,CSV,CSV,CSV,CSV,CSV,CSV,CSV,CSV,CSV,CSV,CSV,CSV,CSV,CSV,CSV,CSV,CSV,CSV,CSV,CSV,CSV,CSV,CSV,CSV,CSV,CSV,CSV",中文,2015-07-31T00:00:00,"/api/dataset/21377e2a-a0f0-4d16-aafd-f4bdd4956eac/resource/a5a22f52-6bf2-46fd-a3f8-14a66d8c79b8/download,/api/dataset/21377e2a-a0f0-4d16-aafd-f4bdd4956eac/resource/6120eb82-9b2c-439e-90a9-0ec87414904c/download,/api/dataset/21377e2a-a0f0-4d16-aafd-f4bdd4956eac/resource/34262755-f96b-4630-81e6-7981a0385759/download,/api/dataset/21377e2a-a0f0-4d16-aafd-f4bdd4956eac/resource/15bc3e64-8447-4882-82ad-de83369058b5/download,/api/dataset/21377e2a-a0f0-4d16-aafd-f4bdd4956eac/resource/2219ad40-5510-4c81-8d75-9ad9c951e2cf/download,/api/dataset/21377e2a-a0f0-4d16-aafd-f4bdd4956eac/resource/3bae569d-163f-4230-8c47-ce64d6dc2ced/download,/api/dataset/21377e2a-a0f0-4d16-aafd-f4bdd4956eac/resource/7f0dd35f-a6e4-4eee-85fe-42aea693176d/download,/api/dataset/21377e2a-a0f0-4d16-aafd-f4bdd4956eac/resource/d282b0f7-f11c-41d8-ab55-ae34a66e5141/download,/api/dataset/21377e2a-a0f0-4d16-aafd-f4bdd4956eac/resource/4681caf3-301b-4574-949c-ba88f7ed95a1/download,/api/dataset/21377e2a-a0f0-4d16-aafd-f4bdd4956eac/resource/abc35caf-28c2-4b12-b8c5-f22e058ce72d/download,/api/dataset/21377e2a-a0f0-4d16-aafd-f4bdd4956eac/resource/6bb5911d-9648-4ae5-bd1f-6225bc9e4147/download,/api/dataset/21377e2a-a0f0-4d16-aafd-f4bdd4956eac/resource/b62e433f-1ca8-48fc-aa69-4a34c802532b/download,/api/dataset/21377e2a-a0f0-4d16-aafd-f4bdd4956eac/resource/5a59f240-9566-47ec-a469-3268968ee9d1/download,/api/dataset/21377e2a-a0f0-4d16-aafd-f4bdd4956eac/resource/27ebe2b4-f543-4dc5-b5d1-1fdfc39969d8/download,/api/dataset/21377e2a-a0f0-4d16-aafd-f4bdd4956eac/resource/17ea2c5a-cb14-4267-97c0-33257105ebff/download,/api/dataset/21377e2a-a0f0-4d16-aafd-f4bdd4956eac/resource/2ac9bacf-0c0b-4b1c-8774-8ae61d6ce41b/download,/api/dataset/21377e2a-a0f0-4d16-aafd-f4bdd4956eac/resource/e916def5-b87a-4faa-bc6f-12df957206f0/download,/api/dataset/21377e2a-a0f0-4d16-aafd-f4bdd4956eac/resource/52a31ee5-4366-4155-b33e-cfcf2e567f23/download,/api/dataset/21377e2a-a0f0-4d16-aafd-f4bdd4956eac/resource/46f52fe7-0cb0-478b-a0ec-05cff15ccd0a/download,/api/dataset/21377e2a-a0f0-4d16-aafd-f4bdd4956eac/resource/3fdce3de-a8dd-4de3-92cd-8cadba99dfe7/download,/api/dataset/21377e2a-a0f0-4d16-aafd-f4bdd4956eac/resource/67890fa5-72be-413b-84ff-3df611a16817/download,/api/dataset/21377e2a-a0f0-4d16-aafd-f4bdd4956eac/resource/89b88b10-24d7-4e1b-ac25-143e2a90c647/download,/api/dataset/21377e2a-a0f0-4d16-aafd-f4bdd4956eac/resource/8e6fbdda-1fe3-4006-a80c-c17a22834164/download,/api/dataset/21377e2a-a0f0-4d16-aafd-f4bdd4956eac/resource/ccac8454-43da-4061-9534-eb6630241867/download,/api/dataset/21377e2a-a0f0-4d16-aafd-f4bdd4956eac/resource/d3d9e300-df36-4de2-86f7-169145699d4d/download,/api/dataset/21377e2a-a0f0-4d16-aafd-f4bdd4956eac/resource/b4d3858a-2d4f-42ee-a1ef-ea28e6bd1d84/download,/api/dataset/21377e2a-a0f0-4d16-aafd-f4bdd4956eac/resource/849e75d1-ba2b-47c8-b43e-8a5ccb5cf5c6/download,/api/dataset/21377e2a-a0f0-4d16-aafd-f4bdd4956eac/resource/590eea3b-ce42-434c-a1fd-9ef620852b20/download,/api/dataset/21377e2a-a0f0-4d16-aafd-f4bdd4956eac/resource/346f65be-afbd-48b4-acbe-bf552acb9e89/download,/api/dataset/21377e2a-a0f0-4d16-aafd-f4bdd4956eac/resource/39f8b928-6ad8-48eb-930a-6ba63f56ee86/download,/api/dataset/21377e2a-a0f0-4d16-aafd-f4bdd4956eac/resource/2d008d03-5e0b-4777-bc8d-5de46cf739ab/download,/api/dataset/21377e2a-a0f0-4d16-aafd-f4bdd4956eac/resource/7a97c6a1-b476-4ff8-af8f-f4271f85125c/download,/api/dataset/21377e2a-a0f0-4d16-aafd-f4bdd4956eac/resource/cc4d8a31-f971-4c75-9ef7-c1fe3af28115/download,/api/dataset/21377e2a-a0f0-4d16-aafd-f4bdd4956eac/resource/c29889ed-57d5-44a2-b1a1-0973a8930ad5/download,/api/dataset/21377e2a-a0f0-4d16-aafd-f4bdd4956eac/resource/3042c9ee-ec66-4b7c-90e2-149a2216ff51/download,/api/dataset/21377e2a-a0f0-4d16-aafd-f4bdd4956eac/resource/20e6c190-6d76-4f0a-8e43-646ba60fbf38/download,/api/dataset/21377e2a-a0f0-4d16-aafd-f4bdd4956eac/resource/44554ffe-3d06-4093-86e0-14ac65841da2/download,/api/dataset/21377e2a-a0f0-4d16-aafd-f4bdd4956eac/resource/28a93a55-e72d-4fe1-8994-65ad9e923c35/download,/api/dataset/21377e2a-a0f0-4d16-aafd-f4bdd4956eac/resource/31fea9e8-ab5d-4b19-bd51-86ea9a1cb1db/download,/api/dataset/21377e2a-a0f0-4d16-aafd-f4bdd4956eac/resource/fad743eb-22e2-45d7-8306-723e5e8053cf/download,/api/dataset/21377e2a-a0f0-4d16-aafd-f4bdd4956eac/resource/1f58d159-ae7f-410e-bbf2-3d3aa52b0949/download,/api/dataset/21377e2a-a0f0-4d16-aafd-f4bdd4956eac/resource/900ba94a-b5f5-4164-b3ed-40cc38d963c0/download,/api/dataset/21377e2a-a0f0-4d16-aafd-f4bdd4956eac/resource/44fd2cc8-b4e8-4770-b855-80e8c075ec44/download,/api/dataset/21377e2a-a0f0-4d16-aafd-f4bdd4956eac/resource/306391a8-6ee4-4e50-ba8f-39b2ee162ce9/download,/api/dataset/21377e2a-a0f0-4d16-aafd-f4bdd4956eac/resource/68539095-4b8a-4fdb-901b-123ed183b0be/download,/api/dataset/21377e2a-a0f0-4d16-aafd-f4bdd4956eac/resource/3d7b7c23-26d1-4459-8ab7-120eeaed2e31/download,/api/dataset/21377e2a-a0f0-4d16-aafd-f4bdd4956eac/resource/b52c14f6-369b-4cea-88e7-f271021c6d7c/download,/api/dataset/21377e2a-a0f0-4d16-aafd-f4bdd4956eac/resource/028a5156-99f1-46dc-82ed-64f5b6082274/download,/api/dataset/21377e2a-a0f0-4d16-aafd-f4bdd4956eac/resource/cf41ad47-2790-4140-9d1e-e8a92c131645/download,/api/dataset/21377e2a-a0f0-4d16-aafd-f4bdd4956eac/resource/2c23d205-cb2a-4896-b774-02181a43d072/download,/api/dataset/21377e2a-a0f0-4d16-aafd-f4bdd4956eac/resource/9fd0a41a-4eb4-471e-8b52-a0d3869e6d1a/download,/api/dataset/21377e2a-a0f0-4d16-aafd-f4bdd4956eac/resource/5bf0884a-1a03-4d8b-8036-4df675d8685e/download,/api/dataset/21377e2a-a0f0-4d16-aafd-f4bdd4956eac/resource/dc11cbff-b0d1-4e34-87cd-4fb970bfeba1/download,/api/dataset/21377e2a-a0f0-4d16-aafd-f4bdd4956eac/resource/6327c7c2-e9d9-4ac5-a8b9-3e1e0d4fe708/download,/api/dataset/21377e2a-a0f0-4d16-aafd-f4bdd4956eac/resource/5668345e-675c-4b4b-9690-8a95a9e5d7b7/download,/api/dataset/21377e2a-a0f0-4d16-aafd-f4bdd4956eac/resource/1722bb87-ff92-46fb-b989-66909db5f70f/download,/api/dataset/21377e2a-a0f0-4d16-aafd-f4bdd4956eac/resource/7f6c4baa-dd81-4e26-b240-64d30672ba53/download,/api/dataset/21377e2a-a0f0-4d16-aafd-f4bdd4956eac/resource/593c2217-c91a-4608-b32d-a3d256ede137/download,/api/dataset/21377e2a-a0f0-4d16-aafd-f4bdd4956eac/resource/3a4487d6-912a-4dea-b8c5-51be2f8c0489/download,/api/dataset/21377e2a-a0f0-4d16-aafd-f4bdd4956eac/resource/aae48027-1aa6-45ec-9f25-661ba4c7f326/download,/api/dataset/21377e2a-a0f0-4d16-aafd-f4bdd4956eac/resource/22e6fd14-13d9-45eb-b9f2-5ee5c5fee1e8/download,/api/dataset/21377e2a-a0f0-4d16-aafd-f4bdd4956eac/resource/a6c88fc8-368f-47f3-ad2c-5fff7abea019/download,/api/dataset/21377e2a-a0f0-4d16-aafd-f4bdd4956eac/resource/fae19fdc-83e5-4df0-86a5-f416aaa79af6/download,/api/dataset/21377e2a-a0f0-4d16-aafd-f4bdd4956eac/resource/abaa920e-356b-4a59-9375-56471f777c73/download,/api/dataset/21377e2a-a0f0-4d16-aafd-f4bdd4956eac/resource/fd1c8144-d827-4e97-8199-c1623a3c8e54/download,/api/dataset/21377e2a-a0f0-4d16-aafd-f4bdd4956eac/resource/8b28e746-d053-4f7c-adbf-0296563e0fe2/download,/api/dataset/21377e2a-a0f0-4d16-aafd-f4bdd4956eac/resource/2238d818-19ad-4136-acc2-64030fa77e60/download,/api/dataset/21377e2a-a0f0-4d16-aafd-f4bdd4956eac/resource/4188a8c6-edf4-40d0-9e12-e432784a3fda/download,/api/dataset/21377e2a-a0f0-4d16-aafd-f4bdd4956eac/resource/82c8cb01-7bf3-4e30-9889-6e84edbe83b2/download,/api/dataset/21377e2a-a0f0-4d16-aafd-f4bdd4956eac/resource/8d656084-cc5a-4ff0-9fdc-c84ecd07fa81/download,/api/dataset/21377e2a-a0f0-4d16-aafd-f4bdd4956eac/resource/6541a635-5ae2-4cea-88ce-1b4f0eeedf4a/download,/api/dataset/21377e2a-a0f0-4d16-aafd-f4bdd4956eac/resource/49153560-7c19-459d-93e8-26742077aaab/download,/api/dataset/21377e2a-a0f0-4d16-aafd-f4bdd4956eac/resource/400a0b18-2773-43e4-9c57-4ca1f5d3d87b/download,/api/dataset/21377e2a-a0f0-4d16-aafd-f4bdd4956eac/resource/089796c8-7e64-4652-ac98-8968b8763134/download,/api/dataset/21377e2a-a0f0-4d16-aafd-f4bdd4956eac/resource/488bf1d9-3405-48c6-8609-dccd990d1636/download,/api/dataset/21377e2a-a0f0-4d16-aafd-f4bdd4956eac/resource/e63226a8-11bf-4a20-bd32-d1e594f98092/download,/api/dataset/21377e2a-a0f0-4d16-aafd-f4bdd4956eac/resource/1c281873-fbc8-4ad6-86d2-db2a00f797c7/download,/api/dataset/21377e2a-a0f0-4d16-aafd-f4bdd4956eac/resource/9c9d1acd-2db4-4052-816a-11279896046f/download,/api/dataset/21377e2a-a0f0-4d16-aafd-f4bdd4956eac/resource/b8fe44ad-e1fe-414a-818f-75bc98bb5fc3/download,/api/dataset/21377e2a-a0f0-4d16-aafd-f4bdd4956eac/resource/d28a013d-1a2d-4bf0-ac2e-82bdb4424e3a/download,/api/dataset/21377e2a-a0f0-4d16-aafd-f4bdd4956eac/resource/171b1a81-dc5a-486a-8f63-98f654758188/download,/api/dataset/21377e2a-a0f0-4d16-aafd-f4bdd4956eac/resource/3332d0b2-2b22-4220-81a0-7469c7e958bd/download,/api/dataset/21377e2a-a0f0-4d16-aafd-f4bdd4956eac/resource/d8c22935-ba97-49ce-a593-c39a73d1c3a6/download,/api/dataset/21377e2a-a0f0-4d16-aafd-f4bdd4956eac/resource/fc72757a-8229-4eca-b0b2-adf5eee85f60/download,/api/dataset/21377e2a-a0f0-4d16-aafd-f4bdd4956eac/resource/5f1b1b12-6c8c-48c8-aeda-c53252a4d088/download,/api/dataset/21377e2a-a0f0-4d16-aafd-f4bdd4956eac/resource/0425e1f8-2b9e-4a95-90f8-0e0473fac85f/download,/api/dataset/21377e2a-a0f0-4d16-aafd-f4bdd4956eac/resource/bc7597b7-6e23-43e4-8dc6-faa7a8b08e77/download,/api/dataset/21377e2a-a0f0-4d16-aafd-f4bdd4956eac/resource/affbcaf8-87b9-40d7-924f-d7034f82426b/download,/api/dataset/21377e2a-a0f0-4d16-aafd-f4bdd4956eac/resource/0e15cb40-06d3-4fcf-b2b0-a5bbe0437e9a/download,/api/dataset/21377e2a-a0f0-4d16-aafd-f4bdd4956eac/resource/9697d281-420c-47bf-94b2-6ec79a94f4df/download,/api/dataset/21377e2a-a0f0-4d16-aafd-f4bdd4956eac/resource/3d564bd4-0e05-4981-94a5-2de390820da3/download,/api/dataset/21377e2a-a0f0-4d16-aafd-f4bdd4956eac/resource/3dedc433-008e-4733-a74c-a472d0995099/download,/api/dataset/21377e2a-a0f0-4d16-aafd-f4bdd4956eac/resource/0c709279-f5fe-4bc8-b44a-950bf358c302/download,/api/dataset/21377e2a-a0f0-4d16-aafd-f4bdd4956eac/resource/5ee9e1c0-f9fd-429e-a7b0-f90c77b6a1a6/download,/api/dataset/21377e2a-a0f0-4d16-aafd-f4bdd4956eac/resource/a3b4b95e-b4e4-4fde-abe1-d1d4ec83ea95/download,/api/dataset/21377e2a-a0f0-4d16-aafd-f4bdd4956eac/resource/3cde5b00-6feb-421f-a8ac-1f9e2e11c491/download,/api/dataset/21377e2a-a0f0-4d16-aafd-f4bdd4956eac/resource/e4dffb8c-1036-43c7-9cde-19d70bee4992/download,/api/dataset/21377e2a-a0f0-4d16-aafd-f4bdd4956eac/resource/3c5ca48e-693f-4aa7-a886-e7f14c3f517b/download,/api/dataset/21377e2a-a0f0-4d16-aafd-f4bdd4956eac/resource/c6f82947-d25b-4b72-ad0b-bdd18d90fda3/download,/api/dataset/21377e2a-a0f0-4d16-aafd-f4bdd4956eac/resource/9d71ca92-d3df-428d-bb8e-3faf045ffbfb/download,/api/dataset/21377e2a-a0f0-4d16-aafd-f4bdd4956eac/resource/ad49ca06-55a9-446a-9fb4-fe0bc6b761da/download,/api/dataset/21377e2a-a0f0-4d16-aafd-f4bdd4956eac/resource/6472fb6b-384f-45ed-abee-cfa1c81ff781/download,/api/dataset/21377e2a-a0f0-4d16-aafd-f4bdd4956eac/resource/06736eca-8a88-4ad7-bd78-4e4f233421a6/download,/api/dataset/21377e2a-a0f0-4d16-aafd-f4bdd4956eac/resource/c82647ca-59e8-4022-a970-8c91ec43d480/download,/api/dataset/21377e2a-a0f0-4d16-aafd-f4bdd4956eac/resource/d24dfa4c-9cb4-4ddb-b243-beb24b897852/download,/api/dataset/21377e2a-a0f0-4d16-aafd-f4bdd4956eac/resource/4a64cbcf-1f2b-44d4-8c91-4680be1a3a7d/download,/api/dataset/21377e2a-a0f0-4d16-aafd-f4bdd4956eac/resource/3a1d8036-88ab-4a31-9f7c-b4e5a3d56fc3/download,/api/dataset/21377e2a-a0f0-4d16-aafd-f4bdd4956eac/resource/63f50d73-1b49-4647-9301-1f2e525819ae/download,/api/dataset/21377e2a-a0f0-4d16-aafd-f4bdd4956eac/resource/0e34d5de-beac-47d3-a5df-fbcabdafab5c/download,/api/dataset/21377e2a-a0f0-4d16-aafd-f4bdd4956eac/resource/c158e71e-460d-493d-97a3-9604c7e85013/download,/api/dataset/21377e2a-a0f0-4d16-aafd-f4bdd4956eac/resource/e454ace2-e22e-4565-9766-e7ad5ae3ac9f/download,/api/dataset/21377e2a-a0f0-4d16-aafd-f4bdd4956eac/resource/7098dfd0-4ef0-4b47-963b-5f09d05f3888/download,/api/dataset/21377e2a-a0f0-4d16-aafd-f4bdd4956eac/resource/90445dbf-3889-4f89-86a2-2cf63c628998/download,/api/dataset/21377e2a-a0f0-4d16-aafd-f4bdd4956eac/resource/77787480-d027-4b07-87b4-4f09d371310f/download,/api/dataset/21377e2a-a0f0-4d16-aafd-f4bdd4956eac/resource/44d7dfaf-5e91-4f84-9bd5-c90dbc2f59af/download,/api/dataset/21377e2a-a0f0-4d16-aafd-f4bdd4956eac/resource/4cfc297b-6b47-405b-8640-02a64edf6fb2/download,/api/dataset/21377e2a-a0f0-4d16-aafd-f4bdd4956eac/resource/15af6aca-da56-4740-9f3d-80fd7e604185/download,/api/dataset/21377e2a-a0f0-4d16-aafd-f4bdd4956eac/resource/a0c7bddd-d789-4fb7-a9cb-354177f30146/download,/api/dataset/21377e2a-a0f0-4d16-aafd-f4bdd4956eac/resource/30706268-e38a-4b32-a987-c46737283a1e/download,/api/dataset/21377e2a-a0f0-4d16-aafd-f4bdd4956eac/resource/d05947f1-bae1-4d1c-9d79-a1c8670b85b9/download,/api/dataset/21377e2a-a0f0-4d16-aafd-f4bdd4956eac/resource/b6a5a78c-4b8a-4171-bfad-f1e0db46d459/download,/api/dataset/21377e2a-a0f0-4d16-aafd-f4bdd4956eac/resource/8ef306c7-95cb-47c5-9a0c-29827c0a797e/download,/api/dataset/21377e2a-a0f0-4d16-aafd-f4bdd4956eac/resource/436a9d9a-d2ab-45c0-8833-3a504ed649c2/download,/api/dataset/21377e2a-a0f0-4d16-aafd-f4bdd4956eac/resource/4e59f4ba-1ab6-422e-8515-482b6697525e/download,/api/dataset/21377e2a-a0f0-4d16-aafd-f4bdd4956eac/resource/6cce6193-80d4-49ed-8b8a-2f6fec8abce9/download,/api/dataset/21377e2a-a0f0-4d16-aafd-f4bdd4956eac/resource/77f22bd9-fe3b-413c-9dd6-b49e5605f3ff/download,/api/dataset/21377e2a-a0f0-4d16-aafd-f4bdd4956eac/resource/603d7eb6-232f-409e-a7b0-8f873dd3eae8/download,/api/dataset/21377e2a-a0f0-4d16-aafd-f4bdd4956eac/resource/30bd9b33-08b2-4898-947f-eccfc0ffab32/download,/api/dataset/21377e2a-a0f0-4d16-aafd-f4bdd4956eac/resource/68534a4d-4fee-4e6f-b9a1-80beaf446a83/download,/api/dataset/21377e2a-a0f0-4d16-aafd-f4bdd4956eac/resource/2cb10d12-f174-4394-84f1-c9a981a51fb8/download",臺北捷運每月臺北小巨蛋冰上樂園場地使用資訊,申請單位、租用起始日、租用結束日、活動名稱、使用類別,智慧通勤:4; 韌性防災:0; 永續環境:0; 食安健康:0; 勞動福祉:0; 文化共融:2
taipei,f0497727-b2cd-46fa-87c8-c6af6bb9eada,00000622,臺北小巨蛋場地租用資訊,智慧通勤,False,True,False,table,通勤地圖與交通壓力分析,False,1,交通,休閒旅遊,原始資料,捷運公司,北捷遊憩公司,捷運公司北捷遊憩公司,每1月,"CSV,CSV,CSV,CSV,CSV,CSV,CSV,CSV,CSV,CSV,CSV,CSV,CSV,CSV,CSV,CSV,CSV,CSV,CSV,CSV,CSV,CSV,CSV,CSV,CSV,CSV,CSV,CSV,CSV,CSV,CSV,CSV,CSV,CSV,CSV,CSV,CSV,CSV,CSV,CSV,CSV,CSV,CSV,CSV,CSV,CSV,CSV,CSV,CSV,CSV,CSV,CSV,CSV,CSV,CSV,CSV,CSV,CSV,CSV,CSV,CSV,CSV,CSV,CSV,CSV,CSV,CSV,CSV,CSV,CSV,CSV,CSV,CSV,CSV,CSV,CSV,CSV,CSV,CSV,CSV,CSV,CSV,CSV,CSV,CSV,CSV,CSV,CSV,CSV,CSV,CSV,CSV,CSV,CSV,CSV,CSV,CSV,CSV,CSV,CSV,CSV,CSV,CSV,CSV,CSV,CSV,CSV,CSV,CSV,CSV,CSV,CSV,CSV,CSV,CSV,CSV,CSV,CSV,CSV,CSV,CSV,CSV,CSV,CSV,CSV,CSV,CSV,CSV,CSV,CSV",中文,2015-07-31T00:00:00,"/api/dataset/f0497727-b2cd-46fa-87c8-c6af6bb9eada/resource/10dd3668-0320-4cc2-ae56-13bae25ebe82/download,/api/dataset/f0497727-b2cd-46fa-87c8-c6af6bb9eada/resource/d5356976-1b94-42c2-9814-9f3b395a6ccd/download,/api/dataset/f0497727-b2cd-46fa-87c8-c6af6bb9eada/resource/82e9f058-81a1-4123-b025-69aa9e1d6fb5/download,/api/dataset/f0497727-b2cd-46fa-87c8-c6af6bb9eada/resource/1df11832-3721-49ce-9765-13709e82dbb0/download,/api/dataset/f0497727-b2cd-46fa-87c8-c6af6bb9eada/resource/4f1dbba4-6a7d-4b8c-b0f9-f1170b4ba8d8/download,/api/dataset/f0497727-b2cd-46fa-87c8-c6af6bb9eada/resource/b6b1513d-4219-4dc6-bbf5-b0101ca2d715/download,/api/dataset/f0497727-b2cd-46fa-87c8-c6af6bb9eada/resource/f29fcb18-f431-41a7-a271-87381f31de8a/download,/api/dataset/f0497727-b2cd-46fa-87c8-c6af6bb9eada/resource/e04831ca-9c55-43d2-9f88-ac9cb817282b/download,/api/dataset/f0497727-b2cd-46fa-87c8-c6af6bb9eada/resource/eba42119-487e-491d-87d8-8e59d26a9b93/download,/api/dataset/f0497727-b2cd-46fa-87c8-c6af6bb9eada/resource/da4b11e6-2709-41ca-bfb9-69aecf03c22a/download,/api/dataset/f0497727-b2cd-46fa-87c8-c6af6bb9eada/resource/3d35372b-ebb5-4996-abc3-7364166245b9/download,/api/dataset/f0497727-b2cd-46fa-87c8-c6af6bb9eada/resource/0ae8fb7d-6b12-4e5b-814a-9b6c229f33a4/download,/api/dataset/f0497727-b2cd-46fa-87c8-c6af6bb9eada/resource/4578a16d-8833-49da-bf0d-a826feb48186/download,/api/dataset/f0497727-b2cd-46fa-87c8-c6af6bb9eada/resource/d485a8e8-a722-43b6-b917-35c095245367/download,/api/dataset/f0497727-b2cd-46fa-87c8-c6af6bb9eada/resource/7861b36f-1dda-4e52-9e76-06abe04a16ea/download,/api/dataset/f0497727-b2cd-46fa-87c8-c6af6bb9eada/resource/478513be-febb-4a2f-ba53-4a537baa5863/download,/api/dataset/f0497727-b2cd-46fa-87c8-c6af6bb9eada/resource/dae6c70b-ac16-4d74-9fb4-78c0ef616c89/download,/api/dataset/f0497727-b2cd-46fa-87c8-c6af6bb9eada/resource/3c6ed945-3e6d-4b44-9374-f237783336b7/download,/api/dataset/f0497727-b2cd-46fa-87c8-c6af6bb9eada/resource/fd626419-91f1-49b6-b778-09760ad1e2fc/download,/api/dataset/f0497727-b2cd-46fa-87c8-c6af6bb9eada/resource/04617c32-c5d5-47b8-bf08-ca7bcc6ba3ba/download,/api/dataset/f0497727-b2cd-46fa-87c8-c6af6bb9eada/resource/79261033-9ddb-4e69-8272-9192dba93857/download,/api/dataset/f0497727-b2cd-46fa-87c8-c6af6bb9eada/resource/de303813-15d4-426a-919f-ff924f4f273b/download,/api/dataset/f0497727-b2cd-46fa-87c8-c6af6bb9eada/resource/83510a82-7405-40f9-b262-4675ac850d19/download,/api/dataset/f0497727-b2cd-46fa-87c8-c6af6bb9eada/resource/f973e482-9ecd-46f8-b2c2-edf0bcc74ad6/download,/api/dataset/f0497727-b2cd-46fa-87c8-c6af6bb9eada/resource/eb417488-5c7c-40fd-a46f-ce40d74c5e3a/download,/api/dataset/f0497727-b2cd-46fa-87c8-c6af6bb9eada/resource/23f61d24-2dc6-47dc-ae2c-381469e2c6c3/download,/api/dataset/f0497727-b2cd-46fa-87c8-c6af6bb9eada/resource/940e313d-14b2-4840-8d87-b34168b091fd/download,/api/dataset/f0497727-b2cd-46fa-87c8-c6af6bb9eada/resource/d50a3e94-8319-4fc0-b9b5-72f897dbd979/download,/api/dataset/f0497727-b2cd-46fa-87c8-c6af6bb9eada/resource/8138eedd-a4b4-487e-a0dd-dff3fba585b9/download,/api/dataset/f0497727-b2cd-46fa-87c8-c6af6bb9eada/resource/39d6c8c3-eb31-4abc-9262-0f3e2b90377e/download,/api/dataset/f0497727-b2cd-46fa-87c8-c6af6bb9eada/resource/eead42a5-3588-4289-80f6-ca61da1e78d6/download,/api/dataset/f0497727-b2cd-46fa-87c8-c6af6bb9eada/resource/7f8761ed-34ea-42ef-92e0-bc89fd7b4a17/download,/api/dataset/f0497727-b2cd-46fa-87c8-c6af6bb9eada/resource/c02c954e-c200-4771-bb4b-fb6a1b174a45/download,/api/dataset/f0497727-b2cd-46fa-87c8-c6af6bb9eada/resource/6c48c839-e10b-4e9a-9e8f-572b5bcb7740/download,/api/dataset/f0497727-b2cd-46fa-87c8-c6af6bb9eada/resource/2933d778-8b9f-456a-a801-7579109ab771/download,/api/dataset/f0497727-b2cd-46fa-87c8-c6af6bb9eada/resource/c317dd16-7037-4f58-90fa-8ebeee8d0846/download,/api/dataset/f0497727-b2cd-46fa-87c8-c6af6bb9eada/resource/387577eb-f2e3-4e4c-91a1-2fce51cfbd07/download,/api/dataset/f0497727-b2cd-46fa-87c8-c6af6bb9eada/resource/b8d8624b-5aa8-473d-bdf5-5f1a29c37f66/download,/api/dataset/f0497727-b2cd-46fa-87c8-c6af6bb9eada/resource/4e149ef4-e5a8-4ed1-9236-01aa5e4f32c7/download,/api/dataset/f0497727-b2cd-46fa-87c8-c6af6bb9eada/resource/0c655f5d-92d0-4954-b91a-6d98bb4bfd98/download,/api/dataset/f0497727-b2cd-46fa-87c8-c6af6bb9eada/resource/cc4a68d7-175e-47d5-bf89-7ce5a64233b0/download,/api/dataset/f0497727-b2cd-46fa-87c8-c6af6bb9eada/resource/66557540-2057-43ac-80de-9189e4db164c/download,/api/dataset/f0497727-b2cd-46fa-87c8-c6af6bb9eada/resource/ea22cfb3-8f6d-4061-b73f-9d8dd73c1cde/download,/api/dataset/f0497727-b2cd-46fa-87c8-c6af6bb9eada/resource/41b429c0-f771-4eed-b2a0-ced208a7751f/download,/api/dataset/f0497727-b2cd-46fa-87c8-c6af6bb9eada/resource/416a532d-5c43-44cc-9803-f4f0498e4b16/download,/api/dataset/f0497727-b2cd-46fa-87c8-c6af6bb9eada/resource/dcfbb5fb-eb62-488e-ae48-9c113c82284d/download,/api/dataset/f0497727-b2cd-46fa-87c8-c6af6bb9eada/resource/df18af5f-81fa-4487-8599-e9e677e30d43/download,/api/dataset/f0497727-b2cd-46fa-87c8-c6af6bb9eada/resource/cd16795f-31eb-4a80-9fb7-62102209e397/download,/api/dataset/f0497727-b2cd-46fa-87c8-c6af6bb9eada/resource/6e43b91c-7c72-4720-9eba-0bda880894db/download,/api/dataset/f0497727-b2cd-46fa-87c8-c6af6bb9eada/resource/64650bfc-7c11-4323-8488-100c5aff385a/download,/api/dataset/f0497727-b2cd-46fa-87c8-c6af6bb9eada/resource/1de94a6d-858d-4701-9048-e43b4e7ac3be/download,/api/dataset/f0497727-b2cd-46fa-87c8-c6af6bb9eada/resource/75ec56a7-0c0d-4840-8211-c954544d728d/download,/api/dataset/f0497727-b2cd-46fa-87c8-c6af6bb9eada/resource/bace6a18-c108-4a5b-8bfb-7e88d05179d5/download,/api/dataset/f0497727-b2cd-46fa-87c8-c6af6bb9eada/resource/5f536663-9616-4ab6-9261-33ad31cb69b1/download,/api/dataset/f0497727-b2cd-46fa-87c8-c6af6bb9eada/resource/57d0ec75-aaf2-4830-934e-94c71fb968e8/download,/api/dataset/f0497727-b2cd-46fa-87c8-c6af6bb9eada/resource/706068bd-0b6a-4df6-bdaf-3735b7fc54bb/download,/api/dataset/f0497727-b2cd-46fa-87c8-c6af6bb9eada/resource/09528008-e494-4149-bde5-ba1d463e0607/download,/api/dataset/f0497727-b2cd-46fa-87c8-c6af6bb9eada/resource/0d124780-1a92-4521-99bb-f32cb31c1e27/download,/api/dataset/f0497727-b2cd-46fa-87c8-c6af6bb9eada/resource/25cf7f6a-d2a0-48eb-8a4c-2ea64451830c/download,/api/dataset/f0497727-b2cd-46fa-87c8-c6af6bb9eada/resource/871826ac-fd14-49c2-afab-1eecf41ca201/download,/api/dataset/f0497727-b2cd-46fa-87c8-c6af6bb9eada/resource/9beadeb4-2759-4b9a-9444-2130263334ec/download,/api/dataset/f0497727-b2cd-46fa-87c8-c6af6bb9eada/resource/df2f46aa-46b1-4042-8a55-025a4673f9bc/download,/api/dataset/f0497727-b2cd-46fa-87c8-c6af6bb9eada/resource/eb959a12-363c-45c3-b05f-f9e0491dbaaf/download,/api/dataset/f0497727-b2cd-46fa-87c8-c6af6bb9eada/resource/663cf9ff-9138-4b38-adb1-06af8e645a8a/download,/api/dataset/f0497727-b2cd-46fa-87c8-c6af6bb9eada/resource/a9399258-1c56-419e-b691-7ce45a2d00aa/download,/api/dataset/f0497727-b2cd-46fa-87c8-c6af6bb9eada/resource/c5d1cdf9-0a28-4bfe-b70a-383bdd346659/download,/api/dataset/f0497727-b2cd-46fa-87c8-c6af6bb9eada/resource/676d8a0f-abe6-4d89-814f-a8741ba17777/download,/api/dataset/f0497727-b2cd-46fa-87c8-c6af6bb9eada/resource/de0cdafe-6503-4fe6-a6bd-9cdd287e2ca3/download,/api/dataset/f0497727-b2cd-46fa-87c8-c6af6bb9eada/resource/199c4d37-158f-43d2-a26a-eed89b3e0e5e/download,/api/dataset/f0497727-b2cd-46fa-87c8-c6af6bb9eada/resource/19ec7294-9a4d-4ec3-b89e-58c25c1d9861/download,/api/dataset/f0497727-b2cd-46fa-87c8-c6af6bb9eada/resource/ba8e2391-7a5a-43fb-8d3d-df814ad7bca4/download,/api/dataset/f0497727-b2cd-46fa-87c8-c6af6bb9eada/resource/4d1a2794-f952-4614-aafa-c301158b6f48/download,/api/dataset/f0497727-b2cd-46fa-87c8-c6af6bb9eada/resource/0caf704c-1e65-4cf0-a80d-d6661c5ed80a/download,/api/dataset/f0497727-b2cd-46fa-87c8-c6af6bb9eada/resource/c009e233-c665-47ca-926b-981865a4d43f/download,/api/dataset/f0497727-b2cd-46fa-87c8-c6af6bb9eada/resource/06086302-fa32-4e72-85df-1fd892ea77af/download,/api/dataset/f0497727-b2cd-46fa-87c8-c6af6bb9eada/resource/f524116c-f6c7-4674-b0dc-ab8eab198850/download,/api/dataset/f0497727-b2cd-46fa-87c8-c6af6bb9eada/resource/e6526feb-0dd7-4566-9046-7feb60222df9/download,/api/dataset/f0497727-b2cd-46fa-87c8-c6af6bb9eada/resource/e708698a-1a32-42e5-8198-fe981fd3fbc5/download,/api/dataset/f0497727-b2cd-46fa-87c8-c6af6bb9eada/resource/c6d57724-4ac2-455a-8563-2514c7586a93/download,/api/dataset/f0497727-b2cd-46fa-87c8-c6af6bb9eada/resource/e49bbd94-4ba4-4f39-bf96-f8f60022f2e9/download,/api/dataset/f0497727-b2cd-46fa-87c8-c6af6bb9eada/resource/6978d440-466e-42ee-981a-7cf9caae0f2e/download,/api/dataset/f0497727-b2cd-46fa-87c8-c6af6bb9eada/resource/57d9f755-a5a4-437e-a2b1-2dce163de8e2/download,/api/dataset/f0497727-b2cd-46fa-87c8-c6af6bb9eada/resource/159d11aa-3983-4a0d-a40a-8bd594cbab88/download,/api/dataset/f0497727-b2cd-46fa-87c8-c6af6bb9eada/resource/2d9981e7-ce77-4a0f-b371-4b655a218dc2/download,/api/dataset/f0497727-b2cd-46fa-87c8-c6af6bb9eada/resource/eca5a771-2444-4561-9008-46f3265e5e19/download,/api/dataset/f0497727-b2cd-46fa-87c8-c6af6bb9eada/resource/5f74b393-f198-4aeb-af72-b59f51fd513f/download,/api/dataset/f0497727-b2cd-46fa-87c8-c6af6bb9eada/resource/7c1368ec-79df-4675-a0bd-2fac8edf5ee7/download,/api/dataset/f0497727-b2cd-46fa-87c8-c6af6bb9eada/resource/0e197c60-80ad-4a23-a7e0-8e53700bcadf/download,/api/dataset/f0497727-b2cd-46fa-87c8-c6af6bb9eada/resource/8546bbc4-0b83-4ab6-a092-95e8b7a55346/download,/api/dataset/f0497727-b2cd-46fa-87c8-c6af6bb9eada/resource/b2ebfa0e-6e62-48f6-9f9d-4b9a86da0dd5/download,/api/dataset/f0497727-b2cd-46fa-87c8-c6af6bb9eada/resource/6ca0724a-535e-49ad-a7bc-dd53e011ce8f/download,/api/dataset/f0497727-b2cd-46fa-87c8-c6af6bb9eada/resource/8a38aaff-e856-489c-b071-457aab5f390f/download,/api/dataset/f0497727-b2cd-46fa-87c8-c6af6bb9eada/resource/dd25e6a6-2576-4f38-8c4b-9ec119decf07/download,/api/dataset/f0497727-b2cd-46fa-87c8-c6af6bb9eada/resource/5988b5ec-7738-4022-80e3-27cf8a4c5812/download,/api/dataset/f0497727-b2cd-46fa-87c8-c6af6bb9eada/resource/24d6df46-aa52-47b1-9c55-69baaa684e46/download,/api/dataset/f0497727-b2cd-46fa-87c8-c6af6bb9eada/resource/390738f8-c469-45d2-b567-7d9a51fe2c43/download,/api/dataset/f0497727-b2cd-46fa-87c8-c6af6bb9eada/resource/77efbdc4-6e8b-45c4-b5da-d97a307c0268/download,/api/dataset/f0497727-b2cd-46fa-87c8-c6af6bb9eada/resource/bd545040-39c4-4ea4-bf8b-80e1e9357a90/download,/api/dataset/f0497727-b2cd-46fa-87c8-c6af6bb9eada/resource/5b2d3e9e-fff1-418e-8867-3b61ff112814/download,/api/dataset/f0497727-b2cd-46fa-87c8-c6af6bb9eada/resource/9c86aa9a-3016-4a18-965a-1a0219ec0a60/download,/api/dataset/f0497727-b2cd-46fa-87c8-c6af6bb9eada/resource/e188b61f-4282-4e04-b201-f605a19de8ec/download,/api/dataset/f0497727-b2cd-46fa-87c8-c6af6bb9eada/resource/825d0af1-7698-40c1-9517-15c7339d9aa8/download,/api/dataset/f0497727-b2cd-46fa-87c8-c6af6bb9eada/resource/2338601e-d128-4b50-8b7a-9903007cd8a7/download,/api/dataset/f0497727-b2cd-46fa-87c8-c6af6bb9eada/resource/c35468d8-fef9-497c-9ee7-07d2f7ed61ba/download,/api/dataset/f0497727-b2cd-46fa-87c8-c6af6bb9eada/resource/36c70adf-bf31-4d72-9463-00864ab95788/download,/api/dataset/f0497727-b2cd-46fa-87c8-c6af6bb9eada/resource/d16bae74-6a6f-4e03-85e0-9eb8e195da05/download,/api/dataset/f0497727-b2cd-46fa-87c8-c6af6bb9eada/resource/1296eb98-343d-47e3-8ec0-14c84f4029bd/download,/api/dataset/f0497727-b2cd-46fa-87c8-c6af6bb9eada/resource/e97ddef5-efa8-48bf-b20b-c7075e6f0913/download,/api/dataset/f0497727-b2cd-46fa-87c8-c6af6bb9eada/resource/f8ef4aa4-96b8-47d2-bb1d-fb49398113b9/download,/api/dataset/f0497727-b2cd-46fa-87c8-c6af6bb9eada/resource/7236482f-a377-40c5-b034-09b3daf914f0/download,/api/dataset/f0497727-b2cd-46fa-87c8-c6af6bb9eada/resource/93ff3b27-4c00-4853-984c-a930f8372863/download,/api/dataset/f0497727-b2cd-46fa-87c8-c6af6bb9eada/resource/b3a11352-246c-423b-8866-8be5db63b68e/download,/api/dataset/f0497727-b2cd-46fa-87c8-c6af6bb9eada/resource/d13c2c29-0fee-4231-861f-71edc7b40173/download,/api/dataset/f0497727-b2cd-46fa-87c8-c6af6bb9eada/resource/0ec89593-3dc3-46c1-a466-7351a495fe67/download,/api/dataset/f0497727-b2cd-46fa-87c8-c6af6bb9eada/resource/4f337ab5-a488-49f5-bae1-8c0d70e39a9b/download,/api/dataset/f0497727-b2cd-46fa-87c8-c6af6bb9eada/resource/97d6997a-6219-43b1-a345-3409a99955ee/download,/api/dataset/f0497727-b2cd-46fa-87c8-c6af6bb9eada/resource/a0870553-5e5f-4e87-aea5-45e8e40b404d/download,/api/dataset/f0497727-b2cd-46fa-87c8-c6af6bb9eada/resource/1442bbe7-8453-4ff9-a816-409dc705bc03/download,/api/dataset/f0497727-b2cd-46fa-87c8-c6af6bb9eada/resource/c3db4511-4302-413c-9135-20f14ca72866/download,/api/dataset/f0497727-b2cd-46fa-87c8-c6af6bb9eada/resource/f971b9a5-39b3-4eda-b768-dc4fd48633b2/download,/api/dataset/f0497727-b2cd-46fa-87c8-c6af6bb9eada/resource/2601a675-fdca-4280-a6f4-7ba97f97e023/download,/api/dataset/f0497727-b2cd-46fa-87c8-c6af6bb9eada/resource/86716dc1-cad2-4307-b750-9c48ba003f0e/download,/api/dataset/f0497727-b2cd-46fa-87c8-c6af6bb9eada/resource/d5a19167-4a0d-46ed-897f-be90f55fbf26/download,/api/dataset/f0497727-b2cd-46fa-87c8-c6af6bb9eada/resource/5e8e2798-0ba1-4dd4-93af-81ee1fc94a68/download,/api/dataset/f0497727-b2cd-46fa-87c8-c6af6bb9eada/resource/bb4ab3a4-5738-4739-bc0b-1781e3992d82/download,/api/dataset/f0497727-b2cd-46fa-87c8-c6af6bb9eada/resource/caa1eb12-a9aa-44a4-84af-a174a89c2d40/download,/api/dataset/f0497727-b2cd-46fa-87c8-c6af6bb9eada/resource/ac399636-78b3-4d43-b647-f3190809774f/download,/api/dataset/f0497727-b2cd-46fa-87c8-c6af6bb9eada/resource/9bb55011-b5ce-4c8a-90a0-6850beab9f96/download,/api/dataset/f0497727-b2cd-46fa-87c8-c6af6bb9eada/resource/603aeb4c-54a0-493b-9be7-237bb281dcdf/download,/api/dataset/f0497727-b2cd-46fa-87c8-c6af6bb9eada/resource/3d38a7ef-2f08-4e3f-b838-776a623c08c5/download",臺北捷運每月臺北小巨蛋場地租用資訊,廠商、租用起始日、租用結束日、活動名稱、活動類型,智慧通勤:4; 韌性防災:0; 永續環境:0; 食安健康:0; 勞動福祉:0; 文化共融:2
taipei,a43eb27b-e765-42b1-a663-8c563fdf10b4,00000624,臺北小巨蛋廣告租用資訊,智慧通勤,False,True,False,table,通勤地圖與交通壓力分析,False,1,交通,休閒旅遊,原始資料,捷運公司,北捷遊憩公司,捷運公司北捷遊憩公司,每1月,"CSV,CSV,CSV,CSV,CSV,CSV,CSV,CSV,CSV,CSV,CSV,CSV,CSV,CSV,CSV,CSV,CSV,CSV,CSV,CSV,CSV,CSV,CSV,CSV,CSV,CSV,CSV,CSV,CSV,CSV,CSV,CSV,CSV,CSV,CSV,CSV,CSV,CSV,CSV,CSV,CSV,CSV,CSV,CSV,CSV,CSV,CSV,CSV,CSV,CSV,CSV,CSV,CSV,CSV,CSV,CSV,CSV,CSV,CSV,CSV,CSV,CSV,CSV,CSV,CSV,CSV,CSV,CSV,CSV,CSV,CSV,CSV,CSV,CSV,CSV,CSV,CSV,CSV,CSV,CSV,CSV,CSV,CSV,CSV,CSV,CSV,CSV,CSV,CSV,CSV,CSV,CSV,CSV,CSV,CSV,CSV,CSV,CSV,CSV,CSV,CSV,CSV,CSV,CSV,CSV,CSV,CSV,CSV,CSV,CSV,CSV,CSV,CSV,CSV,CSV,CSV,CSV,CSV,CSV,CSV,CSV,CSV,CSV,CSV,CSV,CSV,CSV,CSV,CSV,CSV",中文,2015-07-31T00:00:00,"/api/dataset/a43eb27b-e765-42b1-a663-8c563fdf10b4/resource/4458dd4d-c3e5-478e-8bd2-058c43456806/download,/api/dataset/a43eb27b-e765-42b1-a663-8c563fdf10b4/resource/efb4964a-a0ec-46ed-bbf4-7c89f70e833a/download,/api/dataset/a43eb27b-e765-42b1-a663-8c563fdf10b4/resource/4d7c7f9e-4c65-48f2-8fa6-7e230c72dea3/download,/api/dataset/a43eb27b-e765-42b1-a663-8c563fdf10b4/resource/4fa3bc92-aff8-4d28-a8a4-49ed1d536d4b/download,/api/dataset/a43eb27b-e765-42b1-a663-8c563fdf10b4/resource/c5640533-d74e-4a81-8e30-d80c2c0eea55/download,/api/dataset/a43eb27b-e765-42b1-a663-8c563fdf10b4/resource/dd3d0c92-60f4-4916-937c-494dc8625912/download,/api/dataset/a43eb27b-e765-42b1-a663-8c563fdf10b4/resource/e0d64ab8-451a-44fa-a74e-c2dcfe152b12/download,/api/dataset/a43eb27b-e765-42b1-a663-8c563fdf10b4/resource/9e65842a-d51f-4893-8f96-378901c27360/download,/api/dataset/a43eb27b-e765-42b1-a663-8c563fdf10b4/resource/0507df5a-a9be-489e-8471-9155847c4e23/download,/api/dataset/a43eb27b-e765-42b1-a663-8c563fdf10b4/resource/84cc3918-0cad-4e42-8f3e-e7ade7dbddfa/download,/api/dataset/a43eb27b-e765-42b1-a663-8c563fdf10b4/resource/2fd37741-581f-4f77-bb98-f00ede557365/download,/api/dataset/a43eb27b-e765-42b1-a663-8c563fdf10b4/resource/31193a78-7d12-4517-8b63-df6981561fc2/download,/api/dataset/a43eb27b-e765-42b1-a663-8c563fdf10b4/resource/668f1a94-3701-41cc-9103-e2badfa4d9dc/download,/api/dataset/a43eb27b-e765-42b1-a663-8c563fdf10b4/resource/0bc079ed-042b-4875-a39a-a6eb10095eb7/download,/api/dataset/a43eb27b-e765-42b1-a663-8c563fdf10b4/resource/97795c79-6fef-4eef-a26d-ec07086b2092/download,/api/dataset/a43eb27b-e765-42b1-a663-8c563fdf10b4/resource/84f2a312-9d5e-4195-b3aa-590f476a7fd4/download,/api/dataset/a43eb27b-e765-42b1-a663-8c563fdf10b4/resource/d06169fd-7738-4234-b526-df3492008d1a/download,/api/dataset/a43eb27b-e765-42b1-a663-8c563fdf10b4/resource/bbae89b2-1470-4a05-b585-d0f796b18536/download,/api/dataset/a43eb27b-e765-42b1-a663-8c563fdf10b4/resource/4781ff5b-ef69-4c92-ac7b-0e72ea25284d/download,/api/dataset/a43eb27b-e765-42b1-a663-8c563fdf10b4/resource/5652a211-02ca-4679-afde-9ae6f05885c1/download,/api/dataset/a43eb27b-e765-42b1-a663-8c563fdf10b4/resource/7b112be5-a5aa-4f5e-b927-9b58bb1cedeb/download,/api/dataset/a43eb27b-e765-42b1-a663-8c563fdf10b4/resource/42289987-674c-4f9b-b3ad-dee78bb46077/download,/api/dataset/a43eb27b-e765-42b1-a663-8c563fdf10b4/resource/830679c9-f213-42bb-961b-024c44fbdb00/download,/api/dataset/a43eb27b-e765-42b1-a663-8c563fdf10b4/resource/eff1717b-d34a-4e40-bf12-24a0a08bad3a/download,/api/dataset/a43eb27b-e765-42b1-a663-8c563fdf10b4/resource/74668a8e-b729-4dd7-b7e0-9c801182d4bb/download,/api/dataset/a43eb27b-e765-42b1-a663-8c563fdf10b4/resource/dad977e5-37df-4137-b6c7-e48e155b498f/download,/api/dataset/a43eb27b-e765-42b1-a663-8c563fdf10b4/resource/29e24534-8787-4fa9-8ae8-d8a53461713e/download,/api/dataset/a43eb27b-e765-42b1-a663-8c563fdf10b4/resource/a9f32b85-2ac8-42e0-b85a-132ec39d1c52/download,/api/dataset/a43eb27b-e765-42b1-a663-8c563fdf10b4/resource/98c58f0e-667b-4bf3-948b-8bfd7ce5416c/download,/api/dataset/a43eb27b-e765-42b1-a663-8c563fdf10b4/resource/bbbc5395-1ca6-4144-b877-c365c3f17e76/download,/api/dataset/a43eb27b-e765-42b1-a663-8c563fdf10b4/resource/7ff713e4-c0b6-4aba-83f7-c7cac0c27b2b/download,/api/dataset/a43eb27b-e765-42b1-a663-8c563fdf10b4/resource/6aa3a2e2-b89f-457e-bcf7-baf500821548/download,/api/dataset/a43eb27b-e765-42b1-a663-8c563fdf10b4/resource/c82a65db-fa8d-4e71-8f75-7d196f2ae836/download,/api/dataset/a43eb27b-e765-42b1-a663-8c563fdf10b4/resource/431e4ebb-963a-474e-b4b6-0aa53d256c19/download,/api/dataset/a43eb27b-e765-42b1-a663-8c563fdf10b4/resource/aa0ccba9-aabb-4ee9-86dc-fdf7bb412dbd/download,/api/dataset/a43eb27b-e765-42b1-a663-8c563fdf10b4/resource/9bcbb69b-7fe2-4d03-a295-87b42d7bef18/download,/api/dataset/a43eb27b-e765-42b1-a663-8c563fdf10b4/resource/af3a4db7-2646-4e17-8e1a-92ab191809a4/download,/api/dataset/a43eb27b-e765-42b1-a663-8c563fdf10b4/resource/a6953fdf-3c84-45cf-b5ae-ddc1dcea22d8/download,/api/dataset/a43eb27b-e765-42b1-a663-8c563fdf10b4/resource/4020d708-b766-4368-b66e-eb6dd4b55338/download,/api/dataset/a43eb27b-e765-42b1-a663-8c563fdf10b4/resource/01e342e1-3269-4e8a-93e0-bb477c753e2f/download,/api/dataset/a43eb27b-e765-42b1-a663-8c563fdf10b4/resource/787849e9-2ac4-4076-a7e5-19f557e3ebdf/download,/api/dataset/a43eb27b-e765-42b1-a663-8c563fdf10b4/resource/545bb4fb-0863-4528-96f2-b3262773d08c/download,/api/dataset/a43eb27b-e765-42b1-a663-8c563fdf10b4/resource/1776450e-675a-4de9-949f-76db669a7f48/download,/api/dataset/a43eb27b-e765-42b1-a663-8c563fdf10b4/resource/2126d5a6-3915-43b3-8207-6032237e8b8f/download,/api/dataset/a43eb27b-e765-42b1-a663-8c563fdf10b4/resource/aabd0db8-8545-49fe-ac05-93f7d393b713/download,/api/dataset/a43eb27b-e765-42b1-a663-8c563fdf10b4/resource/4c01cbd2-159d-44fa-b44c-a2c58de489b3/download,/api/dataset/a43eb27b-e765-42b1-a663-8c563fdf10b4/resource/214cacf4-8dff-477e-8393-2f42dc14508a/download,/api/dataset/a43eb27b-e765-42b1-a663-8c563fdf10b4/resource/14761402-3b5a-41d7-96cb-34a3cba52ea3/download,/api/dataset/a43eb27b-e765-42b1-a663-8c563fdf10b4/resource/1cee9e5f-53f9-4277-945b-762c106509d9/download,/api/dataset/a43eb27b-e765-42b1-a663-8c563fdf10b4/resource/89e7e864-07e0-4f3b-bae4-7a5cae9c7e07/download,/api/dataset/a43eb27b-e765-42b1-a663-8c563fdf10b4/resource/bd6a66e3-1c6a-4cff-a9d5-bc8582fcaa23/download,/api/dataset/a43eb27b-e765-42b1-a663-8c563fdf10b4/resource/50f424c3-5962-4abd-9d4e-adf9577abe2e/download,/api/dataset/a43eb27b-e765-42b1-a663-8c563fdf10b4/resource/ab72c78e-325c-43fa-8471-0b272983693a/download,/api/dataset/a43eb27b-e765-42b1-a663-8c563fdf10b4/resource/216da8bb-03c3-4a17-b7bb-ce0253bb8837/download,/api/dataset/a43eb27b-e765-42b1-a663-8c563fdf10b4/resource/d305143b-08e9-4766-b0fe-5a285f8caeaf/download,/api/dataset/a43eb27b-e765-42b1-a663-8c563fdf10b4/resource/e73c1fdd-d65c-4152-b779-2bf3490783c0/download,/api/dataset/a43eb27b-e765-42b1-a663-8c563fdf10b4/resource/ae9d3b0d-6097-49a0-9ade-5a903dcf80f3/download,/api/dataset/a43eb27b-e765-42b1-a663-8c563fdf10b4/resource/2c408f42-8b48-4ad3-9e34-681d2ec9e7bd/download,/api/dataset/a43eb27b-e765-42b1-a663-8c563fdf10b4/resource/9513529f-3e55-4d35-bea6-acfd4c3b603c/download,/api/dataset/a43eb27b-e765-42b1-a663-8c563fdf10b4/resource/44f615c7-d5a7-4df0-9b7f-4c90c40491b4/download,/api/dataset/a43eb27b-e765-42b1-a663-8c563fdf10b4/resource/f51c9c60-58cb-4ca1-ade1-b5b516ce4279/download,/api/dataset/a43eb27b-e765-42b1-a663-8c563fdf10b4/resource/439e8b56-3266-4464-be73-8bbd6dc2190c/download,/api/dataset/a43eb27b-e765-42b1-a663-8c563fdf10b4/resource/d0aef2f1-d66b-4da2-9b57-750f135662a5/download,/api/dataset/a43eb27b-e765-42b1-a663-8c563fdf10b4/resource/94f44ea2-ba09-4662-85ec-18f4ed09c2b1/download,/api/dataset/a43eb27b-e765-42b1-a663-8c563fdf10b4/resource/b6ea2b91-2d5b-476b-8b16-5a696f3659bb/download,/api/dataset/a43eb27b-e765-42b1-a663-8c563fdf10b4/resource/06d7cb37-f8fc-4b3c-9737-699478b7c0ea/download,/api/dataset/a43eb27b-e765-42b1-a663-8c563fdf10b4/resource/fa394952-024d-4437-a5c8-cc2c8c095659/download,/api/dataset/a43eb27b-e765-42b1-a663-8c563fdf10b4/resource/910e0369-e203-4268-a496-7e3ccebc7193/download,/api/dataset/a43eb27b-e765-42b1-a663-8c563fdf10b4/resource/46dfaf87-87d1-4000-8ba9-c1ab31d1df82/download,/api/dataset/a43eb27b-e765-42b1-a663-8c563fdf10b4/resource/b6a41608-0fed-4e9a-be56-ce06703bd923/download,/api/dataset/a43eb27b-e765-42b1-a663-8c563fdf10b4/resource/85694aec-b07a-4fae-a29f-a09f897bb038/download,/api/dataset/a43eb27b-e765-42b1-a663-8c563fdf10b4/resource/75373416-e6fd-42f8-aac4-57b5bbb7323c/download,/api/dataset/a43eb27b-e765-42b1-a663-8c563fdf10b4/resource/ef8bb941-c531-4e9e-a568-d30eba53c7d5/download,/api/dataset/a43eb27b-e765-42b1-a663-8c563fdf10b4/resource/ab59a31e-d0ca-422c-8cf9-a7e7a9d6441e/download,/api/dataset/a43eb27b-e765-42b1-a663-8c563fdf10b4/resource/2c6d9c4a-357d-4336-a01a-4e737b8a833b/download,/api/dataset/a43eb27b-e765-42b1-a663-8c563fdf10b4/resource/4b3f1d27-eed8-42a9-8393-f0a47e678dfc/download,/api/dataset/a43eb27b-e765-42b1-a663-8c563fdf10b4/resource/408dec72-faf0-4109-9973-715ef8a413d1/download,/api/dataset/a43eb27b-e765-42b1-a663-8c563fdf10b4/resource/2bd488e8-7674-4f29-a1f3-de8c9dce50ea/download,/api/dataset/a43eb27b-e765-42b1-a663-8c563fdf10b4/resource/eb759335-cc43-4e4f-aa1e-7f5f54706c19/download,/api/dataset/a43eb27b-e765-42b1-a663-8c563fdf10b4/resource/c2f43464-5a9c-42da-aa32-17f02f89fed4/download,/api/dataset/a43eb27b-e765-42b1-a663-8c563fdf10b4/resource/0116000f-44b8-4e7a-81fa-0db890c382e0/download,/api/dataset/a43eb27b-e765-42b1-a663-8c563fdf10b4/resource/aca57c82-908e-4c19-9aa0-d6d9533be567/download,/api/dataset/a43eb27b-e765-42b1-a663-8c563fdf10b4/resource/b5d9e989-ff52-4fe4-bd32-200d68dd2058/download,/api/dataset/a43eb27b-e765-42b1-a663-8c563fdf10b4/resource/708c58d6-eed6-40a6-8917-d8185a24006f/download,/api/dataset/a43eb27b-e765-42b1-a663-8c563fdf10b4/resource/e3f15b7c-95a7-41a1-8f69-cbf07bbe2372/download,/api/dataset/a43eb27b-e765-42b1-a663-8c563fdf10b4/resource/e93c0a75-6563-4404-9c46-c8ca59159a75/download,/api/dataset/a43eb27b-e765-42b1-a663-8c563fdf10b4/resource/129a868d-8f76-4fb6-b963-ca9f3cd396f2/download,/api/dataset/a43eb27b-e765-42b1-a663-8c563fdf10b4/resource/aa03648f-f9b3-47dd-b8ad-87331bf15223/download,/api/dataset/a43eb27b-e765-42b1-a663-8c563fdf10b4/resource/b7ed0612-11ef-456f-bae6-6171659f9262/download,/api/dataset/a43eb27b-e765-42b1-a663-8c563fdf10b4/resource/775e7b2a-efa7-423f-8d80-967d37ccf032/download,/api/dataset/a43eb27b-e765-42b1-a663-8c563fdf10b4/resource/b0a10646-bd80-469c-a482-9ee7bbbe042a/download,/api/dataset/a43eb27b-e765-42b1-a663-8c563fdf10b4/resource/aecf45c8-eca5-48f3-962b-14859c88d667/download,/api/dataset/a43eb27b-e765-42b1-a663-8c563fdf10b4/resource/7665b274-6a64-4a66-aa9e-ba3059cde05d/download,/api/dataset/a43eb27b-e765-42b1-a663-8c563fdf10b4/resource/bd4bfad6-f815-496c-879d-08b83487e11c/download,/api/dataset/a43eb27b-e765-42b1-a663-8c563fdf10b4/resource/f97ba1bd-c932-4db5-b326-95e7082cfbf3/download,/api/dataset/a43eb27b-e765-42b1-a663-8c563fdf10b4/resource/fcb9e1e4-b2ef-4522-8ea1-bb8b5a9fc3f9/download,/api/dataset/a43eb27b-e765-42b1-a663-8c563fdf10b4/resource/97bda0b0-17f3-420d-a7af-9a3daf8b8964/download,/api/dataset/a43eb27b-e765-42b1-a663-8c563fdf10b4/resource/e8d20a12-dde9-4c14-97ad-a47fc46aa392/download,/api/dataset/a43eb27b-e765-42b1-a663-8c563fdf10b4/resource/03bfea07-ebd4-4c68-bdad-72f4feb7514e/download,/api/dataset/a43eb27b-e765-42b1-a663-8c563fdf10b4/resource/3afa62d7-25e4-4c01-b414-25e94c04d855/download,/api/dataset/a43eb27b-e765-42b1-a663-8c563fdf10b4/resource/cb006b0d-1cc5-4191-b57d-e161375e37a1/download,/api/dataset/a43eb27b-e765-42b1-a663-8c563fdf10b4/resource/c2d490d2-bc78-4e67-80d8-6e5cd9ba72fa/download,/api/dataset/a43eb27b-e765-42b1-a663-8c563fdf10b4/resource/a7a63b9a-386c-421f-9290-f06169e8e804/download,/api/dataset/a43eb27b-e765-42b1-a663-8c563fdf10b4/resource/8e23d6a5-ea1e-409a-9bf0-128ddca252db/download,/api/dataset/a43eb27b-e765-42b1-a663-8c563fdf10b4/resource/e26cfa7f-1303-49dc-b697-326843b94315/download,/api/dataset/a43eb27b-e765-42b1-a663-8c563fdf10b4/resource/894e56e4-ff67-4366-98c4-e0b452b4139a/download,/api/dataset/a43eb27b-e765-42b1-a663-8c563fdf10b4/resource/3b94cb42-b678-431b-90ab-cd2f65a721ee/download,/api/dataset/a43eb27b-e765-42b1-a663-8c563fdf10b4/resource/cfdd4945-e48b-4006-ab5f-23493006043c/download,/api/dataset/a43eb27b-e765-42b1-a663-8c563fdf10b4/resource/5f0014bc-bcca-4b94-8509-51211a12da89/download,/api/dataset/a43eb27b-e765-42b1-a663-8c563fdf10b4/resource/b5fdeeb1-21a6-46ee-8fb9-56bafc2b0a0b/download,/api/dataset/a43eb27b-e765-42b1-a663-8c563fdf10b4/resource/cbd7e052-7ca4-4c88-b251-5de10f9a84db/download,/api/dataset/a43eb27b-e765-42b1-a663-8c563fdf10b4/resource/b26e393f-0341-48c7-a07f-1c6682834e19/download,/api/dataset/a43eb27b-e765-42b1-a663-8c563fdf10b4/resource/0947ba78-514b-45aa-8283-b941244b1898/download,/api/dataset/a43eb27b-e765-42b1-a663-8c563fdf10b4/resource/de59b788-7985-4c12-a222-179a198234bf/download,/api/dataset/a43eb27b-e765-42b1-a663-8c563fdf10b4/resource/ac00a217-a036-4162-ac95-eefd498947a4/download,/api/dataset/a43eb27b-e765-42b1-a663-8c563fdf10b4/resource/d4d57f43-7fcb-4231-9ef5-ed3446b4c9ff/download,/api/dataset/a43eb27b-e765-42b1-a663-8c563fdf10b4/resource/5cb7d2a0-2f24-40b7-80eb-6e448daee81f/download,/api/dataset/a43eb27b-e765-42b1-a663-8c563fdf10b4/resource/5587a4cb-d097-4bba-9d5e-88ecfb0eeefd/download,/api/dataset/a43eb27b-e765-42b1-a663-8c563fdf10b4/resource/d928568c-435f-4931-9f3f-1c5af81ee715/download,/api/dataset/a43eb27b-e765-42b1-a663-8c563fdf10b4/resource/e1239bf1-4ffc-4682-9eb2-862d23b85559/download,/api/dataset/a43eb27b-e765-42b1-a663-8c563fdf10b4/resource/695ebb08-7e8a-4c76-a2bb-781458138382/download,/api/dataset/a43eb27b-e765-42b1-a663-8c563fdf10b4/resource/fd968520-38d4-40c3-97b6-4e079fc0d87a/download,/api/dataset/a43eb27b-e765-42b1-a663-8c563fdf10b4/resource/f46670cb-b639-48eb-803a-e57f0edfb84f/download,/api/dataset/a43eb27b-e765-42b1-a663-8c563fdf10b4/resource/1a8107c0-a9ac-4413-acc7-2188c9a6b6bb/download,/api/dataset/a43eb27b-e765-42b1-a663-8c563fdf10b4/resource/b3ae6e5a-672d-45a4-9017-dd9aec187c4b/download,/api/dataset/a43eb27b-e765-42b1-a663-8c563fdf10b4/resource/1d1cc220-aaf4-45fb-9f55-508f88873245/download,/api/dataset/a43eb27b-e765-42b1-a663-8c563fdf10b4/resource/923e103c-b9bf-42ec-b32b-c7f5fea439af/download,/api/dataset/a43eb27b-e765-42b1-a663-8c563fdf10b4/resource/240ad768-7190-40a9-8348-84df8d8eff43/download,/api/dataset/a43eb27b-e765-42b1-a663-8c563fdf10b4/resource/c3ad743f-d80b-4361-9863-0506b8c6377e/download,/api/dataset/a43eb27b-e765-42b1-a663-8c563fdf10b4/resource/e49cd9a4-248d-4467-af47-39fdc4d0b03d/download",臺北捷運每月臺北小巨蛋廣告租用資訊,廠商、租用起始日、租用結束日、活動名稱、租用項目,智慧通勤:4; 韌性防災:0; 永續環境:0; 食安健康:0; 勞動福祉:0; 文化共融:2
taipei,bcf11ef9-9855-4ee3-8750-ca3df5aaf6c4,00000625,臺北小巨蛋廣場租用資訊,智慧通勤,False,True,False,table,通勤地圖與交通壓力分析,False,1,交通,休閒旅遊,原始資料,捷運公司,北捷遊憩公司,捷運公司北捷遊憩公司,每1月,"CSV,CSV,CSV,CSV,CSV,CSV,CSV,CSV,CSV,CSV,CSV,CSV,CSV,CSV,CSV,CSV,CSV,CSV,CSV,CSV,CSV,CSV,CSV,CSV,CSV,CSV,CSV,CSV,CSV,CSV,CSV,CSV,CSV,CSV,CSV,CSV,CSV,CSV,CSV,CSV,CSV,CSV,CSV,CSV,CSV,CSV,CSV,CSV,CSV,CSV,CSV,CSV,CSV,CSV,CSV,CSV,CSV,CSV,CSV,CSV,CSV,CSV,CSV,CSV,CSV,CSV,CSV,CSV,CSV,CSV,CSV,CSV,CSV,CSV,CSV,CSV,CSV,CSV,CSV,CSV,CSV,CSV,CSV,CSV,CSV,CSV,CSV,CSV,CSV,CSV,CSV,CSV,CSV,CSV,CSV,CSV,CSV,CSV,CSV,CSV,CSV,CSV,CSV,CSV,CSV,CSV,CSV,CSV,CSV,CSV,CSV,CSV,CSV,CSV,CSV,CSV,CSV,CSV,CSV,CSV,CSV,CSV,CSV,CSV,CSV,CSV,CSV,CSV,CSV,CSV,CSV",中文,2015-07-31T00:00:00,"/api/dataset/bcf11ef9-9855-4ee3-8750-ca3df5aaf6c4/resource/841be768-4fca-4b7d-b8c6-c5c917fa7d27/download,/api/dataset/bcf11ef9-9855-4ee3-8750-ca3df5aaf6c4/resource/00ea843e-ad95-4237-9f5f-c74fd0b43246/download,/api/dataset/bcf11ef9-9855-4ee3-8750-ca3df5aaf6c4/resource/72370ac1-9448-495f-b4cf-c302cbfaa8b8/download,/api/dataset/bcf11ef9-9855-4ee3-8750-ca3df5aaf6c4/resource/e3c1d1a1-00fb-4e92-a8cd-697e7934a9d7/download,/api/dataset/bcf11ef9-9855-4ee3-8750-ca3df5aaf6c4/resource/e0fc350b-372f-4fc8-a686-1231cbdd4269/download,/api/dataset/bcf11ef9-9855-4ee3-8750-ca3df5aaf6c4/resource/7a8d671f-15c5-4f4f-9137-01f1b6e606f7/download,/api/dataset/bcf11ef9-9855-4ee3-8750-ca3df5aaf6c4/resource/c8fd8410-70cd-47d9-add6-551492e9c53b/download,/api/dataset/bcf11ef9-9855-4ee3-8750-ca3df5aaf6c4/resource/da82c657-8182-4372-abb1-bb96a5a68653/download,/api/dataset/bcf11ef9-9855-4ee3-8750-ca3df5aaf6c4/resource/3cb1902d-a312-4537-890e-f323bf28cfb1/download,/api/dataset/bcf11ef9-9855-4ee3-8750-ca3df5aaf6c4/resource/64eb8ef0-6391-4905-a3f1-f104c50e6f34/download,/api/dataset/bcf11ef9-9855-4ee3-8750-ca3df5aaf6c4/resource/7f801d69-8226-4b6b-9195-014cb4c11f12/download,/api/dataset/bcf11ef9-9855-4ee3-8750-ca3df5aaf6c4/resource/0eeaa701-2e5c-4d3d-becd-d9eb2fb2e253/download,/api/dataset/bcf11ef9-9855-4ee3-8750-ca3df5aaf6c4/resource/c71e88b3-ad56-4c4a-b1b9-9fec24f12b23/download,/api/dataset/bcf11ef9-9855-4ee3-8750-ca3df5aaf6c4/resource/ef9ff00b-c232-40ae-9ca9-bbdcb23c7905/download,/api/dataset/bcf11ef9-9855-4ee3-8750-ca3df5aaf6c4/resource/d91bbbc5-76c2-43b4-bf93-738ab1d8b80d/download,/api/dataset/bcf11ef9-9855-4ee3-8750-ca3df5aaf6c4/resource/069469af-814e-42d0-ae9c-db889e8e8399/download,/api/dataset/bcf11ef9-9855-4ee3-8750-ca3df5aaf6c4/resource/40d6cc2f-959e-429d-9f4a-b213c3d9b278/download,/api/dataset/bcf11ef9-9855-4ee3-8750-ca3df5aaf6c4/resource/66c57eae-6210-47a1-bea0-d1b889a8127d/download,/api/dataset/bcf11ef9-9855-4ee3-8750-ca3df5aaf6c4/resource/ecc68a46-8683-4b5f-9034-976fa7d561bb/download,/api/dataset/bcf11ef9-9855-4ee3-8750-ca3df5aaf6c4/resource/8c12c29f-57e7-4248-86da-df7e1947f7d4/download,/api/dataset/bcf11ef9-9855-4ee3-8750-ca3df5aaf6c4/resource/5704b5d0-252b-4b3d-af91-17317eb1e8f8/download,/api/dataset/bcf11ef9-9855-4ee3-8750-ca3df5aaf6c4/resource/eb7bac45-79e4-4361-97e7-d6494d26d5eb/download,/api/dataset/bcf11ef9-9855-4ee3-8750-ca3df5aaf6c4/resource/690b70df-c327-4a12-aa64-62b59e9c3efd/download,/api/dataset/bcf11ef9-9855-4ee3-8750-ca3df5aaf6c4/resource/cebff1af-514a-4d61-b96b-e6b00f15d32e/download,/api/dataset/bcf11ef9-9855-4ee3-8750-ca3df5aaf6c4/resource/0a4bf566-993c-4201-9245-f0c747ddd646/download,/api/dataset/bcf11ef9-9855-4ee3-8750-ca3df5aaf6c4/resource/75c7457a-cc72-453e-beb9-963f6ffcd120/download,/api/dataset/bcf11ef9-9855-4ee3-8750-ca3df5aaf6c4/resource/4a97ad03-129a-48a7-bf88-261323864112/download,/api/dataset/bcf11ef9-9855-4ee3-8750-ca3df5aaf6c4/resource/7a3acfdb-6954-421d-815d-a631ae065873/download,/api/dataset/bcf11ef9-9855-4ee3-8750-ca3df5aaf6c4/resource/392e00a4-ffe7-4433-885a-d3bac6f73083/download,/api/dataset/bcf11ef9-9855-4ee3-8750-ca3df5aaf6c4/resource/e8e6b241-79be-499b-b882-24270bea25d2/download,/api/dataset/bcf11ef9-9855-4ee3-8750-ca3df5aaf6c4/resource/85dc45bd-c0da-4f8f-96ed-f49db2d3b7f8/download,/api/dataset/bcf11ef9-9855-4ee3-8750-ca3df5aaf6c4/resource/245435f0-5c46-4285-93c0-b33846ab1e9e/download,/api/dataset/bcf11ef9-9855-4ee3-8750-ca3df5aaf6c4/resource/6c36f471-c335-489a-bde7-c5397e558181/download,/api/dataset/bcf11ef9-9855-4ee3-8750-ca3df5aaf6c4/resource/210193ed-fcee-43e9-8cde-4ada5564726a/download,/api/dataset/bcf11ef9-9855-4ee3-8750-ca3df5aaf6c4/resource/75525924-e619-47e9-97e8-ee427c5526ef/download,/api/dataset/bcf11ef9-9855-4ee3-8750-ca3df5aaf6c4/resource/37f0a4e3-23f1-4eed-9e09-bbfbf6689a5b/download,/api/dataset/bcf11ef9-9855-4ee3-8750-ca3df5aaf6c4/resource/a1647b6a-efdf-46ee-aa58-9a34cdaad305/download,/api/dataset/bcf11ef9-9855-4ee3-8750-ca3df5aaf6c4/resource/cf3ea29a-b3cd-4a86-a49c-33593c246ac0/download,/api/dataset/bcf11ef9-9855-4ee3-8750-ca3df5aaf6c4/resource/eb1ee749-1934-45f1-b52d-c5013fbbdca6/download,/api/dataset/bcf11ef9-9855-4ee3-8750-ca3df5aaf6c4/resource/9ffa8664-d7ca-4f2e-8ff7-8f85ea3262e3/download,/api/dataset/bcf11ef9-9855-4ee3-8750-ca3df5aaf6c4/resource/b2424ce6-d75a-40ce-9bab-b0466a398148/download,/api/dataset/bcf11ef9-9855-4ee3-8750-ca3df5aaf6c4/resource/0f88afa5-1aae-4d68-9049-8e0f35de1c2f/download,/api/dataset/bcf11ef9-9855-4ee3-8750-ca3df5aaf6c4/resource/1bad6829-4ff5-4cde-86d2-84cc375df10b/download,/api/dataset/bcf11ef9-9855-4ee3-8750-ca3df5aaf6c4/resource/961558e6-d9cd-4b18-94f7-38d75544f9c5/download,/api/dataset/bcf11ef9-9855-4ee3-8750-ca3df5aaf6c4/resource/8b17d44b-e934-49d7-b188-b8debc69a1c4/download,/api/dataset/bcf11ef9-9855-4ee3-8750-ca3df5aaf6c4/resource/cb2c6f3a-cd83-4aa4-a503-799d8df08ed7/download,/api/dataset/bcf11ef9-9855-4ee3-8750-ca3df5aaf6c4/resource/32786c32-aca3-41a3-9f78-afe05d15fae3/download,/api/dataset/bcf11ef9-9855-4ee3-8750-ca3df5aaf6c4/resource/2174e6fe-0fe9-49d2-b9f3-cbb2505befa7/download,/api/dataset/bcf11ef9-9855-4ee3-8750-ca3df5aaf6c4/resource/2a0c29cd-c2e6-4fb4-a803-d51f54b49f25/download,/api/dataset/bcf11ef9-9855-4ee3-8750-ca3df5aaf6c4/resource/beff6ef7-cdb3-4001-be8a-2791e401ce22/download,/api/dataset/bcf11ef9-9855-4ee3-8750-ca3df5aaf6c4/resource/5677f93c-7588-4c9b-9bfb-c27ba1cf8d13/download,/api/dataset/bcf11ef9-9855-4ee3-8750-ca3df5aaf6c4/resource/35dcd5ae-44c8-4865-a736-7a34e8c21b43/download,/api/dataset/bcf11ef9-9855-4ee3-8750-ca3df5aaf6c4/resource/621457ba-a4e1-4414-a22b-164b52c83561/download,/api/dataset/bcf11ef9-9855-4ee3-8750-ca3df5aaf6c4/resource/f204f59c-353a-4048-84bc-87f7eef26e6d/download,/api/dataset/bcf11ef9-9855-4ee3-8750-ca3df5aaf6c4/resource/b83dcc64-1854-448b-a141-c3d96f92fc91/download,/api/dataset/bcf11ef9-9855-4ee3-8750-ca3df5aaf6c4/resource/b4b8ddc1-b35f-4180-9950-178234eaae4a/download,/api/dataset/bcf11ef9-9855-4ee3-8750-ca3df5aaf6c4/resource/1a732942-8d2a-4669-8712-b81bcbcf63c2/download,/api/dataset/bcf11ef9-9855-4ee3-8750-ca3df5aaf6c4/resource/f3cc6e4b-6f37-44ee-9bf8-9a6dbec9cf99/download,/api/dataset/bcf11ef9-9855-4ee3-8750-ca3df5aaf6c4/resource/a47ec9d9-de6b-4bff-bbc4-6253755dd510/download,/api/dataset/bcf11ef9-9855-4ee3-8750-ca3df5aaf6c4/resource/100fdc84-b6f0-4f68-907b-0d16619ebe29/download,/api/dataset/bcf11ef9-9855-4ee3-8750-ca3df5aaf6c4/resource/3e6c5a05-f4ec-4737-970c-378e363d19b1/download,/api/dataset/bcf11ef9-9855-4ee3-8750-ca3df5aaf6c4/resource/02ff62ee-4115-45c4-be56-e407efa8f74a/download,/api/dataset/bcf11ef9-9855-4ee3-8750-ca3df5aaf6c4/resource/96f49d4d-4ceb-433a-9293-0ac359f52e6b/download,/api/dataset/bcf11ef9-9855-4ee3-8750-ca3df5aaf6c4/resource/7f299af5-2e6f-4aaf-af79-0796ba8c3eaf/download,/api/dataset/bcf11ef9-9855-4ee3-8750-ca3df5aaf6c4/resource/dad75d04-fef5-4b53-af2a-537e11f26203/download,/api/dataset/bcf11ef9-9855-4ee3-8750-ca3df5aaf6c4/resource/db2ce386-f895-4804-be6a-47eff1f06f72/download,/api/dataset/bcf11ef9-9855-4ee3-8750-ca3df5aaf6c4/resource/a178a4f3-179a-4778-b8ae-c3cb77826b3e/download,/api/dataset/bcf11ef9-9855-4ee3-8750-ca3df5aaf6c4/resource/860d57f5-5fc2-4083-bffb-4bbcdbf92580/download,/api/dataset/bcf11ef9-9855-4ee3-8750-ca3df5aaf6c4/resource/1524394c-7485-4549-b0cc-e7ec25dc7563/download,/api/dataset/bcf11ef9-9855-4ee3-8750-ca3df5aaf6c4/resource/105564f8-79fd-4268-83e3-0554e3777fbb/download,/api/dataset/bcf11ef9-9855-4ee3-8750-ca3df5aaf6c4/resource/8c9aa747-8d84-46f6-925d-b9a8e05c708d/download,/api/dataset/bcf11ef9-9855-4ee3-8750-ca3df5aaf6c4/resource/81fbc56e-1847-4b14-a896-4293f1b9a852/download,/api/dataset/bcf11ef9-9855-4ee3-8750-ca3df5aaf6c4/resource/fe105ebd-cc39-4e9f-b8fb-b9118446ada6/download,/api/dataset/bcf11ef9-9855-4ee3-8750-ca3df5aaf6c4/resource/c6a93729-a68b-43a4-a7e6-728d5320d694/download,/api/dataset/bcf11ef9-9855-4ee3-8750-ca3df5aaf6c4/resource/1950d916-e5d1-4a47-84e4-debc05a4f552/download,/api/dataset/bcf11ef9-9855-4ee3-8750-ca3df5aaf6c4/resource/403d8fd4-b576-4667-924a-3d020c2c05e3/download,/api/dataset/bcf11ef9-9855-4ee3-8750-ca3df5aaf6c4/resource/4a192785-308f-42d1-92a6-7fd66f107b37/download,/api/dataset/bcf11ef9-9855-4ee3-8750-ca3df5aaf6c4/resource/d7af6773-ad51-47e5-8864-80dfd0f95d55/download,/api/dataset/bcf11ef9-9855-4ee3-8750-ca3df5aaf6c4/resource/94f647a7-49df-400a-b8dd-a82302492e29/download,/api/dataset/bcf11ef9-9855-4ee3-8750-ca3df5aaf6c4/resource/84829a26-40fe-4082-b832-39a1b0257282/download,/api/dataset/bcf11ef9-9855-4ee3-8750-ca3df5aaf6c4/resource/8797ba67-69de-4f54-a657-aa73778ce18b/download,/api/dataset/bcf11ef9-9855-4ee3-8750-ca3df5aaf6c4/resource/4d30a89b-348e-4f8e-ae0b-a9458ad60b8d/download,/api/dataset/bcf11ef9-9855-4ee3-8750-ca3df5aaf6c4/resource/84d6da89-e8a5-4b33-80dc-32e19c09ffa7/download,/api/dataset/bcf11ef9-9855-4ee3-8750-ca3df5aaf6c4/resource/0eaec419-4dec-47b8-94b9-c2c7dfb0baf6/download,/api/dataset/bcf11ef9-9855-4ee3-8750-ca3df5aaf6c4/resource/b32fabdb-0016-467a-81ba-800a1911ad31/download,/api/dataset/bcf11ef9-9855-4ee3-8750-ca3df5aaf6c4/resource/13d5f267-aaf3-4212-9062-c7ba2e051518/download,/api/dataset/bcf11ef9-9855-4ee3-8750-ca3df5aaf6c4/resource/c7082e2c-18d6-4d5e-9e9a-4f4d1a74a3e5/download,/api/dataset/bcf11ef9-9855-4ee3-8750-ca3df5aaf6c4/resource/b2a4197f-3a9c-4f67-af32-07b9f1f9eefc/download,/api/dataset/bcf11ef9-9855-4ee3-8750-ca3df5aaf6c4/resource/6653bc9e-27b2-4673-9dbb-7a57766588c4/download,/api/dataset/bcf11ef9-9855-4ee3-8750-ca3df5aaf6c4/resource/d68aeaa5-1e2e-41d6-87f8-aafafecc19dc/download,/api/dataset/bcf11ef9-9855-4ee3-8750-ca3df5aaf6c4/resource/46596544-e7e1-439d-ba00-b0b774c43255/download,/api/dataset/bcf11ef9-9855-4ee3-8750-ca3df5aaf6c4/resource/a2e74e2a-7273-48c9-87c5-1691c32a4392/download,/api/dataset/bcf11ef9-9855-4ee3-8750-ca3df5aaf6c4/resource/9a4db258-acfa-49bd-8730-8981a9833e21/download,/api/dataset/bcf11ef9-9855-4ee3-8750-ca3df5aaf6c4/resource/33eb7658-a808-4a13-9ac1-d6350ef52ef8/download,/api/dataset/bcf11ef9-9855-4ee3-8750-ca3df5aaf6c4/resource/fe0ee1b1-2377-4ae8-b03d-b40cdf676ab3/download,/api/dataset/bcf11ef9-9855-4ee3-8750-ca3df5aaf6c4/resource/82502e44-466e-44c7-a65d-a62bbecd779d/download,/api/dataset/bcf11ef9-9855-4ee3-8750-ca3df5aaf6c4/resource/34ecb52f-b945-4058-b934-5028af3561a1/download,/api/dataset/bcf11ef9-9855-4ee3-8750-ca3df5aaf6c4/resource/090cba40-7549-411e-b046-61f408b5dc01/download,/api/dataset/bcf11ef9-9855-4ee3-8750-ca3df5aaf6c4/resource/f6ecbfd1-718c-4fbf-a710-a9eca6134bd2/download,/api/dataset/bcf11ef9-9855-4ee3-8750-ca3df5aaf6c4/resource/68864515-7a59-4edc-9bee-fe6b8b002df1/download,/api/dataset/bcf11ef9-9855-4ee3-8750-ca3df5aaf6c4/resource/73d5067f-6287-4084-9706-25c9179fe73d/download,/api/dataset/bcf11ef9-9855-4ee3-8750-ca3df5aaf6c4/resource/06dfd176-1767-4fd8-925f-f2e353c299d9/download,/api/dataset/bcf11ef9-9855-4ee3-8750-ca3df5aaf6c4/resource/9150e911-f8cd-4a87-8c2d-6aed477ad949/download,/api/dataset/bcf11ef9-9855-4ee3-8750-ca3df5aaf6c4/resource/358ef58c-799b-429f-b3a5-588e443844fe/download,/api/dataset/bcf11ef9-9855-4ee3-8750-ca3df5aaf6c4/resource/21116617-4d54-4353-81de-a62bec2b5d22/download,/api/dataset/bcf11ef9-9855-4ee3-8750-ca3df5aaf6c4/resource/42df5d76-4568-432a-889b-68d2e3ac80da/download,/api/dataset/bcf11ef9-9855-4ee3-8750-ca3df5aaf6c4/resource/b85bbda3-f9e2-486a-9575-33743652a7ef/download,/api/dataset/bcf11ef9-9855-4ee3-8750-ca3df5aaf6c4/resource/2b7d56ed-4b1e-4825-a5b8-cbeeca33d737/download,/api/dataset/bcf11ef9-9855-4ee3-8750-ca3df5aaf6c4/resource/6f898da1-1c3f-42f5-9992-872c9f9155b5/download,/api/dataset/bcf11ef9-9855-4ee3-8750-ca3df5aaf6c4/resource/344b7e41-7a67-4276-9f4d-8b136c411bad/download,/api/dataset/bcf11ef9-9855-4ee3-8750-ca3df5aaf6c4/resource/9eca3139-c6b9-4e55-8714-1e54834b9652/download,/api/dataset/bcf11ef9-9855-4ee3-8750-ca3df5aaf6c4/resource/b9bd8a7e-5c34-48b5-aae9-e34b8f85772a/download,/api/dataset/bcf11ef9-9855-4ee3-8750-ca3df5aaf6c4/resource/b87a76b9-a478-44fe-9d6f-36534a60c7d7/download,/api/dataset/bcf11ef9-9855-4ee3-8750-ca3df5aaf6c4/resource/bff045b9-6706-42e8-ab96-edae94ed87f6/download,/api/dataset/bcf11ef9-9855-4ee3-8750-ca3df5aaf6c4/resource/a76f0dec-f3af-4d04-a7a7-c94b9796f461/download,/api/dataset/bcf11ef9-9855-4ee3-8750-ca3df5aaf6c4/resource/22cd28f2-b2f9-4514-b332-66d1c6694ada/download,/api/dataset/bcf11ef9-9855-4ee3-8750-ca3df5aaf6c4/resource/0cfc6073-8be4-4ed2-9abd-6b7eee153a1c/download,/api/dataset/bcf11ef9-9855-4ee3-8750-ca3df5aaf6c4/resource/15e8f1f2-f10b-41d5-9036-39ed6a895cb0/download,/api/dataset/bcf11ef9-9855-4ee3-8750-ca3df5aaf6c4/resource/52cb61c5-9b57-49e4-96f1-7da4029e1d21/download,/api/dataset/bcf11ef9-9855-4ee3-8750-ca3df5aaf6c4/resource/ceaa0615-da9c-45b5-97a0-92803f60fc22/download,/api/dataset/bcf11ef9-9855-4ee3-8750-ca3df5aaf6c4/resource/6c3fedb3-df33-42a8-a15f-7c12d36d11d5/download,/api/dataset/bcf11ef9-9855-4ee3-8750-ca3df5aaf6c4/resource/8519c2b7-6b68-450a-8977-81f337592bcc/download,/api/dataset/bcf11ef9-9855-4ee3-8750-ca3df5aaf6c4/resource/31c43545-a8dc-4599-b4e8-7c622bca71b7/download,/api/dataset/bcf11ef9-9855-4ee3-8750-ca3df5aaf6c4/resource/e8ed5153-2a79-4803-8f8d-c3afcdbe8d0f/download,/api/dataset/bcf11ef9-9855-4ee3-8750-ca3df5aaf6c4/resource/590203eb-05db-47b7-b0bd-8de147a8651a/download,/api/dataset/bcf11ef9-9855-4ee3-8750-ca3df5aaf6c4/resource/0c76aa49-83da-41bb-a114-d42c1262de5f/download,/api/dataset/bcf11ef9-9855-4ee3-8750-ca3df5aaf6c4/resource/5629e34b-8f8a-43ac-8f13-ddee6b6da6f8/download,/api/dataset/bcf11ef9-9855-4ee3-8750-ca3df5aaf6c4/resource/66811ed8-4418-4fb5-8c9c-deaaaf82b8ae/download,/api/dataset/bcf11ef9-9855-4ee3-8750-ca3df5aaf6c4/resource/bcca7fba-e71e-4508-a946-ab7f6defb63e/download,/api/dataset/bcf11ef9-9855-4ee3-8750-ca3df5aaf6c4/resource/1c39ea33-d8c4-4362-bf0f-066a95ba1999/download,/api/dataset/bcf11ef9-9855-4ee3-8750-ca3df5aaf6c4/resource/be324f4d-9a55-4405-a657-3e197267f312/download",臺北捷運每月臺北小巨蛋廣場租用資訊,廠商、租用起始日、租用結束日、活動名稱、租用項目,智慧通勤:4; 韌性防災:0; 永續環境:0; 食安健康:0; 勞動福祉:0; 文化共融:2
taipei,9e97cd13-c21a-44a1-80e8-069bf1c7517c,00003426,臺北市YouBike站位每月熱門站點,智慧通勤,False,True,False,table,通勤地圖與交通壓力分析,False,1,交通,交通及通訊,原始資料,交通局,,交通局,每6月,CSV,中文,2020-12-22T00:00:00,/api/dataset/9e97cd13-c21a-44a1-80e8-069bf1c7517c/resource/c7a076dd-8aa6-4129-9c8a-e04cbf18694f/download,為提供更優質之資料服務，提供YouBike臺北市十大熱門租借站位，檔案格式為csv檔,時間（民國年月）、發布機關名稱、機關代碼、序號（排序）、站位名稱,智慧通勤:4; 韌性防災:0; 永續環境:0; 食安健康:0; 勞動福祉:0; 文化共融:0
taipei,1af61043-5829-4007-b603-d8550f74b751,00002460,臺北市交通管制公告,智慧通勤,False,True,False,table,通勤地圖與交通壓力分析,False,1,交通,交通及通訊,原始資料,交通局,交工處,交通局交工處,不定期更新,CSV,中文,2020-10-21T00:00:00,/api/dataset/1af61043-5829-4007-b603-d8550f74b751/resource/cb51a09c-a75a-462d-8383-d921bc37dbb3/download,集會交管資訊,日期、管制範圍、縣市、機關名稱、機關代碼,智慧通勤:3; 韌性防災:0; 永續環境:0; 食安健康:0; 勞動福祉:0; 文化共融:0
taipei,e6e26880-4631-4d98-b226-f8f3d4646739,00004029,臺北市公共管線圖資_交通號誌系統其他設施,智慧通勤,False,True,False,table,通勤地圖與交通壓力分析,False,1,工務,生活安全及品質,原始資料,工務局,,工務局,不定期更新,XML,中文,2021-10-27T00:00:00,/api/dataset/e6e26880-4631-4d98-b226-f8f3d4646739/resource/8b183fa5-61e3-4fc7-8426-ae906e7d64fb/download,提供臺北市交通號誌系統其他設施圖資，其圖資僅供參考，確切圖資仍請洽詢相關管線機構。,geometry、類別碼、識別碼、管理單位、作業區分、設置日期、設施編號、設施名稱、設施長度、設施寬度、設施高度、設施型態、使用狀態、資料狀態、備註,智慧通勤:1; 韌性防災:0; 永續環境:0; 食安健康:0; 勞動福祉:0; 文化共融:0
taipei,a2ffb08f-c088-42e6-83a7-053d8b804442,00029574,臺北市公共管線圖資_交通號誌系統管線,智慧通勤,False,True,False,table,通勤地圖與交通壓力分析,False,1,工務,生活安全及品質,原始資料,工務局,,工務局,不定期更新,XML,中文,2022-08-01T00:00:00,/api/dataset/a2ffb08f-c088-42e6-83a7-053d8b804442/resource/13d56cd0-b441-46a7-8fd7-f16c382a18ad/download,提供臺北市交通號誌系統管線圖資，其圖資僅供參考，確切圖資仍請洽詢相關管線機構。,geometry、類別碼、識別碼、起點編號、終點編號、管理單位、作業區分、設置日期、管線編號、尺寸單位、管徑寬度、管徑高度、涵管條數、管線材料、起點埋設深度、終點埋設深度、管線長度、管線型態、使用狀態、資料狀態、備註,智慧通勤:1; 韌性防災:0; 永續環境:0; 食安健康:0; 勞動福祉:0; 文化共融:0
taipei,5818c0cf-6cd1-4ddf-84a8-9aff0196dd73,00004028,臺北市公共管線圖資_交通號誌系統號誌,智慧通勤,False,True,False,table,通勤地圖與交通壓力分析,False,1,工務,生活安全及品質,原始資料,工務局,,工務局,不定期更新,XML,中文,2021-10-27T00:00:00,/api/dataset/5818c0cf-6cd1-4ddf-84a8-9aff0196dd73/resource/8d3ebc2d-8a7d-4089-8f21-4cc51c70fafe/download,"提供臺北市交通號誌系統號誌圖資，其圖資僅供參考，確切圖資仍請洽詢相關管線機構。
",geometry、類別碼、識別碼、管理單位、作業區分、設置日期、號誌編號、號誌種類、號誌架設方式、長度、使用狀態、資料狀態、備註,智慧通勤:1; 韌性防災:0; 永續環境:0; 食安健康:0; 勞動福祉:0; 文化共融:0
taipei,050ecdaa-d477-4d1e-a019-639f537a3eb1,00029576,臺北市公共管線圖資_交通號誌系統電桿,智慧通勤,False,True,False,table,通勤地圖與交通壓力分析,False,1,工務,生活安全及品質,原始資料,工務局,,工務局,不定期更新,XML,中文,2022-08-01T00:00:00,/api/dataset/050ecdaa-d477-4d1e-a019-639f537a3eb1/resource/2952f283-0e46-4dc5-b299-63052faa0ee5/download,提供臺北市交通號誌系統電桿圖資，其圖資僅供參考，確切圖資仍請洽詢相關管線機構。,geometry、類別碼、識別碼、管理單位、作業區分、設置日期、電桿編號、長度、材質、使用狀態、資料狀態、備註,智慧通勤:1; 韌性防災:0; 永續環境:0; 食安健康:0; 勞動福祉:0; 文化共融:0
taipei,a134c666-28c0-4dac-9db6-074798ba8aed,00029590,臺北市公共管線圖資_交通號誌電力系統人手孔,智慧通勤,False,True,False,table,通勤地圖與交通壓力分析,False,1,工務,生活安全及品質,原始資料,工務局,,工務局,不定期更新,XML,中文,2022-08-01T00:00:00,/api/dataset/a134c666-28c0-4dac-9db6-074798ba8aed/resource/d6c8d981-2a61-4f8b-824e-d3b835ea884e/download,提供臺北市交通號誌電力系統人手孔圖資，其圖資僅供參考，確切圖資仍請洽詢相關管線機構。,geometry、類別碼、識別碼、管理單位、作業區分、設置日期、人手孔編號、孔蓋種類、尺寸單位、蓋部寬度、蓋部長度、閘門名稱、地盤高、孔深、孔蓋型態、使用狀態、資料狀態、內容物、備註,智慧通勤:1; 韌性防災:0; 永續環境:0; 食安健康:0; 勞動福祉:0; 文化共融:0
taipei,a152b158-2bec-44a0-9ae3-c4440c2ebc2b,00029592,臺北市公共管線圖資_交通號誌電力系統其他設施,智慧通勤,False,True,False,table,通勤地圖與交通壓力分析,False,1,工務,生活安全及品質,原始資料,工務局,,工務局,不定期更新,XML,中文,2022-08-01T00:00:00,/api/dataset/a152b158-2bec-44a0-9ae3-c4440c2ebc2b/resource/e6fb924d-5aa3-48c2-8aee-957230c010df/download,提供臺北市交通號誌電力系統其他設施圖資，其圖資僅供參考，確切圖資仍請洽詢相關管線機構。,geometry、類別碼、識別碼、管理單位、作業區分、設置日期、設施編號、設施名稱、設施長度、設施寬度、設施高度、設施型態、使用狀態、資料狀態、備註,智慧通勤:1; 韌性防災:0; 永續環境:0; 食安健康:0; 勞動福祉:0; 文化共融:0
taipei,77b9588d-ff7c-472e-8548-cf92ab2bad52,00029586,臺北市公共管線圖資_交通號誌電力系統管線,智慧通勤,False,True,False,table,通勤地圖與交通壓力分析,False,1,工務,生活安全及品質,原始資料,工務局,,工務局,不定期更新,XML,中文,2022-08-01T00:00:00,/api/dataset/77b9588d-ff7c-472e-8548-cf92ab2bad52/resource/45a1f2aa-cc9d-42fb-ad84-203df4fd7358/download,提供臺北市交通號誌電力系統管線圖資，其圖資僅供參考，確切圖資仍請洽詢相關管線機構。,geometry、類別碼、識別碼、起點編號、終點編號、管理單位、作業區分、設置日期、管道編號、尺寸單位、管徑寬度、管徑高度、涵管條數、管線材料、起點埋設深度、終點埋設深度、管線長度、管線型態、使用狀態、資料狀態、備註,智慧通勤:1; 韌性防災:0; 永續環境:0; 食安健康:0; 勞動福祉:0; 文化共融:0
taipei,0d137dab-e4ae-4c19-8149-7a8f47c333ac,00029591,臺北市公共管線圖資_交通號誌電力系統電桿,智慧通勤,False,True,False,table,通勤地圖與交通壓力分析,False,1,工務,生活安全及品質,原始資料,工務局,,工務局,不定期更新,XML,中文,2022-08-01T00:00:00,/api/dataset/0d137dab-e4ae-4c19-8149-7a8f47c333ac/resource/08a5bfe4-1805-4ce8-a68c-abf9160c6a63/download,提供臺北市交通號誌電力系統電桿圖資，其圖資僅供參考，確切圖資仍請洽詢相關管線機構。,geometry、類別碼、識別碼、管理單位、作業區分、設置日期、電桿編號、長度、材質、使用狀態、資料狀態、備註,智慧通勤:1; 韌性防災:0; 永續環境:0; 食安健康:0; 勞動福祉:0; 文化共融:0
taipei,5f8c170a-d5e3-498d-a998-43ccc266c613,00034720,臺北市公車特殊時刻表,智慧通勤,False,True,False,table,通勤地圖與交通壓力分析,False,1,交通,交通及通訊,網路服務,交通局,公運處,交通局公運處,不定期更新,CSV,中文,2025-12-19T00:00:00,/api/dataset/5f8c170a-d5e3-498d-a998-43ccc266c613/resource/8f99e75c-218f-4969-96a0-7ef93c8577ae/download,資料集說明文詳如https://pto.gov.taipei/News_Content.aspx?n=A1DF07A86105B6BB&s=55E8ADD164E4F579&sms=2479B630A6BD8079。,檔案名稱、縣市、縣市代碼、介接網址、主要欄位說明	、更新頻率、檔案格式、說明文件網址,智慧通勤:4; 韌性防災:0; 永續環境:0; 食安健康:0; 勞動福祉:0; 文化共融:0
taipei,651f6f05-074c-4f7a-a9cf-a367c32aa60b,00029920,臺北市公車結構性票價資訊,智慧通勤,False,True,False,table,通勤地圖與交通壓力分析,False,1,交通,交通及通訊,網路服務,交通局,公運處,交通局公運處,不定期更新,"CSV,XML",中文,2022-12-21T00:00:00,"/api/dataset/651f6f05-074c-4f7a-a9cf-a367c32aa60b/resource/05856a0d-a284-49c4-9dca-b906d04650b0/download,https://tcgbusfs.blob.core.windows.net/blobbus/TstBusRouteFareList.xml",北市公車路線票價資料，說明文件詳如https://www.pto.gov.taipei/News_Content.aspx?n=A1DF07A86105B6BB&sms=2479B630A6BD8079&s=55E8ADD164E4F579,資料名稱、縣市、縣市代碼、介接網址、欄位說明、檔案格式、說明文件網址、更新頻率,智慧通勤:5; 韌性防災:0; 永續環境:0; 食安健康:0; 勞動福祉:0; 文化共融:0
taipei,656784f0-f96e-4212-b027-f32724d420ad,00034660,臺北市公車車上擁擠度,智慧通勤,False,True,False,table,通勤地圖與交通壓力分析,False,1,交通,交通及通訊,原始資料,交通局,公運處,交通局公運處,不定期更新,JSON,中文,2025-11-26T00:00:00,https://tcgbusfs.blob.core.windows.net/blobbus/TstBusSeatEvent.json,資料集說明文詳如https://pto.gov.taipei/News_Content.aspx?n=A1DF07A86105B6BB&s=55E8ADD164E4F579&sms=2479B630A6BD8079,ProviderID、StationID、BusID、CarType、CarID、DutyStatus、BusStatus、RouteID、GoBack、StopID、CarOnStop、DataTime,智慧通勤:4; 韌性防災:0; 永續環境:0; 食安健康:0; 勞動福祉:0; 文化共融:0
taipei,1c8df090-0c31-46c9-b27d-41579fdef957,00003902,臺北市列管山區道路,智慧通勤,False,True,False,table,通勤地圖與交通壓力分析,False,1,工務,交通及通訊,原始資料,工務局,大地處,工務局大地處,不定期更新,KML,中文,2021-04-09T00:00:00,/api/dataset/1c8df090-0c31-46c9-b27d-41579fdef957/resource/4e294fde-5718-4951-9548-5320f11278d3/download,已調查山坡地範圍內列管山區道路。,OID_、Name、FolderPath、SymbolID、AltMode、Base、Clamped、Extruded、Snippet、PopupInfo、Shape_Leng,智慧通勤:2; 韌性防災:0; 永續環境:0; 食安健康:0; 勞動福祉:0; 文化共融:0
taipei,3a5c951b-19d5-446f-9a35-0c5e6b39e390,00003178,臺北市南港車站特定專用區區段徵收範圍開發前後地號資料,智慧通勤,False,True,False,table,通勤地圖與交通壓力分析,False,1,地政,公共資訊,原始資料,地政局,開發總隊,地政局開發總隊,不定期更新,CSV,中文,2020-12-02T00:00:00,/api/dataset/3a5c951b-19d5-446f-9a35-0c5e6b39e390/resource/c78f6f3b-389b-4d09-bd8b-82a8fd66d305/download,臺北市南港車站特定專用區區段徵收範圍開發前後地號資料.,Development、city、CountyCode、Land lot A、AreaCode、Land lot B、Land serial no.,智慧通勤:1; 韌性防災:0; 永續環境:0; 食安健康:0; 勞動福祉:0; 文化共融:0
taipei,9c46d6cc-e5f6-4bc0-909c-6f92bacbb77b,00034409,臺北市捷運路網工程施工階段監測資訊下載連結,智慧通勤,False,True,False,table,通勤地圖與交通壓力分析,False,1,交通,交通及通訊,原始資料,捷運局,,捷運局,不定期更新,CSV,中文,2025-09-10T00:00:00,/api/dataset/9c46d6cc-e5f6-4bc0-909c-6f92bacbb77b/resource/034c79df-353c-45f3-ad10-647dcc56d754/download,臺北市捷運路網工程施工階段監測資訊下載連結清單,縣市代碼、機關代碼、捷運工程名稱、捷運線路名稱、廠站、工地監測報告下載連結、監測說明,智慧通勤:4; 韌性防災:0; 永續環境:0; 食安健康:0; 勞動福祉:0; 文化共融:0
taipei,53f2dade-75fd-46be-85d6-cea045f5f233,00003488,臺北市提供兒童座椅、通用及多元化計程車清單,智慧通勤,False,True,False,table,通勤地圖與交通壓力分析,False,1,交通,交通及通訊,原始資料,交通局,公運處,交通局公運處,不定期更新,CSV,中文,2020-12-01T00:00:00,/api/dataset/53f2dade-75fd-46be-85d6-cea045f5f233/resource/3bd03b40-2d7e-44cd-a0c9-b2c2a19d4127/download,臺北市提供兒童座椅、通用及多元化計程車,序號、縣市、縣市代碼、分類、業者,智慧通勤:3; 韌性防災:0; 永續環境:0; 食安健康:0; 勞動福祉:0; 文化共融:0
taipei,114125f1-769c-4534-9f03-3d41be596a33,00003173,臺北市政府交通會報會議,智慧通勤,False,True,False,table,通勤地圖與交通壓力分析,False,1,交通,交通及通訊,原始資料,交通局,,交通局,不定期更新,CSV,中文,2020-12-01T00:00:00,/api/dataset/114125f1-769c-4534-9f03-3d41be596a33/resource/76caa146-3297-4069-a3ce-fc70bde5eb49/download,提供本府交通會報會歷次議資料及會議紀錄,縣市別、縣市別代碼、機關名稱、機關代碼、資料存取位址（網址）,智慧通勤:3; 韌性防災:0; 永續環境:0; 食安健康:0; 勞動福祉:0; 文化共融:0
taipei,e5995622-bc21-4f64-a33e-7577b3235153,00003399,臺北市政府捷運工程局大事紀要,智慧通勤,False,True,False,table,通勤地圖與交通壓力分析,False,1,交通,交通及通訊,原始資料,捷運局,,捷運局,每1年,"CSV,CSV",中文,2020-12-21T00:00:00,"/api/dataset/e5995622-bc21-4f64-a33e-7577b3235153/resource/fe6f0e9a-af9c-4240-885b-9255f1cbc6cd/download,/api/dataset/e5995622-bc21-4f64-a33e-7577b3235153/resource/2c899636-f360-4b42-bee3-2f0cf51eb0a3/download",臺北市政府捷運工程局2025年大事紀要,"項次、縣市代碼、機關代碼、日期、2025年之大事紀要內容、提報單位
",智慧通勤:4; 韌性防災:0; 永續環境:0; 食安健康:0; 勞動福祉:0; 文化共融:0
taipei,cb7269a6-2614-4a91-a6b4-bd2a20d6ec65,00003349,臺北市政府捷運工程局常見問答,智慧通勤,False,True,False,table,通勤地圖與交通壓力分析,False,1,交通,交通及通訊,原始資料,捷運局,,捷運局,不定期更新,JSON,中文,2020-12-15T00:00:00,https://www.dorts.gov.taipei/OpenData.aspx?SN=FC64DCB68420D08A,臺北市政府捷運工程局常見工程相關不同問題，局、處依民眾需求分類詳加說明回答等資料提供，即時更新以達解除民眾疑惑而更加了解捷運工程。,"DataSN、ArticleType、FileName、Link、Source、title、內容、日期時間、相關檔案、相關連結、title、url、相關圖片、相關影音、發布單位
",智慧通勤:4; 韌性防災:0; 永續環境:0; 食安健康:0; 勞動福祉:0; 文化共融:0
taipei,7a025592-4f70-4899-bfff-606a9073507f,00003497,臺北市政府捷運工程局文宣品,智慧通勤,False,True,False,table,通勤地圖與交通壓力分析,False,1,交通,交通及通訊,原始資料,捷運局,,捷運局,不定期更新,CSV,中文,2020-12-28T00:00:00,/api/dataset/7a025592-4f70-4899-bfff-606a9073507f/resource/6e6beb4c-1f01-4bdb-9459-6cdb82c31cde/download,臺北市政府捷運工程局為大臺北地區捷運系統之規劃及施工單位，為使民眾瞭解捷運相關計畫及業務，所發行之文宣品資料,項次、資料集名稱、資料集描述、上架年月、出版品概述、出版品統一編號（GPN）、相關國際編號、語言別、縣市代碼、機關代碼、網址,智慧通勤:4; 韌性防災:0; 永續環境:0; 食安健康:0; 勞動福祉:0; 文化共融:0
taipei,39c99a2e-581c-4a7d-ba25-9160b05a84a2,00003929,臺北市政府捷運工程局資料盤點表,智慧通勤,False,True,False,table,通勤地圖與交通壓力分析,False,1,交通,交通及通訊,原始資料,捷運局,,捷運局,不定期更新,CSV,中文,2021-06-11T00:00:00,/api/dataset/39c99a2e-581c-4a7d-ba25-9160b05a84a2/resource/aaab720c-060e-4c28-b4c8-8811e60a5776/download,臺北市政府捷運工程局暨工程處資料集使用對象、資料分類、現況、開放程度盤點明細、聯絡電話彙整,項次、資料集名稱、使用對象、資料分類、現況、開放程度、分機,智慧通勤:4; 韌性防災:0; 永續環境:0; 食安健康:0; 勞動福祉:0; 文化共融:0
taipei,4e7e9db6-b245-4314-a0a2-1586809d75da,00003640,臺北市政府警察局警用車輛資料一覽表,智慧通勤,False,True,False,table,通勤地圖與交通壓力分析,False,1,資訊,交通及通訊,原始資料,警察局,,警察局,每1年,CSV,中文,2021-01-05T00:00:00,/api/dataset/4e7e9db6-b245-4314-a0a2-1586809d75da/resource/ee33431c-9801-49c6-b166-0ddc7531399c/download,警察局警用車輛資料一覽表,總項次、單位項次、單位、任務車別、廠牌、型式、Volume排氣量cc、車身顏色、目前使用單位、備考,智慧通勤:1; 韌性防災:0; 永續環境:0; 食安健康:0; 勞動福祉:0; 文化共融:0
taipei,0a5921d3-9b90-49ac-a914-3a57e5ac3c36,00003641,臺北市政府警察局電動機車、養護費、油料費預算與執行數,智慧通勤,False,True,False,table,通勤地圖與交通壓力分析,False,1,資訊,交通及通訊,原始資料,警察局,,警察局,每1年,CSV,中文,2021-01-05T00:00:00,/api/dataset/0a5921d3-9b90-49ac-a914-3a57e5ac3c36/resource/741c3f57-2578-41df-80c9-b12d1a83ebca/download,111年至114年電動機車、養護費、油料費預算與執行數,"項次、項目名稱、年度、預算數、執行數、執行率、備註
",智慧通勤:1; 韌性防災:0; 永續環境:0; 食安健康:0; 勞動福祉:0; 文化共融:0
taipei,074036e5-7098-4cb0-bdcf-820fbb5b4395,00029642,臺北市敬老愛心卡補助搭乘公車捷運路線表,智慧通勤,False,True,False,table,通勤地圖與交通壓力分析,False,1,社福,交通及通訊,網路服務,社會局,,社會局,不定期更新,CSV,中文,2022-08-08T00:00:00,/api/dataset/074036e5-7098-4cb0-bdcf-820fbb5b4395/resource/d94e3229-2190-4ae3-bcff-68340d29e960/download,提供臺北市敬老愛心卡補助搭乘公車捷運路線表,編號、路線名稱、起迄站、頭班車時間、末班車時間,智慧通勤:4; 韌性防災:0; 永續環境:0; 食安健康:0; 勞動福祉:2; 文化共融:0
taipei,6ccdeddb-c66a-4cf5-8742-46c322f01b3b,00003577,臺北市旅行時間動態資料,智慧通勤,False,True,False,table,通勤地圖與交通壓力分析,False,1,交通,交通及通訊,原始資料,交通局,交工處,交通局交工處,不定期更新,CSV,中文,2020-12-30T00:00:00,/api/dataset/6ccdeddb-c66a-4cf5-8742-46c322f01b3b/resource/1eecf5ff-4ab8-4c1f-8abe-4e3d404979e3/download,配合交通部即時路況資料標準v2.0提供旅行時間動態資料,縣市、檔案名稱、介接網址、主要欄位說明、更新頻率,智慧通勤:3; 韌性防災:0; 永續環境:0; 食安健康:0; 勞動福祉:0; 文化共融:0
taipei,0b033882-6bff-4f63-a5d9-24e56b4555df,00000064,臺北市機車優先道,智慧通勤,False,True,False,table,通勤地圖與交通壓力分析,False,1,交通,交通及通訊,原始資料,交通局,交工處,交通局交工處,不定期更新,SHP,中文,2012-01-04T00:00:00,/api/dataset/0b033882-6bff-4f63-a5d9-24e56b4555df/resource/a84647b6-3297-4c8d-bd82-49186f3e1616/download,機車優先道資料,FNODE_、TNODE_、LPOLY_、RPOLY_、LENGTH、MAINNET_、MAINNET_ID、RDCODE、RDSELE、RDGEOM、RDTYPE、RDDWIT、RDCWN1、RDCWN2、RDCCN1、RDCCN2、RDBSEX、RDCLCC、RDCLCA、RDPARK、RDSWCD、RDTCCW、RDTCCC、RDOW、RDNAME、VELOCITY、COST、ONEWAY、FIDATE、OPDATE、OKDATE、DOC_NO、UPDATE、DOCMEMO,智慧通勤:3; 韌性防災:0; 永續環境:0; 食安健康:0; 勞動福祉:0; 文化共融:0
taipei,6778e40b-c41b-49c0-9d0a-637e22211829,00000313,臺北市機車專用道,智慧通勤,False,True,False,table,通勤地圖與交通壓力分析,False,1,交通,交通及通訊,原始資料,交通局,交工處,交通局交工處,不定期更新,SHP,中文,2012-01-04T00:00:00,/api/dataset/6778e40b-c41b-49c0-9d0a-637e22211829/resource/42b84b9a-9eda-4262-a533-dfe7e01ee843/download,機車專用道資料,FNODE_、TNODE_、LPOLY_、RPOLY_、LENGTH、MAINNET_、MAINNET_ID、RDCODE、RDSELE、RDGEOM、RDTYPE、RDDWIT、RDCWN1、RDCWN2、RDCCN1、RDCCN2、RDBSEX、RDCLCC、RDCLCA、RDPARK、RDSWCD、RDTCCW、RDTCCC、RDOW、RDNAME、VELOCITY、COST、ONEWAY、FIDATE、OPDATE、OKDATE、DOC_NO、UPDATE、DOCMEMO,智慧通勤:3; 韌性防災:0; 永續環境:0; 食安健康:0; 勞動福祉:0; 文化共融:0
taipei,a06b107d-ea37-4f78-92d2-f3c0fd7dc089,00001146,臺北市派遣計程車業者資訊,智慧通勤,False,True,False,table,通勤地圖與交通壓力分析,False,1,交通,交通及通訊,網路服務,交通局,公運處,交通局公運處,不定期更新,CSV,中文,2016-12-15T00:00:00,/api/dataset/a06b107d-ea37-4f78-92d2-f3c0fd7dc089/resource/96aa53d6-7120-4e7e-bb93-05493844b31f/download,臺北市合法計程車業者叫車資訊,項目(ID)、車隊名稱(名稱)、申訴電話(市話手機)、申訴電話(電話)、通話費率(通話費率)、叫車收費方式(付款方式)、受託駕駛人服務收費標準(車隊收費標準),智慧通勤:3; 韌性防災:0; 永續環境:0; 食安健康:0; 勞動福祉:0; 文化共融:0
taipei,65bbfd51-374a-4263-89ef-89d90cc6ef89,00003147,臺北市禁止遊動廣告車輛停放本市所有道路,智慧通勤,False,True,False,table,通勤地圖與交通壓力分析,False,1,交通,交通及通訊,原始資料,交通局,,交通局,不定期更新,CSV,中文,2020-11-27T00:00:00,/api/dataset/65bbfd51-374a-4263-89ef-89d90cc6ef89/resource/ede2aa73-b1bb-414b-8f9c-2eee83c82375/download,臺北市禁止遊動廣告車輛,縣市別、縣市別代碼、機關名稱、機關代碼、資料存取位址（網址）,智慧通勤:4; 韌性防災:0; 永續環境:0; 食安健康:0; 勞動福祉:0; 文化共融:0
taipei,4fefd1b3-58b9-4dab-af00-724c715b0c58,00003982,臺北市自行車道(河濱),智慧通勤,False,True,False,table,通勤地圖與交通壓力分析,False,1,水利,交通及通訊,原始資料,工務局,水利處,工務局水利處,每1年,KML,中文,2015-02-01T00:00:00,/api/dataset/4fefd1b3-58b9-4dab-af00-724c715b0c58/resource/0912d803-688f-493a-b682-27da729ed593/download,臺北市河濱自行車道路線介紹，提供KML檔案格式,LENGTH(KM)、TIME、MRT、DRIVE、CONNECT,智慧通勤:4; 韌性防災:2; 永續環境:0; 食安健康:0; 勞動福祉:0; 文化共融:0
taipei,a4ed45cc-bf8f-488b-b12e-3d362927a77b,00003485,臺北市計程車運價,智慧通勤,False,True,False,table,通勤地圖與交通壓力分析,False,1,交通,交通及通訊,原始資料,交通局,公運處,交通局公運處,不定期更新,CSV,中文,2020-12-01T00:00:00,/api/dataset/a4ed45cc-bf8f-488b-b12e-3d362927a77b/resource/36917dec-ff62-408d-be4c-d62a83ac2d2a/download,有關臺北市計程車運價資料。,序號(id)、縣市(縣市)、縣市代碼(縣市代碼)、計價分類(分類)、計費方式(計費內容),智慧通勤:3; 韌性防災:0; 永續環境:0; 食安健康:0; 勞動福祉:0; 文化共融:0
taipei,e324c228-f45c-4f17-a0ab-6d8cdcc66e26,00003545,臺北市資訊可變標誌(CMS)靜態資料,智慧通勤,False,True,False,table,通勤地圖與交通壓力分析,False,1,交通,交通及通訊,原始資料,交通局,交工處,交通局交工處,不定期更新,"CSV,XML",中文,2020-12-29T00:00:00,"/api/dataset/e324c228-f45c-4f17-a0ab-6d8cdcc66e26/resource/c5a1ed68-cbf1-4b77-9c9d-396b28ef490a/download,https://tcgbusfs.blob.core.windows.net/blobtisv/CMS.xml",配合交通部即時路況資料標準v2.0提供資訊可變標誌(CMS)靜態資料,資料名稱、介接網址、欄位說明、檔案格式、更新頻率,智慧通勤:3; 韌性防災:0; 永續環境:0; 食安健康:0; 勞動福祉:0; 文化共融:0
taipei,2b7f8025-4261-41f2-91e1-f9cdde680ceb,00000898,臺北市資訊可變標誌(CMS)顯示內容,智慧通勤,False,True,False,table,通勤地圖與交通壓力分析,False,1,交通,交通及通訊,原始資料,交通局,交工處,交通局交工處,不定期更新,"XML,CSV",中文,2016-01-01T00:00:00,"https://tcgbusfs.blob.core.windows.net/blobtisv/CMSLive.xml,/api/dataset/2b7f8025-4261-41f2-91e1-f9cdde680ceb/resource/8a397569-a060-4b19-9d98-6a2d0418213d/download",資訊可變標誌看板顯示資訊(原始檔案為XML格式),資料名稱、介接網址、欄位說明、檔案格式、更新頻率,智慧通勤:3; 韌性防災:0; 永續環境:0; 食安健康:0; 勞動福祉:0; 文化共融:0
taipei,0d639f73-cbcc-42c3-aa53-20efac199701,00003617,臺北市路口號誌時制計畫,智慧通勤,False,True,False,table,通勤地圖與交通壓力分析,False,1,交通,交通及通訊,原始資料,交通局,,交通局,不定期更新,"JSON,CSV,JSON",中文,2020-12-31T00:00:00,"https://tcgbusfs.blob.core.windows.net/dotapp/timing_plan.json,/api/dataset/0d639f73-cbcc-42c3-aa53-20efac199701/resource/9522d9e8-131e-4890-9379-f17c523238a0/download,https://tcgbusfs.blob.core.windows.net/dotapp/timing_plan_table.json",提供臺北市路口號誌時制計畫相關資料,Agency_name、AgencyCodes、icid、icname、deviceid、segmenttype、subsegment、InfoTime,智慧通勤:3; 韌性防災:0; 永續環境:0; 食安健康:0; 勞動福祉:0; 文化共融:0
taipei,d740e961-ab35-4929-9eb4-995b3936d0ac,00000011,臺北市路外停車場,智慧通勤,False,True,False,table,通勤地圖與交通壓力分析,False,1,交通,交通及通訊,原始資料,交通局,停管處,交通局停管處,每1月,SHP,中文,2012-01-04T00:00:00,/api/dataset/d740e961-ab35-4929-9eb4-995b3936d0ac/resource/39c8515d-c484-493d-8745-6644a3437d3e/download,停車場資訊,gateid、zone1、zone、gatename、gatetype、opentime、num_s、num_m、num_l、parknum、num_b、num_b_p、num_b_c、charge、exitin、feeb、around、owner、gateadrs、gadetype1、point_x、point_y、x_coord、y_coord、transfer、test、tel、tel2、noteb、num_s1、num_m1、num_m_h、evse、editby、workc_key、streetview、streetvi_1、streetvi_2、streetvi_3、streetvi_4、workc_in_u、workc_in_t、edittime、keyid、num_mh、aed、powercharg、accessible、accessib_1、accessib_2、code、num_mc、datastatus、source_key、source,智慧通勤:4; 韌性防災:0; 永續環境:0; 食安健康:0; 勞動福祉:0; 文化共融:0
taipei,d9b047d9-52a5-43b9-b0d5-cc66a943b036,00001445,臺北市路外停車場出入口,智慧通勤,False,True,False,table,通勤地圖與交通壓力分析,False,1,交通,交通及通訊,原始資料,交通局,停管處,交通局停管處,每1月,SHP,中文,2018-02-02T00:00:00,/api/dataset/d9b047d9-52a5-43b9-b0d5-cc66a943b036/resource/db11f099-492f-4157-9d7d-34fe55cf89d9/download,停車場出入口資訊,gatename、ettype、rotation、point_x、point_y、editby、zone、workc_keyi、streetview、streetvi_1、streetvi_2、streetvi_3、streetvi_4、workc_in_u、workc_in_t、edittime、keyid,智慧通勤:4; 韌性防災:0; 永續環境:0; 食安健康:0; 勞動福祉:0; 文化共融:0
taipei,84228bbc-0231-43cf-9c1e-f6f057d84abf,00003552,臺北市路況壅塞水準定義基本資訊,智慧通勤,False,True,False,table,通勤地圖與交通壓力分析,False,1,交通,交通及通訊,原始資料,交通局,交工處,交通局交工處,不定期更新,CSV,中文,2020-12-29T00:00:00,/api/dataset/84228bbc-0231-43cf-9c1e-f6f057d84abf/resource/5c2f26c9-9fed-4be3-9e42-c7356436691e/download,描述機關路況壅塞水準定義基本資料,縣市、檔案名稱、介接網址、主要欄位說明、更新頻率,智慧通勤:3; 韌性防災:0; 永續環境:0; 食安健康:0; 勞動福祉:0; 文化共融:0
taipei,5a911ea5-1694-4301-808e-e1780d971611,00000284,臺北市路邊停車格位,智慧通勤,False,True,False,table,通勤地圖與交通壓力分析,False,1,交通,交通及通訊,原始資料,交通局,停管處,交通局停管處,每1月,"SHP,CSV",中文,2012-01-04T00:00:00,"/api/dataset/5a911ea5-1694-4301-808e-e1780d971611/resource/7e2f32a0-9201-4666-a0ed-11034e6c2b66/download,/api/dataset/5a911ea5-1694-4301-808e-e1780d971611/resource/a76540cb-b6ee-410f-a2ca-de9432d62390/download",停車格位資訊,pktype（01：小型車、02：機車、03：身心障礙專用（汽、04：身心障礙專用（機、05：警車、06：大型車、07：貨車裝卸專用、08：計程車、09：限時停車、10：時段性禁停汽車、11：機慢車停放區、12：公用汽車、13：公用機車、14：警用機車、15：汽車停車彎、16：機慢車停放區（警車）、17：消防車、18：機慢車停放區（身心障礙專用）、19：時段禁停車機車、20：限時停車機車、21：垃圾車專用（時段管制）、22：汽機車彈性共用、23：大客車與小型車共用格位）、pktype1、pkid、pkdoc、pknote、pkpern、pkdate、pkwork、pkgoup、zone（01：北投區、02：士林區、03：大同區、04：中山區、05：松山區、06：內湖區、07：萬華區、08：中正區、09：大安區、11：南港區、12：文山區）、pkrate、pktime、pkdel、pkaply、pkredw、pkaltr、pkadrs、pkzone、pknos、pkkind(01：順向、02：垂直、03：斜向)、pkroad、pknum、pkchk、editby、keyid、workc_keyi、streetview、streetvi_1、streetvi_2、streetvi_3、streetvi_4、workc_in_u、workc_in_t、edittime、rdcode、mainnet_ke、width、len、workunit、park11keyi、areakeyid、motoctol、ctoldate、linereco、hardreco、pkterm、varcode、roadname,智慧通勤:4; 韌性防災:1; 永續環境:0; 食安健康:0; 勞動福祉:0; 文化共融:0
taipei,e57afe7f-3c9e-4f31-9208-eed859a92600,00000899,臺北市車輛偵測器(VD)資料,智慧通勤,False,True,False,table,通勤地圖與交通壓力分析,False,1,交通,交通及通訊,原始資料,交通局,交工處,交通局交工處,不定期更新,"XML,CSV",中文,2016-03-01T00:00:00,"https://tcgbusfs.blob.core.windows.net/blobtisv/GetVDDATA.xml,/api/dataset/e57afe7f-3c9e-4f31-9208-eed859a92600/resource/53f55026-4f5e-445d-9af7-c323ffc0d46e/download","車輛偵測器(VD)蒐集之道路資訊(原始檔案為XML格式)
資料欄位說明、更新頻率以實際檔案內為主。","縣市、檔案名稱、介接網址、主要欄位說明、更新頻率
",智慧通勤:4; 韌性防災:0; 永續環境:0; 食安健康:0; 勞動福祉:0; 文化共融:0
taipei,47cb9090-e1c9-4b1d-b299-b11c375c5ee2,00003544,臺北市車輛偵測器(VD)靜態資料,智慧通勤,False,True,False,table,通勤地圖與交通壓力分析,False,1,交通,交通及通訊,原始資料,交通局,交工處,交通局交工處,不定期更新,"CSV,XML",中文,2020-12-29T00:00:00,"/api/dataset/47cb9090-e1c9-4b1d-b299-b11c375c5ee2/resource/153b5377-bf34-4ad3-a715-704545d3eb9d/download,https://tcgbusfs.blob.core.windows.net/blobtisv/VD.xml",配合交通部即時路況資料標準v2.0提供車輛偵測器(VD)靜態資料,縣市、檔案名稱、介接網址、主要欄位說明、更新頻率,智慧通勤:3; 韌性防災:0; 永續環境:0; 食安健康:0; 勞動福祉:0; 文化共融:0
taipei,d51e8336-fceb-4275-a81a-2a246f4fca1b,00032784,臺北市轉乘YouBike租借資料,智慧通勤,False,True,False,table,通勤地圖與交通壓力分析,False,1,交通,交通及通訊,原始資料,交通局,,交通局,不定期更新,"CSV,CSV,CSV,CSV,CSV,CSV,CSV,CSV,CSV,CSV,CSV,CSV",中文,2024-06-28T00:00:00,"/api/dataset/d51e8336-fceb-4275-a81a-2a246f4fca1b/resource/d49d31c6-f53c-448d-a782-f5d82d18669f/download,/api/dataset/d51e8336-fceb-4275-a81a-2a246f4fca1b/resource/abe3381b-88c5-4601-b6da-bf466e655ffc/download,/api/dataset/d51e8336-fceb-4275-a81a-2a246f4fca1b/resource/c0d56ec4-d176-47c1-897f-b747be1db0c3/download,/api/dataset/d51e8336-fceb-4275-a81a-2a246f4fca1b/resource/ac971551-d594-4e84-895f-41a624ed7679/download,/api/dataset/d51e8336-fceb-4275-a81a-2a246f4fca1b/resource/f678018a-339f-40d0-a0f8-c544a8911b55/download,/api/dataset/d51e8336-fceb-4275-a81a-2a246f4fca1b/resource/58defa98-c041-4988-97ee-fe3798177e67/download,/api/dataset/d51e8336-fceb-4275-a81a-2a246f4fca1b/resource/fbc4205e-1aa3-4674-8e3a-4ff62960bf30/download,/api/dataset/d51e8336-fceb-4275-a81a-2a246f4fca1b/resource/be19e3ae-6c6e-480a-ace7-529bd84c1c3e/download,/api/dataset/d51e8336-fceb-4275-a81a-2a246f4fca1b/resource/8ddb45ba-a0f5-41d6-85a0-1691096fdcf8/download,/api/dataset/d51e8336-fceb-4275-a81a-2a246f4fca1b/resource/65ee5383-cf71-4dc3-aeff-655b6f9c8356/download,/api/dataset/d51e8336-fceb-4275-a81a-2a246f4fca1b/resource/acf1e719-d5e0-471e-a261-5989d34c8ddb/download,/api/dataset/d51e8336-fceb-4275-a81a-2a246f4fca1b/resource/7deecfb2-28b2-4647-9002-42227314e17c/download",提供2023年臺北市各月份轉乘YouBike租借資料，另後續不再有資料更新,借車時間、借車站、還車時間、還車站、租借時數、借車日期,智慧通勤:6; 韌性防災:0; 永續環境:0; 食安健康:0; 勞動福祉:0; 文化共融:0
taipei,a949ee51-9791-463d-a0d8-efc4c73cd040,00029539,臺北市長者乘車補助人次,智慧通勤,False,True,False,table,通勤地圖與交通壓力分析,False,1,社福,老年安養,網路服務,社會局,,社會局,每1年,CSV,中文,2022-07-26T00:00:00,/api/dataset/a949ee51-9791-463d-a0d8-efc4c73cd040/resource/fc518fea-da1c-425a-9f11-c36de683d7cd/download,提供臺北市長者乘車補助人次資料,年/半年、公車補助人次、捷運補助人次、計程車補助人次、貓空纜車補助人次、微笑單車補助人次,智慧通勤:2; 韌性防災:0; 永續環境:0; 食安健康:0; 勞動福祉:2; 文化共融:0
taipei,f11a5af0-7b37-48ef-98cc-f6f102ed43c6,00000946,臺北市預估到站時間(公車),智慧通勤,False,True,False,table,通勤地圖與交通壓力分析,False,1,交通,交通及通訊,網路服務,交通局,公運處,交通局公運處,不定期更新,CSV,中文,2017-01-18T00:00:00,/api/dataset/f11a5af0-7b37-48ef-98cc-f6f102ed43c6/resource/2749b84d-a09c-4c03-a7ff-710e7ebf209c/download,資料集說明文詳如https://www.pto.gov.taipei/News_Content.aspx?n=A1DF07A86105B6BB&s=55E8ADD164E4F579&sms=2479B630A6BD8079,檔案名稱、縣市、縣市代碼、介接網址、主要欄位說明、更新頻率、檔案格式、說明文件網址,智慧通勤:4; 韌性防災:0; 永續環境:0; 食安健康:0; 勞動福祉:0; 文化共融:0
taipei,d5dd66c9-595a-47bc-ae18-c9ac62549664,00001997,臺北市颱風與洪水期間緊急停車規定與範圍,智慧通勤,False,True,False,table,通勤地圖與交通壓力分析,False,1,交通,交通及通訊,原始資料,交通局,停管處,交通局停管處,不定期更新,SHP,中文,2020-10-05T00:00:00,/api/dataset/d5dd66c9-595a-47bc-ae18-c9ac62549664/resource/6b330e0a-e356-4942-b3a5-1c176375540c/download,提供臺北市颱風與洪水期間緊急停車相關規定與停車範圍,keyid、roadname、rdnamesect、roadsegid、roadclass1、roadclass2、roadcode、county、roadstruct、roadnum、roadnum1、roadnum2、roadalias、roadcomnum、britunname、rdnamelane、rdnamenon、width、fnode、tnode、mdate、source、definition、dir,智慧通勤:4; 韌性防災:2; 永續環境:0; 食安健康:0; 勞動福祉:0; 文化共融:0
taipei,6556e1e8-c908-42d5-b984-b3f7337b139b,00000480,臺北捷運列車到站站名,智慧通勤,False,True,False,table,通勤地圖與交通壓力分析,False,1,交通,交通及通訊,原始資料,捷運公司,,捷運公司,每30秒,JSON,中文,2015-06-30T00:00:00,https://tcgmetro.blob.core.windows.net/stationnames/stations.json,提供臺北捷運文湖線、淡水信義線、松山新店線、中和新蘆線以及板南線之列車進入月台之車站站名、行駛方向等資料。,Station(列車進入月台車站站名)、StationEn(列車進入月台英文車站站名)、Destination(行駛目的地站名)、DestinationEn(行駛目的地英文站名)、UpdateTime(資料更新時間),智慧通勤:5; 韌性防災:0; 永續環境:0; 食安健康:0; 勞動福祉:0; 文化共融:0
taipei,0b5048f7-1608-4da4-ac30-4e26f3f452f2,00000484,臺北捷運土地開發作業,智慧通勤,False,True,False,table,通勤地圖與交通壓力分析,False,1,交通,交通及通訊,原始資料,捷運局,,捷運局,不定期更新,CSV,中文,2021-06-03T00:00:00,/api/dataset/0b5048f7-1608-4da4-ac30-4e26f3f452f2/resource/ca944216-f679-4db9-9271-0634d31c0ab9/download,分別以已完工、施工中、設計中、徵求投資人或前置作業中、4個階段基地狀況表列說明捷運土地開發作業資訊,序號、臺北市代碼、機關代碼、線別、基地名稱、基地狀況、備註,智慧通勤:4; 韌性防災:0; 永續環境:0; 食安健康:0; 勞動福祉:0; 文化共融:0
taipei,9df621d0-4323-4f2c-b82a-2b7037515e90,00000628,臺北捷運地下街店舖出租基本資料,智慧通勤,False,True,False,table,通勤地圖與交通壓力分析,False,1,交通,交通及通訊,原始資料,捷運公司,,捷運公司,不定期更新,"CSV,CSV,CSV",中文,2015-07-31T00:00:00,"/api/dataset/9df621d0-4323-4f2c-b82a-2b7037515e90/resource/94c9a370-3a17-4eba-abc0-3ef38d30e31a/download,/api/dataset/9df621d0-4323-4f2c-b82a-2b7037515e90/resource/15628d47-44f1-4f91-8b43-b32256e146d3/download,/api/dataset/9df621d0-4323-4f2c-b82a-2b7037515e90/resource/075cd340-7336-4ddd-aec0-b87701229f83/download",臺北捷運所屬地下街店舖出租基本資料,序號、標的名稱、街別、區塊、坪數,智慧通勤:4; 韌性防災:0; 永續環境:0; 食安健康:0; 勞動福祉:0; 文化共融:0
taipei,7084a8e6-9df6-4311-84ae-a08f30a831c2,00003344,臺北捷運局路網說明,智慧通勤,False,True,False,table,通勤地圖與交通壓力分析,False,1,交通,交通及通訊,原始資料,捷運局,,捷運局,不定期更新,CSV,中文,2020-12-15T00:00:00,/api/dataset/7084a8e6-9df6-4311-84ae-a08f30a831c2/resource/d0e17e4a-f576-4c36-87d4-0de5d06b03ae/download,規劃中、興建中及已通車捷運路網說明,序號、縣市代碼、機關代碼、路網名稱、路網進度、備註,智慧通勤:4; 韌性防災:0; 永續環境:0; 食安健康:0; 勞動福祉:0; 文化共融:0
taipei,64a3aa93-c02b-4a99-ab0a-f6593a6995c7,00000460,臺北捷運工程局品質管理系統QSOP文件清單,智慧通勤,False,True,False,table,通勤地圖與交通壓力分析,False,1,交通,交通及通訊,原始資料,捷運局,,捷運局,不定期更新,CSV,中文,2020-12-04T00:00:00,/api/dataset/64a3aa93-c02b-4a99-ab0a-f6593a6995c7/resource/25edd484-210a-43d7-962c-9df37be4b11d/download,臺北市政府捷運工程局品質管理系統QSOP文件清單,項次、縣市代碼、機關代碼、程序書編號、版本碼、程序書名稱、制定單位,智慧通勤:4; 韌性防災:0; 永續環境:0; 食安健康:0; 勞動福祉:0; 文化共融:0
taipei,733ff034-5a2b-442f-832a-c7d89add0ccb,00002329,臺北捷運營運路線車站資料服務,智慧通勤,False,True,False,table,通勤地圖與交通壓力分析,False,1,交通,交通及通訊,原始資料,捷運公司,,捷運公司,不定期更新,CSV,中文,2020-10-14T00:00:00,/api/dataset/733ff034-5a2b-442f-832a-c7d89add0ccb/resource/cca16a48-2753-4d3d-9142-ce14f7f9fdd0/download,臺北捷運營運路線之車站資料服務，連線交通部平臺。,SEQNO、RouteID、LineID、Direction、Stations、UpdateTime,智慧通勤:6; 韌性防災:0; 永續環境:0; 食安健康:0; 勞動福祉:0; 文化共融:0
taipei,91cc11bb-40d6-4837-9303-84e6a666c568,00002277,臺北捷運站別時刻表資料服務,智慧通勤,False,True,False,table,通勤地圖與交通壓力分析,False,1,交通,交通及通訊,原始資料,捷運公司,,捷運公司,不定期更新,"CSV,CSV,CSV,CSV,CSV,CSV,CSV,CSV,CSV",中文,2020-10-14T00:00:00,"/api/dataset/91cc11bb-40d6-4837-9303-84e6a666c568/resource/9befd704-fda6-46b4-ad33-98bbc81f7bac/download,/api/dataset/91cc11bb-40d6-4837-9303-84e6a666c568/resource/968f7322-36ca-43c4-816c-9f8448a9b4fb/download,/api/dataset/91cc11bb-40d6-4837-9303-84e6a666c568/resource/0ad40b75-d9cd-4eef-8ca2-38688be61205/download,/api/dataset/91cc11bb-40d6-4837-9303-84e6a666c568/resource/c526a43a-fc82-4ba3-beda-0497a303fc4a/download,/api/dataset/91cc11bb-40d6-4837-9303-84e6a666c568/resource/a5f81758-a5a0-44f2-b24c-7f87ffec6283/download,/api/dataset/91cc11bb-40d6-4837-9303-84e6a666c568/resource/6d2a2636-825d-4ec2-b4f5-9f853add9472/download,/api/dataset/91cc11bb-40d6-4837-9303-84e6a666c568/resource/46bd70db-62a7-4607-b0f2-221eb2002753/download,/api/dataset/91cc11bb-40d6-4837-9303-84e6a666c568/resource/3924acc7-6b11-411e-acd5-aacbe1186a7a/download,/api/dataset/91cc11bb-40d6-4837-9303-84e6a666c568/resource/6fd19e60-2164-4b97-bd41-7059c4c943c8/download",臺北捷運站別時刻表資料服務-連線交通部平臺,SEQNO、RouteID、StationID、StationName、Direction、DestinationStaionID、DestinationStationName、DepartureTimes	ServiceDays、UpdateTime、EffectiveDate,智慧通勤:4; 韌性防災:0; 永續環境:0; 食安健康:0; 勞動福祉:0; 文化共融:0
taipei,513e97fe-6a98-4a0d-b7dc-11122c8638d4,00000518,臺北捷運系統相鄰兩站間之行駛時間、停靠站時間,智慧通勤,False,True,False,table,通勤地圖與交通壓力分析,False,1,交通,交通及通訊,原始資料,捷運公司,,捷運公司,不定期更新,CSV,中文,2015-05-15T00:00:00,/api/dataset/513e97fe-6a98-4a0d-b7dc-11122c8638d4/resource/c32998fa-c9b2-4324-9016-e19fbe0815f1/download,提供臺北捷運系統所有相鄰兩站間之行駛時間、停靠站時間,SeqNo、stationbus、stationA、stationB、traveltime、SeqNo、stoptime、UpdateTime、EffectiveDate,智慧通勤:4; 韌性防災:0; 永續環境:0; 食安健康:0; 勞動福祉:0; 文化共融:0
taipei,4678e6fa-5712-48b9-8ca2-85e0841c4b66,00000454,臺北捷運系統防洪設計標準,智慧通勤,False,True,False,table,通勤地圖與交通壓力分析,False,1,交通,交通及通訊,原始資料,捷運局,,捷運局,不定期更新,CSV,中文,2017-09-18T00:00:00,/api/dataset/4678e6fa-5712-48b9-8ca2-85e0841c4b66/resource/ebbc4637-db6a-4bf6-bfd0-60d8ae39229c/download,"捷運系統大部分路線均置於地下，為避免遭受水患，在系統設計上均有一定之防洪保護設施。臺北都會區捷運系統之防洪規劃設計為整體通盤考量捷運設施功能、使用年限、安全需求、工程經濟及配合大臺北地區防洪計畫之堤防安全與保護程度等因素，採用二百年頻率洪水位加五十公分出水高度作為臺北捷運系統之防洪保護標準，而其防護原則與方式係於上述洪水保護標準下之所有開口(含出土段)及機廠均能有效地防止地面洪水灌入。
",線別、車站/機廠、原車站編號、50年洪水位、100年洪水位、200年洪水位、防洪實際高程、備註,智慧通勤:6; 韌性防災:0; 永續環境:0; 食安健康:0; 勞動福祉:0; 文化共融:0
taipei,cf845b34-7c78-48dc-a5e8-456c33ae82be,00000471,臺北捷運興建中路網各線工程進度累計百分比,智慧通勤,False,True,False,table,通勤地圖與交通壓力分析,False,1,交通,交通及通訊,原始資料,捷運局,,捷運局,不定期更新,CSV,中文,2021-02-01T00:00:00,/api/dataset/cf845b34-7c78-48dc-a5e8-456c33ae82be/resource/3535f460-c939-42b0-8a9d-1e732114a3a5/download,本局截至2026年3月底計算興建中捷運路網各線工程進度並依預定進度執行完成各月執行項目,"項次、縣市代碼、機關代碼、路線名稱、預定進度、實際進度
",智慧通勤:5; 韌性防災:0; 永續環境:0; 食安健康:0; 勞動福祉:0; 文化共融:0
taipei,1dc47e9c-e734-44c5-a1d2-51f3abef69ba,00000629,臺北捷運販賣店出租基本資料,智慧通勤,False,True,False,table,通勤地圖與交通壓力分析,False,1,交通,交通及通訊,原始資料,捷運公司,,捷運公司,不定期更新,"CSV,CSV,CSV,CSV,CSV,CSV",中文,2015-07-31T00:00:00,"/api/dataset/1dc47e9c-e734-44c5-a1d2-51f3abef69ba/resource/0f386216-2c72-42ec-a56c-e79e46f5157c/download,/api/dataset/1dc47e9c-e734-44c5-a1d2-51f3abef69ba/resource/f8fd239b-c3ed-4382-867b-bc548ead0a0d/download,/api/dataset/1dc47e9c-e734-44c5-a1d2-51f3abef69ba/resource/80fa09dc-b715-4fae-98da-a571ef0a3391/download,/api/dataset/1dc47e9c-e734-44c5-a1d2-51f3abef69ba/resource/decf7179-a06b-467a-aa93-55b3c73f8402/download,/api/dataset/1dc47e9c-e734-44c5-a1d2-51f3abef69ba/resource/50112d00-8333-4c20-8f94-e1d2a8d1b003/download,/api/dataset/1dc47e9c-e734-44c5-a1d2-51f3abef69ba/resource/3199bf2f-f8e1-4249-b14c-2ece242400b4/download",臺北捷運所屬販賣店出租基本資料,序號、標的名稱、線別名稱、車站名稱、坪數,智慧通勤:5; 韌性防災:0; 永續環境:0; 食安健康:0; 勞動福祉:0; 文化共融:0
taipei,734f79be-8247-4aff-8fe9-e9de72506de5,00002060,臺北捷運路網資料服務,智慧通勤,False,True,False,table,通勤地圖與交通壓力分析,False,1,交通,交通及通訊,原始資料,捷運公司,,捷運公司,不定期更新,CSV,中文,2020-10-08T00:00:00,/api/dataset/734f79be-8247-4aff-8fe9-e9de72506de5/resource/b5d52ec9-546c-447c-a1be-9035b0c32987/download,臺北捷運路網資料服務-連線交通部平臺,NetworkID、NetworkName、OperatorCode、OperatorName、NetworkMapURL、UpdateTime,智慧通勤:4; 韌性防災:0; 永續環境:0; 食安健康:0; 勞動福祉:0; 文化共融:0
taipei,6d15899a-ff77-4a39-8203-a3addfe1fa28,00002278,臺北捷運路線發車班距頻率資料服務,智慧通勤,False,True,False,table,通勤地圖與交通壓力分析,False,1,交通,交通及通訊,原始資料,捷運公司,,捷運公司,不定期更新,CSV,中文,2020-10-14T00:00:00,/api/dataset/6d15899a-ff77-4a39-8203-a3addfe1fa28/resource/650a2f12-dc02-4733-89d3-46de2fba6a8e/download,臺北捷運路線發車班距頻率資料服務-連線交通部平臺,SEQNO、RouteID、LineID、ServiceDays、SpecialDays、OperationTime、Headways、UpdateTime,智慧通勤:5; 韌性防災:0; 永續環境:0; 食安健康:0; 勞動福祉:0; 文化共融:0
taipei,cb9b4bd5-a648-41be-9287-11bc5b3e2343,00002326,臺北捷運路線資料服務,智慧通勤,False,True,False,table,通勤地圖與交通壓力分析,False,1,交通,交通及通訊,原始資料,捷運公司,,捷運公司,不定期更新,CSV,中文,2020-10-14T00:00:00,/api/dataset/cb9b4bd5-a648-41be-9287-11bc5b3e2343/resource/8a0982a1-0caf-4997-8fc5-e143181bb4af/download,臺北捷運路線資料服務-連線交通部平臺,SEQNO、LineID、LineName、LineColor、IsBranch、LineGroup、UpdateTime,智慧通勤:5; 韌性防災:0; 永續環境:0; 食安健康:0; 勞動福祉:0; 文化共融:0
taipei,8bf00fa8-86a5-437e-b5c7-9bc0fe0e2971,00002275,臺北捷運路線車站資料服務,智慧通勤,False,True,False,table,通勤地圖與交通壓力分析,False,1,交通,交通及通訊,原始資料,捷運公司,,捷運公司,不定期更新,CSV,中文,2020-10-14T00:00:00,/api/dataset/8bf00fa8-86a5-437e-b5c7-9bc0fe0e2971/resource/e3c0e67f-5916-405f-ad9a-41f52a65c2d2/download,臺北捷運路線車站資料,SEQNO、LineID、Stations、UpdateTime、Valid Time,智慧通勤:6; 韌性防災:0; 永續環境:0; 食安健康:0; 勞動福祉:0; 文化共融:0
taipei,f278aa11-f97f-4a6e-a3de-51cb8313524a,00000635,臺北捷運車站免費接駁車路線,智慧通勤,False,True,False,table,通勤地圖與交通壓力分析,False,1,交通,交通及通訊,原始資料,捷運公司,,捷運公司,不定期更新,CSV,中文,2015-07-31T00:00:00,/api/dataset/f278aa11-f97f-4a6e-a3de-51cb8313524a/resource/04a9e3ca-9d96-4f2a-aaef-ead33af206e5/download,臺北捷運車站免費接駁公車路線資料,序號、路線別、車站、免費接駁車路線、更新日期,智慧通勤:7; 韌性防災:0; 永續環境:0; 食安健康:0; 勞動福祉:0; 文化共融:0
taipei,19a3a425-1b95-4e72-a1c4-9eadaef52fc9,00002330,臺北捷運車站出入口資料服務,智慧通勤,False,True,False,table,通勤地圖與交通壓力分析,False,1,交通,交通及通訊,原始資料,捷運公司,,捷運公司,不定期更新,CSV,中文,2020-10-14T00:00:00,/api/dataset/19a3a425-1b95-4e72-a1c4-9eadaef52fc9/resource/c6582350-0d86-437f-b912-29486f4c00a6/download,臺北捷運車站出入口資料服務-連線交通部平臺,SEQNO、StationID、ExitID、ExitName、LocationDescription、Stair、Escalator、Elevator、UpdateTime,智慧通勤:5; 韌性防災:0; 永續環境:0; 食安健康:0; 勞動福祉:0; 文化共融:0
taipei,b1398491-07fe-40da-bb5a-ae73f4e45984,00001743,臺北捷運車站出口公車資訊,智慧通勤,False,True,False,table,通勤地圖與交通壓力分析,False,1,交通,交通及通訊,原始資料,捷運公司,,捷運公司,不定期更新,CSV,中文,2022-01-17T00:00:00,/api/dataset/b1398491-07fe-40da-bb5a-ae73f4e45984/resource/21a42190-91be-4921-96a7-f564c50a270d/download,臺北捷運車站各出口周邊公車路線號及方向,序號、車站、出口、公車名稱、最後更新日期,智慧通勤:7; 韌性防災:0; 永續環境:0; 食安健康:0; 勞動福祉:0; 文化共融:0
taipei,1af7c10f-2386-4ba3-ac3d-85b83035dcc7,00000631,臺北捷運車站廣告契約出租資料,智慧通勤,False,True,False,table,通勤地圖與交通壓力分析,False,1,交通,交通及通訊,原始資料,捷運公司,,捷運公司,不定期更新,CSV,中文,2015-07-31T00:00:00,/api/dataset/1af7c10f-2386-4ba3-ac3d-85b83035dcc7/resource/91290609-2b8b-4130-8ce9-e6085529bc46/download,提供臺北捷運各車站廣告契約出租資料,序號、契約編號、廠商名稱、標的內容、簽約日期、契約終止日,智慧通勤:5; 韌性防災:0; 永續環境:0; 食安健康:0; 勞動福祉:0; 文化共融:0
taipei,d884a9c6-f86c-4854-8da7-e6516ddbe612,00001517,臺北捷運車站無障礙設施異常公告,智慧通勤,False,True,False,table,通勤地圖與交通壓力分析,False,1,交通,交通及通訊,原始資料,捷運公司,,捷運公司,不定期更新,CSV,中文,2020-06-17T00:00:00,/api/dataset/d884a9c6-f86c-4854-8da7-e6516ddbe612/resource/649c44eb-60b5-4746-a353-cbdc6651fc09/download,捷運車站無障礙設施異常公告,六張犁站、電梯、檢修、完成,智慧通勤:5; 韌性防災:0; 永續環境:0; 食安健康:0; 勞動福祉:0; 文化共融:0
taipei,3c799405-4e44-40dd-b747-daed09e88cdb,00001514,臺北捷運車站無障礙設施資料,智慧通勤,False,True,False,table,通勤地圖與交通壓力分析,False,1,交通,交通及通訊,原始資料,捷運公司,,捷運公司,不定期更新,CSV,中文,2018-06-12T00:00:00,/api/dataset/3c799405-4e44-40dd-b747-daed09e88cdb/resource/5d45ef49-d60d-4354-b634-8dcf7d28da07/download,臺北捷運車站各種無障礙設施設置情形資料,Line、Station_Number、Station_Name、Station_Form、PAO、Elevator_and_Wheelchair_Ramps、Ticket_Gates_for_the_Disabled、Toilet_Facilities_for_Disabled、Reserved_Spaces_for_Wheelchairs、Doors_Open_Side、Elevator、Anti_slip_Strips、Train_Destination_Announcements、Public_Address_System、Priority_Seats_for_Visually_Impaired_Passengers、Tactile_Guide_Paths_quantity、Passenger_Information_Display_Systems_count、door_indicator_light_count、Train_Passenger_Information_Systems_quantity、1999_Sign_Language_Service_quantity,智慧通勤:5; 韌性防災:0; 永續環境:0; 食安健康:0; 勞動福祉:0; 文化共融:0
taipei,1eefa68d-7c8d-491b-8e75-66a161947426,00002317,臺北捷運車站資料服務,智慧通勤,False,True,False,table,通勤地圖與交通壓力分析,False,1,交通,交通及通訊,原始資料,捷運公司,,捷運公司,不定期更新,CSV,中文,2020-10-14T00:00:00,/api/dataset/1eefa68d-7c8d-491b-8e75-66a161947426/resource/c77e91bf-067c-475e-917b-545ff62b7d76/download,臺北捷運車站資料服務-連線交通部平臺,SEQNO、StationID、StationName、StationPosition、StationAddress、BikeAllowOnHoliday、UpdateTime,智慧通勤:5; 韌性防災:0; 永續環境:0; 食安健康:0; 勞動福祉:0; 文化共融:0
taipei,782c2b71-8f5a-4575-9bf2-e86999be2863,00000278,臺北捷運轉乘車站轉乘步行時間,智慧通勤,False,True,False,table,通勤地圖與交通壓力分析,False,1,交通,交通及通訊,原始資料,捷運公司,,捷運公司,不定期更新,CSV,中文,2012-05-28T00:00:00,/api/dataset/782c2b71-8f5a-4575-9bf2-e86999be2863/resource/14fd1af0-dc2b-4174-87d4-fcb9de783496/download,提供臺北捷運所有轉乘車站之轉乘步行估計時間,轉乘車站、轉乘步行時間、UpdateTime、EffectiveDate,智慧通勤:6; 韌性防災:0; 永續環境:0; 食安健康:0; 勞動福祉:0; 文化共融:0
taipei,58e8be7e-3c77-4222-9d8c-26003c2a2cab,00002292,臺北捷運首末班車時刻表資料服務,智慧通勤,False,True,False,table,通勤地圖與交通壓力分析,False,1,交通,交通及通訊,原始資料,捷運公司,,捷運公司,不定期更新,CSV,中文,2020-10-14T00:00:00,/api/dataset/58e8be7e-3c77-4222-9d8c-26003c2a2cab/resource/c3e1e320-0e29-4521-9ca7-4163190edee1/download,臺北捷運首末班車時刻表資料服務-連線交通部平臺,SEQNO、LineID、StationID、TripHeadSign、DestinationStaionID、DestinationStationName、FirstTrainTime、LastTrainTime、ServiceDays、UpdateTime,智慧通勤:4; 韌性防災:0; 永續環境:0; 食安健康:0; 勞動福祉:0; 文化共融:0
taipei,befda230-f023-4eb5-8b4f-ec6111fc07ec,00003345,臺北都市計畫變更案,智慧通勤,False,True,False,table,通勤地圖與交通壓力分析,False,1,交通,交通及通訊,原始資料,捷運局,,捷運局,不定期更新,CSV,中文,2020-12-15T00:00:00,/api/dataset/befda230-f023-4eb5-8b4f-ec6111fc07ec/resource/b8453f04-8783-4f16-94db-57f486dfb28f/download,捷運局辦理之都市計畫變更案,"序號、縣市代碼、機關代碼、都市計畫變更名稱、變更法源依據、辦理情形
",智慧通勤:4; 韌性防災:0; 永續環境:0; 食安健康:0; 勞動福祉:0; 文化共融:0
taipei,afccd2ac-75b1-4362-9099-45983e332776,00000197,臺北都會區大眾捷運系統路網圖,智慧通勤,False,True,False,table,通勤地圖與交通壓力分析,False,1,交通,交通及通訊,原始資料,捷運局,,捷運局,不定期更新,JSON,中文,2020-02-04T00:00:00,/api/dataset/afccd2ac-75b1-4362-9099-45983e332776/resource/1139b06e-8128-4a07-8148-f27f038bd8b4/download,臺北都會區大眾捷運系統路網GIS圖資,路線名稱、點位資料,智慧通勤:5; 韌性防災:0; 永續環境:0; 食安健康:0; 勞動福祉:0; 文化共融:0
taipei,825b6722-28f8-4a84-8022-6d3454bd8942,00001654,電動公車,智慧通勤,False,True,False,table,通勤地圖與交通壓力分析,False,1,交通,交通及通訊,網路服務,交通局,公運處,交通局公運處,不定期更新,CSV,中文,2020-05-04T00:00:00,/api/dataset/825b6722-28f8-4a84-8022-6d3454bd8942/resource/099332d8-690e-499b-99a9-1bbfaf065258/download,臺北市電動公車行駛路線,序號(序號)、縣市(縣市)、營運路線(起點訖點)、路線編號(番號)、電動公車輛數(臺),智慧通勤:5; 韌性防災:0; 永續環境:0; 食安健康:0; 勞動福祉:0; 文化共融:0
