city,dataset_id,dataset_no,name,theme,has_location,has_time,has_numeric,data_type,main_usage,cross_city_pair,priority_score,raw_theme,service_category,dataset_type,provider_level_1,provider_level_2,provider,update_frequency,format,language,published_at,access_url,description,fields,theme_score_detail
newtaipei,E86A3F65-CB0E-423F-80AA-B2B69A017799,,新北市藍色公路碼頭,韌性防災,True,True,False,area,災害風險與避難資源分析,True,4,水利,交通及通訊,,,,新北市政府水利局/河川計畫科,不更新,JSON、CSV、XML,中文,,https://data.ntpc.gov.tw/datasets/e86a3f65-cb0e-423f-80aa-b2b69a017799,"新北市所屬藍色公路碼頭位置資訊
",,智慧通勤:1; 韌性防災:2; 永續環境:0; 食安健康:0; 勞動福祉:0; 文化共融:0
newtaipei,FAE7F80A-B075-4977-A654-BFDC11DC4CC6,,新北市颱風期間各型移動式抽水機佈設資訊,韌性防災,True,True,True,area,災害風險與避難資源分析,False,4,水利,生活安全及品質,,,,新北市政府水利局/雨水下水道工程科,每年,JSON、CSV、XML,中文,,https://data.ntpc.gov.tw/datasets/fae7f80a-b075-4977-a654-bfdc11dc4cc6,提供本市陸上颱風警報發佈後於易積淹水地區佈設各型移動式抽水機之基本資訊(如：地區、位置、機型名稱、數量、排出口),,智慧通勤:0; 韌性防災:5; 永續環境:0; 食安健康:0; 勞動福祉:0; 文化共融:0
newtaipei,803D19E4-B252-41CC-B1A3-A91F9C60D74B,,林口區內滯洪設施位置及用地面積,韌性防災,True,True,True,area,災害風險與避難資源分析,False,4,水利,公共資訊,,,,新北市政府水利局/水利工程養護科,每年,JSON、CSV、XML,中文,,https://data.ntpc.gov.tw/datasets/803d19e4-b252-41cc-b1a3-a91f9c60d74b,"滯洪池：位於河溪湖泊內、或鄰接處、或支流上開挖出的區域，將地表逕流暫時儲存以收調節洪水功效，降低因為暴雨尖峰流量對下游低勢地區所帶來的傷害。
提供之基本資訊(如：都市計畫用地編號、總集水面積(km2)、地籍面積(m2)、滯洪池使用面積(m2)、現地使用情形) 
新增加欄位：公園 / 停車場名稱及位置",,智慧通勤:1; 韌性防災:2; 永續環境:0; 食安健康:0; 勞動福祉:0; 文化共融:0
taipei,f327232d-9230-44d0-bf0c-df151802da32,00003479,114年臺北市可供避難收容處所一覽表,韌性防災,True,True,True,point,災害風險與避難資源分析,False,4,社福,公共資訊,網路服務,社會局,,社會局,不定期更新,CSV,中文,2020-12-25T00:00:00,/api/dataset/f327232d-9230-44d0-bf0c-df151802da32/resource/3f20cc14-91a9-41de-8d03-6e019ec4d82c/download,提供114年臺北市可供避難收容處所一覽表,序號、名稱、縣市、鄉鎮、村里、門牌地址、類型、水災、震災、土石流、海嘯、救濟支站、無障礙設施、室內、室外、服務里別、容納人數、收容所面積（平方公尺）,智慧通勤:0; 韌性防災:2; 永續環境:0; 食安健康:0; 勞動福祉:1; 文化共融:0
taipei,83eecdf1-3bbb-40f9-9484-b55b700c37ef,00004092,北市警政APP_防空避難設備位置,韌性防災,True,True,True,point,災害風險與避難資源分析,False,4,統計,公共資訊,原始資料,警察局,,警察局,不定期更新,CSV,中文,2022-02-14T00:00:00,/api/dataset/83eecdf1-3bbb-40f9-9484-b55b700c37ef/resource/39ca53a1-c861-40bc-b329-fc9b28c10e01/download,北市警政APP防空避難設備位置,項次、行政區、分局、名稱、里別、地址、地下層數位址、容納人數、座標x、座標y、場所名稱,智慧通勤:0; 韌性防災:2; 永續環境:0; 食安健康:0; 勞動福祉:0; 文化共融:0
taipei,75aa4c40-db2a-47b7-8f0a-b10d4ff9788b,00000317,臺北市停水資訊(大臺北地區),韌性防災,True,True,True,area,災害風險與避難資源分析,False,4,水利,生活安全及品質,原始資料,北水處,,北水處,不定期更新,JSON,中文,2012-01-04T00:00:00,https://webs.water.gov.taipei/apps/outage.asmx/outageOpenData,大臺北地區停水資訊(臺北自來水事業處供水區域)，本項自109年8月10日起變更資料來源，請由預覽-資料存取網址https://webs.water.gov.taipei/apps/outage.asmx/outageOpenData介接大臺北地區停水資訊，下方最後更新時間係詮釋資料更新時間，實際停水時間以連結資料為準。,SW_No(停水案件系統代碼)、Date(預定停水日期起訖)、Time(預定停水時間起訖)、SW_Area(停水區域)、Title(標題)、Description(停水通知內容)、MapUrl(停水地圖)、PubDate(公告日期),智慧通勤:0; 韌性防災:2; 永續環境:0; 食安健康:0; 勞動福祉:0; 文化共融:0
taipei,d2c08bee-87f7-49b1-a914-b73e8a5e1042,00002988,臺北市公共危險物品執行情形,韌性防災,True,True,True,area,災害風險與避難資源分析,False,4,消防,公共資訊,原始資料,消防局,,消防局,每1年,CSV,中文,2020-11-09T00:00:00,/api/dataset/d2c08bee-87f7-49b1-a914-b73e8a5e1042/resource/97cb3d76-e7ea-42b7-9262-c5467af688bc/download,公共危險物品檢查情形、違規處理情形、裁處件次,縣市別、列管家數、未達30倍、30倍以上、檢查件次、合格件次、不合格件次、檢查率、合格率、不合格件次合計、不合格情形-位置構造設備、不合格情形-安全管理、不合格情形-消防安全設備、違規處理情形-限改件次、違規處理情形-舉發件次、違規處理情形-停業或停止使用、處罰鍰件次、處罰鍰金額、罰鍰收繳情形-件次、罰鍰收繳情形-金額、強制執行件次,智慧通勤:0; 韌性防災:3; 永續環境:0; 食安健康:0; 勞動福祉:0; 文化共融:0
taipei,f4c37044-5ce0-4c80-9175-69c4f9fee585,00003921,臺北市列管建築物,韌性防災,True,True,True,area,災害風險與避難資源分析,False,4,消防,公共資訊,原始資料,消防局,,消防局,不定期更新,CSV,中文,2021-06-07T00:00:00,/api/dataset/f4c37044-5ce0-4c80-9175-69c4f9fee585/resource/3cd0ff59-46aa-433e-b1d6-63d8ef48d948/download,臺北市建築物列管統計,區域別、合計、5層以下（統計數值）、6樓層（統計數值）、7樓層（統計數值）、8樓層（統計數值）、9樓層（統計數值）、10樓層（統計數值）、11樓層（統計數值）、12樓層（統計數值）、13樓層（統計數值）、14樓層（統計數值）、15樓層（統計數值）、16樓層（統計數值）、17樓層（統計數值）、18樓層（統計數值）、19樓層（統計數值）、20樓層（統計數值）、21樓層（統計數值）、22樓層（統計數值）、23樓層（統計數值）、24樓層（統計數值）、25樓層（統計數值）、26樓層（統計數值）、27樓層（統計數值）、28樓層（統計數值）、29樓層（統計數值）、30層以上（統計數值）,智慧通勤:0; 韌性防災:3; 永續環境:0; 食安健康:0; 勞動福祉:0; 文化共融:0
taipei,aaf97773-3631-40e2-b3cc-da87bf2ce1d5,00002066,臺北市可供避難收容處所一覽表,韌性防災,True,True,True,point,災害風險與避難資源分析,False,4,消防,公共資訊,原始資料,教育局,,教育局,不定期更新,CSV,中文,2021-03-25T00:00:00,/api/dataset/aaf97773-3631-40e2-b3cc-da87bf2ce1d5/resource/4c92dbd4-d259-495a-8390-52628119a4dd/download,臺北市可供避難收容處所一覽表（原各類防災任務學校一覽表）,收容所編號、名稱、縣市、鄉鎮、村里、門牌地址、類型、水災、震災、土石流、海嘯、救濟支站、無障礙設施、室內、室外、服務里別、容納人數、收容所面積（平方公尺）、聯絡人姓名、聯絡人連絡電話、管理人姓名、管理人連絡電話、備考,智慧通勤:0; 韌性防災:6; 永續環境:0; 食安健康:0; 勞動福祉:0; 文化共融:0
taipei,2f4cc0c2-dcae-4926-9139-c403cd0e3500,00002834,臺北市各年度消防緊急救護到院前心肺功能停止傷病患統計,韌性防災,True,True,True,point,災害風險與避難資源分析,False,4,消防,公共資訊,原始資料,消防局,,消防局,每1年,"CSV,CSV,CSV,CSV,CSV,CSV,CSV,CSV",中文,2022-01-08T00:00:00,"/api/dataset/2f4cc0c2-dcae-4926-9139-c403cd0e3500/resource/6fa9dda1-2b2a-438c-be8d-ccb3e4658caf/download,/api/dataset/2f4cc0c2-dcae-4926-9139-c403cd0e3500/resource/a7cc65a1-a869-4a00-9202-3b75140e91f4/download,/api/dataset/2f4cc0c2-dcae-4926-9139-c403cd0e3500/resource/f9b7a27d-105f-489f-a25a-bb8db5d20052/download,/api/dataset/2f4cc0c2-dcae-4926-9139-c403cd0e3500/resource/e82c7783-9eab-46ac-8766-2f31e4682ce8/download,/api/dataset/2f4cc0c2-dcae-4926-9139-c403cd0e3500/resource/9cf7f714-bec2-4d3a-bcf8-9cd533ae9166/download,/api/dataset/2f4cc0c2-dcae-4926-9139-c403cd0e3500/resource/8f697160-b76e-43cc-9a2e-e1e86853c077/download,/api/dataset/2f4cc0c2-dcae-4926-9139-c403cd0e3500/resource/37ff28ec-0be6-4964-badc-2fbfc3649506/download,/api/dataset/2f4cc0c2-dcae-4926-9139-c403cd0e3500/resource/c9b6acaf-73a3-47f0-bffb-05a77918d576/download",本局各年度各行政區及各場所類別OHCA人數統計,區域別、到院前心肺功能停止人數、有目擊者人數、有旁觀者CPR人數、有使用PAD人數、院前ROSC人數、住宅人數、工廠工作地點人數、運動中心人數、街道公路人數、公共建築人數、療養院人數、教育學校人數、捷運站車站機場人數、診所護理之家人數、其他人數、不清楚人數,智慧通勤:2; 韌性防災:4; 永續環境:0; 食安健康:1; 勞動福祉:0; 文化共融:0
taipei,6bed0f15-68a5-4795-978e-b2d360a7ec74,00031912,臺北市土石流雨量警戒值,韌性防災,True,True,True,area,災害風險與避難資源分析,False,4,消防,生活安全及品質,原始資料,工務局,大地處,工務局大地處,不定期更新,CSV,中文,2023-10-04T00:00:00,/api/dataset/6bed0f15-68a5-4795-978e-b2d360a7ec74/resource/153d7a17-14f8-4e03-ab8a-13430f0c93bb/download,"114年本市土石流保全住戶調查結果共涵蓋4個行政轄區、8個里、10條土石流潛勢溪流，截至114.8.31調查結果，土石流保全住戶實際居住人數總計共100戶、戶籍人數279人、實居227人。
",溪流編號、行政區、村里、土石流警戒雨量值（mm／24hr）、參考雨量站、保全住戶戶數、保全住戶人數,智慧通勤:0; 韌性防災:5; 永續環境:0; 食安健康:0; 勞動福祉:0; 文化共融:0
taipei,c4b62974-e512-4b08-badf-8055875361be,00003946,臺北市強降雨災害河川、海岸及區域排水損失情形統計,韌性防災,True,True,True,area,災害風險與避難資源分析,False,4,水利,生活安全及品質,原始資料,工務局,水利處,工務局水利處,每1年,CSV,中文,2021-06-21T00:00:00,/api/dataset/c4b62974-e512-4b08-badf-8055875361be/resource/7b1a04f6-2586-41d6-8efc-e26079095123/download,依據發生強降雨災害編製。,日期、受災區域、工程數量、災害受損狀況、預估損失經費金額、預估搶修及復建經費金額、備註,智慧通勤:0; 韌性防災:3; 永續環境:1; 食安健康:0; 勞動福祉:0; 文化共融:0
taipei,c173d59c-00ad-4f16-aaf9-f2d8f9bce48c,00001192,臺北市政府工務局水利工程處防溺告示牌救生圈座標位置,韌性防災,True,True,True,point,災害風險與避難資源分析,False,4,水利,生活安全及品質,原始資料,工務局,水利處,工務局水利處,不定期更新,CSV,中文,2020-04-28T00:00:00,/api/dataset/c173d59c-00ad-4f16-aaf9-f2d8f9bce48c/resource/961bb7ad-bd80-473c-be0f-3322a2e435d7/download,"臺北市河濱防溺設備(WGS84)類型、數量、設置地點簡述，提供CSV檔案格式，採WGS84座標系統呈現
","編號、告示牌設施、救生圈設施、位置、緯度、經度
",智慧通勤:0; 韌性防災:2; 永續環境:0; 食安健康:0; 勞動福祉:0; 文化共融:0
taipei,9adc3f7b-ef37-4e4e-b538-deb1e567d5db,00003318,臺北市政府消防局受理各類案件統計表,韌性防災,True,True,True,area,災害風險與避難資源分析,False,4,消防,公共資訊,原始資料,消防局,,消防局,不定期更新,CSV,中文,2020-12-14T00:00:00,/api/dataset/9adc3f7b-ef37-4e4e-b538-deb1e567d5db/resource/74ca9115-8c85-41d8-8b2e-73d4a422382c/download,提供臺北市政府消防局受理各類型案件數量,統計期間、行政區、受理火災統計數值、受理救護統計數值、受理捕蜂抓蛇統計數值、受理其他動物救援統計數值、受理送水統計數值、受理民眾受困統計數值、受理打撈浮屍統計數值、受理其他統計數值、總計,智慧通勤:0; 韌性防災:5; 永續環境:0; 食安健康:0; 勞動福祉:0; 文化共融:0
taipei,60741b6b-7ce0-4650-a5ff-19d0dc8e9171,00002831,臺北市政府消防局各年度救護車收費開立件數,韌性防災,True,True,True,area,災害風險與避難資源分析,False,4,消防,公共資訊,原始資料,消防局,,消防局,每1年,CSV,中文,2020-11-10T00:00:00,/api/dataset/60741b6b-7ce0-4650-a5ff-19d0dc8e9171/resource/87b09b3f-f52e-496b-b02c-07822d13cc37/download,臺北市政府消防局各年度救護車收費開立件數:區域別、收費開立件數,年度、告知單發放件數、收費開立件數、實收件數、繳款率,智慧通勤:0; 韌性防災:3; 永續環境:0; 食安健康:0; 勞動福祉:0; 文化共融:0
taipei,9c618632-b143-4c90-bf76-8a7a61510d60,00001670,臺北市政府消防局緊急救護到院前心肺功能停止傷病患統計,韌性防災,True,True,True,point,災害風險與避難資源分析,False,4,消防,公共資訊,原始資料,消防局,,消防局,不定期更新,CSV,中文,2022-03-02T00:00:00,/api/dataset/9c618632-b143-4c90-bf76-8a7a61510d60/resource/04854f12-ffd0-4227-8457-0c9d03a84613/download,本局各月各行政區及各場所類別OHCA人數統計,月、到院前心肺功能停止人數、非EMS目擊人數、EMS目擊人數、有旁觀者CPR人數、有使用PAD人數、院前ROSC人數、住宅人數、工廠工作地點人數、運動中心人數、街道公路人數、公共建築人數、療養院人數、教育/學校人數、捷運站車站機場人數、診所護理之家人數、其他人數、不清楚人數,智慧通勤:2; 韌性防災:4; 永續環境:0; 食安健康:1; 勞動福祉:0; 文化共融:0
taipei,0d29e6c3-6c70-44ea-9f86-afbb60291800,00002690,臺北市水利處年度區域排水清疏,韌性防災,True,True,True,area,災害風險與避難資源分析,False,4,水利,生活安全及品質,網路服務,工務局,水利處,工務局水利處,每1年,CSV,中文,2020-11-03T00:00:00,/api/dataset/0d29e6c3-6c70-44ea-9f86-afbb60291800/resource/434e4575-0c23-4737-843a-911687f36ec8/download,區域排水清疏資料，提供CSV檔案格式,項次、年度、河川區域名稱、詳細位置、清淤數量,智慧通勤:0; 韌性防災:2; 永續環境:1; 食安健康:0; 勞動福祉:0; 文化共融:0
taipei,47dc3b43-e4a7-420d-a080-c25fc8586dc1,00001090,臺北市水利處獨立閘閥門,韌性防災,True,True,True,point,災害風險與避難資源分析,False,4,水利,公共資訊,網路服務,工務局,水利處,工務局水利處,不定期更新,CSV,中文,2016-06-30T00:00:00,/api/dataset/47dc3b43-e4a7-420d-a080-c25fc8586dc1/resource/6ba65fa8-8dbe-4a40-a187-9c6314e95dc6/download,獨立閘閥門點位資料，採用座標系統TWD97-TM2,GATE_NO(閘門編號)、X坐標、Y坐標、GATE_W長度(閘門寬度)、GATE_H長度(閘門深度)、GATE__NUM數量、GATE__MAT、UP_PNO(上游管線編號)、OUT_BEL標高(出口底高程)、G_EL標高(地面高程)、WARN_EL標高(維持開啟警戒外水位)、LG_EL標高(集水區最低地盤高程)、RIVER(排入河川名稱)、RIVER_1(河川斷面編號里程)、OPERATN(操作方式)、OP_TIME、MANAGER(管理單位)、MAINTEIN(維護單位),智慧通勤:0; 韌性防災:2; 永續環境:1; 食安健康:0; 勞動福祉:0; 文化共融:0
taipei,432fd7f7-8484-4bf9-a8a5-b8142d5bef1c,00001084,臺北市水利處臨時抽水井,韌性防災,True,True,True,point,災害風險與避難資源分析,False,4,水利,公共資訊,原始資料,工務局,水利處,工務局水利處,不定期更新,CSV,中文,2020-07-09T00:00:00,/api/dataset/432fd7f7-8484-4bf9-a8a5-b8142d5bef1c/resource/f92a5822-a9db-4617-b87a-0fc6b4a0fd2d/download,市轄臨時抽水井位置及名稱採用座標系統TWD97-TM2(zone121)座標提供CSV檔案格式,臨時抽水井、抽水機數量、行政區域、建置年度、管理單位、X坐標、Y坐標,智慧通勤:0; 韌性防災:2; 永續環境:0; 食安健康:0; 勞動福祉:0; 文化共融:0
taipei,6b05d331-4eb8-4f0f-a95c-f619511839e7,00001082,臺北市水利處閘閥門,韌性防災,True,True,True,point,災害風險與避難資源分析,False,4,水利,公共資訊,原始資料,工務局,水利處,工務局水利處,不定期更新,CSV,中文,2020-07-09T00:00:00,/api/dataset/6b05d331-4eb8-4f0f-a95c-f619511839e7/resource/a6546ae5-8d02-4b9c-8b4a-b149228c8cf3/download,市轄閘閥門位置及名稱採用座標系統TWD97-TM2(zone121)座標提供CSV檔案格式,Name(閘閥門名稱)、閘門類別、閥門類別、尺寸、數量、河系名稱、行政區域、管理單位別、X坐標、Y坐標,智慧通勤:0; 韌性防災:2; 永續環境:0; 食安健康:0; 勞動福祉:0; 文化共融:0
taipei,a9228b5e-84fc-4781-916c-6c3e186b9f0c,00001106,臺北市河濱生態兩棲,韌性防災,True,True,True,point,災害風險與避難資源分析,False,4,水利,公共資訊,原始資料,工務局,水利處,工務局水利處,不定期更新,CSV,中文,2016-07-07T00:00:00,/api/dataset/a9228b5e-84fc-4781-916c-6c3e186b9f0c/resource/f8398c69-5216-4b70-a40b-f34a5d7b0fc0/download,臺北市淡水河、新店溪、景美溪及雙溪兩棲動物種類及相關分布位置等相關調查資料，提供CSV檔案格式，採TWD97座標系統呈現,No(項次)、Group(類別)、Family(科名)、Name_S(學名)、Name_C(中文名稱)、Endemic(特有性)、Alien(外來種)、西元年、Month(月)、Date(日)、Time(時間)、Park(公園)、Region(區域)、X坐標(經度TWD97)、Y坐標(緯度TWD97)、數量、Investgat(調查人員),智慧通勤:0; 韌性防災:2; 永續環境:0; 食安健康:0; 勞動福祉:0; 文化共融:0
taipei,4cb2cb61-1b3f-4c0f-894b-353266b8a06b,00001107,臺北市河濱生態底棲,韌性防災,True,True,True,point,災害風險與避難資源分析,False,4,水利,公共資訊,原始資料,工務局,水利處,工務局水利處,不定期更新,CSV,中文,2016-07-07T00:00:00,/api/dataset/4cb2cb61-1b3f-4c0f-894b-353266b8a06b/resource/db100213-001f-4eb1-a2b3-008c9928a201/download,臺北市淡水河、新店溪、景美溪及雙溪底棲動物種類及分布位置等相關調查資料，提供CSV檔案格式，採TWD97座標系統呈現,No(項次)、Group(類別)、Family(科名)、Name_S(學名)、Name_C(中文名稱)、Alien(外來種)、西元年、Month(月)、Date(日)、Region(區域)、TWD97_X(經度TWD97)、TWD97_Y(緯度TWD97)、數量,智慧通勤:0; 韌性防災:2; 永續環境:0; 食安健康:0; 勞動福祉:0; 文化共融:0
taipei,320ee03a-7944-4033-9317-1373fa8615f8,00001105,臺北市河濱生態爬蟲,韌性防災,True,True,True,point,災害風險與避難資源分析,False,4,水利,公共資訊,原始資料,工務局,水利處,工務局水利處,不定期更新,CSV,中文,2016-07-07T00:00:00,/api/dataset/320ee03a-7944-4033-9317-1373fa8615f8/resource/858fb5fa-2a98-4fd1-b924-44380c240016/download,臺北市淡水河、新店溪、景美溪及雙溪爬蟲動物種類及相關分布位置等相關調查資料，提供CSV檔案格式，採TWD97座標系統呈現,No(項次)、Group(類別)、Family(科名)、Name_S(學名)、Name_C(中文名稱)、Endemic(特有性)、Alien、西元年、Month(月)、Date(日)、Time(時間)、Region(區域)、X坐標(經度TWD97)、Y坐標(緯度TWD97)、數量,智慧通勤:0; 韌性防災:2; 永續環境:0; 食安健康:0; 勞動福祉:0; 文化共融:0
taipei,eb191768-7477-499f-af96-286d7ff31719,00001104,臺北市河濱生態蜻蜓,韌性防災,True,True,True,point,災害風險與避難資源分析,False,4,水利,公共資訊,原始資料,工務局,水利處,工務局水利處,不定期更新,CSV,中文,2016-07-07T00:00:00,/api/dataset/eb191768-7477-499f-af96-286d7ff31719/resource/923f46a5-0456-4613-93c8-ed5ee1cdc033/download,臺北市淡水河、新店溪、景美溪及雙溪蜻蜓種類及相關分布位置等相關調查資料，提供CSV檔案格式，採TWD97座標系統呈現,No(項次)、Family(科名)、Name_S(學名)、Name_C(中文名稱)、西元年、Month(月)、Date(日)、Region(區域)、X坐標(經度TWD97)、Y坐標(緯度TWD97)、數量,智慧通勤:0; 韌性防災:2; 永續環境:0; 食安健康:0; 勞動福祉:0; 文化共融:0
taipei,679ae4e4-0fc2-4ac5-8db0-bab87990ada4,00001103,臺北市河濱生態蝴蝶,韌性防災,True,True,True,point,災害風險與避難資源分析,False,4,水利,公共資訊,原始資料,工務局,水利處,工務局水利處,不定期更新,CSV,中文,2016-07-07T00:00:00,/api/dataset/679ae4e4-0fc2-4ac5-8db0-bab87990ada4/resource/a994c3a2-5f0f-4575-93f1-7e32142a8ed3/download,臺北市淡水河、新店溪、景美溪及雙溪蝴蝶種類及相關分布位置等相關調查資料，提供CSV檔案格式，採TWD97座標系統呈現,No(項次)、Family(科名)、Name_S(學名)、Name_C(中文名稱)、Endemic(特有性)、西元年、Month(月)、Date(日)、Region(區域)、X坐標(經度TWD97)、Y坐標(緯度TWD97)、數量,智慧通勤:0; 韌性防災:2; 永續環境:0; 食安健康:0; 勞動福祉:0; 文化共融:0
taipei,8eea1e09-055b-4b3d-9472-b96744b1727e,00001108,臺北市河濱生態鳥類,韌性防災,True,True,True,point,災害風險與避難資源分析,False,4,水利,公共資訊,原始資料,工務局,水利處,工務局水利處,不定期更新,CSV,中文,2016-07-07T00:00:00,/api/dataset/8eea1e09-055b-4b3d-9472-b96744b1727e/resource/447dfeec-f3c8-4229-8640-c7f98dd0bd8f/download,臺北市淡水河、新店溪、景美溪及雙溪鳥類動物種類及相關分布位置等相關調查資料，提供CSV檔案格式，採TWD97座標系統呈現,Family(科名)、Name_S(學名)、Name_C(中文名稱)、Endemic(特有性)、Alien(外來種)、Status(狀態)、西元年、Month(月)、Date(日)、Region(區域)、X_TWD97(經度TWD97)、Y_TWD97(緯度TWD97)、數量、Investgat(調查人員),智慧通勤:0; 韌性防災:2; 永續環境:0; 食安健康:0; 勞動福祉:0; 文化共融:0
taipei,8447fa47-6593-4780-ae9d-726338f7b95a,00003922,臺北市消防安全設備查察處理,韌性防災,True,True,True,area,災害風險與避難資源分析,False,4,消防,公共資訊,原始資料,消防局,,消防局,不定期更新,CSV,中文,2021-06-07T00:00:00,/api/dataset/8447fa47-6593-4780-ae9d-726338f7b95a/resource/e09ebd14-e8c4-4b7a-8a17-9f4885d733a1/download,消防安全設備檢查統計,區域別、期底列管家數、檢查件次、檢查合格件次、檢查不合格件次、檢查率、檢查合格率、複查件次、複查不合格件次、複查不合格率、違規-檢查舉發件次、違規-限期改善件次、違規-複查舉發件次、違規-停業或停止使用、違規-處罰鍰件次、違規-處罰鍰金額-元、罰鍰收繳件次、罰鍰收繳金額-元、強制執行件次,智慧通勤:0; 韌性防災:3; 永續環境:0; 食安健康:0; 勞動福祉:0; 文化共融:0
taipei,c625425a-2f71-4bca-8533-6afb1d0d14b7,00002985,臺北市消防安全設備檢修申報,韌性防災,True,True,True,area,災害風險與避難資源分析,False,4,消防,生活安全及品質,原始資料,消防局,,消防局,不定期更新,CSV,中文,2020-11-09T00:00:00,/api/dataset/c625425a-2f71-4bca-8533-6afb1d0d14b7/resource/61157191-dde4-4839-897b-af4237bba562/download,臺北市甲類場所及非甲類場所消防安全設備檢修申報家數、申報率、複查情形、違規處理情形,區域別、甲類場所_本期應申報家數、甲類場所_上年同期申報家數、甲類場所_上年同期申報率、甲類場所_本期申報家數、甲類場所_本期申報率、甲類場所_合格申報家數、甲類以外場所_本期應申報家數、甲類以外場所_上年同期申報家數、甲類以外場所_上年同期申報率、甲類以外場所_本期申報家數、甲類以外場所_本期申報率、甲類以外場所_合格申報家數、甲類場所專業性複查情形_複查本期申報總家數、甲類場所專業性複查情形_複查本期複查總家數、甲類場所專業性複查情形_本期複查率、甲類場所以外專業性複查情形_本期申報總家數、甲類場所以外專業性複查情形_本期複查總家數、甲類場所以外專業性複查情形_本期複查率、違規處理_逾期未檢修申報罰鍰件次、違規處理_消防專技人員違規罰鍰件次、違規處理_檢修機構違規罰鍰件次、違規處理_總件次、違規處理_總金額、罰鍰收繳件次、罰鍰收繳金額、強制執行件次,智慧通勤:0; 韌性防災:3; 永續環境:0; 食安健康:0; 勞動福祉:0; 文化共融:0
taipei,679a0801-8cb0-4c64-91ad-952c1b9e5e84,00029522,臺北市消防水源,韌性防災,True,True,True,area,災害風險與避難資源分析,False,4,消防,公共資訊,原始資料,消防局,,消防局,不定期更新,CSV,中文,2022-07-22T00:00:00,/api/dataset/679a0801-8cb0-4c64-91ad-952c1b9e5e84/resource/1823a45d-bcaa-4dd5-baf8-cdcf5d34be79/download,臺北市消防栓數量,編號、行政區代碼、地上式數量、地下式數量、檢測數量、平均每口流量、蓄水池數量、游泳池數量、深水井數量,智慧通勤:0; 韌性防災:3; 永續環境:0; 食安健康:0; 勞動福祉:0; 文化共融:0
taipei,3c714c36-0500-470d-bbf3-a5aa5c493a37,00003211,臺北市火災出動人員、車輛、船艇、直升機統計表,韌性防災,True,True,True,area,災害風險與避難資源分析,False,4,消防,交通及通訊,原始資料,消防局,,消防局,不定期更新,CSV,中文,2020-12-09T00:00:00,/api/dataset/3c714c36-0500-470d-bbf3-a5aa5c493a37/resource/0e63f331-fb21-4606-8826-1d8aecab4cb7/download,臺北市每月火災出動人員、車輛、船艇、直升機統計表,行政區、出動合計、出動消防人員、出動義消人員、出動其他人員、救出人數、出動車輛合計、直線雲梯消防車、曲折雲梯消防車、化學消防車、水箱消防車、水庫消防車、泡沫消防車、幫浦消防車、超高壓消防車、救助器材車、排煙車、照明車、空氣壓縮車、救災指揮車、水陸兩用車、災情勘查車、化災處理車、火災現場勘驗車、消防警備車、消防救災越野車、消防救災機車、緊急修護車、一般型救護車、加護型救護車、救生艇、直昇機、其他車輛,智慧通勤:1; 韌性防災:7; 永續環境:1; 食安健康:0; 勞動福祉:0; 文化共融:0
taipei,416bc1f7-ffcf-4c0f-b28c-86caa0723dac,00030198,臺北市火災資料統計年報表,韌性防災,True,True,True,area,災害風險與避難資源分析,False,4,消防,生活安全及品質,原始資料,消防局,,消防局,每1月,"CSV,CSV,CSV",中文,2023-04-11T00:00:00,"/api/dataset/416bc1f7-ffcf-4c0f-b28c-86caa0723dac/resource/fb6724e9-b500-4318-80ae-f8ca3b138c44/download,/api/dataset/416bc1f7-ffcf-4c0f-b28c-86caa0723dac/resource/fb1c1464-e90f-453c-b72f-b207f0a50741/download,/api/dataset/416bc1f7-ffcf-4c0f-b28c-86caa0723dac/resource/708a502c-28af-4bf8-b0fe-c94dcb4bddc0/download",提供本市每月火災各項統計資訊,行政區、火災次數、火災分類_建築物、火災分類_森林田野、火災分類_車輛、火災分類_船舶、火災分類_航空器、火災分類_其他、起火時段_0-3時、起火時段_3-6時、起火時段_6-9時、起火時段_9-12時、起火時段_12-15時、起火時段_15-18時、起火時段_18-21時、起火時段_21-24時、死亡人數_男、死亡人數_女、受傷人數_男、受傷人數_女、財物損失金額（千元）、建物高度_5層以下、建物高度_6至10層、建物高度_11至20層、建物高度_21至30層、建物高度_31層以上、建物用途_住宅、建物用途_營業場所、建物用途_作業場所、建物用途_倉庫、建物用途_空屋或修建中、建物用途_公共設施、建物用途_其他,智慧通勤:0; 韌性防災:4; 永續環境:0; 食安健康:0; 勞動福祉:0; 文化共融:0
taipei,fddbf5f6-83e6-4505-af5e-0f0dd299df92,00000769,臺北市火災資料統計月報表,韌性防災,True,True,True,area,災害風險與避難資源分析,False,4,消防,生活安全及品質,原始資料,消防局,,消防局,每1月,"CSV,CSV,CSV,CSV,CSV,CSV,CSV,CSV,CSV,CSV,CSV,CSV,CSV,CSV,CSV,CSV,CSV,CSV,CSV,CSV,CSV,CSV,CSV,CSV",中文,2020-06-22T00:00:00,"/api/dataset/fddbf5f6-83e6-4505-af5e-0f0dd299df92/resource/e2a3fcbf-73e3-4ee8-aec4-0ec389bb57be/download,/api/dataset/fddbf5f6-83e6-4505-af5e-0f0dd299df92/resource/c69cd366-c35c-430a-affd-dc3a4d21712f/download,/api/dataset/fddbf5f6-83e6-4505-af5e-0f0dd299df92/resource/93e36c2f-2303-4440-9903-85a71a9a340b/download,/api/dataset/fddbf5f6-83e6-4505-af5e-0f0dd299df92/resource/fa1dfc55-cfb3-4837-8079-d43cfd4d092a/download,/api/dataset/fddbf5f6-83e6-4505-af5e-0f0dd299df92/resource/596b65e6-1bb4-49f9-97c4-f771e355e85c/download,/api/dataset/fddbf5f6-83e6-4505-af5e-0f0dd299df92/resource/b29a9b65-aeec-4939-bfb6-8d624120f432/download,/api/dataset/fddbf5f6-83e6-4505-af5e-0f0dd299df92/resource/1a74a9d7-f609-4530-a15c-5b52d750caab/download,/api/dataset/fddbf5f6-83e6-4505-af5e-0f0dd299df92/resource/1745576c-4dfe-4efc-ae58-fd4c576fe0ce/download,/api/dataset/fddbf5f6-83e6-4505-af5e-0f0dd299df92/resource/0af3cbba-904b-4f96-813e-ce38d7d5f8fc/download,/api/dataset/fddbf5f6-83e6-4505-af5e-0f0dd299df92/resource/520c6b48-17a1-4728-9079-74d05bfea2b7/download,/api/dataset/fddbf5f6-83e6-4505-af5e-0f0dd299df92/resource/326a1047-b3dd-4b17-a605-5187bb7e3c54/download,/api/dataset/fddbf5f6-83e6-4505-af5e-0f0dd299df92/resource/542147b4-dc46-4f36-b204-37b2a241bda8/download,/api/dataset/fddbf5f6-83e6-4505-af5e-0f0dd299df92/resource/d036e4bb-2d79-408a-b3a5-069cf1427121/download,/api/dataset/fddbf5f6-83e6-4505-af5e-0f0dd299df92/resource/509a7112-574a-4def-aca0-1735490a4ecc/download,/api/dataset/fddbf5f6-83e6-4505-af5e-0f0dd299df92/resource/5c802030-1f66-485d-a184-9fe0bd048bbb/download,/api/dataset/fddbf5f6-83e6-4505-af5e-0f0dd299df92/resource/64f64625-653b-4ca1-a805-6e4f30c622a1/download,/api/dataset/fddbf5f6-83e6-4505-af5e-0f0dd299df92/resource/a782ab12-3909-4dc3-afc6-da8406c5dd80/download,/api/dataset/fddbf5f6-83e6-4505-af5e-0f0dd299df92/resource/ffab4032-90e2-4493-bc08-0b06896ea761/download,/api/dataset/fddbf5f6-83e6-4505-af5e-0f0dd299df92/resource/9aa89159-062c-4d17-b4ff-dda4f31dba89/download,/api/dataset/fddbf5f6-83e6-4505-af5e-0f0dd299df92/resource/b70fb4b2-8b33-4871-817e-03d98325580a/download,/api/dataset/fddbf5f6-83e6-4505-af5e-0f0dd299df92/resource/f8a01b62-3ba6-40ea-bf4f-f60ce1c85631/download,/api/dataset/fddbf5f6-83e6-4505-af5e-0f0dd299df92/resource/579330bb-383d-4919-9d2a-b23a72b6564c/download,/api/dataset/fddbf5f6-83e6-4505-af5e-0f0dd299df92/resource/c369d322-bb14-40f9-8a70-97ca91616697/download,/api/dataset/fddbf5f6-83e6-4505-af5e-0f0dd299df92/resource/2c17241d-e7e3-4f65-92b7-0a38c99878ff/download",提供本市每月火災各項統計資訊,行政區、火災次數、火災分類_建築物、火災分類_森林田野、火災分類_車輛、火災分類_船舶、火災分類_航空器、火災分類_其他、起火時段_0-3時、起火時段_3-6時、起火時段_6-9時、起火時段_9-12時、起火時段_12-15時、起火時段_15-18時、起火時段_18-21時、起火時段_21-24時、死亡人數_男、死亡人數_女、受傷人數_男、受傷人數_女、財物損失金額（千元）、建物高度_5層以下、建物高度_6至10層、建物高度_11至20層、建物高度_21至30層、建物高度_31層以上、建物用途_住宅、建物用途_營業場所、建物用途_作業場所、建物用途_倉庫、建物用途_空屋或修建中、建物用途_公共設施、建物用途_其他,智慧通勤:0; 韌性防災:4; 永續環境:0; 食安健康:0; 勞動福祉:0; 文化共融:0
taipei,768d22f2-65cb-49ce-93f5-291d07fd505a,00003388,臺北市災害防救團體名稱、地址、負責人、人數及類別統計表,韌性防災,True,True,True,point,災害風險與避難資源分析,False,4,消防,公共資訊,原始資料,消防局,,消防局,不定期更新,CSV,中文,2020-12-18T00:00:00,/api/dataset/768d22f2-65cb-49ce-93f5-291d07fd505a/resource/ca687d49-0408-4002-9f2b-62da42ae4c1c/download,登錄於臺北市災害防救團體名稱、地址、負責人、人數及類別統計表,項次編號、團體名稱、國家代碼、縣市代碼、行政區域代碼、郵遞區號、郵遞區號（3+3碼）、聯絡地址、會長、現有人數、類別、承辦機關代碼、承辦機關統一編號,智慧通勤:0; 韌性防災:5; 永續環境:0; 食安健康:0; 勞動福祉:0; 文化共融:0
taipei,be85cfef-bae5-47ef-8623-a086bc7b5446,00003005,臺北市燃氣熱水器遷移或更換補助申請資訊,韌性防災,True,True,True,area,災害風險與避難資源分析,False,4,消防,公共資訊,原始資料,消防局,,消防局,不定期更新,CSV,中文,2020-11-09T00:00:00,/api/dataset/be85cfef-bae5-47ef-8623-a086bc7b5446/resource/ec5ae2b5-47f7-47ca-8c9f-62bf8a3ceae3/download,臺北市遷移或更換燃氣熱水器補助申請表單、一般戶及低收戶申請表單,補助期程、行政區、聯絡電話、分機、補助金額,智慧通勤:0; 韌性防災:3; 永續環境:0; 食安健康:0; 勞動福祉:2; 文化共融:0
taipei,1c2e4ff4-eaa8-4f13-8971-287297ff1d43,00002986,臺北市爆竹煙火安全檢查及違法取締情形,韌性防災,True,True,True,area,災害風險與避難資源分析,False,4,消防,公共資訊,原始資料,消防局,,消防局,不定期更新,CSV,中文,2020-11-09T00:00:00,/api/dataset/1c2e4ff4-eaa8-4f13-8971-287297ff1d43/resource/093c0573-c662-4f95-83ed-ce0986ef056e/download,臺北市爆竹煙火安全檢查次數、合格次數、不合格次數,民國年、月份、區域別、場所數量、本期檢查次數-合計、本期檢查合格次數-合計、本期檢查不合格次數-合計、取締次數-合計、裁處次數-合計,智慧通勤:0; 韌性防災:3; 永續環境:0; 食安健康:0; 勞動福祉:0; 文化共融:0
taipei,cd96489d-8b4c-4d55-b9da-e32a27f550dc,00031914,臺北市老舊聚落紅黃色雨量警戒值,韌性防災,True,True,True,area,災害風險與避難資源分析,False,4,消防,生活安全及品質,原始資料,工務局,大地處,工務局大地處,不定期更新,CSV,中文,2023-10-04T00:00:00,/api/dataset/cd96489d-8b4c-4d55-b9da-e32a27f550dc/resource/b80ee1c2-5af7-4f6e-9cae-6813f19608f0/download,"1、24hr累積雨量達到300mm為黃色警戒，即建議市級災害應變中心下達疏散避難勸告。
2、24hr累積雨量達到400mm為紅色警戒，即建議市級災害應變中心下達進行聚落疏散。","流水號、行政區、村里、山坡地老舊聚落編號及名稱、參考雨量站、保全住戶人數、保全住戶戶數、黃色警戒雨量值（mm／24hr）、紅色警戒雨量值（mm／24hr）
",智慧通勤:0; 韌性防災:6; 永續環境:0; 食安健康:0; 勞動福祉:0; 文化共融:0
taipei,1db647d7-21b1-4f13-a575-f5a3c1a9b11c,00003986,臺北市藍色公路碼頭,韌性防災,True,True,False,point,災害風險與避難資源分析,True,4,水利,交通及通訊,原始資料,工務局,水利處,工務局水利處,每1年,CSV,中文,2015-02-01T00:00:00,/api/dataset/1db647d7-21b1-4f13-a575-f5a3c1a9b11c/resource/fe632c6d-0c52-4098-8037-cd8810a9e027/download,藍色公路碼頭位置，提供CSV檔案格式，採WGS84座標系統呈現,no(項次)、Riverside_Park(河濱公園)、Location(地點)、Latitude(緯度)、	Longitude(經度),智慧通勤:1; 韌性防災:2; 永續環境:0; 食安健康:0; 勞動福祉:0; 文化共融:0
taipei,4ab16be1-17eb-43bc-8009-abce6c60a2a7,00001772,臺北市重大職災資訊集,韌性防災,True,True,True,point,災害風險與避難資源分析,False,4,勞動,公共資訊,原始資料,勞動局,勞檢處,勞動局勞檢處,不定期更新,CSV,中文,2020-02-21T00:00:00,/api/dataset/4ab16be1-17eb-43bc-8009-abce6c60a2a7/resource/ab4ddbe2-90f5-49a6-a7ad-45e5b6d14871/download,有關臺北市重大職災資訊資料。,經度、緯度、序號、發生日期、事業單位名稱、地址、災害類型、死亡人數、受傷人數,智慧通勤:0; 韌性防災:1; 永續環境:0; 食安健康:0; 勞動福祉:0; 文化共融:0
taipei,0522c0d6-5d63-45df-9837-d065e44e35e6,00002808,臺北市防火管理執行情形,韌性防災,True,True,True,area,災害風險與避難資源分析,False,4,消防,公共資訊,原始資料,消防局,,消防局,不定期更新,CSV,中文,2020-11-09T00:00:00,/api/dataset/0522c0d6-5d63-45df-9837-d065e44e35e6/resource/3c600556-ab32-4f27-ab09-24ebf3d40b3a/download,臺北市防火管理人遴用、消防防護計畫製定及自衛消防編組訓練情形 ,區域別、遴用防火管理人應遴用家數、遴用防火管理人已遴用家數、遴用防火管理人已遴用比例、遴用防火管理人與上年同期比較增減百分點、製定消防防護計畫應製定家數、製定消防防護計畫已製定家數、製定消防防護計畫已製定比例、製定消防防護計畫與上年同期比較增減百分點、製定共同消防防護計畫應製定家數、製定共同消防防護計畫已製定家數、製定共同消防防護計畫已製定比例、製定共同消防防護計畫與上年同期比較增減百分點、製定施工中消防防護計畫應製定家數、製定施工中消防防護計畫已製定家數、製定施工中消防防護計畫已製定比例、製定施工中消防防護計畫與上年同期比較增減百分點、本年累計自衛消防編組訓練件數、本年累計自衛消防編組訓練人數、本期違反防火管理案件限期改善件次、本期違反防火管理案件處罰緩件次、本期違反防火管理案件處罰緩金額元、本期罰鍰收繳件次、本期罰鍰收繳金額元、本期罰鍰收繳率、本期強制執行件次、本年累計違反防火管理限期改善件次、本年累計違反防火管理限期改善與上年同期比較增減件次、本年累計違反防火管理處以罰鍰件次、本年累計違反防火管理處以罰鍰與上年同期比較增減件次,智慧通勤:0; 韌性防災:3; 永續環境:0; 食安健康:0; 勞動福祉:0; 文化共融:0
taipei,5800ed81-4aa8-48c9-ae6b-e1e23a91a695,00001138,臺北市防災公園,韌性防災,True,True,True,point,災害風險與避難資源分析,False,4,消防,休閒旅遊,原始資料,工務局,公園處,工務局公園處,不定期更新,JSON,中文,2016-11-03T00:00:00,https://parks.gov.taipei/parks/json/,臺北市公園裡各項設施說明。,pm_name(公園名稱)、pm_Longitude(經度)、pm_Latitude(緯度)、di_area(空間面積)、di_capacity(容納人數)、di_Amount1(安置登記站個數)、di_Amount2(醫護站個數)、di_Amount3(播音站個數)、di_Amount4(物資管理站個數)、di_Amount5(器材倉庫個數)、di_Amount6(指揮中心個數)、di_Amount7(伙食區個數)、di_Amount8(帳篷區個數)、di_Amount9(沐浴區個數)、di_Amount10(曬衣場個數)、di_Amount11(公共廁所個數)、di_Amount12(垃圾場個數)、di_Amount13(公共電話個數)、di_Amount14(消防蓄水設施個數)、di_Amount15(消防栓個數)、di_Amount16(自來水取水站個數)、di_Amount17(維生貯水槽個數)、di_Amount18(臨時廁所設置區個數)、di_hospital(週邊醫院資源)、di_fire(週邊消防資源)、di_police(週邊警政資源),智慧通勤:0; 韌性防災:4; 永續環境:0; 食安健康:1; 勞動福祉:0; 文化共融:1
taipei,6af2df10-5e17-46e5-9383-317bc3ebae81,00002815,臺北市防焰規制執行情形－防焰性能認證合格廠商、設置防焰物品場所,韌性防災,True,True,True,area,災害風險與避難資源分析,False,4,消防,公共資訊,原始資料,消防局,,消防局,不定期更新,"CSV,CSV",中文,2020-11-09T00:00:00,"/api/dataset/6af2df10-5e17-46e5-9383-317bc3ebae81/resource/ff7c89d9-4ac3-42b9-a6d0-83a5b285792b/download,/api/dataset/6af2df10-5e17-46e5-9383-317bc3ebae81/resource/58dffd11-9fea-4b3f-9949-abadabd96569/download",臺北市防焰性能認證合格廠商檢查件次、不合格件次、複查件次及違規處理情形,區域別、期底列管家數、檢查件次、不合格件次合計、合格件次合計、複查件次、違規處理情形_停業或停止使用件次、違規處理情形_處罰鍰件次、違規處理情形_處罰鍰金額、罰鍰收繳情形_件次、罰鍰收繳情形_金額、強制執行件次、區域別、期底列管家數、檢查件次、不合格件次、合格件次、複查件次、違規處理情形_限期改善件次、違規處理情形_停業或停止使用件次、違規處理情形_處罰鍰件次、違規處理情形_處罰鍰金額、罰鍰收繳情形_件次、罰鍰收繳情形_金額、強制執行件次,智慧通勤:0; 韌性防災:3; 永續環境:0; 食安健康:0; 勞動福祉:0; 文化共融:0
taipei,70a6216e-3730-4d1d-b334-62fca2dd71cd,00004114,臺北市防空疏散避難設施資料集,韌性防災,True,True,True,point,災害風險與避難資源分析,False,4,統計,公共資訊,原始資料,警察局,,警察局,每3月,CSV,中文,2022-03-21T00:00:00,/api/dataset/70a6216e-3730-4d1d-b334-62fca2dd71cd/resource/3bd658e7-8e8a-446b-8df5-89b2b896ff97/download,臺北市防空疏散避難設施,類別、建築物名稱、電腦編號、村里別、地址、緯經度、地下樓層數、可容納人數、轄管分局、備註,智慧通勤:0; 韌性防災:2; 永續環境:0; 食安健康:0; 勞動福祉:0; 文化共融:0
taipei,29a13836-028e-430d-bf5d-18ad3850f178,00029669,臺北市防空避難處所清冊,韌性防災,True,True,True,point,災害風險與避難資源分析,False,4,工務,公共資訊,原始資料,都發局,建管處,都發局建管處,不定期更新,CSV,中文,2022-08-22T00:00:00,/api/dataset/29a13836-028e-430d-bf5d-18ad3850f178/resource/ffad9f86-a4f9-4743-8f18-632557d2e887/download,臺北市建管處盤點防空避難處所清冊,縣市別、縣市別代碼、地址、面積、容留人數、是否依建築物無障礙設施設計規範檢討、是否優先緊急避難,智慧通勤:0; 韌性防災:3; 永續環境:0; 食安健康:0; 勞動福祉:0; 文化共融:0
taipei,98a24a7b-48c7-4067-844e-de609d875190,00000052,臺北市颱風期間開放停車學校一覽表,韌性防災,True,True,True,area,災害風險與避難資源分析,False,4,消防,交通及通訊,原始資料,教育局,,教育局,不定期更新,CSV,中文,2021-03-16T00:00:00,/api/dataset/98a24a7b-48c7-4067-844e-de609d875190/resource/94b5a545-afc2-484f-b8e6-6fafd22bc395/download,供行政區停放車輛一覽表，提供各校停車數量,項次、學校名稱、行政區、汽車數、機車數,智慧通勤:2; 韌性防災:4; 永續環境:0; 食安健康:0; 勞動福祉:0; 文化共融:0
newtaipei,01B21E91-B51F-4FF9-A3BF-F21997B38D4E,,新北市免費救生衣借用點,韌性防災,True,True,False,area,災害風險與避難資源分析,False,3,消防,公共資訊,,,,新北市政府消防局/災害搶救科,不更新,JSON、CSV、XML、KML,中文,,https://data.ntpc.gov.tw/datasets/01b21e91-b51f-4ff9-a3bf-f21997b38d4e,新北市轄內消防、警察及海巡單位提供遊客免費借用救生衣之地點,,智慧通勤:0; 韌性防災:3; 永續環境:0; 食安健康:0; 勞動福祉:0; 文化共融:0
newtaipei,8EA9491D-FF84-4525-9264-86A2097CCA97,,新北市危險水域,韌性防災,True,True,False,area,災害風險與避難資源分析,False,3,消防,生活安全及品質,,,,新北市政府消防局/災害搶救科,不更新,JSON、CSV、XML,中文,,https://data.ntpc.gov.tw/datasets/8ea9491d-ff84-4525-9264-86a2097cca97,新北市政府消防局提供您危險水域，提醒您出遊時要小心遠離危險提供的欄位包含了編號、行政區、危險水域地點,,智慧通勤:0; 韌性防災:3; 永續環境:0; 食安健康:0; 勞動福祉:0; 文化共融:0
newtaipei,7BE52182-61D9-41FD-838F-8726DC302D53,,新北市台灣自來水公司通訊資料,韌性防災,True,True,False,point,災害風險與避難資源分析,False,3,水利,公共資訊,,,,新北市政府研究發展考核委員會/新北市政府資訊中心/網際服務科,不更新,JSON、CSV、XML、KML,中文,,https://data.ntpc.gov.tw/datasets/7be52182-61d9-41fd-838f-8726dc302d53,提供台灣自來水公司位於新北市「營運所/服務所/管理處」名稱、地址、電話及管轄區域相關資料，亦提供大地座標(twd97)及經緯度(wgs84a)資訊等。,,智慧通勤:0; 韌性防災:2; 永續環境:0; 食安健康:0; 勞動福祉:0; 文化共融:0
newtaipei,3CDC5B9C-CE48-4DD6-8079-B9B3FA4B7296,,新北市各抽水站資訊,韌性防災,True,True,False,area,災害風險與避難資源分析,False,3,水利,公共資訊,,,,新北市政府水利局/抽水站管理科,每年,JSON、CSV、XML,中文,,https://data.ntpc.gov.tw/datasets/3cdc5b9c-ce48-4dd6-8079-b9b3fa4b7296,抽水站所在的位置是雨水下水道的末端，當大雨或漲潮時，導致堤外水位高於堤內水位就要關閉重力閘門，並於到達啟抽水位時啟動抽水機將水排出。,,智慧通勤:0; 韌性防災:2; 永續環境:0; 食安健康:0; 勞動福祉:0; 文化共融:0
newtaipei,AEE21D56-9A92-45AF-8534-CBC7C2E5922C,,新北市市管河川資訊,韌性防災,True,True,False,area,災害風險與避難資源分析,False,3,水利,公共資訊,,,,新北市政府水利局/河川計畫科,不更新,JSON、CSV、XML,中文,,https://data.ntpc.gov.tw/datasets/aee21d56-9a92-45af-8534-cbc7c2e5922c,"提供本市19條市管河川之基本資訊(如：地區、河川名稱、治理長度(公里)、河川出口、治理起點、治理終點) 
",,智慧通勤:0; 韌性防災:2; 永續環境:1; 食安健康:0; 勞動福祉:0; 文化共融:0
newtaipei,492C2E0A-44C4-4E2D-AB74-A90E728FAE9F,,新北市易發生危險之釣魚區域,韌性防災,True,True,False,area,災害風險與避難資源分析,False,3,消防,生活安全及品質,,,,新北市政府消防局/災害搶救科,不更新,JSON、CSV、XML,中文,,https://data.ntpc.gov.tw/datasets/492c2e0a-44c4-4e2d-ab74-a90e728fae9f,新北市易發生危險之釣魚區域清冊,,智慧通勤:0; 韌性防災:3; 永續環境:0; 食安健康:0; 勞動福祉:0; 文化共融:0
newtaipei,AAD3D6E0-6E6E-44FF-A658-AAD41E84C6EF,,新北市易發生溺水地點,韌性防災,True,True,False,area,災害風險與避難資源分析,False,3,消防,生活安全及品質,,,,新北市政府消防局/災害搶救科,不更新,JSON、CSV、XML,中文,,https://data.ntpc.gov.tw/datasets/aad3d6e0-6e6e-44ff-a658-aad41e84c6ef,新北市易發生溺水地點分析,,智慧通勤:0; 韌性防災:3; 永續環境:0; 食安健康:0; 勞動福祉:0; 文化共融:0
newtaipei,381427DD-3CF4-43F4-AF0E-0AE4461F996C,,新北市歷年重大災害一覽表,韌性防災,True,True,False,area,災害風險與避難資源分析,False,3,消防,生活安全及品質,,,,新北市政府消防局/整備應變科,每年,JSON、CSV、XML,中文,,https://data.ntpc.gov.tw/datasets/381427dd-3cf4-43f4-af0e-0ae4461f996c,新北市歷年重大災害發生時間、地點及災情程度,,智慧通勤:0; 韌性防災:5; 永續環境:0; 食安健康:0; 勞動福祉:0; 文化共融:0
newtaipei,BFCAACF8-C9C1-4D9A-8561-AC232819E001,,新北市管區域排水資訊,韌性防災,True,True,False,area,災害風險與避難資源分析,False,3,水利,生活安全及品質,,,,新北市政府水利局/河川計畫科,不更新,JSON、CSV、XML,中文,,https://data.ntpc.gov.tw/datasets/bfcaacf8-c9c1-4d9a-8561-ac232819e001,"區域排水：是指容納兩種類型以上之較大型排水，是屬於地區性排水，最後再匯入河川。
",,智慧通勤:0; 韌性防災:2; 永續環境:1; 食安健康:0; 勞動福祉:0; 文化共融:0
newtaipei,E49BCBA9-47D0-436D-90CD-1F4EF12EC5C6,,新北市避難收容處所優先排序自主檢核表,韌性防災,True,True,False,area,災害風險與避難資源分析,False,3,社福,公共資訊,,,,新北市政府社會局/社會救助科,每年,JSON、CSV、XML,中文,,https://data.ntpc.gov.tw/datasets/e49bcba9-47d0-436d-90cd-1f4ef12ec5c6,建立各里防災避難地圖,,智慧通勤:0; 韌性防災:2; 永續環境:0; 食安健康:0; 勞動福祉:1; 文化共融:0
newtaipei,40265A0F-D126-4BEF-8F1D-85868521BA43,,新北市防空警報臺數量,韌性防災,False,True,True,table,災害風險與避難資源分析,True,3,治安,公共資訊,,,,新北市政府警察局/民防管制中心,每年,JSON、CSV、XML,中文,,https://data.ntpc.gov.tw/datasets/40265a0f-d126-4bef-8f1d-85868521ba43,新北市防空警報臺數量。,,智慧通勤:0; 韌性防災:2; 永續環境:0; 食安健康:0; 勞動福祉:0; 文化共融:0
newtaipei,C3867812-6188-4B0A-A487-03BB4D93238D,,河濱公園位置,韌性防災,True,True,False,area,災害風險與避難資源分析,False,3,水利,休閒旅遊,,,,新北市政府水利局/新北市政府高灘地工程管理處/養護工程科,不更新,JSON、CSV、XML,中文,,https://data.ntpc.gov.tw/datasets/c3867812-6188-4b0a-a487-03bb4d93238d,新北市高灘地園區河濱公園分布位置,,智慧通勤:0; 韌性防災:2; 永續環境:0; 食安健康:0; 勞動福祉:0; 文化共融:1
newtaipei,EF526DD1-A39C-4186-8905-3AC4726051B5,,河濱公園景觀廁所位置,韌性防災,True,True,False,area,災害風險與避難資源分析,False,3,水利,休閒旅遊,,,,新北市政府水利局/新北市政府高灘地工程管理處/養護工程科,不更新,JSON、CSV、XML,中文,,https://data.ntpc.gov.tw/datasets/ef526dd1-a39c-4186-8905-3ac4726051b5,新北市高灘地園區之景觀廁所分布,,智慧通勤:0; 韌性防災:2; 永續環境:0; 食安健康:0; 勞動福祉:0; 文化共融:1
newtaipei,05E9A748-13C6-4FD0-BABB-AB48024E7F49,,遭受災害救助情形,韌性防災,False,True,True,table,災害風險與避難資源分析,True,3,統計,公共資訊,,,,新北市政府主計處/公務統計科,每年,JSON、CSV、XML,中文,,https://data.ntpc.gov.tw/datasets/05e9a748-13c6-4fd0-babb-ab48024e7f49,"1.遭受災害救助情形
2.單位：次、所、人、戶、新臺幣千元
3.各項欄位說明詳參新北市統計年報(網址：http://www.bas.ntpc.gov.tw/home.jsp?id=OTE=)或電洽主計處查詢。",,智慧通勤:0; 韌性防災:1; 永續環境:0; 食安健康:0; 勞動福祉:0; 文化共融:0
newtaipei,9FCADCE5-1159-4EB3-89F5-7903DC1BB3DB,,颱風來襲管制區域,韌性防災,True,True,False,area,災害風險與避難資源分析,False,3,消防,公共資訊,,,,新北市政府消防局/整備應變科,不更新,JSON、CSV、XML,中文,,https://data.ntpc.gov.tw/datasets/9fcadce5-1159-4eb3-89f5-7903dc1bb3db,颱風來襲管制區域，新北市三個地區劃定為管制區，凡颱風發佈海上陸上颱風警報，非持有通行證件，不得進入,,智慧通勤:0; 韌性防災:5; 永續環境:0; 食安健康:0; 勞動福祉:0; 文化共融:0
taipei,70194ae8-1bdd-45a6-91d1-3346f81df20d,00002810,內政部消防署認可專業訓練機構一覽表,韌性防災,True,True,False,point,災害風險與避難資源分析,False,3,消防,公共資訊,原始資料,消防局,,消防局,不定期更新,CSV,中文,2020-11-09T00:00:00,/api/dataset/70194ae8-1bdd-45a6-91d1-3346f81df20d/resource/f1efcdb8-4b84-4c25-8d09-643cc7a3b94d/download,內政部消防署認可防火管理人專業訓練機構通訊錄,項次編號、機構名稱、機構設立型態、市話、機構地址、有效期限,智慧通勤:0; 韌性防災:3; 永續環境:0; 食安健康:0; 勞動福祉:0; 文化共融:0
taipei,c106a00b-5a21-4393-b213-475a0ece9f2b,00000236,大臺北地區消防栓分布點位圖,韌性防災,True,True,False,point,災害風險與避難資源分析,False,3,消防,生活安全及品質,原始資料,北水處,,北水處,每3月,CSV,中文,2012-01-04T00:00:00,/api/dataset/c106a00b-5a21-4393-b213-475a0ece9f2b/resource/b9f8154d-c627-48a8-b3ef-512ed9cde9e7/download,大臺北地區(包括臺北市、新北市三重區、中和區、永和區、新店區及汐止區7個里)消防栓分布點位,序號、圖號、編號、WPID、97X座標、97Y座標、WGS84經度、WGS84緯度、型式、所在地區,智慧通勤:0; 韌性防災:3; 永續環境:0; 食安健康:0; 勞動福祉:0; 文化共融:0
taipei,d4dbde00-fc1e-47db-9177-0f6ec439803c,00003883,臺北地區災時供水狀態資訊,韌性防災,True,True,False,area,災害風險與避難資源分析,False,3,水利,生活安全及品質,原始資料,北水處,,北水處,不定期更新,KML,中文,2021-03-17T00:00:00,https://tpwater.blob.core.windows.net/blobfs/tpwater.kml,於災情發生時，提供民眾有關本處供水轄區範圍內供水狀態(減壓或停水)相關資訊。,項次編號、狀態、原因、區域、發生時間、預計修復時間、聯絡單位、聯絡電話、資料更新時間、備註,智慧通勤:0; 韌性防災:3; 永續環境:0; 食安健康:0; 勞動福祉:0; 文化共融:0
taipei,b9be0e85-a7b6-4528-9260-c25c634fecd6,00001216,臺北地區災時學校供水站狀態資訊,韌性防災,True,True,False,point,災害風險與避難資源分析,False,3,水利,生活安全及品質,原始資料,北水處,,北水處,不定期更新,KML,中文,2020-07-16T00:00:00,https://tpwater.blob.core.windows.net/blobfs/SchoolSupply.kml,於災情發生時，提供民眾有關位於學校內，供水站開設相關資訊，供民眾取水。,項次編號、狀態、行政區、學校名稱、地址、電話、預定關閉時間、備註,智慧通勤:0; 韌性防災:3; 永續環境:0; 食安健康:0; 勞動福祉:0; 文化共融:0
taipei,ad28daeb-cb01-4fac-8804-01b8e2ca1ab8,00003887,臺北地區災時旱災買水站狀態資訊,韌性防災,True,True,False,point,災害風險與避難資源分析,False,3,水利,生活安全及品質,原始資料,北水處,,北水處,不定期更新,KML,中文,2021-03-17T00:00:00,https://tpwater.blob.core.windows.net/blobfs/Trading.kml,於旱災發生時，提供民眾有關本處買水站開設相關資訊。,項次編號、狀態、行政區、設置地點、取水地址、聯絡窗口、電話、備註,智慧通勤:0; 韌性防災:2; 永續環境:0; 食安健康:0; 勞動福祉:0; 文化共融:0
taipei,6bf6c8ae-04e3-4b9b-8aab-774489671687,00003885,臺北地區災時緊急供水站狀態資訊,韌性防災,True,True,False,area,災害風險與避難資源分析,False,3,水利,生活安全及品質,原始資料,北水處,,北水處,不定期更新,KML,中文,2021-03-17T00:00:00,https://tpwater.blob.core.windows.net/blobfs/EngSupply.kml,於災情發生時，提供民眾有關本處緊急供水站開設相關資訊，供民眾取水。,項次編號、狀態、行政區、名稱、地點、預定關閉時間、聯絡窗口、電話、備註,智慧通勤:0; 韌性防災:4; 永續環境:0; 食安健康:0; 勞動福祉:0; 文化共融:0
taipei,52f8b88d-5bf1-4521-a841-9101c0bfedcf,00003884,臺北地區災時臨時供水站狀態資訊,韌性防災,True,True,False,area,災害風險與避難資源分析,False,3,水利,生活安全及品質,原始資料,北水處,,北水處,不定期更新,KML,中文,2021-03-17T00:00:00,https://tpwater.blob.core.windows.net/blobfs/TempSupply.kml,於災情發生時，提供民眾有關本處臨時供水站開設相關資訊，供民眾取水。,項次編號、狀態、行政區、臨時供水站地點、電話、預定關閉時間、備註,智慧通勤:0; 韌性防災:3; 永續環境:0; 食安健康:0; 勞動福祉:0; 文化共融:0
taipei,854214ee-3caf-4390-b3cd-0809399d171e,00003886,臺北地區災時防災地下水井狀態資訊,韌性防災,True,True,False,point,災害風險與避難資源分析,False,3,水利,生活安全及品質,原始資料,北水處,,北水處,不定期更新,KML,中文,2021-03-17T00:00:00,https://tpwater.blob.core.windows.net/blobfs/Well.kml,於災情發生時，提供民眾有關本處防災地下水井開設相關資訊，供民眾取水。,項次編號、狀態、行政區、設置地點、取水地址、電話、預定關閉時間、備註,智慧通勤:0; 韌性防災:4; 永續環境:0; 食安健康:0; 勞動福祉:0; 文化共融:0
taipei,f98010ed-281d-4334-9596-ca7d740cc06f,00001260,臺北市921、331及403地震列管建築物,韌性防災,True,True,False,point,災害風險與避難資源分析,False,3,工務,公共資訊,原始資料,都發局,建管處,都發局建管處,不定期更新,CSV,中文,2019-04-19T00:00:00,/api/dataset/f98010ed-281d-4334-9596-ca7d740cc06f/resource/a6e8f08e-ec2a-4be7-a762-54452b0c27df/download,臺北市921、331及403地震列管黃單需注意之建築物。提供市民參考本市因地震列管建築物之地址資料，以維護居住安全。,縣市別、縣市別代碼、行政區、行政區代碼（編碼）、建築地點、備註,智慧通勤:0; 韌性防災:1; 永續環境:0; 食安健康:0; 勞動福祉:0; 文化共融:0
taipei,6f8e0610-2c32-4148-b746-25fe17ce3fd0,00000132,臺北市優先收容安置學校一覽表,韌性防災,True,True,False,area,災害風險與避難資源分析,False,3,教育,公共資訊,原始資料,教育局,,教育局,不定期更新,CSV,中文,2022-02-16T00:00:00,/api/dataset/6f8e0610-2c32-4148-b746-25fe17ce3fd0/resource/9fcab730-09a2-4b14-b157-282fd8bca1fe/download,CSV資訊，以行政區區分，提供各級機關、民眾閱覽與瞭解各行政區各類收容學校,序號、郵遞區號、行政區、全災害優先安置學校、提供社會局儲放物資學校,智慧通勤:0; 韌性防災:1; 永續環境:0; 食安健康:0; 勞動福祉:1; 文化共融:0
taipei,4d96759b-0146-4973-8dfc-4755cb9b66a6,00002813,臺北市免費安裝住宅用火災警報器概況及宣導資訊,韌性防災,True,True,False,area,災害風險與避難資源分析,False,3,消防,生活安全及品質,原始資料,消防局,,消防局,每6月,"CSV,CSV",中文,2020-11-09T00:00:00,"/api/dataset/4d96759b-0146-4973-8dfc-4755cb9b66a6/resource/667ecd67-c024-4a30-a998-bc07f8517879/download,/api/dataset/4d96759b-0146-4973-8dfc-4755cb9b66a6/resource/d7366b92-dc50-4ac0-af7b-b22f1ba91520/download",臺北市住宅用火災警報器概況、線上申請、安裝及保養資訊,縣市別、區域別、總計、本府補助、其他補助,智慧通勤:0; 韌性防災:5; 永續環境:0; 食安健康:0; 勞動福祉:1; 文化共融:0
taipei,298b6676-36ac-4a42-a4fa-09b7d5b09d0f,00029735,臺北市兒童遊戲場聯合稽查結果一覽表(新樂園),韌性防災,True,True,False,point,災害風險與避難資源分析,False,3,教育,休閒旅遊,原始資料,教育局,,教育局,不定期更新,ODS,中文,2022-09-15T00:00:00,/api/dataset/298b6676-36ac-4a42-a4fa-09b7d5b09d0f/resource/d8ce8883-d3eb-4022-a6e5-07b1901eda8d/download,提供臺北市兒童遊戲場聯合稽查結果一覽表 (新樂園),編號、檢核日期、機構名稱、網址、郵遞區號、地址、建物管理建物安全檢查簽證及申報、建物管理營業範圍標識圖與緊急逃生路線圖、建物管理安全門及樓梯通道、消防管理消防安全設備、消防管理消防安全設備檢修申報、消防管理防火管理執行情形、消防管理是否使用防焰物品、衛生及環保管理空調或通風設備、衛生及環保管理室內遊戲場設有基本急救箱配備、衛生及環保管理環境清潔消毒、衛生及環保管理設置洗手設備或提供手部消毒液及張貼提醒洗手公告、主管機關管理夜間照明設備、主管機關管理管理人員是否參加講習、主管機關管理指派合格人員負責管理,智慧通勤:1; 韌性防災:2; 永續環境:1; 食安健康:2; 勞動福祉:0; 文化共融:1
taipei,f88a302c-4a30-4d5c-b811-473383f91fc8,00031913,臺北市列管邊坡紅黃色雨量警戒值,韌性防災,True,True,False,area,災害風險與避難資源分析,False,3,消防,生活安全及品質,原始資料,工務局,大地處,工務局大地處,不定期更新,CSV,中文,2023-10-04T00:00:00,/api/dataset/f88a302c-4a30-4d5c-b811-473383f91fc8/resource/afdd208e-fc71-4c07-a489-eaa9c742b27a/download,"1. 24hr累積雨量達到黃色警戒值，即通知區公所及里長準備進行疏散。
2. 24hr累積雨量達到紅色警戒值，即建議災害應變中心下令進行疏散。
","列管邊坡編號、行政區、村里、列管邊坡位名稱、黃色警戒雨量值（mm／24hr）、紅色警戒雨量值（mm／24hr）、參考雨量站
",智慧通勤:0; 韌性防災:5; 永續環境:0; 食安健康:0; 勞動福祉:0; 文化共融:0
taipei,cb57d1c2-5bd2-4662-8974-c953a883fd4e,00001680,臺北市堤防起迄點位資料集,韌性防災,True,True,False,point,災害風險與避難資源分析,False,3,水利,公共資訊,網路服務,工務局,水利處,工務局水利處,每1年,CSV,中文,2019-10-05T00:00:00,/api/dataset/cb57d1c2-5bd2-4662-8974-c953a883fd4e/resource/5a34aa4e-7dfc-4e31-9412-57fc0ccd93f7/download,"本市堤防起迄位置資料集,提供TWD97及WGS84座標",堤防名稱、堤防位置、TWD97X、TWD97Y、Longitude、Latitude,智慧通勤:0; 韌性防災:2; 永續環境:0; 食安健康:0; 勞動福祉:0; 文化共融:0
taipei,e736535c-f111-4150-a428-b0b47f2f8eb0,00003945,臺北市山坡地自主防災社區推動列表,韌性防災,True,True,False,area,災害風險與避難資源分析,False,3,工務,公共資訊,原始資料,工務局,大地處,工務局大地處,不定期更新,CSV,中文,2021-06-21T00:00:00,/api/dataset/e736535c-f111-4150-a428-b0b47f2f8eb0/resource/03ffa31d-d043-42c3-834c-00980e6850fe/download,本市山坡地自主防災社區推動列表,序號、年度、社區名稱、行政區、里,智慧通勤:0; 韌性防災:1; 永續環境:0; 食安健康:0; 勞動福祉:0; 文化共融:0
taipei,80f2fac6-bb36-43ca-a6d8-87752b1cf9a0,00002983,臺北市政府公共安全聯合稽(複)查情形,韌性防災,True,True,False,point,災害風險與避難資源分析,False,3,消防,公共資訊,原始資料,消防局,,消防局,不定期更新,CSV,中文,2020-11-09T00:00:00,/api/dataset/80f2fac6-bb36-43ca-a6d8-87752b1cf9a0/resource/d35ec628-b978-45ed-b350-110a97c0ce6b/download,消防安全不合格告示張貼情形,項目、檢查日期時間、排定稽查對象、場所名稱、地址、主要稽查成員-消防局、主要稽查成員-建管處、主要稽查成員-商業處、主要稽查成員-都發局、會同稽查成員-衛生局、會同稽查成員-社會局、會同稽查成員-教育局、會同稽查成員-觀傳局、會同稽查成員-體育局、會同稽查成員-環保局、不合格告示編號-消防、不合格告示編號-建築,智慧通勤:0; 韌性防災:3; 永續環境:0; 食安健康:2; 勞動福祉:1; 文化共融:0
taipei,8a447e97-4130-4c47-8127-db153f72cd3a,00002647,臺北市政府工務局水利工程處歷年防汛搶險演練,韌性防災,True,True,False,area,災害風險與避難資源分析,False,3,水利,公共資訊,原始資料,工務局,水利處,工務局水利處,每1年,CSV,中文,2022-01-06T00:00:00,/api/dataset/8a447e97-4130-4c47-8127-db153f72cd3a/resource/952faac4-7a59-4ca6-b111-eae2ea3e9e73/download,水利處歷年辦理防汛搶險演練基本資料，提供CSV檔,序號、年度、辦理日期、辦理地點,智慧通勤:0; 韌性防災:2; 永續環境:0; 食安健康:0; 勞動福祉:0; 文化共融:0
taipei,a9fa2045-f7a6-4e16-ad26-577748064cdf,00000016,臺北市政府消防局各分隊駐地位置,韌性防災,True,True,False,point,災害風險與避難資源分析,False,3,消防,公共資訊,原始資料,消防局,,消防局,不定期更新,CSV,中文,2020-02-27T00:00:00,/api/dataset/a9fa2045-f7a6-4e16-ad26-577748064cdf/resource/4486e759-4159-4208-9832-c32300c4e832/download,提供本府消防局各分隊駐地座標,項次編號、縣市代碼、分隊名稱、郵遞區號、地址、經度、緯度,智慧通勤:0; 韌性防災:3; 永續環境:0; 食安健康:0; 勞動福祉:0; 文化共融:0
taipei,2a28dd03-0607-43f2-bd67-85a1658b16cb,00000146,臺北市政府消防局各單位通訊錄,韌性防災,True,True,False,point,災害風險與避難資源分析,False,3,消防,公共資訊,原始資料,消防局,,消防局,不定期更新,CSV,中文,2020-01-13T00:00:00,/api/dataset/2a28dd03-0607-43f2-bd67-85a1658b16cb/resource/68d0331c-8152-4ab9-af87-a2eb006d9285/download,提供本府消防局局本部及各外勤大、中、分隊地址、電話、分機及傳真機號碼。,單位名稱、市話、分機、傳真機號碼、地址,智慧通勤:0; 韌性防災:3; 永續環境:0; 食安健康:0; 勞動福祉:0; 文化共融:0
taipei,20fae6f9-058e-4ded-a1c2-1c2b3983857d,00001795,臺北市政府消防局核准燃氣熱水器承裝業及其技術士名冊,韌性防災,True,True,False,point,災害風險與避難資源分析,False,3,消防,公共資訊,原始資料,消防局,,消防局,每3月,CSV,中文,2020-09-28T00:00:00,/api/dataset/20fae6f9-058e-4ded-a1c2-1c2b3983857d/resource/665ea8c1-2d10-4107-9a6d-71e110a3a260/download,臺北市政府消防局核准燃氣熱水器承裝業名稱、地址、負責人及其技術士姓名、證號、證號生效日期,承裝業名稱、營業場所地址、營業場所電話、負責人姓名、技術士姓名、技術士證號、技術士證生效日期、任職日期、最近一次受訓日期,智慧通勤:0; 韌性防災:3; 永續環境:0; 食安健康:0; 勞動福祉:0; 文化共融:0
taipei,a952893f-7003-40ee-b954-a710c7c12c8e,00003412,臺北市政府消防局業務職掌及消防人力,韌性防災,True,True,False,point,災害風險與避難資源分析,False,3,消防,公共資訊,原始資料,消防局,,消防局,每1年,CSV,中文,2020-12-21T00:00:00,/api/dataset/a952893f-7003-40ee-b954-a710c7c12c8e/resource/5aab580a-fccf-4d26-bad3-0656aed4b113/download,臺北市政府消防局各單位業務介紹及消防人力,項次編號、機關名稱、機關代碼、單位、工作內容、地址、電話、傳真,智慧通勤:0; 韌性防災:3; 永續環境:0; 食安健康:0; 勞動福祉:0; 文化共融:0
taipei,7a800e92-eb22-461f-b29d-8def2127a1bc,00001797,臺北市政府消防局消防通道清冊,韌性防災,True,True,False,area,災害風險與避難資源分析,False,3,消防,公共資訊,原始資料,消防局,,消防局,不定期更新,CSV,中文,2020-07-01T00:00:00,/api/dataset/7a800e92-eb22-461f-b29d-8def2127a1bc/resource/351307e4-ffda-4660-ac72-1c4ef3808c38/download,臺北市政府消防通道列管清冊,項次編號、行政區代碼、里別、列管名稱、列管要件、搶救困難地區場所、轄區分隊、聯絡電話,智慧通勤:0; 韌性防災:3; 永續環境:0; 食安健康:0; 勞動福祉:0; 文化共融:0
taipei,e58fea3b-a1a1-4f0e-8ae4-f4997a23110d,00001081,臺北市水利處基地台(中繼站),韌性防災,True,True,False,point,災害風險與避難資源分析,False,3,水利,公共資訊,原始資料,工務局,水利處,工務局水利處,每1年,CSV,中文,2016-06-29T00:00:00,/api/dataset/e58fea3b-a1a1-4f0e-8ae4-f4997a23110d/resource/0e7d772c-36ea-472e-848f-930e8dce2eed/download,水利處基地台中繼站位置提供TWD97及WGS84座標,identifica(識別碼)、name(中繼站)、Longitude、Latitude、district(行政區)、X坐標(X_97座標)、Y坐標(Y_97座標),智慧通勤:0; 韌性防災:2; 永續環境:0; 食安健康:0; 勞動福祉:0; 文化共融:0
taipei,026cc0fa-cecc-4c78-b986-ead3b0c8b95b,00003972,臺北市水利處抽水站,韌性防災,True,True,False,point,災害風險與避難資源分析,False,3,水利,公共資訊,原始資料,工務局,水利處,工務局水利處,每1年,CSV,中文,2020-07-09T00:00:00,/api/dataset/026cc0fa-cecc-4c78-b986-ead3b0c8b95b/resource/d1f9c6e0-5f72-4fc4-ac18-0b75ce0b002e/download,市轄抽水站位置及名稱採用座標系統TWD97-TM2(zone121)座標提供CSV檔案格式,NO、站名、河系、行政區域、建置日期、管理單位、X坐標、Y坐標,智慧通勤:0; 韌性防災:2; 永續環境:0; 食安健康:0; 勞動福祉:0; 文化共融:0
taipei,8377b584-81e9-432d-b902-5b4e9978e6bc,00003976,臺北市水利處歷史積水紀錄圖,韌性防災,True,True,False,area,災害風險與避難資源分析,False,3,水利,公共資訊,原始資料,工務局,水利處,工務局水利處,每1年,KML,中文,2015-02-01T00:00:00,/api/dataset/8377b584-81e9-432d-b902-5b4e9978e6bc/resource/dbed5503-d5fb-46d5-8701-7b591ac38c35/download,全市歷史積水紀錄圖，使用KML格式,area(面積)、FDATE(發生日期)、TOWN_NAME(行政區)、ADDRESS(積水位置)、Depth(積水深度),智慧通勤:0; 韌性防災:2; 永續環境:0; 食安健康:0; 勞動福祉:0; 文化共融:0
taipei,b4940c63-554e-4d9d-8451-69820ed7ea0f,00001083,臺北市水利處水位計,韌性防災,True,True,False,point,災害風險與避難資源分析,False,3,水利,公共資訊,原始資料,工務局,水利處,工務局水利處,不定期更新,CSV,中文,2020-07-09T00:00:00,/api/dataset/b4940c63-554e-4d9d-8451-69820ed7ea0f/resource/4ec9b356-5d8c-4687-bd5e-4c5ddfc5e570/download,市轄水位計位置及名稱採用座標系統(WGS84)座標提供CSV檔案格式,水位計、Brand(廠牌)、Type(類型)、行政區域、建置日期、管理單位、Longitude、Latitude,智慧通勤:0; 韌性防災:2; 永續環境:0; 食安健康:0; 勞動福祉:0; 文化共融:0
taipei,03db6e0d-c6a6-400a-9e52-9b821c404c38,00001094,臺北市水利處沉砂池,韌性防災,True,True,False,point,災害風險與避難資源分析,False,3,水利,公共資訊,網路服務,工務局,水利處,工務局水利處,不定期更新,CSV,中文,2020-07-15T00:00:00,/api/dataset/03db6e0d-c6a6-400a-9e52-9b821c404c38/resource/a513c535-e903-4b69-9f5e-7ba6d7b6aa3d/download,臺北市沉砂池位置，採用座標系統TWD97-TM2，資料格式提供KML檔,CUSTOM_CODE(編號)、POOL_CODE(沉砂池編號)、POOL_NAME(地點)、TOWN_NAME(行政區)、X坐標、Y坐標、集水區面積,智慧通勤:0; 韌性防災:2; 永續環境:0; 食安健康:0; 勞動福祉:0; 文化共融:0
taipei,b3648c5d-15c8-416a-a603-fda7a9ac1b0d,00001089,臺北市水利處雨水下水道水位監測站,韌性防災,True,True,False,point,災害風險與避難資源分析,False,3,水利,生活安全及品質,網路服務,工務局,水利處,工務局水利處,每1年,CSV,中文,2016-06-30T00:00:00,/api/dataset/b3648c5d-15c8-416a-a603-fda7a9ac1b0d/resource/586e5233-aa60-4680-8ac1-cbb9ef7f7fde/download,雨水下水道水位監測站位置採用座標系統WGS84,設施編號、站名、行政區、經度、緯度,智慧通勤:0; 韌性防災:2; 永續環境:0; 食安健康:0; 勞動福祉:0; 文化共融:0
taipei,4192e21d-e513-49d3-949f-6fba38d8fd94,00003984,臺北市水利處雨量站,韌性防災,True,True,False,point,災害風險與避難資源分析,False,3,水利,生活安全及品質,原始資料,工務局,水利處,工務局水利處,每1年,CSV,中文,2015-02-01T00:00:00,/api/dataset/4192e21d-e513-49d3-949f-6fba38d8fd94/resource/7aade2f9-7ca7-493c-b9ed-f9c09f773f89/download,全市雨量站位置，採用座標系統TWD97-TM2,TOWN(行政區)、STATIONID(水利處站碼)、NAME(站名)、經度、緯度,智慧通勤:0; 韌性防災:3; 永續環境:0; 食安健康:0; 勞動福祉:0; 文化共融:0
taipei,cdbc2677-7f23-42e5-9b83-a57ab9bee39c,00001098,臺北市水利處颱風豪雨期間外租機械佈設點,韌性防災,True,True,False,area,災害風險與避難資源分析,False,3,消防,生活安全及品質,原始資料,工務局,水利處,工務局水利處,每1年,CSV,中文,2021-07-05T00:00:00,/api/dataset/cdbc2677-7f23-42e5-9b83-a57ab9bee39c/resource/dd0f5ff1-d688-40f4-9a53-c5faaeca05a2/download,颱風豪雨期間因應低窪及易淹水地區委託民間廠商協助佈設抽水機等機具進行防救工作,OBJECTID(編號)、DISTRICT(行政區)、ENGINEID(外租機械編號)、ENGLOC(位置敘述)、ENGNAME(設備名稱)、EMAN(責任承辦人)、市話、行動電話、EFIRM(責任廠商)、SPRECDATE、SPUSEDIR、Longitude、Latitude,智慧通勤:0; 韌性防災:6; 永續環境:0; 食安健康:0; 勞動福祉:0; 文化共融:0
taipei,1c5c526a-878a-4805-8b15-41abeeeb0082,00003927,臺北市水患自主防災韌性社區一覽,韌性防災,True,True,False,area,災害風險與避難資源分析,False,3,水利,生活安全及品質,原始資料,工務局,水利處,工務局水利處,每1年,CSV,中文,2021-06-10T00:00:00,/api/dataset/1c5c526a-878a-4805-8b15-41abeeeb0082/resource/9099673f-1d90-4036-a4c0-dd8ff137bbfb/download,本府工務局水利處自 108 年度起針對本市易積淹水地區推動水患自主防災社區,水患自主防災社區推動年度、行政區、行政區碼、里別、主辦機關代碼,智慧通勤:0; 韌性防災:4; 永續環境:0; 食安健康:0; 勞動福祉:0; 文化共融:0
taipei,42cd537d-6788-4bd9-99e8-8e7a9db4f6f5,00001085,臺北市水準點,韌性防災,True,True,False,point,災害風險與避難資源分析,False,3,水利,公共資訊,原始資料,工務局,水利處,工務局水利處,不定期更新,CSV,中文,2020-07-17T00:00:00,/api/dataset/42cd537d-6788-4bd9-99e8-8e7a9db4f6f5/resource/a10ba39d-f366-40a6-8f91-f984547aff6a/download,"水準點位置提供TWD97-TM2座標
",序號、identifica(識別碼)、name(點號)、grade(等級)、owner(埋設單位)、X坐標、Y坐標、標高、TNAME(行政區),智慧通勤:0; 韌性防災:2; 永續環境:0; 食安健康:0; 勞動福祉:0; 文化共融:0
taipei,5b277432-f534-4d09-a24c-d3f6b514e042,00032001,臺北市水綠地圖集,韌性防災,True,True,False,point,災害風險與避難資源分析,False,3,工務,公共資訊,網路服務,工務局,,工務局,不定期更新,"GEOJSON,GEOJSON,GEOJSON,GEOJSON,GEOJSON,GEOJSON,GEOJSON,GEOJSON,GEOJSON,GEOJSON,GEOJSON,GEOJSON,GEOJSON,GEOJSON,GEOJSON,GEOJSON,GEOJSON,GEOJSON,GEOJSON,GEOJSON,GEOJSON,GEOJSON,GEOJSON,GEOJSON,GEOJSON,GEOJSON,GEOJSON,GEOJSON,GEOJSON,GEOJSON,GEOJSON,GEOJSON,GEOJSON,GEOJSON,GEOJSON,GEOJSON,GEOJSON",中文,2023-11-08T00:00:00,"/api/dataset/5b277432-f534-4d09-a24c-d3f6b514e042/resource/39c92b54-69c5-46b1-8f90-5483a1b08247/download,/api/dataset/5b277432-f534-4d09-a24c-d3f6b514e042/resource/17d0e560-cec7-4677-82f0-162302f56f95/download,/api/dataset/5b277432-f534-4d09-a24c-d3f6b514e042/resource/b58cf500-64a0-4935-8f7d-82872746d96f/download,/api/dataset/5b277432-f534-4d09-a24c-d3f6b514e042/resource/ad507d2e-5850-4cd3-836e-e36697a716dd/download,/api/dataset/5b277432-f534-4d09-a24c-d3f6b514e042/resource/e20676c6-0535-4175-b682-9a04be3cd125/download,/api/dataset/5b277432-f534-4d09-a24c-d3f6b514e042/resource/2f3d27cf-3f03-4438-ac38-da5986195cfc/download,/api/dataset/5b277432-f534-4d09-a24c-d3f6b514e042/resource/fe4cdaf5-2882-489b-bb2f-a3b6947b3ca1/download,/api/dataset/5b277432-f534-4d09-a24c-d3f6b514e042/resource/e4e04b63-a1ec-4720-bfab-e2dd645f25ed/download,/api/dataset/5b277432-f534-4d09-a24c-d3f6b514e042/resource/51a153d5-dca0-4a55-a8e9-264ae97bb19c/download,/api/dataset/5b277432-f534-4d09-a24c-d3f6b514e042/resource/4ed15638-2301-4e62-9e65-46adc3b38a35/download,/api/dataset/5b277432-f534-4d09-a24c-d3f6b514e042/resource/f29890f4-d703-410e-88e2-9d53cf91003d/download,/api/dataset/5b277432-f534-4d09-a24c-d3f6b514e042/resource/9bb49a8f-c198-4d20-b4f2-d034a577b7d7/download,/api/dataset/5b277432-f534-4d09-a24c-d3f6b514e042/resource/f3ce4bb6-712a-41ae-902b-f8a6099eac85/download,/api/dataset/5b277432-f534-4d09-a24c-d3f6b514e042/resource/1dda6370-6631-46a8-a47b-6e2d577b6f35/download,/api/dataset/5b277432-f534-4d09-a24c-d3f6b514e042/resource/0dcb0d33-3fe6-419e-98f6-c23181f2ad27/download,/api/dataset/5b277432-f534-4d09-a24c-d3f6b514e042/resource/79227ab6-9d03-4c49-82f8-4f5b0d02e642/download,/api/dataset/5b277432-f534-4d09-a24c-d3f6b514e042/resource/615d504f-0194-4ccd-88bb-36232e579b09/download,/api/dataset/5b277432-f534-4d09-a24c-d3f6b514e042/resource/97d2bea0-eedf-47ec-b286-5229cf99f558/download,/api/dataset/5b277432-f534-4d09-a24c-d3f6b514e042/resource/c92de9d2-01a7-46ca-8c8e-dd9667e515d0/download,/api/dataset/5b277432-f534-4d09-a24c-d3f6b514e042/resource/c28fcf89-ca10-498e-93a9-02f95c1dbbeb/download,/api/dataset/5b277432-f534-4d09-a24c-d3f6b514e042/resource/e4170672-9ab9-43c9-bb08-2a01a800f2ed/download,/api/dataset/5b277432-f534-4d09-a24c-d3f6b514e042/resource/5dd9a664-c175-478d-a83a-7a33567d163b/download,/api/dataset/5b277432-f534-4d09-a24c-d3f6b514e042/resource/551bdca9-0701-4854-a9be-8d5826fb6170/download,/api/dataset/5b277432-f534-4d09-a24c-d3f6b514e042/resource/9c546342-0ab6-49c7-bd78-559fc4c9be2c/download,/api/dataset/5b277432-f534-4d09-a24c-d3f6b514e042/resource/9c9021cd-a1d5-4283-ab9f-4a006729fcec/download,/api/dataset/5b277432-f534-4d09-a24c-d3f6b514e042/resource/d449e232-51ff-4404-b730-8f9a2d9106cf/download,/api/dataset/5b277432-f534-4d09-a24c-d3f6b514e042/resource/89fe1553-6c19-4e10-be23-fc8027d27c71/download,/api/dataset/5b277432-f534-4d09-a24c-d3f6b514e042/resource/7eb15e5a-0532-41f0-8d3e-f756d797c293/download,/api/dataset/5b277432-f534-4d09-a24c-d3f6b514e042/resource/c50b43ea-d927-492c-a828-06a06389c3ee/download,/api/dataset/5b277432-f534-4d09-a24c-d3f6b514e042/resource/9e895ea7-8a73-48b0-8882-2ca3cd48115f/download,/api/dataset/5b277432-f534-4d09-a24c-d3f6b514e042/resource/9f9205e5-fa3e-42b1-b059-02def57f8f37/download,/api/dataset/5b277432-f534-4d09-a24c-d3f6b514e042/resource/9849f543-f707-4d76-8156-190b3f5af95b/download,/api/dataset/5b277432-f534-4d09-a24c-d3f6b514e042/resource/ab55a961-562e-4d1b-93d3-5d59f3b10c79/download,/api/dataset/5b277432-f534-4d09-a24c-d3f6b514e042/resource/3b3b262b-843d-4f6f-95de-5445dcc3830c/download,/api/dataset/5b277432-f534-4d09-a24c-d3f6b514e042/resource/7d6fd95f-b7a8-4baf-b743-9ce792fd2c97/download,/api/dataset/5b277432-f534-4d09-a24c-d3f6b514e042/resource/e7a72835-fc02-436a-9a07-2ea1c1070b14/download,/api/dataset/5b277432-f534-4d09-a24c-d3f6b514e042/resource/3bdb0dd5-e994-496e-b9a5-f615399ad956/download",提供本市田園城市、都市綠地、透水鋪面、水資源及水利設施、公園綠地、保水防災、藍色公路、水資源處理及回收再利用及都市綠建築等主題分類圖層，格式 Geojson ，座標系統TWD97。,id、geometry,智慧通勤:0; 韌性防災:1; 永續環境:1; 食安健康:0; 勞動福祉:0; 文化共融:0
taipei,4da28626-cfd1-47bd-9d53-ec08a53376c2,00001349,臺北市河川區私有土地分佈,韌性防災,True,True,False,area,災害風險與避難資源分析,False,3,水利,購屋及遷徙,網路服務,工務局,水利處,工務局水利處,每1年,"CSV,CSV,CSV,CSV,CSV,KML,CSV,CSV,CSV,CSV,CSV,CSV",中文,2020-07-17T00:00:00,"/api/dataset/4da28626-cfd1-47bd-9d53-ec08a53376c2/resource/d83f19d7-c9ad-4e03-a4a8-fb3f57af51a4/download,/api/dataset/4da28626-cfd1-47bd-9d53-ec08a53376c2/resource/79f8b561-353a-46f6-a419-acc8b0f60c7b/download,/api/dataset/4da28626-cfd1-47bd-9d53-ec08a53376c2/resource/2c3afbb2-7924-4ec1-8b0f-dedf3909b0ae/download,/api/dataset/4da28626-cfd1-47bd-9d53-ec08a53376c2/resource/2054974c-a4cd-4805-aa89-4d30b75a367a/download,/api/dataset/4da28626-cfd1-47bd-9d53-ec08a53376c2/resource/8ea69924-0a8a-4b61-b1e8-f536dc7c80de/download,/api/dataset/4da28626-cfd1-47bd-9d53-ec08a53376c2/resource/17b3be44-cdc1-462e-8477-a4a87a4b9e18/download,/api/dataset/4da28626-cfd1-47bd-9d53-ec08a53376c2/resource/2cab5a63-9ee7-43cb-a27b-dc56f66af994/download,/api/dataset/4da28626-cfd1-47bd-9d53-ec08a53376c2/resource/70eaa565-6045-4422-9a94-020708fbf403/download,/api/dataset/4da28626-cfd1-47bd-9d53-ec08a53376c2/resource/a9b61432-d642-4452-bfcb-493b9c44486a/download,/api/dataset/4da28626-cfd1-47bd-9d53-ec08a53376c2/resource/fdf68c94-4f4b-4ff6-a77b-d2f4721ff8f0/download,/api/dataset/4da28626-cfd1-47bd-9d53-ec08a53376c2/resource/d634f55c-9847-4cbb-b091-6ac5a41b7fa7/download,/api/dataset/4da28626-cfd1-47bd-9d53-ec08a53376c2/resource/51e30e33-f99e-4c9e-950a-66c06616e264/download","提供CSV及KML檔案格式。
※本調查結果僅供參考，實際結果仍以本府都市發展局公告為準。",市區、行政區域、段名、母地號、子地號,智慧通勤:0; 韌性防災:2; 永續環境:1; 食安健康:0; 勞動福祉:0; 文化共融:0
taipei,0016a730-aef1-43c5-baaf-0f08e270c0f6,00003854,臺北市河川水位站位置資料,韌性防災,True,True,False,point,災害風險與避難資源分析,False,3,水利,生活安全及品質,原始資料,工務局,水利處,工務局水利處,不定期更新,CSV,中文,2021-03-11T00:00:00,/api/dataset/0016a730-aef1-43c5-baaf-0f08e270c0f6/resource/98fce0a1-66f9-4b10-b384-1e80a7999e27/download,為利判別河川水位站位置，故提供水位站站碼及WGS84座標,站碼、站名、X座標、Y座標、流域、行政區,智慧通勤:0; 韌性防災:2; 永續環境:1; 食安健康:0; 勞動福祉:0; 文化共融:0
taipei,9b854e09-b44e-4e02-ae5a-47b860fdba20,00003974,臺北市河流,韌性防災,True,True,False,area,災害風險與避難資源分析,False,3,水利,公共資訊,原始資料,工務局,水利處,工務局水利處,不定期更新,KML,中文,2015-02-01T00:00:00,/api/dataset/9b854e09-b44e-4e02-ae5a-47b860fdba20/resource/d343ddc1-8425-43c6-9b45-5c2294d2229e/download,市轄河川主流及支流位置及名稱,PARCCID、大分類、英文代碼、簡稱、全名、RGBID、CHN、SHAPE_AREA、SHAPE_LEN,智慧通勤:0; 韌性防災:2; 永續環境:1; 食安健康:0; 勞動福祉:0; 文化共融:0
taipei,235326d3-4b86-4a03-b9d5-8b259560add3,00003977,臺北市河濱休憩點,韌性防災,True,True,False,point,災害風險與避難資源分析,False,3,水利,休閒旅遊,原始資料,工務局,水利處,工務局水利處,每1年,CSV,中文,2015-02-01T00:00:00,/api/dataset/235326d3-4b86-4a03-b9d5-8b259560add3/resource/d5104e5c-2d13-4c3b-b8cc-61ebbbe53a5d/download,各自行車休憩點位置，提供CSV檔案格式，採WGS84座標系統呈現,Riverside_Park(河濱公園)、Location(地點)、Latitude(緯度)、Longitude(經度)、Type(型式),智慧通勤:1; 韌性防災:2; 永續環境:0; 食安健康:0; 勞動福祉:0; 文化共融:1
taipei,e194055c-d482-4a1e-81fb-0f4ffb2669ad,00003971,臺北市河濱公園,韌性防災,True,True,False,point,災害風險與避難資源分析,False,3,水利,休閒旅遊,原始資料,工務局,水利處,工務局水利處,每1年,CSV,中文,2015-02-01T00:00:00,/api/dataset/e194055c-d482-4a1e-81fb-0f4ffb2669ad/resource/95b5edc0-e98a-406c-90b1-82f08c9f6a93/download,臺北市河濱公園位置等相關介紹，提供CSV檔案格式，採WGS84座標系統呈現,FID (項次)、Park (河濱公園)、District (行政區)、面積、Description (範圍描述)、Longitude、Latitude,智慧通勤:0; 韌性防災:2; 永續環境:0; 食安健康:0; 勞動福祉:0; 文化共融:1
taipei,c63b54ef-941d-4b71-b775-b93ec22af5a1,00001736,臺北市河濱公園塗鴉區,韌性防災,True,True,False,point,災害風險與避難資源分析,False,3,水利,休閒旅遊,原始資料,工務局,水利處,工務局水利處,每1年,CSV,中文,2020-05-01T00:00:00,/api/dataset/c63b54ef-941d-4b71-b775-b93ec22af5a1/resource/ca9633bf-3f53-472c-9098-8710db23ae2c/download,臺北市河濱公園塗鴉區位置描述及開放塗鴉面積，提供CSV檔案格式，採TWD97及WGS84座標系統呈現,編號、行政區、河濱公園、位置地點、面積（平方公尺）、緯度_TWD97、經度_TWD97、緯度_WGS84、經度_WGS84,智慧通勤:0; 韌性防災:2; 永續環境:0; 食安健康:0; 勞動福祉:0; 文化共融:1
taipei,5cb3555b-8fd0-47a9-9311-fb596b3f531e,00001095,臺北市河濱公園涼亭,韌性防災,True,True,False,point,災害風險與避難資源分析,False,3,水利,休閒旅遊,網路服務,工務局,水利處,工務局水利處,不定期更新,CSV,中文,2016-07-01T00:00:00,/api/dataset/5cb3555b-8fd0-47a9-9311-fb596b3f531e/resource/9c157591-235f-4868-985f-904fab9260bf/download,河濱公園涼亭與橋下休憩位置，提供CSV檔案格式，採WGS84座標系統呈現,項次、形式、河系、河濱公園、管理單位、Longitude、Latitude,智慧通勤:0; 韌性防災:2; 永續環境:0; 食安健康:0; 勞動福祉:0; 文化共融:1
taipei,11882f4b-a41c-447a-b7cf-aec61bd4aac7,00032129,臺北市河濱公園自行車道里程牌,韌性防災,True,True,False,point,災害風險與避難資源分析,False,3,水利,休閒旅遊,原始資料,工務局,水利處,工務局水利處,每1年,CSV,中文,2023-12-29T00:00:00,/api/dataset/11882f4b-a41c-447a-b7cf-aec61bd4aac7/resource/3e0fd8fb-1079-4b5a-8344-c73b0ecc600a/download,提供河濱公園自行車道里程牌提供CSV檔案格式，採WGS84及TWD97座標系統呈現。,里程牌名稱、經度、緯度、TWD97X、TWD97Y,智慧通勤:1; 韌性防災:2; 永續環境:0; 食安健康:0; 勞動福祉:0; 文化共融:1
taipei,e5a7b15a-1dbd-407a-8e75-8eef48cebd18,00001737,臺北市河濱公園販賣機,韌性防災,True,True,False,point,災害風險與避難資源分析,False,3,水利,休閒旅遊,原始資料,工務局,水利處,工務局水利處,不定期更新,CSV,中文,2020-05-01T00:00:00,/api/dataset/e5a7b15a-1dbd-407a-8e75-8eef48cebd18/resource/7d339a1d-87e7-493a-8ac5-850f57d67b5f/download,河濱公園自動販賣機設置位置，TWD97座標，WGS84座標,編號、河濱公園、廠商、緯度_TWD97、經度_TWD97、緯度_WGS84、經度_WGS84,智慧通勤:0; 韌性防災:2; 永續環境:0; 食安健康:0; 勞動福祉:0; 文化共融:1
taipei,c10c9cf7-19b1-46c4-891b-d9f4652c46e2,00001101,臺北市河濱公園越堤階梯,韌性防災,True,True,False,point,災害風險與避難資源分析,False,3,水利,休閒旅遊,網路服務,工務局,水利處,工務局水利處,不定期更新,CSV,中文,2012-07-06T00:00:00,/api/dataset/c10c9cf7-19b1-46c4-891b-d9f4652c46e2/resource/baebde2b-4a95-4ef6-adf8-5ad7f6ba3b7c/download,河濱公園越堤梯位置，提供CSV檔案格式，採WGS84座標系統呈現,項次、河濱公園、管理單位、階梯材質、階梯扶手、階梯編號、新項次、Longitude、Latitude,智慧通勤:0; 韌性防災:2; 永續環境:0; 食安健康:0; 勞動福祉:0; 文化共融:1
taipei,8f532959-6499-464e-9632-c01cd987c78a,00001735,臺北市河濱公園遊戲區,韌性防災,True,True,False,point,災害風險與避難資源分析,False,3,水利,休閒旅遊,原始資料,工務局,水利處,工務局水利處,每1年,CSV,中文,2020-05-01T00:00:00,/api/dataset/8f532959-6499-464e-9632-c01cd987c78a/resource/72f51d13-3aab-4e7f-b6ab-c647ad533883/download,臺北市29座河濱公園遊戲區相關設施及座落位置，提供CSV檔案格式，採TWD97及WGS84座標系統呈現,地點、設施、緯度_WGS84、經度_WGS84、緯度_TWD97、經度_TWD97,智慧通勤:0; 韌性防災:2; 永續環境:0; 食安健康:0; 勞動福祉:0; 文化共融:1
taipei,cc818250-009c-4271-982f-7e51f73ffe0e,00003970,臺北市河濱廁所,韌性防災,True,True,False,point,災害風險與避難資源分析,False,3,水利,休閒旅遊,原始資料,工務局,水利處,工務局水利處,每1年,CSV,中文,2015-02-01T00:00:00,/api/dataset/cc818250-009c-4271-982f-7e51f73ffe0e/resource/4b33aa03-cf03-459d-888b-865ee7ea16db/download,臺北市29座河濱公園廁所類型及座落位置描述，提供CSV檔案格式，採TWD97座標系統呈現,NO、Administrative district、Riverside Park、Location、Type、Remark、Longitude、Latitude、Long_TWD97、Lat_WD97,智慧通勤:0; 韌性防災:2; 永續環境:0; 食安健康:0; 勞動福祉:0; 文化共融:1
taipei,34800b67-b5a5-4ce9-9892-eb0945b82644,00001342,臺北市河濱生態喬木,韌性防災,True,True,False,point,災害風險與避難資源分析,False,3,水利,休閒旅遊,原始資料,工務局,水利處,工務局水利處,不定期更新,CSV,中文,2017-11-07T00:00:00,/api/dataset/34800b67-b5a5-4ce9-9892-eb0945b82644/resource/99346ee9-c667-451d-badc-7c2c3797da5a/download,"1.範圍：本市堤外29座河濱公園、社子島島頭公園、社子島濕地、社六濕地、樟腳公園、中庸2號公園及已闢建為草皮具休憩功能之堤外灘地、堤坡。
2.對象：樹高高於1.5公尺，DBH>6公分。
3.提供CSV檔案格式，採TWD97及WGS84座標系統呈現",樹籍編碼、樹種、學名、科別、河濱公園、管理單位、樹高_m、胸高直徑_cm、樹冠投影面、推估樹齡_y、資料日期、備註、經度_TWD97、緯度_TWD97、經度_WGS84、緯度_WGS84,智慧通勤:0; 韌性防災:2; 永續環境:0; 食安健康:0; 勞動福祉:0; 文化共融:1
taipei,6e3a3230-2241-4dec-b25a-2458eb0988f7,00001346,臺北市河濱生態棕櫚,韌性防災,True,True,False,point,災害風險與避難資源分析,False,3,水利,休閒旅遊,原始資料,工務局,水利處,工務局水利處,不定期更新,"CSV,CSV",中文,2017-11-07T00:00:00,"/api/dataset/6e3a3230-2241-4dec-b25a-2458eb0988f7/resource/de274bc8-535f-40e7-99c4-b2c28194bd09/download,/api/dataset/6e3a3230-2241-4dec-b25a-2458eb0988f7/resource/574f6b69-dd3b-467e-ab5f-40b8f516eb19/download","1.本市堤外29座河濱公園、社子島島頭公園、社子島濕地、社六濕地及已闢建為草皮具休憩功能之堤外灘地與堤坡，棕櫚分布情形。
2. 提供CSV檔案格式，採TWD97及WGS84座標系統呈現",樹籍編碼、樹種、學名、科別、河濱公園、管理單位、樹高m、胸高直徑cm、樹冠投影面、推估樹齡_y、資料日期、備註、經度_TWD97、緯度_TWD97、經度_WGS84、緯度_WGS84,智慧通勤:0; 韌性防災:2; 永續環境:0; 食安健康:0; 勞動福祉:0; 文化共融:1
taipei,831a3fbc-ff4a-4acd-849b-d114644b7fce,00001343,臺北市河濱生態灌木,韌性防災,True,True,False,point,災害風險與避難資源分析,False,3,水利,休閒旅遊,原始資料,工務局,水利處,工務局水利處,不定期更新,CSV,中文,2017-11-07T00:00:00,/api/dataset/831a3fbc-ff4a-4acd-849b-d114644b7fce/resource/2932b79d-565f-4819-af00-8762bc72baad/download,"1.範圍：本市堤外29座河濱公園、社子島島頭公園、社子島濕地、社六濕地及已闢建為草皮具休憩功能之堤外灘地，不含堤防與堤坡。 
2.灌木面積占比前三名依序為金露花、朱槿、杜鵑；河濱公園灌木面積占比前三名為雙溪、延平、大佳。 
3.提供CSV檔案格式，採TWD97座標系統呈現","樹籍編碼、樹種、學名、科別、面積平方公尺、建置年份、河濱公園、管理單位、備註
",智慧通勤:0; 韌性防災:2; 永續環境:0; 食安健康:0; 勞動福祉:0; 文化共融:1
taipei,ab1c92f1-b8ef-490a-8b49-aabbb4a33a3f,00003973,臺北市河濱自行車道景點,韌性防災,True,True,False,point,災害風險與避難資源分析,False,3,水利,休閒旅遊,原始資料,工務局,水利處,工務局水利處,每1年,CSV,中文,2015-02-01T00:00:00,/api/dataset/ab1c92f1-b8ef-490a-8b49-aabbb4a33a3f/resource/87f1d055-1289-4f01-80b4-bdfd9a1f692f/download,河濱自行車道週邊景點介紹，提供CSV檔案格式，採WGS84座標系統呈現,Riverside_Park(河濱公園)、Scenic_Spot(取景點)、Latitude(緯度)、Longitude(經度)、Description(景點描述),智慧通勤:1; 韌性防災:2; 永續環境:0; 食安健康:0; 勞動福祉:0; 文化共融:2
taipei,ef8a2898-eddf-40e9-97a2-4d851197ac4a,00003978,臺北市河濱輕食區,韌性防災,True,True,False,point,災害風險與避難資源分析,False,3,水利,休閒旅遊,原始資料,工務局,水利處,工務局水利處,每1年,CSV,中文,2015-02-01T00:00:00,/api/dataset/ef8a2898-eddf-40e9-97a2-4d851197ac4a/resource/5d3f375e-6b77-4eb7-9ffe-16979602cf92/download,河濱輕食區位置，提供CSV檔案格式，採WGS84及TWD97座標系統呈現,河濱公園、地點、經度WGS84、緯度WGS84、經度TWD97、緯度TWD97、餐飲種類、營業時間,智慧通勤:0; 韌性防災:2; 永續環境:0; 食安健康:0; 勞動福祉:0; 文化共融:1
taipei,871874fc-c3b8-4752-aa56-76101395589d,00001793,臺北市消防安全檢查重大不合格場所,韌性防災,True,True,False,point,災害風險與避難資源分析,False,3,消防,公共資訊,原始資料,消防局,,消防局,每1月,CSV,中文,2021-09-07T00:00:00,/api/dataset/871874fc-c3b8-4752-aa56-76101395589d/resource/d417e957-7205-451e-bf45-a31db78f6ec8/download,公告臺北市消防安全檢查重大不合格場所名稱、場所地址、違規項目、檢查日期、場所用途,項次、場所名稱、場所地址、違規項目、檢查日期、場所用途,智慧通勤:0; 韌性防災:3; 永續環境:0; 食安健康:0; 勞動福祉:0; 文化共融:0
taipei,69a5328a-9bee-4581-bc10-a272e73a94d0,00003007,臺北市液化石油氣分裝場、儲存場、驗瓶場、瓦斯行清冊,韌性防災,True,True,False,point,災害風險與避難資源分析,False,3,消防,公共資訊,原始資料,消防局,,消防局,不定期更新,CSV,中文,2020-11-09T00:00:00,/api/dataset/69a5328a-9bee-4581-bc10-a272e73a94d0/resource/197e7700-2033-417d-9cc7-642c54731bf2/download,臺北市液化石油氣分裝場、儲存場、驗瓶場、瓦斯行場所名稱、場所地址,項次、場所名稱、郵遞區號、縣市別代碼、場所地址、用途名稱,智慧通勤:0; 韌性防災:3; 永續環境:0; 食安健康:0; 勞動福祉:0; 文化共融:0
taipei,942155e8-9889-418a-8e18-68f5486565b2,00003006,臺北市液化石油氣消防安全檢查及違規取締,韌性防災,True,True,False,area,災害風險與避難資源分析,False,3,消防,公共資訊,原始資料,消防局,,消防局,不定期更新,CSV,中文,2020-11-09T00:00:00,/api/dataset/942155e8-9889-418a-8e18-68f5486565b2/resource/229ef04b-8b2b-4c78-b9e7-8bcce699e77e/download,"臺北市液化石油氣列管家數、消防安全檢查情形及違規取締件次
","區域別、期底列管家數-合計、期底列管家數-分銷商、期底列管家數-分裝場、期底列管家數-容器檢驗場、期底列管家數-容器儲存場所、期底列管家數-串接使用場所、檢查件次-合計、檢查件次-分銷商、檢查件次-分裝場、檢查件次-容器檢驗場、檢查件次-容器儲存場所、檢查件次-串接使用場所、檢查合格件次-合計、檢查合格件次-分銷商、檢查合格件次-分裝場、檢查合格件次-容器檢驗場、檢查合格件次-容器儲存場所、檢查合格件次-串接使用場所、檢查不合格件次-合計、檢查不合格件次-分銷商、檢查不合格件次-分裝場、檢查不合格件次-容器檢驗場、檢查不合格件次-容器儲存場所、檢查不合格件次-串接使用場所、違規取締件次-合計、違規取締件次-分銷商-違規儲存液化石油氣、違規取締件次-分銷商-違規使用逾期容器、違規取締件次-分銷商-違規使用偽造合格標示、違規取締件次-分銷商-非法分裝液化石油氣、違規取締件次-其他分銷商位置構造設備或安全管理不合格、違規取締件次-分裝場-違規灌裝逾期容器、違規取締件次-其他分裝場位置構造設備或安全管理不合格、違規取締件次-檢驗場-容器檢驗不實、違規取締件次-其他檢驗場位置構造設備或安全管理不合格、違規取締件次-儲存場所位置構造設備或安全管理不合格、違規取締件次-串接使用場所位置構造設備或安全管理不合格、違規取締件次-消防安全設備檢查不合格、違規取締件次-其他、裁處件次-合計、裁處件次-罰鍰、裁處件次-限期改善、裁處件次-停業或停止使用、已收繳罰鍰件次、強制執行件次
",智慧通勤:0; 韌性防災:3; 永續環境:0; 食安健康:1; 勞動福祉:0; 文化共融:0
taipei,0f322478-e09b-46af-8019-caeaa79678d7,00001669,臺北市火災搶救困難地區,韌性防災,True,True,False,point,災害風險與避難資源分析,False,3,消防,公共資訊,原始資料,消防局,,消防局,不定期更新,CSV,中文,2021-06-21T00:00:00,/api/dataset/0f322478-e09b-46af-8019-caeaa79678d7/resource/577b3810-49b7-44fd-a5b7-97897bb50f9e/download,有關臺北市火災搶救困難地區資料。,項次編號、評分等級、認定項目、行政區編號、地址、場所名稱,智慧通勤:0; 韌性防災:4; 永續環境:0; 食安健康:0; 勞動福祉:0; 文化共融:0
taipei,95c2eed3-8253-4dce-bf8e-1d6a01517514,00001796,臺北市狹小巷道清冊(紅黃區),韌性防災,True,True,False,area,災害風險與避難資源分析,False,3,消防,公共資訊,原始資料,消防局,,消防局,不定期更新,CSV,中文,2020-07-01T00:00:00,/api/dataset/95c2eed3-8253-4dce-bf8e-1d6a01517514/resource/cd4ec60e-8d53-48a5-bbf1-9ec1f2afc20b/download,臺北市狹小巷道列管清冊,項次編號、分類、行政區代碼、分隊名稱、巷道名稱、寬度、備註,智慧通勤:0; 韌性防災:3; 永續環境:0; 食安健康:0; 勞動福祉:0; 文化共融:0
taipei,443dc687-92b6-4ffd-8dc0-23738437b571,00003983,臺北市疏散門資訊,韌性防災,True,True,False,point,災害風險與避難資源分析,False,3,水利,公共資訊,原始資料,工務局,水利處,工務局水利處,每1年,CSV,中文,2015-02-01T00:00:00,/api/dataset/443dc687-92b6-4ffd-8dc0-23738437b571/resource/47cffd30-3527-45af-b709-6f76772e3cfb/download,臺北市疏散門編號及座落位置描述，提供CSV檔案格式，採WGS84座標系統呈現,Riverside_Park(河濱公園)、Name(名稱)、Description(位置描述)、Longitude、Latitude,智慧通勤:0; 韌性防災:2; 永續環境:0; 食安健康:0; 勞動福祉:0; 文化共融:0
taipei,2fe05f49-3007-489d-993e-1e153c80210d,00003390,臺北市直升機起降點點位資料,韌性防災,True,True,False,point,災害風險與避難資源分析,False,3,消防,交通及通訊,原始資料,消防局,,消防局,不定期更新,CSV,中文,2020-12-18T00:00:00,/api/dataset/2fe05f49-3007-489d-993e-1e153c80210d/resource/850f1258-b00e-40de-a325-9b37145c94d7/download,臺北市每季直升機起降點位資料。,項次編號、行政區代碼、起降點名稱、地址、經度座標、緯度座標、面積、標高、地面狀況概述、適合起降機種、場內障礙說明、場外障礙說明、其他飛安顧慮、管理單位、管理單位聯絡電話、分機、轄區消防大隊名稱、轄區消防大隊聯絡電話、轄區消防分隊、連絡電話、派出所名稱、聯絡電話、分機、鄰近醫院、無線電呼叫頻率、勘查時間、目前是否可起降,智慧通勤:1; 韌性防災:3; 永續環境:0; 食安健康:1; 勞動福祉:0; 文化共融:0
taipei,08fbf642-b1e6-4120-985a-f16e4ed29ad9,00002987,臺北市經營滅火器性能檢查及藥劑更換充填作業專業廠商清冊,韌性防災,True,True,False,point,災害風險與避難資源分析,False,3,消防,公共資訊,原始資料,消防局,,消防局,不定期更新,CSV,中文,2020-11-09T00:00:00,/api/dataset/08fbf642-b1e6-4120-985a-f16e4ed29ad9/resource/3a99d923-2f8a-49a0-9d43-45f78d456af4/download,公告臺北市經營滅火器性能檢查及藥劑更換充填作業專業廠商名稱,編號、縣市別代碼、廠商名稱、地址、市話、負責人、證書號碼、證書有效期限、執行業務範圍,智慧通勤:0; 韌性防災:3; 永續環境:0; 食安健康:0; 勞動福祉:0; 文化共融:0
taipei,a6046af0-7160-449c-a94c-2270a62bc305,00002894,臺北市遭受災害救助情形,韌性防災,False,True,True,table,災害風險與避難資源分析,True,3,統計,公共資訊,原始資料,主計處,,主計處,每1年,CSV,中文,2022-02-18T00:00:00,https://tsis.dbas.gov.taipei/statis/webMain.aspx?sys=220&ymf=8500&kind=21&type=0&funid=a05027401&cycle=4&outmode=12&compmode=0&outkind=1&deflst=2&nzo=1,"臺北市遭受災害救助情形時間數列統計資料

","統計期、受災次數[次]、受災人數/臨時收容災民[人]、受災人數/死亡[含無名屍][人]、受災人數/失蹤[人]、受災人數/重傷[人]、受災人數/其他[人]、房屋毀損/全倒[間]、房屋毀損/半倒[間]、收容所[所]、安遷救助/戶數[戶]、安遷救助/人數[人]、財物受損影響生計者[戶]、救助金額/總計[元]、救助金額/現金[元]、救助金額/實物[元]
",智慧通勤:0; 韌性防災:1; 永續環境:0; 食安健康:0; 勞動福祉:0; 文化共融:0
taipei,336c6660-483e-40f9-a2cd-bddcafe2a6dd,00002662,臺北市防洪陸閘資訊,韌性防災,True,True,False,point,災害風險與避難資源分析,False,3,水利,公共資訊,原始資料,工務局,水利處,工務局水利處,每1年,CSV,中文,2020-11-02T00:00:00,/api/dataset/336c6660-483e-40f9-a2cd-bddcafe2a6dd/resource/aa115d33-a98e-4176-900d-4d56f10e5b2c/download,市轄防洪陸閘位置及名稱採用座標系統(TWD97_TM2)提供CSV檔案格式,項次、名稱、橋梁、經度_TWD97、緯度_TWD97,智慧通勤:0; 韌性防災:2; 永續環境:0; 食安健康:0; 勞動福祉:0; 文化共融:0
taipei,1d1f8665-1247-47be-9fcd-5ead19ec763b,00000214,臺北市防溺重點水域一覽表,韌性防災,True,True,False,area,災害風險與避難資源分析,False,3,消防,生活安全及品質,原始資料,消防局,,消防局,每1年,CSV,中文,2018-05-01T00:00:00,/api/dataset/1d1f8665-1247-47be-9fcd-5ead19ec763b/resource/a2b6fcd3-addd-4238-ac1f-7b07eeeec81b/download,本市防溺重點水域一覽表，供各單位加強水域安全整備與民眾遊憩參考,更新年度、縣市、行政區、地點名稱、管理單位,智慧通勤:0; 韌性防災:3; 永續環境:0; 食安健康:0; 勞動福祉:0; 文化共融:0
taipei,1a193473-bb85-4f84-8593-f4c3b718673b,00002811,臺北市防災教育宣導工作,韌性防災,True,True,False,area,災害風險與避難資源分析,False,3,消防,公共資訊,原始資料,消防局,,消防局,不定期更新,CSV,中文,2020-11-09T00:00:00,/api/dataset/1a193473-bb85-4f84-8593-f4c3b718673b/resource/eea5916f-a81d-4602-bcad-047c75ffa0f2/download,防災教育宣導、消防風水師里鄰家戶防災訪視宣導情形,"項次、項目、聯絡電話、分機、服務項目
",智慧通勤:0; 韌性防災:4; 永續環境:0; 食安健康:0; 勞動福祉:0; 文化共融:0
taipei,1b59298a-6b0a-47f3-b57a-9c81bf77f29e,00000815,臺北市防空警報臺數量,韌性防災,False,True,True,table,災害風險與避難資源分析,True,3,統計,公共資訊,原始資料,警察局,,警察局,不定期更新,CSV,中文,2022-01-05T00:00:00,/api/dataset/1b59298a-6b0a-47f3-b57a-9c81bf77f29e/resource/b9765c8c-0d13-41ad-a3d1-542a454054e7/download,臺北市防空警報臺數量統計,機關代碼、項目別、遙控警報臺數、人工警報臺數、堪用警報臺數,智慧通勤:0; 韌性防災:2; 永續環境:0; 食安健康:0; 勞動福祉:0; 文化共融:0
taipei,fa1e8012-ebb4-473b-888e-97f9a9ce365e,00000862,臺北市降雨積水模擬圖（112年更新版）,韌性防災,True,True,False,point,災害風險與避難資源分析,False,3,水利,生活安全及品質,原始資料,工務局,水利處,工務局水利處,每5年,"KML,KML,KML",中文,2018-01-03T00:00:00,"/api/dataset/fa1e8012-ebb4-473b-888e-97f9a9ce365e/resource/173adcbe-0f2e-4941-b2bc-127c09db0391/download,/api/dataset/fa1e8012-ebb4-473b-888e-97f9a9ce365e/resource/4b14c3a0-fcf2-48d4-9c93-e27784cae29d/download,/api/dataset/fa1e8012-ebb4-473b-888e-97f9a9ce365e/resource/2954e8d4-cb67-40c9-8ab8-019ad10b758e/download","本市短延時強降雨條件下（78.8mm/h、100mm/h、130mm/h）之可能積水範圍、可能積水深度。
（※深度15公分以下之地表逕流不顯示於圖面中）圖資為KML格式、圖層空間參考系統座標是WGS84座標。

本圖資係基於設計降雨條件及特定年份地形資料下，運用客觀水理模式經數值模擬演算而得。由於實際降雨在空間分布上因地形效應及當時大氣條件而極度不均勻，且氣象及水文條件具不確定性，故本圖資無法模擬未來單一颱洪事件之實際淹水狀況，參考使用時應特別留意此情形。

另依經濟部「水災潛勢資料公開辦法」規定及水利署淹水潛勢圖於「政府資料開放平臺」說明，淹水潛勢圖僅供防救災相關業務使用，不適合作為土地使用管制或土地利用及其他相關措施之判定依據。",GRIDCODE、depth、case、year、AGENCYCODE,智慧通勤:0; 韌性防災:4; 永續環境:1; 食安健康:0; 勞動福祉:0; 文化共融:0
newtaipei,3674522F-E5A1-469F-9FD8-7F2C195427AD,,新北市十大低漥地區,韌性防災,False,True,True,table,災害風險與避難資源分析,False,2,水利,公共資訊,,,,新北市政府水利局/雨水下水道工程科,每年,JSON、CSV、XML,中文,,https://data.ntpc.gov.tw/datasets/3674522f-e5a1-469f-9fd8-7f2c195427ad,105年統計發生積淹水紀錄結果，屬天然地形及地勢低漥，雖經本局採各種改善工程，如包含側溝或下水道擴大、瓶頸段打通、增設低地排水設施…等，仍無法免除豪大雨或颱風期間易發生積淹水情形，請周邊市民加強預防措施將易因水災受損物品墊高，如有需使用砂包阻隔需求者，可至各公所領取砂包備用。,,智慧通勤:0; 韌性防災:4; 永續環境:0; 食安健康:0; 勞動福祉:0; 文化共融:0
newtaipei,0AE3BB6F-6BCF-4A38-B45E-A371FBEFB9DC,,新北市污水下水道用戶接管普及率,韌性防災,False,True,True,table,災害風險與避難資源分析,False,2,水利,生活安全及品質,,,,新北市政府水利局/污水下水道工程科,每月,JSON、CSV、XML,中文,,https://data.ntpc.gov.tw/datasets/0ae3bb6f-6bcf-4a38-b45e-a371fbefb9dc,新普及率處理率計算依據污水下水道第五期建設計畫修正以接管戶數乘以各縣市戶量除以各縣市總人口數而得；各縣市總人口數及各縣市戶量資料來源為內政部戶政司人口資料（縣市人口性比例及人口密度）。,,智慧通勤:0; 韌性防災:2; 永續環境:0; 食安健康:0; 勞動福祉:1; 文化共融:0
newtaipei,640ADB33-148B-4F5F-9899-D2A69A2D5DE2,,新北市火災次數按起火處所分,韌性防災,False,True,True,table,災害風險與避難資源分析,False,2,消防,公共資訊,,,,新北市政府消防局/火災鑑識中心,每月,JSON、CSV、XML,中文,,https://data.ntpc.gov.tw/datasets/640adb33-148b-4f5f-9899-d2a69a2d5de2,"新北市火災次數按起火處所分編製說明
一、統計範圍及對象：凡所發生火災之起火處所均為統計對象。
二、統計標準時間：以每月1日至月底之事實為準。",,智慧通勤:0; 韌性防災:4; 永續環境:0; 食安健康:0; 勞動福祉:0; 文化共融:0
newtaipei,CC243E1C-D8EA-4211-8C09-C969A8AC3624,,新北市起火建築物,韌性防災,False,True,True,table,災害風險與避難資源分析,False,2,消防,公共資訊,,,,新北市政府消防局/火災鑑識中心,每月,JSON、CSV、XML,中文,,https://data.ntpc.gov.tw/datasets/cc243e1c-d8ea-4211-8c09-c969a8ac3624,"新北市起火建築物編製說明
一、統計範圍及對象：凡所發生火災之建築物均為統計對象。
二、統計標準時間：以每月1日至月底之事實為準。
",,智慧通勤:0; 韌性防災:4; 永續環境:0; 食安健康:0; 勞動福祉:0; 文化共融:0
newtaipei,3A9D87F0-9490-4021-8FC9-5045ECDD8D22,,新北市防空疏散避難設施數量及容量 ,韌性防災,False,True,True,table,災害風險與避難資源分析,False,2,統計,公共資訊,,,,新北市政府警察局/民防管制中心,不更新,JSON、CSV、XML,中文,,https://data.ntpc.gov.tw/datasets/3a9d87f0-9490-4021-8fc9-5045ecdd8d22,提供新北市防空疏散避難設施數量及容量相關資料,,智慧通勤:0; 韌性防災:2; 永續環境:0; 食安健康:0; 勞動福祉:0; 文化共融:0
newtaipei,7B665EDA-5E2C-4520-8C4C-7F5E840040B2,,義消人數及火災死傷人數,韌性防災,False,True,True,table,災害風險與避難資源分析,False,2,統計,公共資訊,,,,新北市政府主計處/公務統計科,每年,JSON、CSV、XML,中文,,https://data.ntpc.gov.tw/datasets/7b665eda-5e2c-4520-8c4c-7f5e840040b2,"1.新北市義消人數及火災死傷人數(含性別)
2.單位：人
3.各項欄位說明詳參新北市性別圖像電子檔(網址：http://www.bas.ntpc.gov.tw/home.jsp?id=MTI5)或電洽主計處查詢。",,智慧通勤:0; 韌性防災:1; 永續環境:0; 食安健康:0; 勞動福祉:0; 文化共融:0
taipei,dc695373-6b3a-466d-b946-7025e06544fd,00003411,公務人員執行職務意外傷亡慰問金發給標準,韌性防災,False,True,True,table,災害風險與避難資源分析,False,2,消防,公共資訊,原始資料,消防局,,消防局,不定期更新,CSV,中文,2020-12-21T00:00:00,/api/dataset/dc695373-6b3a-466d-b946-7025e06544fd/resource/472bf1af-5291-4903-9d69-347dca687494/download,有關公務人員執行職務意外傷亡慰問金發放標準及補助金額,種類、發給標準、發給金額 、有否抵充、有否額外投保,智慧通勤:0; 韌性防災:3; 永續環境:0; 食安健康:0; 勞動福祉:1; 文化共融:0
taipei,6ec30ee8-7e0d-4e21-81ca-d7a09ec9fe52,00002566,臺北市事業單位職業災害概況,韌性防災,False,True,True,table,災害風險與避難資源分析,False,2,統計,求職及就業,原始資料,主計處,,主計處,每1年,CSV,中文,2022-02-07T00:00:00,https://tsis.dbas.gov.taipei/statis/webMain.aspx?sys=220&ymf=8500&kind=21&type=0&funid=a05007101&cycle=4&outmode=12&compmode=0&outkind=1&deflst=2&nzo=1,"臺北市事業單位職業災害概況時間數列統計資料
",年別、陳報事業單位數[家]、工作者數[人]、總工作日數[日]、總工時[時]、失能傷害次數/總計[人次]、失能傷害次數/死亡[人次]、失能傷害次數/永久全失能[人次]、失能傷害次數/永久部分失能[人次]、失能傷害次數/暫時全失能[人次]、失能傷害頻率[百萬比]、總損失工作日數[日]、失能傷害嚴重率[百萬比],智慧通勤:0; 韌性防災:1; 永續環境:0; 食安健康:0; 勞動福祉:1; 文化共融:0
taipei,aadee9e4-7fcd-4f82-b031-8e8d54a07872,00003594,臺北市兒少保護調查處理情形,韌性防災,False,True,True,table,災害風險與避難資源分析,False,2,社福,公共資訊,網路服務,社會局,,社會局,不定期更新,CSV,中文,2020-12-30T00:00:00,/api/dataset/aadee9e4-7fcd-4f82-b031-8e8d54a07872/resource/f4d6c37a-aaf0-4b03-b354-4de7fce9961a/download,提供臺北市兒少保護調查處理情形資訊,年/季、死亡人數及原因/總計、死亡人數及原因/遭父母受虐致死、死亡人數及原因/在社工處遇期間生病或意外死亡、死亡人數及原因/其他、保護處理安置總人數、保護處理安置/個案仍住家中人數、保護處理安置/調查前已為安置個案人數、保護處理安置/72小時緊急安置人數、保護處理安置/繼續安置人數、保護處理安置/委託安置人數,智慧通勤:0; 韌性防災:1; 永續環境:0; 食安健康:0; 勞動福祉:1; 文化共融:0
taipei,fe3c6ef5-68ae-46bf-be52-a88ef9bf2a98,00002605,臺北市動物保護概況,韌性防災,False,True,True,table,災害風險與避難資源分析,False,2,統計,公共資訊,原始資料,主計處,,主計處,每1年,CSV,中文,2020-10-29T00:00:00,https://tsis.dbas.gov.taipei/statis/webMain.aspx?sys=220&ymf=9100&kind=21&type=0&funid=A05042201&cycle=4&outmode=12&compmode=0&outkind=1&deflst=2&nzo=1,"臺北市動物保護概況時間數列統計資料
",統計期、豬病預防注射[頭]、狂犬病預防注射[隻]、寵物登記/犬[隻]、寵物登記/貓[隻]、犬貓絕育補助/犬[隻]、犬貓絕育補助/貓[隻]、愛心犬貓收容數/犬[隻]、愛心犬貓收容數/貓[隻]、犬貓認領數/犬[隻]、犬貓認領數/貓[隻]、犬貓認養數/犬[隻]、犬貓認養數/貓[隻]、犬貓認養人數/總計[人]、犬貓認養人數/男[人]、犬貓認養人數/女[人]、流浪犬貓/總計[隻]、流浪犬貓/管制救援數[隻]、流浪犬貓/飼主當場領回數[隻]、動物救援報案件數[件]、獸醫診療機構家數[家],智慧通勤:0; 韌性防災:1; 永續環境:0; 食安健康:0; 勞動福祉:1; 文化共融:0
taipei,a0bddd44-c32e-4ca6-adb2-8422610311ab,00002680,臺北市勞工保險給付概況,韌性防災,False,True,True,table,災害風險與避難資源分析,False,2,統計,公共資訊,原始資料,主計處,,主計處,每1年,CSV,中文,2022-02-25T00:00:00,https://tsis.dbas.gov.taipei/statis/webMain.aspx?sys=220&ymf=5700&kind=21&type=0&funid=a05006301&cycle=4&outmode=12&compmode=0&outkind=1&deflst=2&nzo=1,臺北市勞工保險給付概況時間數列統計資料,年別、保險給付總件數[件]、保險給付總金額[千元]、保險給付現金件數[件]、保險給付職業災害現金件數[件]、保險給付現金金額[千元]、保險給付職業災害現金金額[千元]、保險給付住院件數[件]、保險給付住院金額[千元]、保險給付門診件數[件]、保險給付門診金額[千元],智慧通勤:0; 韌性防災:1; 永續環境:0; 食安健康:0; 勞動福祉:1; 文化共融:0
taipei,e45f431a-02f8-4a7d-bcbf-c32b310c71af,00002567,臺北市勞工重大職業災害,韌性防災,False,True,True,table,災害風險與避難資源分析,False,2,統計,生活安全及品質,原始資料,主計處,,主計處,每1年,CSV,中文,2022-02-07T00:00:00,https://tsis.dbas.gov.taipei/statis/webMain.aspx?sys=220&ymf=8400&kind=21&type=0&funid=a05007201&cycle=4&outmode=12&compmode=0&outkind=1&deflst=2&nzo=1,"臺北市勞工重大職業災害時間數列統計資料
","年別、發生件數[件]、營造業發生件數[件]、營造業公共工程發生件數[件]、營造業公共工程發生件數占營造業百分比[%]、死亡人數[人]、營造業死亡人數[人]
",智慧通勤:0; 韌性防災:1; 永續環境:0; 食安健康:0; 勞動福祉:1; 文化共融:0
taipei,349ed536-e07b-4600-b0bf-74bbc272747e,00002833,臺北市各年度消防緊急救護急救處置次數統計,韌性防災,False,True,True,table,災害風險與避難資源分析,False,2,消防,公共資訊,原始資料,消防局,,消防局,每1年,CSV,中文,2022-01-08T00:00:00,/api/dataset/349ed536-e07b-4600-b0bf-74bbc272747e/resource/e04324f4-ccc1-4465-a61d-169800efe33a/download,本局各年度各項救護處置統計,統計年度、自動心肺復甦機、CPR次數、不建議電擊次數、電擊次數,智慧通勤:0; 韌性防災:4; 永續環境:0; 食安健康:0; 勞動福祉:0; 文化共融:0
taipei,d24529ee-7bbf-4836-ad9e-600634484566,00002832,臺北市各年度消防緊急救護服務,韌性防災,False,True,True,table,災害風險與避難資源分析,False,2,消防,公共資訊,原始資料,消防局,,消防局,每1年,CSV,中文,2022-01-08T00:00:00,/api/dataset/d24529ee-7bbf-4836-ad9e-600634484566/resource/4f20b1bc-80ef-4699-8e62-3c8d4c67e7f9/download,本局各年度各類救護勤務統計,統計年度、救護出勤合計次數、送醫次數、未接觸次數、有接觸未運送次數、出勤待命次數,智慧通勤:0; 韌性防災:4; 永續環境:0; 食安健康:0; 勞動福祉:0; 文化共融:0
taipei,1cd821c5-0ea9-4cde-a881-247be85e6a0d,00003585,臺北市安置兒童及少年性剝削被害人情形,韌性防災,False,True,True,table,災害風險與避難資源分析,False,2,社福,公共資訊,網路服務,社會局,,社會局,不定期更新,CSV,中文,2020-12-30T00:00:00,/api/dataset/1cd821c5-0ea9-4cde-a881-247be85e6a0d/resource/10f68ffc-2570-428e-8c53-84ed2ab153e1/download,每半年提供臺北市安置兒童及少年性剝削被害人情形資訊,年/半年、本期緊急安置數量、緊急安置個案向法院聲請第一次裁定數量、本期入住人數/依第一次裁定結果繼續安置、本期入住人數/依第二次裁定結果安置、緊急收容中心安置、短期收容中心安置,智慧通勤:0; 韌性防災:1; 永續環境:0; 食安健康:0; 勞動福祉:1; 文化共融:0
taipei,652dcd39-3375-469d-bbc4-63573932a718,00002043,臺北市市民醫療及急難救助按月別,韌性防災,False,True,True,table,災害風險與避難資源分析,False,2,統計,公共資訊,原始資料,主計處,,主計處,每1月,CSV,中文,2022-03-18T00:00:00,https://tsis.dbas.gov.taipei/statis/webMain.aspx?sys=220&ymf=8701&kind=21&type=0&funid=a04003001&cycle=1&outmode=12&compmode=0&outkind=1&deflst=2&nzo=1,臺北市市民醫療及急難救助按月別時間數列統計資料,統計期、市民醫療補助住院人日數、市民醫療補助住院金額[千元]、市民醫療補助門診人次數、市民醫療補助門診金額[千元]、市民限額醫療補助人數[人]、市民限額醫療補助金額[千元]、市民急難救助人次[次]、市民急難救助金額[千元]、市民遭受災害救助金額[千元],智慧通勤:0; 韌性防災:1; 永續環境:0; 食安健康:1; 勞動福祉:1; 文化共融:0
taipei,da5059a6-33f4-4f5b-a407-f380a9047951,00000792,臺北市政府公教人員急難貸款申請人次統計表,韌性防災,False,True,True,table,災害風險與避難資源分析,False,2,統計,公共資訊,原始資料,人事處,,人事處,每1年,CSV,中文,2021-01-01T00:00:00,/api/dataset/da5059a6-33f4-4f5b-a407-f380a9047951/resource/ebaba64d-c11c-499e-b567-52d215b6b630/download,臺北市政府年度公教人員急難貸款申請情形,"年度、合計、傷病醫護60萬、眷屬喪葬50萬、災害貸款60萬、育嬰貸款60萬、長期照護60萬、產後護理

",智慧通勤:0; 韌性防災:1; 永續環境:0; 食安健康:1; 勞動福祉:0; 文化共融:0
taipei,67674cb5-06ae-4314-b1c5-5bdef898a6e0,00003306,臺北市政府消防局119受理電話分析統計,韌性防災,False,True,True,table,災害風險與避難資源分析,False,2,消防,公共資訊,原始資料,消防局,,消防局,不定期更新,CSV,中文,2020-12-14T00:00:00,/api/dataset/67674cb5-06ae-4314-b1c5-5bdef898a6e0/resource/0f5d2a16-fe38-4323-b881-818f3e0b97d5/download,提供臺北市政府消防局各進線方式受理電話量,年度、有效行動電話數量、無效行動電話數量、有效市內電話數量、無效市內電話數量、簡訊報案數量、傳真報案數量、總計數量,智慧通勤:0; 韌性防災:3; 永續環境:0; 食安健康:0; 勞動福祉:0; 文化共融:0
taipei,ae05a0da-6c8c-4411-b16e-e01abfb9f6bb,00002726,臺北市政府消防局12導程心電圖機配置清冊,韌性防災,False,True,True,table,災害風險與避難資源分析,False,2,消防,公共資訊,原始資料,消防局,,消防局,不定期更新,CSV,中文,2020-11-04T00:00:00,/api/dataset/ae05a0da-6c8c-4411-b16e-e01abfb9f6bb/resource/50382184-199e-4c91-a4db-71a310aaafd5/download,各分隊數量,大隊、中隊、分隊、購入日期、數量,智慧通勤:0; 韌性防災:3; 永續環境:0; 食安健康:0; 勞動福祉:0; 文化共融:0
taipei,d3e98b67-02db-4f83-95b6-7b7984f73033,00002825,臺北市政府消防局捐款專戶經費收支公告,韌性防災,False,True,True,table,災害風險與避難資源分析,False,2,消防,公共資訊,原始資料,消防局,,消防局,每6月,"CSV,CSV,CSV,CSV",中文,2020-11-10T00:00:00,"/api/dataset/d3e98b67-02db-4f83-95b6-7b7984f73033/resource/5ea149cd-6cd5-4c94-a442-d26eeb6f465d/download,/api/dataset/d3e98b67-02db-4f83-95b6-7b7984f73033/resource/256f4f38-8940-42b2-993c-6e86e19f1db3/download,/api/dataset/d3e98b67-02db-4f83-95b6-7b7984f73033/resource/1913a41c-6b19-4fe1-8459-97f6f7165b22/download,/api/dataset/d3e98b67-02db-4f83-95b6-7b7984f73033/resource/219025ce-89af-46a7-bedb-e68deb621913/download",臺北市政府消防局捐款專戶內相關經費收支，依規定經委員會審議後每半年公告1次。,日期、捐款人、捐款指定用途或支用項目說明、上期餘額、本期收入金額、本期支出金額、專戶餘額、預定支用金額、可支用餘額,智慧通勤:0; 韌性防災:3; 永續環境:0; 食安健康:0; 勞動福祉:0; 文化共融:0
taipei,1a7fb527-c6f0-4b2d-838e-b2d849433b8e,00003310,臺北市政府消防局標案明細表,韌性防災,False,True,True,table,災害風險與避難資源分析,False,2,消防,公共資訊,原始資料,消防局,,消防局,不定期更新,CSV,中文,2020-12-14T00:00:00,/api/dataset/1a7fb527-c6f0-4b2d-838e-b2d849433b8e/resource/43ec5b81-0673-4029-8700-4840b1850659/download,臺北市政府消防局標案案件明細及金額,臺北市政府消防局採購案件、採購金額等資訊。,智慧通勤:0; 韌性防災:3; 永續環境:0; 食安健康:0; 勞動福祉:0; 文化共融:0
taipei,65aa7e36-8650-49b5-bb2e-7ea112f8b4b2,00029331,臺北市政府消防局歲入預算表,韌性防災,False,True,True,table,災害風險與避難資源分析,False,2,消防,公共資訊,原始資料,消防局,,消防局,每1年,"CSV,CSV,CSV,CSV,CSV,CSV,CSV,CSV",中文,2022-06-07T00:00:00,"/api/dataset/65aa7e36-8650-49b5-bb2e-7ea112f8b4b2/resource/f8594020-ccaf-47bc-ad18-7708dd6b114e/download,/api/dataset/65aa7e36-8650-49b5-bb2e-7ea112f8b4b2/resource/dda72d05-dcb4-411c-aae8-50c1f7e6ed04/download,/api/dataset/65aa7e36-8650-49b5-bb2e-7ea112f8b4b2/resource/57a00c31-77fb-4493-b24b-1ad91a6e5fd9/download,/api/dataset/65aa7e36-8650-49b5-bb2e-7ea112f8b4b2/resource/c7119990-1579-4cc8-93d9-2443889a8121/download,/api/dataset/65aa7e36-8650-49b5-bb2e-7ea112f8b4b2/resource/c0b497f3-9b1a-43ef-8664-4f087cdd77a4/download,/api/dataset/65aa7e36-8650-49b5-bb2e-7ea112f8b4b2/resource/6d9cfee7-b13c-45e5-8fc5-f3925d288705/download,/api/dataset/65aa7e36-8650-49b5-bb2e-7ea112f8b4b2/resource/10c48aa6-365a-4f6a-8765-bb777765a7ee/download,/api/dataset/65aa7e36-8650-49b5-bb2e-7ea112f8b4b2/resource/893bd0f2-1f4d-4c84-94e1-431e850b4616/download",科目名稱、本年度預算數（金額）、上年度預算數（金額）、前年度決算數（金額）、本年度與上年度比較（金額）,科目名稱、本年度預算數（金額）、上年度預算數（金額）、前年度決算數（金額）、本年度與上年度比較（金額）,智慧通勤:0; 韌性防災:3; 永續環境:0; 食安健康:0; 勞動福祉:0; 文化共融:0
taipei,194f9e4e-5444-4e99-bfb9-e9a53c2f0afd,00029332,臺北市政府消防局歲出預算表,韌性防災,False,True,True,table,災害風險與避難資源分析,False,2,消防,公共資訊,原始資料,消防局,,消防局,每1年,"CSV,CSV,CSV,CSV,CSV,CSV,CSV,CSV",中文,2022-06-07T00:00:00,"/api/dataset/194f9e4e-5444-4e99-bfb9-e9a53c2f0afd/resource/dba0078f-27d3-4d4e-8b85-dc527f38568e/download,/api/dataset/194f9e4e-5444-4e99-bfb9-e9a53c2f0afd/resource/dd60b73e-92b3-4a4f-9236-286811fa4336/download,/api/dataset/194f9e4e-5444-4e99-bfb9-e9a53c2f0afd/resource/9f9be6c1-7279-47c2-bd87-456eabcf2576/download,/api/dataset/194f9e4e-5444-4e99-bfb9-e9a53c2f0afd/resource/e7bad916-fb3e-4a12-b6d1-3f4d87aedf51/download,/api/dataset/194f9e4e-5444-4e99-bfb9-e9a53c2f0afd/resource/07e03dbf-cb99-4ed5-868f-a12c1ef7db4b/download,/api/dataset/194f9e4e-5444-4e99-bfb9-e9a53c2f0afd/resource/ab59389e-2766-4ce6-a4b5-76126473fb00/download,/api/dataset/194f9e4e-5444-4e99-bfb9-e9a53c2f0afd/resource/de932499-2531-4223-9fc3-b03acae12706/download,/api/dataset/194f9e4e-5444-4e99-bfb9-e9a53c2f0afd/resource/b58a037b-4c1f-4989-ad23-1719a6323043/download",科目名稱、本年度預算數（金額）、上年度預算數（金額）、前年度決算數（金額）、本年度與上年度比較（金額）,科目名稱、本年度預算數（金額）、上年度預算數（金額）、前年度決算數（金額）、本年度與上年度比較（金額）,智慧通勤:0; 韌性防災:3; 永續環境:0; 食安健康:0; 勞動福祉:0; 文化共融:0
taipei,4d60c133-7edc-42c8-9ae2-77c29b5cbb92,00003402,臺北市政府消防局消防裝備器材,韌性防災,False,True,True,table,災害風險與避難資源分析,False,2,消防,生活安全及品質,原始資料,消防局,,消防局,不定期更新,CSV,中文,2020-12-21T00:00:00,/api/dataset/4d60c133-7edc-42c8-9ae2-77c29b5cbb92/resource/be9c1b50-cbad-4930-8814-321814aae200/download,臺北市政府消防局各年度消防裝備器材,項次編號、縣市代碼、機關代碼、品項名稱、現有數量、可調度數量,智慧通勤:0; 韌性防災:3; 永續環境:0; 食安健康:0; 勞動福祉:0; 文化共融:0
taipei,cb6403fd-3224-4b2d-bdf7-5f279b5f16d0,00003403,臺北市政府消防局消防裝備器材捐贈名冊,韌性防災,False,True,True,table,災害風險與避難資源分析,False,2,消防,公共資訊,原始資料,消防局,,消防局,每1年,"CSV,CSV,CSV",中文,2020-12-21T00:00:00,"/api/dataset/cb6403fd-3224-4b2d-bdf7-5f279b5f16d0/resource/20748bab-abae-4d8a-b2f7-a2e763d03bb6/download,/api/dataset/cb6403fd-3224-4b2d-bdf7-5f279b5f16d0/resource/34c30576-29bc-458f-ac07-ddec95aa77ef/download,/api/dataset/cb6403fd-3224-4b2d-bdf7-5f279b5f16d0/resource/8f540ed4-6451-4c68-9c77-2ff8bd362bf5/download",臺北市政府消防局各年度消防裝備器材捐贈名冊,項次編號、捐贈者、具體事蹟、捐贈金額、受獎人數、提報單位、備註,智慧通勤:0; 韌性防災:3; 永續環境:0; 食安健康:0; 勞動福祉:0; 文化共融:0
taipei,a4484aa2-533c-45a1-88fd-de0c6276bcfe,00001671,臺北市政府消防局緊急救護服務統計,韌性防災,False,True,True,table,災害風險與避難資源分析,False,2,消防,公共資訊,網路服務,消防局,,消防局,不定期更新,CSV,中文,2022-03-02T00:00:00,/api/dataset/a4484aa2-533c-45a1-88fd-de0c6276bcfe/resource/f5140345-edcd-4d64-90a7-f41edc412dab/download,本局各月各類救護勤務統計,月、救護出勤合計次數、送醫次數、未接觸次數、有接觸未運送次數、出勤待命次數,智慧通勤:0; 韌性防災:4; 永續環境:0; 食安健康:0; 勞動福祉:0; 文化共融:0
taipei,86d005f3-becd-4cfb-8bb8-4fb0af2f4fbe,00003210,臺北市政府消防局車輛統計表,韌性防災,False,True,True,table,災害風險與避難資源分析,False,2,消防,交通及通訊,原始資料,消防局,,消防局,不定期更新,CSV,中文,2020-12-09T00:00:00,/api/dataset/86d005f3-becd-4cfb-8bb8-4fb0af2f4fbe/resource/8266a155-c279-4358-a60d-5f4df1d52561/download,臺北市政府消防局各上下半年車輛統計表,項目、參考使用年限、堪用且未達年限數量、堪用且已達年限數量、總數,智慧通勤:1; 韌性防災:3; 永續環境:0; 食安健康:0; 勞動福祉:0; 文化共融:0
taipei,e448bdbd-fd18-40fc-8f0e-a2ff4ce44cf4,00001991,臺北市政府消防局辦理各項訓練統計,韌性防災,False,True,True,table,災害風險與避難資源分析,False,2,消防,公共資訊,原始資料,消防局,,消防局,不定期更新,CSV,中文,2020-10-05T00:00:00,/api/dataset/e448bdbd-fd18-40fc-8f0e-a2ff4ce44cf4/resource/10660485-d244-4ffd-b0ae-f6031c14c261/download,各項訓練統計,月份、每梯人數,智慧通勤:0; 韌性防災:3; 永續環境:0; 食安健康:0; 勞動福祉:0; 文化共融:0
taipei,6ef23472-c4cf-42c4-b6fe-7696b519405b,00003637,臺北市政府警察局受(處)理婦幼安全事(案)件,韌性防災,False,True,True,table,災害風險與避難資源分析,False,2,治安,公共資訊,原始資料,警察局,婦幼隊,警察局婦幼隊,不定期更新,CSV,中文,2020-12-29T00:00:00,/api/dataset/6ef23472-c4cf-42c4-b6fe-7696b519405b/resource/27c7af44-991c-4a06-8922-b946df744c3b/download,警察局受(處)理婦幼安全事(案)件,年月別、通常保護令聲請件數、通常保護令核發件數、通常保護令執行次數、暫時保護令聲請件數、暫時保護令核發件數、暫時保護令執行次數、緊急保護令聲請件數、緊急保護令核發件數、緊急保護令執行次數,智慧通勤:0; 韌性防災:1; 永續環境:0; 食安健康:0; 勞動福祉:0; 文化共融:0
taipei,8d1d9b1b-43ff-4c64-a0d9-9aa35b469ee5,00000754,臺北市新住民統計,韌性防災,False,True,True,table,災害風險與避難資源分析,False,2,統計,公共資訊,網路服務,主計處,,主計處,不定期更新,CSV,中文,2014-01-01T00:00:00,/api/dataset/8d1d9b1b-43ff-4c64-a0d9-9aa35b469ee5/resource/70fba3bb-0637-4cd7-bcdb-4e6e5c703cde/download,臺北市新住民時間數列統計資料,年別、求職就業率、求職就業率/男性、求職就業率/女性、參加就業研習人次占全市比率、參加就業研習人次占全市比率/男性、參加就業研習人次占全市比率/女性、參加職訓人次比率、參加職訓人次比率/男性、參加職訓人次比率/女性、新婚個案訪視個案完訪率、子女訪視個案完訪率、提供新住民懷孕婦女產前衛教諮詢服務個案率、各類緊急救援庇護安置及輔導服務人次比率、各類緊急救援庇護安置及輔導服務人次比率/男性、各類緊急救援庇護安置及輔導服務人次比率/女性、辦理新住民多元文化週活動國小學校比率、遭逢特殊境遇家庭經濟支持服務人次比率、遭逢特殊境遇家庭經濟支持服務人次比率/男性、遭逢特殊境遇家庭經濟支持服務人次比率/女性、國小新住民學生數、國小新住民學生比率、國小新住民學生比率/男性、國小新住民學生比率/女性、國中新住民學生數、國中新住民學生比率、國中新住民學生比率/男性、國中新住民學生比率/女性、子女優先進入公立幼兒園人數占全市比率、子女優先進入公立幼兒園人數占全市比率/男性、子女優先進入公立幼兒園人數占全市比率/女性、子女完成兒童發展篩檢表比率、子女早期療育服務人數占全市比率、子女早期療育服務人數占全市比率/男性、子女早期療育服務人數占全市比率/女性、身心障礙子女幼兒教育補助人數比率、身心障礙子女幼兒教育補助人數比率/男性、身心障礙子女幼兒教育補助人數比率/女性、國小子女學校課後輔導人次比率、國小子女學校課後輔導人次比率/男性、國小子女學校課後輔導人次比率/女性,智慧通勤:0; 韌性防災:2; 永續環境:0; 食安健康:0; 勞動福祉:2; 文化共融:2
taipei,7b241dbc-85ff-4684-97e1-ce0e9e3a6006,00001889,臺北市歷年溺水案件分析,韌性防災,False,True,True,table,災害風險與避難資源分析,False,2,消防,生活安全及品質,原始資料,消防局,,消防局,不定期更新,CSV,中文,2020-09-28T00:00:00,/api/dataset/7b241dbc-85ff-4684-97e1-ce0e9e3a6006/resource/cb4de05d-59e1-4817-83ff-24049f13dfe5/download,臺北市歷年溺水案件獲救人數、溺斃人數及失蹤人數。,年度、防溺期間發生件數統計數值、防溺期間獲救人數統計數值、防溺期間溺斃人數統計數值、防溺期間失蹤人數統計數值,智慧通勤:0; 韌性防災:3; 永續環境:0; 食安健康:0; 勞動福祉:0; 文化共融:0
taipei,00ee0bd7-588c-4498-9799-f8e38c6dd258,00002721,臺北市歷年災害應變中心開設資料,韌性防災,False,True,True,table,災害風險與避難資源分析,False,2,消防,公共資訊,原始資料,消防局,,消防局,不定期更新,"CSV,CSV",中文,2020-11-04T00:00:00,"/api/dataset/00ee0bd7-588c-4498-9799-f8e38c6dd258/resource/8afae55b-cf8f-4fc2-a28f-61219f6748e5/download,/api/dataset/00ee0bd7-588c-4498-9799-f8e38c6dd258/resource/066fd7b4-a1b4-40ca-ad7b-d63e8978403c/download",臺北市81年起迄今災害應變中心開設資料，各類災害於開設期間災情案件統計相關資訊,年度、災情名稱、成立時間、撤除時間、災情,智慧通勤:0; 韌性防災:5; 永續環境:0; 食安健康:0; 勞動福祉:0; 文化共融:0
taipei,d832ef6e-2734-438d-bd9a-a45531e64bd1,00002911,臺北市消防人員數,韌性防災,False,True,True,table,災害風險與避難資源分析,False,2,統計,公共資訊,原始資料,主計處,,主計處,每1年,CSV,中文,2021-01-28T00:00:00,https://tsis.dbas.gov.taipei/statis/webMain.aspx?sys=220&ymf=5700&kind=21&type=0&funid=a05030301&cycle=4&outmode=12&compmode=0&outkind=1&deflst=2&nzo=1,"臺北市消防人員數時間數列統計資料

",統計期、消防人員[含義消][人]、每萬人消防人員[含義消][人/萬人]、消防人員[不含義消][人]、每萬人消防人員[不含義消][人/萬人]、義消人員[人]、每萬人義消人員[人/萬人],智慧通勤:0; 韌性防災:1; 永續環境:0; 食安健康:0; 勞動福祉:0; 文化共融:0
taipei,6fcc37a9-ab1e-40ca-8118-6c4cd733db04,00001996,臺北市消防人員講習訓練年度統計,韌性防災,False,True,True,table,災害風險與避難資源分析,False,2,消防,公共資訊,原始資料,消防局,,消防局,每1年,CSV,中文,2020-10-05T00:00:00,/api/dataset/6fcc37a9-ab1e-40ca-8118-6c4cd733db04/resource/36d05a85-7e85-493c-b4b1-7b9fac9ed4ac/download,講習訓練年度統計,年、縣市、機關代碼、人次、備註,智慧通勤:0; 韌性防災:3; 永續環境:0; 食安健康:0; 勞動福祉:0; 文化共融:0
taipei,72c356d3-9cdb-4474-8bfb-ffcc79d0d469,00002835,臺北市消防各年度急救成功人數,韌性防災,False,True,True,table,災害風險與避難資源分析,False,2,消防,公共資訊,原始資料,消防局,,消防局,每1年,"CSV,CSV,CSV,CSV,CSV,CSV,CSV,CSV",中文,2022-01-08T00:00:00,"/api/dataset/72c356d3-9cdb-4474-8bfb-ffcc79d0d469/resource/8c30d7a0-63d7-4a52-8a38-28197b870150/download,/api/dataset/72c356d3-9cdb-4474-8bfb-ffcc79d0d469/resource/c5acdd57-c4c2-4490-8662-ab3c820dc7fa/download,/api/dataset/72c356d3-9cdb-4474-8bfb-ffcc79d0d469/resource/3019dd1b-dd3d-46c1-993b-f7331de05415/download,/api/dataset/72c356d3-9cdb-4474-8bfb-ffcc79d0d469/resource/fe9d2180-8c2e-412b-890b-73ea9dae8e9e/download,/api/dataset/72c356d3-9cdb-4474-8bfb-ffcc79d0d469/resource/736a70db-9bf7-4427-ba35-8181ca0a1b66/download,/api/dataset/72c356d3-9cdb-4474-8bfb-ffcc79d0d469/resource/e4d1522d-c665-439e-aa3c-1b8f41daf97d/download,/api/dataset/72c356d3-9cdb-4474-8bfb-ffcc79d0d469/resource/1dbe6484-fcfc-4ec4-a197-a1addc6dd7e0/download,/api/dataset/72c356d3-9cdb-4474-8bfb-ffcc79d0d469/resource/be269d7f-8c80-4ab8-b744-2d5475b77ba8/download",本局各年度ROSC及康復出院人數統計,OHCA人數、CPR到院前ROSC人數、CPR到院後ROSC人數、AEDshock到院前ROSC人數、AEDshock到院後ROSC人數、ACLS到院前ROSC人數、ACLS到院後ROSC人數、總計人數、康復出院人數,智慧通勤:0; 韌性防災:3; 永續環境:0; 食安健康:0; 勞動福祉:0; 文化共融:0
taipei,2d704020-deea-4ce2-88ef-0f3e139a4e47,00029355,臺北市消防局各級救護技術員統計,韌性防災,False,True,True,table,災害風險與避難資源分析,False,2,消防,公共資訊,原始資料,消防局,,消防局,每1年,CSV,中文,2022-06-27T00:00:00,/api/dataset/2d704020-deea-4ce2-88ef-0f3e139a4e47/resource/3b4e0f66-cc80-47f4-aa03-30ab5a3398ce/download,提供臺北市消防人員各級救護技術員人數統計資料,"救護技術員分級、初級救護技術員人數、中級救護技術員人數、高級救護技術員人數、實際執行救護人力
",智慧通勤:0; 韌性防災:3; 永續環境:0; 食安健康:0; 勞動福祉:0; 文化共融:0
taipei,e48c7436-c5d3-4bd7-9c59-69d96c45b85e,00002904,臺北市消防救護服務,韌性防災,False,True,True,table,災害風險與避難資源分析,False,2,統計,公共資訊,原始資料,主計處,,主計處,每1年,CSV,中文,2021-02-01T00:00:00,https://tsis.dbas.gov.taipei/statis/webMain.aspx?sys=220&ymf=8600&kind=21&type=0&funid=a05029901&cycle=4&outmode=12&compmode=0&outkind=1&deflst=2&nzo=1,"臺北市消防救護服務時間數列統計資料

",統計期、火災接獲民眾報案出勤次數[次]、出動人次/總計[人次]、出動人次/消防人員[人次]、出動人次/義消人員[人次]、出動人次/其他[人次]、出動車輛船艇直升機/總計[輛艘架]、出動車輛船艇直升機/水箱消防車[輛]、出動車輛船艇直升機/一般型救護車[輛]、出動車輛船艇直升機/救生艇[艘]、出動車輛船艇直升機/直升機[架]、出動車輛船艇直升機/其他車輛[輛]、火災救護救出人數[人]、緊急救護出勤次數/總計[次]、緊急救護出勤次數/送醫次數[次]、緊急救護出勤次數/未送醫次數/合計[次]、緊急救護出勤次數/未送醫次數/未接觸[次]、緊急救護出勤次數/未送醫次數/有接觸未運送[次]、緊急救護出勤次數/未送醫次數/出勤待命[次]、緊急救護急救送醫人次/總計[人次]、緊急救護急救送醫人次/非創傷類[人次]、緊急救護急救送醫人次/創傷類[人次]、其他服務出勤次數[次]、消防緊急救護到院前心肺功能停止/傷病患人次[人次]、消防緊急救護到院前心肺功能停止/急救成功處置人次[人次]、消防緊急救護到院前心肺功能停止/康復出院人數[人]、開設一二級防災中心次數[次],智慧通勤:0; 韌性防災:5; 永續環境:0; 食安健康:0; 勞動福祉:0; 文化共融:0
taipei,e23aedbc-047e-4bfa-aa3a-8da2a55b667d,00001672,臺北市消防緊急救護急救處置次數統計,韌性防災,False,True,True,table,災害風險與避難資源分析,False,2,消防,公共資訊,原始資料,消防局,,消防局,不定期更新,CSV,中文,2022-03-02T00:00:00,/api/dataset/e23aedbc-047e-4bfa-aa3a-8da2a55b667d/resource/db023212-accc-4928-92d6-f53cd3361bd8/download,本局各月各項救護處置統計,月、自動心肺復甦機、CPR次數、不建議電擊次數、電擊次數,智慧通勤:0; 韌性防災:4; 永續環境:0; 食安健康:0; 勞動福祉:0; 文化共融:0
taipei,a5add778-aafc-4048-aac0-e9045e2db8e3,00002905,臺北市消防設備(57年至85年),韌性防災,False,True,True,table,災害風險與避難資源分析,False,2,統計,公共資訊,原始資料,主計處,,主計處,不定期更新,CSV,中文,2020-11-14T00:00:00,https://tsis.dbas.gov.taipei/statis/webMain.aspx?sys=220&ymf=5700&ymt=8500&kind=21&type=0&funid=a05030001&cycle=4&outmode=12&compmode=0&outkind=1&deflst=2&nzo=1,"臺北市消防設備(57年至85年)時間數列統計資料
",統計期、主要消防車輛數/消防指揮車[輛]、主要消防車輛數/雲梯消防車[輛]、主要消防車輛數/化學消防車[輛]、主要消防車輛數/水箱消防車[輛]、主要消防車輛數/吉普消防車[輛]、主要消防車輛數/器材車[輛]、主要消防車輛數/救護車[輛]、消防船救生艇數[艘]、動力消防幫浦數[臺]、主要消防器材數/消防水帶[條]、主要消防器材數/消防衣鞋帽[套]、主要消防器材數/救生衣[件]、主要消防器材數/防毒面具[個]、主要消防器材數/防煙面罩[個]、主要消防器材數/乾粉滅火器[個]、主要消防器材數/二氧化碳滅火器[個]、主要消防器材數/泡沫滅火器[個]、主要消防器材數/消防梯[架]、消防栓數量[支],智慧通勤:0; 韌性防災:1; 永續環境:1; 食安健康:0; 勞動福祉:0; 文化共融:0
taipei,3233c6c1-af0f-4cb6-9601-988c2bb730d2,00002906,臺北市消防設備(86年以後),韌性防災,False,True,True,table,災害風險與避難資源分析,False,2,統計,公共資訊,原始資料,主計處,,主計處,每1年,CSV,中文,2021-01-28T00:00:00,https://tsis.dbas.gov.taipei/statis/webMain.aspx?sys=220&ymf=8600&kind=21&type=0&funid=a05030002&cycle=4&outmode=12&compmode=0&outkind=1&deflst=2&nzo=1,"臺北市消防設備(86年以後)時間數列統計資料
",統計期、消防車輛數/總計[輛]、消防車輛數/雲梯消防車[輛]、消防車輛數/水塔消防車[輛]、消防車輛數/化學消防車[輛]、消防車輛數/水庫消防車[輛]、消防車輛數/水箱消防車[輛]、消防車輛數/超高壓消防車[輛]、消防車輛數/泡沫消防車[輛]、消防車輛數/幫浦消防車[輛]、救災車輛數/總計[輛]、救災車輛數/救助器材車[輛]、救災車輛數/排煙車[輛]、救災車輛數/照明車[輛]、救災車輛數/空氣壓縮車[輛]、救災車輛數/特種通訊車[輛]、救災車輛數/救災指揮車[輛]、救災車輛數/水陸兩用車[輛]、救災車輛數/災情勘查車[輛]、救災車輛數/化學災害處理車[輛]、救災車輛數/火場現場勘驗車[輛]、救災車輛數/消防警備車[輛]、救災車輛數/消防救災越野車[輛]、救災車輛數/消防救護機車[輛]、消防勤務汽車輛數/總計[輛]、消防勤務汽車輛數/消防後勤車[輛]、消防勤務汽車輛數/消防查察車[輛]、消防勤務汽車輛數/災害預防宣傳車[輛]、消防勤務汽車輛數/地震體驗車[輛]、消防勤務汽車輛數/高塔訓練車[輛]、消防勤務汽車輛數/緊急修護車[輛]、消防勤務機車輛數[輛]、救護車輛數/總計[輛]、救護車輛數/一般型[輛]、救護車輛數/加護型[輛]、消防裝備數/救生艇[艘]、消防裝備數/防煙面罩[個]、消防裝備數/空氣瓶[瓶]、消防裝備數/空氣呼吸器[組]、消防裝備數/消防衣帽鞋[件]、消防裝備數/耐高溫消防衣[套]、消防裝備數/破壞器材組[組]、消防裝備數/空氣壓縮機[臺]、消防裝備數/潛水用裝備[套]、消防裝備數/橡皮艇[個]、消防裝備數/移動式幫浦[臺]、消防裝備數/熱顯像儀[套]、消防裝備數/個人用救命器[個]、消防裝備數/氣體偵測器[套]、消防栓數量[支],智慧通勤:0; 韌性防災:6; 永續環境:1; 食安健康:0; 勞動福祉:0; 文化共融:0
taipei,405848d9-5622-4178-b31c-b4eb12d02300,00002555,臺北市火災防護按月別,韌性防災,False,True,True,table,災害風險與避難資源分析,False,2,統計,生活安全及品質,原始資料,主計處,,主計處,每1月,"CSV,CSV",中文,2022-03-21T00:00:00,"https://tsis.dbas.gov.taipei/statis/webMain.aspx?sys=220&ymf=11001&kind=21&type=0&funid=a04003602&cycle=1&outmode=12&compmode=0&outkind=3&deflst=2&nzo=1,https://tsis.dbas.gov.taipei/statis/webMain.aspx?sys=220&ymf=8701&kind=21&type=0&funid=a04003601&cycle=1&outmode=12&compmode=0&outkind=3&deflst=2&nzo=1","臺北市火災防護按月別時間數列統計資料
",統計期、火災發生次數[次]、每日火災發生次數[次]、火災被毀損房屋數[戶]、火災死亡人數[人]、火災受傷人數[人]、火災財物損失估值[千元]、消防車輛[輛]、消防人員[人]、消防安全設備檢查件次[件次]、供公眾使用建築物安全檢查[家次]、違建查報拆除件數[件]、緊急救護送醫人次[人次],智慧通勤:0; 韌性防災:4; 永續環境:0; 食安健康:0; 勞動福祉:0; 文化共融:0
taipei,82265835-c1c8-4977-9b66-4aabf1170fcf,00029626,臺北市災害搶救實務研習班,韌性防災,False,True,True,table,災害風險與避難資源分析,False,2,消防,公共資訊,原始資料,消防局,,消防局,不定期更新,CSV,中文,2022-08-19T00:00:00,/api/dataset/82265835-c1c8-4977-9b66-4aabf1170fcf/resource/1455bd03-9356-467b-bd6f-22dfae414c52/download,提供每年臺北市消防人員災害搶救講習訓練人次統計資料,縣市代碼 、機關代碼、年度、區別、人數,智慧通勤:0; 韌性防災:4; 永續環境:0; 食安健康:0; 勞動福祉:0; 文化共融:0
taipei,7808266d-e815-453f-81d4-a0d03ac231ea,00002814,臺北市燃氣熱水器承裝業營業登記收費標準,韌性防災,False,True,True,table,災害風險與避難資源分析,False,2,消防,公共資訊,原始資料,消防局,,消防局,不定期更新,CSV,中文,2020-11-09T00:00:00,/api/dataset/7808266d-e815-453f-81d4-a0d03ac231ea/resource/5e8e1c30-48a8-4aee-95f4-e2b0f8a32da6/download,臺北市燃氣熱水器承裝業營業登記收費標準規定、營業登記費、變更登記費、登記證書換發、補發費,"縣市別代碼、機關代碼、項次、收費項目、收費金額
",智慧通勤:0; 韌性防災:3; 永續環境:0; 食安健康:0; 勞動福祉:0; 文化共融:0
taipei,64aa27be-b8d7-4d10-bf34-23210ce7fc99,00002908,臺北市特定場所容留人數及消防安全設備查察,韌性防災,False,True,True,table,災害風險與避難資源分析,False,2,統計,生活安全及品質,原始資料,主計處,,主計處,每1年,CSV,中文,2021-01-29T00:00:00,https://tsis.dbas.gov.taipei/statis/webMain.aspx?sys=220&ymf=8600&kind=21&type=0&funid=a05030201&cycle=4&outmode=12&compmode=0&outkind=0&deflst=2&nzo=1,"臺北市特定場所容留人數及消防安全設備查察時間數列統計資料

",統計期、特定場所容留人數檢查件次[件次]、特定場所容留人數檢查合格率[%]、消防安全設備查察列管家數[家]、消防安全設備查察檢查件次[件次]、消防安全設備查察檢查合格件次[件次]、消防安全設備查察檢查合格率[%]、消防安全設備查察複查合格率[%]、供公眾使用建築物安全檢查家次[家次],智慧通勤:0; 韌性防災:1; 永續環境:0; 食安健康:0; 勞動福祉:0; 文化共融:0
taipei,d4833dcf-0cd1-455e-99b9-ba3bbf23fbe9,00002409,臺北市獨居老人(106年以後),韌性防災,False,True,True,table,災害風險與避難資源分析,False,2,統計,老年安養,原始資料,主計處,,主計處,每1年,CSV,中文,2022-02-10T00:00:00,https://tsis.dbas.gov.taipei/statis/webMain.aspx?sys=220&ymf=10600&kind=21&type=0&funid=a05025702&cycle=4&outmode=12&compmode=0&outkind=3&deflst=2&nzo=1,臺北市獨居老人(106年以後)時間數列統計資料,統計期、性別、獨居老人人數/總計、獨居老人人數/中[低]收入戶、獨居老人人數/一般老人、具榮民身分獨居老人人數、具原住民身分獨居老人人數、安裝緊急救援裝置人數,智慧通勤:0; 韌性防災:2; 永續環境:0; 食安健康:0; 勞動福祉:0; 文化共融:0
taipei,5f02116d-e0b8-4612-b7ea-6f166948555b,00002994,臺北市義勇消防人員人數統計,韌性防災,False,True,True,table,災害風險與避難資源分析,False,2,消防,公共資訊,原始資料,消防局,,消防局,每1年,CSV,中文,2020-11-24T00:00:00,/api/dataset/5f02116d-e0b8-4612-b7ea-6f166948555b/resource/0cf4099c-92d6-4161-a858-65b1530a49a6/download,臺北市義勇消防人員人數統計資料,年份、總人數、男、女、總隊長、副總隊長、總幹事、副總幹事、幹事、顧問、大隊長、副大隊長、總幹事、副總幹事、幹事、助理幹事、顧問、中隊長、副中隊長、幹事、助理幹事、顧問、分隊長、副分隊長、幹事、助理幹事、顧問、小隊長、副小隊長、隊員、未滿25歲、25-29歲、30-34歲、35-39歲、40-44歲、45-49歲、50-54歲、55-59歲、60-64歲、65歲以上,智慧通勤:0; 韌性防災:3; 永續環境:0; 食安健康:0; 勞動福祉:0; 文化共融:0
taipei,dfda02bb-52a0-4983-b6f4-76ea5a0d3d90,00002993,臺北市義勇消防人員傷亡統計,韌性防災,False,True,True,table,災害風險與避難資源分析,False,2,消防,公共資訊,原始資料,消防局,,消防局,每1年,CSV,中文,2020-11-24T00:00:00,/api/dataset/dfda02bb-52a0-4983-b6f4-76ea5a0d3d90/resource/a7205b4b-518f-4963-9e1e-dc86a3803170/download,臺北市義勇消防人員傷亡統計資料,年份、合計、因公殉職、因公死亡、因公全殘、因公半殘、因公受傷、意外死亡、因病死亡,智慧通勤:0; 韌性防災:3; 永續環境:0; 食安健康:0; 勞動福祉:0; 文化共融:0
taipei,b7ce90ec-50ae-4d14-a671-92a2f0f95ff9,00003401,臺北市義勇消防總隊捐款專戶經費收支公告,韌性防災,False,True,True,table,災害風險與避難資源分析,False,2,消防,公共資訊,原始資料,消防局,,消防局,每6月,"CSV,CSV,CSV,CSV,CSV,CSV",中文,2020-11-10T00:00:00,"/api/dataset/b7ce90ec-50ae-4d14-a671-92a2f0f95ff9/resource/17751b5a-3a6e-4b6e-9a04-16af9dd9aee2/download,/api/dataset/b7ce90ec-50ae-4d14-a671-92a2f0f95ff9/resource/182f024d-9d33-40b2-b116-9796ded42ffe/download,/api/dataset/b7ce90ec-50ae-4d14-a671-92a2f0f95ff9/resource/5b9f843f-c508-4e03-9078-f442dfc2ff08/download,/api/dataset/b7ce90ec-50ae-4d14-a671-92a2f0f95ff9/resource/70acd9c8-0841-45d2-b777-ad512439ba8a/download,/api/dataset/b7ce90ec-50ae-4d14-a671-92a2f0f95ff9/resource/a113ee14-48a6-42a1-997b-542cce360f76/download,/api/dataset/b7ce90ec-50ae-4d14-a671-92a2f0f95ff9/resource/9e100bbd-b883-4c9d-b47e-3eb3debf2985/download",臺北市義勇消防總隊捐款專戶內相關經費收支，依規定經委員會審議後每半年公告1次。,日期、捐款人、捐款用途或使用摘要、上期結轉金額、本期收入金額、本期支出金額、專戶金額,智慧通勤:0; 韌性防災:3; 永續環境:0; 食安健康:0; 勞動福祉:0; 文化共融:0
taipei,959c7aec-2c1a-4c40-8f98-018b459c6e93,00002342,臺北市農作物天然災害損失救助概況,韌性防災,False,True,True,table,災害風險與避難資源分析,False,2,農業,生活安全及品質,原始資料,產業局,,產業局,不定期更新,CSV,中文,2020-10-14T00:00:00,/api/dataset/959c7aec-2c1a-4c40-8f98-018b459c6e93/resource/21115b38-3805-4b9b-aa9c-d8ee03544f2d/download,臺北市農作物天然災害損失救助概況(單位:公頃；千元)。,序號、災害名稱、核定面積、救助金額、備註,智慧通勤:0; 韌性防災:1; 永續環境:0; 食安健康:0; 勞動福祉:0; 文化共融:0
taipei,e9377af0-6565-4742-bec1-a10c3b846981,00003003,臺北市防洪工程,韌性防災,False,True,True,table,災害風險與避難資源分析,False,2,統計,公共資訊,原始資料,主計處,,主計處,每1年,CSV,中文,2021-03-23T00:00:00,https://tsis.dbas.gov.taipei/statis/webMain.aspx?sys=220&ymf=9700&kind=21&type=0&funid=a05021301&cycle=4&outmode=12&compmode=0&outkind=1&deflst=2&nzo=1,臺北市防洪工程時間數列統計資料,統計期、環境改善工程長度/堤防[公尺]、環境改善工程長度/護岸[公尺]、歲修工程長度/堤防[公尺]、歲修工程長度/護岸[公尺]、防災減災工程長度/堤防[公尺]、防災減災工程長度/護岸[公尺]、災修及搶修工程長度/堤防[公尺]、災修及搶修工程長度/護岸[公尺],智慧通勤:0; 韌性防災:1; 永續環境:1; 食安健康:0; 勞動福祉:0; 文化共融:0
taipei,53094bc6-b89e-4ae0-b4e0-6f237aedd9c0,00002912,臺北市防空疏散避難設施,韌性防災,False,True,True,table,災害風險與避難資源分析,False,2,統計,公共資訊,原始資料,主計處,,主計處,每1年,CSV,中文,2020-11-14T00:00:00,https://tsis.dbas.gov.taipei/statis/webMain.aspx?sys=220&ymf=5700&kind=21&type=0&funid=a05030401&cycle=4&outmode=12&compmode=0&outkind=1&deflst=2&nzo=1,"臺北市防空疏散避難設施時間數列統計資料

",統計期、防空避難設備容量[人]、防空避難設備數量/地下室[處]、防空避難設備容量/地下室[人]、防空避難設備數量/防空洞[處]、防空避難設備容量/防空洞[人]、防空避難設備數量/防空坑[個]、防空避難設備容量/防空坑[人]、防空避難設備數量/防空掩體[處]、防空避難設備容量/防空掩體[人]、防空避難設備數量/防空壕[個]、防空避難設備容量/防空壕[人]、防空避難設備數量/緊急避難所[個]、防空避難設備容量/緊急避難所[人],智慧通勤:0; 韌性防災:3; 永續環境:0; 食安健康:0; 勞動福祉:0; 文化共融:0
taipei,6f9e3b81-2824-47c7-b438-d50ec7d1c7b7,00000828,臺北市防空避難設備資料集,韌性防災,False,True,True,table,災害風險與避難資源分析,False,2,統計,公共資訊,原始資料,警察局,,警察局,每1年,CSV,中文,2022-02-08T00:00:00,/api/dataset/6f9e3b81-2824-47c7-b438-d50ec7d1c7b7/resource/51778cb8-58bd-4b8a-8745-d69503aee633/download,臺北市防空避難設備統計,序號、機關代碼、分局別、容量總計人數、防空避難設備數量,智慧通勤:0; 韌性防災:2; 永續環境:0; 食安健康:0; 勞動福祉:0; 文化共融:0
taipei,56adb2f7-3a86-4a2b-9b4a-610e6df247e5,00003911,臺北翡翠水庫卡爾森優養指數,韌性防災,False,True,True,table,災害風險與避難資源分析,False,2,水利,公共資訊,原始資料,翡管局,,翡管局,每1年,CSV,中文,2021-04-22T00:00:00,/api/dataset/56adb2f7-3a86-4a2b-9b4a-610e6df247e5/resource/451c10d8-fd66-466e-8013-661fe534f4c4/download,　翡翠水庫每年卡爾森優養指數,民國年、卡爾森優養指數（CTSI）、優養指標,智慧通勤:0; 韌性防災:2; 永續環境:0; 食安健康:0; 勞動福祉:0; 文化共融:0
taipei,e6189636-9972-4c65-8a8b-5607a867c6be,00000831,臺北翡翠水庫操作運轉月報表,韌性防災,False,True,True,table,災害風險與避難資源分析,False,2,水利,公共資訊,網路服務,翡管局,,翡管局,每1月,"CSV,CSV,CSV,CSV,CSV,CSV,CSV,CSV,CSV,CSV,CSV,CSV,CSV,CSV,CSV,CSV,CSV,CSV,CSV,CSV,CSV,CSV,CSV,CSV,CSV,CSV,CSV,CSV,CSV,CSV,CSV,CSV,CSV,CSV,CSV,CSV,CSV,CSV,CSV,CSV,CSV,CSV,CSV,CSV,CSV,CSV,CSV,CSV,CSV,CSV,CSV,CSV,CSV,CSV,CSV,CSV,CSV,CSV,CSV,CSV,CSV,CSV,CSV,CSV,CSV,CSV,CSV,CSV,CSV,CSV,CSV,CSV,CSV,CSV,CSV,CSV,CSV,CSV,CSV,CSV,CSV,CSV,CSV,CSV,CSV,CSV,CSV,CSV,CSV,CSV,CSV,CSV,CSV,CSV,CSV,CSV,CSV,CSV,CSV,CSV,CSV,CSV,CSV,CSV,CSV,CSV,CSV,CSV,CSV,CSV,CSV,CSV,CSV,CSV,CSV,CSV,CSV,CSV,CSV,CSV,CSV,CSV,CSV,CSV,CSV,CSV,CSV,CSV",中文,2018-11-30T00:00:00,"/api/dataset/e6189636-9972-4c65-8a8b-5607a867c6be/resource/e174e04e-7deb-43aa-ac58-b1e8d864962c/download,/api/dataset/e6189636-9972-4c65-8a8b-5607a867c6be/resource/bd44313f-fa6f-4d15-a76d-1b82189b921c/download,/api/dataset/e6189636-9972-4c65-8a8b-5607a867c6be/resource/29b05a55-f62c-4f8f-baca-fa1035f1ea4a/download,/api/dataset/e6189636-9972-4c65-8a8b-5607a867c6be/resource/81197f48-1cc4-4fd6-b68d-9393e85eddf9/download,/api/dataset/e6189636-9972-4c65-8a8b-5607a867c6be/resource/aa22d8f1-6442-4604-afa4-01c575d7d8e4/download,/api/dataset/e6189636-9972-4c65-8a8b-5607a867c6be/resource/040c0a75-1d10-466e-8b2e-def139d9dc9e/download,/api/dataset/e6189636-9972-4c65-8a8b-5607a867c6be/resource/4f714005-df22-444c-81d1-4858bba9d84c/download,/api/dataset/e6189636-9972-4c65-8a8b-5607a867c6be/resource/35781b3f-93b7-44b2-a912-6b1702ac65d6/download,/api/dataset/e6189636-9972-4c65-8a8b-5607a867c6be/resource/ab8560da-eb76-4d49-aec8-12703b19bc75/download,/api/dataset/e6189636-9972-4c65-8a8b-5607a867c6be/resource/b3716640-2fbe-4b78-802f-62ebdb9ab488/download,/api/dataset/e6189636-9972-4c65-8a8b-5607a867c6be/resource/70a5feb7-d0f0-4708-9899-829cefddc9bb/download,/api/dataset/e6189636-9972-4c65-8a8b-5607a867c6be/resource/c6007422-996d-467b-9694-4344ef9bc3eb/download,/api/dataset/e6189636-9972-4c65-8a8b-5607a867c6be/resource/82d892f3-a71f-493d-9e58-b6f03b94a802/download,/api/dataset/e6189636-9972-4c65-8a8b-5607a867c6be/resource/dabc2913-5337-4a68-a021-45d2d2e58b60/download,/api/dataset/e6189636-9972-4c65-8a8b-5607a867c6be/resource/68dbaaca-f3b6-4af8-b9b4-dd10097dafa0/download,/api/dataset/e6189636-9972-4c65-8a8b-5607a867c6be/resource/991e77ae-c550-4cda-9bcc-20fa21f868af/download,/api/dataset/e6189636-9972-4c65-8a8b-5607a867c6be/resource/946d8d9e-e1f8-44a9-bad9-80cf47f96fac/download,/api/dataset/e6189636-9972-4c65-8a8b-5607a867c6be/resource/a3807c0b-0f7c-4394-b126-edd70ee91dc8/download,/api/dataset/e6189636-9972-4c65-8a8b-5607a867c6be/resource/7954ec46-fab3-44af-9a8e-bba2f1b74216/download,/api/dataset/e6189636-9972-4c65-8a8b-5607a867c6be/resource/b03bda30-3ac2-409a-b7c2-6a34699a100f/download,/api/dataset/e6189636-9972-4c65-8a8b-5607a867c6be/resource/8f45c58b-e96e-497b-8892-dab554944a2e/download,/api/dataset/e6189636-9972-4c65-8a8b-5607a867c6be/resource/d1d505fd-9055-4c02-9305-414c6335d207/download,/api/dataset/e6189636-9972-4c65-8a8b-5607a867c6be/resource/9afceeec-dfa6-447c-a312-2f1e3eb3caa0/download,/api/dataset/e6189636-9972-4c65-8a8b-5607a867c6be/resource/9fb99f02-11af-425a-9beb-f12d6ea3a37b/download,/api/dataset/e6189636-9972-4c65-8a8b-5607a867c6be/resource/7f3f422e-13d9-443f-81de-2bd75775ab15/download,/api/dataset/e6189636-9972-4c65-8a8b-5607a867c6be/resource/6e076a50-a120-4a8a-9107-410800a0f007/download,/api/dataset/e6189636-9972-4c65-8a8b-5607a867c6be/resource/9bad41d0-be6d-46f7-b507-bc89dd864ac6/download,/api/dataset/e6189636-9972-4c65-8a8b-5607a867c6be/resource/90874e9f-7274-4c25-8bcc-c8da2b83bb7b/download,/api/dataset/e6189636-9972-4c65-8a8b-5607a867c6be/resource/f84ce00e-89e6-4d58-a75d-44f85e50dc0c/download,/api/dataset/e6189636-9972-4c65-8a8b-5607a867c6be/resource/e1cd115f-13b6-4982-87a1-e9d40787a164/download,/api/dataset/e6189636-9972-4c65-8a8b-5607a867c6be/resource/cc5543a7-9b1b-4dd3-998b-f310488c3b13/download,/api/dataset/e6189636-9972-4c65-8a8b-5607a867c6be/resource/43ec021c-4f06-4025-973c-02045bd07b07/download,/api/dataset/e6189636-9972-4c65-8a8b-5607a867c6be/resource/9c671f3c-0d40-4fd6-afb4-4ab2c3866e38/download,/api/dataset/e6189636-9972-4c65-8a8b-5607a867c6be/resource/01043ff8-b466-4a5e-9293-cdbbaa4adf37/download,/api/dataset/e6189636-9972-4c65-8a8b-5607a867c6be/resource/f31113ca-14e9-417d-9801-343ee672be3e/download,/api/dataset/e6189636-9972-4c65-8a8b-5607a867c6be/resource/d68e0370-e4bb-4c51-886d-d0ba4dce992a/download,/api/dataset/e6189636-9972-4c65-8a8b-5607a867c6be/resource/ff009247-b148-494e-9b3b-ce36c02d5185/download,/api/dataset/e6189636-9972-4c65-8a8b-5607a867c6be/resource/a9fcb951-e259-4943-9c44-b4087c80f0e9/download,/api/dataset/e6189636-9972-4c65-8a8b-5607a867c6be/resource/f9721981-4a2f-424e-9a0a-915d868e6f38/download,/api/dataset/e6189636-9972-4c65-8a8b-5607a867c6be/resource/e78bf0e5-358c-469f-ac5e-9809579b4509/download,/api/dataset/e6189636-9972-4c65-8a8b-5607a867c6be/resource/666f3c09-dd6e-426d-a257-1eda6356db49/download,/api/dataset/e6189636-9972-4c65-8a8b-5607a867c6be/resource/3c0ae578-7458-44e2-bb7a-9d79d95a7b42/download,/api/dataset/e6189636-9972-4c65-8a8b-5607a867c6be/resource/ca0bd92c-5738-45d2-b035-ce738a20e5d5/download,/api/dataset/e6189636-9972-4c65-8a8b-5607a867c6be/resource/271a0d25-c88d-42d1-bb2c-7bd9e34720f9/download,/api/dataset/e6189636-9972-4c65-8a8b-5607a867c6be/resource/0057107f-8229-4554-b8cf-a7eef79c2be1/download,/api/dataset/e6189636-9972-4c65-8a8b-5607a867c6be/resource/4240f6f2-8d86-4b93-a26f-b7a1ae7bc5e1/download,/api/dataset/e6189636-9972-4c65-8a8b-5607a867c6be/resource/bc20321b-34e1-4637-a48f-06e8507eacc2/download,/api/dataset/e6189636-9972-4c65-8a8b-5607a867c6be/resource/984d353c-bc34-4081-a8de-72d0d893ec52/download,/api/dataset/e6189636-9972-4c65-8a8b-5607a867c6be/resource/5a21d021-2eba-4a51-abbc-f900e010b1ee/download,/api/dataset/e6189636-9972-4c65-8a8b-5607a867c6be/resource/4e43de35-f90e-47df-9227-4208000a3c2e/download,/api/dataset/e6189636-9972-4c65-8a8b-5607a867c6be/resource/b8628b64-d4da-41a1-831f-2ae4431908ec/download,/api/dataset/e6189636-9972-4c65-8a8b-5607a867c6be/resource/b881869d-0627-474e-96b2-1a6a94e945cb/download,/api/dataset/e6189636-9972-4c65-8a8b-5607a867c6be/resource/148a0ef2-9916-496e-950b-6bc9b0cfa517/download,/api/dataset/e6189636-9972-4c65-8a8b-5607a867c6be/resource/aefde592-4133-49a8-be5d-75e57dc7a966/download,/api/dataset/e6189636-9972-4c65-8a8b-5607a867c6be/resource/e5bacd6a-a895-45b0-9ae0-a2b781209fbf/download,/api/dataset/e6189636-9972-4c65-8a8b-5607a867c6be/resource/5e191e7c-efdc-493c-b116-1f9160b96dee/download,/api/dataset/e6189636-9972-4c65-8a8b-5607a867c6be/resource/6c4ea5f9-a953-4b9e-9937-819b39beaec0/download,/api/dataset/e6189636-9972-4c65-8a8b-5607a867c6be/resource/fb574b52-c8d6-40f8-a4c4-9bbc1f1d7da9/download,/api/dataset/e6189636-9972-4c65-8a8b-5607a867c6be/resource/a57631d4-d5e1-4898-9ec6-fae114e31ccc/download,/api/dataset/e6189636-9972-4c65-8a8b-5607a867c6be/resource/e76bc443-f506-498b-b6f6-209035be65fd/download,/api/dataset/e6189636-9972-4c65-8a8b-5607a867c6be/resource/c6b5188b-ae9f-49b2-aaf4-0852438101b0/download,/api/dataset/e6189636-9972-4c65-8a8b-5607a867c6be/resource/7ef98af6-5454-4d08-8d44-be332b7ca02a/download,/api/dataset/e6189636-9972-4c65-8a8b-5607a867c6be/resource/4949373f-c96f-450e-8d2f-13e4a70e6aae/download,/api/dataset/e6189636-9972-4c65-8a8b-5607a867c6be/resource/0ff8aebb-d9ff-401f-8ffd-6beb53f7455a/download,/api/dataset/e6189636-9972-4c65-8a8b-5607a867c6be/resource/389af972-2dbf-4768-bf0e-a5288a199934/download,/api/dataset/e6189636-9972-4c65-8a8b-5607a867c6be/resource/0f456293-0db2-4a7b-9746-13bd4e4844aa/download,/api/dataset/e6189636-9972-4c65-8a8b-5607a867c6be/resource/683bc654-7d4c-47f1-8259-fca09be35413/download,/api/dataset/e6189636-9972-4c65-8a8b-5607a867c6be/resource/821b25ff-a6a4-4a69-a452-c1619529ed29/download,/api/dataset/e6189636-9972-4c65-8a8b-5607a867c6be/resource/005582a6-44f8-49cd-9379-37005f0c70b4/download,/api/dataset/e6189636-9972-4c65-8a8b-5607a867c6be/resource/d3d6e518-b475-42ab-87bb-9945534642f1/download,/api/dataset/e6189636-9972-4c65-8a8b-5607a867c6be/resource/9cf93d32-9a4f-470f-b0f5-4c1c4cfb527e/download,/api/dataset/e6189636-9972-4c65-8a8b-5607a867c6be/resource/6a8984d8-ff22-4aa6-8d6e-3c8e2c0a3b87/download,/api/dataset/e6189636-9972-4c65-8a8b-5607a867c6be/resource/7aabe6a7-77d5-49b6-9bb1-6f425c7f5752/download,/api/dataset/e6189636-9972-4c65-8a8b-5607a867c6be/resource/e3a4e0a5-68e0-4aaf-a566-42e3609ba6e4/download,/api/dataset/e6189636-9972-4c65-8a8b-5607a867c6be/resource/0b0dca55-9098-406c-bdb7-4e6e34831477/download,/api/dataset/e6189636-9972-4c65-8a8b-5607a867c6be/resource/3c88461a-dc74-4004-b37e-601b1aaf6af1/download,/api/dataset/e6189636-9972-4c65-8a8b-5607a867c6be/resource/fdbc1f7c-b3e6-4121-81aa-71a6582cbde0/download,/api/dataset/e6189636-9972-4c65-8a8b-5607a867c6be/resource/f014c010-2cc6-44fd-a846-11de6b6e5c66/download,/api/dataset/e6189636-9972-4c65-8a8b-5607a867c6be/resource/5849334d-6bd2-40ea-8223-564e40f95b07/download,/api/dataset/e6189636-9972-4c65-8a8b-5607a867c6be/resource/dba140c7-61d4-4cb5-8d82-fc5b892c28fc/download,/api/dataset/e6189636-9972-4c65-8a8b-5607a867c6be/resource/118e6a17-35a9-40dc-934a-98f1c8868d4f/download,/api/dataset/e6189636-9972-4c65-8a8b-5607a867c6be/resource/3d3d4fa3-d570-4018-a9e1-27b8b1f85196/download,/api/dataset/e6189636-9972-4c65-8a8b-5607a867c6be/resource/2a9409bf-8c12-45db-ab8a-e2bf2bbdf052/download,/api/dataset/e6189636-9972-4c65-8a8b-5607a867c6be/resource/cabb1187-ee28-4a32-b680-fb0576a82ea1/download,/api/dataset/e6189636-9972-4c65-8a8b-5607a867c6be/resource/2e99ed97-c39c-45b7-a649-5357ebf12a73/download,/api/dataset/e6189636-9972-4c65-8a8b-5607a867c6be/resource/7267c780-0d19-4df7-9177-f26db3db7e90/download,/api/dataset/e6189636-9972-4c65-8a8b-5607a867c6be/resource/46350516-f782-42e2-b7ab-078accefe8fe/download,/api/dataset/e6189636-9972-4c65-8a8b-5607a867c6be/resource/fa997441-8590-4467-a0ab-28d5c3a58418/download,/api/dataset/e6189636-9972-4c65-8a8b-5607a867c6be/resource/9ff56d54-0c3d-4f43-ac56-d1ebb9ce40fd/download,/api/dataset/e6189636-9972-4c65-8a8b-5607a867c6be/resource/1d59b037-3478-4cbb-af84-6badc9643cf6/download,/api/dataset/e6189636-9972-4c65-8a8b-5607a867c6be/resource/e2a96fbe-8fac-450e-b64b-877474f708af/download,/api/dataset/e6189636-9972-4c65-8a8b-5607a867c6be/resource/f3754987-9443-497d-be02-c9872a8f1de8/download,/api/dataset/e6189636-9972-4c65-8a8b-5607a867c6be/resource/42425e7a-ca69-40c5-83bd-33ba36722cbd/download,/api/dataset/e6189636-9972-4c65-8a8b-5607a867c6be/resource/96b26a91-8611-4f49-8e16-1471d102c742/download,/api/dataset/e6189636-9972-4c65-8a8b-5607a867c6be/resource/48cb4179-1d5d-4566-9880-80408b2f4bbf/download,/api/dataset/e6189636-9972-4c65-8a8b-5607a867c6be/resource/a9a6f5fb-ff8f-4cc5-87dc-4334279b0322/download,/api/dataset/e6189636-9972-4c65-8a8b-5607a867c6be/resource/c0f4648b-0f9c-4657-be8a-ab76c13bb230/download,/api/dataset/e6189636-9972-4c65-8a8b-5607a867c6be/resource/11476c03-1428-4458-bfa0-78c932d3d647/download,/api/dataset/e6189636-9972-4c65-8a8b-5607a867c6be/resource/3733a16a-b306-4540-a28f-a03e8f9ae21d/download,/api/dataset/e6189636-9972-4c65-8a8b-5607a867c6be/resource/451b0b86-dd78-4c14-928b-c1a56acb7d45/download,/api/dataset/e6189636-9972-4c65-8a8b-5607a867c6be/resource/93fd84e9-c728-4c85-8fe6-86782ca55fdb/download,/api/dataset/e6189636-9972-4c65-8a8b-5607a867c6be/resource/bfd6fc60-3514-460c-b82c-a5d35b5393d6/download,/api/dataset/e6189636-9972-4c65-8a8b-5607a867c6be/resource/199851d7-5b42-48fd-844c-4a2b9650b3c7/download,/api/dataset/e6189636-9972-4c65-8a8b-5607a867c6be/resource/a395d492-4839-42ad-8dd4-3f7f375cc131/download,/api/dataset/e6189636-9972-4c65-8a8b-5607a867c6be/resource/6f777bb4-8745-4c4b-bdee-4f67cb284150/download,/api/dataset/e6189636-9972-4c65-8a8b-5607a867c6be/resource/9d21a187-22bc-4995-8336-b850fbb3e4d6/download,/api/dataset/e6189636-9972-4c65-8a8b-5607a867c6be/resource/e416f2ef-f35b-4bc4-96c8-9be229f88f80/download,/api/dataset/e6189636-9972-4c65-8a8b-5607a867c6be/resource/7ff0ae7b-515f-461d-a4a3-fd61e0ff5c45/download,/api/dataset/e6189636-9972-4c65-8a8b-5607a867c6be/resource/c1424aa2-1185-4d6b-8776-d90ab6328d60/download,/api/dataset/e6189636-9972-4c65-8a8b-5607a867c6be/resource/a7ba1068-d800-468a-80bf-d555ff725f32/download,/api/dataset/e6189636-9972-4c65-8a8b-5607a867c6be/resource/4cf9b061-8d3c-4000-b77c-992ea547518b/download,/api/dataset/e6189636-9972-4c65-8a8b-5607a867c6be/resource/73f60b4a-e835-4125-953d-b15340bb397b/download,/api/dataset/e6189636-9972-4c65-8a8b-5607a867c6be/resource/000a018f-d964-487d-8edd-defb1219817c/download,/api/dataset/e6189636-9972-4c65-8a8b-5607a867c6be/resource/ea01cdda-3c81-480c-ab8b-d21b4cad001c/download,/api/dataset/e6189636-9972-4c65-8a8b-5607a867c6be/resource/740aedae-9621-4526-b18d-fec88ff23237/download,/api/dataset/e6189636-9972-4c65-8a8b-5607a867c6be/resource/b5195a6d-1e20-464a-ad58-cf741eff5199/download,/api/dataset/e6189636-9972-4c65-8a8b-5607a867c6be/resource/31733a26-8760-4267-800f-230b0ba17748/download,/api/dataset/e6189636-9972-4c65-8a8b-5607a867c6be/resource/00f22c07-6781-4ea4-8bf6-650b95765e18/download,/api/dataset/e6189636-9972-4c65-8a8b-5607a867c6be/resource/9b02b8d9-eb11-4ee6-a22a-60132a9919f5/download,/api/dataset/e6189636-9972-4c65-8a8b-5607a867c6be/resource/281a8758-6755-48a9-9b6f-bceb07978c76/download,/api/dataset/e6189636-9972-4c65-8a8b-5607a867c6be/resource/ddf5d3ec-a4cc-414a-9366-72db097a5f78/download,/api/dataset/e6189636-9972-4c65-8a8b-5607a867c6be/resource/efe692fd-6c4f-47e9-b531-3b38cc821ec9/download,/api/dataset/e6189636-9972-4c65-8a8b-5607a867c6be/resource/bbff9263-be5b-445a-9ff6-8196030dfe05/download,/api/dataset/e6189636-9972-4c65-8a8b-5607a867c6be/resource/cf0a8c26-784e-4940-be80-f6789567458b/download,/api/dataset/e6189636-9972-4c65-8a8b-5607a867c6be/resource/c159ff26-f63a-4c94-81f7-460e8b2b0c95/download,/api/dataset/e6189636-9972-4c65-8a8b-5607a867c6be/resource/cfcd8a75-f248-4e0b-8d79-a795dac20254/download,/api/dataset/e6189636-9972-4c65-8a8b-5607a867c6be/resource/9f8cb86f-d933-4f88-8d18-177d377ec82b/download,/api/dataset/e6189636-9972-4c65-8a8b-5607a867c6be/resource/511bcb68-c396-4075-abef-6939d814b3c9/download",　翡翠水庫操作運轉月報,日期、翡翠水庫日平均水位/公尺、水庫有效蓄水量/百萬立方公尺、集水區平均雨量/毫米、水庫進流量/立方公尺、水庫放流量/立方公尺、進流量減放流量/立方公尺、南勢溪流量/立方公尺、南北勢溪合計原水量/立方公尺,智慧通勤:0; 韌性防災:3; 永續環境:0; 食安健康:0; 勞動福祉:0; 文化共融:0
taipei,8c4511a5-ea23-4978-b448-8cc91cdfe842,00000833,臺北翡翠水庫淤積調查報告,韌性防災,False,True,True,table,災害風險與避難資源分析,False,2,水利,公共資訊,網路服務,翡管局,,翡管局,每1年,CSV,中文,2022-02-21T00:00:00,/api/dataset/8c4511a5-ea23-4978-b448-8cc91cdfe842/resource/36e2ef83-9fe3-4be7-ab1b-3d632b36d157/download,"翡翠水庫淤積調查從78年開始執行，為每年例行作業，透過斷面測量再據以統計分析水庫年淤積量，以作為水庫操作運轉、集水區管理及日後辦理清淤計畫之依據。本年度(112年)水庫淤積量23.4萬立方公尺，換算年淤積速率約為水庫初期總容量千分之0.58。自73年6月水庫初期蓄水至112年底止總淤積量約為2,805.5萬立方公尺，約佔水庫初期總容量（4億600萬立方公尺）之6.91%，蓄水總容量仍保有93.09％，年平均淤積量為71萬立方公尺，目前翡翠水庫淤積尚屬輕微。",期別、起訖年月、間隔/年、累計間隔/年、水庫剩餘總蓄水容量（立方公尺）、淤積量（立方公尺）、水庫歷年累計淤積量（立方公尺）、水庫歷年累計年平均淤積量（立方公尺）、歷年累計淤積率（%）,智慧通勤:0; 韌性防災:2; 永續環境:0; 食安健康:0; 勞動福祉:0; 文化共融:0
taipei,73a894bc-3a23-4312-b1fa-8119229522f6,00002809,防火管理法規,韌性防災,False,True,True,table,災害風險與避難資源分析,False,2,消防,公共資訊,原始資料,消防局,,消防局,不定期更新,CSV,中文,2020-11-09T00:00:00,/api/dataset/73a894bc-3a23-4312-b1fa-8119229522f6/resource/c4dcb6d0-8f5d-4535-873b-a2431cea99e3/download,防火管理制度相關問題Q＆A,"項目、場所用途、面積人數、縣市別、備註
",智慧通勤:0; 韌性防災:3; 永續環境:0; 食安健康:0; 勞動福祉:0; 文化共融:0
newtaipei,3640207C-EB19-4F8F-A180-37B20DD872CD,, 新北市政府消防局救災救護指揮中心受理電話量,韌性防災,False,True,False,table,災害風險與避難資源分析,False,1,消防,交通及通訊,,,,新北市政府消防局/救災救護指揮中心,每年,JSON、CSV、XML,中文,,https://data.ntpc.gov.tw/datasets/3640207c-eb19-4f8f-a180-37b20dd872cd,新北市政府消防局救災救護指揮中心(119)受理電話量,,智慧通勤:1; 韌性防災:3; 永續環境:0; 食安健康:0; 勞動福祉:0; 文化共融:0
newtaipei,F1DE3AD5-560E-41E4-A68E-7CD03A40F1A0,,114年新北市政府消防局辦理國家賠償事件收結情形表,韌性防災,False,True,False,table,災害風險與避難資源分析,False,1,消防,公共資訊,,,,新北市政府消防局/秘書室,每年,JSON、CSV、XML,中文,,https://data.ntpc.gov.tw/datasets/f1de3ad5-560e-41e4-a68e-7cd03a40f1a0,提供新北市政府消防局辦理國家賠償事件收結情形,,智慧通勤:0; 韌性防災:3; 永續環境:0; 食安健康:0; 勞動福祉:0; 文化共融:0
newtaipei,574D983F-8693-4161-80A5-76E18F2F9594,,成立災害應變中心一覽表,韌性防災,False,True,False,table,災害風險與避難資源分析,False,1,消防,公共資訊,,,,新北市政府消防局/整備應變科,每年,JSON、CSV、XML,中文,,https://data.ntpc.gov.tw/datasets/574d983f-8693-4161-80a5-76e18f2f9594,新北市成立災害應變中心一覽表,,智慧通勤:0; 韌性防災:4; 永續環境:0; 食安健康:0; 勞動福祉:0; 文化共融:0
newtaipei,5E423D7C-63F2-49B6-BBCE-75465DB5D12C,,救護車裝備捐贈芳名錄,韌性防災,False,True,False,table,災害風險與避難資源分析,False,1,消防,公共資訊,,,,新北市政府消防局/緊急救護科,每年,JSON、CSV、XML,中文,,https://data.ntpc.gov.tw/datasets/5e423d7c-63f2-49b6-bbce-75465db5d12c,救護車裝備捐贈資訊,,智慧通勤:0; 韌性防災:3; 永續環境:0; 食安健康:0; 勞動福祉:0; 文化共融:0
newtaipei,842D0887-071F-4F67-AEB5-7DA724004703,,新北市各區防災地圖,韌性防災,False,True,False,table,災害風險與避難資源分析,False,1,消防,生活安全及品質,,,,新北市政府消防局/減災規劃科,每年,JSON、CSV、XML,中文,,https://data.ntpc.gov.tw/datasets/842d0887-071f-4f67-aeb5-7da724004703,新北市各區防災地圖GIS網址清單,,智慧通勤:0; 韌性防災:4; 永續環境:0; 食安健康:0; 勞動福祉:0; 文化共融:0
newtaipei,5D733E16-F779-4592-940B-D473E23D649D,,新北市抗旱水井,韌性防災,False,True,False,table,災害風險與避難資源分析,False,1,水利,公共資訊,,,,新北市政府水利局/水利行政科,每年,JSON、CSV、XML,中文,,https://data.ntpc.gov.tw/datasets/5d733e16-f779-4592-940b-d473e23d649d,本市目前計有7口抗旱水井(管徑400mm)，為水利署91年度於本市樹林區所施作，有5口位於樹林省民公園，現由本府教育局體育處及水利署第十河川局管理，另有2口位於樹林河濱公園，為本府高灘地管理處管轄範圍。,,智慧通勤:0; 韌性防災:2; 永續環境:1; 食安健康:0; 勞動福祉:0; 文化共融:0
newtaipei,27032374-4E06-4372-97C0-B7F3E9AD0F03,,新北市抽水站參訪資訊,韌性防災,False,True,False,table,災害風險與避難資源分析,False,1,水利,公共資訊,,,,新北市政府水利局/抽水站管理科,不更新,JSON、CSV、XML,中文,,https://data.ntpc.gov.tw/datasets/27032374-4e06-4372-97c0-b7f3e9ad0f03,本府水利局開放轄內四處抽水站供民眾參訪，讓市民完整了解抽水站的防洪、防災功能。,,智慧通勤:0; 韌性防災:3; 永續環境:0; 食安健康:0; 勞動福祉:0; 文化共融:0
newtaipei,C45E3221-273E-41FA-A04C-635496C68D38,,新北市政府114年度天然災害停止上班上課訊息,韌性防災,False,True,False,table,災害風險與避難資源分析,False,1,資訊,生活安全及品質,,,,新北市政府人事處/考訓科,每年,JSON、CSV、XML,中文,,https://data.ntpc.gov.tw/datasets/c45e3221-273e-41fa-a04c-635496c68d38,新北市政府114年度天然災害停止上班上課訊息。,,智慧通勤:0; 韌性防災:1; 永續環境:0; 食安健康:0; 勞動福祉:0; 文化共融:0
newtaipei,84EA5E70-3E88-4124-AB6F-83747361A5E2,,新北市政府消防局捐贈消防人員車輛及裝備器材芳名錄,韌性防災,False,True,False,table,災害風險與避難資源分析,False,1,消防,公共資訊,,,,新北市政府消防局/災害搶救科,每年,JSON、CSV、XML,中文,,https://data.ntpc.gov.tw/datasets/84ea5e70-3e88-4124-ab6f-83747361a5e2,新北市政府消防局捐贈消防人員車輛及裝備器材捐贈資料,,智慧通勤:0; 韌性防災:3; 永續環境:0; 食安健康:0; 勞動福祉:0; 文化共融:0
newtaipei,80DC6551-A36D-4172-968C-4F72D74DB82F,,新北市政府消防據點,韌性防災,False,True,False,table,災害風險與避難資源分析,False,1,消防,生活安全及品質,,,,新北市政府消防局/秘書室,每年,JSON、CSV、XML、KML,中文,,https://data.ntpc.gov.tw/datasets/80dc6551-a36d-4172-968c-4f72d74db82f,新北市政府消防據點清冊(消防局各大隊、分隊位址及聯絡電話),,智慧通勤:0; 韌性防災:3; 永續環境:0; 食安健康:0; 勞動福祉:0; 文化共融:0
newtaipei,C40BF768-8A36-4B99-94DB-622C27122D61,,新北市橫移門資訊,韌性防災,False,True,False,table,災害風險與避難資源分析,False,1,水利,公共資訊,,,,新北市政府水利局/抽水站管理科,每年,JSON、CSV、XML,中文,,https://data.ntpc.gov.tw/datasets/c40bf768-8a36-4b99-94db-622c27122d61,在不影響防洪安全狀況下興建橫移門，平時堤防外高灘地可供民眾休閒之場所或開放車輛停放，當有颱風來臨時或者水庫洩洪造成河川水位上升時，將提早宣布關閉橫移門作業，避免河水淹入市區。,,智慧通勤:0; 韌性防災:3; 永續環境:1; 食安健康:0; 勞動福祉:0; 文化共融:0
newtaipei,BF784279-31AA-44BC-A210-33151D03E7AB,,新北市水門資料,韌性防災,False,True,False,table,災害風險與避難資源分析,False,1,水利,公共資訊,,,,新北市政府水利局/抽水站管理科,每年,JSON、CSV、XML,中文,,https://data.ntpc.gov.tw/datasets/bf784279-31aa-44bc-a210-33151d03e7ab,水門為設置於渠道中控制水流的閘門，主要設於堤防上，平時開啟保持排水暢通，颱風期間關閉防止河水倒灌。,,智慧通勤:0; 韌性防災:3; 永續環境:0; 食安健康:0; 勞動福祉:0; 文化共融:0
newtaipei,19C9859B-D081-4AEB-8AE6-FE91D8F1934E,,新北市污水處理率,韌性防災,False,True,False,table,災害風險與避難資源分析,False,1,水利,生活安全及品質,,,,新北市政府水利局/污水下水道計畫科,每月,JSON、CSV、XML,中文,,https://data.ntpc.gov.tw/datasets/19c9859b-d081-4aeb-8ae6-fe91d8f1934e,"新北市全區之污水處理率
計算式如下:
整體污水處理率=(用戶接管普及率)+(專用污水下水道普及率)+(建築物污水處理設施設置率) 
用戶接管普及率=(公共污水下水道已接管戶數/總戶數)",,智慧通勤:0; 韌性防災:2; 永續環境:0; 食安健康:0; 勞動福祉:0; 文化共融:0
newtaipei,8D44BFAB-002C-4403-A283-D77C752AA1C3,,新北市河濱公園園區設施,韌性防災,False,True,False,table,災害風險與避難資源分析,False,1,水利,休閒旅遊,,,,新北市政府水利局/新北市政府高灘地工程管理處/養護工程科,不更新,JSON、CSV、XML,中文,,https://data.ntpc.gov.tw/datasets/8d44bfab-002c-4403-a283-d77c752aa1c3,新北市河濱公園及園區設施分布,,智慧通勤:0; 韌性防災:2; 永續環境:0; 食安健康:0; 勞動福祉:0; 文化共融:1
newtaipei,E81BB1D3-883D-40F1-B841-8AC9698D5F0D,,新北市滅火器性能檢查及藥劑更換充填作業專業廠商,韌性防災,False,True,False,table,災害風險與避難資源分析,False,1,消防,生活安全及品質,,,,新北市政府消防局/火災預防科,不更新,JSON、CSV、XML,中文,,https://data.ntpc.gov.tw/datasets/e81bb1d3-883d-40f1-b841-8ac9698d5f0d,新北市滅火器性能檢查及藥劑更換充填作業專業廠商清冊,,智慧通勤:0; 韌性防災:3; 永續環境:0; 食安健康:0; 勞動福祉:0; 文化共融:0
newtaipei,25C46328-CBFF-4CB4-B8AA-2D045EAD6749,,新北市火災人員死傷、財物損失,韌性防災,False,True,False,table,災害風險與避難資源分析,False,1,消防,公共資訊,,,,新北市政府消防局/火災鑑識中心,每月,JSON、CSV、XML,中文,,https://data.ntpc.gov.tw/datasets/25c46328-cbff-4cb4-b8aa-2d045ead6749,新北市火災人員死傷、財物損失。,,智慧通勤:0; 韌性防災:4; 永續環境:0; 食安健康:0; 勞動福祉:0; 文化共融:0
newtaipei,5FDAC0E3-7115-427A-8EF5-4CFB2F056C18,,新北市火災次數分類及時間,韌性防災,False,True,False,table,災害風險與避難資源分析,False,1,消防,公共資訊,,,,新北市政府消防局/火災鑑識中心,每月,JSON、CSV、XML,中文,,https://data.ntpc.gov.tw/datasets/5fdac0e3-7115-427a-8ef5-4cfb2f056c18,新北市火災次數分類及時間。,,智慧通勤:0; 韌性防災:4; 永續環境:0; 食安健康:0; 勞動福祉:0; 文化共融:0
newtaipei,CB1A181C-34F0-44D2-A72A-0053D9DD4153,,新北市火災次數按起火原因分,韌性防災,False,True,False,table,災害風險與避難資源分析,False,1,消防,公共資訊,,,,新北市政府消防局/火災鑑識中心,每月,JSON、CSV、XML,中文,,https://data.ntpc.gov.tw/datasets/cb1a181c-34f0-44d2-a72a-0053d9dd4153,新北市火災次數按起火原因分。,,智慧通勤:0; 韌性防災:4; 永續環境:0; 食安健康:0; 勞動福祉:0; 文化共融:0
newtaipei,443888B8-7CDD-4853-9C63-A33A776341FB,,新北市無線電中繼站,韌性防災,False,True,False,table,災害風險與避難資源分析,False,1,水利,交通及通訊,,,,新北市政府水利局/抽水站管理科,每年,JSON、CSV、XML,中文,,https://data.ntpc.gov.tw/datasets/443888b8-7cdd-4853-9c63-a33a776341fb,無線電中繼站可將訊號發送至較偏遠地區及增加訊號強度,,智慧通勤:1; 韌性防災:2; 永續環境:0; 食安健康:0; 勞動福祉:0; 文化共融:0
newtaipei,5E5BD1B4-B5FD-406B-84C4-AE2D70D2BA71,,新北市狹小巷道列管清冊,韌性防災,False,True,False,table,災害風險與避難資源分析,False,1,消防,生活安全及品質,,,,新北市政府消防局/災害搶救科,每年,JSON、CSV、XML,中文,,https://data.ntpc.gov.tw/datasets/5e5bd1b4-b5fd-406b-84c4-ae2d70d2ba71,提供本列管清冊供民眾查詢,,智慧通勤:0; 韌性防災:3; 永續環境:0; 食安健康:0; 勞動福祉:0; 文化共融:0
newtaipei,E6ED4801-BB8E-47C3-8638-C5D6895CAA48,,新北市義勇消防總隊接受捐贈,韌性防災,False,True,False,table,災害風險與避難資源分析,False,1,消防,生活安全及品質,,,,新北市政府消防局/民力運用科,不更新,JSON、CSV、XML,中文,,https://data.ntpc.gov.tw/datasets/e6ed4801-bb8e-47c3-8638-c5d6895caa48,新北市義勇消防總隊接受捐贈資訊,,智慧通勤:0; 韌性防災:3; 永續環境:0; 食安健康:0; 勞動福祉:0; 文化共融:0
newtaipei,25E439AB-49E7-4E5E-85CE-A25C13FD2770,,新北市避難收容處所一覽表,韌性防災,False,True,False,table,災害風險與避難資源分析,False,1,社福,公共資訊,,,,新北市政府社會局/社會救助科,每年,JSON、CSV、XML,中文,,https://data.ntpc.gov.tw/datasets/25e439ab-49e7-4e5e-85ce-a25c13fd2770,新北市避難收容處所一覽表。,,智慧通勤:0; 韌性防災:1; 永續環境:0; 食安健康:0; 勞動福祉:1; 文化共融:0
newtaipei,E445D330-E40A-425F-AE61-3F1840A31242,,新北市陸閘資訊,韌性防災,False,True,False,table,災害風險與避難資源分析,False,1,水利,公共資訊,,,,新北市政府水利局/抽水站管理科,每年,JSON、CSV、XML,中文,,https://data.ntpc.gov.tw/datasets/e445d330-e40a-425f-ae61-3f1840a31242,於汐止地區基隆河沿岸橋梁處設置陸閘，提供人、車出入 ，並強化防洪功能。,,智慧通勤:0; 韌性防災:2; 永續環境:0; 食安健康:0; 勞動福祉:0; 文化共融:0
newtaipei,92BA1731-F868-404F-A038-6108A61A2F5D,,消防榮譽榜─即時表揚,韌性防災,False,True,False,table,災害風險與避難資源分析,False,1,消防,公共資訊,,,,新北市政府消防局/督察室,每季,JSON、CSV、XML,中文,,https://data.ntpc.gov.tw/datasets/92ba1731-f868-404f-a038-6108a61a2f5d,本局全體員工及本市義勇消防人員，平時工作表現績效優良者，獲得表揚之名單。,,智慧通勤:0; 韌性防災:3; 永續環境:0; 食安健康:0; 勞動福祉:0; 文化共融:0
newtaipei,ED576EDD-D207-44A4-8979-1DA34DC4AE63,,消防榮譽榜─每月績優人員,韌性防災,False,True,False,table,災害風險與避難資源分析,False,1,消防,公共資訊,,,,新北市政府消防局/人事室,每月,JSON、CSV、XML,中文,,https://data.ntpc.gov.tw/datasets/ed576edd-d207-44a4-8979-1da34dc4ae63,新北市政府消防局每月績優人員名冊,,智慧通勤:0; 韌性防災:3; 永續環境:0; 食安健康:0; 勞動福祉:0; 文化共融:0
newtaipei,65400095-D3C9-419F-8F4A-194D0C63D53D,,熱水器遷移更換補助,韌性防災,False,True,False,table,災害風險與避難資源分析,False,1,消防,生活安全及品質,,,,新北市政府消防局/危險物品管理科,每年,JSON、CSV、XML,中文,,https://data.ntpc.gov.tw/datasets/65400095-d3c9-419f-8f4a-194d0c63d53d,"熱水器遷移或更換補助3,000元",,智慧通勤:0; 韌性防災:3; 永續環境:0; 食安健康:0; 勞動福祉:1; 文化共融:0
newtaipei,664DC5DB-EBF3-4293-8C41-C72C78D9A1E6,,燃氣熱水器承裝業及技術士資料,韌性防災,False,True,False,table,災害風險與避難資源分析,False,1,消防,生活安全及品質,,,,新北市政府消防局/危險物品管理科,每月,JSON、CSV、XML、KML,中文,,https://data.ntpc.gov.tw/datasets/664dc5db-ebf3-4293-8c41-c72c78d9a1e6,合格燃氣熱水器承裝業、技術士清冊,,智慧通勤:0; 韌性防災:3; 永續環境:0; 食安健康:0; 勞動福祉:0; 文化共融:0
newtaipei,D60C65B2-953A-49BD-BB02-D2144AC8000D,,緊急救護服務,韌性防災,False,True,False,table,災害風險與避難資源分析,False,1,統計,公共資訊,,,,新北市政府主計處/公務統計科,每年,JSON、CSV、XML,中文,,https://data.ntpc.gov.tw/datasets/d60c65b2-953a-49bd-bb02-d2144ac8000d,"1.新北市緊急救護服務(含性別)
2.單位：人；%
3.各項欄位說明詳參新北市性別圖像電子檔(網址：http://www.bas.ntpc.gov.tw/home.jsp?id=MTI5)或電洽主計處查詢。",,智慧通勤:0; 韌性防災:1; 永續環境:0; 食安健康:0; 勞動福祉:0; 文化共融:0
newtaipei,AE85EB17-B4C1-4724-99B4-7FB2EDC20409,,配合簽定供氣契約瓦斯行清冊,韌性防災,False,True,False,table,災害風險與避難資源分析,False,1,消防,生活安全及品質,,,,新北市政府消防局/危險物品管理科,每年,JSON、CSV、XML,中文,,https://data.ntpc.gov.tw/datasets/ae85eb17-b4c1-4724-99b4-7fb2edc20409,配合簽定供氣契約瓦斯行清冊。,,智慧通勤:0; 韌性防災:3; 永續環境:0; 食安健康:0; 勞動福祉:0; 文化共融:0
taipei,fc5c9391-873e-4a34-9ba9-7350cabd1442,00003301,「臺北防災  立即go」防災手冊,韌性防災,False,True,False,table,災害風險與避難資源分析,False,1,消防,生活安全及品質,原始資料,消防局,,消防局,不定期更新,CSV,中文,2020-12-14T00:00:00,/api/dataset/fc5c9391-873e-4a34-9ba9-7350cabd1442/resource/be663c1f-fc3b-4b52-9941-ee57c8e4da66/download,"有鑑於日本東京發行的「東京防災」手冊，本局意識到要提升民眾對災害風險的認知，首先必需改善與民眾溝通的方式，故本局致力改進生硬無趣的宣導文宣，以消除溝通上的障礙為目標，採取最有效率的溝通方式，進而達成宣導效益。
全國首創文青風「臺北防災 立即go」漫畫防災手冊，首度與畫家郭正宏先生合作，用一般民眾視角切入，實際到消防分隊模擬各種防災避災動作，以手繪漫畫圖像，視覺化傳達防災資訊，並搭配淺顯易懂的文字，讓民眾能以準確的方式學習防災知能，讓生硬的防救災知識，轉化為輕鬆易學的防災技能。",項次編號、標題、地震單元、颱風單元、火災單元、其他災害單元、急救單元、知識單元、附錄、出版年月日、GPN、ISBN、下載網址、備註,智慧通勤:0; 韌性防災:9; 永續環境:0; 食安健康:0; 勞動福祉:0; 文化共融:0
taipei,05079954-d520-40fa-bd35-897d0e77d80b,00002984,各類場所辦理消防安全分散申報時程一覽表,韌性防災,False,True,False,table,災害風險與避難資源分析,False,1,消防,公共資訊,原始資料,消防局,,消防局,不定期更新,CSV,中文,2020-11-09T00:00:00,/api/dataset/05079954-d520-40fa-bd35-897d0e77d80b/resource/b19c2d60-7a36-4d74-a2b0-104cc425a4dd/download,各類場所辦理消防安全設備檢修申報期限,類別、場所用途分類、申報期限、縣市別、備註,智慧通勤:0; 韌性防災:3; 永續環境:0; 食安健康:0; 勞動福祉:0; 文化共融:0
taipei,75e76c74-1934-431a-8831-690f0a254784,00004037,臺北市公共管線圖資_自來水系統消防栓,韌性防災,False,True,False,table,災害風險與避難資源分析,False,1,工務,生活安全及品質,原始資料,工務局,,工務局,不定期更新,XML,中文,2021-10-27T00:00:00,/api/dataset/75e76c74-1934-431a-8831-690f0a254784/resource/84e6bdc0-f5ce-4b43-adb0-e5d0ed0ea9e1/download,提供臺北市自來水系統消防栓圖資，其圖資僅供參考，確切圖資仍請洽詢相關管線機構。,geometry、類別碼、識別碼、管理單位、作業區分、設置日期、消防栓編號、管身口徑、出水口口徑、埋設深度、消防栓型態、使用狀態、資料狀態、備註,智慧通勤:0; 韌性防災:1; 永續環境:0; 食安健康:0; 勞動福祉:0; 文化共融:0
taipei,235a5c1e-983b-4515-b62d-df64d98579af,00031918,臺北市工務局大地工程處11處土石流觀測影像CCTV,韌性防災,False,True,False,table,災害風險與避難資源分析,False,1,消防,生活安全及品質,原始資料,工務局,大地處,工務局大地處,不定期更新,CSV,中文,2023-10-04T00:00:00,/api/dataset/235a5c1e-983b-4515-b62d-df64d98579af/resource/f6ed7994-6a33-4316-9e58-b14303eaf832/download,土石流潛勢溪流觀測影像,SeqNo、no、AreaCode、station、areano、URL,智慧通勤:1; 韌性防災:4; 永續環境:0; 食安健康:0; 勞動福祉:0; 文化共融:0
taipei,bcfdd7d7-7edd-441f-a69d-cb77f1ae4352,00002827,臺北市政府消防局各年度接受各界捐贈實物明細表,韌性防災,False,True,False,table,災害風險與避難資源分析,False,1,消防,公共資訊,原始資料,消防局,,消防局,每1年,"ODS,ODS,ODS,CSV,ODS,ODS,ODS,ODS,ODS,ODS,CSV,CSV",中文,2020-11-10T00:00:00,"/api/dataset/bcfdd7d7-7edd-441f-a69d-cb77f1ae4352/resource/a9a87dfa-dd1a-4527-8d52-2b9af4e36ffb/download,/api/dataset/bcfdd7d7-7edd-441f-a69d-cb77f1ae4352/resource/3058ddba-86ab-41eb-88a1-92c0edfb90c5/download,/api/dataset/bcfdd7d7-7edd-441f-a69d-cb77f1ae4352/resource/47dbc737-c822-4c53-a303-928441b91106/download,/api/dataset/bcfdd7d7-7edd-441f-a69d-cb77f1ae4352/resource/e61ab04e-4e93-4600-8794-aed10f9ab3b3/download,/api/dataset/bcfdd7d7-7edd-441f-a69d-cb77f1ae4352/resource/8e352723-58ef-49e9-80a1-d356afa83386/download,/api/dataset/bcfdd7d7-7edd-441f-a69d-cb77f1ae4352/resource/294d7f53-720d-4369-8bb4-9b0462a45a1c/download,/api/dataset/bcfdd7d7-7edd-441f-a69d-cb77f1ae4352/resource/5c5c3c7a-6f43-45d9-a829-3d65aad75781/download,/api/dataset/bcfdd7d7-7edd-441f-a69d-cb77f1ae4352/resource/180593bf-b3f4-49ab-8601-7d31ed0d3a45/download,/api/dataset/bcfdd7d7-7edd-441f-a69d-cb77f1ae4352/resource/f79be493-8200-4996-9231-32294074fb78/download,/api/dataset/bcfdd7d7-7edd-441f-a69d-cb77f1ae4352/resource/2540418a-0fe5-4a44-aa26-45d24de7c17d/download,/api/dataset/bcfdd7d7-7edd-441f-a69d-cb77f1ae4352/resource/7aa42753-8711-4e4b-904e-e33b5f649046/download,/api/dataset/bcfdd7d7-7edd-441f-a69d-cb77f1ae4352/resource/10fc9b8e-3051-4909-bdbd-076e2d94455f/download",臺北市政府消防局接受各界捐贈實物明細表-各年度,項次編號、年度、月份、日、捐贈者、捐贈財物、捐贈用途,智慧通勤:0; 韌性防災:3; 永續環境:0; 食安健康:0; 勞動福祉:0; 文化共融:0
taipei,13379b1c-0a2a-4085-88a7-a5c62a6007a5,00002830,臺北市政府消防局各年度救護義消協勤次數及人次,韌性防災,False,True,False,table,災害風險與避難資源分析,False,1,消防,公共資訊,原始資料,消防局,,消防局,不定期更新,CSV,中文,2020-11-10T00:00:00,/api/dataset/13379b1c-0a2a-4085-88a7-a5c62a6007a5/resource/fad09aa3-4b4f-4850-aff2-586b569c84cf/download,年度、協勤次數、協勤人次、協勤人次次數比、協勤次數人次比,"年度、協勤次數、協勤人次、協勤人次次數比、協勤次數人次比
",智慧通勤:0; 韌性防災:3; 永續環境:0; 食安健康:0; 勞動福祉:0; 文化共融:0
taipei,054c20fa-e71e-4bf4-bf1f-b938fc279b96,00002967,臺北市政府消防局大事紀,韌性防災,False,True,False,table,災害風險與避難資源分析,False,1,消防,公共資訊,原始資料,消防局,,消防局,不定期更新,CSV,中文,2020-11-20T00:00:00,/api/dataset/054c20fa-e71e-4bf4-bf1f-b938fc279b96/resource/30aa24f8-3433-4d94-9099-cd092bde864b/download,臺北市政府消防局歷年大事紀（火災/災害重大傷亡、天坑/本局辦理重要事項/國內外獲獎事蹟等）,年度、月份、日期、大事紀要內容、機關代號,智慧通勤:0; 韌性防災:5; 永續環境:0; 食安健康:0; 勞動福祉:0; 文化共融:0
taipei,81bc49c3-b834-45c5-8804-d93af33b35eb,00001993,臺北市政府消防局楷模名冊,韌性防災,False,True,False,table,災害風險與避難資源分析,False,1,消防,公共資訊,原始資料,消防局,,消防局,每1年,CSV,中文,2020-10-05T00:00:00,/api/dataset/81bc49c3-b834-45c5-8804-d93af33b35eb/resource/7e5af2af-d267-4641-bf07-86b8f2186c14/download,鳳凰獎楷模,"年度、縣市代碼、機關代碼、職稱、姓名、性別、更新頻率、備註
",智慧通勤:0; 韌性防災:3; 永續環境:0; 食安健康:0; 勞動福祉:0; 文化共融:0
taipei,87fa65a5-977e-494e-a026-8ce6fa952e9a,00003330,臺北市政府消防局樓層介紹,韌性防災,False,True,False,table,災害風險與避難資源分析,False,1,消防,公共資訊,網路服務,消防局,,消防局,每10年,CSV,中文,2020-12-15T00:00:00,/api/dataset/87fa65a5-977e-494e-a026-8ce6fa952e9a/resource/a5860dc8-6af9-4237-8b40-db48db2dec71/download,各樓層之使用用途,縣市、機關名稱、機關代碼、樓層、用途,智慧通勤:0; 韌性防災:3; 永續環境:0; 食安健康:0; 勞動福祉:0; 文化共融:0
taipei,d8085d88-0a07-4fe6-86ec-8910954342ac,00001100,臺北市水利處主集水區,韌性防災,False,True,False,table,災害風險與避難資源分析,False,1,水利,公共資訊,網路服務,工務局,水利處,工務局水利處,每1年,KML,中文,2020-07-09T00:00:00,/api/dataset/d8085d88-0a07-4fe6-86ec-8910954342ac/resource/947559f0-3467-4b68-bebe-19570129c449/download,臺北市(原百齡集水區因士林北投區段徵收工程再切分出文林集水區、洲美集水區)之分布範圍及屬性資料表，提供KML檔案格式,PS1_REGION(集水區名稱)、PS1_NAME(抽水站名稱)、SHAPE_AREA(集水區面積)、AreaCode、AgencyCode,智慧通勤:0; 韌性防災:2; 永續環境:0; 食安健康:0; 勞動福祉:0; 文化共融:0
taipei,08101966-7aca-48e0-a028-6da02ba1192e,00003975,臺北市水利處易積水地區,韌性防災,False,True,False,table,災害風險與避難資源分析,False,1,水利,公共資訊,原始資料,工務局,水利處,工務局水利處,每1年,KML,中文,2015-02-01T00:00:00,/api/dataset/08101966-7aca-48e0-a028-6da02ba1192e/resource/db12426f-777c-48f0-90a8-bb582f39a33e/download,臺北市易積水地區範圍，提供KML格式,DISTRICT、AREACODE、SCOPE、LOCATION、AGENCYCODE,智慧通勤:0; 韌性防災:2; 永續環境:0; 食安健康:0; 勞動福祉:0; 文化共融:0
taipei,1404ee6e-c957-4c54-8184-d7d127028165,00003934,臺北市水利處暴雨事件滯洪池滯洪量,韌性防災,False,True,False,table,災害風險與避難資源分析,False,1,水利,公共資訊,網路服務,工務局,水利處,工務局水利處,每1年,CSV,中文,2021-06-14T00:00:00,/api/dataset/1404ee6e-c957-4c54-8184-d7d127028165/resource/07d97903-83e2-478f-a30c-2a4921473677/download,滯洪池暴雨事件最高滯洪量，資料格式採CSV格式。,"NO、滯洪池名稱、日期、最高滯洪量體_m3、機關代碼
",智慧通勤:0; 韌性防災:2; 永續環境:0; 食安健康:0; 勞動福祉:0; 文化共融:0
taipei,2de42464-c956-4442-8771-12e8a0ec7742,00029942,臺北市水利處歷史日雨量,韌性防災,False,True,False,table,災害風險與避難資源分析,False,1,水利,生活安全及品質,原始資料,工務局,水利處,工務局水利處,每6月,CSV,中文,2023-01-12T00:00:00,/api/dataset/2de42464-c956-4442-8771-12e8a0ec7742/resource/2950f91d-e01c-43e2-a349-56ff4e0a2323/download,提供臺北市設置雨量站之歷史每日雨量，雨量單位為毫米，資料格式提供CSV。,站名、年月、1日雨量、2日雨量、3日雨量、4日雨量、5日雨量、6日雨量、7日雨量、8日雨量、9日雨量、10日雨量、11日雨量、12日雨量、13日雨量、14日雨量、15日雨量、16日雨量、17日雨量、18日雨量、19日雨量、20日雨量、21日雨量、22日雨量、23日雨量、24日雨量、25日雨量、26日雨量、27日雨量、28日雨量、29日雨量、30日雨量、31日雨量,智慧通勤:0; 韌性防災:3; 永續環境:0; 食安健康:0; 勞動福祉:0; 文化共融:0
taipei,b8d1f37a-9402-4aea-8a1d-f73806b77dd3,00003314,臺北市消防榮譽榜每月績優人員,韌性防災,False,True,False,table,災害風險與避難資源分析,False,1,消防,公共資訊,原始資料,消防局,,消防局,不定期更新,"CSV,CSV",中文,2022-03-08T00:00:00,"/api/dataset/b8d1f37a-9402-4aea-8a1d-f73806b77dd3/resource/ba79bfba-e594-4ae0-b66a-f94b49376d5a/download,/api/dataset/b8d1f37a-9402-4aea-8a1d-f73806b77dd3/resource/7b074160-b13d-4bbc-aad2-bd8b7f95d8e4/download",臺北市政府消防局榮譽榜績優人員名單,項次編號、年度、月份、縣市代碼、承辦機關代碼、單位、職稱、姓名、執行勤務,智慧通勤:0; 韌性防災:3; 永續環境:0; 食安健康:0; 勞動福祉:0; 文化共融:0
taipei,a9ff987d-3552-443f-8aed-3be10aac0a9d,00002732,臺北市災害通報一覽表,韌性防災,False,True,False,table,災害風險與避難資源分析,False,1,消防,公共資訊,原始資料,消防局,,消防局,不定期更新,CSV,中文,2020-11-04T00:00:00,/api/dataset/a9ff987d-3552-443f-8aed-3be10aac0a9d/resource/29fa440a-221c-4c64-98eb-509188431064/download,臺北市各區災害通報聯繫資訊,"單位、市話、分機、傳真、資料更新年度
",智慧通勤:0; 韌性防災:4; 永續環境:0; 食安健康:0; 勞動福祉:0; 文化共融:0
taipei,3862d8c7-b75e-48d5-b48d-d57e9aaf229d,00003609,臺北市獨居老人緊急救援系統,韌性防災,False,True,False,table,災害風險與避難資源分析,False,1,社福,老年安養,網路服務,社會局,,社會局,不定期更新,CSV,中文,2020-12-30T00:00:00,/api/dataset/3862d8c7-b75e-48d5-b48d-d57e9aaf229d/resource/84af2f1e-c4d0-49f0-9d4d-4adbeed939a8/download,提供臺北市獨居老人緊急救援系統資訊,洽辦單位、聯絡電話、分機、服務對象、應備文件,智慧通勤:0; 韌性防災:2; 永續環境:0; 食安健康:0; 勞動福祉:1; 文化共融:0
taipei,cfe6e58e-a214-4ff2-98a8-c73d938e16a0,00002723,臺北市管河川主要橋樑計畫洪水位,韌性防災,False,True,False,table,災害風險與避難資源分析,False,1,水利,公共資訊,原始資料,工務局,水利處,工務局水利處,不定期更新,CSV,中文,2020-11-04T00:00:00,/api/dataset/cfe6e58e-a214-4ff2-98a8-c73d938e16a0/resource/7aae44ce-9f16-4150-9783-d848563b7bc7/download,主要橋樑計畫河川洪水位標準，200年計畫洪提供CSV檔,NO、河系、河川代碼、主要橋梁、200年計畫洪水位標高,智慧通勤:0; 韌性防災:2; 永續環境:1; 食安健康:0; 勞動福祉:0; 文化共融:0
taipei,38c6d78f-138b-4e0c-9251-41b6efde69dc,00003002,臺北市義消楷模,韌性防災,False,True,False,table,災害風險與避難資源分析,False,1,消防,公共資訊,原始資料,消防局,,消防局,每1年,CSV,中文,2020-11-24T00:00:00,/api/dataset/38c6d78f-138b-4e0c-9251-41b6efde69dc/resource/4fe057e3-529b-4655-8c05-80e9398b577e/download,臺北市義消楷模名冊,年、國家、縣市代碼、職稱、姓名,智慧通勤:0; 韌性防災:3; 永續環境:0; 食安健康:0; 勞動福祉:0; 文化共融:0
taipei,b1d6607e-2ac1-4dbd-b2a9-299a64fcf8a3,00001834,臺北市轄河川河道斷面檢測成果,韌性防災,False,True,False,table,災害風險與避難資源分析,False,1,水利,公共資訊,網路服務,工務局,水利處,工務局水利處,每1年,"CSV,CSV,CSV,CSV",中文,2020-08-27T00:00:00,"/api/dataset/b1d6607e-2ac1-4dbd-b2a9-299a64fcf8a3/resource/dd877afe-7408-4cee-8949-ddc19b73a387/download,/api/dataset/b1d6607e-2ac1-4dbd-b2a9-299a64fcf8a3/resource/bca43f34-92d8-4c30-adc6-e54555c2e3f2/download,/api/dataset/b1d6607e-2ac1-4dbd-b2a9-299a64fcf8a3/resource/7a8ef459-1553-4d20-9a38-92b2a44a14ce/download,/api/dataset/b1d6607e-2ac1-4dbd-b2a9-299a64fcf8a3/resource/2cbcc4a2-68ae-4c95-a69f-768d1dbe5b07/download",臺北市河川河道支距高程表及斷面樁成果表，提供CSV檔案格式。,"流域、左右岸、點名、縱坐標、橫坐標、標高、樁別
",智慧通勤:0; 韌性防災:2; 永續環境:1; 食安健康:0; 勞動福祉:0; 文化共融:0
taipei,9ebdd4b8-c211-4d28-b99d-f73a34d13867,00000422,臺北翡翠水庫即時水情資料,韌性防災,False,True,False,table,災害風險與避難資源分析,False,1,水利,公共資訊,原始資料,翡管局,,翡管局,每1時,JSON,中文,2021-12-16T00:00:00,https://w3.feitsui.gov.tw/FeitsuiWebService/tpe/Feitsui_HourlyJSON.ashx,每小時水庫水位、水庫有效蓄水量、水庫蓄水百分比，以及當日累積翡翠雨量站、十三股雨量站、九芎根雨量站、坪林雨量站、碧湖雨量站、太平雨量站、以及集水區加權平均降雨量。,時間、水位、有效蓄水量、有效蓄水量百分比、翡翠、坪林、十三股、九芎根、碧湖、太平、集水區平均,智慧通勤:0; 韌性防災:3; 永續環境:0; 食安健康:0; 勞動福祉:0; 文化共融:0
taipei,d58d2528-a453-4ffc-b231-fd3f4ef24b34,00000835,臺北翡翠水庫水文氣象月報表,韌性防災,False,True,False,table,災害風險與避難資源分析,False,1,水利,生活安全及品質,網路服務,翡管局,,翡管局,每1月,"CSV,CSV,CSV,CSV,CSV,CSV,CSV,CSV,CSV,CSV,CSV,CSV,CSV,CSV,CSV,CSV,CSV,CSV,CSV,CSV,CSV,CSV,CSV,CSV,CSV,CSV,CSV,CSV,CSV,CSV,CSV,CSV,CSV,CSV,CSV,CSV,CSV,CSV,CSV,CSV,CSV,CSV,CSV,CSV,CSV,CSV,CSV,CSV,CSV,CSV,CSV,CSV,CSV,CSV,CSV,CSV,CSV,CSV,CSV,CSV,CSV,CSV,CSV,CSV,CSV,CSV,CSV,CSV,CSV,CSV,CSV,CSV,CSV,CSV,CSV,CSV,CSV,CSV,CSV,CSV,CSV,CSV,CSV,CSV,CSV,CSV,CSV,CSV,CSV,CSV,CSV,CSV,CSV,CSV,CSV,CSV,CSV,CSV,CSV,CSV,CSV,CSV,CSV,CSV,CSV,CSV,CSV,CSV,CSV,CSV,CSV,CSV,CSV,CSV,CSV,CSV,CSV,CSV,CSV,CSV,CSV,CSV,CSV,CSV,CSV,CSV,CSV",中文,2022-03-07T00:00:00,"/api/dataset/d58d2528-a453-4ffc-b231-fd3f4ef24b34/resource/c2405f6a-f147-46ff-84f3-cb5b4e8abf05/download,/api/dataset/d58d2528-a453-4ffc-b231-fd3f4ef24b34/resource/422cff24-cce6-4f16-aba0-96906baec4a8/download,/api/dataset/d58d2528-a453-4ffc-b231-fd3f4ef24b34/resource/1f6483d4-acda-4d48-af9a-746a3e9db26b/download,/api/dataset/d58d2528-a453-4ffc-b231-fd3f4ef24b34/resource/62cf2ee1-0015-4b15-9fa5-166a32861eba/download,/api/dataset/d58d2528-a453-4ffc-b231-fd3f4ef24b34/resource/3fd8fc83-80ad-48da-a869-f3dd0f57d40d/download,/api/dataset/d58d2528-a453-4ffc-b231-fd3f4ef24b34/resource/425e49c2-7101-47ff-a0a7-a7302cd37f3e/download,/api/dataset/d58d2528-a453-4ffc-b231-fd3f4ef24b34/resource/8da93a51-7a06-42af-a358-5994886a4af0/download,/api/dataset/d58d2528-a453-4ffc-b231-fd3f4ef24b34/resource/0784c86d-10bf-4851-94fd-b045570977f1/download,/api/dataset/d58d2528-a453-4ffc-b231-fd3f4ef24b34/resource/37612a64-4a26-463c-a226-2dcb63a43604/download,/api/dataset/d58d2528-a453-4ffc-b231-fd3f4ef24b34/resource/17fc9091-5ff6-4641-82c4-e08e2bc2c149/download,/api/dataset/d58d2528-a453-4ffc-b231-fd3f4ef24b34/resource/32da15d0-b6cd-44b4-a68a-9e0407cd65ca/download,/api/dataset/d58d2528-a453-4ffc-b231-fd3f4ef24b34/resource/d9d5cfa7-e4f5-45f2-85ca-c2c0baa3388f/download,/api/dataset/d58d2528-a453-4ffc-b231-fd3f4ef24b34/resource/d8a53b09-31f6-4c44-bcd2-d967f7860187/download,/api/dataset/d58d2528-a453-4ffc-b231-fd3f4ef24b34/resource/09e17130-0006-42e8-9282-41a82f891e03/download,/api/dataset/d58d2528-a453-4ffc-b231-fd3f4ef24b34/resource/6e25ecc9-fe31-4e9d-b1ee-230fa2fad429/download,/api/dataset/d58d2528-a453-4ffc-b231-fd3f4ef24b34/resource/bd8a8122-d624-44c7-a2a8-77be11e5ce89/download,/api/dataset/d58d2528-a453-4ffc-b231-fd3f4ef24b34/resource/c6478f44-095c-43d2-8651-00ec900f78aa/download,/api/dataset/d58d2528-a453-4ffc-b231-fd3f4ef24b34/resource/b67dd2af-6b65-48dd-a7a6-4bce94d42591/download,/api/dataset/d58d2528-a453-4ffc-b231-fd3f4ef24b34/resource/35595c59-f2bc-4226-8aca-67b00394881e/download,/api/dataset/d58d2528-a453-4ffc-b231-fd3f4ef24b34/resource/2b2396f1-76d4-4efd-a382-f0bdc781d33f/download,/api/dataset/d58d2528-a453-4ffc-b231-fd3f4ef24b34/resource/8b3b4230-b3b2-471a-b9e2-4d019d283cab/download,/api/dataset/d58d2528-a453-4ffc-b231-fd3f4ef24b34/resource/5ea3aa86-e527-4775-aa05-75dfbc4ce3c0/download,/api/dataset/d58d2528-a453-4ffc-b231-fd3f4ef24b34/resource/f167e2cb-7afa-4094-af4c-7116eb7891ff/download,/api/dataset/d58d2528-a453-4ffc-b231-fd3f4ef24b34/resource/87afe72d-43a5-4851-9048-d7b0066fa316/download,/api/dataset/d58d2528-a453-4ffc-b231-fd3f4ef24b34/resource/bd30c279-2369-4cd6-a389-75efcc37797d/download,/api/dataset/d58d2528-a453-4ffc-b231-fd3f4ef24b34/resource/d35e0ba9-7d3c-40c6-9a78-b068ab2ffabc/download,/api/dataset/d58d2528-a453-4ffc-b231-fd3f4ef24b34/resource/2f727a9c-037a-453d-86bf-50da669e7771/download,/api/dataset/d58d2528-a453-4ffc-b231-fd3f4ef24b34/resource/451ea1a2-4489-4891-8546-bf3d05bd9caf/download,/api/dataset/d58d2528-a453-4ffc-b231-fd3f4ef24b34/resource/c8774750-4f37-4464-93a9-16759486d5e9/download,/api/dataset/d58d2528-a453-4ffc-b231-fd3f4ef24b34/resource/5b5251ee-385c-4d5c-913f-bcdb332e7458/download,/api/dataset/d58d2528-a453-4ffc-b231-fd3f4ef24b34/resource/4ac9c37d-62ab-46a7-ab80-28fff86d3d78/download,/api/dataset/d58d2528-a453-4ffc-b231-fd3f4ef24b34/resource/ee9297dc-803b-45ef-bf0e-62e4066ed566/download,/api/dataset/d58d2528-a453-4ffc-b231-fd3f4ef24b34/resource/9b0012f1-3ec8-4979-9700-5fae76a45860/download,/api/dataset/d58d2528-a453-4ffc-b231-fd3f4ef24b34/resource/ed9cb0d7-1261-4b60-9bf1-9dabeaf41137/download,/api/dataset/d58d2528-a453-4ffc-b231-fd3f4ef24b34/resource/4c7acb00-372f-433d-8393-438b843d2b0c/download,/api/dataset/d58d2528-a453-4ffc-b231-fd3f4ef24b34/resource/069b9a78-dffb-43db-88ea-4adcf4cb7ac5/download,/api/dataset/d58d2528-a453-4ffc-b231-fd3f4ef24b34/resource/04c0b4b9-8092-4017-9396-173eff39bb39/download,/api/dataset/d58d2528-a453-4ffc-b231-fd3f4ef24b34/resource/028da5e0-f1e8-47e5-98b8-b51c967eeb6d/download,/api/dataset/d58d2528-a453-4ffc-b231-fd3f4ef24b34/resource/d8dfa448-1270-4551-bb24-bb113e9477cc/download,/api/dataset/d58d2528-a453-4ffc-b231-fd3f4ef24b34/resource/f9e745e1-5cf8-4ac7-9a9a-99fee5846b64/download,/api/dataset/d58d2528-a453-4ffc-b231-fd3f4ef24b34/resource/c1f13314-5f81-428a-b10a-a4ccf561a611/download,/api/dataset/d58d2528-a453-4ffc-b231-fd3f4ef24b34/resource/d72a0aae-08b6-402c-81e3-02c42adf1d47/download,/api/dataset/d58d2528-a453-4ffc-b231-fd3f4ef24b34/resource/41eb7dc0-78cb-4a6a-b21c-b2bcf61d9174/download,/api/dataset/d58d2528-a453-4ffc-b231-fd3f4ef24b34/resource/d9671088-5c5d-47b9-abad-2f1e5a00ef8c/download,/api/dataset/d58d2528-a453-4ffc-b231-fd3f4ef24b34/resource/83ee848b-947f-40f2-ac1c-58864eab04b7/download,/api/dataset/d58d2528-a453-4ffc-b231-fd3f4ef24b34/resource/4ae897fe-dcd8-4763-816b-53b8334bf854/download,/api/dataset/d58d2528-a453-4ffc-b231-fd3f4ef24b34/resource/dab1ced1-3de0-4510-9548-497c1e0807f7/download,/api/dataset/d58d2528-a453-4ffc-b231-fd3f4ef24b34/resource/25ad6ba4-35a2-4ccb-9a08-59a6ef8d971a/download,/api/dataset/d58d2528-a453-4ffc-b231-fd3f4ef24b34/resource/d38fbadb-9c0a-4d41-9169-d3d66e47826f/download,/api/dataset/d58d2528-a453-4ffc-b231-fd3f4ef24b34/resource/01c6d9c7-ad84-4f21-bb15-3e9598eb7e2b/download,/api/dataset/d58d2528-a453-4ffc-b231-fd3f4ef24b34/resource/0d8c340f-b8dd-4ab0-927c-c0f8da6be6d6/download,/api/dataset/d58d2528-a453-4ffc-b231-fd3f4ef24b34/resource/a11862c6-cfa6-40a5-be0d-5b2ec93c16e6/download,/api/dataset/d58d2528-a453-4ffc-b231-fd3f4ef24b34/resource/739db798-e3e5-4687-a761-1e464f201f18/download,/api/dataset/d58d2528-a453-4ffc-b231-fd3f4ef24b34/resource/b87cf34c-213e-487e-b495-717cdb71a70d/download,/api/dataset/d58d2528-a453-4ffc-b231-fd3f4ef24b34/resource/0840b2fa-49f2-46fe-aeab-4059d082ab1e/download,/api/dataset/d58d2528-a453-4ffc-b231-fd3f4ef24b34/resource/9ea2cd7b-e465-40cc-9947-b25002d5b936/download,/api/dataset/d58d2528-a453-4ffc-b231-fd3f4ef24b34/resource/dabfea48-201a-42fa-908d-cefd167f8629/download,/api/dataset/d58d2528-a453-4ffc-b231-fd3f4ef24b34/resource/a92ad2a6-1662-4f12-9be7-4af3dba44fd6/download,/api/dataset/d58d2528-a453-4ffc-b231-fd3f4ef24b34/resource/1b8d2a0d-d3ab-4be9-b6d8-ed14a50912a5/download,/api/dataset/d58d2528-a453-4ffc-b231-fd3f4ef24b34/resource/6b6b2c25-708a-4936-aeb1-88cc12096e7c/download,/api/dataset/d58d2528-a453-4ffc-b231-fd3f4ef24b34/resource/62f9baba-8a94-49bc-92f1-9f6494115a99/download,/api/dataset/d58d2528-a453-4ffc-b231-fd3f4ef24b34/resource/b61e0066-63b2-49cb-b998-6ced52672b82/download,/api/dataset/d58d2528-a453-4ffc-b231-fd3f4ef24b34/resource/d0f97677-00f6-4fed-8ce9-77636ed00c62/download,/api/dataset/d58d2528-a453-4ffc-b231-fd3f4ef24b34/resource/e2172cb7-006d-4af0-9d48-cfac01dddb86/download,/api/dataset/d58d2528-a453-4ffc-b231-fd3f4ef24b34/resource/d862011d-ba81-4780-a332-60069d146f53/download,/api/dataset/d58d2528-a453-4ffc-b231-fd3f4ef24b34/resource/d5aeba83-e5d7-478c-b263-e0f9b36f188c/download,/api/dataset/d58d2528-a453-4ffc-b231-fd3f4ef24b34/resource/d59f9ac7-7a8a-4707-9ab1-638a30b88af4/download,/api/dataset/d58d2528-a453-4ffc-b231-fd3f4ef24b34/resource/b41e0239-84f7-4951-b985-a66dc4fc11db/download,/api/dataset/d58d2528-a453-4ffc-b231-fd3f4ef24b34/resource/f15f33d3-ca9f-4907-8a18-2dadbe11e891/download,/api/dataset/d58d2528-a453-4ffc-b231-fd3f4ef24b34/resource/a53bfa0e-b1d0-4e56-850a-f593cda3e8ad/download,/api/dataset/d58d2528-a453-4ffc-b231-fd3f4ef24b34/resource/27adec48-2a1e-4897-a285-86a01e6c15ff/download,/api/dataset/d58d2528-a453-4ffc-b231-fd3f4ef24b34/resource/29b71811-1b2f-4083-8267-2b3cabcc109a/download,/api/dataset/d58d2528-a453-4ffc-b231-fd3f4ef24b34/resource/f6e5fea2-e3cb-4107-952d-d42860226d80/download,/api/dataset/d58d2528-a453-4ffc-b231-fd3f4ef24b34/resource/45755e86-0239-4a7a-8317-7c798de733ce/download,/api/dataset/d58d2528-a453-4ffc-b231-fd3f4ef24b34/resource/247f71c0-738e-48e9-bfcb-8719a6bbb745/download,/api/dataset/d58d2528-a453-4ffc-b231-fd3f4ef24b34/resource/458fd227-6135-409c-a9e4-aeed9d58dd22/download,/api/dataset/d58d2528-a453-4ffc-b231-fd3f4ef24b34/resource/b619c0ed-b63b-49ee-918a-44c4a7517c82/download,/api/dataset/d58d2528-a453-4ffc-b231-fd3f4ef24b34/resource/98231364-2509-466f-a737-e8512e930cc6/download,/api/dataset/d58d2528-a453-4ffc-b231-fd3f4ef24b34/resource/1b677c8b-7673-44ae-b93b-85db865ee302/download,/api/dataset/d58d2528-a453-4ffc-b231-fd3f4ef24b34/resource/077302aa-98d7-46c8-adfb-91c15f31dde6/download,/api/dataset/d58d2528-a453-4ffc-b231-fd3f4ef24b34/resource/c3566c54-843e-4da8-9d91-f174877b423a/download,/api/dataset/d58d2528-a453-4ffc-b231-fd3f4ef24b34/resource/f4e09dc7-fe05-4eaa-a584-add9f26de27f/download,/api/dataset/d58d2528-a453-4ffc-b231-fd3f4ef24b34/resource/889161a3-62e1-4037-9cc1-ec0a335124b6/download,/api/dataset/d58d2528-a453-4ffc-b231-fd3f4ef24b34/resource/f64e2824-b633-4651-9219-0060c0d28551/download,/api/dataset/d58d2528-a453-4ffc-b231-fd3f4ef24b34/resource/e18bfb09-ccd1-4b0b-8cb1-0252d0320805/download,/api/dataset/d58d2528-a453-4ffc-b231-fd3f4ef24b34/resource/990df965-44f8-4627-831a-42cbffd447f1/download,/api/dataset/d58d2528-a453-4ffc-b231-fd3f4ef24b34/resource/97428437-d5fc-45dc-a6d0-34a1dd969afe/download,/api/dataset/d58d2528-a453-4ffc-b231-fd3f4ef24b34/resource/65d547e9-658e-4ad4-9cb4-bdb010290563/download,/api/dataset/d58d2528-a453-4ffc-b231-fd3f4ef24b34/resource/6f833ff3-1303-4433-a574-898a1de19ae7/download,/api/dataset/d58d2528-a453-4ffc-b231-fd3f4ef24b34/resource/974f38f8-f765-48c8-af96-88f156b65420/download,/api/dataset/d58d2528-a453-4ffc-b231-fd3f4ef24b34/resource/6ebe98e1-32e8-4aa9-a00e-150130ddaf0f/download,/api/dataset/d58d2528-a453-4ffc-b231-fd3f4ef24b34/resource/21828822-486e-4d79-bbf0-de4a8897dad5/download,/api/dataset/d58d2528-a453-4ffc-b231-fd3f4ef24b34/resource/93583e95-7b0c-4701-8d65-305879a0b9e5/download,/api/dataset/d58d2528-a453-4ffc-b231-fd3f4ef24b34/resource/5d00625e-ab65-47da-aaa1-f166d626d483/download,/api/dataset/d58d2528-a453-4ffc-b231-fd3f4ef24b34/resource/501fb1ec-3ffc-41e5-aa6e-d64fec76b3d4/download,/api/dataset/d58d2528-a453-4ffc-b231-fd3f4ef24b34/resource/f35676bd-2048-494e-9905-1007f0626061/download,/api/dataset/d58d2528-a453-4ffc-b231-fd3f4ef24b34/resource/ec976af4-abbf-4e56-9adb-72ec32deee45/download,/api/dataset/d58d2528-a453-4ffc-b231-fd3f4ef24b34/resource/25abac4b-f0d8-4f13-a98d-282a4b333b93/download,/api/dataset/d58d2528-a453-4ffc-b231-fd3f4ef24b34/resource/37a19c15-357c-4f0e-9bec-1b5d8f897425/download,/api/dataset/d58d2528-a453-4ffc-b231-fd3f4ef24b34/resource/d806441f-34ec-4c4e-9c7f-84017f8f7e79/download,/api/dataset/d58d2528-a453-4ffc-b231-fd3f4ef24b34/resource/a025705a-5a20-4ebb-a729-f2828c54f873/download,/api/dataset/d58d2528-a453-4ffc-b231-fd3f4ef24b34/resource/5a7d42fc-b78a-48a2-9497-9860d056d93b/download,/api/dataset/d58d2528-a453-4ffc-b231-fd3f4ef24b34/resource/501fa90f-bfe2-4514-8c2f-04ac7722818b/download,/api/dataset/d58d2528-a453-4ffc-b231-fd3f4ef24b34/resource/6b88e585-3c92-4ab0-b375-e08f57515c9d/download,/api/dataset/d58d2528-a453-4ffc-b231-fd3f4ef24b34/resource/8a14b075-ac2b-4174-a028-0094448963b2/download,/api/dataset/d58d2528-a453-4ffc-b231-fd3f4ef24b34/resource/43712109-5aaf-420b-b7cd-414fcb9d97d7/download,/api/dataset/d58d2528-a453-4ffc-b231-fd3f4ef24b34/resource/1c5bdf02-f723-49dc-bd4e-b0563f2e19ce/download,/api/dataset/d58d2528-a453-4ffc-b231-fd3f4ef24b34/resource/812c7fa0-d9d5-4a08-9a7f-dfa459712b05/download,/api/dataset/d58d2528-a453-4ffc-b231-fd3f4ef24b34/resource/e941cb39-c847-4832-95d1-a8879d913960/download,/api/dataset/d58d2528-a453-4ffc-b231-fd3f4ef24b34/resource/359003dd-f6f1-43b0-acbd-ffc7305a6690/download,/api/dataset/d58d2528-a453-4ffc-b231-fd3f4ef24b34/resource/dbcf6dea-199e-49e7-b4fe-57273d56b1c8/download,/api/dataset/d58d2528-a453-4ffc-b231-fd3f4ef24b34/resource/80cc7f3d-01c6-44bb-ac80-2905000d1c0c/download,/api/dataset/d58d2528-a453-4ffc-b231-fd3f4ef24b34/resource/0b3eb6ad-e796-45e6-8a3a-b20a001bbe2d/download,/api/dataset/d58d2528-a453-4ffc-b231-fd3f4ef24b34/resource/2bd4e52f-5faf-4099-96ec-3b7695173f95/download,/api/dataset/d58d2528-a453-4ffc-b231-fd3f4ef24b34/resource/b590051e-b6a6-4084-8032-972ba4224b25/download,/api/dataset/d58d2528-a453-4ffc-b231-fd3f4ef24b34/resource/daab01be-46e1-4e22-8aaf-f0f971a5d6c0/download,/api/dataset/d58d2528-a453-4ffc-b231-fd3f4ef24b34/resource/a2001ecc-dc74-451a-8496-77738d3f9920/download,/api/dataset/d58d2528-a453-4ffc-b231-fd3f4ef24b34/resource/f6508209-02ce-4665-a0a6-2cbb8732ed9e/download,/api/dataset/d58d2528-a453-4ffc-b231-fd3f4ef24b34/resource/164eeb6e-4996-458f-93c5-a8a0c60b6a01/download,/api/dataset/d58d2528-a453-4ffc-b231-fd3f4ef24b34/resource/cbcea050-2567-4612-b55e-f5999d8ddda5/download,/api/dataset/d58d2528-a453-4ffc-b231-fd3f4ef24b34/resource/6124a061-3240-45d8-b1f7-0ab3244e6479/download,/api/dataset/d58d2528-a453-4ffc-b231-fd3f4ef24b34/resource/d0bbd1ed-2403-432b-972e-f45ac1c03ceb/download,/api/dataset/d58d2528-a453-4ffc-b231-fd3f4ef24b34/resource/b3215ca2-73bd-46bf-8a00-bac9ca08c9fc/download,/api/dataset/d58d2528-a453-4ffc-b231-fd3f4ef24b34/resource/35885e3b-8648-4332-b926-07d2c005c79e/download,/api/dataset/d58d2528-a453-4ffc-b231-fd3f4ef24b34/resource/58838b58-d200-44b9-8b7c-3d170e4bb0de/download,/api/dataset/d58d2528-a453-4ffc-b231-fd3f4ef24b34/resource/13879d88-5963-4d6b-866c-0ed74c28dc5f/download,/api/dataset/d58d2528-a453-4ffc-b231-fd3f4ef24b34/resource/b6fee0e4-0562-4091-9387-0fd7c947ab6f/download",翡翠水庫氣象站氣象月報表,日期、風速m/s、風向D、氣壓mb、日輻射量cal/cm2、蒸發量mm、相對溼度%、最高溫度、最低溫度、平均溫度,智慧通勤:0; 韌性防災:2; 永續環境:2; 食安健康:0; 勞動福祉:0; 文化共融:0
taipei,dd7001c8-7a87-4294-a52a-e2c14bc49d88,00000839,臺北翡翠水庫水質月報表,韌性防災,False,True,False,table,災害風險與避難資源分析,False,1,水利,生活安全及品質,原始資料,翡管局,,翡管局,不定期更新,"CSV,CSV,CSV,CSV,CSV,CSV,CSV,CSV,CSV,CSV,CSV,CSV,CSV,CSV,CSV,CSV,CSV,CSV,CSV,CSV,CSV,CSV,CSV,CSV,CSV,CSV,CSV,CSV,CSV,CSV,CSV,CSV,CSV,CSV,CSV,CSV,CSV,CSV,CSV,CSV,CSV,CSV,CSV,CSV,CSV,CSV,CSV,CSV,CSV,CSV,CSV,CSV,CSV,CSV,CSV,CSV,CSV,CSV,CSV,CSV,CSV,CSV,CSV,CSV,CSV,CSV,CSV,CSV,CSV,CSV,CSV,CSV,CSV,CSV,CSV,CSV,CSV,CSV,CSV,CSV,CSV,CSV,CSV,CSV,CSV,CSV,CSV,CSV,CSV,CSV,CSV,CSV,CSV,CSV,CSV,CSV,CSV,CSV,CSV,CSV,CSV,CSV,CSV,CSV,CSV,CSV,CSV,CSV,CSV,CSV,CSV,CSV,CSV,CSV,CSV,CSV,CSV,CSV,CSV,CSV,CSV,CSV,CSV,CSV,CSV,CSV,CSV,CSV,CSV",中文,2020-07-02T00:00:00,"/api/dataset/dd7001c8-7a87-4294-a52a-e2c14bc49d88/resource/0c5bfe68-341d-4b73-af95-6601bc8d06ef/download,/api/dataset/dd7001c8-7a87-4294-a52a-e2c14bc49d88/resource/8a0c08f1-019a-4b3a-973f-7694a03bc666/download,/api/dataset/dd7001c8-7a87-4294-a52a-e2c14bc49d88/resource/34a7d17c-92ea-48d4-bbf5-b40836fddfd6/download,/api/dataset/dd7001c8-7a87-4294-a52a-e2c14bc49d88/resource/e112b63a-de24-4aaf-8d98-bcbfbb570c65/download,/api/dataset/dd7001c8-7a87-4294-a52a-e2c14bc49d88/resource/baf75096-51c4-4adc-8e71-434db776026c/download,/api/dataset/dd7001c8-7a87-4294-a52a-e2c14bc49d88/resource/fcdd700a-285a-4d10-b434-8af9f5e4869f/download,/api/dataset/dd7001c8-7a87-4294-a52a-e2c14bc49d88/resource/d5c52eb3-f4c8-410c-b477-26bc1e65597b/download,/api/dataset/dd7001c8-7a87-4294-a52a-e2c14bc49d88/resource/5ca9922c-ce53-442e-bce1-8dd78b1643e1/download,/api/dataset/dd7001c8-7a87-4294-a52a-e2c14bc49d88/resource/5ed5b204-16e9-44aa-93b0-382613013436/download,/api/dataset/dd7001c8-7a87-4294-a52a-e2c14bc49d88/resource/f09e2dfd-1279-4e2b-a559-947efe779578/download,/api/dataset/dd7001c8-7a87-4294-a52a-e2c14bc49d88/resource/56fa2815-4e6e-4709-a1dd-4c4f006496a0/download,/api/dataset/dd7001c8-7a87-4294-a52a-e2c14bc49d88/resource/c4177069-f821-4ae1-aba7-820aba6629e2/download,/api/dataset/dd7001c8-7a87-4294-a52a-e2c14bc49d88/resource/2dc45e26-b684-4fdd-9190-8c7c6c469866/download,/api/dataset/dd7001c8-7a87-4294-a52a-e2c14bc49d88/resource/4a295b9b-32ee-4061-aba1-44c0f6085b2f/download,/api/dataset/dd7001c8-7a87-4294-a52a-e2c14bc49d88/resource/409164e2-042d-48b5-a651-0db5dbbf7d62/download,/api/dataset/dd7001c8-7a87-4294-a52a-e2c14bc49d88/resource/52b11cee-0f12-4253-b001-2d0abcf4326a/download,/api/dataset/dd7001c8-7a87-4294-a52a-e2c14bc49d88/resource/0aee1529-aa90-4428-b36e-f18ed6c618cb/download,/api/dataset/dd7001c8-7a87-4294-a52a-e2c14bc49d88/resource/088fed87-413d-48ca-941a-50e484e0dc33/download,/api/dataset/dd7001c8-7a87-4294-a52a-e2c14bc49d88/resource/353da955-1c5c-42a9-b475-6d7b522a21c9/download,/api/dataset/dd7001c8-7a87-4294-a52a-e2c14bc49d88/resource/9187e7e1-6d9b-4909-aaf9-5ea88ef287e2/download,/api/dataset/dd7001c8-7a87-4294-a52a-e2c14bc49d88/resource/de3a85cd-e0fc-4a78-a48b-43f0e6c9bb26/download,/api/dataset/dd7001c8-7a87-4294-a52a-e2c14bc49d88/resource/48dadcb3-998f-4a34-bffc-9cfd1646b9ae/download,/api/dataset/dd7001c8-7a87-4294-a52a-e2c14bc49d88/resource/bfd0dd82-90e1-49b8-8215-0d5c2b54276d/download,/api/dataset/dd7001c8-7a87-4294-a52a-e2c14bc49d88/resource/3f47504a-f495-4db2-be52-0e893e75908f/download,/api/dataset/dd7001c8-7a87-4294-a52a-e2c14bc49d88/resource/939df69e-1637-42f3-b9ae-e2a9dd2b86db/download,/api/dataset/dd7001c8-7a87-4294-a52a-e2c14bc49d88/resource/6c4c8332-fb2a-4271-ac01-030dfccb9409/download,/api/dataset/dd7001c8-7a87-4294-a52a-e2c14bc49d88/resource/5c13dfee-6aab-4bef-923c-87f6217786f9/download,/api/dataset/dd7001c8-7a87-4294-a52a-e2c14bc49d88/resource/9d6c52d9-a719-481c-9de6-b0fc06399cbf/download,/api/dataset/dd7001c8-7a87-4294-a52a-e2c14bc49d88/resource/1cee30be-202a-40e0-bbe0-9e155555f1a9/download,/api/dataset/dd7001c8-7a87-4294-a52a-e2c14bc49d88/resource/a642c8d2-3300-4575-b37e-4b785768253e/download,/api/dataset/dd7001c8-7a87-4294-a52a-e2c14bc49d88/resource/3516f5f0-5016-421a-8115-5d49570e79d3/download,/api/dataset/dd7001c8-7a87-4294-a52a-e2c14bc49d88/resource/c21b9c76-1e75-4e53-8700-71f5d3ce0201/download,/api/dataset/dd7001c8-7a87-4294-a52a-e2c14bc49d88/resource/d6b9989d-d544-48b8-ab71-0173fe179ca4/download,/api/dataset/dd7001c8-7a87-4294-a52a-e2c14bc49d88/resource/116322bc-f0a7-483f-a975-d06522532f6c/download,/api/dataset/dd7001c8-7a87-4294-a52a-e2c14bc49d88/resource/eacb3853-3132-4774-8163-af53173da84a/download,/api/dataset/dd7001c8-7a87-4294-a52a-e2c14bc49d88/resource/cf130a84-9a55-422d-a4c4-56a3ee9c7606/download,/api/dataset/dd7001c8-7a87-4294-a52a-e2c14bc49d88/resource/9cf4737a-3aa7-4541-9304-0a506cd0e8aa/download,/api/dataset/dd7001c8-7a87-4294-a52a-e2c14bc49d88/resource/d07591c1-77c5-4650-a0c5-85aa0a3d0945/download,/api/dataset/dd7001c8-7a87-4294-a52a-e2c14bc49d88/resource/2e648854-08ea-4237-98f3-54015a74b317/download,/api/dataset/dd7001c8-7a87-4294-a52a-e2c14bc49d88/resource/3b3191ca-baef-4da4-bee2-a8d4992d79b9/download,/api/dataset/dd7001c8-7a87-4294-a52a-e2c14bc49d88/resource/0d598136-1aaf-48ec-9725-610f280616e4/download,/api/dataset/dd7001c8-7a87-4294-a52a-e2c14bc49d88/resource/04ab6b55-6c38-41f7-99c2-20712ee276da/download,/api/dataset/dd7001c8-7a87-4294-a52a-e2c14bc49d88/resource/b9c16a70-20a1-44a5-b330-3d2a50a2cd77/download,/api/dataset/dd7001c8-7a87-4294-a52a-e2c14bc49d88/resource/404ce1c9-48f0-47e5-8bd2-c51ccefd8405/download,/api/dataset/dd7001c8-7a87-4294-a52a-e2c14bc49d88/resource/4f7c7119-eef1-4e2e-81dd-082c967fec3d/download,/api/dataset/dd7001c8-7a87-4294-a52a-e2c14bc49d88/resource/c0c552bf-5b88-4238-8f3b-925eaa260fc2/download,/api/dataset/dd7001c8-7a87-4294-a52a-e2c14bc49d88/resource/cdc637ec-cc47-409a-8873-5b81f9e6186b/download,/api/dataset/dd7001c8-7a87-4294-a52a-e2c14bc49d88/resource/0fb1cdda-425b-4c9b-a48c-1f6287ac0728/download,/api/dataset/dd7001c8-7a87-4294-a52a-e2c14bc49d88/resource/8204cce6-6079-4320-a4fa-c6d9955e4705/download,/api/dataset/dd7001c8-7a87-4294-a52a-e2c14bc49d88/resource/fdadb325-6306-4c91-ad06-a55739a3a058/download,/api/dataset/dd7001c8-7a87-4294-a52a-e2c14bc49d88/resource/2a8f3f3a-6bb8-4dc9-9bea-6db0897398d0/download,/api/dataset/dd7001c8-7a87-4294-a52a-e2c14bc49d88/resource/67148a9a-265e-4d13-8d25-8811b1c2c983/download,/api/dataset/dd7001c8-7a87-4294-a52a-e2c14bc49d88/resource/cf1c4206-1dd3-488d-90c4-96aabd221797/download,/api/dataset/dd7001c8-7a87-4294-a52a-e2c14bc49d88/resource/8c667471-f97f-4313-befc-51b65614ad5b/download,/api/dataset/dd7001c8-7a87-4294-a52a-e2c14bc49d88/resource/5890739d-8fbf-4a19-b1c2-062f6dd091e5/download,/api/dataset/dd7001c8-7a87-4294-a52a-e2c14bc49d88/resource/0a5492b9-dab1-45bb-ae82-6c4dec14d3fc/download,/api/dataset/dd7001c8-7a87-4294-a52a-e2c14bc49d88/resource/73909086-1ede-462a-b94d-c65e11283ceb/download,/api/dataset/dd7001c8-7a87-4294-a52a-e2c14bc49d88/resource/9956e1f2-a313-433d-82d3-9c658995439f/download,/api/dataset/dd7001c8-7a87-4294-a52a-e2c14bc49d88/resource/92d361ff-00e0-4202-859e-868b5f4308bf/download,/api/dataset/dd7001c8-7a87-4294-a52a-e2c14bc49d88/resource/676ccf6e-0901-41d8-ad70-63faebb50853/download,/api/dataset/dd7001c8-7a87-4294-a52a-e2c14bc49d88/resource/c498dc76-7572-401e-ba5d-88fe6770de04/download,/api/dataset/dd7001c8-7a87-4294-a52a-e2c14bc49d88/resource/e9d7b501-0a35-4943-ba9e-3d4b22c0cd22/download,/api/dataset/dd7001c8-7a87-4294-a52a-e2c14bc49d88/resource/304a4200-d96d-448b-a2c1-ef23b1e69ab4/download,/api/dataset/dd7001c8-7a87-4294-a52a-e2c14bc49d88/resource/9424b2c0-6b6d-44d4-a11a-58fec6cbc26e/download,/api/dataset/dd7001c8-7a87-4294-a52a-e2c14bc49d88/resource/cb08578f-6143-45f0-8f00-d1803147ecbb/download,/api/dataset/dd7001c8-7a87-4294-a52a-e2c14bc49d88/resource/bdc6b2dd-f5c0-41ba-bc0c-d72fc5afb28c/download,/api/dataset/dd7001c8-7a87-4294-a52a-e2c14bc49d88/resource/5f4ae8a3-0d69-4399-b7f4-ec85b80bba8f/download,/api/dataset/dd7001c8-7a87-4294-a52a-e2c14bc49d88/resource/48302826-a38c-4f46-92b3-47a2517ae5fa/download,/api/dataset/dd7001c8-7a87-4294-a52a-e2c14bc49d88/resource/cf006eb7-13c4-4ec1-80b9-2f983270ca90/download,/api/dataset/dd7001c8-7a87-4294-a52a-e2c14bc49d88/resource/623c9493-2721-489b-8203-681273138880/download,/api/dataset/dd7001c8-7a87-4294-a52a-e2c14bc49d88/resource/fa06c785-999f-4160-ac35-7c660d6a4c7b/download,/api/dataset/dd7001c8-7a87-4294-a52a-e2c14bc49d88/resource/f51f91c9-c7ba-4bb8-a30e-675d9808032c/download,/api/dataset/dd7001c8-7a87-4294-a52a-e2c14bc49d88/resource/084c44df-b593-453b-a8b5-8a483842a7d6/download,/api/dataset/dd7001c8-7a87-4294-a52a-e2c14bc49d88/resource/0fd62f8d-91f9-4229-95b1-0c2f16d09883/download,/api/dataset/dd7001c8-7a87-4294-a52a-e2c14bc49d88/resource/b14da09a-a372-475d-90ac-915c930c7c91/download,/api/dataset/dd7001c8-7a87-4294-a52a-e2c14bc49d88/resource/d889cf66-c478-472e-a86e-fd146698976b/download,/api/dataset/dd7001c8-7a87-4294-a52a-e2c14bc49d88/resource/c2e1593f-a1eb-4c7a-bc38-e103e09c0131/download,/api/dataset/dd7001c8-7a87-4294-a52a-e2c14bc49d88/resource/9494bfb8-5ded-4a32-8b0d-84d695829e89/download,/api/dataset/dd7001c8-7a87-4294-a52a-e2c14bc49d88/resource/233ec95e-0571-4467-b462-3b6b7efe3fdd/download,/api/dataset/dd7001c8-7a87-4294-a52a-e2c14bc49d88/resource/6a4ede7b-3297-47e0-8927-534e67b5c60e/download,/api/dataset/dd7001c8-7a87-4294-a52a-e2c14bc49d88/resource/24460eec-8cc4-48cd-9dde-48fd00135c0f/download,/api/dataset/dd7001c8-7a87-4294-a52a-e2c14bc49d88/resource/33b02028-b5f8-4e11-86c1-394eae1fb3d6/download,/api/dataset/dd7001c8-7a87-4294-a52a-e2c14bc49d88/resource/9d5e92a9-e252-4c4e-9638-5932e483ddc5/download,/api/dataset/dd7001c8-7a87-4294-a52a-e2c14bc49d88/resource/8a1f086f-0704-41f5-bb3b-846900ffdb7d/download,/api/dataset/dd7001c8-7a87-4294-a52a-e2c14bc49d88/resource/3d446fa2-5884-4544-af39-121a5f714064/download,/api/dataset/dd7001c8-7a87-4294-a52a-e2c14bc49d88/resource/06044186-d5e1-4f5b-ab94-cc35f3e6d84c/download,/api/dataset/dd7001c8-7a87-4294-a52a-e2c14bc49d88/resource/8f1a08ca-7f24-45c7-9f57-9c9a26a0b762/download,/api/dataset/dd7001c8-7a87-4294-a52a-e2c14bc49d88/resource/3d537224-2872-4372-99fe-3b9c7129d394/download,/api/dataset/dd7001c8-7a87-4294-a52a-e2c14bc49d88/resource/b4e683f6-0b73-4597-add9-95929c24cd18/download,/api/dataset/dd7001c8-7a87-4294-a52a-e2c14bc49d88/resource/d882672b-c3cb-4953-ab11-d36f570361fc/download,/api/dataset/dd7001c8-7a87-4294-a52a-e2c14bc49d88/resource/7006c7d0-5592-47f9-bac2-a89f108405e4/download,/api/dataset/dd7001c8-7a87-4294-a52a-e2c14bc49d88/resource/e7a608ae-32c3-4035-b61c-e7d5b449eca7/download,/api/dataset/dd7001c8-7a87-4294-a52a-e2c14bc49d88/resource/3e3cf39d-f489-4cb5-83d1-a3278e347c00/download,/api/dataset/dd7001c8-7a87-4294-a52a-e2c14bc49d88/resource/8eab8e39-11cf-455d-807b-3a494a3b5af3/download,/api/dataset/dd7001c8-7a87-4294-a52a-e2c14bc49d88/resource/89f51417-6971-44ab-a732-846240035008/download,/api/dataset/dd7001c8-7a87-4294-a52a-e2c14bc49d88/resource/323d95fb-1b74-4bda-924c-f2b39967b209/download,/api/dataset/dd7001c8-7a87-4294-a52a-e2c14bc49d88/resource/ca5b4d23-9701-4dbb-a794-29dc5a8f0c50/download,/api/dataset/dd7001c8-7a87-4294-a52a-e2c14bc49d88/resource/b83529e4-93f3-4500-921d-48c94a95fcb3/download,/api/dataset/dd7001c8-7a87-4294-a52a-e2c14bc49d88/resource/1ea3ded9-8c01-40de-8ee0-a0807b921c64/download,/api/dataset/dd7001c8-7a87-4294-a52a-e2c14bc49d88/resource/c683344c-7428-4fa9-bb63-ce8f1f7cdf15/download,/api/dataset/dd7001c8-7a87-4294-a52a-e2c14bc49d88/resource/5c0949c0-5da8-44ee-9972-f28df5ab2926/download,/api/dataset/dd7001c8-7a87-4294-a52a-e2c14bc49d88/resource/6c87db7f-6b12-4c57-8081-b02611cd494f/download,/api/dataset/dd7001c8-7a87-4294-a52a-e2c14bc49d88/resource/d3b61066-6446-48e9-94ba-ef6a3033a2fb/download,/api/dataset/dd7001c8-7a87-4294-a52a-e2c14bc49d88/resource/0234b3a3-6351-4176-b07b-c4c7c4c7b0f8/download,/api/dataset/dd7001c8-7a87-4294-a52a-e2c14bc49d88/resource/7cc05f7a-9bda-4397-8940-a436bf700daf/download,/api/dataset/dd7001c8-7a87-4294-a52a-e2c14bc49d88/resource/2b995686-9b28-405d-b694-0c043992f149/download,/api/dataset/dd7001c8-7a87-4294-a52a-e2c14bc49d88/resource/62ac71c5-5578-47d2-85b5-b6d475562a8d/download,/api/dataset/dd7001c8-7a87-4294-a52a-e2c14bc49d88/resource/889e32c9-e2d3-4055-b67c-2cc86bbd90a8/download,/api/dataset/dd7001c8-7a87-4294-a52a-e2c14bc49d88/resource/89d45cd6-4c59-4dda-a5e7-a83ebfe4cd44/download,/api/dataset/dd7001c8-7a87-4294-a52a-e2c14bc49d88/resource/acff2dd4-b3a4-455c-972f-bd0735abb385/download,/api/dataset/dd7001c8-7a87-4294-a52a-e2c14bc49d88/resource/0fc748fd-4063-4108-b9e0-489ed2f913da/download,/api/dataset/dd7001c8-7a87-4294-a52a-e2c14bc49d88/resource/e91d03de-0f6f-40e8-a4d4-e0b3d3be635c/download,/api/dataset/dd7001c8-7a87-4294-a52a-e2c14bc49d88/resource/56b74e92-b019-4910-84cd-de9da8dad1fb/download,/api/dataset/dd7001c8-7a87-4294-a52a-e2c14bc49d88/resource/3bb542bf-6dd7-4e91-a037-4f26a7dc0653/download,/api/dataset/dd7001c8-7a87-4294-a52a-e2c14bc49d88/resource/752bdd50-93ec-4b00-b8bd-9e8a3ea2bbff/download,/api/dataset/dd7001c8-7a87-4294-a52a-e2c14bc49d88/resource/136f49b7-725d-419f-a3d2-9315faa9665c/download,/api/dataset/dd7001c8-7a87-4294-a52a-e2c14bc49d88/resource/643045f2-21dc-48e8-9033-d558b5052e07/download,/api/dataset/dd7001c8-7a87-4294-a52a-e2c14bc49d88/resource/a5dee5fe-8bc2-4fc1-a23b-d215ca968ebd/download,/api/dataset/dd7001c8-7a87-4294-a52a-e2c14bc49d88/resource/1fd69894-8c29-4ab2-a4c1-2947ff26ee43/download,/api/dataset/dd7001c8-7a87-4294-a52a-e2c14bc49d88/resource/bbef449c-07ae-440c-80a0-c0b2058f63fa/download,/api/dataset/dd7001c8-7a87-4294-a52a-e2c14bc49d88/resource/63ffe3ef-06df-4e4c-b446-ece2e2dfa8c5/download,/api/dataset/dd7001c8-7a87-4294-a52a-e2c14bc49d88/resource/bee6bc15-2cdc-4c14-83fa-ee9008c23133/download,/api/dataset/dd7001c8-7a87-4294-a52a-e2c14bc49d88/resource/96067276-dd6f-42f4-870e-aee63f9e05da/download,/api/dataset/dd7001c8-7a87-4294-a52a-e2c14bc49d88/resource/e7af9f33-ffb7-4d3e-9eea-7f81750c9c5a/download,/api/dataset/dd7001c8-7a87-4294-a52a-e2c14bc49d88/resource/fe716cd4-c16f-497e-bdcb-e8334fb9c383/download,/api/dataset/dd7001c8-7a87-4294-a52a-e2c14bc49d88/resource/0c8799b3-825e-4f2d-a773-3f30e6ce02be/download,/api/dataset/dd7001c8-7a87-4294-a52a-e2c14bc49d88/resource/c539946b-6194-4d2d-b0ad-72afeab29940/download,/api/dataset/dd7001c8-7a87-4294-a52a-e2c14bc49d88/resource/1dc0fabe-2d05-45d1-bd49-20cadb5d13e0/download,/api/dataset/dd7001c8-7a87-4294-a52a-e2c14bc49d88/resource/28830bab-02ea-43b2-a3dc-10c4e4d68590/download",翡翠水庫水質月報表，包含水庫水域採樣站之各項水質監測數據及上游各支流、水庫放流水、鄰近溪流及下游採樣站之各項水質監測數據　,檢驗項目、水位m（數值）、氣溫℃（數值）、水深m（數值）、透明度m（數值）、水溫℃（數值）、濁度NTU、酸鹼值（數值）、氨氮mg/L、溶氧量mg/L（數值）、生化需氧量mg/L、化學需氧量mg/L、懸浮固體量mg/L、導電度μS/cm（數值）、錳mg/L、大腸桿菌群CFU/100mL、總有機碳mg/L、總磷μg/L、葉綠素aμg/L、藻類數cell/mL,智慧通勤:0; 韌性防災:2; 永續環境:2; 食安健康:1; 勞動福祉:0; 文化共融:0
taipei,3712cb95-492a-480f-83b6-02e30f318868,00000605,臺北自來水事業處漏水率資訊,韌性防災,False,True,False,table,災害風險與避難資源分析,False,1,水利,生活安全及品質,原始資料,北水處,,北水處,每1年,CSV,中文,2015-07-22T00:00:00,/api/dataset/3712cb95-492a-480f-83b6-02e30f318868/resource/4cc825c3-1a56-419a-89e2-cac3d25593c2/download,自來水處歷年漏水率資料,項次、機關名稱、年度、漏水率、備註,智慧通勤:0; 韌性防災:2; 永續環境:0; 食安健康:0; 勞動福祉:0; 文化共融:0
