city,dataset_id,dataset_no,name,theme,has_location,has_time,has_numeric,data_type,main_usage,cross_city_pair,priority_score,raw_theme,service_category,dataset_type,provider_level_1,provider_level_2,provider,update_frequency,format,language,published_at,access_url,description,fields,theme_score_detail
newtaipei,DE4CFD62-E977-4C4F-822F-7D2AA65F6E4A,,新北市動物醫院一覽表,食安健康,True,True,False,point,醫療資源與食安風險分布,True,4,農業,公共資訊,,,,新北市政府農業局/新北市政府動物保護防疫處/秘書室,每年,JSON、CSV、XML、KML,中文,,https://data.ntpc.gov.tw/datasets/de4cfd62-e977-4c4f-822f-7d2aa65f6e4a,新北市動物醫院的地址及電話。,,智慧通勤:0; 韌性防災:0; 永續環境:0; 食安健康:1; 勞動福祉:0; 文化共融:0
taipei,455a1442-ba87-4b87-88f0-58ddbed9026b,00001592,臺北市12區健康服務中心公衛護理師(士)人數,食安健康,True,True,True,point,醫療資源與食安風險分布,False,4,醫療,公共資訊,網路服務,衛生局,,衛生局,每1年,CSV,中文,2019-01-01T00:00:00,/api/dataset/455a1442-ba87-4b87-88f0-58ddbed9026b/resource/8f2427e6-f561-4486-bc75-95857e42294d/download,臺北市12區健康服務中心公衛護理師(士)人數。,項次、12區健康服務中心、公衛護理師（士）人數、地址、郵遞區號,智慧通勤:0; 韌性防災:0; 永續環境:0; 食安健康:2; 勞動福祉:0; 文化共融:0
taipei,8f11e126-cd1a-4991-9532-3b45818298fb,00003067,臺北市中醫一般科醫療機構,食安健康,True,True,False,point,醫療資源與食安風險分布,True,4,醫療,就醫,原始資料,衛生局,,衛生局,每1年,CSV,中文,2020-11-25T00:00:00,/api/dataset/8f11e126-cd1a-4991-9532-3b45818298fb/resource/68a4405e-b85c-4d56-b683-7e0dd1cfada2/download,有關臺北市中醫一般科醫療機構資料。,序號、機構名稱、郵遞區號、地址、電話,智慧通勤:0; 韌性防災:0; 永續環境:0; 食安健康:1; 勞動福祉:0; 文化共融:0
taipei,8aeb2d36-b806-4461-9763-5c35017049b0,00003045,臺北市兒科醫療機構,食安健康,True,True,False,point,醫療資源與食安風險分布,True,4,醫療,就醫,原始資料,衛生局,,衛生局,每1年,CSV,中文,2020-11-25T00:00:00,/api/dataset/8aeb2d36-b806-4461-9763-5c35017049b0/resource/879c295d-b57e-432c-b673-4fe905ba1282/download,有關臺北市兒科醫療機構資料。,序號、機構名稱、郵遞區號、地址、電話,智慧通勤:0; 韌性防災:0; 永續環境:0; 食安健康:1; 勞動福祉:0; 文化共融:0
taipei,dbb54bf8-74a8-475d-ae88-a0ec4262c39a,00003048,臺北市內科醫療機構,食安健康,True,True,False,point,醫療資源與食安風險分布,True,4,醫療,就醫,原始資料,衛生局,,衛生局,每1年,CSV,中文,2020-11-25T00:00:00,/api/dataset/dbb54bf8-74a8-475d-ae88-a0ec4262c39a/resource/da296984-a858-45d2-ba8b-866cf133bd23/download,有關臺北市內科醫療機構資料。,序號、機構名稱、郵遞區號、地址、電話,智慧通勤:0; 韌性防災:0; 永續環境:0; 食安健康:1; 勞動福祉:0; 文化共融:0
taipei,57080dc5-98da-4b5e-8f37-b10ca14d6ca2,00002807,臺北市公私立醫院病床數統計,食安健康,True,True,True,point,醫療資源與食安風險分布,False,4,醫療,就醫,原始資料,衛生局,,衛生局,不定期更新,CSV,中文,2020-11-09T00:00:00,/api/dataset/57080dc5-98da-4b5e-8f37-b10ca14d6ca2/resource/5b1451b7-3be6-4d5e-97cd-97172d96ff3d/download,臺北市公私立醫院病床數統計。,機構名稱、地址、電話、急性一般病床數、急性精神病床數、慢性一般病床數、慢性精神病床數、安寧病床數、加護病床、亞急性呼吸照護病床、慢性呼吸照護病床、燒傷病床、急診觀察床、其他觀察病床、手術恢復床、嬰兒床、嬰兒病床、血液透析病床、腹膜透析病床、精神科加護病床、燒傷加護病床、普通隔離病床、正壓隔離病床、負壓隔離病床、骨髓移植病床、整合醫學急診後送病床,智慧通勤:0; 韌性防災:0; 永續環境:0; 食安健康:3; 勞動福祉:0; 文化共融:0
taipei,01bcb5ee-7c18-41fa-86d4-4e75daee1f94,00001002,臺北市動物醫院一覽表,食安健康,True,True,False,point,醫療資源與食安風險分布,True,4,農業,公共資訊,原始資料,產業局,動保處,產業局動保處,不定期更新,CSV,中文,2016-12-29T00:00:00,/api/dataset/01bcb5ee-7c18-41fa-86d4-4e75daee1f94/resource/40d79051-1839-4d00-855f-be88f1e06caf/download,提供臺北市動物醫院資料。,縣市、動物醫院名稱、地址、電話、負責人,智慧通勤:0; 韌性防災:0; 永續環境:0; 食安健康:1; 勞動福祉:0; 文化共融:0
taipei,5e23b00f-7c8a-4581-90b3-1cb7eef8aac3,00003070,臺北市口腔病理科醫療機構,食安健康,True,True,False,point,醫療資源與食安風險分布,True,4,醫療,就醫,原始資料,衛生局,,衛生局,每1年,CSV,中文,2020-11-25T00:00:00,/api/dataset/5e23b00f-7c8a-4581-90b3-1cb7eef8aac3/resource/9900f61a-10ee-4de7-b112-465e0f2c92c6/download,有關臺北市口腔病理科醫療機構資料。,序號、機構名稱、郵遞區號、地址、電話,智慧通勤:0; 韌性防災:0; 永續環境:0; 食安健康:1; 勞動福祉:0; 文化共融:0
taipei,9c8339bc-50d1-41bc-9719-f55402105327,00002774,臺北市各區健康服務中心人員統計表,食安健康,True,True,True,area,醫療資源與食安風險分布,False,4,統計,公共資訊,原始資料,衛生局,,衛生局,每1年,CSV,中文,2020-11-26T00:00:00,/api/dataset/9c8339bc-50d1-41bc-9719-f55402105327/resource/05eda629-9177-4b48-85f8-afcdd10236dd/download,臺北市各區健康服務中心年底人員數。,行政區健康服務中心、主任編制員額專任、主任實際員額其他行政人員員額、秘書及組長編制員額數、秘書及組長實際員額數、護理長編制員額（兼任）、護理長實際員額（兼任）、護理師編制員額數、護理師實際員額數、護士實際員額、辦事員（組員及書記）編制員額數、辦事員（組員及書記）實際員額數、技士及技佐編制員額、技士及技佐實際員額、工友編制員額、工友實際員額、其他（雇員替代役委外約聘僱及臨時人員）編制員額、其他（雇員替代役委外約聘僱及臨時人員）非編制員額、其他（雇員替代役委外約聘僱及臨時人員）實際員額,智慧通勤:0; 韌性防災:0; 永續環境:0; 食安健康:1; 勞動福祉:0; 文化共融:0
taipei,ccfd61e8-1632-421c-915d-2a09aaf3bed4,00001227,臺北市執行菸害防制法稽查成果,食安健康,True,True,True,area,醫療資源與食安風險分布,False,4,醫療,公共資訊,原始資料,衛生局,,衛生局,每1年,"CSV,CSV,CSV",中文,2020-05-04T00:00:00,"/api/dataset/ccfd61e8-1632-421c-915d-2a09aaf3bed4/resource/558923cd-8539-4ddb-8f80-c737eada4e04/download,/api/dataset/ccfd61e8-1632-421c-915d-2a09aaf3bed4/resource/cc167252-9145-456a-bd82-bff830c206ae/download,/api/dataset/ccfd61e8-1632-421c-915d-2a09aaf3bed4/resource/99015e4b-7e56-4562-abf9-c3c0fd7b9a8d/download","行政區別、總計、自動販賣、郵購電子購物或其他無法辨識消費者年齡之方式（依菸害防制法第5條第1項）、開放式貨架等可由消費者直接取得且無法辨識年齡之方式（依菸害防制法第5條第2項）、每一販賣單位以少於20支及其內容物淨重低於15公克之包裝方式（依菸害防制法第5條第3項）、菸品容器加註之文字及標示（依菸害防制法第6條第1項）、菸品容器最大外表正反面應以中文標示健康警示圖文與戒菸相關資訊（依菸害防制法第6條第2項）、尼古丁及焦油含量標示（依菸害防制法第7條第1項）、尼古丁及焦油含量不得超過最高含量（依菸害防制法第7條第2項）、促銷菸品或為菸品廣告（依菸害防制法第9條）、販賣菸品場所標示及展示（依菸害防制法第10條第1項）、營業場所不得免費供應菸品（依菸害防制法第11條）、未滿18歲吸菸者（依菸害防制法第12條第1項）、供應菸品予未滿18歲者（依菸害防制法第13條第1項）、強迫引誘等方式使孕婦吸菸（依菸害防制法第13條第2項）、不得製造輸入販賣菸品形狀之物品（依菸害防制法第14條）、全面禁菸場所不得吸菸（依菸害防制法第15條第1項）、所有入口處設置明顯禁菸標示且不得供應與吸菸有關器物（依菸害防制法第15條第2項）、未設吸菸區者全面禁菸（依菸害防制法第16條第1項）、所有入口處及其他適當地點設置明顯禁菸標示或除吸菸區外不得吸菸意旨之標示除吸菸區外不得供應與吸菸有關器物（依菸害防制法第16條第2項）、吸菸區標示及設置規定（依菸害防制法第16條第3項）、下午9時以後開始營業且18歲以上始能進入之酒吧視聽歌唱場所（依菸害防制法第15條第1項第11款）、其他經各級主管機關指定公告之場所及交通工具（依菸害防制法第16條第1項第4款）、其他
","行政區別、總計、自動販賣郵購電子購物或其他無法辨識消費者年齡之方式（依菸害防制法第5條第1項）、開放式貨架等可由消費者直接取得且無法辨識年齡之方式（依菸害防制法第5條第2項）、每一販賣單位以少於20支及其內容物淨重低於15公克之包裝方式（依菸害防制法第5條第3項）、菸品容器加註之文字及標示（依菸害防制法第6條第1項）、菸品容器最大外表正反面應以中文標示健康警示圖文與戒菸相關資訊（依菸害防制法第6條第2項）、尼古丁及焦油含量標示數（依菸害防制法第7條第1項）、尼古丁及焦油含量不得超過最高含量數（依菸害防制法第7條第2項）、促銷菸品或為菸品廣告數（依菸害防制法第9條）、販賣菸品場所標示及展示（依菸害防制法第10條第1項）、營業場所不得免費供應菸品數（依菸害防制法第11條）、未滿18歲吸菸者人數（依菸害防制法第12條第1項）、供應菸品予未滿18歲者（依菸害防制法第13條第1項）、強迫引誘等方式使孕婦吸菸（依菸害防制法第13條第2項）、不得製造輸入販賣菸品形狀之物品（依菸害防制法第14條）、全面禁菸場所不得吸菸（依菸害防制法第15條第1項）、所有入口處設置明顯禁菸標示且不得供應與吸菸有關器物（依菸害防制法第15條第2項）、未設吸菸區者全面禁菸（依菸害防制法第16條第1項）、所有入口處及其他適當地點設置明顯禁菸標示或除吸菸區外不得吸菸意旨之標示除吸菸區外不得供應與吸菸有關器物（依菸害防制法第16條第2項）、吸菸區標示及設置規定（依菸害防制法第16條第3項）、下午9時以後開始營業且18歲以上始能進入之酒吧視聽歌唱場所（依菸害防制法第15條第1項第11款）、其他經各級主管機關指定公告之場所及交通工具（依菸害防制法第16條第1項第4款）、其他、行政區別、總計、自動販賣郵購電子購物或其他無法辨識消費者年齡之方式數、開放式貨架或其他可由消費者直接取得之方式數、每一販賣單位以少於20支及其內容物淨重低於15公克之包裝方式數、菸品容器加註之文字及標示數、菸品容器最大正面及反面明顯位置處應以中文標示健康警示圖文及戒菸相關資訊且其標示面積不得低於該面積50%、菸品不得使用經中央主管機關公告禁止使用之添加物數、尼古丁及焦油含量標示、菸品指定菸品必要之組合元件之促銷或廣告數、販賣菸品場所標示數、營業場所不得免費供應菸品指定菸品必要之組合元件、不得製造輸入販賣供應展示或廣告與菸品或菸品容器形狀近似物品、任何人不得製造輸入販賣供應展示或廣告之物品數、未滿20歲者不得吸菸、不得供應菸品指定菸品必要之組合元件予未滿20歲之人亦不得以強迫引誘或其他方式使孕婦或未滿20歲之人吸菸、全面禁菸場所不得吸菸、於旅館商場餐飲店酒吧夜店雪茄館或其他供公眾消費之室內場所且未設置獨立空調及獨立隔間之吸菸室內吸菸、所有入口處設置明顯禁菸標示且不得供應與吸菸有關器物、未設吸菸區者全面禁菸、其他經各級主管機關指定公告之場所及交通工具、所有入口處及其他適當地點設置明顯禁菸標示或除吸菸區外不得吸菸意旨之標示;除吸菸區外不得供應與吸菸有關器物、吸菸區標示及設置規定、其他
",智慧通勤:1; 韌性防災:0; 永續環境:0; 食安健康:3; 勞動福祉:0; 文化共融:0
taipei,70b71e5c-1eb8-4632-9280-c8f10844649b,00003049,臺北市外科醫療機構,食安健康,True,True,False,point,醫療資源與食安風險分布,True,4,醫療,就醫,原始資料,衛生局,,衛生局,每1年,CSV,中文,2020-11-25T00:00:00,/api/dataset/70b71e5c-1eb8-4632-9280-c8f10844649b/resource/1d1729c5-b01c-4823-81e0-65d1c4dfd6e2/download,有關臺北市外科醫療機構資料。,序號、機構名稱、郵遞區號、地址、電話,智慧通勤:0; 韌性防災:0; 永續環境:0; 食安健康:1; 勞動福祉:0; 文化共融:0
taipei,83dc0502-245a-4d77-99f4-786127cedea2,00003056,臺北市婦產科醫療機構,食安健康,True,True,False,point,醫療資源與食安風險分布,True,4,醫療,就醫,原始資料,衛生局,,衛生局,每1年,CSV,中文,2020-11-25T00:00:00,/api/dataset/83dc0502-245a-4d77-99f4-786127cedea2/resource/ba860191-ad03-49a3-8df4-29e0a01f3026/download,有關臺北市婦產科醫療機構資料。,序號、機構名稱、郵遞區號、地址、電話,智慧通勤:0; 韌性防災:0; 永續環境:0; 食安健康:1; 勞動福祉:0; 文化共融:0
taipei,34e855c7-7808-46d2-b9b1-f7244fe2b9b5,00003047,臺北市家庭醫學科醫療機構,食安健康,True,True,False,point,醫療資源與食安風險分布,True,4,醫療,就醫,原始資料,衛生局,,衛生局,每1年,CSV,中文,2020-11-25T00:00:00,/api/dataset/34e855c7-7808-46d2-b9b1-f7244fe2b9b5/resource/1a6a6056-4649-48be-b071-fba88d025d10/download,有關臺北市家庭醫學科醫療機構資料。,序號、機構名稱、郵遞區號、地址、電話,智慧通勤:0; 韌性防災:0; 永續環境:0; 食安健康:1; 勞動福祉:0; 文化共融:0
taipei,190b1d08-4541-4f19-9990-2ef92f915c9f,00003046,臺北市復健科醫療機構,食安健康,True,True,False,point,醫療資源與食安風險分布,True,4,醫療,就醫,原始資料,衛生局,,衛生局,每1年,CSV,中文,2020-11-25T00:00:00,/api/dataset/190b1d08-4541-4f19-9990-2ef92f915c9f/resource/9ad373d9-4d52-49d9-9854-f568d80c775a/download,有關臺北市復健科醫療機構資料。,序號、機構名稱、縣市別代碼、行政區域代碼、地址,智慧通勤:0; 韌性防災:0; 永續環境:0; 食安健康:1; 勞動福祉:0; 文化共融:0
taipei,2c4273d6-967c-4da3-bb9e-0823822e9aa7,00003460,臺北市性侵害案件一站式服務醫療院所,食安健康,True,True,True,point,醫療資源與食安風險分布,False,4,社福,生活安全及品質,網路服務,社會局,,社會局,每1年,CSV,中文,2020-12-24T00:00:00,/api/dataset/2c4273d6-967c-4da3-bb9e-0823822e9aa7/resource/9bd87d4d-bfd9-4882-9dfb-601ae2bc32b8/download,提供性侵害案件一站式服務醫療院所聯絡資訊,機構類型、機構名稱、地址、行政區代碼、電話,智慧通勤:0; 韌性防災:0; 永續環境:0; 食安健康:1; 勞動福祉:1; 文化共融:0
taipei,af60ee5b-4c97-437a-9db8-ec9bd6caf4ae,00034025,臺北市性別友善廁所點位資訊,食安健康,True,True,True,point,醫療資源與食安風險分布,False,4,社福,公共資訊,網路服務,社會局,,社會局,不定期更新,CSV,中文,2025-06-16T00:00:00,/api/dataset/af60ee5b-4c97-437a-9db8-ec9bd6caf4ae/resource/be9d493f-3deb-4c0f-a2d5-855938ed2e9d/download,提供臺北市性別友善廁所地圖點位資訊,編號、類型、廁所名稱、廁所地址、緯度、經度、管理單位、坐式便器設置數量、蹲式便器設置數量、小便器設置數量、洗手台設置數量、無障礙坐式便器設置數量、無障礙小便器設置數量、無障礙洗手台設置數量、兒童馬桶、兒童小便器、兒童洗面盆、兒童安全座椅、尿布臺、求救警鈴、更衣平台、照護床、備註,智慧通勤:0; 韌性防災:0; 永續環境:0; 食安健康:1; 勞動福祉:1; 文化共融:0
taipei,5977ef4c-45b4-4dfb-813a-3f04ee16e6f3,00003062,臺北市放射腫瘤科醫療機構,食安健康,True,True,False,point,醫療資源與食安風險分布,True,4,醫療,就醫,原始資料,衛生局,,衛生局,每1年,CSV,中文,2020-11-25T00:00:00,/api/dataset/5977ef4c-45b4-4dfb-813a-3f04ee16e6f3/resource/a78f1f68-c64d-404b-8142-d23be71970c4/download,有關臺北市放射腫瘤科醫療機構資料。,序號、機構名稱、郵遞區號、地址、電話,智慧通勤:0; 韌性防災:0; 永續環境:0; 食安健康:1; 勞動福祉:0; 文化共融:0
taipei,5d17a308-c28e-49e4-ab0b-cab34cefd011,00003061,臺北市放射診斷科醫療機構,食安健康,True,True,False,point,醫療資源與食安風險分布,True,4,醫療,就醫,原始資料,衛生局,,衛生局,每1年,CSV,中文,2020-11-25T00:00:00,/api/dataset/5d17a308-c28e-49e4-ab0b-cab34cefd011/resource/b5251765-5794-42b1-8ff8-5e26b02955bf/download,有關臺北市放射診斷科醫療機構資料。,序號、機構名稱、郵遞區號、地址、電話,智慧通勤:0; 韌性防災:0; 永續環境:0; 食安健康:1; 勞動福祉:0; 文化共融:0
taipei,80bbc388-4f91-4d3f-96f9-ab81fa33feca,00003100,臺北市政府衛生局公告食品、藥品、醫療器材及化粧品違規廣告處罰案件統計表,食安健康,True,True,True,area,醫療資源與食安風險分布,False,4,醫療,生活安全及品質,原始資料,衛生局,,衛生局,不定期更新,CSV,中文,2020-11-25T00:00:00,/api/dataset/80bbc388-4f91-4d3f-96f9-ab81fa33feca/resource/58d64ef9-63e8-4589-9417-a526fc985ba1/download,臺北市政府衛生局公告食品、藥品、醫療器材及化粧品違規廣告處罰案件統計表。,行政區域代碼、資料集名稱、檔案連結、檔案格式、更新時間,智慧通勤:0; 韌性防災:0; 永續環境:0; 食安健康:3; 勞動福祉:0; 文化共融:0
taipei,eab0da4e-0a6e-432e-80da-dcddeed0fef3,00003066,臺北市整形外科醫療機構,食安健康,True,True,False,point,醫療資源與食安風險分布,True,4,醫療,就醫,原始資料,衛生局,,衛生局,每1年,CSV,中文,2020-11-25T00:00:00,/api/dataset/eab0da4e-0a6e-432e-80da-dcddeed0fef3/resource/0a376425-b99f-45db-887d-a9877a0c8eb0/download,有關臺北市整形外科醫療機構資料。,序號、機構名稱、郵遞區號、地址、電話,智慧通勤:0; 韌性防災:0; 永續環境:0; 食安健康:1; 勞動福祉:0; 文化共融:0
taipei,b8148860-bbd5-4f37-94bb-1de7829ab45f,00003064,臺北市核子醫學科醫療機構,食安健康,True,True,False,point,醫療資源與食安風險分布,True,4,醫療,就醫,原始資料,衛生局,,衛生局,每1年,CSV,中文,2020-11-25T00:00:00,/api/dataset/b8148860-bbd5-4f37-94bb-1de7829ab45f/resource/22990ed7-67cc-45ad-8f39-75bd304bd8a1/download,有關臺北市核子醫學科醫療機構資料。,序號、機構名稱、郵遞區號、地址、電話,智慧通勤:0; 韌性防災:0; 永續環境:0; 食安健康:1; 勞動福祉:0; 文化共融:0
taipei,cc8f3e47-76e5-457b-9505-5c95b7cc344a,00003055,臺北市泌尿科醫療機構,食安健康,True,True,False,point,醫療資源與食安風險分布,True,4,醫療,就醫,原始資料,衛生局,,衛生局,每1年,CSV,中文,2020-11-25T00:00:00,/api/dataset/cc8f3e47-76e5-457b-9505-5c95b7cc344a/resource/c9d85334-65ad-4a93-bba9-89478a157589/download,有關臺北市泌尿科醫療機構資料。,序號、機構名稱、行政區域代碼、郵遞區號、地址,智慧通勤:0; 韌性防災:0; 永續環境:0; 食安健康:1; 勞動福祉:0; 文化共融:0
taipei,809d4bc4-bc36-4f58-af46-ba48d9b40904,00003071,臺北市牙醫一般科醫療機構,食安健康,True,True,False,point,醫療資源與食安風險分布,True,4,醫療,就醫,原始資料,衛生局,,衛生局,每1年,CSV,中文,2020-11-25T00:00:00,/api/dataset/809d4bc4-bc36-4f58-af46-ba48d9b40904/resource/c3caa3b5-e3e0-47ed-ba16-76baddd2a61a/download,有關臺北市牙醫一般科醫療機構資料。,序號、機構名稱、郵遞區號、地址、電話,智慧通勤:0; 韌性防災:0; 永續環境:0; 食安健康:1; 勞動福祉:0; 文化共融:0
taipei,f5323b91-1447-4e0e-829d-565b75b87d06,00003053,臺北市皮膚科醫療機構,食安健康,True,True,False,point,醫療資源與食安風險分布,True,4,醫療,就醫,原始資料,衛生局,,衛生局,每1年,CSV,中文,2020-11-25T00:00:00,/api/dataset/f5323b91-1447-4e0e-829d-565b75b87d06/resource/95137332-08ee-4fcf-9708-bf185aae1bcc/download,有關臺北市皮膚科醫療機構資料。,序號、機構名稱、郵遞區號、地址、電話,智慧通勤:0; 韌性防災:0; 永續環境:0; 食安健康:1; 勞動福祉:0; 文化共融:0
taipei,ea0184a9-8e4f-4b29-b86a-4ef74d6e1fb1,00003050,臺北市眼科醫療機構,食安健康,True,True,False,point,醫療資源與食安風險分布,True,4,醫療,就醫,原始資料,衛生局,,衛生局,每1年,CSV,中文,2020-11-25T00:00:00,/api/dataset/ea0184a9-8e4f-4b29-b86a-4ef74d6e1fb1/resource/5001a2bf-2fe7-406c-936f-a9a086a44ef9/download,有關臺北市眼科醫療機構資料。,序號、機構名稱、郵遞區號、地址、電話,智慧通勤:0; 韌性防災:0; 永續環境:0; 食安健康:1; 勞動福祉:0; 文化共融:0
taipei,230f6866-5264-44f2-a3b3-3ba7492f13f0,00003052,臺北市神經外科醫療機構,食安健康,True,True,False,point,醫療資源與食安風險分布,True,4,醫療,就醫,原始資料,衛生局,,衛生局,每1年,CSV,中文,2020-11-25T00:00:00,/api/dataset/230f6866-5264-44f2-a3b3-3ba7492f13f0/resource/f0bbfba9-4a31-434c-afb2-41bee590adb0/download,有關臺北市神經外科醫療機構資料。,序號、機構名稱、行政區域代碼、郵遞區號、地址,智慧通勤:0; 韌性防災:0; 永續環境:0; 食安健康:1; 勞動福祉:0; 文化共融:0
taipei,787f2192-b9d0-43f7-97d8-bdda36fef059,00003051,臺北市神經科醫療機構,食安健康,True,True,False,point,醫療資源與食安風險分布,True,4,醫療,就醫,原始資料,衛生局,,衛生局,每1年,CSV,中文,2020-11-25T00:00:00,/api/dataset/787f2192-b9d0-43f7-97d8-bdda36fef059/resource/9dd72a6a-60ef-4050-ada2-f62ef9dc52ff/download,有關臺北市神經科醫療機構資料。,序號、機構名稱、行政區域代碼、郵遞區號、地址,智慧通勤:0; 韌性防災:0; 永續環境:0; 食安健康:1; 勞動福祉:0; 文化共融:0
taipei,ddfef24a-2901-43b1-b821-fd42b8ed0f79,00003097,臺北市美容醫學業務醫療機構113年督考統計,食安健康,True,True,True,point,醫療資源與食安風險分布,False,4,醫療,就醫,原始資料,衛生局,,衛生局,每1年,CSV,中文,2020-11-25T00:00:00,/api/dataset/ddfef24a-2901-43b1-b821-fd42b8ed0f79/resource/c6e9d1a8-61d4-4f64-a965-b4d08e6e7050/download,有關臺北市美容醫學業務醫療機構113年督考統計資料,序號、縣市別、行政區、機構代碼、診所名稱,智慧通勤:0; 韌性防災:0; 永續環境:0; 食安健康:2; 勞動福祉:0; 文化共融:0
taipei,d3e25673-87c3-429b-bc95-6c93f2ba80b2,00003054,臺北市耳鼻喉科醫療機構,食安健康,True,True,False,point,醫療資源與食安風險分布,True,4,醫療,就醫,原始資料,衛生局,,衛生局,每1年,CSV,中文,2020-11-25T00:00:00,/api/dataset/d3e25673-87c3-429b-bc95-6c93f2ba80b2/resource/51b85ad4-5a04-47a0-932f-c2a913e82a8a/download,有關臺北市耳鼻喉科醫療機構欄位。,序號、機構名稱、郵遞區號、地址、電話,智慧通勤:0; 韌性防災:0; 永續環境:0; 食安健康:1; 勞動福祉:0; 文化共融:0
taipei,51c8ba69-3fd2-43cb-952c-600276c4f36a,00003059,臺北市臨床病理科醫療機構,食安健康,True,True,False,point,醫療資源與食安風險分布,True,4,醫療,就醫,原始資料,衛生局,,衛生局,每1年,CSV,中文,2020-11-25T00:00:00,/api/dataset/51c8ba69-3fd2-43cb-952c-600276c4f36a/resource/c3b0f8b7-c67a-413b-b896-7f5bf0009333/download,有關臺北市臨床病理科醫療機構資料。,序號、機構名稱、行政區域代碼、郵遞區號、地址,智慧通勤:0; 韌性防災:0; 永續環境:0; 食安健康:1; 勞動福祉:0; 文化共融:0
taipei,dfd0f10f-0f4d-4c92-96bc-997e7596297d,00003073,臺北市西醫一般科醫療機構,食安健康,True,True,False,point,醫療資源與食安風險分布,True,4,醫療,就醫,原始資料,衛生局,,衛生局,每1年,CSV,中文,2020-11-25T00:00:00,/api/dataset/dfd0f10f-0f4d-4c92-96bc-997e7596297d/resource/50f3261b-da8e-4300-abcb-09a6b7aa2230/download,有關臺北市西醫一般科醫療機構資料。,序號、機構名稱、郵遞區號、地址、電話,智慧通勤:0; 韌性防災:0; 永續環境:0; 食安健康:1; 勞動福祉:0; 文化共融:0
taipei,0baf4f39-4c13-41c4-8659-8c9707ce0b37,00003060,臺北市解剖病理科醫療機構,食安健康,True,True,False,point,醫療資源與食安風險分布,True,4,醫療,就醫,原始資料,衛生局,,衛生局,每1年,CSV,中文,2020-11-25T00:00:00,/api/dataset/0baf4f39-4c13-41c4-8659-8c9707ce0b37/resource/3b32e4ef-cc31-4367-8e82-f3a6f4ee2b7f/download,有關臺北市解剖病理科醫療機構資料,序號、機構名稱、郵遞區號、地址、電話,智慧通勤:0; 韌性防災:0; 永續環境:0; 食安健康:1; 勞動福祉:0; 文化共融:0
taipei,9431f450-57d6-4c23-aca6-0ff50de49f0d,00003104,臺北市食品業者登錄數,食安健康,True,True,False,area,醫療資源與食安風險分布,True,4,統計,生活安全及品質,原始資料,衛生局,,衛生局,不定期更新,CSV,中文,2020-11-25T00:00:00,/api/dataset/9431f450-57d6-4c23-aca6-0ff50de49f0d/resource/2227c204-5f9f-4b20-8c6d-c6048eab6475/download,食品業者登錄數。,項次、行政區、資料集名稱、食品業者登錄數、內容,智慧通勤:0; 韌性防災:0; 永續環境:0; 食安健康:1; 勞動福祉:0; 文化共融:0
taipei,95d6ef3f-964b-4179-a2e3-d1ef2489da8e,00003058,臺北市骨科醫療機構,食安健康,True,True,False,point,醫療資源與食安風險分布,True,4,醫療,就醫,原始資料,衛生局,,衛生局,每1年,CSV,中文,2020-11-25T00:00:00,/api/dataset/95d6ef3f-964b-4179-a2e3-d1ef2489da8e/resource/dd521046-49e8-4919-9575-7a533861ab20/download,有關臺北市骨科醫療機構資料。,序號、機構名稱、行政區域代碼、郵遞區號、地址,智慧通勤:0; 韌性防災:0; 永續環境:0; 食安健康:1; 勞動福祉:0; 文化共融:0
taipei,a016428f-0da6-4ece-b7e3-c9d207479ba6,00003063,臺北市麻醉科醫療機構,食安健康,True,True,False,point,醫療資源與食安風險分布,True,4,醫療,就醫,原始資料,衛生局,,衛生局,每1年,CSV,中文,2020-11-25T00:00:00,/api/dataset/a016428f-0da6-4ece-b7e3-c9d207479ba6/resource/195585ef-7dd6-4689-b447-1b9494ffe622/download,有關臺北市麻醉科醫療機構資料。,序號、機構名稱、郵遞區號、地址、電話,智慧通勤:0; 韌性防災:0; 永續環境:0; 食安健康:1; 勞動福祉:0; 文化共融:0
taipei,9cf74511-9ad5-4bf3-9aa3-25cc7c38d55c,00003072,臺北市齒顎矯正科醫療機構,食安健康,True,True,False,point,醫療資源與食安風險分布,True,4,醫療,就醫,原始資料,衛生局,,衛生局,每1年,CSV,中文,2020-11-25T00:00:00,/api/dataset/9cf74511-9ad5-4bf3-9aa3-25cc7c38d55c/resource/e40f00ad-189f-4b29-bd1c-e9595937a071/download,有關臺北市齒顎矯正科醫療機構資料。,序號、機構名稱、郵遞區號、地址、電話,智慧通勤:0; 韌性防災:0; 永續環境:0; 食安健康:1; 勞動福祉:0; 文化共融:0
newtaipei,CDECC9D7-37F1-4150-87B2-903890D933D8,,新北市偏遠地區巡迴醫療服務承作醫療院所之巡迴地點及時段一覽表,食安健康,True,True,False,area,醫療資源與食安風險分布,False,3,醫療,就醫,,,,新北市政府衛生局/醫事管理科/醫療品質股,每年,JSON、CSV、XML、KML,中文,,https://data.ntpc.gov.tw/datasets/cdecc9d7-37f1-4150-87b2-903890d933d8,新北市偏遠地區巡迴醫療服務承作醫療院所之巡迴地點及時段彙整表,,智慧通勤:0; 韌性防災:0; 永續環境:0; 食安健康:1; 勞動福祉:0; 文化共融:0
newtaipei,61B29F27-219A-4394-9722-AF97A5707598,,新北市公共場所AED設置資訊,食安健康,True,True,False,point,醫療資源與食安風險分布,False,3,醫療,生活安全及品質,,,,新北市政府衛生局/醫事管理科/緊急救護股,不更新,JSON、CSV、XML、KML,中文,,https://data.ntpc.gov.tw/datasets/61b29f27-219a-4394-9722-af97a5707598,新北市公共場所AED設置資訊名稱地址分類放置地點開放使用時間連絡電話描述,,智慧通勤:0; 韌性防災:0; 永續環境:0; 食安健康:1; 勞動福祉:0; 文化共融:0
newtaipei,2C3904E0-65A5-4DD7-B6EA-406ED4FF8725,,新北市愛滋病指定醫事機構,食安健康,True,True,False,point,醫療資源與食安風險分布,False,3,醫療,就醫,,,,新北市政府衛生局/疾病管制科/愛滋及營業衛生股,不更新,JSON、CSV、XML、KML,中文,,https://data.ntpc.gov.tw/datasets/2c3904e0-65a5-4dd7-b6ea-406ed4ff8725,新北市愛滋病指定醫事機構清單(含地址及電話等資訊),,智慧通勤:0; 韌性防災:0; 永續環境:0; 食安健康:1; 勞動福祉:0; 文化共融:0
newtaipei,6311E0C1-CD37-487F-95B9-83616DCCAA02,,新北市戶外無菸休憩空間,食安健康,True,True,False,area,醫療資源與食安風險分布,False,3,醫療,休閒旅遊,,,,新北市政府衛生局/健康管理科/健康促進股,每年,JSON、CSV、XML,中文,,https://data.ntpc.gov.tw/datasets/6311e0c1-cd37-487f-95b9-83616dccaa02,此為本市依菸害防制法指定公告禁止吸菸之場所，癮君子若在上述禁菸區域內吸菸被查獲，將被處罰鍰2千元至1萬元。,,智慧通勤:0; 韌性防災:0; 永續環境:0; 食安健康:1; 勞動福祉:0; 文化共融:1
newtaipei,E9FDDE11-B460-4430-B0EE-98EBA7D6B7D3,,新北市精神復健機構清冊,食安健康,True,True,False,point,醫療資源與食安風險分布,False,3,醫療,就醫,,,,新北市政府衛生局/心理衛生科/特殊處遇股,每年,JSON、CSV、XML、KML,中文,,https://data.ntpc.gov.tw/datasets/e9fdde11-b460-4430-b0ee-98eba7d6b7d3,新北市政府衛生局提供的精神復健機構資訊主要提供欄位包含醫事機構代碼、機構名稱、醫事機構種類、服務類型、行政區、場所地址、聯絡電話、服務量、負責人,,智慧通勤:0; 韌性防災:0; 永續環境:0; 食安健康:2; 勞動福祉:0; 文化共融:0
newtaipei,DEB81BCD-DDA9-46C1-8839-DF13860F63AF,,新北市精神護理之家清冊,食安健康,True,True,False,point,醫療資源與食安風險分布,False,3,醫療,就醫,,,,新北市政府衛生局/心理衛生科/特殊處遇股,不更新,JSON、CSV、XML、KML,中文,,https://data.ntpc.gov.tw/datasets/deb81bcd-dda9-46c1-8839-df13860f63af,新北市政府衛生局提供的護理之家資訊主要提供欄位包含醫事機構代碼、機構名稱、場所地址、行政區、聯絡電話、床數、負責人、護理人員,,智慧通勤:0; 韌性防災:0; 永續環境:0; 食安健康:2; 勞動福祉:0; 文化共融:0
newtaipei,F86E3560-7922-4F0F-B5EE-9ECCCF80E2E6,,新北市設立心理諮商所及心理治療所,食安健康,True,True,False,point,醫療資源與食安風險分布,False,3,醫療,就醫,,,,新北市政府衛生局/心理衛生科/心理精神股,每年,JSON、CSV、XML、KML,中文,,https://data.ntpc.gov.tw/datasets/f86e3560-7922-4f0f-b5ee-9ecccf80e2e6,新北市政府衛生局立案的心理諮商所及心理治療所資訊，主要提供欄位包含機構名稱、地址、電話及負責人姓名,,智慧通勤:0; 韌性防災:0; 永續環境:0; 食安健康:3; 勞動福祉:0; 文化共融:0
newtaipei,85BFCAA8-9932-4D06-A2EC-731171191883,,新北市醫院地址清單,食安健康,True,True,False,point,醫療資源與食安風險分布,False,3,醫療,就醫,,,,新北市政府衛生局/醫事管理科/醫政管理股,每年,JSON、CSV、XML、KML,中文,,https://data.ntpc.gov.tw/datasets/85bfcaa8-9932-4d06-a2ec-731171191883,新北市醫院地址清單。,,智慧通勤:0; 韌性防災:0; 永續環境:0; 食安健康:2; 勞動福祉:0; 文化共融:0
taipei,9463928a-709b-417f-ad7d-64a7ca35247d,00003817,「臺北市學齡前兒童整合性社區篩檢服務」合約醫療院所,食安健康,True,True,False,point,醫療資源與食安風險分布,False,3,醫療,生育保健,原始資料,衛生局,,衛生局,每2年,CSV,中文,2021-02-26T00:00:00,/api/dataset/9463928a-709b-417f-ad7d-64a7ca35247d/resource/333048f6-b5c7-4688-9e3c-703f42e14a84/download,「臺北市學齡前兒童整合性社區篩檢服務」合約醫療院所.,序號、醫院名稱、連絡電話、郵遞區號、地址,智慧通勤:0; 韌性防災:0; 永續環境:0; 食安健康:2; 勞動福祉:0; 文化共融:0
taipei,0e28b90e-3372-4d18-b95e-7dfb4c870a69,00003105,各縣市指定藥癮戒治機構及替代治療機構及非鴉片類藥癮治療補助機構,食安健康,True,True,False,point,醫療資源與食安風險分布,False,3,醫療,就醫,原始資料,衛生局,聯合醫院,衛生局聯合醫院,不定期更新,CSV,中文,2020-11-25T00:00:00,/api/dataset/0e28b90e-3372-4d18-b95e-7dfb4c870a69/resource/ef08f222-ec13-47aa-baaa-6de0d7adf98e/download,有關各縣市指定藥癮戒治機構及替代治療機構及非鴉片類藥癮治療補助機構資料。,序號、縣市別、機構數、各縣市序號、機構名稱、電話、地址、戒治機構模式、戒治服務內容,智慧通勤:0; 韌性防災:0; 永續環境:0; 食安健康:1; 勞動福祉:1; 文化共融:0
taipei,2e4dcb8a-af96-4170-a5dc-32b5dc7e9247,00003124,美沙冬跨區給藥服務機構清單（11406）,食安健康,True,True,False,point,醫療資源與食安風險分布,False,3,醫療,就醫,原始資料,衛生局,聯合醫院,衛生局聯合醫院,不定期更新,CSV,中文,2020-10-30T00:00:00,/api/dataset/2e4dcb8a-af96-4170-a5dc-32b5dc7e9247/resource/dc82ccb5-1138-4c91-b948-56f53ab3d243/download,心理及口腔健康司公告之美沙冬跨區給藥服務機構清單。,序號、機構名稱、機構地址、聯絡電話、分機、平日給藥時間、假日給藥時間、其他給藥時間、轉入掛號費、跨區給藥服務費、轉出掛號費、跨區給藥評估費、注意事項,智慧通勤:0; 韌性防災:0; 永續環境:0; 食安健康:3; 勞動福祉:0; 文化共融:0
taipei,f999b187-bf9c-4df1-8877-4038762d29c5,00003109,臺北市75歲以上長者肺炎鏈球菌疫苗特約醫療院所名單,食安健康,True,True,False,point,醫療資源與食安風險分布,False,3,醫療,公共資訊,原始資料,衛生局,,衛生局,不定期更新,CSV,中文,2020-11-25T00:00:00,/api/dataset/f999b187-bf9c-4df1-8877-4038762d29c5/resource/552f7233-fabd-4e9a-add6-32103efbb493/download,有關臺北市75歲以上長者肺炎鏈球菌疫苗特約醫療院所名單資料。,序號、行政區域代碼、院所名稱、地址、電話,智慧通勤:0; 韌性防災:0; 永續環境:0; 食安健康:2; 勞動福祉:0; 文化共融:0
taipei,cd050577-115f-4299-b37a-012ff490a632,00001120,臺北市AED自動體外心臟去顫器設置地點,食安健康,True,True,False,point,醫療資源與食安風險分布,False,3,醫療,公共資訊,原始資料,衛生局,,衛生局,每1月,CSV,中文,2020-05-04T00:00:00,/api/dataset/cd050577-115f-4299-b37a-012ff490a632/resource/438c61ad-24f6-4e54-a1cc-e2cfe0e7051e/download,北市AED自動體外心臟去顫器放置地點,縣市別代碼、場所名稱、場所地址、行政區域代碼、緯度、經度、場所分類、場所類型、AED放置地點、AED地點描述,智慧通勤:0; 韌性防災:0; 永續環境:0; 食安健康:1; 勞動福祉:0; 文化共融:0
taipei,bb665f7f-085c-40f9-9b9a-844e46da9c65,00003102,臺北市HACCP稽查,食安健康,True,True,False,point,醫療資源與食安風險分布,False,3,統計,生活安全及品質,原始資料,衛生局,,衛生局,不定期更新,CSV,中文,2020-11-25T00:00:00,/api/dataset/bb665f7f-085c-40f9-9b9a-844e46da9c65/resource/43839156-d54e-48e5-a957-ada2f228f655/download,臺北市HACCP稽查。,項次、行政區域代碼、業者名稱、地址、類別,智慧通勤:0; 韌性防災:0; 永續環境:0; 食安健康:1; 勞動福祉:0; 文化共融:0
taipei,298c0e79-89d8-44ab-9228-d11bfe74ed0f,00003098,臺北市X光檢查醫療機構,食安健康,True,True,False,point,醫療資源與食安風險分布,False,3,醫療,就醫,原始資料,衛生局,,衛生局,每1年,CSV,中文,2020-11-25T00:00:00,/api/dataset/298c0e79-89d8-44ab-9228-d11bfe74ed0f/resource/f24deaf3-e84d-46be-bcd4-bcb5d39be0cd/download,有關臺北市X光檢查醫療機構資料。,序號、機構名稱、郵遞區號、地址、電話,智慧通勤:0; 韌性防災:0; 永續環境:0; 食安健康:1; 勞動福祉:0; 文化共融:0
taipei,988f76c5-2fdc-490a-9104-70071049bb31,00002767,臺北市「居家失能個案家庭醫師照護服務」特約單位清冊,食安健康,True,True,False,point,醫療資源與食安風險分布,False,3,醫療,老年安養,原始資料,衛生局,,衛生局,不定期更新,CSV,中文,2020-11-05T00:00:00,/api/dataset/988f76c5-2fdc-490a-9104-70071049bb31/resource/cae32bfa-55cc-4768-b856-6b742350f3ed/download,「居家失能個案家庭醫師照護服務」特約單位清冊。,序號、機構名稱、服務區域、郵遞區號、機構地址、聯絡電話、手機,智慧通勤:0; 韌性防災:0; 永續環境:0; 食安健康:2; 勞動福祉:0; 文化共融:0
taipei,ae20d75c-dffb-4d4f-85e1-9c512189005c,00001780,臺北市五癌篩檢醫療院所,食安健康,True,True,False,point,醫療資源與食安風險分布,False,3,醫療,就醫,原始資料,衛生局,,衛生局,不定期更新,CSV,中文,2016-08-11T00:00:00,/api/dataset/ae20d75c-dffb-4d4f-85e1-9c512189005c/resource/c01f280f-7f99-496c-a047-abb47c8e2719/download,臺北市五癌篩檢醫療院所。,行政區、醫事機構代碼、院所名稱、地址、聯絡電話、子宮頸癌篩檢門診、口腔癌篩檢門診、大腸癌篩檢、乳癌篩檢、肺癌篩檢、貼心小提醒,智慧通勤:0; 韌性防災:0; 永續環境:0; 食安健康:1; 勞動福祉:0; 文化共融:0
taipei,d4c6d4e0-c2b4-48e3-99b4-f670d820326b,00000092,臺北市健康服務中心,食安健康,True,True,False,point,醫療資源與食安風險分布,False,3,醫療,公共資訊,原始資料,衛生局,,衛生局,每1年,CSV,中文,2012-01-03T00:00:00,/api/dataset/d4c6d4e0-c2b4-48e3-99b4-f670d820326b/resource/1e57f3cb-7063-4db7-a263-106ab9bdf6d1/download,各區健康服務中心。,健康服務中心名稱、行政區、地址、電話、網址,智慧通勤:0; 韌性防災:0; 永續環境:0; 食安健康:2; 勞動福祉:0; 文化共融:0
taipei,b6cf87fd-2314-4570-a225-6547d09361a4,00002686,臺北市健康醫院名單,食安健康,True,True,False,point,醫療資源與食安風險分布,False,3,醫療,就醫,原始資料,衛生局,,衛生局,每1年,CSV,中文,2020-11-02T00:00:00,/api/dataset/b6cf87fd-2314-4570-a225-6547d09361a4/resource/eb3c4e25-035b-408c-aa60-0c77e85e05dd/download,臺北市健康醫院名單。,序號、醫事機構代碼、醫事機構名稱、醫事機構地址、醫事機構電話,智慧通勤:0; 韌性防災:0; 永續環境:0; 食安健康:3; 勞動福祉:0; 文化共融:0
taipei,da0799f7-d5af-4d84-826d-e73510cc2750,00002642,臺北市健檢醫療機構,食安健康,True,True,False,point,醫療資源與食安風險分布,False,3,醫療,就醫,原始資料,衛生局,,衛生局,每1年,CSV,中文,2020-11-02T00:00:00,/api/dataset/da0799f7-d5af-4d84-826d-e73510cc2750/resource/cb3fdf1f-191b-48eb-948c-33e805c7e7b5/download,臺北市健檢醫療機構。,序號、機構名稱、行政區、地址、電話,智慧通勤:0; 韌性防災:0; 永續環境:0; 食安健康:1; 勞動福祉:0; 文化共融:0
taipei,a4271091-a39c-4889-97d6-424f8d2bcd73,00003068,臺北市兒童牙科醫療機構,食安健康,True,True,False,point,醫療資源與食安風險分布,False,3,醫療,就醫,原始資料,衛生局,,衛生局,每1年,CSV,中文,2020-11-25T00:00:00,/api/dataset/a4271091-a39c-4889-97d6-424f8d2bcd73/resource/cf999734-6e14-4c61-94cb-006dc8cb1239/download,有關臺北市兒童牙科醫療機構資料。,序號、機構名稱、郵遞區號、地址、電話,智慧通勤:0; 韌性防災:0; 永續環境:0; 食安健康:1; 勞動福祉:0; 文化共融:0
taipei,78a0c167-efe7-4695-9e02-4777248fac1f,00003454,臺北市兒童與少年服務_臺北市政府早期療育聯合評估中心暨評估鑑定醫院,食安健康,True,True,False,point,醫療資源與食安風險分布,False,3,社福,生育保健,網路服務,社會局,,社會局,每1年,CSV,中文,2020-12-24T00:00:00,/api/dataset/78a0c167-efe7-4695-9e02-4777248fac1f/resource/29d226e5-35e0-46bf-8a7b-3e929941a459/download,提供臺北市政府早期療育聯合評估中心暨評估鑑定醫院聯絡資訊,序號、機構類型、機構名稱、地址、電話,智慧通勤:0; 韌性防災:0; 永續環境:0; 食安健康:1; 勞動福祉:1; 文化共融:0
taipei,3cc250f5-9f5a-4670-ac7b-f13ecd316032,00002770,臺北市兒童醫療補助特約院所名冊,食安健康,True,True,False,point,醫療資源與食安風險分布,False,3,醫療,就醫,原始資料,衛生局,,衛生局,不定期更新,CSV,中文,2020-11-05T00:00:00,/api/dataset/3cc250f5-9f5a-4670-ac7b-f13ecd316032/resource/4a9704a0-fbad-4008-8048-a9bfbe1ee6a6/download,臺北市兒童醫療補助特約院所清冊,院所代碼、診所名稱、行政區、地址、電話,智慧通勤:0; 韌性防災:0; 永續環境:0; 食安健康:2; 勞動福祉:1; 文化共融:0
taipei,ae64d555-ec67-4dae-b33d-f6f00578ff3e,00001530,臺北市兒童預防保健服務醫療院所,食安健康,True,True,False,point,醫療資源與食安風險分布,False,3,醫療,就醫,原始資料,衛生局,,衛生局,每1年,CSV,中文,2018-06-28T00:00:00,/api/dataset/ae64d555-ec67-4dae-b33d-f6f00578ff3e/resource/c96b7760-e934-4b17-bcee-fda992952569/download,兒童預防保健服務醫療院所,項次、醫事機構代碼、醫事機構、電話、地址,智慧通勤:0; 韌性防災:0; 永續環境:0; 食安健康:1; 勞動福祉:0; 文化共融:0
taipei,5b10216e-df30-47f6-94ec-8140d0403782,00001102,臺北市公告禁菸場所,食安健康,True,True,False,point,醫療資源與食安風險分布,False,3,醫療,生活安全及品質,原始資料,衛生局,,衛生局,不定期更新,"CSV,CSV,CSV",中文,2016-07-05T00:00:00,"/api/dataset/5b10216e-df30-47f6-94ec-8140d0403782/resource/6102ef15-b9e1-4d58-b64b-2c821c38e347/download,/api/dataset/5b10216e-df30-47f6-94ec-8140d0403782/resource/74934e2e-a79d-484f-bf21-23ca0446edb5/download,/api/dataset/5b10216e-df30-47f6-94ec-8140d0403782/resource/ccaeb9ba-fb75-45a6-8a1f-269527db8015/download",臺北市公告戶外禁菸場所、無菸公園綠地一覽表。,項次、縣市別代碼、行政區、公園名稱、位置、序號、行政區別、場所名稱、公告禁菸日期、縣市別、縣市別代碼、行政區、地點、地址、X、Y,智慧通勤:0; 韌性防災:0; 永續環境:0; 食安健康:1; 勞動福祉:0; 文化共融:0
taipei,ffdd5753-30db-4c38-b65f-b77892773d60,00000151,臺北市公私立醫療院所,食安健康,True,True,False,point,醫療資源與食安風險分布,False,3,醫療,公共資訊,原始資料,衛生局,,衛生局,每1年,"CSV,CSV",中文,2012-01-03T00:00:00,"/api/dataset/ffdd5753-30db-4c38-b65f-b77892773d60/resource/04a3d195-ee97-467a-b066-e471ff99d15d/download,/api/dataset/ffdd5753-30db-4c38-b65f-b77892773d60/resource/3a02af7d-8c33-46c1-8226-c12a11610f6b/download",全區醫院、診所,縣市別代碼、分類、機構名稱、行政區、地址、經度、緯度、行政區域代碼、機構名稱、地址、經度、緯度,智慧通勤:0; 韌性防災:0; 永續環境:0; 食安健康:3; 勞動福祉:0; 文化共融:0
taipei,b02cd6b2-79be-4d7f-ae78-305b2af668f5,00003127,臺北市公私立醫院,食安健康,True,True,False,point,醫療資源與食安風險分布,False,3,醫療,就醫,原始資料,衛生局,,衛生局,不定期更新,CSV,中文,2020-11-26T00:00:00,/api/dataset/b02cd6b2-79be-4d7f-ae78-305b2af668f5/resource/eab7fdff-574d-427b-9324-c00833d695c8/download,有關臺北市公私立醫院資料。,機構名稱、地址、電話、經度、緯度,智慧通勤:0; 韌性防災:0; 永續環境:0; 食安健康:2; 勞動福祉:0; 文化共融:0
taipei,b9ee27eb-17a7-43c7-84af-4ede52d40eaa,00003126,臺北市公私立醫院呼吸照護資源,食安健康,True,True,False,point,醫療資源與食安風險分布,False,3,醫療,就醫,原始資料,衛生局,,衛生局,不定期更新,CSV,中文,2020-11-26T00:00:00,/api/dataset/b9ee27eb-17a7-43c7-84af-4ede52d40eaa/resource/e1723030-66f8-469d-8cfa-6b11027fc7b5/download,有關臺北市公私立醫院呼吸照護資源資料。,序號、行政區域代碼、機構名稱、地址、電話,智慧通勤:0; 韌性防災:0; 永續環境:0; 食安健康:3; 勞動福祉:0; 文化共融:0
taipei,051c349f-ed40-436f-8f9a-37b7f90af71b,00003128,臺北市公私立醫院血液透析資源,食安健康,True,True,False,point,醫療資源與食安風險分布,False,3,醫療,就醫,原始資料,衛生局,,衛生局,不定期更新,CSV,中文,2020-11-26T00:00:00,/api/dataset/051c349f-ed40-436f-8f9a-37b7f90af71b/resource/51d9ee74-e8d9-4dba-9437-b52e39878b59/download,有關臺北市公私立醫院血液透析資源資料。,項次、機構名稱、行政區域代碼、地址、電話,智慧通勤:0; 韌性防災:0; 永續環境:0; 食安健康:2; 勞動福祉:0; 文化共融:0
taipei,2ffa97d9-1e21-47e1-a58e-0bbea02f2e5c,00003131,臺北市公私立醫院診療科別,食安健康,True,True,False,point,醫療資源與食安風險分布,False,3,醫療,就醫,原始資料,衛生局,,衛生局,不定期更新,CSV,中文,2020-11-26T00:00:00,/api/dataset/2ffa97d9-1e21-47e1-a58e-0bbea02f2e5c/resource/417d8412-376a-4184-bba8-b4916269793c/download,臺北市公私立醫院診療科別。,機構名稱、地址、電話、家庭醫學科門診、內科門診、外科門診、整形外科門診、兒科門診、婦產科門診、骨科門診、泌尿科門診、耳鼻喉科、眼科、皮膚科、精神科、神經科、神經外科、復健科、麻醉科、放射診斷科、放射腫瘤科、解剖病理科、臨床病理科、核子醫學科、急診醫學科、職業醫學科、西醫一般科、牙髓病科、牙周病科、齒顎矯正科、兒童牙科、口腔顎面外科、口腔病理科、復補綴牙科、家庭牙醫科、牙體復形科、特殊需求者口腔醫學科、牙醫一般科、中醫一般科,智慧通勤:0; 韌性防災:0; 永續環境:0; 食安健康:2; 勞動福祉:0; 文化共融:0
taipei,96f143fe-4c95-4d88-9985-77f28e2d2c3d,00001118,臺北市公費HPV疫苗特約醫療院所,食安健康,True,True,False,point,醫療資源與食安風險分布,False,3,醫療,就醫,原始資料,衛生局,,衛生局,不定期更新,CSV,中文,2016-08-11T00:00:00,/api/dataset/96f143fe-4c95-4d88-9985-77f28e2d2c3d/resource/572beac8-1b11-4311-869c-a2835fed4249/download,臺北市提供公費HPV疫苗接種服務之醫療院所。,項次、行政區、醫療院所名稱、地址、聯絡電話,智慧通勤:0; 韌性防災:0; 永續環境:0; 食安健康:2; 勞動福祉:0; 文化共融:0
taipei,4888b142-2ee9-4ab3-896d-9bc1175b99c1,00002321,臺北市公費人類乳突病毒疫苗接種特約醫療院所名單,食安健康,True,True,False,point,醫療資源與食安風險分布,False,3,醫療,就醫,原始資料,衛生局,,衛生局,不定期更新,CSV,中文,2020-10-14T00:00:00,/api/dataset/4888b142-2ee9-4ab3-896d-9bc1175b99c1/resource/d56a1823-32cf-46c5-abd3-61773c692778/download,臺北市公費人類乳突病毒疫苗接種特約醫療院所名單。,項次、行政區、醫療院所名稱、地址、聯絡電話,智慧通勤:0; 韌性防災:0; 永續環境:0; 食安健康:2; 勞動福祉:0; 文化共融:0
taipei,c9ad5931-42e5-4698-96b8-1353cf4f5416,00000139,臺北市公費流感抗病毒藥劑合約院所,食安健康,True,True,False,point,醫療資源與食安風險分布,False,3,醫療,就醫,原始資料,衛生局,,衛生局,不定期更新,CSV,中文,2013-06-07T00:00:00,/api/dataset/c9ad5931-42e5-4698-96b8-1353cf4f5416/resource/7002517c-e199-4ae4-a655-fc0b42e6eea3/download,臺北市公費流感抗病毒藥劑合約院所。,"十碼章、醫院名稱、縣市別、行政區、地址、連絡電話
",智慧通勤:0; 韌性防災:0; 永續環境:0; 食安健康:2; 勞動福祉:0; 文化共融:0
taipei,92934ab2-3509-4a6b-9cee-9ac556ca2f65,00003107,臺北市公費肺炎鏈球菌疫苗合約醫療院所名單,食安健康,True,True,False,point,醫療資源與食安風險分布,False,3,醫療,公共資訊,原始資料,衛生局,,衛生局,不定期更新,CSV,中文,2020-11-25T00:00:00,/api/dataset/92934ab2-3509-4a6b-9cee-9ac556ca2f65/resource/29384bd5-e15e-4420-bb8e-c79e2ae46e68/download,有關臺北市公費肺炎鏈球菌疫苗合約醫療院所名單資料。,序號、行政區域代碼、院所名稱、地址、電話,智慧通勤:0; 韌性防災:0; 永續環境:0; 食安健康:2; 勞動福祉:0; 文化共融:0
taipei,05efb8d6-fa6b-494a-af3a-d26a31ccfe88,00001535,臺北市出院準備銜接長照2.0合作醫院,食安健康,True,True,False,point,醫療資源與食安風險分布,False,3,醫療,就醫,網路服務,衛生局,,衛生局,不定期更新,CSV,中文,2020-05-04T00:00:00,/api/dataset/05efb8d6-fa6b-494a-af3a-d26a31ccfe88/resource/25d1fe89-a4c9-47d1-bbb5-ad5b26fd4771/download,臺北市出院準備銜接長照2.0合作醫院。,行政區、單位名稱、主要連絡人、連絡人電話、分機、手機、據點位置,智慧通勤:0; 韌性防災:0; 永續環境:0; 食安健康:3; 勞動福祉:0; 文化共融:0
taipei,c196624d-427b-47aa-abcd-43e500d05d76,00003069,臺北市口腔顎面外科醫療機構,食安健康,True,True,False,point,醫療資源與食安風險分布,False,3,醫療,就醫,原始資料,衛生局,,衛生局,每1年,CSV,中文,2020-11-25T00:00:00,/api/dataset/c196624d-427b-47aa-abcd-43e500d05d76/resource/621c0906-0dad-4a26-a7ff-44f728031b63/download,有關臺北市口腔顎面外科醫療機構資料。,序號、機構名稱、郵遞區號、地址、電話,智慧通勤:0; 韌性防災:0; 永續環境:0; 食安健康:1; 勞動福祉:0; 文化共融:0
taipei,428a78d5-867a-4e55-9630-040a89c8cd94,00029986,臺北市可執行通訊心理諮商之心理機構,食安健康,True,True,False,point,醫療資源與食安風險分布,False,3,醫療,公共資訊,原始資料,衛生局,,衛生局,不定期更新,CSV,中文,2023-02-02T00:00:00,/api/dataset/428a78d5-867a-4e55-9630-040a89c8cd94/resource/1ad65a1e-3e4b-4749-8d02-9a9bdc120e95/download,臺北市可執行通訊心理諮商業務之心理治療所、諮商所及基金會。,序號、機構類型、行政區、機構名稱、地址、電話、分機、手機,智慧通勤:0; 韌性防災:0; 永續環境:0; 食安健康:2; 勞動福祉:0; 文化共融:0
taipei,ec201f0a-2efa-4426-9439-a8daea7b33c7,00000293,臺北市各項預防接種合約醫療院所,食安健康,True,True,False,point,醫療資源與食安風險分布,False,3,醫療,就醫,原始資料,衛生局,,衛生局,不定期更新,CSV,中文,2013-06-10T00:00:00,/api/dataset/ec201f0a-2efa-4426-9439-a8daea7b33c7/resource/47b02c29-efa2-4614-ac7e-1b0b9499e6ea/download,臺北市各項預防接種合約醫療院所。,序號、行政區、院所名稱、卡介苗門診、幼兒常規、幼兒流感3歲以下、幼兒流感3歲以上、成人流感、COVID-19、肺炎鏈球菌、輪狀病毒、M痘門診、腸病毒門診、地址、電話、語音預約,智慧通勤:0; 韌性防災:0; 永續環境:0; 食安健康:1; 勞動福祉:0; 文化共融:0
taipei,5d1d34d8-1b81-4162-87b6-05e0896af958,00000013,臺北市哺集乳室,食安健康,True,True,False,point,醫療資源與食安風險分布,False,3,醫療,公共資訊,原始資料,衛生局,,衛生局,不定期更新,"CSV,CSV",中文,2012-09-25T00:00:00,"/api/dataset/5d1d34d8-1b81-4162-87b6-05e0896af958/resource/cd275e1c-f765-49a3-ac6b-9cbbef7447df/download,/api/dataset/5d1d34d8-1b81-4162-87b6-05e0896af958/resource/4350117f-8697-4903-8a49-a7a59f30eeb1/download",(1)臺北市依法應設置哺集乳室之公共場所：依據公共場所母乳哺育條例規範所設置之哺集乳室(2)友善臺北哺集乳室：收錄526筆本市對外開放民眾使用之哺集乳室資訊 ,機關名稱、開放時間、地址、電話、分機、手機、行政區、機構名稱、地址、電話、分機、手機、開放時間、位置指引、基本設備、友善設備或服務、優良哺集乳室認證效期、輪椅使用、貼心小提醒,智慧通勤:0; 韌性防災:0; 永續環境:0; 食安健康:1; 勞動福祉:0; 文化共融:0
taipei,9d885d53-8a7d-419c-b17e-600d691917cc,00003129,臺北市外國人健檢指定醫院名單,食安健康,True,True,False,point,醫療資源與食安風險分布,False,3,醫療,公共資訊,原始資料,衛生局,,衛生局,不定期更新,CSV,中文,2020-11-26T00:00:00,/api/dataset/9d885d53-8a7d-419c-b17e-600d691917cc/resource/ebe3e30a-9844-47b6-941b-b430b5449d4c/download,外國人健檢指定醫院名單。,"編號、醫院名稱、縣市別代碼、指定效期、地址
",智慧通勤:0; 韌性防災:0; 永續環境:0; 食安健康:2; 勞動福祉:0; 文化共融:0
taipei,1417e9ae-4c86-4f74-88a2-d7031712db44,00001534,臺北市失智症篩檢、確診評估及關懷服務計畫合約醫院,食安健康,True,True,False,point,醫療資源與食安風險分布,False,3,醫療,就醫,網路服務,衛生局,,衛生局,不定期更新,CSV,中文,2020-06-30T00:00:00,/api/dataset/1417e9ae-4c86-4f74-88a2-d7031712db44/resource/7da0648c-bfd9-469b-85ad-ca32023266b9/download,失智症篩檢、確診評估及關懷服務計畫合約醫院。,12區健康服務中心、12區健康服務中心聯繫電話、醫院名稱、醫院地址、連絡人、連絡電話、分機,智慧通勤:0; 韌性防災:0; 永續環境:0; 食安健康:3; 勞動福祉:0; 文化共融:0
taipei,e9a28a2d-eb6c-4127-8f7e-1ef6204baf1a,00001250,臺北市好孕胸章索取地點及電話一覽表,食安健康,True,True,False,point,醫療資源與食安風險分布,False,3,醫療,公共資訊,原始資料,衛生局,,衛生局,不定期更新,CSV,中文,2020-05-04T00:00:00,/api/dataset/e9a28a2d-eb6c-4127-8f7e-1ef6204baf1a/resource/fb1ee0c2-e773-4363-8f24-696a28dda702/download,臺北市好孕胸章索取地點及電話一覽表。,區別、機構名稱、領取點、地址、電話,智慧通勤:0; 韌性防災:0; 永續環境:0; 食安健康:1; 勞動福祉:0; 文化共融:0
taipei,fc571e16-1109-41c8-a610-a95f8c658f03,00002641,臺北市孕婦乙型鏈球菌篩檢補助特約院所名單,食安健康,True,True,False,point,醫療資源與食安風險分布,False,3,醫療,生育保健,原始資料,衛生局,,衛生局,不定期更新,CSV,中文,2020-11-02T00:00:00,/api/dataset/fc571e16-1109-41c8-a610-a95f8c658f03/resource/eecc3064-e59e-433f-b8a6-82f51bab730f/download,臺北市孕婦乙型鏈球菌篩檢補助特約院所名單。,序號、醫事服務機構名稱、行政區域代碼、縣市別代碼、醫事機構地址,智慧通勤:0; 韌性防災:0; 永續環境:0; 食安健康:1; 勞動福祉:1; 文化共融:0
taipei,fb607e44-ddbb-4f75-a8c3-c0baa6201eb6,00001524,臺北市學童塗氟及窩溝封填合約醫院,食安健康,True,True,False,point,醫療資源與食安風險分布,False,3,醫療,就醫,原始資料,衛生局,,衛生局,每1年,"CSV,CSV",中文,2018-06-27T00:00:00,"/api/dataset/fb607e44-ddbb-4f75-a8c3-c0baa6201eb6/resource/3092a3a4-73ae-452f-b419-120b4493f0a9/download,/api/dataset/fb607e44-ddbb-4f75-a8c3-c0baa6201eb6/resource/2a798667-41da-4769-8ec2-9864ea96a639/download",學童塗氟及窩溝封填合約醫院。,項次、行政區域代碼、牙科醫療院所、地址、電話,智慧通勤:0; 韌性防災:0; 永續環境:0; 食安健康:2; 勞動福祉:0; 文化共融:0
taipei,5f440741-05cb-4322-aec2-699cc80593bb,00001523,臺北市學童高度近視防治眼科合約院所,食安健康,True,True,False,point,醫療資源與食安風險分布,False,3,醫療,就醫,網路服務,衛生局,,衛生局,不定期更新,CSV,中文,2018-06-27T00:00:00,/api/dataset/5f440741-05cb-4322-aec2-699cc80593bb/resource/96d3374e-2e16-454e-9404-112c29cd3b20/download,臺北市學童高度近視防治眼科合約院所。,"行政區、醫療院所、地址、電話、其他聯絡方式
",智慧通勤:0; 韌性防災:0; 永續環境:0; 食安健康:1; 勞動福祉:0; 文化共融:0
taipei,92291ffd-3af8-4952-88ce-60147e1a9058,00002949,臺北市宗教社會服務概況,食安健康,False,True,True,point,醫療資源與食安風險分布,True,3,統計,公共資訊,原始資料,主計處,,主計處,每1年,CSV,中文,2020-11-19T00:00:00,https://tsis.dbas.gov.taipei/statis/webMain.aspx?sys=220&ymf=8400&kind=21&type=0&funid=a05024801&cycle=4&outmode=12&compmode=0&outkind=3&deflst=2&nzo=1,臺北市宗教社會服務概況時間數列統計資料,統計期、宗教別、醫療機構/醫院[家]、醫療機構/診所[家]、文教機構/大學[家]、文教機構/專科學校[家]、文教機構/職校[家]、文教機構/中學[家]、文教機構/小學[家]、文教機構/幼兒園[家]、文教機構/其他[家]、公益慈善事業/養老院[家]、公益慈善事業/身心障礙教養院[家]、公益慈善事業/青少年輔導院[家]、公益慈善事業/福利基金會[家]、公益慈善事業/社會服務中心[家]、公益慈善事業/其他[家],智慧通勤:0; 韌性防災:0; 永續環境:0; 食安健康:3; 勞動福祉:2; 文化共融:0
taipei,42f7dc80-ed79-4802-9a3e-7acefe33efa5,00003831,臺北市居家用藥安全檢查暨廢棄藥物檢收站名單,食安健康,True,True,False,point,醫療資源與食安風險分布,False,3,醫療,公共資訊,原始資料,衛生局,,衛生局,不定期更新,CSV,中文,2021-03-05T00:00:00,/api/dataset/42f7dc80-ed79-4802-9a3e-7acefe33efa5/resource/0bd3bbca-e89d-4ae9-8153-ca20da741f48/download,有關112年度居家用藥安全檢查暨廢棄藥物檢收站名單資料。,序號、類別、檢收站名稱、地址、電話、分機,智慧通勤:0; 韌性防災:0; 永續環境:0; 食安健康:1; 勞動福祉:0; 文化共融:0
taipei,a846fd02-a054-4206-b584-70dea8ad3a25,00000260,臺北市居家護理所,食安健康,True,True,False,point,醫療資源與食安風險分布,False,3,醫療,就醫,原始資料,衛生局,,衛生局,不定期更新,CSV,中文,2013-06-10T00:00:00,/api/dataset/a846fd02-a054-4206-b584-70dea8ad3a25/resource/0928ca51-3cb3-4603-a850-3045f0ba5c92/download,臺北市居家護理機構。,序號、縣市別代碼、機構名稱、地址、電話,智慧通勤:0; 韌性防災:0; 永續環境:0; 食安健康:1; 勞動福祉:0; 文化共融:0
taipei,2c2b4b96-2829-4de5-8bcc-655bea9a96ff,00001136,臺北市心理所,食安健康,True,True,False,point,醫療資源與食安風險分布,False,3,醫療,公共資訊,原始資料,衛生局,,衛生局,不定期更新,CSV,中文,2020-05-04T00:00:00,/api/dataset/2c2b4b96-2829-4de5-8bcc-655bea9a96ff/resource/9267a378-744e-4a46-ac6c-aacc277402b4/download,臺北市心理治療所及諮商所。,序號、機構類型、行政區、機構名稱、地址、電話,智慧通勤:0; 韌性防災:0; 永續環境:0; 食安健康:2; 勞動福祉:0; 文化共融:0
taipei,b747394c-9e67-4b1d-8d1e-bc64f143d06a,00000207,臺北市急救責任醫院名冊,食安健康,True,True,False,point,醫療資源與食安風險分布,False,3,醫療,就醫,原始資料,衛生局,,衛生局,每1年,CSV,中文,2013-06-10T00:00:00,/api/dataset/b747394c-9e67-4b1d-8d1e-bc64f143d06a/resource/3a4930ba-474f-497b-8916-4e9d342f5035/download,臺北市急救責任醫院資訊,序號、行政區、醫事機構名稱、地址、電話,智慧通勤:0; 韌性防災:0; 永續環境:0; 食安健康:2; 勞動福祉:0; 文化共融:0
taipei,73452edf-a60f-4f47-86d0-d4295e4fa79d,00003065,臺北市急診醫學科醫療機構,食安健康,True,True,False,point,醫療資源與食安風險分布,False,3,醫療,就醫,原始資料,衛生局,,衛生局,每1年,CSV,中文,2020-11-25T00:00:00,/api/dataset/73452edf-a60f-4f47-86d0-d4295e4fa79d/resource/d03e3ca2-75f0-4ce0-b20c-4e5cda7b8e2c/download,有關臺北市急診醫學科醫療機構資料。,序號、機構名稱、郵遞區號、地址、電話,智慧通勤:0; 韌性防災:0; 永續環境:0; 食安健康:1; 勞動福祉:0; 文化共融:0
taipei,a2556fef-8177-4074-a9a0-f750c907aa94,00001551,臺北市性健康友善門診,食安健康,True,True,False,point,醫療資源與食安風險分布,False,3,醫療,就醫,網路服務,衛生局,,衛生局,不定期更新,CSV,中文,2020-06-30T00:00:00,/api/dataset/a2556fef-8177-4074-a9a0-f750c907aa94/resource/2c761988-4456-4a16-a5b1-f33af0cdbb4e/download,性健康友善門診。,序號、所在縣市、所在鄉鎮市區、醫療院所名稱、醫師專科別、醫師姓名、性別、醫療院所地址、醫療院所電話,智慧通勤:0; 韌性防災:0; 永續環境:0; 食安健康:2; 勞動福祉:0; 文化共融:0
taipei,e3fca9b3-d5c9-4d7d-81bc-ead90432127d,00002806,臺北市愛滋病匿名篩檢服務據點,食安健康,True,True,False,point,醫療資源與食安風險分布,False,3,醫療,就醫,網路服務,衛生局,聯合醫院,衛生局聯合醫院,每3月,CSV,中文,2020-11-09T00:00:00,/api/dataset/e3fca9b3-d5c9-4d7d-81bc-ead90432127d/resource/dc5e7931-8da9-4d91-a736-f30c6da9d173/download,臺北市立聯合醫院昆明防治中心愛滋病匿名篩檢服務地點。,序號、設置單位、地址、連絡電話、服務地點、服務時段、預約方式、官方網站,智慧通勤:0; 韌性防災:0; 永續環境:0; 食安健康:2; 勞動福祉:0; 文化共融:0
taipei,6f30fa0e-1e00-437e-a1f8-a9bf1cc59da6,00001550,臺北市愛滋病指定醫院,食安健康,True,True,False,point,醫療資源與食安風險分布,False,3,醫療,就醫,網路服務,衛生局,,衛生局,不定期更新,CSV,中文,2020-06-30T00:00:00,/api/dataset/6f30fa0e-1e00-437e-a1f8-a9bf1cc59da6/resource/fe67dd45-a02d-44c1-9dd5-e928c0da488a/download,愛滋病指定醫院。,序號、醫事機構代碼、醫療院所名稱、特約類別、聯絡電話、分機、行政區、地址,智慧通勤:0; 韌性防災:0; 永續環境:0; 食安健康:2; 勞動福祉:0; 文化共融:0
taipei,5242e3b0-3dd5-49d6-bdc1-45e305e913bb,00002689,臺北市成人預防保健特約醫事機構名單,食安健康,True,True,False,point,醫療資源與食安風險分布,False,3,醫療,公共資訊,原始資料,衛生局,,衛生局,不定期更新,CSV,中文,2020-11-02T00:00:00,/api/dataset/5242e3b0-3dd5-49d6-bdc1-45e305e913bb/resource/62f143e1-c715-49a6-89b6-43ad9d772abe/download,臺北市成人預防保健特約醫事機構名單。,行政區、醫事機構、地址、電話、分機、服務項目、服務項目,智慧通勤:0; 韌性防災:0; 永續環境:0; 食安健康:1; 勞動福祉:0; 文化共融:0
taipei,4c241d88-c448-4b48-96ce-14865d97807d,00001525,臺北市戒菸合約醫事機構,食安健康,True,True,False,point,醫療資源與食安風險分布,False,3,醫療,就醫,原始資料,衛生局,,衛生局,不定期更新,CSV,中文,2018-06-27T00:00:00,/api/dataset/4c241d88-c448-4b48-96ce-14865d97807d/resource/e8df6a1e-1062-4fa7-b6e4-82da4a2a2865/download,戒菸合約醫事機構。,醫事機構代碼、層級、院所名稱、電話、分機、地址、可給藥、可衛教、僅調劑,智慧通勤:0; 韌性防災:0; 永續環境:0; 食安健康:1; 勞動福祉:0; 文化共融:0
taipei,f55b4ec6-f420-4f83-a192-e60de5b3e5a8,00003133,臺北市抗蛇毒血清儲備點查詢,食安健康,True,True,False,point,醫療資源與食安風險分布,False,3,醫療,就醫,網路服務,衛生局,,衛生局,不定期更新,CSV,中文,2020-11-25T00:00:00,/api/dataset/f55b4ec6-f420-4f83-a192-e60de5b3e5a8/resource/eb4f092d-904d-4acc-add0-0763b95b941c/download,抗蛇毒血清儲備點查詢。,縣市、物資分類、單位名稱、連絡電話、地址,智慧通勤:0; 韌性防災:0; 永續環境:0; 食安健康:1; 勞動福祉:0; 文化共融:0
taipei,a2d5efb2-e2b7-49ad-af61-d5896e2e38c8,00003095,臺北市指定藥癮戒治機構,食安健康,True,True,False,point,醫療資源與食安風險分布,False,3,醫療,就醫,原始資料,衛生局,聯合醫院,衛生局聯合醫院,不定期更新,CSV,中文,2020-11-25T00:00:00,/api/dataset/a2d5efb2-e2b7-49ad-af61-d5896e2e38c8/resource/dc36b296-5835-473c-b9da-bdb63cfb7613/download,有關臺北市指定藥癮戒治機構資料（北北基）。,序號、縣市別、機構名稱、電話、地址、戒治機構模式、戒治服務內容,智慧通勤:0; 韌性防災:0; 永續環境:0; 食安健康:1; 勞動福祉:0; 文化共融:0
taipei,4711dff9-d9c0-4a8b-970a-99d9c4b6132b,00002783,臺北市捐血中心固定捐血點,食安健康,True,True,False,point,醫療資源與食安風險分布,False,3,醫療,公共資訊,原始資料,衛生局,,衛生局,不定期更新,CSV,中文,2020-11-05T00:00:00,/api/dataset/4711dff9-d9c0-4a8b-970a-99d9c4b6132b/resource/ca736d37-2fd1-4e99-a1f4-221fd3b234a4/download,臺北市捐血中心固定捐血點。,序號、捐血室名稱、行政區、設站地址、電話,智慧通勤:0; 韌性防災:0; 永續環境:0; 食安健康:1; 勞動福祉:0; 文化共融:0
taipei,55abae3d-57e3-4793-b68f-e4917f4e6b6a,00003169,臺北市提供夜間急診或24小時營業動物醫院一覽表,食安健康,True,True,False,point,醫療資源與食安風險分布,False,3,農業,公共資訊,網路服務,產業局,動保處,產業局動保處,不定期更新,CSV,中文,2020-11-30T00:00:00,/api/dataset/55abae3d-57e3-4793-b68f-e4917f4e6b6a/resource/b502a9ac-7a9e-4705-8c2e-78ba7f4a279b/download,提供夜間急診或24小時營業動物醫院一覽表,縣市、動物醫院名稱、地址、電話、負責人,智慧通勤:0; 韌性防災:0; 永續環境:0; 食安健康:1; 勞動福祉:0; 文化共融:0
taipei,b940e63f-cde7-498a-9e59-a5de859c5ca3,00000102,臺北市政府衛生局已立案之產後護理機構一覽表,食安健康,True,True,False,point,醫療資源與食安風險分布,False,3,社福,就醫,原始資料,衛生局,,衛生局,不定期更新,CSV,中文,2012-01-04T00:00:00,/api/dataset/b940e63f-cde7-498a-9e59-a5de859c5ca3/resource/c58ef504-6948-4132-86bb-74056b1749e9/download,臺北市產後護理機構立案一覽表,編號、機構代碼、機構名稱、產後護理床開放床數、嬰兒床開放床數、機構地址、連絡電話、督考或評鑑結果,智慧通勤:0; 韌性防災:0; 永續環境:0; 食安健康:1; 勞動福祉:1; 文化共融:0
taipei,cf4cc8cd-81b9-4440-8b9a-a0063f252b93,00002762,臺北市政府衛生局指定開設身心障礙牙科門診醫院一覽表,食安健康,True,True,False,point,醫療資源與食安風險分布,False,3,醫療,就醫,原始資料,衛生局,,衛生局,不定期更新,CSV,中文,2020-11-05T00:00:00,/api/dataset/cf4cc8cd-81b9-4440-8b9a-a0063f252b93/resource/2bee279b-2848-47c1-bb40-0607c3e6e88d/download,臺北市政府衛生局指定開設身心障礙牙科門診醫院,醫院名稱、地址、門診時刻表、電話、其他掛號方式網路掛號網址,智慧通勤:0; 韌性防災:0; 永續環境:0; 食安健康:3; 勞動福祉:0; 文化共融:0
taipei,03e33222-6665-4b90-9e87-1eeb0089cde3,00000275,臺北市救護車資料,食安健康,True,True,False,area,醫療資源與食安風險分布,False,3,醫療,公共資訊,原始資料,衛生局,,衛生局,不定期更新,CSV,中文,2012-03-02T00:00:00,/api/dataset/03e33222-6665-4b90-9e87-1eeb0089cde3/resource/e29d7b63-48cf-4cec-bdd0-9790d903ec90/download,臺北市救護車資料。,序號、行政區、救護車總計、一般型救護車合計、加護型救護車合計,智慧通勤:0; 韌性防災:0; 永續環境:0; 食安健康:1; 勞動福祉:0; 文化共融:0
taipei,94b2c501-172a-4971-90b3-8524445b5418,00002751,臺北市整合性預防保健服務場次表,食安健康,True,True,False,point,醫療資源與食安風險分布,False,3,醫療,就醫,原始資料,衛生局,,衛生局,不定期更新,CSV,中文,2021-04-01T00:00:00,/api/dataset/94b2c501-172a-4971-90b3-8524445b5418/resource/6449f6be-4e1b-4f31-b15b-56ea07fb5bb6/download,臺北市整合性預防保健服務場次表.,場次序號、行政區別、篩檢日期、星期、時間、篩檢地點、配合醫院,智慧通勤:0; 韌性防災:0; 永續環境:0; 食安健康:2; 勞動福祉:0; 文化共融:0
taipei,5d95c90f-9a1f-481b-ae44-03b917a8d167,00001528,臺北市新生兒危急型先天心臟病篩檢合約醫院,食安健康,True,True,False,point,醫療資源與食安風險分布,False,3,醫療,就醫,原始資料,衛生局,,衛生局,不定期更新,CSV,中文,2018-06-28T00:00:00,/api/dataset/5d95c90f-9a1f-481b-ae44-03b917a8d167/resource/c12ca24c-a607-4c94-a5c2-7986e6cf605e/download,新生兒危急型先天心臟病篩檢合約醫院。,編號、行政區域代碼、特約醫療院所名稱、地址、電話,智慧通勤:0; 韌性防災:0; 永續環境:0; 食安健康:2; 勞動福祉:0; 文化共融:0
taipei,1cb14177-3e11-4932-a49e-72f7b960fc58,00001527,臺北市新生兒聽力篩檢/確診合約醫院,食安健康,True,True,False,point,醫療資源與食安風險分布,False,3,醫療,就醫,原始資料,衛生局,,衛生局,不定期更新,"CSV,CSV",中文,2018-06-28T00:00:00,"/api/dataset/1cb14177-3e11-4932-a49e-72f7b960fc58/resource/aa95b36c-8d51-4fee-84c3-63c165ea7f8c/download,/api/dataset/1cb14177-3e11-4932-a49e-72f7b960fc58/resource/20cc88e6-0abe-4e14-a478-cd3480f8e0ac/download",新生兒聽力篩檢/確診合約醫院,項次、縣市、醫事機構代碼、醫療院所名稱、地址、聯絡資訊,智慧通勤:0; 韌性防災:0; 永續環境:0; 食安健康:2; 勞動福祉:0; 文化共融:0
taipei,49ebc8c7-c015-406f-a8f4-051d580cfc8c,00003134,臺北市旅遊醫學門診醫院名冊,食安健康,True,True,False,point,醫療資源與食安風險分布,False,3,醫療,公共資訊,原始資料,衛生局,,衛生局,不定期更新,CSV,中文,2020-11-26T00:00:00,/api/dataset/49ebc8c7-c015-406f-a8f4-051d580cfc8c/resource/111b39ad-b6c3-4e61-8ac4-e75b5e6648bd/download,"臺北市旅遊醫學門診醫院名冊。
",郵遞區號、縣市、醫院名稱、科別、電話、分機、地址、M痘疫苗自費接種服務,智慧通勤:0; 韌性防災:0; 永續環境:0; 食安健康:3; 勞動福祉:0; 文化共融:1
taipei,d12064cb-9fc5-493f-997e-6a30fcb7e65d,00002768,臺北市早期療育合約醫院及早療診所一覽表,食安健康,True,True,False,point,醫療資源與食安風險分布,False,3,醫療,就醫,原始資料,衛生局,,衛生局,不定期更新,"CSV,CSV",中文,2020-11-05T00:00:00,"/api/dataset/d12064cb-9fc5-493f-997e-6a30fcb7e65d/resource/33b40930-3ec7-4210-8621-f740f858f10e/download,/api/dataset/d12064cb-9fc5-493f-997e-6a30fcb7e65d/resource/962031e0-616f-4ba6-ac44-49b99b5b8223/download",臺北市早期療育合約醫院及早療診所一覽表。,類別、項次、醫療機構名稱、行政區、住址、電話、分機、112年醫院督考等第、序號、醫療機構名稱、地址、訪查項目、連絡電話、手機、物理治療、職能治療、語言治療、心理治療、等第、等第、複查,智慧通勤:0; 韌性防災:0; 永續環境:0; 食安健康:4; 勞動福祉:0; 文化共融:0
taipei,13bef8d1-8129-4c28-8750-cd1843830e2d,00003432,臺北市歷年性侵害案量統計,食安健康,False,True,True,point,醫療資源與食安風險分布,True,3,社福,生活安全及品質,網路服務,社會局,,社會局,每1年,CSV,中文,2020-12-22T00:00:00,/api/dataset/13bef8d1-8129-4c28-8750-cd1843830e2d/resource/6e76df93-c5ea-4a34-95c3-af5635897b73/download,提供臺北市性侵害案量統計資訊,年/月、總案數、受理單位/醫院診所或衛生單位案數、受理單位/警政案數、受理單位/社政單位案數、受理單位/教育單位案數、受理單位/司法機關、受理單位/勞政、受理單位/113婦幼保護專線、受理單位/自行前來、受理單位/其他、受侵害型態/性交、受侵害型態/猥褻、受侵害型態/其他、領有身心障礙證明、疑似身心障礙者、非身心障礙者、案發場所/非私人場所、案發場所/私人場所,智慧通勤:0; 韌性防災:0; 永續環境:0; 食安健康:3; 勞動福祉:1; 文化共融:0
taipei,a09451c2-6783-4afe-af16-c97e812549a3,00000185,臺北市母嬰親善醫療院所,食安健康,True,True,False,point,醫療資源與食安風險分布,False,3,醫療,公共資訊,原始資料,衛生局,,衛生局,不定期更新,CSV,中文,2013-06-07T00:00:00,/api/dataset/a09451c2-6783-4afe-af16-c97e812549a3/resource/0f5bc745-53a4-48c3-aa2d-947b8291e8a6/download,臺北市母嬰親善醫療院所。,項次、行政區代碼、院所名稱、地址、效期,智慧通勤:0; 韌性防災:0; 永續環境:0; 食安健康:1; 勞動福祉:0; 文化共融:0
taipei,cc5c7bb6-1bcb-4913-b493-3fcddfe19112,00003108,臺北市毒品防制資源表,食安健康,True,True,False,point,醫療資源與食安風險分布,False,3,醫療,就醫,原始資料,衛生局,聯合醫院,衛生局聯合醫院,不定期更新,CSV,中文,2020-11-25T00:00:00,/api/dataset/cc5c7bb6-1bcb-4913-b493-3fcddfe19112/resource/46d635b8-e6d9-47eb-83e0-b5f5f7641dfd/download,有關臺北市毒品防制資源表資料。,序號、縣市別、機構名稱、電話、地址、戒治機構模式、戒治服務內容,智慧通勤:0; 韌性防災:0; 永續環境:0; 食安健康:1; 勞動福祉:0; 文化共融:0
taipei,92746c13-f409-4252-b23e-a0d1aaec8738,00003041,臺北市法定傳染病確定病例年齡別、性別及行政區別,食安健康,True,True,False,area,醫療資源與食安風險分布,False,3,醫療,生活安全及品質,原始資料,衛生局,,衛生局,不定期更新,CSV,中文,2020-11-25T00:00:00,/api/dataset/92746c13-f409-4252-b23e-a0d1aaec8738/resource/37433e7b-239d-459e-9306-70108fd01e7a/download,臺北市法定傳染病確定病例-年齡別、性別及行政區別。,資料集名稱、相關資訊、檔案格式、更新時間、上傳日期,智慧通勤:0; 韌性防災:0; 永續環境:0; 食安健康:1; 勞動福祉:0; 文化共融:0
taipei,f2a66aec-9b15-4580-9d04-9e991d45e908,00001688,臺北市流感疫苗合約醫療院所(3歲以上(含3歲)幼童),食安健康,True,True,False,point,醫療資源與食安風險分布,False,3,醫療,就醫,原始資料,衛生局,,衛生局,不定期更新,CSV,中文,2019-11-06T00:00:00,/api/dataset/f2a66aec-9b15-4580-9d04-9e991d45e908/resource/caf1807b-fabf-4db9-8521-6cdd5fa97517/download,"臺北市流感疫苗合約醫療院所名冊(3歲以上(含3歲)幼童)
",序號、行政區、院所名稱、地址、電話、語音預約,智慧通勤:0; 韌性防災:0; 永續環境:0; 食安健康:2; 勞動福祉:0; 文化共融:0
taipei,6f830d1c-b595-4c08-8b05-4430d247a0db,00001687,臺北市流感疫苗合約醫療院所(3歲以下幼兒),食安健康,True,True,False,point,醫療資源與食安風險分布,False,3,醫療,就醫,原始資料,衛生局,,衛生局,不定期更新,CSV,中文,2019-11-06T00:00:00,/api/dataset/6f830d1c-b595-4c08-8b05-4430d247a0db/resource/962f68b0-349e-4237-b9e8-617faf2a0e74/download,"臺北市流感疫苗合約醫療院所名冊(3歲以下幼兒)
",序號、行政區、院所名稱、地址、電話,智慧通勤:0; 韌性防災:0; 永續環境:0; 食安健康:2; 勞動福祉:0; 文化共融:0
taipei,0db13d34-51e3-497a-a023-286d5ef692ea,00001689,臺北市流感疫苗合約醫療院所(成人),食安健康,True,True,False,point,醫療資源與食安風險分布,False,3,醫療,就醫,原始資料,衛生局,,衛生局,不定期更新,CSV,中文,2019-11-06T00:00:00,/api/dataset/0db13d34-51e3-497a-a023-286d5ef692ea/resource/4c6c37f9-ebb5-4672-b33c-6812b853e8e0/download,"臺北市流感疫苗合約醫療院所名冊(成人)
",序號、行政區域代碼、院所名稱、地址、電話,智慧通勤:0; 韌性防災:0; 永續環境:0; 食安健康:2; 勞動福祉:0; 文化共融:0
taipei,5e53353a-4799-4b02-8922-cf81bb6fbf95,00002805,臺北市清潔針具佈點名單,食安健康,True,True,False,point,醫療資源與食安風險分布,False,3,醫療,就醫,網路服務,衛生局,,衛生局,不定期更新,CSV,中文,2020-11-09T00:00:00,/api/dataset/5e53353a-4799-4b02-8922-cf81bb6fbf95/resource/46020638-fe7a-413f-bed2-6c4e47401d74/download,臺北市清潔針具交換衛教諮詢站名單。,序號、行政區域代碼、設置項目、設置點類別、機構代碼、設置地點、電話、分機、地址、服務時間、備註,智慧通勤:0; 韌性防災:0; 永續環境:0; 食安健康:1; 勞動福祉:0; 文化共融:0
taipei,934793d6-be71-4bde-be80-da305c2bf5e0,00000202,臺北市營業場所衛生優良自主管理分級認證業者名冊【娛樂業】,食安健康,True,True,False,point,醫療資源與食安風險分布,False,3,醫療,公共資訊,原始資料,衛生局,,衛生局,不定期更新,CSV,中文,2012-01-04T00:00:00,/api/dataset/934793d6-be71-4bde-be80-da305c2bf5e0/resource/bcb069c6-75ce-44d8-ba1d-06938f75bba7/download,臺北市營業場所衛生優良自主管理分級認證評核結果,報名類別、業者名稱、營業場所地址、評核結果、有效日期,智慧通勤:0; 韌性防災:0; 永續環境:0; 食安健康:2; 勞動福祉:0; 文化共融:0
taipei,38d691f2-3755-44e3-8aec-558703af5403,00000165,臺北市營業場所衛生優良自主管理分級認證業者名冊【旅館業】,食安健康,True,True,False,point,醫療資源與食安風險分布,False,3,醫療,公共資訊,原始資料,衛生局,,衛生局,不定期更新,CSV,中文,2012-01-04T00:00:00,/api/dataset/38d691f2-3755-44e3-8aec-558703af5403/resource/a78e318b-3553-417f-bc55-e816e909af30/download,臺北市營業場所衛生優良自主管理分級認證評核結果,報名類別、業者名稱、營業場所地址、評核結果、認證有效日期,智慧通勤:0; 韌性防災:0; 永續環境:0; 食安健康:2; 勞動福祉:0; 文化共融:0
taipei,f6bf30a8-b14f-43c8-b015-33d4c7f97a2b,00000222,臺北市營業場所衛生優良自主管理分級認證業者名冊【浴室業】,食安健康,True,True,False,point,醫療資源與食安風險分布,False,3,醫療,公共資訊,原始資料,衛生局,,衛生局,不定期更新,CSV,中文,2012-01-04T00:00:00,/api/dataset/f6bf30a8-b14f-43c8-b015-33d4c7f97a2b/resource/e05d29e0-3041-4fd5-9a70-38e7ab32ca44/download,臺北市營業場所衛生優良自主管理分級認證評核結果,報名類別、業者名稱、營業場所地址、評核結果、認證有效日期,智慧通勤:0; 韌性防災:0; 永續環境:0; 食安健康:2; 勞動福祉:0; 文化共融:0
taipei,e89c0268-d104-493a-8204-387f48bba1fd,00000155,臺北市營業場所衛生優良自主管理分級認證業者名冊【游泳業】,食安健康,True,True,False,point,醫療資源與食安風險分布,False,3,醫療,公共資訊,原始資料,衛生局,,衛生局,不定期更新,CSV,中文,2012-01-04T00:00:00,/api/dataset/e89c0268-d104-493a-8204-387f48bba1fd/resource/bdea2d18-dacd-4096-ba51-aa98330ab100/download,臺北市營業場所衛生優良自主管理分級認證評核結果,報名類別、業者名稱、營業場所地址、評核結果、有效日期,智慧通勤:0; 韌性防災:0; 永續環境:0; 食安健康:2; 勞動福祉:0; 文化共融:0
taipei,374d85bb-fe2f-4768-abd9-7a32922ac756,00000203,臺北市營業場所衛生優良自主管理分級認證業者名冊【美容美髮業】,食安健康,True,True,False,point,醫療資源與食安風險分布,False,3,醫療,公共資訊,原始資料,衛生局,,衛生局,不定期更新,CSV,中文,2012-01-04T00:00:00,/api/dataset/374d85bb-fe2f-4768-abd9-7a32922ac756/resource/5fc86f6b-07af-4339-a2d9-06b0764ae8cf/download,臺北市營業場所衛生優良自主管理分級認證評核結果,報名類別、業者名稱、營業場所地址、評核結果、有效日期,智慧通勤:0; 韌性防災:0; 永續環境:0; 食安健康:2; 勞動福祉:0; 文化共融:0
taipei,72059375-4ec0-46da-989d-963a645cfd0d,00000053,臺北市營業場所衛生優良自主管理分級認證業者名冊【電影片映演業】,食安健康,True,True,False,point,醫療資源與食安風險分布,False,3,醫療,公共資訊,原始資料,衛生局,,衛生局,不定期更新,CSV,中文,2012-01-04T00:00:00,/api/dataset/72059375-4ec0-46da-989d-963a645cfd0d/resource/7a7f35d3-73a6-45d3-8ac5-965ad37c82e2/download,臺北市營業場所衛生優良自主管理分級認證評核結果,報名類別、業者名稱、營業場所地址、評核結果、認證有效日期,智慧通勤:0; 韌性防災:0; 永續環境:0; 食安健康:2; 勞動福祉:0; 文化共融:0
taipei,01de8b66-fa0c-4ec1-b247-2769917b07e7,00003084,臺北市牙體技術所,食安健康,True,True,False,point,醫療資源與食安風險分布,False,3,醫療,就醫,原始資料,衛生局,,衛生局,不定期更新,CSV,中文,2020-11-25T00:00:00,/api/dataset/01de8b66-fa0c-4ec1-b247-2769917b07e7/resource/c0864d01-14c3-4f53-8cfe-bce646a88ba1/download,臺北市牙體技術所。,序號、機構名稱、行政區域代碼、郵遞區號、地址,智慧通勤:0; 韌性防災:0; 永續環境:0; 食安健康:1; 勞動福祉:0; 文化共融:0
taipei,3a6fc259-9158-4c24-babb-aa271cfc7f36,00003078,臺北市物理治療所,食安健康,True,True,False,point,醫療資源與食安風險分布,False,3,醫療,就醫,原始資料,衛生局,,衛生局,每1年,CSV,中文,2020-11-25T00:00:00,/api/dataset/3a6fc259-9158-4c24-babb-aa271cfc7f36/resource/62851454-6827-45fd-a337-b5c571011fe4/download,臺北市物理治療所。,序號、機構名稱、郵遞區號、地址、電話,智慧通勤:0; 韌性防災:0; 永續環境:0; 食安健康:1; 勞動福祉:0; 文化共融:0
taipei,18165d8b-981c-44fa-9905-b24375809f93,00003010,臺北市狂犬病疫苗預防注射獸醫診療機構名冊,食安健康,True,True,False,point,醫療資源與食安風險分布,False,3,農業,生育保健,原始資料,產業局,動保處,產業局動保處,不定期更新,CSV,中文,2020-11-24T00:00:00,/api/dataset/18165d8b-981c-44fa-9905-b24375809f93/resource/1c01b12a-0425-457f-b632-fd195df2ca6b/download,提供狂犬病疫苗預防注射獸醫診療機構名冊,"縣市、編號、區域、郵遞區號、狂犬病注射機構名稱、地址、電話
",智慧通勤:0; 韌性防災:0; 永續環境:0; 食安健康:1; 勞動福祉:0; 文化共融:0
taipei,9ee72240-f9b3-42a7-bcbe-e1bb1a28a2dc,00001526,臺北市生育補助合約醫院,食安健康,True,True,False,point,醫療資源與食安風險分布,False,3,醫療,就醫,原始資料,衛生局,,衛生局,不定期更新,CSV,中文,2018-06-27T00:00:00,/api/dataset/9ee72240-f9b3-42a7-bcbe-e1bb1a28a2dc/resource/006c9537-1dad-4322-9c04-c90084b88534/download,生育補助合約醫院。,編號、行政區、醫療機構、孕前健康檢查生理男性門診、孕前健康檢查生理女性門診、孕前健康檢查生理女性加選抗穆勒氏管荷爾蒙檢查AMH、初期孕婦唐氏症篩檢、中期孕婦唐氏症篩檢、非侵入性胎兒染色體檢測NIPT、子癲前症篩檢,智慧通勤:0; 韌性防災:0; 永續環境:0; 食安健康:3; 勞動福祉:1; 文化共融:0
taipei,fc7ade1c-cca2-429a-91f9-4eaca802c8dd,00000991,臺北市用電設備檢驗維護業登記資料,食安健康,True,True,False,point,醫療資源與食安風險分布,False,3,經濟,生活安全及品質,原始資料,產業局,,產業局,不定期更新,CSV,中文,2016-02-19T00:00:00,/api/dataset/fc7ade1c-cca2-429a-91f9-4eaca802c8dd/resource/e4c89f39-0ab3-4473-9bab-42a3d7e0def4/download,臺北市用電設備檢驗維護業登記資料。,維護業名稱、證號、營利事業統一編號、營業地址、負責人姓名、狀態、核設日期、核設文號、位置X座標(經度)、位置Y座標(緯度),智慧通勤:0; 韌性防災:0; 永續環境:0; 食安健康:1; 勞動福祉:0; 文化共融:0
taipei,562c4da6-63a8-4d3b-bf4e-4b7dd353110a,00001536,臺北市社區復健計畫,食安健康,True,True,False,point,醫療資源與食安風險分布,False,3,醫療,老年安養,網路服務,衛生局,,衛生局,不定期更新,CSV,中文,2020-04-21T00:00:00,/api/dataset/562c4da6-63a8-4d3b-bf4e-4b7dd353110a/resource/df729dca-9f25-44a6-a09c-83e5dbfa34e1/download,社區復健計畫。,服務單位名稱、電話、分機、手機、地址,智慧通勤:0; 韌性防災:0; 永續環境:0; 食安健康:1; 勞動福祉:0; 文化共融:0
taipei,904e9084-d266-4782-bc05-989cf52dad88,00002775,臺北市社區心理諮商服務,食安健康,True,True,False,point,醫療資源與食安風險分布,False,3,醫療,就醫,原始資料,衛生局,,衛生局,不定期更新,CSV,中文,2020-11-05T00:00:00,/api/dataset/904e9084-d266-4782-bc05-989cf52dad88/resource/f3b55255-12cc-4601-bce0-df4d59a4a629/download,臺北市社區心理諮商服務。,項次、行政區、預約電話、地址、服務時段、備註,智慧通勤:0; 韌性防災:0; 永續環境:0; 食安健康:2; 勞動福祉:0; 文化共融:0
taipei,0684472f-406f-4ad2-9eee-76fc47acccf7,00002645,臺北市社區血壓量測網絡地圖一覽表。,食安健康,True,True,False,point,醫療資源與食安風險分布,False,3,醫療,公共資訊,原始資料,衛生局,,衛生局,每1年,CSV,中文,2020-11-02T00:00:00,/api/dataset/0684472f-406f-4ad2-9eee-76fc47acccf7/resource/fddd15a4-8c8e-4d78-81af-02bd924bbe08/download,臺北市社區血壓量測網絡地圖一覽表,編號、縣市、行政區、設站據點、地址、開放量血壓時間（依現場公告為主）,智慧通勤:0; 韌性防災:0; 永續環境:0; 食安健康:1; 勞動福祉:0; 文化共融:0
taipei,8ee49ff0-600b-4e5a-81b2-41f712c5c801,00002694,臺北市立聯合醫院門診進度查詢,食安健康,True,True,False,point,醫療資源與食安風險分布,False,3,醫療,就醫,網路服務,衛生局,聯合醫院,衛生局聯合醫院,不定期更新,CSV,中文,2020-11-03T00:00:00,/api/dataset/8ee49ff0-600b-4e5a-81b2-41f712c5c801/resource/5e508a50-cefd-49ae-8f1c-f7f867518553/download,臺北市立聯合醫院全院門診進度查詢,序號、縣市代碼、行政區、院區、機構地址、機構電話、查詢網址,智慧通勤:0; 韌性防災:0; 永續環境:0; 食安健康:2; 勞動福祉:0; 文化共融:0
taipei,eb02e174-63c7-46fb-b8e7-4f7e73e0a95e,00000302,臺北市精神復健暨精神護理機構,食安健康,True,True,False,point,醫療資源與食安風險分布,False,3,醫療,公共資訊,原始資料,衛生局,,衛生局,不定期更新,CSV,中文,2013-06-10T00:00:00,/api/dataset/eb02e174-63c7-46fb-b8e7-4f7e73e0a95e/resource/b7a35758-f547-4227-8fd3-85141d56020c/download,臺北市日間型、住宿型精神復健機構及精神護理之家。,序號、機構類型、行政區、機構名稱、地址、電話,智慧通勤:0; 韌性防災:0; 永續環境:0; 食安健康:1; 勞動福祉:0; 文化共融:0
taipei,ee6c8acd-9a5f-4551-9686-88bf98f3541c,00001128,臺北市精神科診所,食安健康,True,True,False,point,醫療資源與食安風險分布,False,3,醫療,就醫,原始資料,衛生局,,衛生局,不定期更新,CSV,中文,2020-05-04T00:00:00,/api/dataset/ee6c8acd-9a5f-4551-9686-88bf98f3541c/resource/4ab4665d-e17b-4ec7-9189-c49e8564f955/download,臺北市精神科診所。,序號、行政區域代碼、診所名稱、地址、電話,智慧通勤:0; 韌性防災:0; 永續環境:0; 食安健康:2; 勞動福祉:0; 文化共融:0
taipei,53a95a86-69ae-4239-86c0-66e89d144543,00003057,臺北市精神科醫療機構,食安健康,True,True,False,point,醫療資源與食安風險分布,False,3,醫療,就醫,原始資料,衛生局,,衛生局,每1年,CSV,中文,2020-11-25T00:00:00,/api/dataset/53a95a86-69ae-4239-86c0-66e89d144543/resource/439043d5-2331-433c-881f-38e0a256cd88/download,有關臺北市精神科醫療機構資料。,序號、機構名稱、郵遞區號、地址、電話,智慧通勤:0; 韌性防災:0; 永續環境:0; 食安健康:1; 勞動福祉:0; 文化共融:0
taipei,3b373fee-cbde-4b15-949c-c609da2d867a,00001127,臺北市精神醫療院所,食安健康,True,True,False,point,醫療資源與食安風險分布,False,3,醫療,公共資訊,原始資料,衛生局,,衛生局,不定期更新,CSV,中文,2020-07-14T00:00:00,/api/dataset/3b373fee-cbde-4b15-949c-c609da2d867a/resource/2f2c4e41-65eb-4772-b198-4bec5cbf6f15/download,臺北市精神醫療院所。,序號、行政區、醫院名稱、地址、電話,智慧通勤:0; 韌性防災:0; 永續環境:0; 食安健康:2; 勞動福祉:0; 文化共融:0
taipei,75c6ccd9-2e6f-417a-b6f9-32816b59c97b,00002688,臺北市糖尿病健康促進機構名單,食安健康,True,True,False,point,醫療資源與食安風險分布,False,3,醫療,就醫,原始資料,衛生局,,衛生局,每1年,CSV,中文,2020-11-02T00:00:00,/api/dataset/75c6ccd9-2e6f-417a-b6f9-32816b59c97b/resource/15890002-83ee-437f-bea6-823803bb6deb/download,臺北市糖尿病健康促進機構名單。,序號、行政區域代碼、醫院名稱、住址、醫院層級,智慧通勤:0; 韌性防災:0; 永續環境:0; 食安健康:3; 勞動福祉:0; 文化共融:0
taipei,e6f6ced6-4d66-4be4-93af-57b71b17b2b0,00002697,臺北市糖尿病共照網醫事機構名單,食安健康,True,True,False,point,醫療資源與食安風險分布,False,3,醫療,就醫,原始資料,衛生局,,衛生局,每1年,CSV,中文,2020-11-03T00:00:00,/api/dataset/e6f6ced6-4d66-4be4-93af-57b71b17b2b0/resource/06c46d3a-c1ea-4b10-9869-030628b34ce6/download,臺北市糖尿病共照網醫事機構名單。,序號、行政區域代碼、醫事機構名稱、醫事機構電話、醫事機構地址,智慧通勤:0; 韌性防災:0; 永續環境:0; 食安健康:1; 勞動福祉:0; 文化共融:0
taipei,dd60e505-f289-41bc-a381-6f423258c8c9,00003130,臺北市結核病接觸者胸部X光檢查醫院及結核菌素測驗服務單位,食安健康,True,True,False,point,醫療資源與食安風險分布,False,3,醫療,就醫,原始資料,衛生局,,衛生局,不定期更新,CSV,中文,2020-11-26T00:00:00,/api/dataset/dd60e505-f289-41bc-a381-6f423258c8c9/resource/93277f84-5681-440e-a5e8-2bfd88bcb896/download,有關臺北市結核病接觸者胸部X光檢查醫院及結核菌素測驗服務單位。,醫院名稱、縣市別、行政區域代碼、地址、結核病接觸者胸部X光檢查醫院、可提供未滿5歲接觸者結核菌素測驗（免費）服務單位、可提供開立結核菌素測驗證明（需自費）服務單位,智慧通勤:0; 韌性防災:0; 永續環境:0; 食安健康:2; 勞動福祉:0; 文化共融:0
taipei,76015003-6bad-4170-ab9d-548eaad90bba,00002777,臺北市網癮治療服務機構,食安健康,True,True,False,point,醫療資源與食安風險分布,False,3,醫療,就醫,原始資料,衛生局,,衛生局,不定期更新,CSV,中文,2020-11-05T00:00:00,/api/dataset/76015003-6bad-4170-ab9d-548eaad90bba/resource/49c44fae-845a-4002-8fe8-c957782c03ec/download,臺北市網癮治療服務機構。,行政區、機構名稱、機構地址、聯絡電話、其他聯絡方式、網路成癮服務類型、官方網頁,智慧通勤:0; 韌性防災:0; 永續環境:0; 食安健康:1; 勞動福祉:0; 文化共融:0
taipei,f9e3fc03-a42c-43ec-b791-f29dbfa36306,00002643,臺北市美容醫學醫療機構,食安健康,True,True,False,point,醫療資源與食安風險分布,False,3,醫療,就醫,原始資料,衛生局,,衛生局,每1年,CSV,中文,2020-11-02T00:00:00,/api/dataset/f9e3fc03-a42c-43ec-b791-f29dbfa36306/resource/5fffbfcb-9885-45e2-bf18-ac626774564b/download,臺北市美容醫學醫療機構。,序號、機構名稱、行政區、地址、電話,智慧通勤:0; 韌性防災:0; 永續環境:0; 食安健康:1; 勞動福祉:0; 文化共融:0
taipei,9a1aefde-2e4a-467c-9ec4-256e33ad6df0,00000310,臺北市老人健康檢查特約醫事機構,食安健康,True,True,False,point,醫療資源與食安風險分布,False,3,醫療,就醫,原始資料,衛生局,,衛生局,每1年,CSV,中文,2013-06-10T00:00:00,/api/dataset/9a1aefde-2e4a-467c-9ec4-256e33ad6df0/resource/ca9b88ff-a881-4ca3-a3a4-b26747f3e3e7/download,老人健康檢查特約醫事機構,醫事機構名稱、顯示用地址、系統辨識用地址、電話、分機、手機,智慧通勤:0; 韌性防災:0; 永續環境:0; 食安健康:2; 勞動福祉:0; 文化共融:0
taipei,94b90fd2-ecb0-4763-9abb-94ef130a1552,00003266,臺北市職業安全衛生教育訓練機構,食安健康,True,True,False,point,醫療資源與食安風險分布,False,3,勞動,求職及就業,原始資料,勞動局,,勞動局,每1年,CSV,中文,2020-12-11T00:00:00,/api/dataset/94b90fd2-ecb0-4763-9abb-94ef130a1552/resource/68056278-c9c6-4bf4-810d-0ff79dcdb1f1/download,本市轄內依法設立職業訓練機構之非營利法人，辦理推廣安全衛生之績效良好且與其設立目的相符，並經中央主管機關認可者。,訓練單位名稱、電話、郵遞區號、地址、行政區:臺北市,智慧通勤:0; 韌性防災:0; 永續環境:0; 食安健康:1; 勞動福祉:1; 文化共融:0
taipei,c8153fcf-6d72-48a0-8a12-86e998e3afd8,00003074,臺北市職業醫學科醫療機構,食安健康,True,True,False,point,醫療資源與食安風險分布,False,3,醫療,就醫,原始資料,衛生局,,衛生局,每1年,CSV,中文,2020-11-25T00:00:00,/api/dataset/c8153fcf-6d72-48a0-8a12-86e998e3afd8/resource/3dd02f2c-72eb-4cb2-b624-261ae5770368/download,有關臺北市職業醫學科醫療機構資料。,機構名稱、郵遞區號、地址、權屬別、電話,智慧通勤:0; 韌性防災:0; 永續環境:0; 食安健康:1; 勞動福祉:0; 文化共融:0
taipei,8c01e7bd-e359-49c6-9c2f-5eabb8750b2f,00003081,臺北市職能治療所,食安健康,True,True,False,point,醫療資源與食安風險分布,False,3,醫療,就醫,原始資料,衛生局,,衛生局,每1年,CSV,中文,2020-11-25T00:00:00,/api/dataset/8c01e7bd-e359-49c6-9c2f-5eabb8750b2f/resource/602aec2d-8d79-44ee-8632-33f46df1ac41/download,臺北市職能治療所。,序號、郵遞區號、機構名稱、地址、電話,智慧通勤:0; 韌性防災:0; 永續環境:0; 食安健康:1; 勞動福祉:0; 文化共融:0
taipei,43b7116a-63db-426d-a34c-a9a380322b77,00003083,臺北市聽力所,食安健康,True,True,False,point,醫療資源與食安風險分布,False,3,醫療,就醫,原始資料,衛生局,,衛生局,每1年,CSV,中文,2020-11-25T00:00:00,/api/dataset/43b7116a-63db-426d-a34c-a9a380322b77/resource/05d2c646-b36c-4fd0-9613-8a870147309f/download,臺北市聽力所。,序號、機構名稱、行政區域代碼、郵遞區號、地址,智慧通勤:0; 韌性防災:0; 永續環境:0; 食安健康:1; 勞動福祉:0; 文化共融:0
taipei,5cf845a6-e9d0-42ed-861f-8c88bb1b694c,00002687,臺北市腎臟病健康促進機構名單,食安健康,True,True,False,point,醫療資源與食安風險分布,False,3,醫療,公共資訊,原始資料,衛生局,,衛生局,每1年,CSV,中文,2020-11-02T00:00:00,/api/dataset/5cf845a6-e9d0-42ed-861f-8c88bb1b694c/resource/7514b2c6-990e-45aa-89e0-36082ddb19d4/download,臺北市腎臟病健康促進機構名單。,序號、申請院所、縣市別、郵遞區號、地址,智慧通勤:0; 韌性防災:0; 永續環境:0; 食安健康:2; 勞動福祉:0; 文化共融:0
taipei,df2ee0fa-6fe6-4d4e-9dcb-d01df5b9b292,00003042,臺北市腸病毒重症責任醫院名冊,食安健康,True,True,False,point,醫療資源與食安風險分布,False,3,醫療,就醫,原始資料,衛生局,,衛生局,每1年,CSV,中文,2020-11-25T00:00:00,/api/dataset/df2ee0fa-6fe6-4d4e-9dcb-d01df5b9b292/resource/575d2649-5e5b-4b4f-a6fa-90631dfe22b2/download,腸病毒重症責任醫院名冊。,序號、縣市別、縣市別代碼、責任醫院、地址,智慧通勤:0; 韌性防災:0; 永續環境:0; 食安健康:2; 勞動福祉:0; 文化共融:0
taipei,6fa3ed67-e60e-44d9-a366-ce7008e322de,00000035,臺北市藥局,食安健康,True,True,False,point,醫療資源與食安風險分布,False,3,醫療,公共資訊,原始資料,衛生局,,衛生局,不定期更新,CSV,中文,2012-01-03T00:00:00,/api/dataset/6fa3ed67-e60e-44d9-a366-ce7008e322de/resource/42cfc382-f2b8-4c3a-87ad-37249634f78e/download,全區藥局,縣市別代碼、機構名稱、地址、電話、其他電話、x、y,智慧通勤:0; 韌性防災:0; 永續環境:0; 食安健康:2; 勞動福祉:0; 文化共融:0
taipei,842138a3-c196-4fcf-b75b-bffc13876205,00003096,臺北市藥癮替代治療醫院,食安健康,True,True,False,point,醫療資源與食安風險分布,False,3,醫療,就醫,原始資料,衛生局,聯合醫院,衛生局聯合醫院,不定期更新,CSV,中文,2020-11-25T00:00:00,/api/dataset/842138a3-c196-4fcf-b75b-bffc13876205/resource/06a4fca3-c6ea-417a-b0bc-8787eb9effac/download,有關台北市藥癮替代治療醫院資料。,序號、縣市別、醫院名稱、醫院地址、醫院電話、備註,智慧通勤:0; 韌性防災:0; 永續環境:0; 食安健康:2; 勞動福祉:0; 文化共融:0
taipei,45674f0f-0a02-4161-aa9f-377917ba16da,00003075,臺北市血液透析醫療機構,食安健康,True,True,False,point,醫療資源與食安風險分布,False,3,醫療,就醫,原始資料,衛生局,,衛生局,每1年,CSV,中文,2020-11-25T00:00:00,/api/dataset/45674f0f-0a02-4161-aa9f-377917ba16da/resource/abf30e44-a45e-41c0-a4a5-dcfb0c0ca561/download,有關臺北市血液透析醫療機構資料。,序號、機構名稱、郵遞區號、地址、電話,智慧通勤:0; 韌性防災:0; 永續環境:0; 食安健康:1; 勞動福祉:0; 文化共融:0
taipei,09a917a0-0fb5-47e1-957c-5f1268fba517,00002696,臺北市衛生局食品抽驗不合格清冊,食安健康,True,True,False,area,醫療資源與食安風險分布,False,3,統計,生活安全及品質,原始資料,衛生局,,衛生局,每1年,"CSV,CSV,CSV",中文,2020-11-03T00:00:00,"/api/dataset/09a917a0-0fb5-47e1-957c-5f1268fba517/resource/bc24a40f-5687-4338-8f9a-449de248ab93/download,/api/dataset/09a917a0-0fb5-47e1-957c-5f1268fba517/resource/3fc106cb-c8aa-4f74-8dbc-3272c7ffcae0/download,/api/dataset/09a917a0-0fb5-47e1-957c-5f1268fba517/resource/bb347e3d-626a-46e5-bb96-9061e8d08c26/download",臺北市衛生局食品抽驗不合格清冊。,專案名稱、抽驗日期、分類、檢體名稱、抽驗行政郵遞區號、抽驗地點、檢驗結果、不符合規定原因,智慧通勤:0; 韌性防災:0; 永續環境:0; 食安健康:4; 勞動福祉:0; 文化共融:0
taipei,7247a0f3-db47-4a40-9150-0085ebeb78d0,00003077,臺北市語言治療所,食安健康,True,True,False,point,醫療資源與食安風險分布,False,3,醫療,就醫,原始資料,衛生局,,衛生局,每1年,CSV,中文,2020-11-25T00:00:00,/api/dataset/7247a0f3-db47-4a40-9150-0085ebeb78d0/resource/0131f8d6-82e9-43df-ba09-fe4b9d35bb1a/download,臺北市語言治療所。,序號、機構名稱、郵遞區號、地址、電話,智慧通勤:0; 韌性防災:0; 永續環境:0; 食安健康:1; 勞動福祉:0; 文化共融:0
taipei,d8fc1b3d-b607-42b2-bd76-73bc59a41c91,00002773,臺北市身心障礙鑑定指定醫院聯絡方式一覽表,食安健康,True,True,False,point,醫療資源與食安風險分布,False,3,醫療,就醫,原始資料,衛生局,,衛生局,不定期更新,CSV,中文,2020-11-05T00:00:00,/api/dataset/d8fc1b3d-b607-42b2-bd76-73bc59a41c91/resource/62dca902-1845-4a75-ad2c-f9135b00da7c/download,臺北市身心障礙鑑定指定醫院聯絡方式一覽表。,編號、醫院名稱、行政區域代碼、電話號碼、地址,智慧通勤:0; 韌性防災:0; 永續環境:0; 食安健康:2; 勞動福祉:0; 文化共融:0
taipei,06a3d0c3-1949-4501-b16f-a0c4c036e2d5,00001679,臺北市身障社區長照機構,食安健康,True,True,False,point,醫療資源與食安風險分布,False,3,社福,公共資訊,網路服務,社會局,,社會局,每1年,CSV,中文,2019-10-16T00:00:00,/api/dataset/06a3d0c3-1949-4501-b16f-a0c4c036e2d5/resource/5e6dd32d-ac91-48cd-87ab-776fcc4811b7/download,身心障礙者服務-身障社區長照機構,序號、機構名稱、行政區、地址、電話,智慧通勤:0; 韌性防災:0; 永續環境:0; 食安健康:1; 勞動福祉:1; 文化共融:0
taipei,8e89cf57-9a99-4b45-9b59-063f79c06784,00001549,臺北市輪狀病毒疫苗補助特約院所名單,食安健康,True,True,False,point,醫療資源與食安風險分布,False,3,醫療,就醫,網路服務,衛生局,,衛生局,不定期更新,CSV,中文,2020-05-04T00:00:00,/api/dataset/8e89cf57-9a99-4b45-9b59-063f79c06784/resource/ca78cef0-94cd-443d-9dcf-61ecf9d718ca/download,臺北市輪狀病毒疫苗補助特約院所名單。,行政區、院所、機構類別、院所名稱、地址、電話、語音預約,智慧通勤:0; 韌性防災:0; 永續環境:0; 食安健康:2; 勞動福祉:1; 文化共融:0
taipei,59579c19-a561-4564-8c0f-545bfb32c0f6,00003099,臺北市通過餐飲衛生管理分級評核業者,食安健康,True,True,False,point,醫療資源與食安風險分布,False,3,社福,生活安全及品質,原始資料,衛生局,,衛生局,每1年,CSV,中文,2020-11-25T00:00:00,/api/dataset/59579c19-a561-4564-8c0f-545bfb32c0f6/resource/c5646d80-9118-4439-b924-075f96371d75/download,臺北市通過餐飲衛生管理分級評核業者名單。,行政區域代碼、業者名稱店名、食品業者登錄字號、地址、評核結果,智慧通勤:0; 韌性防災:0; 永續環境:0; 食安健康:2; 勞動福祉:1; 文化共融:0
taipei,3f453e27-dc8f-4556-975a-545e1d374af8,00002776,臺北市酒癮治療服務機構,食安健康,True,True,False,point,醫療資源與食安風險分布,False,3,醫療,就醫,原始資料,衛生局,,衛生局,不定期更新,"CSV,CSV",中文,2020-11-05T00:00:00,"/api/dataset/3f453e27-dc8f-4556-975a-545e1d374af8/resource/ff2e90ba-3d18-464d-b88b-26ffeee3cccd/download,/api/dataset/3f453e27-dc8f-4556-975a-545e1d374af8/resource/12167ebf-08b7-4eb5-85ac-923281c3994f/download",臺北市酒癮治療服務機構。,機構名稱、地址、電話、分機、其他聯絡方式、項次、機構名稱、地址、電話、其他聯絡方式,智慧通勤:0; 韌性防災:0; 永續環境:0; 食安健康:1; 勞動福祉:0; 文化共融:0
taipei,0c9414f2-0706-4f32-87d5-1b84f34cb3ce,00003080,臺北市醫事放射所,食安健康,True,True,False,point,醫療資源與食安風險分布,False,3,醫療,就醫,原始資料,衛生局,,衛生局,每1年,CSV,中文,2020-11-25T00:00:00,/api/dataset/0c9414f2-0706-4f32-87d5-1b84f34cb3ce/resource/fde142e6-62c2-4cd8-bd25-a14bd17af122/download,臺北市醫事放射所。,序號、機構名稱、行政區域代碼、郵遞區號、地址,智慧通勤:0; 韌性防災:0; 永續環境:0; 食安健康:1; 勞動福祉:0; 文化共融:0
taipei,aefb0455-c010-48dc-8162-5b319bcf0a1a,00003079,臺北市醫事檢驗所,食安健康,True,True,False,point,醫療資源與食安風險分布,False,3,醫療,就醫,原始資料,衛生局,,衛生局,每1年,CSV,中文,2020-11-25T00:00:00,/api/dataset/aefb0455-c010-48dc-8162-5b319bcf0a1a/resource/933908fb-88ac-47e3-bb1f-46b4a2d8c70e/download,臺北市醫事檢驗所。,序號、機構名稱、郵遞區號、地址、電話,智慧通勤:0; 韌性防災:0; 永續環境:0; 食安健康:2; 勞動福祉:0; 文化共融:0
taipei,5db24a1c-f838-41df-810c-f86b6a8e9d03,00003091,臺北市青少年親善照護機構名單,食安健康,True,True,False,point,醫療資源與食安風險分布,False,3,醫療,生育保健,原始資料,衛生局,,衛生局,每1年,CSV,中文,2020-11-25T00:00:00,/api/dataset/5db24a1c-f838-41df-810c-f86b6a8e9d03/resource/b5754dc9-2420-4aae-b1ef-3aedfd5ca437/download,臺北市青少年親善照護機構名單。,院所名稱、郵遞區號、行政區、地址、電話,智慧通勤:0; 韌性防災:0; 永續環境:0; 食安健康:2; 勞動福祉:0; 文化共融:0
taipei,54cbed57-31b0-4ad6-b655-078de66acb0d,00001682,臺北市預立醫療照護諮商機構(ACP),食安健康,True,True,False,point,醫療資源與食安風險分布,False,3,醫療,公共資訊,原始資料,衛生局,,衛生局,不定期更新,CSV,中文,2019-12-17T00:00:00,/api/dataset/54cbed57-31b0-4ad6-b655-078de66acb0d/resource/0deaa9c6-afcb-4bcc-8ff4-8894e9b77d0e/download,預立醫療照護諮商機構。,序號、機構名稱、地址、連絡電話、其他聯絡方式、機構諮詢網址,智慧通勤:0; 韌性防災:0; 永續環境:0; 食安健康:2; 勞動福祉:0; 文化共融:0
taipei,40900e11-3002-4c9b-9e23-aa3b72e3d46e,00004058,臺北市食材登錄平台,食安健康,True,True,False,area,醫療資源與食安風險分布,False,3,民政,生活安全及品質,原始資料,衛生局,,衛生局,每1年,CSV,中文,2021-12-07T00:00:00,/api/dataset/40900e11-3002-4c9b-9e23-aa3b72e3d46e/resource/29869b6f-1cd3-4ce8-8c78-eb85aeea8583/download,為建立本市食品來源之追蹤（溯）系統及落實資訊公開透明，臺北市政府衛生局於102年9月9日建置「臺北市食材登錄平台」，並於105年1月13日公告「臺北市食品安全自治條例」，依據第7條陸續公告應強制於平台公開食材來源之業別。本資料集為本市食材登錄平台各專區資料。,行政區域代碼、公司名稱、品牌名稱、產品名稱、原料名稱、原料品牌、相關資訊連結,智慧通勤:0; 韌性防災:0; 永續環境:0; 食安健康:2; 勞動福祉:2; 文化共融:0
taipei,7f24c747-2aeb-4f8a-bb09-344ebc675a7f,00003082,臺北市驗光所,食安健康,True,True,False,point,醫療資源與食安風險分布,False,3,醫療,就醫,原始資料,衛生局,,衛生局,每1年,CSV,中文,2020-11-25T00:00:00,/api/dataset/7f24c747-2aeb-4f8a-bb09-344ebc675a7f/resource/39e24675-292e-402b-849f-44070f24aff6/download,臺北市驗光所。,序號、機構名稱、郵遞區號、地址、電話,智慧通勤:0; 韌性防災:0; 永續環境:0; 食安健康:1; 勞動福祉:0; 文化共融:0
newtaipei,41D4E041-0330-4F87-A5C2-7CF8D97F0E2B,,乳房X光攝影檢查,食安健康,False,True,True,table,醫療資源與食安風險分布,False,2,醫療,就醫,,,,新北市政府衛生局/健康管理科/健康維護股,每年,JSON、CSV、XML,中文,,https://data.ntpc.gov.tw/datasets/41d4e041-0330-4f87-a5c2-7cf8d97f0e2b,新北市乳房X光攝影檢查人數/合約醫療院所數,,智慧通勤:0; 韌性防災:0; 永續環境:0; 食安健康:1; 勞動福祉:0; 文化共融:0
newtaipei,50521FEE-598C-42FD-81F2-99DB49D380E2,,大腸癌篩檢人數及醫療院所數,食安健康,False,True,True,table,醫療資源與食安風險分布,False,2,醫療,就醫,,,,新北市政府衛生局/健康管理科/健康維護股,每年,JSON、CSV、XML,中文,,https://data.ntpc.gov.tw/datasets/50521fee-598c-42fd-81f2-99db49d380e2,新北市大腸癌篩檢人數及醫療院所數,,智慧通勤:0; 韌性防災:0; 永續環境:0; 食安健康:1; 勞動福祉:0; 文化共融:0
newtaipei,26A3ADD2-E8EF-4EB8-BA4B-CB3987B2F729,,子宮頸抹片篩檢人數及醫療院所數,食安健康,False,True,True,table,醫療資源與食安風險分布,False,2,醫療,就醫,,,,新北市政府衛生局/健康管理科/健康維護股,每年,JSON、CSV、XML,中文,,https://data.ntpc.gov.tw/datasets/26a3add2-e8ef-4eb8-ba4b-cb3987b2f729,新北市子宮頸抹片篩檢人數及醫療院所數,,智慧通勤:0; 韌性防災:0; 永續環境:0; 食安健康:1; 勞動福祉:0; 文化共融:0
newtaipei,807110B4-A711-45BF-9493-D46CD22118C8,,新北市中醫一般科醫療機構,食安健康,False,True,False,table,醫療資源與食安風險分布,True,2,醫療,就醫,,,,新北市政府衛生局/醫事管理科/醫政管理股,不更新,JSON、CSV、XML、KML,中文,,https://data.ntpc.gov.tw/datasets/807110b4-a711-45bf-9493-d46cd22118c8,新北市中醫一般科醫療機構清單,,智慧通勤:0; 韌性防災:0; 永續環境:0; 食安健康:1; 勞動福祉:0; 文化共融:0
newtaipei,D041976E-DE7A-473A-8667-DAA9833D777A,,新北市兒科醫療機構,食安健康,False,True,False,table,醫療資源與食安風險分布,True,2,醫療,就醫,,,,新北市政府衛生局/醫事管理科/醫政管理股,每年,JSON、CSV、XML、KML,中文,,https://data.ntpc.gov.tw/datasets/d041976e-de7a-473a-8667-daa9833d777a,"新北市兒科醫療機構清單
",,智慧通勤:0; 韌性防災:0; 永續環境:0; 食安健康:1; 勞動福祉:0; 文化共融:0
newtaipei,E8244D31-E0E5-459D-87BA-3C188706FBEE,,新北市內科醫療機構,食安健康,False,True,False,table,醫療資源與食安風險分布,True,2,醫療,就醫,,,,新北市政府衛生局/醫事管理科/醫政管理股,不更新,JSON、CSV、XML、KML,中文,,https://data.ntpc.gov.tw/datasets/e8244d31-e0e5-459d-87ba-3c188706fbee,"新北市內科醫療機構清單
",,智慧通勤:0; 韌性防災:0; 永續環境:0; 食安健康:1; 勞動福祉:0; 文化共融:0
newtaipei,33FD4E99-6F9F-4DE9-B752-E4DBF102E060,,新北市口腔病理科醫療機構,食安健康,False,True,False,table,醫療資源與食安風險分布,True,2,醫療,就醫,,,,新北市政府衛生局/醫事管理科/醫政管理股,每年,JSON、CSV、XML、KML,中文,,https://data.ntpc.gov.tw/datasets/33fd4e99-6f9f-4de9-b752-e4dbf102e060,"新北市口腔病理科醫療機構清單
",,智慧通勤:0; 韌性防災:0; 永續環境:0; 食安健康:1; 勞動福祉:0; 文化共融:0
newtaipei,E922E439-A892-4BD3-B756-5A9AFB3812B6,,新北市外科醫療機構,食安健康,False,True,False,table,醫療資源與食安風險分布,True,2,醫療,就醫,,,,新北市政府衛生局/醫事管理科/醫政管理股,不更新,JSON、CSV、XML、KML,中文,,https://data.ntpc.gov.tw/datasets/e922e439-a892-4bd3-b756-5a9afb3812b6,"新北市外科醫療機構清單
",,智慧通勤:0; 韌性防災:0; 永續環境:0; 食安健康:1; 勞動福祉:0; 文化共融:0
newtaipei,77AE6D31-3A9C-49EC-9299-BCD4E19571EF,,新北市婦產科醫療機構,食安健康,False,True,False,table,醫療資源與食安風險分布,True,2,醫療,就醫,,,,新北市政府衛生局/醫事管理科/醫政管理股,不更新,JSON、CSV、XML、KML,中文,,https://data.ntpc.gov.tw/datasets/77ae6d31-3a9c-49ec-9299-bcd4e19571ef,"新北市婦產科醫療機構清單
",,智慧通勤:0; 韌性防災:0; 永續環境:0; 食安健康:1; 勞動福祉:0; 文化共融:0
newtaipei,9E1C1ABA-4E0B-4D5A-8755-EFA1F09ABE65,,新北市家庭醫學科醫療機構,食安健康,False,True,False,table,醫療資源與食安風險分布,True,2,醫療,就醫,,,,新北市政府衛生局/醫事管理科/醫政管理股,不更新,JSON、CSV、XML、KML,中文,,https://data.ntpc.gov.tw/datasets/9e1c1aba-4e0b-4d5a-8755-efa1f09abe65,新北市家庭醫學科醫療機構清單,,智慧通勤:0; 韌性防災:0; 永續環境:0; 食安健康:1; 勞動福祉:0; 文化共融:0
newtaipei,26095B7A-1E2D-46F6-A1C6-146FD302E003,,新北市復健科醫療機構,食安健康,False,True,False,table,醫療資源與食安風險分布,True,2,醫療,就醫,,,,新北市政府衛生局/醫事管理科/醫政管理股,每年,JSON、CSV、XML、KML,中文,,https://data.ntpc.gov.tw/datasets/26095b7a-1e2d-46f6-a1c6-146fd302e003,新北市復健科醫療機構清單,,智慧通勤:0; 韌性防災:0; 永續環境:0; 食安健康:1; 勞動福祉:0; 文化共融:0
newtaipei,5210F67B-7EE8-4238-AD2F-351CC48BDD16,,新北市放射腫瘤科醫療機構,食安健康,False,True,False,table,醫療資源與食安風險分布,True,2,醫療,就醫,,,,新北市政府衛生局/醫事管理科/醫政管理股,每年,JSON、CSV、XML、KML,中文,,https://data.ntpc.gov.tw/datasets/5210f67b-7ee8-4238-ad2f-351cc48bdd16,"新北市放射腫瘤科醫療機構清單
",,智慧通勤:0; 韌性防災:0; 永續環境:0; 食安健康:1; 勞動福祉:0; 文化共融:0
newtaipei,8219A83F-73B1-4B66-8DDD-662D8329386A,,新北市放射診斷科醫療機構,食安健康,False,True,False,table,醫療資源與食安風險分布,True,2,醫療,就醫,,,,新北市政府衛生局/醫事管理科/醫政管理股,不更新,JSON、CSV、XML、KML,中文,,https://data.ntpc.gov.tw/datasets/8219a83f-73b1-4b66-8ddd-662d8329386a,"新北市放射診斷科醫療機構清單
",,智慧通勤:0; 韌性防災:0; 永續環境:0; 食安健康:1; 勞動福祉:0; 文化共融:0
newtaipei,5E68807F-9CF7-42D1-A687-106C5914A5BB,,新北市整形外科醫療機構,食安健康,False,True,False,table,醫療資源與食安風險分布,True,2,醫療,就醫,,,,新北市政府衛生局/醫事管理科/醫政管理股,不更新,JSON、CSV、XML、KML,中文,,https://data.ntpc.gov.tw/datasets/5e68807f-9cf7-42d1-a687-106c5914a5bb,"新北市整形外科醫療機構清單
",,智慧通勤:0; 韌性防災:0; 永續環境:0; 食安健康:1; 勞動福祉:0; 文化共融:0
newtaipei,D9D81FAC-935A-4C75-AEF6-41AFB668502A,,新北市核子醫學科醫療機構,食安健康,False,True,False,table,醫療資源與食安風險分布,True,2,醫療,就醫,,,,新北市政府衛生局/醫事管理科/醫政管理股,每年,JSON、CSV、XML、KML,中文,,https://data.ntpc.gov.tw/datasets/d9d81fac-935a-4c75-aef6-41afb668502a,"新北市核子醫學科醫療機構清單
",,智慧通勤:0; 韌性防災:0; 永續環境:0; 食安健康:1; 勞動福祉:0; 文化共融:0
newtaipei,9E36F533-38E9-49FE-99FE-B711CFCBE4C5,,新北市泌尿科醫療機構,食安健康,False,True,False,table,醫療資源與食安風險分布,True,2,醫療,就醫,,,,新北市政府衛生局/醫事管理科/醫政管理股,不更新,JSON、CSV、XML、KML,中文,,https://data.ntpc.gov.tw/datasets/9e36f533-38e9-49fe-99fe-b711cfcbe4c5,"新北市泌尿科醫療機構清單
",,智慧通勤:0; 韌性防災:0; 永續環境:0; 食安健康:1; 勞動福祉:0; 文化共融:0
newtaipei,248E3ECC-975F-494F-8FDB-1D1A177B8C72,,新北市牙醫一般科醫療機構,食安健康,False,True,False,table,醫療資源與食安風險分布,True,2,醫療,就醫,,,,新北市政府衛生局/醫事管理科/醫政管理股,不更新,JSON、CSV、XML、KML,中文,,https://data.ntpc.gov.tw/datasets/248e3ecc-975f-494f-8fdb-1d1a177b8c72,新北市牙醫一般科醫療機構清單,,智慧通勤:0; 韌性防災:0; 永續環境:0; 食安健康:1; 勞動福祉:0; 文化共融:0
newtaipei,407C317B-3253-45CC-8755-89C1480E5A55,,新北市皮膚科醫療機構,食安健康,False,True,False,table,醫療資源與食安風險分布,True,2,醫療,就醫,,,,新北市政府衛生局/醫事管理科/醫政管理股,不更新,JSON、CSV、XML、KML,中文,,https://data.ntpc.gov.tw/datasets/407c317b-3253-45cc-8755-89c1480e5a55,"新北市皮膚科醫療機構清單
",,智慧通勤:0; 韌性防災:0; 永續環境:0; 食安健康:1; 勞動福祉:0; 文化共融:0
newtaipei,48A4DA9C-3A1B-4247-AFDE-47ABB1ED6A4D,,新北市眼科醫療機構,食安健康,False,True,False,table,醫療資源與食安風險分布,True,2,醫療,就醫,,,,新北市政府衛生局/醫事管理科/醫政管理股,每年,JSON、CSV、XML、KML,中文,,https://data.ntpc.gov.tw/datasets/48a4da9c-3a1b-4247-afde-47abb1ed6a4d,"新北市眼科醫療機構清單
",,智慧通勤:0; 韌性防災:0; 永續環境:0; 食安健康:1; 勞動福祉:0; 文化共融:0
newtaipei,AC00C222-56C1-4359-B010-CC97D0E48F2D,,新北市神經外科醫療機構,食安健康,False,True,False,table,醫療資源與食安風險分布,True,2,醫療,就醫,,,,新北市政府衛生局/醫事管理科/醫政管理股,不更新,JSON、CSV、XML、KML,中文,,https://data.ntpc.gov.tw/datasets/ac00c222-56c1-4359-b010-cc97d0e48f2d,新北市神經外科醫療機構清單,,智慧通勤:0; 韌性防災:0; 永續環境:0; 食安健康:1; 勞動福祉:0; 文化共融:0
newtaipei,9E0CFB4A-D272-4D5A-A481-C86ED1A62021,,新北市神經科醫療機構,食安健康,False,True,False,table,醫療資源與食安風險分布,True,2,醫療,就醫,,,,新北市政府衛生局/醫事管理科/醫政管理股,每年,JSON、CSV、XML、KML,中文,,https://data.ntpc.gov.tw/datasets/9e0cfb4a-d272-4d5a-a481-c86ed1a62021,"新北市神經科醫療機構清單
",,智慧通勤:0; 韌性防災:0; 永續環境:0; 食安健康:1; 勞動福祉:0; 文化共融:0
newtaipei,44FC194A-9964-4F5A-AC0D-DE7CF49660CE,,新北市耳鼻喉科醫療機構,食安健康,False,True,False,table,醫療資源與食安風險分布,True,2,醫療,就醫,,,,新北市政府衛生局/醫事管理科/醫政管理股,不更新,JSON、CSV、XML、KML,中文,,https://data.ntpc.gov.tw/datasets/44fc194a-9964-4f5a-ac0d-de7cf49660ce,"新北市耳鼻喉科醫療機構清單
",,智慧通勤:0; 韌性防災:0; 永續環境:0; 食安健康:1; 勞動福祉:0; 文化共融:0
newtaipei,9FE74827-E89B-4560-A77D-98F4BC67DE1A,,新北市臨床病理科醫療機構,食安健康,False,True,False,table,醫療資源與食安風險分布,True,2,醫療,就醫,,,,新北市政府衛生局/醫事管理科/醫政管理股,不更新,JSON、CSV、XML、KML,中文,,https://data.ntpc.gov.tw/datasets/9fe74827-e89b-4560-a77d-98f4bc67de1a,新北市臨床病理科醫療機構清單,,智慧通勤:0; 韌性防災:0; 永續環境:0; 食安健康:1; 勞動福祉:0; 文化共融:0
newtaipei,EC49095F-7383-4008-BA4F-3208068CEAA8,,新北市西醫一般科醫療機構,食安健康,False,True,False,table,醫療資源與食安風險分布,True,2,醫療,就醫,,,,新北市政府衛生局/醫事管理科/醫政管理股,不更新,JSON、CSV、XML、KML,中文,,https://data.ntpc.gov.tw/datasets/ec49095f-7383-4008-ba4f-3208068ceaa8,"新北市西醫一般科醫療機構清單
",,智慧通勤:0; 韌性防災:0; 永續環境:0; 食安健康:1; 勞動福祉:0; 文化共融:0
newtaipei,2B076FBD-766D-4108-8266-8399C3EA92B8,,新北市解剖病理科醫療機構,食安健康,False,True,False,table,醫療資源與食安風險分布,True,2,醫療,就醫,,,,新北市政府衛生局/醫事管理科/醫政管理股,不更新,JSON、CSV、XML、KML,中文,,https://data.ntpc.gov.tw/datasets/2b076fbd-766d-4108-8266-8399c3ea92b8,"新北市解剖病理科醫療機構清單
",,智慧通勤:0; 韌性防災:0; 永續環境:0; 食安健康:1; 勞動福祉:0; 文化共融:0
newtaipei,1C770555-C917-4D96-9E6E-9601C496B8ED,,新北市骨科醫療機構,食安健康,False,True,False,table,醫療資源與食安風險分布,True,2,醫療,就醫,,,,新北市政府衛生局/醫事管理科/醫政管理股,不更新,JSON、CSV、XML、KML,中文,,https://data.ntpc.gov.tw/datasets/1c770555-c917-4d96-9e6e-9601c496b8ed,"新北市骨科醫療機構清單
",,智慧通勤:0; 韌性防災:0; 永續環境:0; 食安健康:1; 勞動福祉:0; 文化共融:0
newtaipei,016D9BEC-CB7E-4D2D-8E06-5027B3510426,,新北市麻醉科醫療機構,食安健康,False,True,False,table,醫療資源與食安風險分布,True,2,醫療,就醫,,,,新北市政府衛生局/醫事管理科/醫政管理股,每年,JSON、CSV、XML、KML,中文,,https://data.ntpc.gov.tw/datasets/016d9bec-cb7e-4d2d-8e06-5027b3510426,"新北市麻醉科醫療機構清單
",,智慧通勤:0; 韌性防災:0; 永續環境:0; 食安健康:1; 勞動福祉:0; 文化共融:0
newtaipei,14D20331-8190-4D1E-BA21-045A62A996A6,,新北市齒顎矯正科醫療機構,食安健康,False,True,False,table,醫療資源與食安風險分布,True,2,醫療,就醫,,,,新北市政府衛生局/醫事管理科/醫政管理股,不更新,JSON、CSV、XML、KML,中文,,https://data.ntpc.gov.tw/datasets/14d20331-8190-4d1e-ba21-045a62a996a6,新北市齒顎矯正科醫療機構清單,,智慧通勤:0; 韌性防災:0; 永續環境:0; 食安健康:1; 勞動福祉:0; 文化共融:0
newtaipei,C4B03648-1693-405A-A4A7-333EF82D341D,,死亡人數－主要癌症,食安健康,False,True,True,table,醫療資源與食安風險分布,False,2,統計,公共資訊,,,,新北市政府主計處/公務統計科,每年,JSON、CSV、XML,中文,,https://data.ntpc.gov.tw/datasets/c4b03648-1693-405a-a4a7-333ef82d341d,"1.新北市死亡人數－主要癌症(含性別)
2.單位：人
3.各項欄位說明詳參新北市性別圖像電子檔(網址：http://www.bas.ntpc.gov.tw/home.jsp?id=MTI5)或電洽主計處查詢。",,智慧通勤:0; 韌性防災:0; 永續環境:0; 食安健康:1; 勞動福祉:0; 文化共融:0
newtaipei,9962AEE3-03A2-4358-980A-9444495C6576,,醫療服務,食安健康,False,True,True,table,醫療資源與食安風險分布,False,2,統計,公共資訊,,,,新北市政府主計處/公務統計科,每年,JSON、CSV、XML,中文,,https://data.ntpc.gov.tw/datasets/9962aee3-03a2-4358-980a-9444495c6576,"1.新北市醫療服務(含性別)
2.單位：歲；人/十萬人；件數(萬)；點數(萬)
3.各項欄位說明詳參新北市性別圖像電子檔(網址：http://www.bas.ntpc.gov.tw/home.jsp?id=MTI5)或電洽主計處查詢。",,智慧通勤:0; 韌性防災:0; 永續環境:0; 食安健康:1; 勞動福祉:0; 文化共融:0
newtaipei,D67EC90F-2045-4FA1-A41E-1ABC6ABA62DD,,食品業者登錄數,食安健康,False,True,False,table,醫療資源與食安風險分布,True,2,醫療,生活安全及品質,,,,新北市政府衛生局/食品藥物管理科/食品股,每季,JSON、CSV、XML,中文,,https://data.ntpc.gov.tw/datasets/d67ec90f-2045-4fa1-a41e-1abc6aba62dd,食品業者登錄數。,,智慧通勤:0; 韌性防災:0; 永續環境:0; 食安健康:2; 勞動福祉:0; 文化共融:0
taipei,ad34fe4d-3d82-469a-af79-34f095392405,00000768,臺北市三高篩檢,食安健康,False,True,True,table,醫療資源與食安風險分布,False,2,醫療,就醫,原始資料,衛生局,,衛生局,每3月,"CSV,CSV,CSV,CSV,CSV,CSV,CSV,CSV,CSV,CSV,CSV,CSV,CSV,CSV,CSV,CSV,CSV,CSV,CSV,CSV,CSV,CSV,CSV,CSV,CSV,CSV,CSV,CSV,CSV,CSV,CSV,CSV,CSV,CSV,CSV,CSV,CSV,CSV,CSV,CSV",中文,2020-07-13T00:00:00,"/api/dataset/ad34fe4d-3d82-469a-af79-34f095392405/resource/e08e4a5f-31c1-4f5e-bd57-e1ec195ff1cf/download,/api/dataset/ad34fe4d-3d82-469a-af79-34f095392405/resource/b18f7e56-4174-47a1-929d-e9866b4b4cfa/download,/api/dataset/ad34fe4d-3d82-469a-af79-34f095392405/resource/74387f25-2dca-4eb6-8a68-20d7e96d641b/download,/api/dataset/ad34fe4d-3d82-469a-af79-34f095392405/resource/2071da6f-d2fa-4561-b7f0-959f85516e50/download,/api/dataset/ad34fe4d-3d82-469a-af79-34f095392405/resource/f525546c-8b4e-4b8c-84e3-ff38d029ff5e/download,/api/dataset/ad34fe4d-3d82-469a-af79-34f095392405/resource/88fa46cd-a1dc-4384-915c-598852426502/download,/api/dataset/ad34fe4d-3d82-469a-af79-34f095392405/resource/25540a87-cfff-4e6f-abac-e78aa453c904/download,/api/dataset/ad34fe4d-3d82-469a-af79-34f095392405/resource/d774a996-40c0-41c2-8e61-b268680e9528/download,/api/dataset/ad34fe4d-3d82-469a-af79-34f095392405/resource/181fba79-31b4-4746-96b3-c5a090273b33/download,/api/dataset/ad34fe4d-3d82-469a-af79-34f095392405/resource/dd66ee13-062a-4c76-9271-aaea6d846b1f/download,/api/dataset/ad34fe4d-3d82-469a-af79-34f095392405/resource/5e89fe2a-67a2-4bb1-909f-d55ef1740bc7/download,/api/dataset/ad34fe4d-3d82-469a-af79-34f095392405/resource/cae64d9d-5f00-4340-9949-d56d6de1d0ea/download,/api/dataset/ad34fe4d-3d82-469a-af79-34f095392405/resource/b746296c-8bf9-4f7a-8164-d1b1fd1aa911/download,/api/dataset/ad34fe4d-3d82-469a-af79-34f095392405/resource/96d283fb-6f74-4851-8fd0-70d85d2dae82/download,/api/dataset/ad34fe4d-3d82-469a-af79-34f095392405/resource/fed8dcc2-dd0e-40dc-a336-61d582aad273/download,/api/dataset/ad34fe4d-3d82-469a-af79-34f095392405/resource/dcffc477-9599-4891-a9a4-a30bf6cf6df6/download,/api/dataset/ad34fe4d-3d82-469a-af79-34f095392405/resource/f83029fb-c466-4663-865f-22fa8b3e043d/download,/api/dataset/ad34fe4d-3d82-469a-af79-34f095392405/resource/c5678a9f-fe7b-4c51-9963-fb2fd5a6df29/download,/api/dataset/ad34fe4d-3d82-469a-af79-34f095392405/resource/66d87307-1161-47a5-b4e5-898f85b7b1c9/download,/api/dataset/ad34fe4d-3d82-469a-af79-34f095392405/resource/06e1486f-dac8-4cf4-8eeb-229fa05fc604/download,/api/dataset/ad34fe4d-3d82-469a-af79-34f095392405/resource/18a67c3f-05b7-46e8-bb4b-b70f66091e26/download,/api/dataset/ad34fe4d-3d82-469a-af79-34f095392405/resource/5f46f94f-3978-4ee6-af54-24232ad60d4c/download,/api/dataset/ad34fe4d-3d82-469a-af79-34f095392405/resource/53bb0189-ca01-4381-af5a-8c3e4632eb26/download,/api/dataset/ad34fe4d-3d82-469a-af79-34f095392405/resource/5f8453ce-25f0-42c8-8f79-4875983301aa/download,/api/dataset/ad34fe4d-3d82-469a-af79-34f095392405/resource/05fdd931-2d6f-44f5-8a59-7db66b637ad2/download,/api/dataset/ad34fe4d-3d82-469a-af79-34f095392405/resource/601e8b6e-b584-4655-977c-1b7c3c37383a/download,/api/dataset/ad34fe4d-3d82-469a-af79-34f095392405/resource/c2faa7a7-90cc-4397-8365-51a1e60f534a/download,/api/dataset/ad34fe4d-3d82-469a-af79-34f095392405/resource/87b947ec-2ff7-4ede-ad48-26366d4d5ec7/download,/api/dataset/ad34fe4d-3d82-469a-af79-34f095392405/resource/971656e0-f731-4107-b501-fabaa4b0c459/download,/api/dataset/ad34fe4d-3d82-469a-af79-34f095392405/resource/3112402b-a4f0-4ce4-8dd4-bb5a66785e87/download,/api/dataset/ad34fe4d-3d82-469a-af79-34f095392405/resource/03e56fb4-d7f4-4bf9-ae29-a8e4a0f5be2f/download,/api/dataset/ad34fe4d-3d82-469a-af79-34f095392405/resource/b2678c8d-461f-41eb-bdc0-18f553497526/download,/api/dataset/ad34fe4d-3d82-469a-af79-34f095392405/resource/3038a823-f81d-4add-b32f-c7e5a6e76134/download,/api/dataset/ad34fe4d-3d82-469a-af79-34f095392405/resource/e8d8b1b4-a326-4674-a5e8-e2a402f08654/download,/api/dataset/ad34fe4d-3d82-469a-af79-34f095392405/resource/df0288fb-e648-4f40-adc7-1069882a78f9/download,/api/dataset/ad34fe4d-3d82-469a-af79-34f095392405/resource/34de880d-7d5a-45f0-9e58-99573effff31/download,/api/dataset/ad34fe4d-3d82-469a-af79-34f095392405/resource/d21ab8c2-269f-4af9-ad19-e523da165b57/download,/api/dataset/ad34fe4d-3d82-469a-af79-34f095392405/resource/78459cf6-e1dd-4fea-aed1-6c71fe8db31c/download,/api/dataset/ad34fe4d-3d82-469a-af79-34f095392405/resource/8042d72b-de15-43f3-9573-cf38810af4e8/download,/api/dataset/ad34fe4d-3d82-469a-af79-34f095392405/resource/c680b7ad-92bd-4f88-9038-05cbd6f35081/download",三高篩檢。,項目別、篩檢人數、異常人數、異常率、完成追蹤人數、完成追蹤率、確認新案人數,智慧通勤:0; 韌性防災:0; 永續環境:0; 食安健康:1; 勞動福祉:0; 文化共融:0
taipei,04324b43-5f80-4c96-87d3-a0a746a6b27d,00002152,臺北市主要癌症死亡原因,食安健康,False,True,True,table,醫療資源與食安風險分布,False,2,統計,公共資訊,原始資料,主計處,,主計處,每1年,CSV,中文,2020-10-12T00:00:00,https://tsis.dbas.gov.taipei/statis/webMain.aspx?sys=220&ymf=8100&kind=21&type=0&funid=A05032501&cycle=4&outmode=12&compmode=0&outkind=3&deflst=2&nzo=1,臺北市主要癌症死亡原因時間數列統計資料,統計期、死因別、主要死亡原因順位、死亡人數/合計[人]、死亡人數/男[人]、死亡人數/女[人]、死亡率/合計[人/十萬人口]、死亡率/男[人/十萬人口]、死亡率/女[人/十萬人口],智慧通勤:0; 韌性防災:0; 永續環境:0; 食安健康:1; 勞動福祉:1; 文化共融:0
taipei,7d35c2d6-f331-4312-9e8d-aa7a9f279d05,00002163,臺北市主要癌症死因死亡率,食安健康,False,True,True,table,醫療資源與食安風險分布,False,2,統計,公共資訊,原始資料,主計處,,主計處,每1年,CSV,中文,2020-10-12T00:00:00,https://tsis.dbas.gov.taipei/statis/webMain.aspx?sys=220&ymf=8100&kind=21&type=0&funid=A05032901&cycle=4&outmode=12&compmode=0&outkind=1&deflst=2&nzo=1,臺北市主要癌症死因死亡率時間數列統計資料,統計期、死亡率/ 所有癌症死亡原因、死亡率/ 氣管支氣管和肺癌、死亡率/ 肝和肝內膽管癌、死亡率/ 結腸直腸和肛門癌、死亡率/ 女性乳癌、死亡率/ 胃癌、死亡率/ 前列腺[攝護腺]癌、死亡率/ 胰臟癌、死亡率/ 口腔癌、死亡率/ 子宮頸及部位未明示子宮癌、死亡率/ 食道癌、死亡率/ 卵巢癌、死亡率/ 非何杰金淋巴癌、死亡率/ 白血病、標準化死亡率/ 所有癌症死亡原因、標準化死亡率/ 氣管支氣管和肺癌、標準化死亡率/ 肝和肝內膽管癌、標準化死亡率/ 結腸直腸和肛門癌、標準化死亡率/ 女性乳癌、標準化死亡率/ 胃癌、標準化死亡率/ 前列腺[攝護腺]癌、標準化死亡率/ 胰臟癌、標準化死亡率/ 口腔癌、標準化死亡率/ 子宮頸及部位未明示子宮癌、標準化死亡率/ 食道癌、標準化死亡率/ 卵巢癌、標準化死亡率/ 非何杰金淋巴癌、標準化死亡率/ 白血病,智慧通勤:0; 韌性防災:0; 永續環境:0; 食安健康:1; 勞動福祉:0; 文化共融:0
taipei,cfb9da20-c451-4982-909a-0fad4ae93754,00002237,臺北市事業單位勞工檢查次數(82年以後),食安健康,False,True,True,table,醫療資源與食安風險分布,False,2,統計,求職及就業,原始資料,主計處,,主計處,每1年,CSV,中文,2021-03-03T00:00:00,https://tsis.dbas.gov.taipei/statis/webMain.aspx?sys=220&ymf=8200&kind=21&type=0&funid=a05007002&cycle=4&outmode=12&compmode=0&outkind=1&deflst=2&nzo=1,"臺北市事業單位勞工檢查次數(82年以後)時間數列統計資料
",統計期、事業單位勞工檢查次數/一般行業勞動條件檢查[次]、事業單位勞工檢查次數/一般行業安全衛生檢查[次]、事業單位勞工檢查次數/營造業勞動條件檢查[次]、事業單位勞工檢查次數/營造業安全衛生檢查[次]、事業單位勞工檢查次數/專業檢查[次]、事業單位勞工檢查次數/危險性機械及設備檢查[次]、事業單位勞工檢查次數/礦場安全衛生檢查[次]、列管特別危害健康作業/辦理健康檢查事業單位數[家次]、列管特別危害健康作業/從事特別危害健康作業勞工人數[人],智慧通勤:0; 韌性防災:0; 永續環境:0; 食安健康:2; 勞動福祉:2; 文化共融:0
taipei,f39ea615-ee63-4639-a925-474a12350287,00002069,臺北市傳染病預防接種完成率,食安健康,False,True,True,table,醫療資源與食安風險分布,False,2,統計,生育保健,原始資料,主計處,,主計處,每1年,CSV,中文,2021-02-25T00:00:00,https://tsis.dbas.gov.taipei/statis/webMain.aspx?sys=220&ymf=8900&kind=21&type=0&funid=a05031601&cycle=4&outmode=12&compmode=0&outkind=1&deflst=2&nzo=1,臺北市傳染病預防接種完成率時間數列統計資料,統計期、卡介苗接種率、白喉百日咳破傷風混合疫苗接種率、小兒痲痺口服疫苗接種率、五合一疫苗接種率、破傷風減量白喉混合疫苗接種率、減量破傷風白喉非細胞性百日咳混合疫苗接種率、白喉破傷風非細胞性百日咳及不活化小兒麻痺混合疫苗接種率、B型肝炎疫苗接種率、日本腦炎疫苗接種率、活性減毒日本腦炎疫苗接種率、13價結合型肺炎鏈球菌疫苗接種率、痲疹腮腺炎德國痲疹混合疫苗接種率、水痘疫苗接種率、A型肝炎疫苗接種率,智慧通勤:0; 韌性防災:0; 永續環境:0; 食安健康:1; 勞動福祉:0; 文化共融:0
taipei,20861a8f-fca3-41aa-8f5a-77500fd0ed2e,00002067,臺北市傳染病預防接種工作(57年至96年),食安健康,False,True,True,table,醫療資源與食安風險分布,False,2,統計,生育保健,原始資料,主計處,,主計處,每1年,CSV,中文,2020-10-08T00:00:00,https://tsis.dbas.gov.taipei/statis/webMain.aspx?sys=220&ymf=5700&ymt=9600&kind=21&type=0&funid=a05031501&cycle=4&outmode=12&compmode=0&outkind=1&deflst=2&nzo=1,臺北市傳染病預防接種工作(57年至96年)時間數列統計資料,統計期、總計[人次]、卡介苗疫苗[人次]、白喉百日咳破傷風混合疫苗[人次]、小兒麻痺口服疫苗[人次]、破傷風減量白喉混合疫苗[人次]、B型肝炎疫苗[人次]、麻疹疫苗[人次]、麻疹腮腺炎及德國麻疹混合疫苗[人次]、日本腦炎疫苗[人次]、水痘疫苗[人次]、傷寒及副傷寒疫苗[人次]、霍亂疫苗[人次]、牛痘疫苗[人次]、破傷風疫苗[人次]、德國麻疹疫苗[人次],智慧通勤:0; 韌性防災:0; 永續環境:0; 食安健康:1; 勞動福祉:0; 文化共融:0
taipei,7b6b159f-d413-43f4-914d-d77d5fe63568,00002147,臺北市兒童醫療補助,食安健康,False,True,True,table,醫療資源與食安風險分布,False,2,統計,公共資訊,原始資料,主計處,,主計處,每1年,CSV,中文,2021-02-25T00:00:00,https://tsis.dbas.gov.taipei/statis/webMain.aspx?sys=220&ymf=8700&kind=21&type=0&funid=a05032301&cycle=4&outmode=12&compmode=0&outkind=1&deflst=2&nzo=1,臺北市兒童醫療補助時間數列統計資料,統計期、補助人次/總計[人次]、補助金額/總計[元]、補助人次/門診/合計[人次]、補助金額/門診/合計[元]、補助人次/門診/門診[人次]、補助金額/門診/門診[元]、補助人次/門診/急診[人次]、補助金額/門診/急診[元]、補助金額/門診/健康諮詢[元]、補助金額/門診/其他[元]、補助人次/住院/合計[人次]、補助金額/住院/合計[元]、補助人次/住院/住院[人次]、補助金額/住院/住院[元]、補助金額/住院/其他[元],智慧通勤:0; 韌性防災:0; 永續環境:0; 食安健康:2; 勞動福祉:1; 文化共融:0
taipei,54683107-e682-4f9c-b17b-ef9b7dd1aeac,00002141,臺北市全民健康保險投保概況,食安健康,False,True,True,table,醫療資源與食安風險分布,False,2,統計,公共資訊,原始資料,主計處,,主計處,每1年,CSV,中文,2021-01-28T00:00:00,https://tsis.dbas.gov.taipei/statis/webMain.aspx?sys=220&ymf=8400&kind=21&type=0&funid=a05032201&cycle=4&outmode=12&compmode=0&outkind=1&deflst=2&nzo=1,臺北市全民健康保險投保概況時間數列統計資料,統計期、投保單位[個]、投保人數對象[人]、醫療費用核付/總計/件數[千件]、醫療費用核付/總計/金額[百萬元]、醫療費用核付/住院/件數[千件]、醫療費用核付/門診/件數[千件]、醫療費用核付/住院/金額[百萬元]、醫療費用核付/門診/金額[百萬元],智慧通勤:0; 韌性防災:0; 永續環境:0; 食安健康:2; 勞動福祉:0; 文化共融:0
taipei,cd3ad198-0d43-4bda-a2c2-97e57e178038,00003694,臺北市勞動檢查概況,食安健康,False,True,True,table,醫療資源與食安風險分布,False,2,勞動,生活安全及品質,原始資料,勞動局,勞檢處,勞動局勞檢處,不定期更新,CSV,中文,2021-01-14T00:00:00,/api/dataset/cd3ad198-0d43-4bda-a2c2-97e57e178038/resource/994ae420-fb5b-4e3e-8160-723777bdedaf/download,臺北市實施勞動檢查概況統計資訊。　　,年度、直轄市、行業別、安全衛生（數量）、勞動條件（數量）,智慧通勤:0; 韌性防災:0; 永續環境:0; 食安健康:1; 勞動福祉:0; 文化共融:0
taipei,a17a3cb1-8fae-423b-8ace-106caf8391bf,00002173,臺北市受聘僱外國人(移工)健康管理工作,食安健康,False,True,True,table,醫療資源與食安風險分布,False,2,統計,公共資訊,原始資料,主計處,,主計處,每1年,CSV,中文,2022-02-15T00:00:00,https://tsis.dbas.gov.taipei/statis/webMain.aspx?sys=220&ymf=8800&kind=21&type=0&funid=a05033301&cycle=4&outmode=12&compmode=0&outkind=3&deflst=2&nzo=1,"臺北市受聘僱外國人(移工)健康管理工作時間數列統計資料
",統計期、性別、健檢人數/總計[人]、健檢人數/合格[人]、健檢人數/不合格[人]、健檢人數/不合格/腸內寄生蟲檢查[人]、健檢不合格率[%]、健檢不合格人次/總計[人次]、健檢不合格人次/X光肺部檢查[人次]、健檢不合格人次/HIV抗體WB檢查[人次]、健檢不合格人次/梅毒血清檢查[人次]、健檢不合格人次/腸內寄生蟲檢查[人次]、健檢不合格人次/其他[人次],智慧通勤:0; 韌性防災:0; 永續環境:0; 食安健康:1; 勞動福祉:0; 文化共融:0
taipei,78ed6269-1517-46c9-aa5c-291ccc4c9ef3,00002228,臺北市國民中小學學生健康情形,食安健康,False,True,True,table,醫療資源與食安風險分布,False,2,統計,公共資訊,原始資料,主計處,,主計處,每1年,CSV,中文,2020-10-13T00:00:00,https://tsis.dbas.gov.taipei/statis/webMain.aspx?sys=220&ymf=8700&kind=21&type=0&funid=a05009701&cycle=4&outmode=12&compmode=0&outkind=1&deflst=2&nzo=1,"臺北市國民中小學學生健康情形時間數列統計資料
","統計期、一年級學生平均身高數值[公分]、一年級學生平均體重數值[公斤]、一年級學生齲齒率[%]、七年級學生平均身高數值[公分]、七年級學生平均體重數值[公斤]
",智慧通勤:0; 韌性防災:0; 永續環境:0; 食安健康:1; 勞動福祉:0; 文化共融:0
taipei,69f07d87-a877-42bb-bb83-45ec15aca3c0,00029336,臺北市學前兒童聽力篩檢成果,食安健康,False,True,True,table,醫療資源與食安風險分布,False,2,醫療,生育保健,原始資料,衛生局,,衛生局,每1年,CSV,中文,2022-06-08T00:00:00,/api/dataset/69f07d87-a877-42bb-bb83-45ec15aca3c0/resource/89eab91e-1479-479f-8fab-cd10cb8b19ad/download,"學前兒童聽力篩檢成果
",項目、全年應篩檢人數、實際篩檢人數、篩檢_疑似陽性個案數、篩檢_疑似異常率、複檢人數合計、複檢人數_正常、複檢人數_異常、尚未複檢人數、複檢異常率,智慧通勤:0; 韌性防災:0; 永續環境:0; 食安健康:1; 勞動福祉:0; 文化共融:0
taipei,a3428d4e-894d-44ed-b15b-3d70805fb7c1,00003510,臺北市家庭暴力事件裁罰案按裁罰事由,食安健康,False,True,True,table,醫療資源與食安風險分布,False,2,社福,生活安全及品質,網路服務,社會局,,社會局,每1年,CSV,中文,2020-12-28T00:00:00,/api/dataset/a3428d4e-894d-44ed-b15b-3d70805fb7c1/resource/0c5950a6-0666-40f3-be52-f829ba6b271c/download,定期提供臺北市家庭暴力事件裁罰案按裁罰事由資訊,年/季、總件數、家庭暴力防治人員在執行職務時知有疑似家庭暴力情事未立即通報當地主管機關者件數、醫療機構對於家庭暴力之被害人無故拒絕診療及開立驗傷診斷書者、無正當理由撥打24小時專線電話致妨害公務執行經勸阻不聽者,智慧通勤:0; 韌性防災:0; 永續環境:0; 食安健康:1; 勞動福祉:1; 文化共融:0
taipei,c0eed3c6-79f2-499a-8269-0c0d4348ccb3,00002896,臺北市市民醫療補助,食安健康,False,True,True,table,醫療資源與食安風險分布,False,2,統計,公共資訊,原始資料,主計處,,主計處,每1年,CSV,中文,2022-01-26T00:00:00,https://tsis.dbas.gov.taipei/statis/webMain.aspx?sys=220&ymf=5700&kind=21&type=0&funid=a05027601&cycle=4&outmode=12&compmode=0&outkind=1&deflst=2&nzo=1,"臺北市市民醫療補助時間數列統計資料
",統計期、市民醫療補助/住院人日數[人日]、市民醫療補助/住院醫療費用[千元]、市民醫療補助/門診人次數[人次]、市民醫療補助/門診醫療費用[千元]、市民限額醫療補助/人數[人]、市民限額醫療補助/醫療費用[千元],智慧通勤:0; 韌性防災:0; 永續環境:0; 食安健康:1; 勞動福祉:1; 文化共融:0
taipei,b8be01a2-7ae1-47ee-829b-fc8f5bfefb1f,00002017,臺北市市立醫療院所門診及住院人次數,食安健康,False,True,True,table,醫療資源與食安風險分布,False,2,統計,就醫,原始資料,主計處,,主計處,每1年,CSV,中文,2022-02-23T00:00:00,https://tsis.dbas.gov.taipei/statis/webMain.aspx?sys=220&ymf=6400&kind=21&type=0&funid=a05030801&cycle=4&outmode=12&compmode=0&outkind=1&deflst=2&nzo=1,臺北市市立醫療院所門診及住院人次數時間數列統計資料,統計期、門診人次數/總計[人次]、門診人次數/一般[人次]、門診人次數/急診[人次]、住院人次數/本年入院人次數[人次]、住院人次數/本年出院人次數/合計[人次]、住院人次數/本年出院人次數/活存數[人次]、住院人次數/本年出院人次數/死亡[人次]、住院人次數/現住院人次數[人次]、本年住院總人日[人日]、北市聯醫陪病率[％],智慧通勤:0; 韌性防災:0; 永續環境:0; 食安健康:1; 勞動福祉:0; 文化共融:0
taipei,56972e51-afc5-4ea5-9d0b-683fbc988827,00003170,臺北市年度建築物公共安全檢查稽查數量,食安健康,False,True,True,table,醫療資源與食安風險分布,False,2,工務,公共資訊,原始資料,都發局,建管處,都發局建管處,不定期更新,CSV,中文,2020-11-30T00:00:00,/api/dataset/56972e51-afc5-4ea5-9d0b-683fbc988827/resource/a272d478-6e72-4d0f-a709-fe6763915f9b/download,臺北市年建築物公共安全檢查稽查數量,類組、107年度（數量）、108年度（數量）、109年度（數量）、110年度（數量）、111年度（數量）、112年度（數量）、113年度（數量）,智慧通勤:0; 韌性防災:0; 永續環境:0; 食安健康:1; 勞動福祉:0; 文化共融:0
taipei,79824ae1-2f72-4075-b1ea-636ed4780b49,00002158,臺北市年齡別癌症死亡概況,食安健康,False,True,True,table,醫療資源與食安風險分布,False,2,統計,公共資訊,原始資料,主計處,,主計處,每1年,CSV,中文,2020-10-12T00:00:00,https://tsis.dbas.gov.taipei/statis/webMain.aspx?sys=220&ymf=8100&kind=21&type=0&funid=A05032701&cycle=4&outmode=12&compmode=0&outkind=1&deflst=2&nzo=1,臺北市年齡別癌症死亡概況時間數列統計資料,統計期、死亡人數/總計[人]、每十萬人口死亡率/總計[人/每十萬人口]、死亡人數/0歲[人]、每十萬人口死亡率/0歲[人/每十萬人口]、死亡人數/1-4歲[人]、每十萬人口死亡率/1-4歲[人/每十萬人口]、死亡人數/5-14歲[人]、每十萬人口死亡率/5-14歲[人/每十萬人口]、死亡人數/15-24歲[人]、每十萬人口死亡率/15-24歲[人/每十萬人口]、死亡人數/25-44歲[人]、每十萬人口死亡率/25-44歲[人/每十萬人口]、死亡人數/45-64歲[人]、每十萬人口死亡率/45-64歲[人/每十萬人口]、死亡人數/65歲以上[人]、每十萬人口死亡率/65歲以上[人/每十萬人口]、男性癌症死亡平均年齡[歲]、女性癌症死亡平均年齡[歲]、男性癌症死亡年齡中位數[歲]、女性癌症死亡年齡中位數[歲],智慧通勤:0; 韌性防災:0; 永續環境:0; 食安健康:1; 勞動福祉:1; 文化共融:0
taipei,ae0d4b92-3851-4b4f-b226-d8eac2dfd724,00000737,臺北市廣告審查件數統計表,食安健康,False,True,True,table,醫療資源與食安風險分布,False,2,醫療,公共資訊,原始資料,衛生局,,衛生局,不定期更新,CSV,中文,2020-05-04T00:00:00,/api/dataset/ae0d4b92-3851-4b4f-b226-d8eac2dfd724/resource/7c4a2c51-78a4-4013-b7f0-6618f3349aa9/download,廣告審查件數統計表。,項次、縣市別代碼、分類、申請件數、核准件數,智慧通勤:0; 韌性防災:0; 永續環境:0; 食安健康:1; 勞動福祉:0; 文化共融:0
taipei,c2c6367c-2ce3-4035-9c37-00d8dbbbdf26,00000539,臺北市役男申請複檢案件統計表,食安健康,False,True,True,point,醫療資源與食安風險分布,False,2,統計,服兵役,原始資料,兵役局,,兵役局,每1月,CSV,中文,2015-05-19T00:00:00,/api/dataset/c2c6367c-2ce3-4035-9c37-00d8dbbbdf26/resource/a65fd935-29d0-4f4f-9c84-08cd80d94f97/download,臺北市役男申請複檢案件統計,年、月、複檢醫院、公費人數、自費人數、合計人數,智慧通勤:0; 韌性防災:0; 永續環境:0; 食安健康:1; 勞動福祉:0; 文化共融:0
taipei,804cdf81-e671-4d6a-bb76-69fe7c0e826d,00003690,臺北市徵兵及齡男子兵籍調查概況,食安健康,False,True,True,table,醫療資源與食安風險分布,False,2,統計,服兵役,原始資料,兵役局,,兵役局,每1年,CSV,中文,2021-01-13T00:00:00,/api/dataset/804cdf81-e671-4d6a-bb76-69fe7c0e826d/resource/1030a3d5-2b6d-4a37-b2ea-c7ebc42177ff/download,徵兵及齡男子兵籍調查概況,年次、兵籍調查人數、教育程度大學專科畢業人數、教育程度大學專科肄業人數、教育程度高中高職畢業人數、教育程度高中高職肄業人數、教育程度國中畢業人數、教育程度國中肄業人數、教育程度國小以下人數、教育程度其他人數、技術專長駕駛人數、技術專長機械修理人數、技術專長土木建築人數、技術專長電器人數、技術專長化學人數、技術專長五金礦冶人數、技術專長測繪人數、技術專長編織縫紉皮革人數、技術專長醫護人數、技術專長藝工人數、技術專長理髮人數、技術專長外語人數、技術專長方言人數、技術專長游泳騎術人數、技術專長財務人數、技術專長資訊工程人數、技術專長食品人數、技術專長汽車修護人數、技術專長烹飪人數、技術專長美工人數、技術專長印刷人數、技術專長軍樂人數、技術專長攝影人數、技術專長爆破人數、技術專長儀隊人數、技術專長水中機械人數、技術專長重機械操作人數、技術專長機工廠車銑磨沖壓技工人數、技術專長鉗工鈑金工人數、技術專長電氣焊工人數、技術專長儀器光學製造器材修理技工人數、技術專長電機（力）技工人數、技術專長電話機及有線電修護技工人數、技術專長無線電修理技工人數、技術專長電子儀器修理技工人數、技術專長其他人數、兵役狀況羈押或因案入矯正機關執行中人數、兵役狀況身心障礙或重大傷病人數、兵役狀況在學中人數、兵役狀況僑民役男人數、兵役狀況行方不明人數、兵役狀況已服役人數、兵役狀況出境役男人數、兵役狀況未在學有報考大專升學意願人數,智慧通勤:0; 韌性防災:0; 永續環境:0; 食安健康:1; 勞動福祉:0; 文化共融:0
taipei,bfb1f185-dfc1-4f0c-beb5-00e4de51d8fc,00002410,臺北市托兒及兒童少年福利機構概況,食安健康,False,True,True,table,醫療資源與食安風險分布,False,2,統計,公共資訊,原始資料,主計處,,主計處,每1年,CSV,中文,2022-03-16T00:00:00,https://tsis.dbas.gov.taipei/statis/webMain.aspx?sys=220&ymf=8400&kind=21&type=0&funid=a05025801&cycle=4&outmode=12&compmode=0&outkind=1&deflst=2&nzo=1,臺北市托兒及兒童少年福利機構概況時間數列統計資料,統計期、幼兒園總所數、幼兒園總可收托人數、公立幼兒園數、公立幼兒園可收托人數、私立幼兒園數、私立幼兒園可收托人數、公設民營幼兒園數、公設民營幼兒園可收托人數、私立兒童課後照服中心家數、私立兒童課後照服中心可收容人數、私立兒童課後照服中心專業人員總數、私立兒童課後照服中心照服人員數、托嬰中心所數、托嬰中心可收容人數、托嬰中心專業人員總數、托嬰中心托育人員數、親子館家數、親子館使用人次、育幼院總家數、育幼院總實際收容人數/合計、育幼院總實際收容人數/男、育幼院總實際收容人數/女、公立育幼院家數、公立育幼院實際收容人數/合計、公立育幼院實際收容人數/男、公立育幼院實際收容人數/女、私立育幼院家數、私立育幼院實際收容人數/合計、私立育幼院實際收容人數/男、私立育幼院實際收容人數/女、其他安置及教養機構家數、其他安置及教養機構實際收容人數/合計、其他安置及教養機構實際收容人數/男、其他安置及教養機構實際收容人數/女、心理輔導或家庭諮詢家數、心理輔導或家庭諮詢機構服務人次/總計、心理輔導或家庭諮詢機構服務人次/男、心理輔導或家庭諮詢機構服務人次/女、兒童及少年福利服務中心家數、兒童及少年福利服務中心服務人次/總計、兒童及少年福利服務中心服務人次/男、兒童及少年福利服務中心服務人次/女,智慧通勤:0; 韌性防災:0; 永續環境:0; 食安健康:1; 勞動福祉:1; 文化共融:0
taipei,ad63197e-217c-472b-a63f-94b0d29d0e7a,00001992,臺北市批發市場質譜化學快檢不合格統計資料,食安健康,False,True,True,table,醫療資源與食安風險分布,False,2,經濟,公共資訊,網路服務,產業局,市場處,產業局市場處,每1月,CSV,中文,2021-02-25T00:00:00,/api/dataset/ad63197e-217c-472b-a63f-94b0d29d0e7a/resource/617777b1-5082-4efb-b372-1a57951bd6aa/download,臺北市批發市場質譜化學快檢不合格資料統計,編號、抽驗日期、檢體名稱、供應代號、來源廠商、件數、總重量(公斤)、加強抽驗/到貨日期、加強抽驗結果、備註,智慧通勤:0; 韌性防災:0; 永續環境:0; 食安健康:1; 勞動福祉:0; 文化共融:0
taipei,de1dd962-d916-4947-8417-79452fc8b8a9,00003419,臺北市政府政風處受理人民陳情檢舉案件類別統計資料,食安健康,False,True,True,table,醫療資源與食安風險分布,False,2,資訊,公共資訊,原始資料,政風處,,政風處,每1年,CSV,中文,2020-12-22T00:00:00,/api/dataset/de1dd962-d916-4947-8417-79452fc8b8a9/resource/1e667f16-6222-4eb6-b696-1a7bdc600b98/download,臺北市政府各政風機構受理人民陳情檢舉案件類別統計,年度、採購件數、工程件數、都市計畫及更新件數、建管件數、警政件數、衛生醫療件數、聯合開發BOT案件數、教育件數、消防件數、地政件數、環保件數、殯葬件數、勞動件數、財政件數、社福件數、補助款件數、其他,智慧通勤:0; 韌性防災:1; 永續環境:0; 食安健康:2; 勞動福祉:2; 文化共融:0
taipei,edfe980b-6b50-450f-9818-a03d94d0417e,00003795,臺北市政府暨所屬機關公教人員退休人數,食安健康,False,True,True,table,醫療資源與食安風險分布,False,2,統計,退休,原始資料,主計處,,主計處,每1年,CSV,中文,2021-02-25T00:00:00,https://tsis.dbas.gov.taipei/statis/webMain.aspx?sys=220&ymf=8300&kind=21&type=0&funid=a05036701&cycle=4&outmode=12&compmode=0&outkind=1&deflst=2&nzo=1,臺北市政府暨所屬機關公教人員退休人數時間數列統計資料,統計期、總計[人]、按性別/男[人]、按性別/女[人]、按退休年齡別/未滿50歲[人]、按退休年齡別/50至未滿55歲[人]、按退休年齡別/55至未滿60歲[人]、按退休年齡別/60至未滿65歲[人]、按退休年齡別/65歲以上[人]、按機關別/一般行政機關[人]、按機關別/市營事業機關[人]、按機關別/衛生醫療機構[人]、按機關別/市立各級學校[人]、按退休種類/自願退休[人]、按退休種類/屆齡退休[人]、按退休種類/命令退休[人],智慧通勤:0; 韌性防災:0; 永續環境:0; 食安健康:2; 勞動福祉:0; 文化共融:0
taipei,8ab917b0-1029-4003-b776-f169b4e561f1,00029690,臺北市政府標章農產品抽檢清冊,食安健康,False,True,True,table,醫療資源與食安風險分布,False,2,農業,公共資訊,原始資料,產業局,,產業局,不定期更新,CSV,中文,2022-09-05T00:00:00,/api/dataset/8ab917b0-1029-4003-b776-f169b4e561f1/resource/b93ade0e-8492-4f82-97f3-e30fdd13cd9f/download,自108年度起臺北市政府標章農產品抽檢清冊。,年度、類別、項目、抽驗件數/場、合格[件/場]、不合格[件/場]、合格率,智慧通勤:0; 韌性防災:0; 永續環境:0; 食安健康:1; 勞動福祉:0; 文化共融:0
taipei,68ccd0eb-22be-4777-b5e5-906e81c5af16,00002587,臺北市政府機關學校公務（教）人員人數按年資及性別分,食安健康,False,True,True,point,醫療資源與食安風險分布,False,2,統計,公共資訊,原始資料,人事處,,人事處,每1年,"CSV,CSV,CSV,CSV,CSV,CSV",中文,2020-10-29T00:00:00,"/api/dataset/68ccd0eb-22be-4777-b5e5-906e81c5af16/resource/21060600-41a8-4b0a-ac92-a4c8a44f8fea/download,/api/dataset/68ccd0eb-22be-4777-b5e5-906e81c5af16/resource/b2bd25dd-3cd8-43fa-a0e4-c07daee5e8e5/download,/api/dataset/68ccd0eb-22be-4777-b5e5-906e81c5af16/resource/5997acb2-787c-4bb2-b73e-5ca46855044c/download,/api/dataset/68ccd0eb-22be-4777-b5e5-906e81c5af16/resource/73dbeb85-ccf5-4f9d-a2c9-eba3003b7c58/download,/api/dataset/68ccd0eb-22be-4777-b5e5-906e81c5af16/resource/384dc730-c24d-4bf7-abed-e2878f38a4a8/download,/api/dataset/68ccd0eb-22be-4777-b5e5-906e81c5af16/resource/6197726e-1521-43b4-b656-c157d51c2538/download","統計臺北市政府各機關學校（不含大眾捷運公司）編制內正式職員(含雇員)及教師各年資人數，機關並依下述方式分類統計
1、行政機關：係指「地方行政機關組織準則」第2條所稱之地方行政機關。
2、公營事業機構：係指臺北自來水事業處與所屬工程總隊及動產質借處。
3、衛生醫療機構：係指聯合醫院。	
4、公立各級學校：係指臺北市立大學、公立各級學校及幼兒園。",年度、機關類型、項目別、年資別、值,智慧通勤:1; 韌性防災:0; 永續環境:0; 食安健康:3; 勞動福祉:0; 文化共融:0
taipei,b8598122-9cc1-44c9-acc8-81e144c31ca6,00002575,臺北市政府機關學校公務（教）人員人數按年齡及性別分,食安健康,False,True,True,point,醫療資源與食安風險分布,False,2,統計,公共資訊,原始資料,人事處,,人事處,每1年,"CSV,CSV,CSV,CSV,CSV,CSV",中文,2020-10-29T00:00:00,"/api/dataset/b8598122-9cc1-44c9-acc8-81e144c31ca6/resource/d6b0b31a-2b8c-4ac7-8b96-6fcf229f491c/download,/api/dataset/b8598122-9cc1-44c9-acc8-81e144c31ca6/resource/1f1913c9-4fe4-4853-bb2e-1972b573dd12/download,/api/dataset/b8598122-9cc1-44c9-acc8-81e144c31ca6/resource/1483cba9-b96a-408d-bfb8-f14ba15064dc/download,/api/dataset/b8598122-9cc1-44c9-acc8-81e144c31ca6/resource/b8135f33-1f0b-4ddb-9a8f-926d7f295dfd/download,/api/dataset/b8598122-9cc1-44c9-acc8-81e144c31ca6/resource/b45830c7-cc06-49a5-bc98-a92edb85ed21/download,/api/dataset/b8598122-9cc1-44c9-acc8-81e144c31ca6/resource/e4da094d-86ee-48d5-9ae3-571ca5bfe003/download","統計臺北市政府各機關學校（不含大眾捷運公司）編制內正式職員(含雇員)及教師各年齡層人數，機關並依下述方式分類統計
1、行政機關：係指「地方行政機關組織準則」第2條所稱之地方行政機關。
2、公營事業機構：係指臺北自來水事業處與所屬工程總隊及動產質借處。
3、衛生醫療機構：係指聯合醫院。	
4、公立各級學校：係指臺北市立大學、公立各級學校及幼兒園。",年度、機關類型、項目別、年齡別、值,智慧通勤:1; 韌性防災:0; 永續環境:0; 食安健康:3; 勞動福祉:0; 文化共融:0
taipei,18b26897-486c-4978-9471-ce16bb48a8b3,00002582,臺北市政府機關學校公務（教）人員人數按教育程度及性別分,食安健康,False,True,True,point,醫療資源與食安風險分布,False,2,統計,公共資訊,原始資料,人事處,,人事處,每1年,"CSV,CSV,CSV,CSV,CSV,CSV",中文,2020-10-29T00:00:00,"/api/dataset/18b26897-486c-4978-9471-ce16bb48a8b3/resource/d7587616-4225-4571-8474-93573a498cc1/download,/api/dataset/18b26897-486c-4978-9471-ce16bb48a8b3/resource/98387759-1049-4498-8438-d1a04aa0f3cb/download,/api/dataset/18b26897-486c-4978-9471-ce16bb48a8b3/resource/916a709b-69b9-463c-b138-10be006929a5/download,/api/dataset/18b26897-486c-4978-9471-ce16bb48a8b3/resource/1d2d9e31-9087-46bd-b9d3-c261c0edf686/download,/api/dataset/18b26897-486c-4978-9471-ce16bb48a8b3/resource/d6667709-57bc-4b04-aa3f-738cb504c09d/download,/api/dataset/18b26897-486c-4978-9471-ce16bb48a8b3/resource/7521530c-edfd-47a4-b338-9142e21bf38a/download","統計臺北市政府各機關學校（不含大眾捷運公司）編制內正式職員(含雇員)及教師各教育程度人數，機關並依下述方式分類統計
1、行政機關：係指「地方行政機關組織準則」第2條所稱之地方行政機關。
2、公營事業機構：係指臺北自來水事業處與所屬工程總隊及動產質借處。
3、衛生醫療機構：係指聯合醫院。	
4、公立各級學校：係指臺北市立大學、公立各級學校及幼兒園。",年度、機關類型、項目別、教育程度別、值,智慧通勤:1; 韌性防災:0; 永續環境:0; 食安健康:3; 勞動福祉:0; 文化共融:0
taipei,a93c94a7-aa8c-4eb9-9682-e9a3d969c620,00002586,臺北市政府機關學校公務（教）人員人數按考試及性別分,食安健康,False,True,True,point,醫療資源與食安風險分布,False,2,統計,公共資訊,原始資料,人事處,,人事處,每1年,"CSV,CSV,CSV,CSV,CSV,CSV",中文,2020-10-29T00:00:00,"/api/dataset/a93c94a7-aa8c-4eb9-9682-e9a3d969c620/resource/2af5c9e3-2852-4a38-89e9-510ea20705c2/download,/api/dataset/a93c94a7-aa8c-4eb9-9682-e9a3d969c620/resource/33e1d4c6-2bc3-4270-8c2e-84354f722115/download,/api/dataset/a93c94a7-aa8c-4eb9-9682-e9a3d969c620/resource/39b97274-f9fb-4513-8d0c-8f847280a8cd/download,/api/dataset/a93c94a7-aa8c-4eb9-9682-e9a3d969c620/resource/cba00c35-db80-4516-84ac-7fb5f9ea9916/download,/api/dataset/a93c94a7-aa8c-4eb9-9682-e9a3d969c620/resource/b10dc863-1d4d-4476-a536-0e324695f66b/download,/api/dataset/a93c94a7-aa8c-4eb9-9682-e9a3d969c620/resource/817d0bf8-7c87-4fef-b669-8e56a9806692/download","統計臺北市政府各機關學校（不含大眾捷運公司）編制內正式職員(含雇員)及教師各考試別人數，機關並依下述方式分類統計
1、行政機關：係指「地方行政機關組織準則」第2條所稱之地方行政機關。
2、公營事業機構：係指臺北自來水事業處與所屬工程總隊及動產質借處。
3、衛生醫療機構：係指聯合醫院。	
4、公立各級學校：係指臺北市立大學、公立各級學校及幼兒園",年度、機關類型、項目別、考試別、值,智慧通勤:1; 韌性防災:0; 永續環境:0; 食安健康:3; 勞動福祉:0; 文化共融:0
taipei,99138640-52be-4b9a-9284-4770d2100fe9,00003125,臺北市政府衛生局在職人員專業證照統計表,食安健康,False,True,True,table,醫療資源與食安風險分布,False,2,統計,公共資訊,原始資料,衛生局,,衛生局,每1年,CSV,中文,2020-11-26T00:00:00,/api/dataset/99138640-52be-4b9a-9284-4770d2100fe9/resource/4dda980e-d309-4953-b778-baab629e370a/download,臺北市政府衛生局年底在職人員專業證照人數。,性別、總計數、一般行政及技術人員數、醫事人員合計數、西醫師、藥師、醫事檢驗師、護理師數、護士、營養師數、物理治療師、職能治療師、臨床心理師、諮商心理師,智慧通勤:0; 韌性防災:0; 永續環境:0; 食安健康:3; 勞動福祉:0; 文化共融:0
taipei,f208c7c0-bb05-4dea-8e9f-e409172a1a4a,00002106,臺北市政府衛生局檢驗工作,食安健康,False,True,True,table,醫療資源與食安風險分布,False,2,統計,公共資訊,原始資料,主計處,,主計處,每1年,CSV,中文,2021-02-25T00:00:00,https://tsis.dbas.gov.taipei/statis/webMain.aspx?sys=220&ymf=5900&kind=21&type=0&funid=a05031901&cycle=4&outmode=12&compmode=0&outkind=1&deflst=2&nzo=1,臺北市政府衛生局檢驗工作時間數列統計資料,統計期、檢驗件數/飲食品一般衛生檢驗[件]、檢驗件數/飲用水檢驗[件]、檢驗件數/煙毒嫌疑物品檢驗[件]、檢驗件數/病原微生物及食物中毒檢驗[件]、檢驗件數/食品容器器具包裝及餐具清潔劑檢驗[件]、檢驗件數/食品中添加物檢驗[件]、檢驗件數/殘留農藥量檢驗[件]、檢驗件數/有害性重金屬檢驗[件]、檢驗件數/受理申請付費檢驗服務[件]、檢驗試劑發送數量[份],智慧通勤:0; 韌性防災:0; 永續環境:0; 食安健康:3; 勞動福祉:0; 文化共融:0
taipei,2ccabf15-6a0b-4096-8405-58f05254831d,00003666,臺北市政府警察局勸導少年偏差行為執行成果,食安健康,False,True,True,table,醫療資源與食安風險分布,False,2,治安,生活安全及品質,原始資料,警察局,少年隊,警察局少年隊,每1年,CSV,中文,2021-01-07T00:00:00,/api/dataset/2ccabf15-6a0b-4096-8405-58f05254831d/resource/b27ad2bd-1e44-452c-8065-bff511ab381b/download,警察局勸導少年偏差行為執行成果統計,年度、加暴行於人或互相鬥毆未至傷害人數、深夜遊蕩形跡可疑經詢無正當理由人數、逃學或逃家人數、出入酒家（店）夜店限制級電子遊戲場及其他涉及賭博色情暴力等經主管機關認定足以危害身心健康之場所人數、吸菸飲酒嚼檳榔或使用其他有害身心健康之物質人數、其他人數,智慧通勤:0; 韌性防災:0; 永續環境:0; 食安健康:1; 勞動福祉:0; 文化共融:0
taipei,fa51607d-3731-4004-8467-4e3e3c8d2efb,00002023,臺北市救護車設置,食安健康,False,True,True,point,醫療資源與食安風險分布,False,2,統計,就醫,原始資料,主計處,,主計處,每1年,CSV,中文,2022-01-21T00:00:00,https://tsis.dbas.gov.taipei/statis/webMain.aspx?sys=220&ymf=9000&kind=21&type=0&funid=a05031201&cycle=4&outmode=12&compmode=0&outkind=1&deflst=2&nzo=1,臺北市救護車設置時間數列統計資料,統計期、救護車輛數/總計、一般型救護車輛數/合計、一般型救護車輛數/衛生機關、一般型救護車輛數/消防機關、一般型救護車輛數/醫療機構/醫院/公立、一般型救護車輛數/醫療機構/醫院/私立、一般型救護車輛數/醫療機構/診所/公立、一般型救護車輛數/醫療機構/診所/私立、一般型救護車輛數/護理機構/公立、一般型救護車輛數/護理機構/私立、一般型救護車輛數/救護車營業機構、一般型救護車輛數/其他、加護型救護車輛數/合計、加護型救護車輛數/衛生機關、加護型救護車輛數/消防機關、加護型救護車輛數/醫療機構/醫院/公立、加護型救護車輛數/醫療機構/醫院/私立、加護型救護車輛數/醫療機構/診所/公立、加護型救護車輛數/醫療機構/診所/私立、加護型救護車輛數/護理機構/公立、加護型救護車輛數/護理機構/私立、加護型救護車輛數/救護車營業機構、加護型救護車輛數/其他,智慧通勤:0; 韌性防災:1; 永續環境:0; 食安健康:4; 勞動福祉:0; 文化共融:0
taipei,26a42011-06ce-4af5-92e0-8e0e9e551ee8,00029339,臺北市新生兒聽力篩檢成果,食安健康,False,True,True,table,醫療資源與食安風險分布,False,2,醫療,生育保健,原始資料,衛生局,,衛生局,每1年,CSV,中文,2022-06-08T00:00:00,/api/dataset/26a42011-06ce-4af5-92e0-8e0e9e551ee8/resource/8c2c16a2-69db-4653-853f-46d9f968c9c7/download,臺北市新生兒聽力篩檢成果表,項目、全年應篩檢人數、實際篩檢人數、篩檢陽性個案數、篩檢陽性率、確診人數合計、確診人數_正常、確診人數_異常、尚未確診人數、確診率,智慧通勤:0; 韌性防災:0; 永續環境:0; 食安健康:1; 勞動福祉:0; 文化共融:0
taipei,6ac52059-2241-4391-b649-5a2ec9523c33,00003669,臺北市查緝經濟犯罪績效統計表,食安健康,False,True,True,table,醫療資源與食安風險分布,False,2,治安,生活安全及品質,原始資料,警察局,刑警大隊,警察局刑警大隊,不定期更新,CSV,中文,2021-01-07T00:00:00,/api/dataset/6ac52059-2241-4391-b649-5a2ec9523c33/resource/e82d8ae4-85a9-4a07-92fe-ef877f0930dd/download,臺北市109年迄今查緝經濟犯罪績效統計表,年度、單位、違反金融件數、違反金融人數、囤積哄抬民生物資件數、囤積哄抬民生物資人數、違反石油管理法件數、違反石油管理法人數、走私件數、走私人數、產製或販賣私劣酒件數、產製或販賣私劣酒人數、盜採砂或土石件數、盜採砂或土石人數、濫或盜伐林木件數、濫或盜伐林木人數、濫墾林地或山坡地件數、濫墾林地或山坡地人數、非法食品件數、非法食品人數、非法藥物件數、非法藥物人數、其他經濟案件件數、其他經濟案件人數、違反洗錢防制法件數、違反洗錢防制法人數,智慧通勤:0; 韌性防災:0; 永續環境:0; 食安健康:1; 勞動福祉:0; 文化共融:0
taipei,273b8c1d-d076-4312-be4a-c9df3bfe843f,00002704,臺北市核發營造建築物建造執照按用途別(57年至94年),食安健康,False,True,True,point,醫療資源與食安風險分布,False,2,統計,公共資訊,原始資料,主計處,,主計處,不定期更新,CSV,中文,2020-11-03T00:00:00,https://tsis.dbas.gov.taipei/statis/webMain.aspx?sys=220&ymf=5700&ymt=9400&kind=21&type=0&funid=a05018701&cycle=4&outmode=12&compmode=0&outkind=1&deflst=2&nzo=1,"臺北市核發營造建築物建造執照按用途別(57年至94年)時間數列統計資料
","統計期、總計/件數[件]、總計/棟數[棟]、總計/總面積[平方公尺]、總計/造價[千元]、集合住宅及住宅/件數[件]、集合住宅及住宅/棟數[棟]、集合住宅及住宅/總面積[平方公尺]、集合住宅及住宅/造價[千元]、店鋪住宅/件數[件]、店鋪住宅/棟數[棟]、店鋪住宅/總面積[平方公尺]、店鋪住宅/造價[千元]、商場或市場/件數[件]、商場或市場/棟數[棟]、商場或市場/總面積[平方公尺]、商場或市場/造價[千元]、辦公室/件數[件]、辦公室/棟數[棟]、辦公室/總面積[平方公尺]、辦公室/造價[千元]、工廠或工廠宿舍/件數[件]、工廠或工廠宿舍/棟數[棟]、工廠或工廠宿舍/總面積[平方公尺]、工廠或工廠宿舍/造價[千元]、學校或教室/件數[件]、學校或教室/棟數[棟]、學校或教室/總面積[平方公尺]、學校或教室/造價[千元]、醫院或診所/件數[件]、醫院或診所/棟數[棟]、醫院或診所/總面積[平方公尺]、醫院或診所/造價[千元]、娛樂性建築/件數[件]、娛樂性建築/棟數[棟]、娛樂性建築/總面積[平方公尺]、娛樂性建築/造價[千元]、旅館或餐廳/件數[件]、旅館或餐廳/棟數[棟]、旅館或餐廳/總面積[平方公尺]、旅館或餐廳/造價[千元]、倉庫/件數[件]、倉庫/棟數[棟]、倉庫/總面積[平方公尺]、倉庫/造價[千元]、公共建築/件數[件]、公共建築/棟數[棟]、公共建築/總面積[平方公尺]、公共建築/造價[千元]、文教設施建築/件數[件]、文教設施建築/棟數[棟]、文教設施建築/總面積[平方公尺]、文教設施建築/造價[千元]、其他建築/件數[件]、其他建築/棟數[棟]、其他建築/總面積[平方公尺]、其他建築/造價[千元]
",智慧通勤:0; 韌性防災:0; 永續環境:0; 食安健康:2; 勞動福祉:0; 文化共融:0
taipei,22eac4d6-2963-4158-81c6-4295feba4c31,00002071,臺北市營業場所衛生管理工作,食安健康,False,True,True,table,醫療資源與食安風險分布,False,2,統計,公共資訊,原始資料,主計處,,主計處,每1年,CSV,中文,2022-02-22T00:00:00,https://tsis.dbas.gov.taipei/statis/webMain.aspx?sys=220&ymf=5900&kind=21&type=0&funid=a05031701&cycle=4&outmode=12&compmode=0&outkind=1&deflst=2&nzo=1,臺北市營業場所衛生管理工作時間數列統計資料,統計期、現有家數、稽查家次/總計、稽查家次/旅館業、稽查家次/理髮美髮美容業、稽查家次/浴室業、稽查家次/劇院歌廳舞廳場、稽查家次/錄影節目帶播映業及其他娛樂業、稽查家次/游泳池、稽查家次/電影片映演業、稽查家次/衛生服務業、稽查家次/其他、改善家次/總計、改善家次/旅館業、改善家次/理髮美髮美容業、改善家次/浴室業、改善家次/劇院歌廳舞廳場、改善家次/錄影節目帶播映業及其他娛樂業、改善家次/游泳池、改善家次/電影片映演業、改善家次/衛生服務業、改善家次/其他,智慧通勤:0; 韌性防災:0; 永續環境:0; 食安健康:2; 勞動福祉:0; 文化共融:0
taipei,a14dd58c-ecef-480c-b574-889ecfa631c3,00002172,臺北市生育健康篩檢補助及健康服務概況,食安健康,False,True,True,table,醫療資源與食安風險分布,False,2,統計,生育保健,原始資料,主計處,,主計處,每1年,CSV,中文,2020-10-13T00:00:00,https://tsis.dbas.gov.taipei/statis/webMain.aspx?sys=220&ymf=10400&kind=21&type=0&funid=a05041801&cycle=4&outmode=12&compmode=0&outkind=1&deflst=2&nzo=1,臺北市生育健康篩檢補助及健康服務概況時間數列統計資料,統計期、列管個案數/總計[人]、列管個案數/非健康者/合計[人]、列管個案數/非健康者/癌症[人]、列管個案數/非健康者/腦血管疾病[人]、列管個案數/非健康者/心臟病[人]、列管個案數/非健康者/糖尿病[人]、列管個案數/非健康者/高血壓[人]、列管個案數/非健康者/高血酯[人]、列管個案數/非健康者/失能[人]、列管個案數/非健康者/植物人[人]、列管個案數/非健康者/人瑞[人]、列管個案數/非健康者/非健康自行列管[人]、列管個案數/非健康者/其他[人]、列管個案數/健康者[人]、訪視人次/總計[人次]、訪視人次/非健康者/合計[人次]、訪視人次/非健康者/癌症[人次]、訪視人次/非健康者/腦血管疾病[人次]、訪視人次/非健康者/心臟病[人次]、訪視人次/非健康者/糖尿病[人次]、訪視人次/非健康者/高血壓[人次]、訪視人次/非健康者/高血酯[人次]、訪視人次/非健康者/失能[人次]、訪視人次/非健康者/植物人[人次]、訪視人次/非健康者/人瑞[人次]、訪視人次/非健康者/非健康自行列管[人次]、訪視人次/非健康者/其他[人次]、訪視人次/健康者[人次]、生育健康篩檢補助/總計[人次]、生育健康篩檢補助/婚後孕前檢查/合計[人次]、生育健康篩檢補助/婚後孕前檢查/男[人次]、生育健康篩檢補助/婚後孕前檢查/女[人次]、生育健康篩檢補助/孕婦唐氏症/合計[人次]、生育健康篩檢補助/孕婦唐氏症/初期[人次]、生育健康篩檢補助/孕婦唐氏症/中期[人次],智慧通勤:0; 韌性防災:0; 永續環境:0; 食安健康:2; 勞動福祉:1; 文化共融:0
taipei,db9ccac2-e1f2-42bf-920f-4c713d505f12,00002391,臺北市社會團體團體數(80年以後),食安健康,False,True,True,table,醫療資源與食安風險分布,False,2,統計,公共資訊,原始資料,主計處,,主計處,每1年,CSV,中文,2021-02-27T00:00:00,https://tsis.dbas.gov.taipei/statis/webMain.aspx?sys=220&ymf=8000&kind=21&type=0&funid=a05025202&cycle=4&outmode=12&compmode=0&outkind=1&deflst=2&nzo=1,臺北市社會團體團體數(80年以後)時間數列統計資料,統計期、總計團體數、學術文化團體數、醫療衛生團體數、宗教團體數、體育團體數、社會服務及慈善團體數、國際團體數、經濟業務團體數、宗親會數、同鄉會數、同學校友會數、其他團體數,智慧通勤:0; 韌性防災:0; 永續環境:0; 食安健康:2; 勞動福祉:1; 文化共融:1
taipei,8c2f0427-cbe2-4080-bcaa-b45ab33d16d1,00002952,臺北市社會團體會員數(80年以後),食安健康,False,True,True,table,醫療資源與食安風險分布,False,2,統計,公共資訊,原始資料,主計處,,主計處,每1年,CSV,中文,2021-02-27T00:00:00,https://tsis.dbas.gov.taipei/statis/webMain.aspx?sys=220&ymf=8000&kind=21&type=0&funid=a05025302&cycle=4&outmode=12&compmode=0&outkind=3&deflst=2&nzo=1,臺北市社會團體會員數(80年以後)時間數列統計資料,統計期、項目、總計[人；個]、學術文化團體[人；個]、醫療衛生團體[人；個]、宗教團體[人；個]、體育團體[人；個]、社會服務及慈善團體[人；個]、國際團體[人；個]、經濟業務團體[人；個]、宗親會[人；個]、同鄉會[人；個]、同學校友會[人；個]、其他[人；個],智慧通勤:0; 韌性防災:0; 永續環境:0; 食安健康:2; 勞動福祉:1; 文化共融:1
taipei,fb9a8d2e-3a1a-4453-9d99-24feb252165e,00029718,臺北市精神衛生行政工作,食安健康,False,True,True,table,醫療資源與食安風險分布,False,2,統計,公共資訊,原始資料,主計處,,主計處,每1年,CSV,中文,2022-09-12T00:00:00,https://tsis.dbas.gov.taipei/statis/webMain.aspx?sys=220&ymf=9600&kind=21&type=0&funid=A05900501&cycle=4&outmode=12&compmode=0&outkind=1&deflst=2&nzo=1,臺北市精神衛生行政工作時間數列統計資料,統計期、精神管理個案人數/ 總計、精神管理個案人數/ 松山區、精神管理個案人數/ 信義區、精神管理個案人數/ 大安區、精神管理個案人數/ 中山區、精神管理個案人數/ 中正區、精神管理個案人數/ 大同區、精神管理個案人數/ 萬華區、精神管理個案人數/ 文山區、精神管理個案人數/ 南港區、精神管理個案人數/ 內湖區、精神管理個案人數/ 士林區、精神管理個案人數/ 北投區,智慧通勤:0; 韌性防災:0; 永續環境:0; 食安健康:1; 勞動福祉:0; 文化共融:0
taipei,2d375cd7-2d28-449a-89b5-e11a62b299d7,00003137,臺北市精神衛生行政工作執行成果表,食安健康,False,True,True,table,醫療資源與食安風險分布,False,2,醫療,公共資訊,原始資料,衛生局,,衛生局,不定期更新,CSV,中文,2020-11-26T00:00:00,/api/dataset/2d375cd7-2d28-449a-89b5-e11a62b299d7/resource/9512f44f-556a-4a80-99c5-7f9c5310d96a/download,精神衛生行政工作執行成果表。,縣市別、總人口數、上半年目前管理個案數、本年目前管理個案數、領具精神障礙手冊證明人數、一級管理個案人數、二級管理個案人數、三級管理個案人數、四級管理個案人數、五級管理個案人數、未分級管理個案人數、更多相關資訊,智慧通勤:0; 韌性防災:0; 永續環境:0; 食安健康:2; 勞動福祉:1; 文化共融:0
taipei,d7390d78-1da2-45e2-bba9-41ca413e445a,00003092,臺北市結核病個案年齡統計,食安健康,False,True,True,table,醫療資源與食安風險分布,False,2,醫療,就醫,原始資料,衛生局,,衛生局,不定期更新,CSV,中文,2020-11-25T00:00:00,/api/dataset/d7390d78-1da2-45e2-bba9-41ca413e445a/resource/63fe4d17-f843-4581-a5d3-bd71d3ae5604/download,臺北市結核病年齡別發生率,有效日期、資料集名稱、相關資料、檔案格式、更新時間,智慧通勤:0; 韌性防災:0; 永續環境:0; 食安健康:1; 勞動福祉:0; 文化共融:0
taipei,dc762aa2-1572-4d16-9035-724d6f34198b,00003094,臺北市結核病個案統計,食安健康,False,True,True,table,醫療資源與食安風險分布,False,2,醫療,就醫,原始資料,衛生局,,衛生局,不定期更新,CSV,中文,2020-11-25T00:00:00,/api/dataset/dc762aa2-1572-4d16-9035-724d6f34198b/resource/e4e29404-740e-4c82-805e-c0bcfd7aa482/download,臺北市結核病個案監測,有效日期、資料集名稱、檔案連結、檔案格式、更新時間,智慧通勤:0; 韌性防災:0; 永續環境:0; 食安健康:1; 勞動福祉:0; 文化共融:0
taipei,9240a5f1-b218-4a3a-a412-c7474d27af26,00002194,臺北市總決算附屬單位決算作業基金平衡綜計表(依機關及基金別),食安健康,False,True,True,point,醫療資源與食安風險分布,False,2,財稅,公共資訊,原始資料,主計處,,主計處,不定期更新,"XML,XML,XML,XML,XML,XML,XML",中文,2021-04-30T00:00:00,"/api/dataset/9240a5f1-b218-4a3a-a412-c7474d27af26/resource/2135dbf0-a660-4de4-89f7-dec3e2081059/download,/api/dataset/9240a5f1-b218-4a3a-a412-c7474d27af26/resource/614b2aad-67ed-465c-8481-f61cfb4020c6/download,/api/dataset/9240a5f1-b218-4a3a-a412-c7474d27af26/resource/6d77b3a8-926b-4bb3-addf-d9845a9dd8a3/download,/api/dataset/9240a5f1-b218-4a3a-a412-c7474d27af26/resource/a6c71e1f-8fe0-4fab-8900-3a20c12494aa/download,/api/dataset/9240a5f1-b218-4a3a-a412-c7474d27af26/resource/fd639498-07ca-4ee8-aac2-914d26e17d9a/download,/api/dataset/9240a5f1-b218-4a3a-a412-c7474d27af26/resource/3d2d0bcf-0bd0-4647-8fa2-93e859345d10/download,/api/dataset/9240a5f1-b218-4a3a-a412-c7474d27af26/resource/1d0f1b80-b9bd-4dbb-94ff-a6ee70967fd0/download",總決算附屬單位決算作業基金平衡綜計表(依機關及基金別),科目、合計-金額、合計-百分比、人事處主管-臺北市輔助公教人員購置住宅及急難貸款基金-金額、人事處主管-臺北市輔助公教人員購置住宅及急難貸款基金-百分比、財政局主管-臺北市市有財產開發基金-金額、財政局主管-臺北市市有財產開發基金-百分比、教育局主管-臺北市立大學校務發展基金-金額、教育局主管-臺北市立大學校務發展基金-百分比、產業發展局主管-臺北市市場發展基金-金額、產業發展局主管-臺北市市場發展基金-百分比、工務局主管-臺北市共同管道基金-金額、工務局主管-臺北市共同管道基金-百分比、交通局主管-臺北市公有收費停車場基金-金額、交通局主管-臺北市公有收費停車場基金-百分比、衛生局主管-臺北市立聯合醫院醫療基金-金額、衛生局主管-臺北市立聯合醫院醫療基金-百分比、都市發展局主管-臺北市住宅基金-金額、都市發展局主管-臺北市住宅基金-百分比、都市發展局主管-臺北市都市更新基金-金額、都市發展局主管-臺北市都市更新基金-百分比、文化局主管-臺北市文化設施發展基金-金額、文化局主管-臺北市文化設施發展基金-百分比、地政局主管-臺北市實施平均地權基金-金額、地政局主管-臺北市實施平均地權基金-百分比、以下空白,智慧通勤:2; 韌性防災:0; 永續環境:0; 食安健康:3; 勞動福祉:0; 文化共融:1
taipei,026b4c64-63bf-4fa0-9b02-c65710349e2d,00002174,臺北市總決算附屬單位決算作業基金收支餘絀綜計表(依機關及基金別),食安健康,False,True,True,point,醫療資源與食安風險分布,False,2,財稅,公共資訊,原始資料,主計處,,主計處,不定期更新,"XML,XML,XML,XML,XML,XML,XML",中文,2021-04-30T00:00:00,"/api/dataset/026b4c64-63bf-4fa0-9b02-c65710349e2d/resource/12040186-6ce9-481b-916a-25f774a51d58/download,/api/dataset/026b4c64-63bf-4fa0-9b02-c65710349e2d/resource/72ee1d99-b39f-452f-a56e-dacec4b33b81/download,/api/dataset/026b4c64-63bf-4fa0-9b02-c65710349e2d/resource/3356fb09-ecdc-41b4-a888-ed73378e5048/download,/api/dataset/026b4c64-63bf-4fa0-9b02-c65710349e2d/resource/6cefc261-e457-4b03-b9b3-2a4f3614a93e/download,/api/dataset/026b4c64-63bf-4fa0-9b02-c65710349e2d/resource/487cea09-a86d-4736-a7a9-4c77e1737eb0/download,/api/dataset/026b4c64-63bf-4fa0-9b02-c65710349e2d/resource/1391ba8b-56cb-45a6-a312-59f7d2601278/download,/api/dataset/026b4c64-63bf-4fa0-9b02-c65710349e2d/resource/881183d9-ec26-4774-a99e-011e8df0595d/download",總決算附屬單位決算作業基金收支餘絀綜計表(依機關及基金別),科目、合計-金額、合計-百分比、人事處主管-臺北市輔助公教人員購置住宅及急難貸款基金-金額、人事處主管-臺北市輔助公教人員購置住宅及急難貸款基金-百分比、財政局主管-臺北市市有財產開發基金-金額、財政局主管-臺北市市有財產開發基金-百分比、教育局主管-臺北市立大學校務發展基金-金額、教育局主管-臺北市立大學校務發展基金-百分比、產業發展局主管-臺北市市場發展基金-金額、產業發展局主管-臺北市市場發展基金-百分比、工務局主管-臺北市共同管道基金-金額、工務局主管-臺北市共同管道基金-百分比、交通局主管-臺北市公有收費停車場基金-金額、交通局主管-臺北市公有收費停車場基金-百分比、衛生局主管-臺北市立聯合醫院醫療基金-金額、衛生局主管-臺北市立聯合醫院醫療基金-百分比、都市發展局主管-臺北市住宅基金-金額、都市發展局主管-臺北市住宅基金-百分比、都市發展局主管-臺北市都市更新基金-金額、都市發展局主管-臺北市都市更新基金-百分比、文化局主管-臺北市文化設施發展基金-金額、文化局主管-臺北市文化設施發展基金-百分比、地政局主管-臺北市實施平均地權基金-金額、地政局主管-臺北市實施平均地權基金-百分比、以下空白,智慧通勤:2; 韌性防災:0; 永續環境:0; 食安健康:3; 勞動福祉:0; 文化共融:1
taipei,40047f37-bf0f-40c5-9292-0d12284994a8,00002537,臺北市總決算附屬單位決算作業基金現金流量綜計表(依機關及基金別),食安健康,False,True,True,point,醫療資源與食安風險分布,False,2,財稅,公共資訊,原始資料,主計處,,主計處,不定期更新,"XML,XML,XML,XML,XML,XML,XML",中文,2021-04-30T00:00:00,"/api/dataset/40047f37-bf0f-40c5-9292-0d12284994a8/resource/0eb84d66-09ac-4e09-91cc-5555bd44bd2a/download,/api/dataset/40047f37-bf0f-40c5-9292-0d12284994a8/resource/51f0bc04-83b1-4950-9145-71fa4369d11c/download,/api/dataset/40047f37-bf0f-40c5-9292-0d12284994a8/resource/a203b649-15b3-4292-bdaf-bc36de6141f1/download,/api/dataset/40047f37-bf0f-40c5-9292-0d12284994a8/resource/9aa6376c-1252-4630-a6dc-560258f90034/download,/api/dataset/40047f37-bf0f-40c5-9292-0d12284994a8/resource/b85ebb29-38f3-4eb8-a670-33a165f73cb7/download,/api/dataset/40047f37-bf0f-40c5-9292-0d12284994a8/resource/edef5d1f-cbda-4460-ac51-c167b2128798/download,/api/dataset/40047f37-bf0f-40c5-9292-0d12284994a8/resource/3f4bb85d-9ae8-4c34-9501-d63b57059548/download",總決算附屬單位決算作業基金現金流量綜計表(依機關及基金別),項目、合計、人事處主管-臺北市輔助公教人員購置住宅及急難貸款基金、財政局主管-臺北市市有財產開發基金、教育局主管-臺北市立大學校務發展基金、產業發展局主管-臺北市市場發展基金、工務局主管-臺北市共同管道基金、交通局主管-臺北市公有收費停車場基金、衛生局主管-臺北市立聯合醫院醫療基金、都市發展局主管-臺北市住宅基金、都市發展局主管-臺北市都市更新基金、文化局主管-臺北市文化設施發展基金、地政局主管-臺北市實施平均地權基金、以下空白,智慧通勤:2; 韌性防災:0; 永續環境:0; 食安健康:3; 勞動福祉:0; 文化共融:1
taipei,d41a9b7d-9197-4ee0-a24e-de717c133579,00002178,臺北市總決算附屬單位決算作業基金餘絀撥補綜計表(依機關及基金別),食安健康,False,True,True,point,醫療資源與食安風險分布,False,2,財稅,公共資訊,原始資料,主計處,,主計處,不定期更新,"XML,XML,XML,XML,XML,XML,XML",中文,2021-04-30T00:00:00,"/api/dataset/d41a9b7d-9197-4ee0-a24e-de717c133579/resource/63eaf7a8-0513-4681-b263-5b55d4ce7904/download,/api/dataset/d41a9b7d-9197-4ee0-a24e-de717c133579/resource/b64d4387-943b-4677-a3ca-1d08a3fb513e/download,/api/dataset/d41a9b7d-9197-4ee0-a24e-de717c133579/resource/2de64260-036f-4902-b7d2-baedacd2806f/download,/api/dataset/d41a9b7d-9197-4ee0-a24e-de717c133579/resource/394862b1-1053-4680-b4bb-7fb009a28973/download,/api/dataset/d41a9b7d-9197-4ee0-a24e-de717c133579/resource/b6821903-d127-4262-b009-847bd900d471/download,/api/dataset/d41a9b7d-9197-4ee0-a24e-de717c133579/resource/cf93d53b-b749-41c3-ba2f-83b7039f7fe0/download,/api/dataset/d41a9b7d-9197-4ee0-a24e-de717c133579/resource/178a1a15-3f1c-4365-b5a4-2d84a241c222/download",總決算附屬單位決算作業基金餘絀撥補綜計表(依機關及基金別),項目、合計-金額、合計-百分比、人事處主管-臺北市輔助公教人員購置住宅及急難貸款基金-金額、人事處主管-臺北市輔助公教人員購置住宅及急難貸款基金-百分比、財政局主管-臺北市市有財產開發基金-金額、財政局主管-臺北市市有財產開發基金-百分比、教育局主管-臺北市立大學校務發展基金-金額、教育局主管-臺北市立大學校務發展基金-百分比、產業發展局主管-臺北市市場發展基金-金額、產業發展局主管-臺北市市場發展基金-百分比、工務局主管-臺北市共同管道基金-金額、工務局主管-臺北市共同管道基金-百分比、交通局主管-臺北市公有收費停車場基金-金額、交通局主管-臺北市公有收費停車場基金-百分比、衛生局主管-臺北市立聯合醫院醫療基金-金額、衛生局主管-臺北市立聯合醫院醫療基金-百分比、都市發展局主管-臺北市住宅基金-金額、都市發展局主管-臺北市住宅基金-百分比、都市發展局主管-臺北市都市更新基金-金額、都市發展局主管-臺北市都市更新基金-百分比、文化局主管-臺北市文化設施發展基金-金額、文化局主管-臺北市文化設施發展基金-百分比、地政局主管-臺北市實施平均地權基金-金額、地政局主管-臺北市實施平均地權基金-百分比、以下空白,智慧通勤:2; 韌性防災:0; 永續環境:0; 食安健康:3; 勞動福祉:0; 文化共融:1
taipei,f623f9d5-6029-4289-808d-53f3023d5701,00001901,臺北市總預算附屬單位預算及綜計表_作業基金_收支餘絀綜計表(依基金別分列),食安健康,False,True,True,point,醫療資源與食安風險分布,False,2,財稅,公共資訊,網路服務,主計處,,主計處,不定期更新,"CSV,CSV,CSV,CSV,CSV,CSV,CSV,CSV,CSV,CSV,CSV,CSV,CSV,CSV,CSV",中文,2020-09-29T00:00:00,"/api/dataset/f623f9d5-6029-4289-808d-53f3023d5701/resource/411b5a83-42b4-474e-adec-620ff91f282d/download,/api/dataset/f623f9d5-6029-4289-808d-53f3023d5701/resource/7fda5735-0b9f-47aa-a225-72aa96b52a24/download,/api/dataset/f623f9d5-6029-4289-808d-53f3023d5701/resource/686be060-f569-4f65-94e7-1ebdd655bf17/download,/api/dataset/f623f9d5-6029-4289-808d-53f3023d5701/resource/f9b7f2eb-9a97-46f1-8697-ce1d421ad17e/download,/api/dataset/f623f9d5-6029-4289-808d-53f3023d5701/resource/ddd1cf63-3ba0-4acf-99f9-ba8e6f9ac8f9/download,/api/dataset/f623f9d5-6029-4289-808d-53f3023d5701/resource/62da5521-0afd-439a-b7a0-76235756bce6/download,/api/dataset/f623f9d5-6029-4289-808d-53f3023d5701/resource/93b66068-be00-462e-94fc-35deacf62968/download,/api/dataset/f623f9d5-6029-4289-808d-53f3023d5701/resource/d8916331-b918-4ebc-944c-09303c3be6b9/download,/api/dataset/f623f9d5-6029-4289-808d-53f3023d5701/resource/ef103af4-59ca-4e61-8aad-9848c89eae97/download,/api/dataset/f623f9d5-6029-4289-808d-53f3023d5701/resource/e27721a5-2f32-4c22-a0d2-84cb0c179472/download,/api/dataset/f623f9d5-6029-4289-808d-53f3023d5701/resource/b67d0076-093f-4537-b9d6-a758e15ae1a3/download,/api/dataset/f623f9d5-6029-4289-808d-53f3023d5701/resource/7763078b-1453-4ce6-a151-b51febb810ac/download,/api/dataset/f623f9d5-6029-4289-808d-53f3023d5701/resource/afdeb982-3678-4326-bccd-7330c7e506ee/download,/api/dataset/f623f9d5-6029-4289-808d-53f3023d5701/resource/2d42f500-7099-4715-a369-f0644d6641df/download,/api/dataset/f623f9d5-6029-4289-808d-53f3023d5701/resource/e006ec6d-7f3e-438a-9c5c-6bee52794743/download",作業基金收支餘絀綜計表(依基金別分列),科目、合計_金額、合計_％、輔助公教人員購置住宅及急難貸款基金金額、輔助公教人員購置住宅及急難貸款基金％、市有財產開發基金金額 、市有財產開發基金％、市立大學校務發展基金金額、市立大學校務發展基金％、市場發展基金金額、市場發展基金％、共同管道基金金額、共同管道基金％、公有收費停車場基金金額、公有收費停車場基金％、聯合醫院醫療基金金額、聯合醫院醫療基金％、住宅基金金額、住宅基金％、都市更新基金金額、都市更新基金％、文化設施發展基金金額、文化設施發展基金％、實施平均地權基金金額、實施平均地權基金％,智慧通勤:1; 韌性防災:0; 永續環境:0; 食安健康:2; 勞動福祉:0; 文化共融:1
taipei,55be5c73-0fe5-4cd7-8c30-eda5099c322a,00001904,臺北市總預算附屬單位預算及綜計表_作業基金_現金流量綜計表(依基金別分列),食安健康,False,True,True,point,醫療資源與食安風險分布,False,2,財稅,公共資訊,網路服務,主計處,,主計處,不定期更新,"CSV,CSV,CSV,CSV,CSV,CSV,CSV,CSV,CSV,CSV,CSV,CSV,CSV,CSV,CSV",中文,2020-09-29T00:00:00,"/api/dataset/55be5c73-0fe5-4cd7-8c30-eda5099c322a/resource/8e1bbb23-5c99-4ae9-8ed8-671449178493/download,/api/dataset/55be5c73-0fe5-4cd7-8c30-eda5099c322a/resource/f58cc457-4cbb-44c5-9096-840a39d1d328/download,/api/dataset/55be5c73-0fe5-4cd7-8c30-eda5099c322a/resource/d28ac7dc-cf24-450e-97bf-80487054eea7/download,/api/dataset/55be5c73-0fe5-4cd7-8c30-eda5099c322a/resource/f2916f73-90a9-417c-8a5f-da641d5b01fe/download,/api/dataset/55be5c73-0fe5-4cd7-8c30-eda5099c322a/resource/5466f79d-a543-45ed-83ee-d36db1e485cd/download,/api/dataset/55be5c73-0fe5-4cd7-8c30-eda5099c322a/resource/0ab04e66-baae-48b0-92a6-c9b265a69a17/download,/api/dataset/55be5c73-0fe5-4cd7-8c30-eda5099c322a/resource/77bd9bd2-6782-43fa-ac25-dc9ed00248b8/download,/api/dataset/55be5c73-0fe5-4cd7-8c30-eda5099c322a/resource/795d9990-caf0-468f-84ff-f3f495547f12/download,/api/dataset/55be5c73-0fe5-4cd7-8c30-eda5099c322a/resource/4cf752fa-f204-4c56-b160-6413d1d1002c/download,/api/dataset/55be5c73-0fe5-4cd7-8c30-eda5099c322a/resource/275031db-2c50-43d5-ab6d-e7ef4ae5e1a6/download,/api/dataset/55be5c73-0fe5-4cd7-8c30-eda5099c322a/resource/17a70a3d-0909-49ca-8a2b-884dd4b0410f/download,/api/dataset/55be5c73-0fe5-4cd7-8c30-eda5099c322a/resource/01492eb5-fc09-4d69-b546-8c94745b70f2/download,/api/dataset/55be5c73-0fe5-4cd7-8c30-eda5099c322a/resource/ea204bd6-e945-458b-8851-519741557fbf/download,/api/dataset/55be5c73-0fe5-4cd7-8c30-eda5099c322a/resource/fd8348f9-aafa-49fe-86c6-13ed16c305d5/download,/api/dataset/55be5c73-0fe5-4cd7-8c30-eda5099c322a/resource/d8f64e46-f29d-4279-824f-ce6e58b92bb6/download",作業基金現金流量綜計表(依基金別分列),項目、合計、人事處主管臺北市輔助公教人員購置住宅及急難貸款基金、財政局主管臺北市市有財產開發基金、教育局主管臺北市立大學校務發展基金、產業發展局主管臺北市市場發展基金、工務局主管臺北市共同管道基金、交通局主管臺北市公有收費停車場基金、衛生局主管臺北市立聯合醫院醫療基金、都市發展局主管臺北市住宅基金、都市發展局主管臺北市都市更新基金、文化局主管臺北市文化設施發展基金、地政局主管臺北市實施平均地權基金,智慧通勤:2; 韌性防災:0; 永續環境:0; 食安健康:3; 勞動福祉:0; 文化共融:1
taipei,ad729162-6e1e-4291-950f-d8f10be12dd5,00001903,臺北市總預算附屬單位預算及綜計表_作業基金_餘絀撥補綜計表(依基金別分列),食安健康,False,True,True,point,醫療資源與食安風險分布,False,2,財稅,公共資訊,網路服務,主計處,,主計處,不定期更新,"CSV,CSV,CSV,CSV,CSV,CSV,CSV,CSV,CSV,CSV,CSV,CSV,CSV,CSV,CSV",中文,2020-09-29T00:00:00,"/api/dataset/ad729162-6e1e-4291-950f-d8f10be12dd5/resource/2495ff87-6204-48e1-8622-ce740d4892ac/download,/api/dataset/ad729162-6e1e-4291-950f-d8f10be12dd5/resource/8e4b72d7-d27d-479f-bbb0-e63c74a1674e/download,/api/dataset/ad729162-6e1e-4291-950f-d8f10be12dd5/resource/9eeec7bc-f462-484f-be4d-71592141341c/download,/api/dataset/ad729162-6e1e-4291-950f-d8f10be12dd5/resource/9240a8c1-c69f-4913-85aa-00bf1eb972ee/download,/api/dataset/ad729162-6e1e-4291-950f-d8f10be12dd5/resource/4dd5c35d-38b1-44e1-b4d6-8abeab6cf1d2/download,/api/dataset/ad729162-6e1e-4291-950f-d8f10be12dd5/resource/2b9be2f0-9862-4968-aded-e5a23d3c5cdd/download,/api/dataset/ad729162-6e1e-4291-950f-d8f10be12dd5/resource/8096908b-6479-46f3-a492-1db13878c97c/download,/api/dataset/ad729162-6e1e-4291-950f-d8f10be12dd5/resource/2ef2c25c-9666-4e5d-ab6a-0011871da40a/download,/api/dataset/ad729162-6e1e-4291-950f-d8f10be12dd5/resource/91390728-aacf-4e8d-860a-ce8d6ce7bbb5/download,/api/dataset/ad729162-6e1e-4291-950f-d8f10be12dd5/resource/3d1739cf-5c61-46ef-9666-d6bde63380e3/download,/api/dataset/ad729162-6e1e-4291-950f-d8f10be12dd5/resource/b5d20eb2-18cd-47f5-97cf-ea9cd3d20914/download,/api/dataset/ad729162-6e1e-4291-950f-d8f10be12dd5/resource/9b285c49-7437-4d19-acca-c71f7a242519/download,/api/dataset/ad729162-6e1e-4291-950f-d8f10be12dd5/resource/59e52fb5-6bb5-4a72-affa-89376fbbf6bc/download,/api/dataset/ad729162-6e1e-4291-950f-d8f10be12dd5/resource/9531ba51-2a5a-4769-a0b1-309675be5a92/download,/api/dataset/ad729162-6e1e-4291-950f-d8f10be12dd5/resource/4df9d95f-e3cf-4be1-9cb5-bb0082357197/download",作業基金餘絀撥補綜計表(依基金別分列),項目、合計_金額、合計_％、人事處主管臺北市輔助公教人員購置住宅及急難貸款基金_金額、人事處主管臺北市輔助公教人員購置住宅及急難貸款基金_％、財政局主管臺北市市有財產開發基金_金額 、財政局主管臺北市市有財產開發基金_％、教育局主管臺北市立大學校務發展基金_金額、教育局主管臺北市立大學校務發展基金_％、產業發展局主管臺北市市場發展基金_金額、產業發展局主管臺北市市場發展基金_％、工務局主管臺北市共同管道基金 _金額、工務局主管臺北市共同管道基金 _％、交通局主管臺北市公有收費停車場基金_金額、交通局主管臺北市公有收費停車場基金_％、衛生局主管臺北市立聯合醫院醫療基金_金額、衛生局主管臺北市立聯合醫院醫療基金_％、都市發展局主管臺北市住宅基金_金額、都市發展局主管臺北市住宅基金_％、都市發展局主管臺北市都市更新基金_金額、都市發展局主管臺北市都市更新基金_％、文化局主管臺北市文化設施發展基金_金額、文化局主管臺北市文化設施發展基金_％、地政局主管臺北市實施平均地權基金_金額、地政局主管臺北市實施平均地權基金_％,智慧通勤:2; 韌性防災:0; 永續環境:0; 食安健康:3; 勞動福祉:0; 文化共融:1
taipei,e15259b2-372e-4df5-a339-34a1386520da,00002394,臺北市老人長期照顧、安養機構及老人公寓概況,食安健康,False,True,True,table,醫療資源與食安風險分布,False,2,統計,老年安養,原始資料,主計處,,主計處,每1年,CSV,中文,2022-03-22T00:00:00,https://tsis.dbas.gov.taipei/statis/webMain.aspx?sys=220&ymf=8400&kind=21&type=0&funid=a05025501&cycle=4&outmode=12&compmode=0&outkind=3&deflst=2&nzo=1,臺北市老人長期照顧、安養機構及老人公寓概況時間數列統計資料,統計期、設立別、長期照護型機構/機構數[所]、長期照護型機構/可供進住人數[人]、長期照護型機構/實際進住人數/總計[人]、長期照護型機構/實際進住人數/男[人]、長期照護型機構/實際進住人數/女[人]、安養機構/機構數[所]、安養機構/可供進住人數[人]、安養機構/實際進住人數/總計[人]、安養機構/實際進住人數/男[人]、安養機構/實際進住人數/女[人]、養護型機構/機構數[所]、養護型機構/可供進住人數[人]、養護型機構/實際進住人數/總計[人]、養護型機構/實際進住人數/男[人]、養護型機構/實際進住人數/女[人]、失智照顧型機構/機構數[所]、失智照顧型機構/可供進住人數[人]、失智照顧型機構/實際進住人數/總計[人]、失智照顧型機構/實際進住人數/男[人]、失智照顧型機構/實際進住人數/女[人]、老人公寓/所數[所]、老人公寓/實際進住人數/總計[人]、老人公寓/實際進住人數/男[人]、老人公寓/實際進住人數/女[人]、老人住宅/所數[所]、老人住宅/實際進住人數/總計[人]、老人住宅/實際進住人數/男[人]、老人住宅/實際進住人數/女[人],智慧通勤:0; 韌性防災:0; 永續環境:0; 食安健康:1; 勞動福祉:1; 文化共融:0
taipei,77f3f29f-8d93-4c07-bf70-7bff345dc198,00029347,臺北市藥政管理統計資料,食安健康,False,True,True,table,醫療資源與食安風險分布,False,2,醫療,公共資訊,原始資料,衛生局,,衛生局,不定期更新,CSV,中文,2022-06-14T00:00:00,/api/dataset/77f3f29f-8d93-4c07-bf70-7bff345dc198/resource/c261edd4-e077-493d-a1e2-a895fcd2f258/download,"藥政管理統計資料
",項次、資料集名稱、內容、相關資訊、更新日期,智慧通勤:0; 韌性防災:0; 永續環境:0; 食安健康:1; 勞動福祉:0; 文化共融:0
taipei,ad0f8499-f9d8-4793-bddb-4652e7c02e39,00002024,臺北市藥政管理與服務,食安健康,False,True,True,point,醫療資源與食安風險分布,False,2,統計,公共資訊,原始資料,主計處,,主計處,每1年,CSV,中文,2022-01-21T00:00:00,https://tsis.dbas.gov.taipei/statis/webMain.aspx?sys=220&ymf=6300&kind=21&type=0&funid=a05031301&cycle=4&outmode=12&compmode=0&outkind=1&deflst=2&nzo=1,臺北市藥政管理與服務時間數列統計資料,統計期、藥商家數/合計、藥商家數/西藥商/藥品販賣業、藥商家數/西藥商/藥品製造業、藥商家數/中藥商/藥品販賣業、藥商家數/中藥商/藥品製造業、藥商家數/醫療器材商/醫療器材販賣業、藥商家數/醫療器材商/醫療器材製造業、藥商家數/藥局、藥商家數/其他、北市聯醫及醫學中心處方箋釋出/慢性病[張]、北市聯醫及醫學中心處方箋釋出/一般[張]、北市聯醫及醫學中心送藥到宅服務[人次],智慧通勤:0; 韌性防災:0; 永續環境:0; 食安健康:2; 勞動福祉:0; 文化共融:0
taipei,5a8fb463-19c7-4ee1-8641-df098029496c,00002111,臺北市藥粧管理及菸害防制,食安健康,False,True,True,table,醫療資源與食安風險分布,False,2,統計,生活安全及品質,原始資料,主計處,,主計處,每1年,CSV,中文,2021-01-28T00:00:00,https://tsis.dbas.gov.taipei/statis/webMain.aspx?sys=220&ymf=8100&kind=21&type=0&funid=a05032101&cycle=4&outmode=12&compmode=0&outkind=1&deflst=2&nzo=1,臺北市藥粧管理及菸害防制時間數列統計資料,統計期、藥品管理檢查家次[家次]、藥品管理違法家次[家次]、藥品管理查獲違法藥品件數[件]、藥品管理查獲違法藥品種數[種]、醫療器材管理檢查家數[家數]、醫療器材管理違法家數[家數]、醫療器材管理查獲違法醫療器材件數[件]、醫療器材管理查獲違法醫療器材種數[種]、藥物廣告管理申請件數[件]、藥物廣告管理核准件數[件]、藥物廣告管理違規件數[件]、化粧品衛生管理抽查件數[件]、化粧品衛生管理查獲違法件數[件]、化粧品廣告管理申請件數[件]、化粧品廣告管理核准件數[件]、菸害防制稽查次數[次]、菸害防制處份件數[件],智慧通勤:0; 韌性防災:0; 永續環境:0; 食安健康:3; 勞動福祉:0; 文化共融:0
taipei,61bdd371-14a4-4d3e-9b27-23b1700c3a85,00029713,臺北市衛生局所屬婦女健康或衛生相關委員會(工作小組)個數,食安健康,False,True,True,table,醫療資源與食安風險分布,False,2,統計,公共資訊,原始資料,主計處,,主計處,每1年,CSV,中文,2022-09-12T00:00:00,/api/dataset/61bdd371-14a4-4d3e-9b27-23b1700c3a85/resource/46e655c1-cca1-46c2-824d-a0b89de16d2e/download,臺北市衛生局所屬婦女健康或衛生相關委員會(工作小組)個數時間數列統計資料,統計期、臺北市委員會個數[個]、新北市委員會個數[個]、桃園市委員會個數[個]、臺中市委員會個數[個]、臺南市委員會個數[個]、高雄市委員會個數[個],智慧通勤:0; 韌性防災:0; 永續環境:0; 食安健康:2; 勞動福祉:0; 文化共融:0
taipei,a3827365-ed98-4631-9f92-439a825a48a9,00003111,臺北市西藥廣告申請案件,食安健康,False,True,True,table,醫療資源與食安風險分布,False,2,醫療,公共資訊,原始資料,衛生局,,衛生局,不定期更新,CSV,中文,2020-11-25T00:00:00,/api/dataset/a3827365-ed98-4631-9f92-439a825a48a9/resource/3dc9b755-2c1d-4d6e-9c4f-57364d91d748/download,臺北市西藥廣告申請案件。,項次、縣市別代碼、產品類別、申請廠商、相關資訊,智慧通勤:0; 韌性防災:0; 永續環境:0; 食安健康:1; 勞動福祉:0; 文化共融:0
taipei,f4654860-29bf-4cd3-92f5-d5b4cb9a97ac,00029712,臺北市護理之家照護概況,食安健康,False,True,True,table,醫療資源與食安風險分布,False,2,統計,老年安養,原始資料,主計處,,主計處,每1年,CSV,中文,2022-09-12T00:00:00,https://tsis.dbas.gov.taipei/statis/webMain.aspx?sys=220&ymf=98&kind=21&type=0&funid=a05900101&cycle=4&outmode=12&compmode=0&outkind=3&deflst=2&nzo=1,臺北市護理之家照護概況時間數列統計資料,統計期、性別、護理人員數[人]、照護服務員數[人]、實際照護人數[人],智慧通勤:0; 韌性防災:0; 永續環境:0; 食安健康:1; 勞動福祉:0; 文化共融:0
taipei,b6fc2421-c8ce-48c8-9708-d5ebdaf6bea7,00003088,臺北市辦理受聘僱外國人（移工）定期健康檢查統計,食安健康,False,True,True,table,醫療資源與食安風險分布,False,2,統計,公共資訊,原始資料,衛生局,,衛生局,不定期更新,CSV,中文,2020-11-25T00:00:00,/api/dataset/b6fc2421-c8ce-48c8-9708-d5ebdaf6bea7/resource/05f62e55-7a8b-44f6-aeed-9a803daff2e8/download,辦理受聘僱外國人（移工）定期健康檢查統計。,國別、健檢總人數、合格健檢總人數、不合格健檢總人數、健檢不合格率、依規定健檢總人數、依規定健檢合格人數、依規定健檢不合格人數、逾期健檢總人數、逾期健檢合格人數、逾期健檢不合格人數、六個月定期健康檢查總人數、六個月定期健康檢查合格人數、六個月定期健康檢查不合格人數、六個月定期健康檢查不合格率、六個月依規定定期健康檢查總人數、六個月依規定定期健康檢查合格人數、六個月依規定定期健康檢查不合格人數、六個月逾期健康檢查總人數、六個月逾期健康檢查合格人數、六個月逾期健康檢查不合格人數、十八個月定期健康檢查相關資料、三十個月定期健康檢查相關資料、歷年相關資料,智慧通勤:0; 韌性防災:0; 永續環境:0; 食安健康:1; 勞動福祉:0; 文化共融:0
taipei,6b8faaea-7e58-4e29-ba95-3daeb4a6f5bf,00029729,臺北市農民健康保險被保險人數,食安健康,False,True,True,table,醫療資源與食安風險分布,False,2,統計,公共資訊,原始資料,主計處,,主計處,每1年,CSV,中文,2022-09-12T00:00:00,https://tsis.dbas.gov.taipei/statis/webMain.aspx?sys=220&ymf=9600&kind=21&type=0&funid=a05900301&cycle=4&outmode=12&compmode=0&outkind=1&deflst=2&nzo=1,臺北市農民健康保險被保險人數時間數列統計資料,統計期、農民健康保險被保險人數[人]/ 總計、農民健康保險被保險人數[人]/ 男、農民健康保險被保險人數[人]/ 女、農民健康保險被保險人數增減率[%]/ 總計、農民健康保險被保險人數增減率[%]/ 男、農民健康保險被保險人數增減率[%]/ 女,智慧通勤:0; 韌性防災:0; 永續環境:0; 食安健康:1; 勞動福祉:0; 文化共融:0
taipei,cbeb7c62-85c8-4e1f-9d5e-bcb43339196b,00001228,臺北市違反台北市營業衛生管理自治條例違規案件,食安健康,False,True,True,table,醫療資源與食安風險分布,False,2,醫療,公共資訊,原始資料,衛生局,,衛生局,每6月,CSV,中文,2020-07-13T00:00:00,/api/dataset/cbeb7c62-85c8-4e1f-9d5e-bcb43339196b/resource/06662cc7-6040-4f95-804c-bfd3400b76ca/download,違反台北市營業衛生管理自治條例違規案件。,項次、日期、違規情節、罰鍰金額數、罰則註記,智慧通勤:0; 韌性防災:0; 永續環境:0; 食安健康:2; 勞動福祉:0; 文化共融:0
taipei,5647ce23-0c91-4a0a-b356-7866cb59811a,00003086,臺北市違反醫療法規裁處確定案件,食安健康,False,True,True,table,醫療資源與食安風險分布,False,2,醫療,就醫,原始資料,衛生局,,衛生局,每1年,CSV,中文,2020-11-25T00:00:00,/api/dataset/5647ce23-0c91-4a0a-b356-7866cb59811a/resource/28b488e3-2073-4a3e-b654-10943562dd8c/download,違反醫療法規裁處確定案件。,序號、日期、違規類型、違規來源、違反事實,智慧通勤:0; 韌性防災:0; 永續環境:0; 食安健康:1; 勞動福祉:0; 文化共融:0
taipei,3bab795e-f212-4dcc-a1ee-a6593204a61a,00003085,臺北市醫事人員執業登記統計,食安健康,False,True,True,table,醫療資源與食安風險分布,False,2,醫療,就醫,原始資料,衛生局,,衛生局,每1年,CSV,中文,2020-11-25T00:00:00,/api/dataset/3bab795e-f212-4dcc-a1ee-a6593204a61a/resource/21d9b8b0-69e0-4eff-bae1-532002f0d428/download,臺北市醫事人員執業登記統計。,"序號、資料日期、醫事人員類別、縣市別、執業登記人數
",智慧通勤:0; 韌性防災:0; 永續環境:0; 食安健康:1; 勞動福祉:0; 文化共融:0
taipei,454240fb-32c9-4e27-83fb-6bd7a7f8e911,00002015,臺北市醫療(事)機構執業醫事人員數,食安健康,False,True,True,table,醫療資源與食安風險分布,False,2,統計,就醫,原始資料,主計處,,主計處,每1年,CSV,中文,2021-01-28T00:00:00,https://tsis.dbas.gov.taipei/statis/webMain.aspx?sys=220&ymf=5700&kind=21&type=0&funid=a05030701&cycle=4&outmode=12&compmode=0&outkind=3&deflst=2&nzo=1,臺北市醫療(事)機構執業醫事人員數時間數列統計資料,統計期、總人數、西醫師人數、中醫師人數、牙醫師人數、藥師人數、藥劑生人數、醫事檢驗師人數、醫事檢驗生人數、醫事放射師人數、醫事放射士人數、護理師人數、護士人數、助產師人數、助產士人數、鑲牙生人數、營養師人數、物理治療師人數、物理治療生人數、職能治療師人數、職能治療生人數、臨床心理師人數、諮商心理師人數、呼吸治療師人數、語言治療師人數、聽力師人數、牙體技術師人數、牙體技術生人數、驗光師人數、驗光生人數、每萬人醫療院所執業醫事人員數,智慧通勤:0; 韌性防災:0; 永續環境:0; 食安健康:3; 勞動福祉:0; 文化共融:0
taipei,100c445e-c0d7-449e-8e48-66625448e0a0,00002519,臺北市醫療保健按月別,食安健康,False,True,True,table,醫療資源與食安風險分布,False,2,統計,公共資訊,原始資料,主計處,,主計處,每1月,CSV,中文,2022-03-18T00:00:00,https://tsis.dbas.gov.taipei/statis/webMain.aspx?sys=220&ymf=8701&kind=21&type=0&funid=a04003701&cycle=1&outmode=12&compmode=0&outkind=1&deflst=2&nzo=1,臺北市醫療保健按月別時間數列統計資料,統計期、市立醫療院所門診診療人次[人次]、市立醫療院所入院人次[人次]、藥商家數[家]、法定傳染病確定病例[人]、預防接種人次[人次]、營業場所衛生管理列管家數[家]、營業場所衛生管理稽查家次[家次]、營業場所衛生管理輔導改善家次[家次]、食品衛生管理查驗件數[件]、食品衛生管理查驗不符規定件數[件],智慧通勤:0; 韌性防災:0; 永續環境:0; 食安健康:4; 勞動福祉:0; 文化共融:0
taipei,289439b3-35c8-42b3-a4c7-db39df17dcd2,00000882,臺北市醫療糾紛申訴案件統計,食安健康,False,True,True,table,醫療資源與食安風險分布,False,2,醫療,就醫,原始資料,衛生局,,衛生局,每1年,CSV,中文,2015-10-14T00:00:00,/api/dataset/289439b3-35c8-42b3-a4c7-db39df17dcd2/resource/1001f74e-55bb-46f7-83fc-e5ba946490e8/download,"臺北市醫療糾紛申訴案件統計
*註1：醫療糾紛係指與醫療機構或醫事人員因醫療行為引起傷病、殘廢或死亡之醫療糾紛。上述醫療糾紛數字包含相關費用爭議案件。
*註2：陳情客訴係指針對醫療機構或醫事人員之行政流程、服務態度等一般陳情案件。",年份、醫療糾紛、陳情客訴、總件數、醫爭占率、客訴占率、執行調處件數、執行調處比例、成立件數、成立比例,智慧通勤:0; 韌性防災:0; 永續環境:0; 食安健康:1; 勞動福祉:0; 文化共融:0
taipei,e6a88956-f8b5-4dcc-ae40-84707a2f8c8c,00000878,臺北市醫療違規裁處案件統計,食安健康,False,True,True,table,醫療資源與食安風險分布,False,2,醫療,就醫,原始資料,衛生局,,衛生局,每1年,CSV,中文,2015-10-08T00:00:00,/api/dataset/e6a88956-f8b5-4dcc-ae40-84707a2f8c8c/resource/3761afee-9059-4630-bb41-1c57682cff10/download,臺北市醫療違規裁處案件統計。,項次、裁處書日期、違規情節、罰鍰金額數、罰則註記,智慧通勤:0; 韌性防災:0; 永續環境:0; 食安健康:1; 勞動福祉:0; 文化共融:0
taipei,2606bd20-c751-4664-b584-7774e2416b61,00002016,臺北市醫院專科醫師專任人員數,食安健康,False,True,True,point,醫療資源與食安風險分布,False,2,統計,公共資訊,原始資料,主計處,,主計處,每1年,CSV,中文,2021-10-07T00:00:00,https://tsis.dbas.gov.taipei/statis/webMain.aspx?sys=220&ymf=10300&kind=21&type=0&funid=a05041501&cycle=4&outmode=12&compmode=0&outkind=1&deflst=2&nzo=1,臺北市醫院專科醫師專任人員數時間數列統計資料,統計期、總計[人]、家庭醫學科[人]、內科[人]、外科[人]、兒科[人]、婦產科[人]、骨科[人]、神經科[人]、神經外科[人]、泌尿科[人]、耳鼻喉科[人]、眼科[人]、皮膚科[人]、精神科[人]、復健科[人]、整形外科[人]、麻醉科[人]、放射診斷科[人]、放射腫瘤科[人]、解剖病理科[人]、臨床病理科[人]、核子醫學科[人]、急診醫學科[人]、職業醫學科[人]、口腔顎面外科[人]、口腔病理科[人]、齒顎矯正科[人],智慧通勤:0; 韌性防災:0; 永續環境:0; 食安健康:1; 勞動福祉:0; 文化共融:0
taipei,3f3986b0-ee4d-4738-a62f-b0301f46477c,00002022,臺北市醫院病床占床率,食安健康,False,True,True,point,醫療資源與食安風險分布,False,2,統計,就醫,原始資料,主計處,,主計處,每1年,"CSV,CSV",中文,2021-10-06T00:00:00,"https://tsis.dbas.gov.taipei/statis/webMain.aspx?sys=220&ymf=8300&kind=21&type=0&funid=a05031101&cycle=4&outmode=12&compmode=0&outkind=1&deflst=2&nzo=1,https://tsis.dbas.gov.taipei/statis/webMain.aspx?sys=220&ymf=8700&kind=21&type=0&funid=a05031103&cycle=4&outmode=12&compmode=0&outkind=1&deflst=2&nzo=1",臺北市醫院病床占床率時間數列統計資料,統計期、占床率/總計、占床率/一般病床/急性/一般病床、占床率/一般病床/急性/精神病床、占床率/一般病床/慢性/一般病床、占床率/一般病床/慢性/精神病床、占床率/一般病床/慢性/結核病床、占床率/一般病床/慢性/漢生病病床、占床率/特殊病床/加護病床、占床率/特殊病床/燒傷病床、占床率/特殊病床/燒傷加護病床、占床率/特殊病床/嬰兒病床、占床率/特殊病床/嬰兒床、占床率/特殊病床/安寧病床、占床率/特殊病床/慢性呼吸照護病床、占床率/特殊病床/亞急性呼吸照護病床、占床率/特殊病床/急性結核病床、占床率/特殊病床/精神科加護病床、占床率/特殊病床/手術恢復床、占床率/特殊病床/血液透析床、占床率/特殊病床/腹膜透析床、占床率/特殊病床/普通隔離病床、占床率/特殊病床/正壓隔離病床、占床率/特殊病床/負壓隔離病床、占床率/特殊病床/骨髓移植病床、占床率/特殊病床/性侵害犯罪加害人強制治療病床、占床率/特殊病床/急性後期照護病床、占床率/特殊病床/整合醫學急診後送病床、占床率/特殊病床/戒護病床、占床率/特殊病床/司法精神病床、占床率/特殊病床/其他,智慧通勤:0; 韌性防災:0; 永續環境:0; 食安健康:2; 勞動福祉:0; 文化共融:0
taipei,e1f5e446-49a7-488d-92bb-d98eb1d56b06,00002019,臺北市醫院病床平均住院人日數,食安健康,False,True,True,point,醫療資源與食安風險分布,False,2,統計,就醫,原始資料,主計處,,主計處,每1年,CSV,中文,2021-10-06T00:00:00,https://tsis.dbas.gov.taipei/statis/webMain.aspx?sys=220&ymf=9000&kind=21&type=0&funid=a05031001&cycle=4&outmode=12&compmode=0&outkind=1&deflst=2&nzo=1,臺北市醫院病床平均住院人日數時間數列統計資料,統計期、住院總人日數/急性一般病床[人日]、住院總人日數/慢性一般病床[人日]、住院總人次/急性一般病床[人次]、住院總人次/慢性一般病床[人次]、平均住院日數/急性一般病床[日]、平均住院日數/慢性一般病床[日]、住院總人日數/加護病床[人日]、住院總人次/加護病床[人次]、平均住院日數/加護病床[日],智慧通勤:0; 韌性防災:0; 永續環境:0; 食安健康:1; 勞動福祉:0; 文化共融:0
taipei,ee2dd5ea-2ff2-490f-a915-8aea89e1c6df,00001990,臺北市醫院診所家數,食安健康,False,True,True,point,醫療資源與食安風險分布,False,2,統計,就醫,原始資料,主計處,,主計處,每1年,"CSV,CSV",中文,2021-01-28T00:00:00,"https://tsis.dbas.gov.taipei/statis/webMain.aspx?sys=220&ymf=5700&kind=21&type=0&funid=a05030501&cycle=4&outmode=12&compmode=0&outkind=3&deflst=2&nzo=1,https://tsis.dbas.gov.taipei/statis/webMain.aspx?sys=220&ymf=7900&kind=21&type=0&funid=a05030502&cycle=4&outmode=12&compmode=0&outkind=3&deflst=2&nzo=1",臺北市醫院診所家數時間數列統計資料,統計期、總計/合計[家]、總計/公立/省立[家]、總計/公立/市立[家]、總計/公立/其他公立[家]、總計/非公立[家]、醫院/合計[家]、醫院/公立/省立[家]、醫院/公立/市立[家]、醫院/公立/其他公立[家]、醫院/非公立[家]、診所/合計[家]、診所/公立/市立[家]、診所/公立/其他公立[家]、診所/非公立[家],智慧通勤:0; 韌性防災:0; 永續環境:0; 食安健康:2; 勞動福祉:0; 文化共融:0
taipei,849f28ea-847f-483e-bef5-244b0a9a4a43,00002014,臺北市醫院診所病床數,食安健康,False,True,True,point,醫療資源與食安風險分布,False,2,統計,就醫,原始資料,主計處,,主計處,每1年,"CSV,CSV",中文,2021-01-28T00:00:00,"https://tsis.dbas.gov.taipei/statis/webMain.aspx?sys=220&ymf=8000&kind=21&type=0&funid=a05030603&cycle=4&outmode=12&compmode=0&outkind=1&deflst=2&nzo=1,https://tsis.dbas.gov.taipei/statis/webMain.aspx?sys=220&ymf=8000&kind=21&type=0&funid=a05030601&cycle=4&outmode=12&compmode=0&outkind=1&deflst=2&nzo=1",臺北市醫院診所病床數時間數列統計資料,統計期、總病床數、醫院病床數/合計、醫院病床數/一般病床/急性/一般病床、醫院病床數/一般病床/急性/精神病床、醫院病床數/一般病床/慢性/一般病床、醫院病床數/一般病床/慢性/精神病床、醫院病床數/一般病床/慢性/結核病床、醫院病床數/一般病床/慢性/漢生病病床、醫院病床數/特殊病床/加護病床、醫院病床數/特殊病床/燒傷病床、醫院病床數/特殊病床/燒傷加護病床、醫院病床數/特殊病床/嬰兒病床、醫院病床數/特殊病床/安寧病床、醫院病床數/特殊病床/慢性呼吸照護病床、醫院病床數/特殊病床/亞急性呼吸照護病床、醫院病床數/特殊病床/急性結核病床、醫院病床數/特殊病床/精神科加護病床、醫院病床數/特殊病床/手術恢復床、醫院病床數/特殊病床/嬰兒床、醫院病床數/特殊病床/血液透析床、醫院病床數/特殊病床/腹膜透析床、醫院病床數/特殊病床/普通隔離病床、醫院病床數/特殊病床/正壓隔離病床、醫院病床數/特殊病床/負壓隔離病床、醫院病床數/特殊病床/骨髓移植病床、醫院病床數/特殊病床/性侵害犯罪加害人強制治療病床、醫院病床數/特殊病床/急性後期照護病床、醫院病床數/特殊病床/整合醫學急診後送病床、醫院病床數/特殊病床/戒護病床、醫院病床數/特殊病床/司法精神病床、醫院病床數/特殊病床/觀察病床/急診、醫院病床數/特殊病床/觀察病床/其他、醫院病床數/特殊病床/其他、精神科日間照護單位[人]、診所病床數/合計、診所病床數/觀察病床、診所病床數/嬰兒床、診所病床數/血液透析床、診所病床數/產科病床,智慧通勤:0; 韌性防災:0; 永續環境:0; 食安健康:3; 勞動福祉:0; 文化共融:0
taipei,82846f4c-f41a-468a-94e5-ea46d4bddc01,00002018,臺北市醫院醫療服務量,食安健康,False,True,True,point,醫療資源與食安風險分布,False,2,統計,就醫,原始資料,主計處,,主計處,每1年,CSV,中文,2021-10-06T00:00:00,https://tsis.dbas.gov.taipei/statis/webMain.aspx?sys=220&ymf=8300&kind=21&type=0&funid=a05030901&cycle=4&outmode=12&compmode=0&outkind=1&deflst=2&nzo=1,臺北市醫院醫療服務量時間數列統計資料,統計期、出院[人次]、門診[人次]、急診[人次]、門診體檢[人次]、住院體檢[人次]、門診手術[人次]、住院手術[人次]、血液透析[人次]、接生[人次]、剖腹產[人次]、剖腹產率[%]、住院期間純母乳哺育率[%],智慧通勤:0; 韌性防災:0; 永續環境:0; 食安健康:2; 勞動福祉:0; 文化共融:0
taipei,af257faf-9ee6-4ca7-9631-4e4cb7d4e2fd,00002044,臺北市長者長期照顧、安養機構及老人公寓概況按月別,食安健康,False,True,True,table,醫療資源與食安風險分布,False,2,統計,老年安養,原始資料,主計處,,主計處,不定期更新,CSV,中文,2022-03-18T00:00:00,https://tsis.dbas.gov.taipei/statis/webMain.aspx?sys=220&ymf=10501&kind=21&type=0&funid=a04004701&cycle=1&outmode=12&compmode=0&outkind=1&deflst=2&nzo=1,臺北市長者長期照顧、安養機構及老人公寓概況按月別時間數列統計資料,統計期、長期照護型機構/機構數[所]、長期照護型機構/實際進住人數[人]、養護型機構/機構數[所]、養護型機構/實際進住人數[人]、安養機構/機構數[所]、安養機構/實際進住人數[人]、失智照顧型機構/機構數[所]、失智照顧型機構/實際進住人數[人]、老人公寓/所數[所]、老人公寓/實際進住人數[人]、老人住宅/所數[所]、老人住宅/實際進住人數[人],智慧通勤:0; 韌性防災:0; 永續環境:0; 食安健康:1; 勞動福祉:1; 文化共融:0
taipei,d15680d5-6978-4751-bb47-890c3e6b650e,00002485,臺北市防止及處理少年事件,食安健康,False,True,True,table,醫療資源與食安風險分布,False,2,統計,公共資訊,原始資料,主計處,,主計處,每1年,CSV,中文,2021-02-26T00:00:00,https://tsis.dbas.gov.taipei/statis/webMain.aspx?sys=220&ymf=8000&kind=21&type=0&funid=a05029301&cycle=4&outmode=12&compmode=0&outkind=3&deflst=2&nzo=1,臺北市防止及處理少年事件時間數列統計資料,統計期、勸阻少年偏差行為/總計[人]、勸阻少年偏差行為/深夜在外遊蕩[人]、勸阻少年偏差行為/吸煙酗酒嚼檳榔[人]、勸阻少年偏差行為/逃學逃家[人]、勸阻少年偏差行為/出入危害其身心健康之場所[人]、勸阻少年偏差行為/加暴行於人或互毆未至傷害[人]、勸阻少年偏差行為/無照駕駛汽機車[人]、勸阻少年偏差行為/其他[人]、曝險行為通知少輔會輔導人數[人],智慧通勤:0; 韌性防災:0; 永續環境:0; 食安健康:1; 勞動福祉:0; 文化共融:0
taipei,7d50657f-b35b-496e-b83f-5713893b9a9e,00002072,臺北市食品衛生管理工作,食安健康,False,True,True,table,醫療資源與食安風險分布,False,2,統計,生活安全及品質,原始資料,主計處,,主計處,每1年,CSV,中文,2022-02-15T00:00:00,https://tsis.dbas.gov.taipei/statis/webMain.aspx?sys=220&ymf=5900&kind=21&type=0&funid=a05031801&cycle=4&outmode=12&compmode=0&outkind=1&deflst=2&nzo=1,臺北市食品衛生管理工作時間數列統計資料,統計期、食品衛生管理稽查工作/稽查家次[家次]、食品衛生管理稽查工作/餐飲店/稽查家次[家次]、食品衛生管理稽查工作/冷飲店/稽查家次[家次]、食品衛生管理稽查工作/飲食攤販/稽查家次[家次]、食品衛生管理稽查工作/傳統市場/稽查家次[家次]、食品衛生管理稽查工作/超級市場/稽查家次[家次]、食品衛生管理稽查工作/自動販賣機/稽查家次[家次]、食品衛生管理稽查工作/雜貨便利商店/稽查家次[家次]、食品衛生管理稽查工作/製造廠商/稽查家次[家次]、食品衛生管理稽查工作/其他/稽查家次[家次]、食品衛生管理稽查工作/不合格飭令改善家次[家次]、食品衛生管理稽查工作/餐飲店/不合格飭令改善家次[家次]、食品衛生管理稽查工作/冷飲店/不合格飭令改善家次[家次]、食品衛生管理稽查工作/飲食攤販/不合格飭令改善家次[家次]、食品衛生管理稽查工作/傳統市場/不合格飭令改善家次[家次]、食品衛生管理稽查工作/超級市場/不合格飭令改善家次[家次]、食品衛生管理稽查工作/自動販賣機/不合格飭令改善家次[家次]、食品衛生管理稽查工作/雜貨便利商店/不合格飭令改善家次[家次]、食品衛生管理稽查工作/製造廠商/不合格飭令改善家次[家次]、食品衛生管理稽查工作/其他/不合格飭令改善家次[家次]、食品中毒人數[人],智慧通勤:0; 韌性防災:0; 永續環境:0; 食安健康:3; 勞動福祉:0; 文化共融:0
taipei,c3ae074c-f65f-4f69-bf65-2c00a674e870,00002108,臺北市食品衛生管理查驗工作,食安健康,False,True,True,table,醫療資源與食安風險分布,False,2,統計,生活安全及品質,原始資料,主計處,,主計處,每1年,"CSV,CSV",中文,2022-02-15T00:00:00,"https://tsis.dbas.gov.taipei/statis/webMain.aspx?sys=220&ymf=8100&ymt=9400&kind=21&type=0&funid=a05032001&cycle=4&outmode=12&compmode=0&outkind=1&deflst=2&nzo=1,https://tsis.dbas.gov.taipei/statis/webMain.aspx?sys=220&ymf=9500&kind=21&type=0&funid=a05032002&cycle=4&outmode=12&compmode=0&outkind=1&deflst=2&nzo=1",臺北市食品衛生管理查驗工作時間數列統計資料,統計期、查驗件數/總計[件]、查驗件數/查核[件]、查驗件數/檢驗[件]、與規定不符件數/總計[件]、與規定不符件數/查核[件]、與規定不符件數/檢驗[件]、不符規定比率[%]、與規定不符件數按原因別/違規標示[件]、與規定不符件數按原因別/違規廣告[件]、與規定不符件數按原因別/食品添加物[件]、與規定不符件數按原因別/食品器皿容器包裝檢驗[件]、與規定不符件數按原因別/微生物[件]、與規定不符件數按原因別/真菌毒素[件]、與規定不符件數按原因別/動物用藥殘留[件]、與規定不符件數按原因別/化學成分[件]、與規定不符件數按原因別/成分分析[件]、 與規定不符件數按原因別/其他[件]、移外縣市未結案[件],智慧通勤:0; 韌性防災:0; 永續環境:0; 食安健康:3; 勞動福祉:0; 文化共融:0
taipei,dab71a02-abc9-49cf-9853-b5627ad535d2,00003034,臺北市飲用水水質抽驗結果概況,食安健康,False,True,True,table,醫療資源與食安風險分布,False,2,統計,生活安全及品質,原始資料,主計處,,主計處,每1年,CSV,中文,2021-01-28T00:00:00,https://tsis.dbas.gov.taipei/statis/webMain.aspx?sys=220&ymf=8500&kind=21&type=0&funid=a05022001&cycle=4&outmode=12&compmode=0&outkind=1&deflst=2&nzo=1,臺北市飲用水水質抽驗結果概況時間數列統計資料,統計期、自來水檢驗件數[件]、自來水檢驗不合格件數[件]、自來水檢驗件數不合格率[%]、自來水檢驗項次[項次]、自來水檢驗不合格項次[項次]、自來水檢驗項次不合格率[%]、簡易自來水檢驗件數[件]、簡易自來水檢驗不合格件數[件]、簡易自來水檢驗件數不合格率[%]、簡易自來水檢驗項次[項次]、簡易自來水檢驗不合格項次[項次]、簡易自來水檢驗項次不合格率[%],智慧通勤:0; 韌性防災:0; 永續環境:1; 食安健康:2; 勞動福祉:0; 文化共融:0
newtaipei,FB62AEDB-79E6-4EA6-B013-C23291AEF5F7,, 新北市公費流感抗病毒藥劑合約醫療院所(類流感門診),食安健康,False,True,False,table,醫療資源與食安風險分布,False,1,醫療,就醫,,,,新北市政府衛生局/疾病管制科/急性傳染病股,每年,JSON、CSV、XML,中文,,https://data.ntpc.gov.tw/datasets/fb62aedb-79e6-4ea6-b013-c23291aef5f7,提供查詢本市類流感合約院所，該合約院所可開立公費抗病毒藥劑以對抗流感。,,智慧通勤:0; 韌性防災:0; 永續環境:0; 食安健康:1; 勞動福祉:0; 文化共融:0
newtaipei,D26546B3-1AB9-4EAC-9A67-DE6E0B680AE0,,國小新生入學後預防接種紀錄檢查與補接種建議表,食安健康,False,True,False,table,醫療資源與食安風險分布,False,1,醫療,生育保健,,,,新北市政府衛生局/疾病管制科/預防接種股,不更新,JSON、CSV、XML,中文,,https://data.ntpc.gov.tw/datasets/d26546b3-1ab9-4eac-9a67-de6e0b680ae0,"提供我國國小入學新生查卡後接補種之對照表，可查詢需要補接種的疫苗類型，亦可查詢未接種之處理方式。
從未接種或忘記有無接種各項疫苗者，完成劑次視為0。
經醫師評估不適合接種活性減毒日本腦炎疫苗的孩童，衛生局/所有儲備不活化日本腦炎疫苗。",,智慧通勤:0; 韌性防災:0; 永續環境:0; 食安健康:3; 勞動福祉:0; 文化共融:0
newtaipei,02F2E513-F2CB-4DF9-AA84-2467EB3758FE,,寵物登記站簽約動物醫院,食安健康,False,True,False,point,醫療資源與食安風險分布,False,1,農業,公共資訊,,,,新北市政府農業局/新北市政府動物保護防疫處/秘書室,不更新,JSON、CSV、XML、KML,中文,,https://data.ntpc.gov.tw/datasets/02f2e513-f2cb-4df9-aa84-2467eb3758fe,資料由新北市政府動物保護防疫處提供,,智慧通勤:0; 韌性防災:0; 永續環境:0; 食安健康:1; 勞動福祉:0; 文化共融:0
newtaipei,D2D69F7E-E283-406E-859B-E9E5DC98AC50,,市售食品抽驗合格率,食安健康,False,True,False,table,醫療資源與食安風險分布,False,1,醫療,生活安全及品質,,,,新北市政府衛生局/食品藥物管理科/食品股,每季,JSON、CSV、XML,中文,,https://data.ntpc.gov.tw/datasets/d2d69f7e-e283-406e-859b-e9e5dc98ac50,市售食品抽驗合格率。,,智慧通勤:0; 韌性防災:0; 永續環境:0; 食安健康:3; 勞動福祉:0; 文化共融:0
newtaipei,B57C14E9-593C-4416-8EDD-D1AC8CDCEB48,,市售食品標示合格率,食安健康,False,True,False,table,醫療資源與食安風險分布,False,1,醫療,生活安全及品質,,,,新北市政府衛生局/食品藥物管理科/食品股,每季,JSON、CSV、XML,中文,,https://data.ntpc.gov.tw/datasets/b57c14e9-593c-4416-8edd-d1ac8cdceb48,市售食品標示合格率。,,智慧通勤:0; 韌性防災:0; 永續環境:0; 食安健康:2; 勞動福祉:0; 文化共融:0
newtaipei,3F9DDF84-EB09-436E-B38E-83067D5A4681,,新北健康守護站,食安健康,False,True,False,table,醫療資源與食安風險分布,False,1,醫療,公共資訊,,,,新北市政府衛生局/食品藥物管理科/藥物股,不更新,JSON、CSV、XML、KML,中文,,https://data.ntpc.gov.tw/datasets/3f9ddf84-eb09-436e-b38e-83067d5a4681,新北健康守護站名單,,智慧通勤:0; 韌性防災:0; 永續環境:0; 食安健康:2; 勞動福祉:0; 文化共融:0
newtaipei,713F49A4-4244-4BE7-B71D-5E83DB7859E8,,新北市-113年緊急醫療醫院能力分級,食安健康,False,True,False,point,醫療資源與食安風險分布,False,1,醫療,就醫,,,,新北市政府消防局/緊急救護科,每年,JSON、CSV、XML,中文,,https://data.ntpc.gov.tw/datasets/713f49a4-4244-4be7-b71d-5e83db7859e8,新北市-113年緊急醫療醫院能力分級。,,智慧通勤:0; 韌性防災:1; 永續環境:0; 食安健康:2; 勞動福祉:0; 文化共融:0
newtaipei,977ECBCF-8B95-438F-8BE6-1B770294D3A3,,新北市3星等以上衛生安全製茶廠名冊,食安健康,False,True,False,table,醫療資源與食安風險分布,False,1,農業,休閒旅遊,,,,新北市政府農業局/農牧經營管理科,不更新,JSON、CSV、XML、KML,中文,,https://data.ntpc.gov.tw/datasets/977ecbcf-8b95-438f-8be6-1b770294d3a3,108年度為評鑑年，本市共有30家製茶廠獲評為3星至5星等,,智慧通勤:0; 韌性防災:0; 永續環境:0; 食安健康:1; 勞動福祉:0; 文化共融:1
newtaipei,994A42B9-B697-4239-ADD5-CB434664392A,,新北市「孕婦乙型鏈球菌篩檢補助服務方案」特約院所名單,食安健康,False,True,False,table,醫療資源與食安風險分布,False,1,醫療,生育保健,,,,新北市政府衛生局/健康管理科/健康管理科婦幼衛生股,每年,JSON、CSV、XML、KML,中文,,https://data.ntpc.gov.tw/datasets/994a42b9-b697-4239-add5-cb434664392a,新北市「孕婦乙型鏈球菌篩檢補助服務方案」特約院所名單相關資訊,,智慧通勤:0; 韌性防災:0; 永續環境:0; 食安健康:1; 勞動福祉:1; 文化共融:0
newtaipei,51DDF7C7-F68E-4481-9A71-7B9E210991D3,,新北市「潛伏結核感染治療指定醫院」服務時間,食安健康,False,True,False,point,醫療資源與食安風險分布,False,1,醫療,就醫,,,,新北市政府衛生局/疾病管制科/結核病、外勞及職業衛生股,每年,JSON、CSV、XML、KML,中文,,https://data.ntpc.gov.tw/datasets/51ddf7c7-f68e-4481-9a71-7b9e210991d3,「新北市潛伏結核感染治療指定醫院」服務時間，人事行政局公告國定例假日皆不受理，請先來電預約。,,智慧通勤:0; 韌性防災:0; 永續環境:0; 食安健康:2; 勞動福祉:0; 文化共融:0
newtaipei,467CB02F-1F94-4FA1-A440-4F08575CF181,,新北市一般護理之家清冊,食安健康,False,True,False,table,醫療資源與食安風險分布,False,1,醫療,就醫,,,,新北市政府衛生局/醫事管理科/醫政管理股,每年,JSON、CSV、XML、KML,中文,,https://data.ntpc.gov.tw/datasets/467cb02f-1f94-4fa1-a440-4f08575cf181,新北市政府衛生局所提供之護理機構清冊(更新日期:109年5月4日),,智慧通勤:0; 韌性防災:0; 永續環境:0; 食安健康:2; 勞動福祉:0; 文化共融:0
newtaipei,71220947-8655-4E48-9A57-CA20D0452306,,新北市中藥材販賣藥商名冊,食安健康,False,True,False,table,醫療資源與食安風險分布,False,1,醫療,就醫,,,,新北市政府衛生局/衛生企劃科/綜合規劃股,每年,JSON、CSV、XML、KML,中文,,https://data.ntpc.gov.tw/datasets/71220947-8655-4e48-9a57-ca20d0452306,提供新北市中藥材販賣藥商名冊,,智慧通勤:0; 韌性防災:0; 永續環境:0; 食安健康:1; 勞動福祉:0; 文化共融:0
newtaipei,435DAE21-F8B9-449B-B9BD-0283A9541F68,,新北市乳房攝影檢查認證機構清冊,食安健康,False,True,False,table,醫療資源與食安風險分布,False,1,醫療,就醫,,,,新北市政府衛生局/健康管理科/健康維護股,每年,JSON、CSV、XML、KML,中文,,https://data.ntpc.gov.tw/datasets/435dae21-f8b9-449b-b9bd-0283a9541f68,新北市乳房攝影檢查認證機構清冊。,,智慧通勤:0; 韌性防災:0; 永續環境:0; 食安健康:1; 勞動福祉:0; 文化共融:0
newtaipei,ED1FFABB-6561-444D-82EC-0FB80AA82F2B,,新北市依法應設置哺集乳室清冊,食安健康,False,True,False,table,醫療資源與食安風險分布,False,1,醫療,生育保健,,,,新北市政府衛生局/健康管理科/健康管理科婦幼衛生股,每年,JSON、CSV、XML、KML,中文,,https://data.ntpc.gov.tw/datasets/ed1ffabb-6561-444d-82ec-0fb80aa82f2b,新北市依法應設置哺集乳室清冊。,,智慧通勤:0; 韌性防災:0; 永續環境:0; 食安健康:1; 勞動福祉:0; 文化共融:0
newtaipei,FDBEFC45-7005-49AB-A56D-41881E435DC2,,新北市健保特約藥局名單,食安健康,False,True,False,point,醫療資源與食安風險分布,False,1,醫療,就醫,,,,新北市政府衛生局/食品藥物管理科/藥物股,每年,JSON、CSV、XML、KML,中文,,https://data.ntpc.gov.tw/datasets/fdbefc45-7005-49ab-a56d-41881e435dc2,提供新北市健保特約藥局名單,,智慧通勤:0; 韌性防災:0; 永續環境:0; 食安健康:2; 勞動福祉:0; 文化共融:0
newtaipei,2D4F34A8-B7B3-403D-AB03-625C72137E44,,新北市兒童保健塗氟機構,食安健康,False,True,False,table,醫療資源與食安風險分布,False,1,醫療,就醫,,,,新北市政府衛生局/健康管理科/健康管理科婦幼衛生股,每年,JSON、CSV、XML、KML,中文,,https://data.ntpc.gov.tw/datasets/2d4f34a8-b7b3-403d-ab03-625c72137e44,新北市兒童保健塗氟機構。,,智慧通勤:0; 韌性防災:0; 永續環境:0; 食安健康:1; 勞動福祉:0; 文化共融:0
newtaipei,BD6757A5-FC9A-4AA8-A523-097F5CC08DA2,,新北市兒童預防保健醫事機構,食安健康,False,True,False,table,醫療資源與食安風險分布,False,1,醫療,就醫,,,,新北市政府衛生局/健康管理科/健康管理科婦幼衛生股,每年,JSON、CSV、XML、KML,中文,,https://data.ntpc.gov.tw/datasets/bd6757a5-fc9a-4aa8-a523-097f5cc08da2,新北市兒童預防保健醫事機構。,,智慧通勤:0; 韌性防災:0; 永續環境:0; 食安健康:1; 勞動福祉:0; 文化共融:0
newtaipei,D1BCE11A-672E-4A9E-B28D-929EEBC91CB7,,新北市兒童預防接種時程,食安健康,False,True,False,table,醫療資源與食安風險分布,False,1,醫療,生育保健,,,,新北市政府衛生局/疾病管制科/預防接種股,不更新,JSON、CSV、XML,中文,,https://data.ntpc.gov.tw/datasets/d1bce11a-672e-4a9e-b28d-929eebc91cb7,新北市兒童預防接種時程為幼童公費疫苗接種劑次時間表,,智慧通勤:0; 韌性防災:0; 永續環境:0; 食安健康:2; 勞動福祉:0; 文化共融:0
newtaipei,87044F1F-3EC2-4811-AF5A-C1DD4BB9460E,,新北市勞工體格及健康檢查指定醫院,食安健康,False,True,False,point,醫療資源與食安風險分布,False,1,醫療,公共資訊,,,,新北市政府勞工局/秘書室,不更新,JSON、CSV、XML,中文,,https://data.ntpc.gov.tw/datasets/87044f1f-3ec2-4811-af5a-c1dd4bb9460e,勞動部所提供勞工體格及健康檢查指定醫院(每半年更新一次),,智慧通勤:0; 韌性防災:0; 永續環境:0; 食安健康:3; 勞動福祉:1; 文化共融:0
newtaipei,4EA76C1F-AF29-469B-86B2-B2F77A0A2ECF,,新北市口腔顏面外科醫療機構,食安健康,False,True,False,table,醫療資源與食安風險分布,False,1,醫療,就醫,,,,新北市政府衛生局/醫事管理科/醫政管理股,不更新,JSON、CSV、XML、KML,中文,,https://data.ntpc.gov.tw/datasets/4ea76c1f-af29-469b-86b2-b2f77a0a2ecf,"新北市口腔顏面外科醫療機構清單
",,智慧通勤:0; 韌性防災:0; 永續環境:0; 食安健康:1; 勞動福祉:0; 文化共融:0
newtaipei,4AA54765-A471-4412-A314-468F892A1794,,新北市口腔黏膜檢查醫事機構,食安健康,False,True,False,table,醫療資源與食安風險分布,False,1,醫療,就醫,,,,新北市政府衛生局/健康管理科/健康維護股,每年,JSON、CSV、XML、KML,中文,,https://data.ntpc.gov.tw/datasets/4aa54765-a471-4412-a314-468f892a1794,新北市口腔黏膜檢查醫事機構清冊,,智慧通勤:0; 韌性防災:0; 永續環境:0; 食安健康:1; 勞動福祉:0; 文化共融:0
newtaipei,2553BB1A-BCBB-4284-8B24-ACFEFE966F1E,,新北市各區衛生所,食安健康,False,True,False,table,醫療資源與食安風險分布,False,1,醫療,生育保健,,,,新北市政府衛生局/健康管理科/健康管理科婦幼衛生股,每年,JSON、CSV、XML、KML,中文,,https://data.ntpc.gov.tw/datasets/2553bb1a-bcbb-4284-8b24-acfefe966f1e,本市29區衛生所給予民眾母乳哺餵相關指導及諮詢。,,智慧通勤:0; 韌性防災:0; 永續環境:0; 食安健康:2; 勞動福祉:0; 文化共融:0
newtaipei,781ED216-BE0D-4A31-A3E3-BC8F6FE2B221,,新北市各區衛生所之門診時間及疫苗種類彙整表,食安健康,False,True,False,table,醫療資源與食安風險分布,False,1,醫療,生育保健,,,,新北市政府衛生局/疾病管制科/預防接種股,不更新,JSON、CSV、XML,中文,,https://data.ntpc.gov.tw/datasets/781ed216-be0d-4a31-a3e3-bc8f6fe2b221,新北市政府衛生局提供之新北市各區衛生所門診時間及疫苗種類彙整表。,,智慧通勤:0; 韌性防災:0; 永續環境:0; 食安健康:3; 勞動福祉:0; 文化共融:0
newtaipei,0469D46D-A541-4DF5-8234-2DB3A88DDAD8,,新北市呼吸照護資源,食安健康,False,True,False,point,醫療資源與食安風險分布,False,1,醫療,老年安養,,,,新北市政府衛生局/醫事管理科/醫政管理股,每季,JSON、CSV、XML、KML,中文,,https://data.ntpc.gov.tw/datasets/0469d46d-a541-4df5-8234-2db3a88ddad8,新北市政府呼吸照護資源醫院清冊,,智慧通勤:0; 韌性防災:0; 永續環境:0; 食安健康:3; 勞動福祉:0; 文化共融:0
newtaipei,1493A903-5B83-4032-9EFE-8E1ECB967E7E,,新北市國中七年級女生免費子宮頸癌疫苗接種,食安健康,False,True,False,table,醫療資源與食安風險分布,False,1,資訊,生育保健,,,,新北市政府衛生局/健康管理科/健康管理科婦幼衛生股,不更新,JSON、CSV、XML,中文,,https://data.ntpc.gov.tw/datasets/1493a903-5b83-4032-9efe-8e1ecb967e7e,新北市國中七年級女生免費子宮頸癌疫苗接種服務資訊,,智慧通勤:0; 韌性防災:0; 永續環境:0; 食安健康:1; 勞動福祉:0; 文化共融:0
newtaipei,CA171D91-B049-48E9-B60E-D5EBB82613C5,,新北市失智症門診資訊,食安健康,False,True,False,table,醫療資源與食安風險分布,False,1,醫療,就醫,,,,新北市政府衛生局/高齡及長期照顧科/長照發展股,每年,JSON、CSV、XML、KML,中文,,https://data.ntpc.gov.tw/datasets/ca171d91-b049-48e9-b60e-d5ebb82613c5,新北市失智症門診資訊。,,智慧通勤:0; 韌性防災:0; 永續環境:0; 食安健康:1; 勞動福祉:0; 文化共融:0
newtaipei,0D697126-AEF5-44FA-A96A-53AF5A338A82,,新北市婚後孕前健康檢查,食安健康,False,True,False,table,醫療資源與食安風險分布,False,1,醫療,生育保健,,,,新北市政府衛生局/健康管理科/健康管理科婦幼衛生股,每年,JSON、CSV、XML,中文,,https://data.ntpc.gov.tw/datasets/0d697126-aef5-44fa-a96a-53af5a338a82,新北市婚後孕前健康檢查相關資訊,,智慧通勤:0; 韌性防災:0; 永續環境:0; 食安健康:2; 勞動福祉:0; 文化共融:0
newtaipei,68894F74-2242-4CFD-B6A7-516BCBBE7FA1,,新北市婚後孕前健康檢查機構,食安健康,False,True,False,table,醫療資源與食安風險分布,False,1,醫療,生育保健,,,,新北市政府衛生局/健康管理科/健康管理科婦幼衛生股,每年,JSON、CSV、XML、KML,中文,,https://data.ntpc.gov.tw/datasets/68894f74-2242-4cfd-b6a7-516bcbbe7fa1,新北市婚後孕前健康檢查機構相關資訊,,智慧通勤:0; 韌性防災:0; 永續環境:0; 食安健康:2; 勞動福祉:0; 文化共融:0
newtaipei,08E4E0E8-C32E-4EF7-A262-68AB9DEBDCE7,,新北市婦女子宮頸抹片檢查醫事機構清冊,食安健康,False,True,False,table,醫療資源與食安風險分布,False,1,醫療,就醫,,,,新北市政府衛生局/健康管理科/健康維護股,每年,JSON、CSV、XML、KML,中文,,https://data.ntpc.gov.tw/datasets/08e4e0e8-c32e-4ef7-a262-68ab9debdce7,新北市子宮頸癌篩檢機構名單,,智慧通勤:0; 韌性防災:0; 永續環境:0; 食安健康:1; 勞動福祉:0; 文化共融:0
newtaipei,CC6AB2FC-951A-4479-992B-38072E6D8BF8,,新北市孕婦乙型鏈球菌篩檢,食安健康,False,True,False,table,醫療資源與食安風險分布,False,1,醫療,生育保健,,,,新北市政府衛生局/健康管理科/健康管理科婦幼衛生股,不更新,JSON、CSV、XML,中文,,https://data.ntpc.gov.tw/datasets/cc6ab2fc-951a-4479-992b-38072e6d8bf8,新北市孕婦乙型鏈球菌篩檢。,,智慧通勤:0; 韌性防災:0; 永續環境:0; 食安健康:1; 勞動福祉:0; 文化共融:0
newtaipei,A0C876E6-E747-492F-8667-2BD49D90BA03,,新北市學童護眼方案合約醫療機構,食安健康,False,True,False,table,醫療資源與食安風險分布,False,1,醫療,就醫,,,,新北市政府衛生局/健康管理科/健康管理科婦幼衛生股,不更新,JSON、CSV、XML,中文,,https://data.ntpc.gov.tw/datasets/a0c876e6-e747-492f-8667-2bd49d90ba03,新北市學童護眼方案合約醫療機構。,,智慧通勤:0; 韌性防災:0; 永續環境:0; 食安健康:1; 勞動福祉:0; 文化共融:0
newtaipei,446DD264-C1D5-4F2B-97E7-856F171660A1,,新北市安寧核心醫院,食安健康,False,True,False,point,醫療資源與食安風險分布,False,1,社福,老年安養,,,,新北市政府衛生局/高齡及長期照顧科/長照發展股,每年,JSON、CSV、XML、KML,中文,,https://data.ntpc.gov.tw/datasets/446dd264-c1d5-4f2b-97e7-856f171660a1,新北市安寧核心醫院。,,智慧通勤:0; 韌性防災:0; 永續環境:0; 食安健康:1; 勞動福祉:1; 文化共融:0
newtaipei,85EEEC59-B584-4D97-BA83-8786EB2536A4,,新北市定量免疫法糞便潛血檢查醫事機構,食安健康,False,True,False,table,醫療資源與食安風險分布,False,1,醫療,就醫,,,,新北市政府衛生局/健康管理科/健康維護股,每年,JSON、CSV、XML、KML,中文,,https://data.ntpc.gov.tw/datasets/85eeec59-b584-4d97-ba83-8786eb2536a4,新北市定量免疫法糞便潛血檢查醫事機構。,,智慧通勤:0; 韌性防災:0; 永續環境:0; 食安健康:1; 勞動福祉:0; 文化共融:0
newtaipei,F64AD4DA-ED61-4BF1-8A3B-D657DBFEE5ED,,新北市居家式、社區式長照機構設立家數,食安健康,False,True,False,table,醫療資源與食安風險分布,False,1,社福,老年安養,,,,新北市政府衛生局/高齡長期照顧處/綜合企劃科,每季,JSON、CSV、XML,中文,,https://data.ntpc.gov.tw/datasets/f64ad4da-ed61-4bf1-8a3b-d657dbfee5ed,新北市居家式、社區式長照機構設立家數。,,智慧通勤:0; 韌性防災:0; 永續環境:0; 食安健康:1; 勞動福祉:1; 文化共融:0
newtaipei,06DF32F9-D181-4164-9339-976459C4576A,,新北市居家護理所清冊,食安健康,False,True,False,table,醫療資源與食安風險分布,False,1,醫療,就醫,,,,新北市政府衛生局/醫事管理科/醫政管理股,每年,JSON、CSV、XML、KML,中文,,https://data.ntpc.gov.tw/datasets/06df32f9-d181-4164-9339-976459c4576a,新北市政府衛生局所提供之護理機構清冊(更新日期:115年4月2日),,智慧通勤:0; 韌性防災:0; 永續環境:0; 食安健康:2; 勞動福祉:0; 文化共融:0
newtaipei,DBA71406-8437-4F65-8801-A0895E379E02,,新北市幼兒常規疫苗接種合約醫療院所,食安健康,False,True,False,table,醫療資源與食安風險分布,False,1,醫療,生育保健,,,,新北市政府衛生局/疾病管制科/預防接種股,不更新,JSON、CSV、XML、KML,中文,,https://data.ntpc.gov.tw/datasets/dba71406-8437-4f65-8801-a0895e379e02,本資料集為新北市轄區內提供幼兒公費疫苗接種之合約醫療院所名冊,,智慧通勤:0; 韌性防災:0; 永續環境:0; 食安健康:2; 勞動福祉:0; 文化共融:0
newtaipei,22B68CF5-44D7-473A-B8C8-3D85731743D6,,新北市心理健康服務網絡資源,食安健康,False,True,False,point,醫療資源與食安風險分布,False,1,醫療,就醫,,,,新北市政府衛生局/心理衛生科/成癮防治股,每年,JSON、CSV、XML、KML,中文,,https://data.ntpc.gov.tw/datasets/22b68cf5-44d7-473a-b8c8-3d85731743d6,新北市政府衛生局提供心理健康及精神醫療資源，包含心理師駐點服務、立案心理諮商所與心理治療所、身心科診所、精神復健機構(日間型及住宿型)、精神護理之家、綜合醫院(身心科)、精神專科醫院及飲酒減量醫療戒治服務,,智慧通勤:0; 韌性防災:0; 永續環境:0; 食安健康:6; 勞動福祉:0; 文化共融:0
newtaipei,F05F0A5C-442D-4A3F-B62F-A596A694B061,,新北市心理師駐點諮商輔導服務,食安健康,False,True,False,table,醫療資源與食安風險分布,False,1,醫療,就醫,,,,新北市政府衛生局/心理衛生科/心理精神股,每年,JSON、CSV、XML、KML,中文,,https://data.ntpc.gov.tw/datasets/f05f0a5c-442d-4a3f-b62f-a596a694b061,新北市心理師駐點諮商輔導服務之機構名稱、電話,,智慧通勤:0; 韌性防災:0; 永續環境:0; 食安健康:2; 勞動福祉:0; 文化共融:0
newtaipei,C2F23210-03C7-4461-B9D3-9EE4DF24C3E9,,新北市急救責任醫院,食安健康,False,True,False,point,醫療資源與食安風險分布,False,1,醫療,就醫,,,,新北市政府衛生局/醫事管理科/緊急救護股,每年,JSON、CSV、XML、KML,中文,,https://data.ntpc.gov.tw/datasets/c2f23210-03c7-4461-b9d3-9ee4df24c3e9,本市17家(19院區)急救責任醫院聯繫訊息,,智慧通勤:0; 韌性防災:0; 永續環境:0; 食安健康:2; 勞動福祉:0; 文化共融:0
newtaipei,7E4A9359-61DD-4A3C-9EBC-8E2B0B380A13,,新北市急診學學科醫療機構,食安健康,False,True,False,table,醫療資源與食安風險分布,False,1,醫療,就醫,,,,新北市政府衛生局/醫事管理科/醫政管理股,每年,JSON、CSV、XML、KML,中文,,https://data.ntpc.gov.tw/datasets/7e4a9359-61dd-4a3c-9ebc-8e2b0b380a13,新北市急診學學科醫療機構清單,,智慧通勤:0; 韌性防災:0; 永續環境:0; 食安健康:1; 勞動福祉:0; 文化共融:0
newtaipei,F57B4B47-FFCD-454A-B443-14889CCCAD5D,,新北市愛滋病匿名篩檢服務網絡,食安健康,False,True,False,table,醫療資源與食安風險分布,False,1,醫療,就醫,,,,新北市政府衛生局/疾病管制科/愛滋及營業衛生股,每年,JSON、CSV、XML、KML,中文,,https://data.ntpc.gov.tw/datasets/f57b4b47-ffcd-454a-b443-14889cccad5d,提供本市愛滋病匿名篩檢服務網絡之醫療院所清冊，以提供民眾參考進行愛滋病毒篩檢。,,智慧通勤:0; 韌性防災:0; 永續環境:0; 食安健康:1; 勞動福祉:0; 文化共融:0
newtaipei,6F161FC2-40A7-492A-A8EE-9FD8668D6F4F,,新北市愛滌生多元照護計畫合作機構資訊,食安健康,False,True,False,table,醫療資源與食安風險分布,False,1,醫療,就醫,,,,新北市政府衛生局/心理衛生科/成癮防治股,每年,JSON、CSV、XML、KML,中文,,https://data.ntpc.gov.tw/datasets/6f161fc2-40a7-492a-a8ee-9fd8668d6f4f,新北市愛滌生多元照護計畫合作機構資訊。,,智慧通勤:0; 韌性防災:0; 永續環境:0; 食安健康:2; 勞動福祉:0; 文化共融:0
newtaipei,2B35CF0E-E5D5-4A4F-8C27-90E03F315A9B,,新北市成人預防保健醫事機構,食安健康,False,True,False,table,醫療資源與食安風險分布,False,1,醫療,就醫,,,,新北市政府衛生局/健康管理科/健康維護股,每年,JSON、CSV、XML、KML,中文,,https://data.ntpc.gov.tw/datasets/2b35cf0e-e5d5-4a4f-8c27-90e03f315a9b,新北市成人預防保健醫事機構清冊,,智慧通勤:0; 韌性防災:0; 永續環境:0; 食安健康:1; 勞動福祉:0; 文化共融:0
newtaipei,425E3FCD-F467-4CAC-B212-ACD0BB604BD2,,新北市戒菸治療合約牙醫診所,食安健康,False,True,False,point,醫療資源與食安風險分布,False,1,醫療,就醫,,,,新北市政府衛生局/健康管理科/健康促進股,每年,JSON、CSV、XML、KML,中文,,https://data.ntpc.gov.tw/datasets/425e3fcd-f467-4cac-b212-acd0bb604bd2,新北市戒菸治療合約牙醫診所清冊,,智慧通勤:0; 韌性防災:0; 永續環境:0; 食安健康:2; 勞動福祉:0; 文化共融:0
newtaipei,D200C1FE-6019-481B-AB20-566009648B19,,新北市政府衛生局合作早期療育評估鑑定醫院,食安健康,False,True,False,point,醫療資源與食安風險分布,False,1,社福,就醫,,,,新北市政府社會局/兒童托育科,每年,JSON、CSV、XML、KML,中文,,https://data.ntpc.gov.tw/datasets/d200c1fe-6019-481b-ab20-566009648b19,新北市政府衛生局合作早期療育評估鑑定醫院。,,智慧通勤:0; 韌性防災:0; 永續環境:0; 食安健康:2; 勞動福祉:1; 文化共融:0
newtaipei,3405C89E-87D6-48BE-9BC4-6E9B59BEDD30,,新北市政府長照特約單位,食安健康,False,True,False,table,醫療資源與食安風險分布,False,1,社福,老年安養,,,,新北市政府衛生局/高齡長期照顧處/綜合企劃科,每季,JSON、CSV、XML,中文,,https://data.ntpc.gov.tw/datasets/3405c89e-87d6-48be-9bc4-6e9b59bedd30,新北市政府長照特約單位。,,智慧通勤:0; 韌性防災:0; 永續環境:0; 食安健康:1; 勞動福祉:1; 文化共融:0
newtaipei,E8F55646-D391-40FB-B8E8-F295F00AF859,,新北市救護車營業機構,食安健康,False,True,False,table,醫療資源與食安風險分布,False,1,醫療,就醫,,,,新北市政府衛生局/醫事管理科/緊急救護股,每年,JSON、CSV、XML、KML,中文,,https://data.ntpc.gov.tw/datasets/e8f55646-d391-40fb-b8e8-f295f00af859,新北市8家救護車營業機構,,智慧通勤:0; 韌性防災:0; 永續環境:0; 食安健康:1; 勞動福祉:0; 文化共融:0
newtaipei,A8AE21B6-519B-4BFA-9006-6311EC8C4583,,新北市整合式健康篩檢服務,食安健康,False,True,False,table,醫療資源與食安風險分布,False,1,醫療,就醫,,,,新北市政府衛生局/健康管理科/健康維護股,每年,JSON、CSV、XML,中文,,https://data.ntpc.gov.tw/datasets/a8ae21b6-519b-4bfa-9006-6311ec8c4583,新北市整合式健康篩檢服務。,,智慧通勤:0; 韌性防災:0; 永續環境:0; 食安健康:2; 勞動福祉:0; 文化共融:0
newtaipei,C69117E7-400C-44FD-A3D3-A8C60C3E75C4,,新北市新住民婦女健康篩檢,食安健康,False,True,False,table,醫療資源與食安風險分布,False,1,醫療,生育保健,,,,新北市政府衛生局/健康管理科/健康管理科婦幼衛生股,不更新,JSON、CSV、XML,中文,,https://data.ntpc.gov.tw/datasets/c69117e7-400c-44fd-a3d3-a8c60c3e75c4,新北市新住民婦女健康篩檢。,,智慧通勤:0; 韌性防災:0; 永續環境:0; 食安健康:2; 勞動福祉:0; 文化共融:0
newtaipei,9ECC2478-82DC-477D-B2B9-050738E928F3,,新北市新住民未納保產前檢查,食安健康,False,True,False,table,醫療資源與食安風險分布,False,1,醫療,生育保健,,,,新北市政府衛生局/健康管理科/健康管理科婦幼衛生股,不更新,JSON、CSV、XML,中文,,https://data.ntpc.gov.tw/datasets/9ecc2478-82dc-477d-b2b9-050738e928f3,新北市新住民未納保產前檢查。,,智慧通勤:0; 韌性防災:0; 永續環境:0; 食安健康:1; 勞動福祉:0; 文化共融:0
newtaipei,D8797F84-B2D2-4F2B-9EFB-8CBC8E9B3325,,新北市新生兒聽力篩檢補助服務方案醫事機構,食安健康,False,True,False,table,醫療資源與食安風險分布,False,1,醫療,生育保健,,,,新北市政府衛生局/健康管理科/健康管理科婦幼衛生股,不更新,JSON、CSV、XML、KML,中文,,https://data.ntpc.gov.tw/datasets/d8797f84-b2d2-4f2b-9efb-8cbc8e9b3325,新北市新生兒聽力篩檢補助服務方案醫事機構。,,智慧通勤:0; 韌性防災:0; 永續環境:0; 食安健康:1; 勞動福祉:1; 文化共融:0
newtaipei,3C61017B-F42B-45F3-B0C3-30449DD7D7F7,,新北市日照中心,食安健康,False,True,False,table,醫療資源與食安風險分布,False,1,社福,老年安養,,,,新北市政府衛生局/高齡及長期照顧科,每年,JSON、CSV、XML、KML,中文,,https://data.ntpc.gov.tw/datasets/3c61017b-f42b-45f3-b0c3-30449dd7d7f7,新北市政府衛生局提供的新北市日照中心一覽表,,智慧通勤:0; 韌性防災:0; 永續環境:0; 食安健康:1; 勞動福祉:1; 文化共融:0
newtaipei,ED3F9DC3-B593-4C80-82DE-46E40E28D761,,新北市月子餐機構,食安健康,False,True,False,table,醫療資源與食安風險分布,False,1,醫療,生育保健,,,,新北市政府衛生局/食品藥物管理科/食品股,不更新,JSON、CSV、XML、KML,中文,,https://data.ntpc.gov.tw/datasets/ed3f9dc3-b593-4c80-82de-46e40e28d761,新北市月子餐機構清冊,,智慧通勤:0; 韌性防災:0; 永續環境:0; 食安健康:1; 勞動福祉:0; 文化共融:0
newtaipei,6477C583-D4E0-4E5B-8581-C59F555BF9F2,,新北市母嬰親善醫療院所認證名單 ,食安健康,False,True,False,table,醫療資源與食安風險分布,False,1,醫療,生育保健,,,,新北市政府衛生局/健康管理科/健康管理科婦幼衛生股,每年,JSON、CSV、XML、KML,中文,,https://data.ntpc.gov.tw/datasets/6477c583-d4e0-4e5b-8581-c59f555bf9f2,新北市轄區母嬰親善醫療院所認證名單 ,,智慧通勤:0; 韌性防災:0; 永續環境:0; 食安健康:1; 勞動福祉:0; 文化共融:0
newtaipei,551CD3F4-534A-45CF-976A-359090FB7DF6,,新北市流感疫苗接種合約醫療院所,食安健康,False,True,False,table,醫療資源與食安風險分布,False,1,醫療,生育保健,,,,新北市政府衛生局/疾病管制科/預防接種股,每年,JSON、CSV、XML、KML,中文,,https://data.ntpc.gov.tw/datasets/551cd3f4-534a-45cf-976a-359090fb7df6,本資料集為流感疫苗接種期間，新北市流感疫苗接種合約院所名冊,,智慧通勤:0; 韌性防災:0; 永續環境:0; 食安健康:2; 勞動福祉:0; 文化共融:0
newtaipei,09B9B6AD-986C-48CD-9ABD-369ACF5F9EFA,,新北市流感疫苗接種數及賸餘數,食安健康,False,True,False,table,醫療資源與食安風險分布,False,1,醫療,生育保健,,,,新北市政府衛生局/疾病管制科/預防接種股,不更新,JSON、CSV、XML,中文,,https://data.ntpc.gov.tw/datasets/09b9b6ad-986c-48cd-9abd-369acf5f9efa,新北市流感疫苗接種數及賸餘數。,,智慧通勤:0; 韌性防災:0; 永續環境:0; 食安健康:2; 勞動福祉:0; 文化共融:0
newtaipei,11EDC5E5-BC29-4A04-BF72-7F455D1A0516,,新北市無痛大腸鏡檢查,食安健康,False,True,False,table,醫療資源與食安風險分布,False,1,醫療,就醫,,,,新北市政府衛生局/健康管理科/健康維護股,每年,JSON、CSV、XML,中文,,https://data.ntpc.gov.tw/datasets/11edc5e5-bc29-4a04-bf72-7f455d1a0516,新北市無痛大腸鏡檢查。,,智慧通勤:0; 韌性防災:0; 永續環境:0; 食安健康:1; 勞動福祉:0; 文化共融:0
newtaipei,D2F1A1FC-0DDE-4717-9A53-E0819E9E2D7C,,新北市物理治療復健機構,食安健康,False,True,False,table,醫療資源與食安風險分布,False,1,醫療,就醫,,,,新北市政府衛生局/醫事管理科/醫政管理股,不更新,JSON、CSV、XML、KML,中文,,https://data.ntpc.gov.tw/datasets/d2f1a1fc-0dde-4717-9a53-e0819e9e2d7c,新北市物理治療復健機構清冊,,智慧通勤:0; 韌性防災:0; 永續環境:0; 食安健康:1; 勞動福祉:0; 文化共融:0
newtaipei,CFAD7613-A328-4CDE-AC1E-76566BF533F2,,新北市產後護理之家清冊,食安健康,False,True,False,table,醫療資源與食安風險分布,False,1,醫療,就醫,,,,新北市政府衛生局/醫事管理科/醫政管理股,每年,JSON、CSV、XML、KML,中文,,https://data.ntpc.gov.tw/datasets/cfad7613-a328-4cde-ac1e-76566bf533f2,新北市產後護理之家清冊(更新日期:115年4月2日),,智慧通勤:0; 韌性防災:0; 永續環境:0; 食安健康:1; 勞動福祉:0; 文化共融:0
newtaipei,EB703F46-7709-4ADD-92EA-193015EE7CFC,,新北市用電設備檢驗維護業清冊,食安健康,False,True,False,table,醫療資源與食安風險分布,False,1,經濟,公共資訊,,,,新北市政府經濟發展局/工商登記科,每月,JSON、CSV、XML,中文,,https://data.ntpc.gov.tw/datasets/eb703f46-7709-4add-92ea-193015ee7cfc,本項所稱用電設備檢驗維護業指維護低壓(600伏特以下，契約容量達50瓩)、高壓(600伏特至22800伏特)及特高壓(超過22800伏特)公眾用電場所電力設備之行業。,,智慧通勤:0; 韌性防災:0; 永續環境:0; 食安健康:1; 勞動福祉:0; 文化共融:0
newtaipei,8254A8E7-C454-49B7-A600-E25A17A5D130,,新北市發展遲緩兒童評估鑑定醫院,食安健康,False,True,False,point,醫療資源與食安風險分布,False,1,醫療,就醫,,,,新北市政府衛生局/健康管理科/健康管理科婦幼衛生股,不更新,JSON、CSV、XML、KML,中文,,https://data.ntpc.gov.tw/datasets/8254a8e7-c454-49b7-a600-e25a17a5d130,新北市發展遲緩兒童評估鑑定醫院。,,智慧通勤:0; 韌性防災:0; 永續環境:0; 食安健康:2; 勞動福祉:0; 文化共融:0
newtaipei,C1B25724-54C7-443A-A6B0-CFAFCD3D9F2E,,新北市窩溝封填親善診所,食安健康,False,True,False,point,醫療資源與食安風險分布,False,1,醫療,就醫,,,,新北市政府衛生局/健康管理科/健康管理科婦幼衛生股,每年,JSON、CSV、XML、KML,中文,,https://data.ntpc.gov.tw/datasets/c1b25724-54c7-443a-a6b0-cfafcd3d9f2e,新北市窩溝封填親善診所清冊,,智慧通勤:0; 韌性防災:0; 永續環境:0; 食安健康:2; 勞動福祉:0; 文化共融:0
newtaipei,0ABDF2D0-3246-4614-B715-D4ED6631EB16,,新北市立聯合醫院_門診進度查詢 (三重院區) ,食安健康,False,True,False,point,醫療資源與食安風險分布,False,1,醫療,就醫,,,,新北市政府衛生局/新北市立聯合醫院/資訊室,每5分鐘,JSON、CSV、XML,中文,,https://data.ntpc.gov.tw/datasets/0abdf2d0-3246-4614-b715-d4ed6631eb16,提供新北市立聯合醫院 (三重院區) 門診進度查詢。,,智慧通勤:0; 韌性防災:0; 永續環境:0; 食安健康:2; 勞動福祉:0; 文化共融:0
newtaipei,00F8FA51-CEDC-4C1D-88B0-58C55F740B79,,新北市立聯合醫院_門診進度查詢 (板橋院區),食安健康,False,True,False,point,醫療資源與食安風險分布,False,1,醫療,就醫,,,,新北市政府衛生局/新北市立聯合醫院/資訊室,每5分鐘,JSON、CSV、XML,中文,,https://data.ntpc.gov.tw/datasets/00f8fa51-cedc-4c1d-88b0-58c55f740b79,提供新北市立聯合醫院 (板橋院區) 門診進度查詢。,,智慧通勤:0; 韌性防災:0; 永續環境:0; 食安健康:2; 勞動福祉:0; 文化共融:0
newtaipei,1A718A66-1B9A-4110-B432-38999F12C11C,,新北市立聯合醫院門診表 (板橋院區、三重院區),食安健康,False,True,False,point,醫療資源與食安風險分布,False,1,醫療,就醫,,,,新北市政府衛生局/新北市立聯合醫院/資訊室,每日,JSON、CSV、XML,中文,,https://data.ntpc.gov.tw/datasets/1a718a66-1b9a-4110-b432-38999f12c11c,新北市立聯合醫院門診表 (板橋院區、三重院區)，日期區間為最近28日內資料。,,智慧通勤:0; 韌性防災:0; 永續環境:0; 食安健康:2; 勞動福祉:0; 文化共融:0
newtaipei,3FD9CB47-E7EA-4893-A5CC-BB87669510CD,,新北市第3胎(含)以上之幼兒掛號費減免之優惠措施,食安健康,False,True,False,table,醫療資源與食安風險分布,False,1,醫療,就醫,,,,新北市政府衛生局/醫事管理科/醫療品質股,每年,JSON、CSV、XML,中文,,https://data.ntpc.gov.tw/datasets/3fd9cb47-e7ea-4893-a5cc-bb87669510cd,新北市第3胎(含)以上之幼兒掛號費減免之優惠措施說明,,智慧通勤:0; 韌性防災:0; 永續環境:0; 食安健康:1; 勞動福祉:0; 文化共融:0
newtaipei,A36F8DDD-94D3-47D3-8B0F-DB1C3A5A85E8,,新北市第3胎(含)以上之幼兒掛號費減免之優惠措施合作醫療院所,食安健康,False,True,False,table,醫療資源與食安風險分布,False,1,醫療,就醫,,,,新北市政府衛生局/醫事管理科/醫療品質股,每年,JSON、CSV、XML、KML,中文,,https://data.ntpc.gov.tw/datasets/a36f8ddd-94d3-47d3-8b0f-db1c3a5a85e8,新北市第3胎(含)以上之幼兒掛號費減免之優惠措施合作醫療院所名單,,智慧通勤:0; 韌性防災:0; 永續環境:0; 食安健康:1; 勞動福祉:0; 文化共融:0
newtaipei,6556714E-4EB1-4645-A6DE-7F2402527A91,,新北市精神醫療資源,食安健康,False,True,False,table,醫療資源與食安風險分布,False,1,醫療,就醫,,,,新北市政府衛生局/心理衛生科/心理精神股,每年,JSON、CSV、XML、KML,中文,,https://data.ntpc.gov.tw/datasets/6556714e-4eb1-4645-a6de-7f2402527a91,提供民眾查詢新北市精神醫療資源現況,,智慧通勤:0; 韌性防災:0; 永續環境:0; 食安健康:1; 勞動福祉:0; 文化共融:0
newtaipei,A1638F5D-E0D9-4729-ABAB-8A72F5218821,,新北市糖尿病共照網醫事機構,食安健康,False,True,False,table,醫療資源與食安風險分布,False,1,醫療,就醫,,,,新北市政府衛生局/健康管理科/健康維護股,不更新,JSON、CSV、XML、KML,中文,,https://data.ntpc.gov.tw/datasets/a1638f5d-e0d9-4729-abab-8a72f5218821,新北市糖尿病共照網醫事機構。,,智慧通勤:0; 韌性防災:0; 永續環境:0; 食安健康:1; 勞動福祉:0; 文化共融:0
newtaipei,40504AC9-5FBF-4C6F-B82B-176F3529B695,,新北市結核菌素測驗服務單位,食安健康,False,True,False,table,醫療資源與食安風險分布,False,1,醫療,就醫,,,,新北市政府衛生局/疾病管制科/結核病、外勞及職業衛生股,每年,JSON、CSV、XML、KML,中文,,https://data.ntpc.gov.tw/datasets/40504ac9-5fbf-4c6f-b82b-176f3529b695,新北市政府衛生局提供之新北市結核菌素測驗服務單位,,智慧通勤:0; 韌性防災:0; 永續環境:0; 食安健康:2; 勞動福祉:0; 文化共融:0
newtaipei,C5366D53-1115-436D-96E3-8C5F7D3AF902,,新北市職業醫學學科醫療機構,食安健康,False,True,False,table,醫療資源與食安風險分布,False,1,醫療,就醫,,,,新北市政府衛生局/醫事管理科/醫政管理股,每年,JSON、CSV、XML、KML,中文,,https://data.ntpc.gov.tw/datasets/c5366d53-1115-436d-96e3-8c5f7d3af902,新北市職業醫學學科醫療機構清單,,智慧通勤:0; 韌性防災:0; 永續環境:0; 食安健康:1; 勞動福祉:0; 文化共融:0
newtaipei,570097E6-75B4-41BC-B22A-38CE594DBA33,,新北市職能治療復健機構,食安健康,False,True,False,table,醫療資源與食安風險分布,False,1,醫療,就醫,,,,新北市政府衛生局/醫事管理科/醫政管理股,不更新,JSON、CSV、XML、KML,中文,,https://data.ntpc.gov.tw/datasets/570097e6-75b4-41bc-b22a-38ce594dba33,新北市職能治療復健機構清冊,,智慧通勤:0; 韌性防災:0; 永續環境:0; 食安健康:1; 勞動福祉:0; 文化共融:0
newtaipei,0B8B06A2-12D6-4C3D-83CD-DA9362522816,,新北市腦中風處置醫院,食安健康,False,True,False,point,醫療資源與食安風險分布,False,1,醫療,就醫,,,,新北市政府衛生局/醫事管理科/緊急救護股,每年,JSON、CSV、XML、KML,中文,,https://data.ntpc.gov.tw/datasets/0b8b06a2-12d6-4c3d-83cd-da9362522816,本市13家急救責任醫院，提供腦中風病患醫療服務,,智慧通勤:0; 韌性防災:0; 永續環境:0; 食安健康:2; 勞動福祉:0; 文化共融:0
newtaipei,9538501B-B4A6-4658-9613-B0F59EA6551E,,新北市藥品連鎖販賣藥商名冊,食安健康,False,True,False,table,醫療資源與食安風險分布,False,1,醫療,生育保健,,,,新北市政府衛生局/衛生企劃科/綜合規劃股,每年,JSON、CSV、XML、KML,中文,,https://data.ntpc.gov.tw/datasets/9538501b-b4a6-4658-9613-b0f59ea6551e,新北市藥品連鎖販賣藥商名冊。,,智慧通勤:0; 韌性防災:0; 永續環境:0; 食安健康:1; 勞動福祉:0; 文化共融:0
newtaipei,EFDB8DF6-BB97-4A30-8DCF-CC69228E153A,,新北市藥癮維持治療醫院,食安健康,False,True,False,point,醫療資源與食安風險分布,False,1,醫療,就醫,,,,新北市政府衛生局/心理衛生科/成癮防治股,每年,JSON、CSV、XML、KML,中文,,https://data.ntpc.gov.tw/datasets/efdb8df6-bb97-4a30-8dcf-cc69228e153a,提供鴉片類(如海洛因)藥癮維持治療之新北市醫院、診所，主要以美沙冬及丁基原啡因作為治療藥物。,,智慧通勤:0; 韌性防災:0; 永續環境:0; 食安健康:3; 勞動福祉:0; 文化共融:0
newtaipei,311A10D2-4990-4FAB-BCA3-0765E0189B62,,新北市血液透析資源,食安健康,False,True,False,table,醫療資源與食安風險分布,False,1,醫療,就醫,,,,新北市政府衛生局/醫事管理科/醫政管理股,不更新,JSON、CSV、XML、KML,中文,,https://data.ntpc.gov.tw/datasets/311a10d2-4990-4fab-bca3-0765e0189b62,"新北市血液透析資源醫療機構清冊
",,智慧通勤:0; 韌性防災:0; 永續環境:0; 食安健康:1; 勞動福祉:0; 文化共融:0
newtaipei,B2CACA1B-6381-430B-A6E1-D6018866A8F9,,新北市西藥連鎖販賣商名冊,食安健康,False,True,False,table,醫療資源與食安風險分布,False,1,醫療,就醫,,,,新北市政府衛生局/衛生企劃科/綜合規劃股,每年,JSON、CSV、XML、KML,中文,,https://data.ntpc.gov.tw/datasets/b2caca1b-6381-430b-a6e1-d6018866a8f9,提供新北市西藥連鎖販賣商名冊,,智慧通勤:0; 韌性防災:0; 永續環境:0; 食安健康:1; 勞動福祉:0; 文化共融:0
newtaipei,40248D04-9C94-40DE-8D27-84C899BC415E,,新北市語言治療復健機構,食安健康,False,True,False,table,醫療資源與食安風險分布,False,1,醫療,就醫,,,,新北市政府衛生局/醫事管理科/醫政管理股,不更新,JSON、CSV、XML、KML,中文,,https://data.ntpc.gov.tw/datasets/40248d04-9c94-40de-8d27-84c899bc415e,"新北市語言治療復健機構清冊
",,智慧通勤:0; 韌性防災:0; 永續環境:0; 食安健康:1; 勞動福祉:0; 文化共融:0
newtaipei,70BB4200-D92A-43ED-AA51-194DB7631DEB,,新北市身心障礙口腔照護特約機構補助,食安健康,False,True,False,table,醫療資源與食安風險分布,False,1,醫療,就醫,,,,新北市政府衛生局/健康管理科/健康管理科婦幼衛生股,不更新,JSON、CSV、XML,中文,,https://data.ntpc.gov.tw/datasets/70bb4200-d92a-43ed-aa51-194db7631deb,新北市身心障礙口腔照護特約機構補助。,,智慧通勤:0; 韌性防災:0; 永續環境:0; 食安健康:2; 勞動福祉:1; 文化共融:0
newtaipei,8EC84245-450B-45DF-9BC5-510AB6E02E73,,新北市違法雇主資料_職業安全衛生法,食安健康,False,True,False,table,醫療資源與食安風險分布,False,1,勞動,公共資訊,,,,新北市政府勞工局/秘書室,不更新,JSON、CSV、XML,中文,,https://data.ntpc.gov.tw/datasets/8ec84245-450b-45df-9bc5-510ab6e02e73,新北市違反職業安全衛生法之違法雇主資料名單,,智慧通勤:0; 韌性防災:0; 永續環境:0; 食安健康:1; 勞動福祉:0; 文化共融:0
newtaipei,29AD868C-5382-4D1B-B37F-99B07DEF9019,,新北市酒癮治療指定機構清冊,食安健康,False,True,False,table,醫療資源與食安風險分布,False,1,醫療,就醫,,,,新北市政府衛生局/心理衛生科/成癮防治股,每年,JSON、CSV、XML,中文,,https://data.ntpc.gov.tw/datasets/29ad868c-5382-4d1b-b37f-99b07def9019,新北市政府衛生局提供的酒癮治療服務醫療院所資訊，主要提供欄位包含機構名稱、電話、補助內容,,智慧通勤:0; 韌性防災:0; 永續環境:0; 食安健康:2; 勞動福祉:1; 文化共融:0
newtaipei,3CF8C04A-9726-4CDD-A5B4-5286DF536921,,新北市醫療器材連鎖販賣藥商名冊,食安健康,False,True,False,table,醫療資源與食安風險分布,False,1,醫療,就醫,,,,新北市政府衛生局/衛生企劃科/綜合規劃股,不更新,JSON、CSV、XML、KML,中文,,https://data.ntpc.gov.tw/datasets/3cf8c04a-9726-4cdd-a5b4-5286df536921,提供新北市醫療器材連鎖販賣藥商名冊,,智慧通勤:0; 韌性防災:0; 永續環境:0; 食安健康:1; 勞動福祉:0; 文化共融:0
newtaipei,52B62443-A49D-4FF0-B44B-612E336DE7E6,,新北市醫療補助計畫,食安健康,False,True,False,table,醫療資源與食安風險分布,False,1,醫療,就醫,,,,新北市政府衛生局/醫事管理科/醫療品質股,每年,JSON、CSV、XML,中文,,https://data.ntpc.gov.tw/datasets/52b62443-a49d-4ff0-b44b-612e336de7e6,新北市醫療補助計畫說明,,智慧通勤:0; 韌性防災:0; 永續環境:0; 食安健康:1; 勞動福祉:1; 文化共融:0
newtaipei,FC3500D1-8514-452B-8C8B-B5A5EBB3EF74,,新北市醫療補助計畫合約醫療院所名單,食安健康,False,True,False,table,醫療資源與食安風險分布,False,1,醫療,就醫,,,,新北市政府衛生局/醫事管理科/醫療品質股,每年,JSON、CSV、XML、KML,中文,,https://data.ntpc.gov.tw/datasets/fc3500d1-8514-452b-8c8b-b5a5ebb3ef74,新北市醫療補助計畫合約醫療院所名單。,,智慧通勤:0; 韌性防災:0; 永續環境:0; 食安健康:1; 勞動福祉:1; 文化共融:0
newtaipei,1ADAED3E-FBF2-41EC-BA65-BBA153E1AE9F,,新北市長者健康檢查醫療院所,食安健康,False,True,False,table,醫療資源與食安風險分布,False,1,醫療,就醫,,,,新北市政府衛生局/健康管理科/健康維護股,不更新,JSON、CSV、XML、KML,中文,,https://data.ntpc.gov.tw/datasets/1adaed3e-fbf2-41ec-ba65-bba153e1ae9f,新北市轄區長者健康檢查醫療院所,,智慧通勤:0; 韌性防災:0; 永續環境:0; 食安健康:2; 勞動福祉:0; 文化共融:0
newtaipei,71459B65-9583-43B3-8EED-6CE72F281621,,新北市長者健檢加值服務項目,食安健康,False,True,False,table,醫療資源與食安風險分布,False,1,醫療,就醫,,,,新北市政府衛生局/健康管理科/健康維護股,每年,JSON、CSV、XML,中文,,https://data.ntpc.gov.tw/datasets/71459b65-9583-43b3-8eed-6ce72f281621,新北市轄區長者健檢加值服務項目,,智慧通勤:0; 韌性防災:0; 永續環境:0; 食安健康:1; 勞動福祉:0; 文化共融:0
newtaipei,B62C6AAD-250E-4167-8061-9D8662FDC566,,新北市長者肺炎鏈球菌疫苗接種合約醫療院所,食安健康,False,True,False,point,醫療資源與食安風險分布,False,1,醫療,就醫,,,,新北市政府衛生局/疾病管制科/預防接種股,不更新,JSON、CSV、XML、KML,中文,,https://data.ntpc.gov.tw/datasets/b62c6aad-250e-4167-8061-9d8662fdc566,本資料集為新北市與衛生局簽訂合約提供公費長者肺炎鏈球菌疫苗之醫院診所,,智慧通勤:0; 韌性防災:0; 永續環境:0; 食安健康:5; 勞動福祉:0; 文化共融:0
newtaipei,1A03A6ED-9CA2-4D8E-A2BE-84C70C659349,,新北市門診戒菸合約醫療院所,食安健康,False,True,False,table,醫療資源與食安風險分布,False,1,醫療,就醫,,,,新北市政府衛生局/健康管理科/健康促進股,每年,JSON、CSV、XML、KML,中文,,https://data.ntpc.gov.tw/datasets/1a03a6ed-9ca2-4d8e-a2be-84c70c659349,新北市門診戒菸合約醫療院所名冊,,智慧通勤:0; 韌性防災:0; 永續環境:0; 食安健康:1; 勞動福祉:0; 文化共融:0
newtaipei,F379E6DC-5A60-49A7-A47B-D3887566E157,,新北市非健保特約藥局名單,食安健康,False,True,False,point,醫療資源與食安風險分布,False,1,醫療,就醫,,,,新北市政府衛生局/食品藥物管理科/藥物股,每年,JSON、CSV、XML、KML,中文,,https://data.ntpc.gov.tw/datasets/f379e6dc-5a60-49a7-a47b-d3887566e157,提供新北市非健保特約藥局名單,,智慧通勤:0; 韌性防災:0; 永續環境:0; 食安健康:2; 勞動福祉:0; 文化共融:0
newtaipei,C51D5111-C300-44C9-B4F1-4B28B9929CA2,,新北市食品工廠清冊,食安健康,False,True,False,table,醫療資源與食安風險分布,False,1,醫療,生活安全及品質,,,,新北市政府衛生局/衛生企劃科/綜合規劃股,不更新,JSON、CSV、XML、KML,中文,,https://data.ntpc.gov.tw/datasets/c51d5111-c300-44c9-b4f1-4b28b9929ca2,新北市食品工廠清冊。,,智慧通勤:0; 韌性防災:0; 永續環境:0; 食安健康:2; 勞動福祉:0; 文化共融:0
newtaipei,078CB722-15AC-4E1E-B541-E75BFE0AA440,,新北市食品抽驗資料,食安健康,False,True,False,table,醫療資源與食安風險分布,False,1,醫療,生活安全及品質,,,,新北市政府衛生局/食品藥物管理科/食品股,每月,JSON、CSV、XML,中文,,https://data.ntpc.gov.tw/datasets/078cb722-15ac-4e1e-b541-e75bfe0aa440,提供食品抽驗資料,,智慧通勤:0; 韌性防災:0; 永續環境:0; 食安健康:3; 勞動福祉:0; 文化共融:0
newtaipei,CBA19017-7D08-48DA-A35C-54F0D9E04D34,,標準化死亡率—主要癌症,食安健康,False,True,False,table,醫療資源與食安風險分布,False,1,統計,公共資訊,,,,新北市政府主計處/公務統計科,每年,JSON、CSV、XML,中文,,https://data.ntpc.gov.tw/datasets/cba19017-7d08-48da-a35c-54f0d9e04d34,"1.新北市標準化死亡率—主要癌症(含性別)
2.單位：人/十萬人
3.各項欄位說明詳參新北市性別圖像電子檔(網址：http://www.bas.ntpc.gov.tw/home.jsp?id=MTI5)或電洽主計處查詢。",,智慧通勤:0; 韌性防災:0; 永續環境:0; 食安健康:1; 勞動福祉:0; 文化共融:0
newtaipei,EF498385-02AD-4AB3-AFE7-C1C982556776,,死亡率—主要癌症,食安健康,False,True,False,table,醫療資源與食安風險分布,False,1,統計,公共資訊,,,,新北市政府主計處/公務統計科,每年,JSON、CSV、XML,中文,,https://data.ntpc.gov.tw/datasets/ef498385-02ad-4ab3-afe7-c1c982556776,"1.新北市死亡率—主要癌症(含性別)
2.單位：人/十萬人
3.各項欄位說明詳參新北市性別圖像電子檔(網址：http://www.bas.ntpc.gov.tw/home.jsp?id=MTI5)或電洽主計處查詢。",,智慧通勤:0; 韌性防災:0; 永續環境:0; 食安健康:1; 勞動福祉:0; 文化共融:0
newtaipei,FC7629C2-8166-4396-9B96-9F05E929063E,,狂犬病預防注射簽約動物醫院,食安健康,False,True,False,point,醫療資源與食安風險分布,False,1,農業,公共資訊,,,,新北市政府農業局/新北市政府動物保護防疫處/秘書室,每年,JSON、CSV、XML、KML,中文,,https://data.ntpc.gov.tw/datasets/fc7629c2-8166-4396-9b96-9f05e929063e,106年度與本市合作之狂犬病預防注射簽約動物醫院,,智慧通勤:0; 韌性防災:0; 永續環境:0; 食安健康:1; 勞動福祉:0; 文化共融:0
newtaipei,7AACE50E-155C-4244-B86F-C4BD6DC92AEB,,糖尿病個案轉診免掛號費合約眼科院所名單,食安健康,False,True,False,table,醫療資源與食安風險分布,False,1,醫療,就醫,,,,新北市政府衛生局/健康管理科/健康維護股,每年,JSON、CSV、XML、KML,中文,,https://data.ntpc.gov.tw/datasets/7aace50e-155c-4244-b86f-c4bd6dc92aeb,糖尿病個案憑轉診單可享當次免掛號費,,智慧通勤:0; 韌性防災:0; 永續環境:0; 食安健康:1; 勞動福祉:0; 文化共融:0
newtaipei,1E604AD9-03F6-495A-B18E-2F4D6299E8E1,,絕育補助簽約動物醫院,食安健康,False,True,False,point,醫療資源與食安風險分布,False,1,農業,公共資訊,,,,新北市政府農業局/新北市政府動物保護防疫處/秘書室,不更新,JSON、CSV、XML、KML,中文,,https://data.ntpc.gov.tw/datasets/1e604ad9-03f6-495a-b18e-2f4d6299e8e1,與新北市政府動物保護防疫處合作之絕育補助簽約動物醫院,,智慧通勤:0; 韌性防災:0; 永續環境:0; 食安健康:1; 勞動福祉:1; 文化共融:0
newtaipei,58031CC5-31B8-4F34-9953-5C066D66DE35,,防毒保衛站,食安健康,False,True,False,point,醫療資源與食安風險分布,False,1,醫療,公共資訊,,,,新北市政府衛生局/心理衛生科/成癮防治股,每年,JSON、CSV、XML、KML,中文,,https://data.ntpc.gov.tw/datasets/58031cc5-31b8-4f34-9953-5c066d66de35,新北市防毒保衛站-毒品戒癮諮詢藥局,,智慧通勤:0; 韌性防災:0; 永續環境:0; 食安健康:2; 勞動福祉:0; 文化共融:0
taipei,2cabaedf-b98e-4a12-abbd-4f7b6bf7c793,00003308,114年臺北市農曆春節傳染病特別門診,食安健康,False,True,False,point,醫療資源與食安風險分布,False,1,醫療,就醫,原始資料,衛生局,,衛生局,不定期更新,CSV,中文,2020-12-14T00:00:00,/api/dataset/2cabaedf-b98e-4a12-abbd-4f7b6bf7c793/resource/238fba8e-56be-45ee-86c6-394882d689f0/download,114年臺北市農曆春節傳染病特別門診。,資料集名稱、目的、醫院共計開設數、診次、相關資訊,智慧通勤:0; 韌性防災:0; 永續環境:0; 食安健康:2; 勞動福祉:0; 文化共融:0
taipei,495cf779-290b-4680-b008-f29be2a1745c,00003106,臺北市113年度公費流感疫苗接種量,食安健康,False,True,False,table,醫療資源與食安風險分布,False,1,醫療,就醫,原始資料,衛生局,,衛生局,不定期更新,CSV,中文,2020-11-25T00:00:00,/api/dataset/495cf779-290b-4680-b008-f29be2a1745c/resource/697f744e-0c84-4871-8a55-fa98903bc992/download,"113年度之公費流感疫苗(含114年2月20日增購及獲贈疫苗)已全數用罄。
114年度流感疫苗預計於10月1日起開打。",序號、年度、接種量、縣市別、縣市別代碼,智慧通勤:0; 韌性防災:0; 永續環境:0; 食安健康:2; 勞動福祉:0; 文化共融:0
taipei,efff633d-e8fa-4f23-9d56-331f08ced41d,00003136,臺北市GHP稽查,食安健康,False,True,False,table,醫療資源與食安風險分布,False,1,統計,生活安全及品質,原始資料,衛生局,,衛生局,不定期更新,CSV,中文,2020-11-25T00:00:00,/api/dataset/efff633d-e8fa-4f23-9d56-331f08ced41d/resource/15b31238-042e-4689-9446-a31a10033ec2/download,臺北市GHP稽查。,項次、資料集名稱、內容、更新日期、相關資料,智慧通勤:0; 韌性防災:0; 永續環境:0; 食安健康:1; 勞動福祉:0; 文化共融:0
taipei,43cc084e-4bd8-40ce-a9b0-cf6413316876,00002623,臺北市人工生殖機構通過許可名單,食安健康,False,True,False,table,醫療資源與食安風險分布,False,1,醫療,生育保健,原始資料,衛生局,,衛生局,不定期更新,CSV,中文,2020-10-30T00:00:00,/api/dataset/43cc084e-4bd8-40ce-a9b0-cf6413316876/resource/b36cd5a7-e290-423c-a3bc-f2e8c88c042b/download,臺北市人工生殖機構通過許可名單。,縣市別、補助方案之特約人工生殖機構名稱、全民健康保險特約醫療院所、備註,智慧通勤:0; 韌性防災:0; 永續環境:0; 食安健康:2; 勞動福祉:1; 文化共融:0
taipei,ce3a2fad-5538-4c09-b3a2-98b6cc8c1a02,00002632,臺北市哺乳專線,食安健康,False,True,False,table,醫療資源與食安風險分布,False,1,醫療,生育保健,原始資料,衛生局,,衛生局,不定期更新,CSV,中文,2020-10-30T00:00:00,/api/dataset/ce3a2fad-5538-4c09-b3a2-98b6cc8c1a02/resource/d4324956-234c-4a27-92fb-f608249c9979/download,臺北市哺乳專線。,項次、服務單位、服務時間、市話、分機,智慧通勤:0; 韌性防災:0; 永續環境:0; 食安健康:1; 勞動福祉:0; 文化共融:0
taipei,b305f521-a565-497d-aecc-f498a7f8bbbc,00003110,臺北市國小新生學童預防接種檢查與補種工作手冊,食安健康,False,True,False,table,醫療資源與食安風險分布,False,1,醫療,公共資訊,原始資料,衛生局,,衛生局,每1年,CSV,中文,2020-11-25T00:00:00,/api/dataset/b305f521-a565-497d-aecc-f498a7f8bbbc/resource/2f79cdc9-5926-41d5-b068-23c1da24da85/download,有關臺北市國小新生學童預防接種檢查與補種工作手冊資料。,編號、資料集名稱、機關、相關資訊、更新日期,智慧通勤:0; 韌性防災:0; 永續環境:0; 食安健康:1; 勞動福祉:0; 文化共融:0
taipei,f9c589f2-36ae-445a-bb3c-e40011199244,00001537,臺北市失智照護服務計畫服務單位,食安健康,False,True,False,table,醫療資源與食安風險分布,False,1,醫療,就醫,網路服務,衛生局,,衛生局,不定期更新,CSV,中文,2020-05-04T00:00:00,/api/dataset/f9c589f2-36ae-445a-bb3c-e40011199244/resource/11b73c81-05ee-425e-987e-edf7609058e2/download,失智照護服務計畫服務單位。,序號、資料集名稱、相關資料、檔案格式、更新日期,智慧通勤:0; 韌性防災:0; 永續環境:0; 食安健康:2; 勞動福祉:0; 文化共融:0
taipei,e1e24ba4-3293-4d38-a915-ac65d1365fb2,00002764,臺北市如何申請長照服務,食安健康,False,True,False,table,醫療資源與食安風險分布,False,1,社福,老年安養,原始資料,衛生局,,衛生局,不定期更新,CSV,中文,2020-11-05T00:00:00,/api/dataset/e1e24ba4-3293-4d38-a915-ac65d1365fb2/resource/e21f84e5-3c01-4526-a3fc-5669bb59961e/download,如何申請長照服務。,序號、資料集名稱、長照服務電話、長照2.0相關資料、更新時間,智慧通勤:0; 韌性防災:0; 永續環境:0; 食安健康:1; 勞動福祉:1; 文化共融:0
taipei,e1812788-b539-469a-bd15-a86bb7e0cf81,00003112,臺北市學齡前幼兒新生學童預防接種檢查與補種工作手冊,食安健康,False,True,False,table,醫療資源與食安風險分布,False,1,醫療,公共資訊,原始資料,衛生局,,衛生局,每1年,CSV,中文,2020-11-25T00:00:00,/api/dataset/e1812788-b539-469a-bd15-a86bb7e0cf81/resource/3e35f830-5b1f-4295-a7fb-b89dddf8f1dc/download,有關臺北市學齡前幼兒新生學童預防接種檢查與補種工作手冊資料。,編號、資料集名稱、相關資訊、檔案格式、更新日期,智慧通勤:0; 韌性防災:0; 永續環境:0; 食安健康:1; 勞動福祉:0; 文化共融:0
taipei,fd5d4de8-b7f3-4a8c-9a61-937a787e0a60,00002755,臺北市安寧療護機構資源查詢,食安健康,False,True,False,table,醫療資源與食安風險分布,False,1,醫療,公共資訊,原始資料,衛生局,,衛生局,不定期更新,CSV,中文,2020-11-05T00:00:00,/api/dataset/fd5d4de8-b7f3-4a8c-9a61-937a787e0a60/resource/75ec7d0a-3051-4e2e-b078-3f33231f4a04/download,安寧療護資源查詢服務。,業務組別、特約類別、縣市別、醫事機構名稱、各類病床使用情形網址,智慧通勤:0; 韌性防災:0; 永續環境:0; 食安健康:1; 勞動福祉:0; 文化共融:0
taipei,fb1229aa-0f32-4bde-98ce-5657bdf5d862,00029623,臺北市政府勞動局違反中高齡者及高齡者就業促進法事業單位及事業主公布總表,食安健康,False,True,False,table,醫療資源與食安風險分布,False,1,勞動,求職及就業,原始資料,勞動局,,勞動局,每1月,CSV,中文,2022-08-04T00:00:00,/api/dataset/fb1229aa-0f32-4bde-98ce-5657bdf5d862/resource/0ce2ef2f-e935-40e1-99f9-ac5163629e03/download,依據中高齡者及高齡者就業促進法第41條、第42條規定，公布違反者其姓名或名稱、負責人姓名。,公告日期、處分日期、處分字號、事業單位名稱/自然人姓名、事業單位代表人、違反中高齡者及高齡者就業促進法條款、違反法規內容、備註,智慧通勤:0; 韌性防災:0; 永續環境:0; 食安健康:1; 勞動福祉:1; 文化共融:0
taipei,3e2ad23f-21fa-4084-a4de-4fd7f5293550,00000601,臺北市政府勞動局違反職業安全衛生法事業單位及事業主公布總表,食安健康,False,True,False,table,醫療資源與食安風險分布,False,1,勞動,求職及就業,原始資料,勞動局,,勞動局,每1月,CSV,中文,2014-10-07T00:00:00,/api/dataset/3e2ad23f-21fa-4084-a4de-4fd7f5293550/resource/90d05db5-d46f-4900-a450-b284b0f20fb9/download,臺北市政府勞動局違反職業安全衛生法事業單位及事業主公布,公告日期、處分日期、處分字號、事業單位或事業組織名稱、負責人姓名、違反職業安全衛生法條款、違反法規內容、備註,智慧通勤:0; 韌性防災:0; 永續環境:0; 食安健康:1; 勞動福祉:1; 文化共融:0
taipei,c94a18c3-fdd0-4fd7-94ac-b710b65e9c50,00002695,臺北市政府衛生局化粧品年度抽驗結果,食安健康,False,True,False,table,醫療資源與食安風險分布,False,1,統計,公共資訊,原始資料,衛生局,,衛生局,不定期更新,CSV,中文,2020-11-03T00:00:00,/api/dataset/c94a18c3-fdd0-4fd7-94ac-b710b65e9c50/resource/6826d80a-3b3f-49d4-8922-8e1bf28efaae/download,臺北市政府衛生局化粧品年度專案抽驗結果,序號、抽驗日期、來源廠商名稱、產品名稱、檢驗結果、標示及登錄查核結果,智慧通勤:0; 韌性防災:0; 永續環境:0; 食安健康:3; 勞動福祉:0; 文化共融:0
taipei,864ec615-4b9c-4840-8375-e82c508e013a,00001552,臺北市政府衛生局水質抽驗結果,食安健康,False,True,False,table,醫療資源與食安風險分布,False,1,資訊,休閒旅遊,網路服務,衛生局,,衛生局,不定期更新,CSV,中文,2020-06-30T00:00:00,/api/dataset/864ec615-4b9c-4840-8375-e82c508e013a/resource/61fc0cfa-b537-4031-b16f-288a2d1bcaac/download,臺北市政府衛生局水質抽驗結果。,序號、資料項目名稱、相關資料、更新日期、檔案格式,智慧通勤:0; 韌性防災:0; 永續環境:1; 食安健康:2; 勞動福祉:0; 文化共融:1
taipei,fa6685f5-b887-4d37-82fb-f0c45f5449ee,00003044,臺北市營業衛生管理稽查概況,食安健康,False,True,False,table,醫療資源與食安風險分布,False,1,醫療,生活安全及品質,原始資料,衛生局,,衛生局,不定期更新,CSV,中文,2020-11-25T00:00:00,/api/dataset/fa6685f5-b887-4d37-82fb-f0c45f5449ee/resource/eb2bbb87-d0e9-4ab1-befe-b101b2629536/download,臺北市營業衛生管理稽查概況。,行業別、月底現有列管家數、稽查家數、合格家數、稽查家次、合格次數、輔導改善次數,智慧通勤:0; 韌性防災:0; 永續環境:0; 食安健康:3; 勞動福祉:0; 文化共融:0
taipei,efb405e4-5c40-4f9b-a11e-33d66c2872e5,00003113,臺北市現行兒童預防接種時程表,食安健康,False,True,False,table,醫療資源與食安風險分布,False,1,醫療,公共資訊,原始資料,衛生局,,衛生局,不定期更新,CSV,中文,2020-11-25T00:00:00,/api/dataset/efb405e4-5c40-4f9b-a11e-33d66c2872e5/resource/3c635274-3c6f-45e5-b6dc-4e00f15b44ab/download,有關現行兒童預防接種時程表資料。,編號縣市別代碼、資料集名稱、相關資訊、檔案格式、更新時間,智慧通勤:0; 韌性防災:0; 永續環境:0; 食安健康:1; 勞動福祉:0; 文化共融:0
taipei,d04703d9-b384-490c-b0ff-b809bdc29ce6,00002769,臺北市第3胎(含)以上鼓勵生育措施,食安健康,False,True,False,table,醫療資源與食安風險分布,False,1,醫療,生育保健,原始資料,衛生局,,衛生局,不定期更新,CSV,中文,2020-11-05T00:00:00,/api/dataset/d04703d9-b384-490c-b0ff-b809bdc29ce6/resource/46395ec0-edff-4790-8e2e-057f9687b72a/download,臺北市第3胎(含)以上鼓勵生育措施。,資料集名稱、電話、分機、備註、相關資料,智慧通勤:0; 韌性防災:0; 永續環境:0; 食安健康:1; 勞動福祉:0; 文化共融:0
taipei,c4557036-8e61-448d-ad68-7f350b6dd30f,00000724,臺北市結核病接觸者胸部X光檢查暨丙型干擾素血液測驗(IGRA)合作醫療院所名單,食安健康,False,True,False,table,醫療資源與食安風險分布,False,1,醫療,就醫,原始資料,衛生局,,衛生局,不定期更新,CSV,中文,2016-05-20T00:00:00,/api/dataset/c4557036-8e61-448d-ad68-7f350b6dd30f/resource/65e1682c-1c04-43d8-873e-96208cdecbe3/download,臺北市結核病潛伏結合感染檢查合作醫療院所名單,編號、縣市、醫療機構名稱、醫師姓名、專科別、門診時間  ,智慧通勤:0; 韌性防災:0; 永續環境:0; 食安健康:1; 勞動福祉:0; 文化共融:0
taipei,53d64bb3-8bbd-4dd6-afe4-4190d7ced6cf,00000738,臺北市藥商、醫療器材商許可清冊,食安健康,False,True,False,table,醫療資源與食安風險分布,False,1,醫療,公共資訊,原始資料,衛生局,,衛生局,不定期更新,CSV,中文,2020-06-23T00:00:00,/api/dataset/53d64bb3-8bbd-4dd6-afe4-4190d7ced6cf/resource/093e7a1a-f43a-4a6c-a2ea-423d94afb4ce/download,臺北市藥商、醫療器材商許可清冊。,項次、資料集名稱、內容、網址、更新日期,智慧通勤:0; 韌性防災:0; 永續環境:0; 食安健康:1; 勞動福祉:0; 文化共融:0
taipei,92d6b7b1-6df1-4644-b17b-f4d371d13d31,00002771,臺北市身心障礙者醫療輔具及醫療費用補助申請方式,食安健康,False,True,False,table,醫療資源與食安風險分布,False,1,醫療,就醫,原始資料,衛生局,,衛生局,不定期更新,CSV,中文,2020-11-05T00:00:00,/api/dataset/92d6b7b1-6df1-4644-b17b-f4d371d13d31/resource/6cf0b3a3-1d2d-4ff5-9a38-997dfa0cc1e2/download,臺北市身心障礙者醫療輔具及醫療費用補助申請方式。,序號、資料集名稱、相關資料、檔案格式、更新日期,智慧通勤:0; 韌性防災:0; 永續環境:0; 食安健康:1; 勞動福祉:1; 文化共融:0
taipei,7477a0f5-7a5a-452b-a53d-9ffa81e48fca,00002772,臺北市身心障礙鑑定指定醫院及鑑定類別一覽表,食安健康,False,True,False,point,醫療資源與食安風險分布,False,1,醫療,就醫,原始資料,衛生局,,衛生局,不定期更新,CSV,中文,2020-11-05T00:00:00,/api/dataset/7477a0f5-7a5a-452b-a53d-9ffa81e48fca/resource/95047266-cb5c-4237-b64d-ccb2a41e113f/download,臺北市身心障礙鑑定指定醫院及鑑定類別一覽表。,序號、資料集名稱、相關資料、檔案格式、更新日期,智慧通勤:0; 韌性防災:0; 永續環境:0; 食安健康:2; 勞動福祉:0; 文化共融:0
taipei,d2243cf2-4cf0-49e3-aebd-abdad294d7e8,00003135,臺北市醫療保健福利業務,食安健康,False,True,False,table,醫療資源與食安風險分布,False,1,醫療,公共資訊,原始資料,衛生局,,衛生局,不定期更新,CSV,中文,2020-11-26T00:00:00,/api/dataset/d2243cf2-4cf0-49e3-aebd-abdad294d7e8/resource/ff580497-c83a-4ec5-8720-2e8828862256/download,醫療保健福利業務。,項次、名稱、原預算數、預算增減數、合計數,智慧通勤:0; 韌性防災:0; 永續環境:0; 食安健康:1; 勞動福祉:1; 文化共融:0
taipei,56f2ab0b-290b-444a-a06d-f34dbb436c67,00001544,臺北市醫療收費標準,食安健康,False,True,False,table,醫療資源與食安風險分布,False,1,醫療,公共資訊,網路服務,衛生局,,衛生局,不定期更新,CSV,中文,2018-07-27T00:00:00,/api/dataset/56f2ab0b-290b-444a-a06d-f34dbb436c67/resource/23967a98-8c8e-41ba-9c7e-6f7c4ea7cc13/download,醫療收費標準。,資料項目、相關資料、更新時間、上傳日期、檔案資料,智慧通勤:0; 韌性防災:0; 永續環境:0; 食安健康:1; 勞動福祉:0; 文化共融:0
taipei,4b8c2b1e-cbf1-4aef-bbe7-1047384972e3,00003101,臺北市醫療機構科別,食安健康,False,True,False,table,醫療資源與食安風險分布,False,1,醫療,就醫,原始資料,衛生局,,衛生局,每1年,CSV,中文,2020-11-25T00:00:00,/api/dataset/4b8c2b1e-cbf1-4aef-bbe7-1047384972e3/resource/cee1a26d-4f5b-4e61-9ce0-947f527be49c/download,有關臺北市醫療機構科別資料。,序號、科別名稱、縣市別代碼、檔案格式、更新日期,智慧通勤:0; 韌性防災:0; 永續環境:0; 食安健康:1; 勞動福祉:0; 文化共融:0
taipei,959c34b2-9698-4d99-8987-d389efe18c04,00002765,臺北市長照喘息服務特約單位,食安健康,False,True,False,table,醫療資源與食安風險分布,False,1,醫療,老年安養,原始資料,衛生局,,衛生局,不定期更新,CSV,中文,2020-11-05T00:00:00,/api/dataset/959c34b2-9698-4d99-8987-d389efe18c04/resource/5a6c44e4-39df-460b-8a10-e2367a7879ea/download,長照喘息服務特約單位。,序號、資料集名稱、相關資料、檔案格式、更新日期,智慧通勤:0; 韌性防災:0; 永續環境:0; 食安健康:2; 勞動福祉:0; 文化共融:0
taipei,d3ba4f78-fb09-47ec-867c-53110570d12f,00002766,臺北市長照專業服務特約單位,食安健康,False,True,False,table,醫療資源與食安風險分布,False,1,醫療,老年安養,原始資料,衛生局,,衛生局,不定期更新,CSV,中文,2020-11-05T00:00:00,/api/dataset/d3ba4f78-fb09-47ec-867c-53110570d12f/resource/057bb0a5-513c-4456-91fc-3c9bca72ec90/download,長照專業服務特約單位。,資料集名稱、專業服務單位數、相關資料、檔案格式、更新日期,智慧通勤:0; 韌性防災:0; 永續環境:0; 食安健康:2; 勞動福祉:0; 文化共融:0
taipei,81bfd504-11f8-472f-ab49-4f873e16b1a4,00001733,臺北市食藥粧網路地圖(IMAP),食安健康,False,True,False,table,醫療資源與食安風險分布,False,1,醫療,公共資訊,原始資料,衛生局,,衛生局,不定期更新,CSV,中文,2022-03-10T00:00:00,/api/dataset/81bfd504-11f8-472f-ab49-4f873e16b1a4/resource/91945abf-1465-4fdb-891a-a4f96a977223/download,食藥粧網路地圖稽查結果。,編號、資料集名稱、相關資料、檔案格式、更新日期,智慧通勤:0; 韌性防災:0; 永續環境:0; 食安健康:2; 勞動福祉:0; 文化共融:0
taipei,852f6c10-dbe7-445f-9419-816dab3d615d,00002719,臺北市藥物檢查暨查獲違法情形,食安健康,False,True,False,table,醫療資源與食安風險分布,False,1,醫療,公共資訊,原始資料,衛生局,,衛生局,不定期更新,"CSV,CSV",中文,2022-03-10T00:00:00,"/api/dataset/852f6c10-dbe7-445f-9419-816dab3d615d/resource/c1c115b1-3cc1-4781-924a-21f83f7c9aad/download,/api/dataset/852f6c10-dbe7-445f-9419-816dab3d615d/resource/888ecd91-61e3-4a66-b9e0-36f787fe6b8b/download",臺北市藥物檢查暨查獲違法情形。,年度、月、藥物檢查家次數、不法藥品查獲數、不良醫療器材及不法醫療器材查獲數、藥品標示稽查數、醫療器材標示稽查數、非正規場所不法藥物、非正規場所酒精藥品,智慧通勤:0; 韌性防災:0; 永續環境:0; 食安健康:2; 勞動福祉:0; 文化共融:0
